Gene,Allele,Annotation,Position,AF:0,AF:500,AF:1000,AF:1500,AF:2000,AF:2500,AF:3000,AF:3500,AF:4000,AF:4500,AF:5000,AF:5500,AF:6000,AF:6500,AF:7000,AF:7500,AF:8000,AF:8500,AF:9000,AF:9500,AF:10000,AF:10500,AF:11000,AF:11500,AF:12000,AF:12500,AF:13000,AF:13500,AF:14000,AF:14500,AF:15000,AF:15500,AF:16000,AF:16500,AF:17000,AF:17500,AF:18000,AF:18500,AF:19000,AF:19500,AF:20000,AF:20500,AF:21000,AF:21500,AF:22000,AF:22500,AF:23000,AF:23500,AF:24000,AF:24500,AF:25000,AF:25500,AF:26000,AF:26500,AF:27000,AF:27500,AF:28000,AF:28500,AF:29000,AF:29500,AF:30000,AF:30500,AF:31000,AF:31500,AF:32000,AF:32500,AF:33000,AF:33500,AF:34000,AF:34500,AF:35000,AF:35500,AF:36000,AF:36500,AF:37000,AF:37500,AF:38000,AF:38500,AF:39000,AF:39500,AF:40000,AF:40500,AF:41000,AF:41500,AF:42000,AF:42500,AF:43000,AF:43500,AF:44000,AF:44500,AF:45000,AF:45500,AF:46000,AF:46500,AF:47000,AF:47500,AF:48000,AF:48500,AF:49000,AF:49500,AF:50000,AF:50500,AF:51000,AF:51500,AF:52000,AF:52500,AF:53000,AF:53500,AF:54000,AF:54500,AF:55000,AF:55500,AF:56000,AF:56500,AF:57000,AF:57500,AF:58000,AF:58500,AF:59000,AF:59500,AF:60000
thrA,C->T,missense,1249,0,0,0,0.0156,0,0,0.0087,0,0,0,0,0,0,0,0,0,0,0,0,0,0.0119,0,0,0,0,0,0,0,0,0.1176,0.8095,1,0.8571,0.8846,0.8953,0.95,0.8551,0.9787,0.9231,0.8571,0.9,0.7778,0.85,0.9773,1,1,0.9667,0.9365,0.9726,0.8929,0.8876,0.9283,0.9708,1,0.9429,0.9792,0.9146,0.8427,0.8852,0.8571,0.9873,1,0.9091,0.9163,0.8519,0.8545,1,0.9535,0.8864,0.8302,0.7538,0.8584,0.8961,0.7692,0.9091,0.6159,0.7778,0.7544,0.64,0.4167,0.4425,0.8214,0.625,0.8652,0.5741,0.7889,0.9459,0.8243,0.5263,0.6968,0.7381,0.914,0.9126,0.9067,0.9375,0.9661,1,0.9367,0.8929,0.942,0.9804,0.9936,1,1,0.9495,0.9837,0.9115,0.9423,1,0.9792,0.9865,0.9823,1,0.9935,0.9452,0.9556,0.8493,0.9193,1,0.9551,0.9343
mokC,MOB_16972_16974_IS150_-1,sv,16972,0,0.0178,0,0,0,0.0309,0,0,0,0.0174,0,0,0.0071,0.0172,0,0.0053,0,0,0.0362,0,0,0.0237,0.0149,0,0.0245,0,0.0545,0.0136,0,0,0.0066,0.0357,0.0145,0.0355,0.0434,0.053900000000000003,0.1313,0.0757,0.0256,0.0056,0,0,0,0,0.0391,0.0054,0.0179,0.0056,0.0684,0.0747,0.1339,0.0954,0.0828,0.0391,0.0875,0.0662,0.1459,0.1863,0.1113,0.1568,0.115,0.3061,0.2335,0.2278,0.0741,0.2256,0,0.1342,0.1093,0.1409,0.2553,0.1645,0.1953,0.2653,0.1863,0.3933,0.2742,0.3291,0.3008,0.7075,0.5455,0.3151,1,0.3282,0.404,0.252,0.0513,0.2344,0.5303,0.2945,0.2509,0.0778,0.1056,0.1328,,0.25,,0.0833,0.1466,0.102,0.05,0.0044,0.5,,0.1232,0.0397,0.0876,0.0691,0.0567,0.5,,0.018,0.0323,0.0405,0.0851,0.0781,0.2679,0.0499,,0.0421,0.0603
mokC,MOB_16972_16974_IS150_1,sv,16972,0.0057,0.0328,0,0.0158,0.0121,0.0558,0.025,0.0164,0.0416,0.0407,0.0159,0.0513,0.0756,0.143,0,0.1866,0.1488,0.0667,0.1297,0.0686,0.1427,0.1308,0.1672,0.2283,0.1672,0.1224,0.2688,0.2036,0.1493,0.1354,0.0639,0.0736,0.1254,0.0768,0.1945,0.1417,0.2176,0.2229,0.4779,0.5773,0.6201,0.9053,0.9695,0.4331,0.5208,0.364,0.2317,0.0809,0.1479,0.1587,0.066,0.0877,0.0882,0.1517,0.0384,0.0415,0.0596,0.071,0.0798,0.021,0.15,0.1737,0.0932,0.1263,0.0897,0.2569,0.8494,0.5995,0.5687,0.3733,0.4264,0.622,0.7331,0.7347,0.8137,0.7003,0.7692,0.6709,0.6992,0.2925,0.6,0.6849,1,0.6718,0.7108,0.8004,0.961,0.7656,0.62,0.8093,0.7491,0.9222,0.9695,0.8672,1,0.75,1,0.9565,0.9612,0.9607,0.95,0.987,0.987,1,0.8768,0.9918,0.9398,0.9309,0.9568,0.9935,1,0.982,0.9836,0.95,0.9149,0.9267,0.8367,0.9327,1,0.9838,0.9639
mokC,MOB_17045_17047_IS150_1,sv,17045,0,0,0,0,0,0,0,0,0.0208,0,0,0,0,0,0,0,0,0,0,0,0,0,0,0,0.0349,0,0,0.0061,0,0,0,0,0.0408,0,0,0,0,0,0,0,0,0,0,0,0,0,0.0379,0.0423,0,0.02,0,0.0101,0,0,0.4167,0.0698,0.6842,0.7101,0.7538,0.7333,0.7206,0.5714,0.6,0.6404,1,0.6442,0.5,0.7273,0.6667,0.9036,0.5098,0.8796,0.9167,0.8667,0.8095,0.8,0.9375,0.6364,0.8667,0.3793,0.5,0.8588,1,0.8429,0.7143,0.875,1,0.9565,0.8333,0.8491,0.7299,0.96,0.92,0.8875,1,0.9608,0.8462,1,0.9149,0.9194,0.9608,0.9649,0.9412,1,0.8,0.96,0.9238,0.9091,0.9718,1,1,1,1,0.9545,0.9649,0.9,1,1,1,0.9643,0.92
imp,T->G,missense,61189,0,0,0,0,0,0,0,0,0,0,0,0,0,0,0,0,0,0,0,0,0,0,0,0,0,0,0,0,0,0,0,0,0,0,0,0,0,0,0,0,0,0,0,0,0,0,0,0,0,0,0,0,0,0,0,0,0,0,0.0095,0.0253,0.0566,0.1034,0.2593,0.046,0.2424,0.3226,0.2,0.0145,0.161,0.4744,0,0,0,0,0,0,0,0,0,0,0,0,0,0,0,0,0,0,0,0,0,0,0,0,0,0,0,0,0,0,0,0,0,0,0,0,0,0,0,0,0,0,0,0,0,0,0,0,0,0,0
yabN,MOB_78888_78890_IS150_-1,sv,78888,0,0,0,0,0,0,0,0,0,0,0,0,0,0,0,0,0,0,0,0.0169,0.0112,0.0062,0,0,0,0.0152,0,0,0,0,0,0,0.0143,0.0315,0.0809,0.0072,0,0.0111,0,0,0,0,0.0027,0,0.0078,0,0.0084,0,0.0143,0,0,0.0044,0,0,0,0,0,0,0,0.0091,0,0,0,0,0,0,0,0.0096,0.0051,0.0068,0.125,0.1171,0.1579,0.1182,0.0946,0.3,0.2195,0.2059,0.2787,0.5312,0.5102,0.2,0.1111,0.2286,0.303,0.2819,0.0274,0.2627,0.4177,0.3019,0.156,0.0625,0.0636,0.1439,0.0556,0.0593,0.0215,0.05,0.146,0.0612,0.0429,0.0087,0.0342,0.0053,0.0476,0.0227,0.0672,0.0188,0.0115,0.0108,0.0161,0.043,0.0382,0.0299,0.0395,0.0457,0.1304,0.0593,0.0136,0.0716,0.0414
ftsI,G->A,missense,94940,0,0,0,0,0,0,0.0048,0,0,0,0,0,0,0,0,0,0,0,0,0,0,0,0,0,0,0,0,0,0,0,0,0,0,0,0,0,0,0,0,0,0,0,0,0,0,0,0,0,0,0,0,0,0,0,0,0,0,0,0,0,0,0,0,0,0,0,0,0.0175,0,0,0,0,0,0,0,0.0054,0,0,0,0,0,0,0,0,0,0,0,0,0,0.0784,0.0807,0.8308,0.883,0.9455,0.9167,0.8889,1,0.9487,0.9275,0.9504,0.973,0.9828,1,1,0.9651,0.9737,0.9322,0.958,0.9873,0.9759,1,0.9845,0.9836,0.9664,0.9385,0.9367,0.8451,0.9338,0.9762,0.9474,0.9933
ftsQ,G->A,missense,106537,0,0,0,0,0,0,0,0,0,0,0,0,0,0,0,0,0,0,0.0213,0,0,0,0,0,0,0,0,0,0,0,0,0,0,0,0,0,0,0,0,0,0,0,0,0,0,0,0,0,0,0,0,0,0,0,0,0,0,0,0,0,0,0,0,0,0,0,0,0,0,0,0,0,0,0,0,0,0,0,0,0,0,0,0,0,0,0,0,0,0,0,0,0,0,0,0,0,0,0,0,0,0,0,0,0,0.0103,0,0,0,0,0,0,0,0,0.0956,0.0217,0.3882,0.5082,0.8103,0.9192,0.8732,0.8264
pdhR,A->T,missense,124945,0,0,0,0,0,0,0,0,0,0,0,0,0,0,0,0,0,0,0,0,0,0,0,0,0,0,0,0,0,0,0,0,0,0,0,0,0,0,0,0,0,0,0,0,0,0,0,0,0,0.0698,0.1094,0.0529,0,0.0169,0,0,0,0,0,0,0,0,0,0,0,0,0,0,0,0,0,0,0,0,0,0,0,0,0,0,0,0,0,0,0,0,0,0,0,0,0,0,0,0,0,0,0,0,0,0,0,0,0,0,0,0,0,0,0,0,0,0,0,0,0,0,0,0,0,0,0
aceF,C->A,synonymous,129095,0,0,0,0,0,0,0,0,0,0,0,0,0,0,0,0,0,0,0,0,0,0,0.0217,0,0,0,0,0,0,0,0.0238,0,0.025,0,0.0714,0,0,0,0,0,0,0,0,0,0,0.04,0.0294,0.0154,0,0,0,0,0,0,0,0,0,0,0.0769,0.1154,0.0444,0,0,0,0,0,0,0,0,0,0,0.0488,0,0,0,0,0,0,0,0,0,0,0,0,0,0,0,0,0,0.0093,0,0,0,0,0,0,0,0,0,0,0.0476,0,0,0,0,0,0,0,0.0244,0,0,0,0,0,0,0,0.0154,0,0,0,0
acnB,C->T,synonymous,134616,0,0,0,0,0,0,0,0,0,0,0,0,0,0,0,0,0,0,0,0,0,0,0,0,0,0,0,0,0,0,0,0,0,0,0,0,0,0,0,0,0,0,0,0,0,0,0,0,0,0,0,0,0,0,0,0,0,0,0,0,0,0,0,0,0,0,0,0,0,0,0,0,0,0,0,0,0,0,0,0,0,0,0,0,0,0,0,0,0,0,0,0,0,0,0,0,0,0,0,0,0,0,0,0,0,0.0075,0.0081,0.0283,0.1463,0.1402,0.1414,0.0139,0.0233,0,0,0,0,0,0,0,0
yadF,G->T,missense,145447,0,0,0,0,0,0,0,0,0,0,0,0,0,0,0,0,0,0,0,0,0,0,0,0,0,0,0,0,0,0,0,0,0,0,0,0,0,0,0,0,0,0,0,0,0,0,0,0,0,0,0,0,0,0,0,0,0,0,0,0,0,0,0,0,0,0,0,0,0,0,0,0,0,0,0,0,0,0,0,0,0,0,0,0,0.029,0.0675,0.1475,0.0837,0,0.0048,0,0,0,0,0,0,0,0,0,0,0,0,0,0,0,0,0.0095,0,0,0,0.0098,0,0,0,0,0,0,0,0,0,0
yaeL,C->T,missense,200502,0,0,0,0,0,0,0,0,0,0.0068,0.0455,0.1698,0.2069,0,0.1176,0.0096,0,0,0,0,0,0,0,0,0,0,0,0.0057,0.0132,0,0,0,0,0,0,0,0,0,0,0,0,0,0,0,0.0127,0,0,0,0,0,0,0,0,0,0,0,0,0,0,0,0,0,0,0,0,0,0,0,0.0115,0,0,0,0,0,0,0.0112,0,0,0,0,0,0,0,0,0,0.0056,0,0,0,0,0,0,0,0,0,0,0,0,0,0,0,0,0,0,0,0.0075,0,0,0,0,0,0,0,0,0,0,0,0.0148,0,0,0
dnaE,C->T,synonymous,210997,0,0,0,0,0,0,0,0,0,0,0,0,0,0,0,0,0,0,0,0,0,0,0,0,0,0,0,0,0.012,0,0,0,0,0,0,0,0,0,0.0526,0,0,0,0,0,0,0,0,0,0,0,0,0,0,0,0,0,0,0,0,0,0.0638,0,0.1667,0.2261,0.24,0.2025,0,0,0.0381,0,0,0.2045,0.1458,0.0238,0,0.005,0,0,0,0,0,0,0,0,0,0,0,0,0,0,0,0,0,0,0,0,0,0,0,0,0,0,0,0,0,0,0,0,0,0,0,0,0,0,0,0,0,0,0,0,0
yafM,C->T,synonymous,252414,0,0,0,0,0,0,0,0,0,0,0,0,0,0,0,0,0,0,0,0,0,0,0,0,0,0,0,0,0,0,0,0,0,0,0,0,0,0,0,0,0,0,0,0,0,0,0,0,0,0,0,0,0,0,0,0,0,0,0,0,0,0,0,0,0,0,0,0,0,0,0,0.0194,0,0,0,0,0.0159,0,0,0,0,0,0,0,0,0,0,0.009,0,0.0813,0.1009,0.7963,0.9043,0.8864,0.9,0.9726,0.9048,0.9683,0.8939,0.9381,0.9853,1,1,1,0.972,0.9783,0.8786,0.9892,1,1,1,0.9769,1,0.9596,0.9589,0.916,0.8421,0.9338,0.9917,0.9583,0.9623
ykgA,MOB_289017_289029_IS4_1,sv,289017,0,0,0,0,0,0,0,0,0,0,0,0,0,0,0,0,0,0,0.0152,0,0.0064,0.0227,0.0528,0.0405,0.0186,0,0.0169,0.0366,0.0376,0,0.0311,0.0211,0.0477,0.0772,0.0198,0.0188,0.0068,0.0441,0,0.0424,0,0.0147,0.0098,0.0133,0.0063,0.0125,0.0442,0.0654,0.066,0.0802,0.0904,0.0645,0.0135,0.0203,0.0935,0.0712,0.0745,0.1274,0.0608,0.0942,0.0259,0.1444,0.1087,0.1142,0.081,0.1599,0.1685,0.0401,0.1237,0.118,0.3696,0.0799,0.1592,0.0751,0.1807,0.3822,0.2354,0.2475,0.2464,0.4747,0.4759,0.2297,0.2174,0.1094,0.3914,0.2055,0.0615,0.2046,0.424,0.2848,0.2016,0.0856,0.1178,0.0485,0,0.0567,0,0.0475,0.0512,0.0727,0.0347,0.0154,0.0149,0,0.0332,0.0173,0.0906,0.0268,0.0202,0.0076,0.0194,0.0096,0.0192,0.0161,0.0361,0.0429,0.1603,0.047,0.0074,0.0491,0.0478
yahA,MOB_305569_305577_IS1_1,sv,305569,0,0,0,0,0,0,0.0021,0,0,0,0,0,0,0,0,0.0024,0,0,0,0,0,0,0,0,0.0058,0,0,0,0,0,0,0,0,0,0,0,0,0,0,0,0,0,0,0,0,0,0,0,0,0,0,0,0,0,0,0,0,0,0,0,0,0,0,0,0,0,0,0,0,0,0,0,0,0,0,0,0,0.0135,0.0102,0.0603,0.1775,0.6142,0.5333,0.6101,0.6337,0.3818,0.4818,0.5635,0.5479,0.7393,0.8216,0.9008,0.9175,0.9448,1,0.8788,0.9286,0.9182,0.9208,0.9614,0.981,0.9509,0.9762,0.9727,0.7967,0.9057,0.8684,0.9102,0.9797,0.9435,0.9708,0.9716,0.9268,0.9211,0.9359,0.8605,0.7273,0.9562,0.9717,0.9353,0.902
yahC,C->T,synonymous,307594,0,0,0,0,0,0,0,0,0,0.0058,0,0,0,0,0.0455,0.009,0,0,0,0,0.0112,0,0,0,0.007,0,0,0,0,0,0.0139,0,0.0303,0.0469,0.2,0.1277,0.2449,0.5758,0.4583,0.4804,0.2927,0.1489,0.0708,0.5077,0.4915,0.5676,0.8421,0.949,0.9298,0.8636,0.9118,0.9263,0.9391,0.9756,0.9643,0.9381,0.8909,0.8793,0.9643,0.8923,0.9688,0.7143,0.8621,0.8929,0.871,0.8545,0.6667,0.9048,0.8804,0.9231,0.7797,0.9225,0.8406,0.8852,0.8851,0.6065,0.7614,0.6316,0.814,0.5758,0.596,0.7901,0.6429,0.7174,0.4921,0.7385,0.96,0.7629,0.5082,0.75,0.7925,0.8481,0.9508,0.9481,1,0.9726,0.9474,0.951,0.7927,0.9893,0.9865,1,0.9167,1,0.8276,1,0.5161,0.963,0.9545,0.9608,1,1,1,0.5714,0.8,0.0714,0,0,0,0,0
yahE,junction_309386_1_IS1_start,sv,309386,0.006,0,0,0,0,0,0,0,0,0,0,0,0,0,0,0,0,0,0,0,0,0,0,0,0,0,0,0,0,0,0,0,0,0,0,0,0,0,0,0,0,0,0,0,0,0,0,0,0,0,0,0,0,0,0,0,0,0,0,0,0,0,0,0,0,0,0,0,0,0,0,0,0,0,0,0,0,0,0,0,0,0,0,0,0,0,0,0,0,0,0,0,0,0,0,0,0,0,0,0,0,0.0194,0,0.5684,0.6666,0.8094,0.8276,0.3767,0.0742,0.2128,0.2367,0.8896,0.9348,0.9373,0.98,0.9421,0.8796,0.9717,0.9905,0.9543,0.9562
prpD,MOB_324624_324626_IS150_-1,sv,324624,0,0,0,0,0,0,0.0035,0,0,0,0.0714,0.1538,0.1125,0.0667,0.04,0.0091,0,0,0,0,0,0,0,0,0,0,0,0,0,0,0,0,0,0,0,0,0,0,0,0,0,0,0,0,0,0,0,0,0,0,0,0,0,0,0,0,0,0,0,0,0,0,0,0,0,0.0114,0,0,0,0,0,0,0,0,0,0,0,0,0,0,0,0,0,0.015,0,0,0,0,0,0,0,0,0,0,0,0,0,0,0,0,0,0,0,0,0,0,0.0057,0,0,0,0,0,0,0.0052,0,0,0,0,0,0,0
lacY,C->T,synonymous,335448,0,0,0,0,0,0,0,0,0,0,0,0,0,0,0,0,0,0,0,0,0,0,0,0,0,0,0,0,0,0,0,0,0,0,0,0,0,0,0,0,0,0,0,0,0,0,0,0,0,0,0,0,0,0.0323,0,0,0,0,0,0,0,0,0,0,0,0,0,0,0,0,0,0,0,0.1707,0.2955,0.3691,0.2414,0.1591,0.2609,0.5079,0.5455,0.2471,0,0.1705,0.3333,0.325,0.0571,0.221,0.5,0.274,0.1429,0.1159,0.0449,0.0238,0.1111,0.04,0,0.0645,0.04,0.0345,0.0196,0,0,0,0.0361,0.0089,0.0303,0.0471,0.013,0,0.0364,0.0137,0.0714,0,0.0781,0,0.0909,0.032,0.013,0.0203,0.0137
yaiT,T->A,missense,360117,0,0,0,0,0.0044,0,0.0172,0.0115,0,0.0138,0,0,0.0115,0.0312,0,0.0245,0,0,0.0244,0,0.01,0.0291,0.0306,0.1042,0.0156,0.027,0,0.0638,0.0208,0,0.0192,0.0116,0.0254,0.0619,0.0169,0.0097,0.022,0.0556,0.0312,0.06,0,0,0,0.0175,0.0125,0,0.019,0.0463,0.0513,0.1522,0.1374,0.05,0.0584,0.0357,0,0.0342,0.1197,0.1351,0.061,0.1023,0.0217,0.1818,0.0556,0.0647,0.2,0.1446,0.0909,0.0556,0.1746,0.1724,0.1882,0.1603,0.2,0.0702,0.2182,0.3853,0.2353,0.2375,0.1348,0.4393,0.4336,0.2358,0.125,0.1696,0.4286,0.2358,0.0615,0.2143,0.5882,0.2449,0.177,0.1771,0.0593,0.1048,0,0.0233,0,0.0775,0.0755,0.0443,0,0.0048,0,0,0.0165,0.0157,0.1026,0.0544,0.0168,0.0081,0.0261,0.0056,0.0375,0.0206,0.0345,0.0565,0.08,0.0669,0.0123,0.0524,0.029
yaiT,MOB_360452_360454_IS3_1,sv,360452,0,0,0,0,0,0,0,0,0,0,0,0,0,0,0,0,0,0,0,0,0,0,0,0,0,0,0,0,0,0,0,0,0,0,0,0,0,0,0,0,0,0,0,0,0,0,0,0,0,0,0,0,0,0,0,0,0,0,0,0,0,0,0,0,0,0,0,0,0,0,0,0,0,0,0,0,0,0,0,0,0,0,0,0,0,0,0,0,0,0,0,0,0,0,0,0,0,0,0,0,0,0,0,0.0243,0.0038,0.0107,0.0039,0,0,0.0242,0.0192,0.2111,0.1842,0.1471,0.0593,0.0334,0.0265,0.0155,0.0116,0,0.0019
ECB_00376,G->A,noncoding,415425,0,0,0,0,0,0,0,0,0,0,0,0,0.0357,0,0,0.0096,0.0455,0.1,0.0145,0.5,0.0182,0.0492,0.1442,0,0.1818,0.0526,0.0588,0.1698,0.1345,0.1481,0,0,0.2281,0.0641,0.0093,0.0519,0.0204,0.1,0.2143,0.1028,0,0.0385,0.1507,0,0,0,0,0,0,0,0,0,0,0,0,0,0,0,0,0,0,0,0,0.0148,0,0,0,0,0,0,0,0,0,0,0,0,0,0,0,0.0385,0,0,0,0,0,0,0,0,0,0.0042,0,0,0,0,0,0,0,0,0,0,0,0,0,0.0112,0,0,0,0,0,0,0,0,0,0,0,0,0,0,0,0,0
intergenic,G->A,noncoding,422595,0,0,0,0,0,0,0,0,0,0,0,0,0,0,0,0,0,0,0,0,0,0,0,0,0,0,0,0.0056,0,0,0.02,0,0,0,0,0,0,0,0,0,0,0,0,0,0,0,0,0,0,0,0,0.005,0,0,0,0,0,0,0,0,0,0,0,0,0,0,0,0,0,0,0,0,0,0,0,0,0,0,0,0,0,0,0,0,0,0,0,0,0,0,0,0,0,0,0,0,0,0,0,0,0,0,0,0,0,0,0,0.0167,0,0,0.0317,0.1194,0.375,0.2034,0.1803,0.0761,0.0233,0.0405,0.0833,0.038,0.0303
clpX,A->C,missense,428704,0,0,0,0,0,0,0,0,0,0,0,0,0,0,0,0,0,0,0,0,0,0,0,0,0,0,0,0,0,0,0,0,0,0,0,0,0,0,0,0,0,0,0,0,0,0,0,0,0,0,0,0,0,0,0,0,0,0,0,0,0,0,0,0,0,0,0,0,0,0,0,0,0,0,0,0,0,0,0,0,0,0,0,0,0,0,0,0,0,0,0,0,0,0,0,0,0,0,0,0,0,0,0,0,0,0.0075,0.0085,0.1622,0.0947,0.1618,0.2429,0.0339,0.0227,0,0,0.0074,0,0,0,0,0
intergenic,MOB_433329_433339_IS4_1,sv,433329,0,0,0,0,0,0,0,0,0,0,0,0,0,0,0,0,0,0,0,0,0,0,0,0,0,0,0,0,0,0,0,0,0,0,0,0,0,0,0.0346,0,0,0,0,0,0,0,0,0,0,0,0,0.0037,0,0,0,0,0,0,0,0,0,0,0,0,0,0,0,0,0,0,0,0,0,0,0,0,0,0,0,0,0,0,0,0,0,0,0,0,0,0,0,0,0,0,0,0,0,0,0,0,0,0.0263,0.0798,0.5857,0.7774,0.8369,0.7181,0.2975,0.069,0.142,0.1942,0.8588,0.9355,0.9527,0.9085,0.9378,0.9379,0.9361,0.9918,0.9321,0.9498
mdlA,MOB_441551_441553_IS150_1,sv,441551,0,0,0,0,0,0,0,0,0,0,0,0,0,0,0,0,0,0,0.0964,0.3103,0.0873,0,0.0522,0,0,0,0,0,0,0,0,0,0.0161,0,0,0,0,0,0,0,0,0,0,0,0,0,0,0,0.0092,0,0.0203,0.0022,0,0,0,0,0,0.0093,0,0,0,0,0,0,0,0,0,0,0,0,0,0,0,0,0,0,0.0094,0,0,0,0.0134,0,0,0,0,0,0,0,0,0,0,0,0,0,0,0,0,0,0,0,0,0,0,0,0,0,0,0,0,0,0,0,0,0,0,0,0,0,0,0,0
htpG,MOB_467448_467450_IS150_1,sv,467448,0,0,0,0,0,0,0,0,0,0,0,0,0,0,0,0.0048,0.0213,0.4545,0.5426,0.16,0.4894,0.0288,0,0,0,0,0,0,0,0,0,0,0,0,0,0,0,0,0,0,0,0,0,0,0,0,0,0,0,0.0098,0,0,0,0,0,0,0,0,0,0,0,0,0,0,0,0,0,0,0,0,0,0,0,0,0,0,0,0,0,0,0,0,0,0,0,0,0,0,0,0,0,0,0,0,0,0,0,0,0,0,0,0,0,0,0,0,0,0,0,0,0,0,0,0,0,0,0,0,0,0,0
htpG,MOB_467507_467509_IS150_1,sv,467507,0,0,0,0,0,0,0,0,0,0,0,0,0,0,0,0,0,0,0.0429,0.0385,0.4,0.4276,0.0684,0,0,0,0,0,0,0,0,0,0,0,0,0,0,0,0,0,0,0,0,0,0,0,0,0,0,0,0,0,0,0,0,0,0,0,0,0,0,0,0,0,0,0,0,0,0,0,0,0,0,0,0,0,0.0093,0,0,0,0,0,0,0,0,0,0,0,0,0,0,0,0,0,0,0,0,0,0,0,0,0,0,0,0,0,0,0,0,0,0,0,0,0,0,0,0,0,0,0,0
aes,MOB_471783_471785_IS150_1,sv,471783,0,0,0,0,0,0,0,0,0,0,0,0,0.007,0.0246,0,0.0081,0.0382,0.0282,0.0184,0.0919,0.0335,0.0628,0.1084,0.0292,0.0493,0,0.019,0.122,0.1147,0.0443,0,0.0125,0.1238,0.0228,0.0465,0.0489,0.0734,0.043,0.269,0.042,0.0597,0.2163,0.1569,0,0,0,0,0,0,0,0,0.0024,0,0,0,0,0,0,0,0,0,0,0,0,0,0,0,0,0,0,0,0,0,0,0,0,0,0,0,0,0,0,0,0,0,0,0,0,0,0.0032,0.0086,0,0,0,0,0,0,0,0,0,0,0,0,0,0.0053,0,0,0.0039,0.0366,0.0435,0.101,0.0044,0,0,0.0077,0,0,0,0.0039,0,0
ybaL,indel;-9,indel,474382,0,0,0,0,0,0,0.3349,0.7805,0.9792,0.671,0.4444,0,0.0309,0,0.1429,0.3486,0.625,0.28,0.0784,0.1818,0.3958,0.7727,0.7458,1,0.95,0.8333,0.95,0.9398,0.8831,1,1,1,0.8696,1,0.9592,0.9643,0.9318,1,0.9,0.9231,1,0.9333,0.8287,1,0.9859,1,1,0.9885,1,1,1,1,1,1,1,0.9863,1,1,1,1,1,1,1,1,1,1,0.8,1,1,1,1,1,1,1,0.9851,0.9809,0.9655,1,0.9778,0.9239,0.9851,1,1,1,0.9756,0.9934,1,1,0.8667,0.9892,1,1,1,0.9756,1,1,1,1,1,1,1,1,1,1,1,1,1,1,1,1,1,1,1,1,1,1,1,0.9865,0.9778,1,0.9924
ybaL,C->T,missense,474687,0,0,0,0,0,0,0,0,0,0,0,0,0,0,0.1,0.3238,0.4583,0.5957,0.825,0.6,0.5246,0.0811,0.0179,0,0,0,0,0,0,0,0,0,0,0,0,0,0,0,0,0,0,0,0,0,0,0,0,0,0,0,0,0,0,0,0,0,0,0.0123,0,0,0,0,0,0,0,0,0,0,0,0,0,0,0,0,0,0,0,0,0,0,0,0,0,0,0,0,0,0,0,0,0,0,0,0,0,0,0,0,0,0,0,0,0,0,0,0,0,0,0,0,0,0,0,0,0,0,0,0,0,0,0
ybaL,C->A,missense,474944,0.0179,0,0,0,0.0108,0,0.0064,0,0,0,0,0,0,0,0.1053,0.2624,0.3571,0.1176,0.0513,0,0,0.029,0,0,0.0159,0,0,0.009,0,0,0,0,0,0,0,0,0.0175,0,0,0,0,0.04,0.0089,0.027,0,0,0,0,0,0,0,0,0,0,0,0,0.0204,0,0,0,0,0,0,0.0073,0,0,0,0,0.0408,0,0,0,0.0152,0,0,0,0,0,0,0.0213,0,0,0,0,0,0,0.0339,0,0,0,0,0,0,0,0.0476,0,0,0,0,0,0,0.0194,0,0,0,0.0109,0,0.0101,0,0,0,0,0,0.0092,0,0,0,0.0079,0,0.0103,0.0116
ybaL,C->T,missense,475185,0,0,0.1765,0.1429,0.0074,0,0.0179,0,0,0,0,0,0,0,0,0,0,0,0,0,0,0,0,0,0,0,0,0,0,0,0,0.0185,0,0,0,0,0,0,0,0,0,0,0,0,0,0,0,0,0,0,0,0,0,0,0,0,0,0,0,0,0,0,0,0,0,0,0,0,0,0,0,0,0,0,0,0,0,0,0,0,0,0,0,0,0,0,0,0,0,0,0,0,0,0,0,0,0,0,0,0,0,0,0,0,0,0,0,0,0,0,0,0,0,0,0,0,0,0,0,0,0
ushA,junction_477848_1_IS150_end,sv,477848,0,0,0,0,0,0,0,0,0,0,0,0,0,0,0,0,0,0,0,0,0,0,0,0.0333,0.1389,0.0952,0.1364,0.2616,0.0488,0,0,0,0.0377,0,0,0,0,0,0,0,0,0,0,0,0,0,0,0,0,0,0,0,0,0,0,0,0,0,0,0,0,0,0,0,0,0,0,0,0,0,0,0,0,0,0,0,0,0,0,0,0,0,0,0,0,0,0,0,0,0,0,0,0,0,0,0,0,0,0,0,0,0,0,0,0,0,0,0,0,0,0,0,0,0,0,0,0,0,0,0,0
ybbN,MOB_490283_490285_IS150_-1,sv,490283,0,0,0,0,0,0,0.0023,0,0,0,0,0,0,0,0.0226,0,0,0,0,0,0,0.0082,0,0,0.0052,0,0,0,0,0,0,0,0.0177,0,0,0,0.0066,0,0,0,0,0.0152,0,0,0,0,0,0,0,0,0.0116,0,0,0,0,0,0.0062,0,0,0,0.0091,0,0,0.0025,0.0535,0.0319,0,0.0189,0,0.0237,0,0,0,0.0134,0,0.0294,0,0.0468,0,0.0149,0.0089,0,0,0,0,0.0096,0.0069,0.0202,0.0202,0.0032,0.0074,0,0.0058,0,0,0.0241,0,0.0835,0.2038,0.1357,0.1193,0.0868,0.1222,0.0198,0.047,0.0892,0.2434,0.1768,0.1889,0.1574,0.1822,0.0804,0.1125,0.0544,0.197,0.1007,0.2051,0.083,0.0438,0.0682,0.0651
ybbY,C->A,nonsense,513380,0,0,0,0,0,0,0,0,0,0,0,0,0,0,0,0,0,0.05,0.0294,0.0909,0.0968,0.1,0.0952,0.0263,0.1412,0.0882,0.0556,0.2254,0.0926,0.1,0.0217,0.0294,0.1087,0.0227,0,0.0769,0.0377,0.1429,0.2414,0.1176,0.0571,0.1724,0.1805,0,0,0,0,0,0,0,0,0,0,0,0,0,0,0,0,0,0,0,0,0,0,0,0,0,0,0,0,0,0,0,0,0,0,0,0,0,0,0,0,0,0,0,0,0,0,0,0,0,0,0,0,0,0,0,0,0,0,0,0,0,0,0,0,0,0,0,0,0,0,0,0,0,0,0,0,0,0
ybcL,MOB_542931_542934_IS3_1,sv,542931,0,0,0,0,0,0,0,0,0,0,0,0,0,0,0,0.0013,0,0,0,0,0,0,0,0,0,0,0,0.0016,0,0,0,0,0,0,0,0,0,0,0,0,0,0,0,0,0,0,0,0,0,0,0,0,0,0,0,0,0,0,0,0,0,0,0,0.0015,0,0,0,0,0,0,0,0,0,0,0,0,0.0041,0.0491,0.0449,0.0784,0.1024,0.1786,0.2283,0.075,0.3286,0.1937,0.0326,0.1579,0.517,0.2844,0.1785,0.041,0.0245,0.0426,0,0.0236,0.0085,0.0041,0.0195,0.015,0.0226,0.0029,0,0,0.0038,0.0072,0.0201,0.0242,0.0182,0,0,0.0025,0.0053,0.0105,0.0096,0.0087,0.0194,0.0177,0.0053,0.0255,0.0073
intergenic,G->T,noncoding,561176,0,0,0,0.0244,0,0,0,0,0,0,0,0,0,0,0,0,0,0,0,0,0,0,0,0,0,0,0,0,0,0,0.0132,0,0,0,0,0,0.0164,0,0,0,0,0,0.0175,0.6364,0.3793,0.6842,0.8,0.8922,0.881,0.8636,0.9316,0.911,0.9898,1,0.9333,0.9231,0.9143,0.8667,0.9592,0.8551,0.8654,0.8333,1,0.74,0.9444,0.8654,1,0.9268,0.7679,0.8936,0.6486,0.8899,0.7442,0.8276,0.6591,0.6897,0.7049,0.7241,0.9,0.4286,0.5467,0.7692,1,0.6981,0.48,0.793,0.913,0.7851,0.5909,0.634,0.7419,0.8529,0.9437,0.9659,1,0.9123,1,0.9322,0.8842,0.9643,1,0.9837,0.9836,0.9643,0.9176,0.9864,0.9091,0.9709,1,0.98,1,0.9837,0.9508,0.9681,0.9524,0.9474,0.9259,0.951,0.9867,0.9868,0.9726
cusS,MOB_574493_574495_IS150_1,sv,574493,0,0,0,0,0,0,0,0,0,0,0,0,0,0,0,0,0,0,0,0,0,0,0,0,0,0,0,0,0,0,0,0,0,0,0,0,0,0.0164,0,0,0,0,0,0.0394,0.0559,0.0124,0.0256,0.0635,0.1186,0.0949,0.095,0.0822,0.0238,0.0807,0.1561,0.0869,0.0672,0.1027,0.0572,0.2546,0.0357,0.2523,0.1678,0.3094,0.2106,0.2296,0.112,0.2047,0.0731,0.1811,0.3152,0.2721,0.1397,0.1126,0.0926,0.3279,0.3055,0.3755,0.2119,0.7043,0.5078,0.2967,0.2655,0.1886,0.4574,0.2477,0.0515,0.2688,0.4321,0.3848,0.2636,0.0939,0.0542,0.1777,0.1444,0.067,0.0266,0.0581,0.1034,0.0486,0.0327,0,0.0169,0,0.0281,0.047,0.1117,0.0388,0.0327,0,0,0.0067,0,0.0249,0.0255,0.0918,0.1412,0.068,0.0065,0.0634,0.0589
ybeM,MOB_641158_641161_IS150_1,sv,641158,0,0,0,0,0,0,0,0,0.0058,0,0,0,0,0,0,0,0,0,0,0,0,0,0,0,0,0.5203,0.6338,0.3313,0.7934,0.6207,0.9676,0.9697,0.8808,0.9019,0.9434,0.9639,0.9327,0.9498,0.7378,0.9548,0.9518,0.8625,0.8247,1,1,0.9797,0.9684,0.9379,0.8865,0.8671,0.943,0.9524,0.9854,1,1,0.964,0.8369,0.9076,0.9838,0.8836,0.974,0.9477,0.8629,0.9493,0.8973,0.8827,1,0.9663,0.888,0.9762,0.7409,0.9285,0.8457,0.8363,0.8746,0.7151,0.7284,0.8576,0.8004,0.4123,0.5715,0.8223,1,0.857,0.6407,0.7904,0.9835,0.7978,0.3994,0.7523,0.7758,0.9361,0.9645,0.8781,1,0.9846,1,0.9666,0.9472,0.9463,0.9753,0.993,1,1,0.9752,0.9749,0.8984,0.9643,0.988,0.9658,0.9871,1,0.9108,0.9777,0.98740000000000006,0.9524,0.9223,0.9618,1,0.9828,0.9725
ybeA,A->T,missense,650942,0,0,0,0,0,0,0,0,0,0,0,0,0,0,0,0,0,0,0.0217,0,0,0,0,0,0,0,0,0,0,0,0,0,0,0,0,0,0,0,0,0,0,0.0208,0,0.7619,0.4912,0.7442,0.8197,0.8657,0.7755,0.8871,0.9405,0.951,0.973,0.96,0.875,0.9701,0.914,0.8587,0.9412,0.8,1,0.75,1,0.8601,0.9333,0.9565,1,0.8095,0.8923,0.8333,0.8409,0.8167,0.9194,0.8727,0.9077,0.6923,0.6721,0.7679,0.7922,0.4247,0.4737,0.7541,1,0.8,0.6,0.7868,0.9437,0.7687,0.6667,0.7093,0.8025,0.9677,0.9,0.8485,0.8696,0.9375,0.9333,0.9487,0.9216,0.9627,0.9778,0.985,0.9836,1,0.9589,0.9854,0.8764,0.9735,0.9859,1,1,0.9783,0.9762,0.9733,1,0.928,0.9655,0.9763,0.9908,0.982,0.9333
ybeB,T->A,missense,651601,0,0.2286,1,1,1,1,0.9755,1,1,0.9923,1,1,0.9385,1,1,0.9802,1,1,1,1,0.9859,1,0.9846,0.9143,0.9213,1,1,0.9588,1,0.9697,0.9464,1,1,0.9362,1,0.9882,0.9552,1,1,0.96,0.9394,1,0.9922,1,1,0.9859,1,0.9315,0.8889,0.9149,0.8734,0.9158,0.9608,0.9722,0.8636,0.9351,0.875,0.8202,0.9298,0.8333,1,1,0.8571,0.9368,0.8571,0.8281,0.8571,0.85,0.8714,0.925,0.8409,0.8765,0.7879,0.8605,0.8043,0.6778,0.7042,0.6905,0.8235,0.3833,0.527,0.6377,0.9231,0.8438,0.6,0.767,0.9219,0.8261,0.4615,0.7278,0.8465,0.8961,0.809,0.8958,0.8333,0.9836,1,0.9167,0.9623,0.9412,0.9444,1,1,0.989,0.9359,0.9926,0.8812,0.9533,0.9701,1,0.9848,0.9922,1,0.9825,0.9014,0.9562,0.8806,0.9688,1,0.9386,0.9535
asnB,MOB_680761_680763_IS150_-1,sv,680761,0,0,0,0,0,0,0,0,0,0,0,0,0,0,0,0,0,0,0,0,0,0,0,0,0,0.0122,0,0.0057,0,0.0088,0,0,0,0,0,0,0,0,0,0,0,0,0.0034,0,0,0,0,0,0,0,0,0.0021,0.0316,0.045,0.0857,0.0833,0.0524,0.0799,0.0533,0.1043,0.0263,0.1,0.0667,0.0819,0.0217,0.1368,0.0667,0.1146,0.0684,0.0413,0.2477,0.1667,0.1379,0.0909,0.1351,0.3673,0.2294,0.215,0.1929,0.5576,0.35,0.2963,0.303,0.1459,0.3193,0.2198,0.0641,0.2289,0.5593,0.2811,0.2102,0.0736,0.0802,0.0903,0.0526,0.0597,0,0.0189,0.1053,0.0325,0.0184,0.0028,0,0,0.0284,0.0284,0.0802,0.0138,0.0282,0.0323,0.0127,0.0123,0,0.0341,0.0252,0.0537,0.1027,0.0445,0.0197,0.0479,0.0305
asnB,MOB_680763_682402_IS150_-1,sv,680763,0,0,0,0,0,0,0,0,0,0,0,0,0,0,0,0,0,0,0,0,0,0,0,0,0,0,0,0.0212,0.0248,0.0706,0,0,0.0859,0.0612,0.0252,0.0385,0.0473,0.0417,0.1818,0.0476,0.0725,0.0519,0.1434,0,0,0,0,0,0,0,0,0,0,0,0,0,0,0,0,0,0,0,0,0,0,0,0,0,0,0,0,0,0,0,0,0,0,0,0,0,0,0,0,0,0,0,0,0,0,0,0,0,0,0,0,0,0,0,0,0,0,0,0,0,0,0,0,0,0,0,0,0,0,0,0,0,0,0,0,0,0
intergenic,A->T,noncoding,735668,0.0049,0,0,0,0.005,0,0,0,0,0,0,0,0,0,0,0,0,0.0938,0.0361,0.4444,0.0149,0.425,0.8077,0.7917,0.8043,1,0.6667,0.8111,0.9,1,0.9867,1,0.9,0.9844,0.9109,0.9359,0.9,0.9375,0.7826,0.8791,0.8333,0.7895,0.8598,1,0.9811,1,0.9155,0.9444,0.9143,0.913,0.942,0.9141,0.9647,0.9375,1,0.9907,0.8831,0.9595,1,0.9359,0.9872,1,1,0.8756,0.8,0.8065,0.75,0.9091,0.9091,0.8727,0.6883,0.8774,0.806,0.7714,0.9394,0.6788,0.7353,0.6667,0.8056,0.4328,0.4321,0.7982,0.7778,0.7857,0.6452,0.7673,0.8636,0.7545,0.7,0.7129,0.7833,0.8542,0.8919,0.8571,0.9286,0.9268,1,0.8966,0.9492,0.9621,1,0.985,0.9677,1,0.9151,0.9936,0.942,0.9339,0.9368,0.9688,1,0.9884,0.9841,0.9741,0.9467,0.9188,0.9385,0.9535,1,0.9295,0.9317
ybgG,MOB_750246_750248_IS150_-1,sv,750246,0,0,0,0,0,0,0,0,0,0,0,0,0,0,0,0,0,0,0,0,0,0,0,0,0,0,0,0,0,0,0,0,0,0,0,0,0,0,0,0,0,0,0,0,0,0,0,0,0,0,0,0,0,0,0,0,0,0,0,0,0,0,0,0.0158,0,0.0462,0,0.0444,0.0171,0.0123,0.0513,0.0899,0.1008,0.1688,0.1327,0.3057,0.26,0.271,0.1615,0.4196,0.5026,0.1768,0,0.2222,0.3048,0.213,0.0256,0.1866,0.537,0.2353,0.1836,0.0602,0.0272,0.0496,0.0625,0.0863,0,0.0435,0.0316,0.0447,0.0191,0.0095,0,0.0048,0.0266,0.017,0.0909,0.0189,0.0104,0.0412,0.0174,0.0067,0.0221,0.0184,0.0347,0.0702,0.0667,0.0241,0.0136,0.0366,0.0387
intergenic,MOB_795320_795325_IS186_-1,sv,795320,0,0,0,0,0,0,0.0015,0,0.0169,0.009,0,0,0,0,0,0.0042,0,0,0.0058,0,0,0,0.0133,0,0,0,0,0,0.0104,0.0465,0,0.0137,0,0,0.0102,0,0.0246,0.125,0.0333,0,0,0,0.0126,0,0,0,0.0203,0.0057,0,0,0,0,0,0,0,0,0,0.0137,0,0,0.0067,0,0,0.0079,0,0.0217,0,0.0213,0.0319,0.0238,0,0.0099,0.0105,0,0,0.0052,0,0,0.0135,0,0,0,0,0,0,0.0099,0.0217,0.0024,0,0.0035,0.0041,0,0.0253,0,0,0.0103,0,0,0.0081,0,0.0146,0.0111,0,0,0,0,0,0.0584,0.2287,0.4516,0.2242,0.0484,0.0093,0.0248,0,0,0,0,0.0075,0.0189,0
ECB_00737,A->G,synonymous,795520,0,0,0,0,0,0,0.1137,0.0098,0.0976,0.0988,0.1364,0,0.0612,0,0,0,0,0,0,0,0,0,0,0,0,0,0,0,0,0,0,0,0,0,0,0,0,0,0,0,0,0,0,0,0,0,0,0,0,0,0,0,0,0,0,0,0,0,0,0,0,0,0,0.0043,0,0,0,0,0,0,0,0,0,0,0,0,0,0,0,0,0,0,0,0,0,0,0,0,0,0,0,0,0,0,0,0,0,0,0.0149,0,0,0,0,0,0,0,0,0,0,0,0,0,0,0,0,0,0,0,0,0,0
ybiX,MOB_831855_831860_IS186_-1,sv,831855,0,0,0,0,0.009,0,0,0.0215,0,0.0042,0,0,0.0115,0,0,0.0084,0,0,0,0.0741,0.0073,0.0072,0,0.119,0.0376,0,0.0667,0.01,0,0,0.0235,0,0,0,0.0088,0.0084,0.0081,0,0.0204,0,0,0,0.1221,0.2083,0.3086,0.2394,0.0857,0.0088,0,0.0244,0.009,0,0.0056,0,0,0,0,0.0065,0.0111,0,0,0,0,0.0059,0.0526,0,0,0,0,0.0145,0,0,0.0194,0.0167,0.0349,0.0075,0,0.0152,0,0.0093,0,0,0,0.016,0,0.0203,0.0156,0.0114,0,0.0099,0.0069,0,0.0075,0.0091,0,0.0127,0,0,0,0,0.0094,0.0287,0,0,0,0.0146,0.0203,0.0213,0,0,0,0.0338,0.0133,0,0,0.0266,0.0244,0.0099,0,0.0148,0.0141
ybiX,MOB_831855_831860_IS186_1,sv,831855,0,0,0,0,0.009,0,0.0055,0,0,0,0,0,0.0345,0,0,0.0028,0,0.0444,0,0,0.0073,0.0072,0,0,0,0,0,0,0.0131,0,0,0.0198,0.0114,0,0,0,0,0,0,0,0,0,0.0038,0,0,0,0,0,0,0.0122,0.009,0,0,0,0,0,0,0.0065,0.0111,0,0,0,0.0714,0.0089,0,0,0,0,0,0,0,0.0306,0,0.0833,0.0698,0.2239,0.075,0,0.0465,0,0,0,0,0,0,0.0034,0.0156,0.0229,0.02,0.0099,0.0137,0.0111,0.0226,0,0,0,0,0.0109,0,0.0176,0,0.0082,0.0112,0.0088,0.0066,0.0098,0,0.0071,0.0625,0.0111,0.0267,0,0.04,0.0052,0.0095,0.0213,0.0122,0.005,0,0.0246,0.0235
ybiN,C->A,missense,835108,0,0,0,0,0,0,0,0,0,0,0,0,0,0,0,0,0,0,0,0,0,0,0,0,0.0093,0,0,0,0,0,0,0,0,0,0,0,0,0,0,0,0,0,0,0,0,0,0,0,0,0,0,0,0,0,0,0,0,0,0,0,0,0,0,0,0,0,0,0,0,0,0,0,0,0.0392,0,0,0,0,0,0,0,0.0204,0,0.0833,0.3036,0.0696,0.0161,0.0828,0.2927,0.162,0.1082,0.0833,0.0938,0.1176,0.3077,0.087,0,0.0395,0.069,0.0294,0.1111,0.0075,0,0,0.0333,0.0481,0.0583,0.0227,0.0441,0.022,0,0,0.0192,0.0067,0.0429,0.0588,0.1071,0.0342,0,0.0686,0.0448
ybiN,MOB_835448_835448_IS150_1,sv,835448,0,0,0,0,0,0,0,0,0,0,0,0,0,0,0,0,0,0,0,0,0,0,0,0,0,0,0,0,0,0,0,0,0,0,0,0,0,0,0,0,0,0,0,0,0,0,0.0129,0,0,0,0,0,0,0,0,0,0,0,0,0,0.0387,0,0,0.0359,0,0.2593,0.4999,0.4817,0.6924,0.2589,0.6294,0.8237,0.886,0.7981,0.8191,0.7301,0.8196,0.7348,0.879,0.5834,0.6451,0.7978,0.875,0.8756,0.6249,0.7922,0.9794,0.9064,0.5038,0.7942,0.8119,0.941,0.973,0.982,1,0.9398,0.9757,0.944,0.9494,0.9449,0.9696,1,1,1.0002,0.9575,0.967,0.9626,0.9793,1.0001,0.9385,1,0.9771,0.9609,0.9999,0.9823,0.9224,0.9459,0.9399,0.9776,0.9768,0.9699
intergenic,G->A,noncoding,845680,0,0,0,0,0,0,0,0,0,0,0,0,0,0,0,0,0,0,0,0,0,0,0,0,0,0,0,0,0,0,0,0,0,0,0,0,0,0,0,0,0,0,0,0,0,0,0,0,0,0,0,0,0,0,0,0,0,0,0,0,0,0,0,0,0.0238,0.0072,0,0,0.0431,0.0098,0.0097,0.1346,0.0841,0.023,0,0,0,0,0,0,0,0,0,0,0,0,0,0,0,0,0,0,0,0,0,0,0,0,0,0,0,0,0,0,0,0,0,0,0,0,0,0,0,0,0,0,0.009,0,0,0,0
yliE,A->C,missense,866522,0.0072,0,0,0,0,0,0,0,0,0,0,0,0,0,0,0,0,0,0,0,0,0,0,0,0.0109,0,0,0,0,0,0,0,0,0,0,0,0,0,0,0.0392,0,0,0.0187,0.7333,0.537,0.7679,0.8197,0.9333,0.8837,0.8235,1,0.9179,0.9286,0.9762,1,0.9016,0.9298,0.8539,0.9762,0.7333,0.9333,1,0.8333,0.9286,1,0.8367,1,0.9167,0.8873,0.8696,0.8919,0.8553,0.8947,0.814,0.8857,0.6667,0.7344,0.7551,0.9184,0.6508,0.49370000000000003,0.791,0.6,0.8981,0.6739,0.8616,0.95,0.6695,0.5161,0.6937,0.8034,0.9057,0.898,0.8906,1,0.871,1,0.9388,0.963,0.932,1,0.9915,1,1,0.91,0.9732,0.9907,0.9706,0.92,0.9726,0.9706,0.9714,0.9412,0.9756,0.9464,0.883,0.7907,0.9608,1,0.9528,0.8972
intergenic,C->A,noncoding,910340,0,0,0,0,0,0,0,0,0,0,0,0,0,0,0,0,0,0,0,0,0,0,0,0,0,0,0,0.0048,0,0,0,0,0,0,0,0,0,0,0,0,0,0,0,0,0,0,0,0,0,0,0,0,0,0,0,0,0,0.0455,0.1887,0.2,0.3966,0.4,0.125,0.427,0,0.2381,0.1429,0.2286,0.2439,0.14,0.2656,0.0431,0,0,0,0,0,0,0,0,0,0,0,0,0,0,0,0,0,0,0,0,0,0,0,0,0,0,0,0,0,0,0,0,0,0,0,0,0,0,0,0,0,0,0,0,0,0,0,0,0
artJ,indel;+C,indel,916753,0,0,0,0,0,0,0,0,0,0,0,0,0,0,0,0,0,0,0,0,0,0,0,0,0,0,0,0,0,0,0,0,0,0,0,0,0,0,0,0,0,0,0,0,0.0351,0,0,0.0139,0.0909,0.1111,0.061,0.037,0.018,0.0179,0,0.025,0.0625,0.0842,0.0444,0.0755,0,0.0833,0,0.0878,0.1154,0.0794,0,0.1207,0.0602,0.0179,0.1449,0.1,0.0649,0.0822,0.0563,0.1674,0.1685,0.1233,0.1875,0.2661,0.2148,0.1868,0,0.1429,0.2625,0.184,0.0294,0.1307,0.1228,0.1525,0.0826,0.0333,0.1024,0.0667,0,0.0156,0,0.0536,0.02,0.041,0.0541,0,0,0,0.0114,0.0177,0.0348,0,0.0194,0,0.0156,0,0,0.0144,0.0149,0.0282,0.069,0.034,0.0208,0.0604,0.0078
ybjE,MOB_931346_931353_IS1_1,sv,931346,0.007,0,0,0,0,0,0,0,0,0,0,0,0,0,0,0,0,0,0,0,0,0,0,0,0,0,0,0.0026,0,0,0,0,0,0,0,0,0,0,0,0,0,0,0,0,0,0,0,0,0,0,0,0,0,0.0136,0,0,0,0,0,0,0,0,0,0,0,0,0,0,0,0,0,0,0,0,0,0,0,0,0,0,0,0,0,0,0,0.0085,0.0386,0.1623,0.356,0.4635,0.6732,0.8818,0.8798,0.9338,0.9143,0.9462,0.9882,0.8522,0.9238,0.9327,0.883,0.9439,0.9362,0.9663,0.9329,0.9459,0.9675,0.9569,0.9574,0.9178,0.9537,0.918,0.9143,0.9312,0.932,0.8897,0.9333,0.9116,0.9282,0.9774,0.9309
ftsK,C->T,missense,950427,0,0,0,0,0,0,0,0,0,0,0,0,0,0,0,0,0,0,0,0,0,0,0,0,0,0,0.0476,0,0.1111,0.12,0.0811,0,0,0,0,0,0,0,0,0,0,0,0,0,0,0,0,0,0,0,0,0,0,0,0,0,0,0,0,0,0,0,0,0,0,0,0,0,0,0,0,0,0,0,0,0,0,0,0,0,0,0,0,0,0,0,0,0,0,0,0,0,0,0,0,0,0,0,0,0,0.0169,0,0,0,0,0,0,0,0,0,0,0,0,0,0,0,0,0,0,0,0
ycaJ,C->T,synonymous,956277,0,0,0,0,0,0,0,0,0,0,0,0,0,0,0,0,0,0,0.0238,0,0,0,0,0,0,0,0,0,0,0,0,0,0,0,0,0,0,0,0,0,0,0,0,0,0,0,0,0,0,0,0,0,0,0,0,0,0,0,0,0,0,0,0,0,0,0,0,0,0,0,0,0,0,0,0,0,0,0,0,0,0,0.0159,0,0,0,0,0,0,0,0,0,0,0,0,0,0,0,0,0,0,0,0,0,0,0,0,0,0,0,0.0208,0,0.0476,0.25,0.0619,0.1333,0.0392,0.0294,0.0816,0.033,0.0556,0.0109
intergenic,MOB_968326_968328_IS150_1,sv,968326,0,0,0,0,0,0,0,0,0,0,0,0,0,0.0455,0,0.0021,0,0.0169,0.0168,0,0.1779,0.447,0.0569,0,0.0107,0,0,0.0085,0.0072,0,0,0,0,0,0,0,0.0081,0,0,0.0064,0,0,0.003,0,0,0,0,0,0,0,0,0.0025,0,0,0,0,0,0.0139,0,0,0,0,0,0.0025,0,0,0,0,0,0.0097,0,0,0,0.0213,0.0308,0.0105,0.0081,0,0,0.0091,0.011,0,0,0.0068,0.0081,0.0076,0.0133,0.0026,0,0.0024,0.0035,0,0,0,0,0,0,0.0161,0,0,0.0167,0.0096,0.0093,0.0055,0.07,0.0324,0.1333,0.027,0.0207,0.0519,0.0079,0.0335,0,0.033,0.04,0.0331,0.0902,0.0489,0.0392,0.0469,0.0365
pflB,MOB_970687_970689_IS150_-1,sv,970687,0,0,0,0.0174,0,0,0,0,0,0,0,0,0,0,0,0,0,0,0,0,0,0,0,0,0,0,0,0,0,0.0159,0,0,0.0699,0.2585,0.5241,0.5669,0.7626,0.8571,0.641,0.903,1,0.8545,0.8744,0.9722,1,0.9825,0.9844,0.9724,1,0.8851,0.9463,0.9426,0.949,0.9286,1,0.9625,0.968,0.8545,0.963,0.8861,0.9836,0.8889,1,0.9437,1,0.7596,1,0.9437,0.9425,0.9091,0.8113,0.9138,0.8812,0.8966,0.8491,0.6603,0.8222,0.6486,0.9459,0.6,0.5636,0.9073,1,0.8796,0.7368,0.8085,1,0.8117,0.641,0.7413,0.8076,0.8039,0.8609,0.9671,1,0.9773,1,0.839,1,0.9412,0.952,1,1,1,0.9637,0.9834,0.9111,0.9677,0.9676,0.9597,1,1,1,0.9816,1,0.9574,0.9041,0.9833,0.9785,0.9841,0.9925
ycbB,MOB_998846_998849_IS150_1,sv,998846,0,0,0,0,0,0,0,0,0,0,0,0,0,0,0,0,0,0,0,0,0,0,0,0,0,0,0,0,0,0,0,0,0,0,0.0183,0.0083,0.049,0.0339,0.1,0.0291,0.0746,0.0714,0.1788,0,0,0,0,0,0,0,0,0,0,0,0,0,0,0,0,0,0,0,0,0,0,0,0,0,0,0,0,0,0,0,0,0,0,0,0,0,0,0,0,0,0,0,0,0,0,0,0,0,0,0,0,0,0,0,0,0,0,0,0,0,0,0,0,0,0,0,0,0,0,0,0,0,0,0,0.0051,0,0
ycbB,C->T,nonsense,999840,0,0,0,0,0,0,0,0,0,0,0,0,0,0,0,0,0,0,0,0,0,0.0125,0,0,0,0,0,0,0,0,0,0,0,0,0,0,0,0,0,0,0,0,0.0053,0.6316,0.4386,0.6379,0.8026,0.9639,0.8929,0.913,0.9431,0.9638,0.9714,0.9315,0.9048,0.907,0.9529,0.8843,0.9423,0.8243,1,0.625,1,0.9187,0.9048,0.8554,1,0.898,0.8804,0.9231,0.7632,0.9036,0.8592,0.98,0.7288,0.5991,0.7791,0.6308,0.84,0.4444,0.58,0.783,1,0.8354,0.6078,0.7612,0.9324,0.8023,0.4412,0.7313,0.7404,0.9412,0.9444,0.8806,0.9677,0.9322,0.9643,0.9029,0.9565,0.9557,0.9844,1,1,1,0.9877,0.9615,0.9125,0.928,0.9618,0.9608,1,0.9935,1,0.9611,0.95,0.9264,0.7941,0.9557,0.96,0.9235,0.9787
intergenic,T->C,noncoding,1004194,0,0,0,0,0,0,0,0,0,0,0,0,0,0,0,0,0,0,0,0,0,0,0,0,0,0,0,0,0,0,0,0,0,0,0,0,0,0,0,0,0,0,0,0,0,0,0,0,0,0,0,0,0,0,0,0,0,0,0,0.0702,0.0851,0.1667,0,0.0458,0.25,0.4706,0.25,0.0303,0.1042,0.6429,0,0,0,0,0,0,0,0,0,0,0,0,0,0,0,0,0,0,0,0,0,0,0.0149,0,0,0,0,0,0,0,0,0.0494,0.0571,0.6379,0.6471,0.8365,0.7738,0.1842,0.0933,0.1053,0.1525,0.9701,0.8889,0.961,0.9545,0.9733,0.8605,0.9718,0.9848,0.9565,0.9362
ssuD,A->C,missense,1012099,0,0,0,0,0,0,0,0,0,0,0,0,0,0,0,0,0,0,0,0,0,0,0,0,0,0,0,0,0,0,0,0,0,0,0,0,0,0,0,0,0,0,0,0,0,0,0,0,0,0,0,0,0,0,0,0,0,0,0,0,0,0,0,0,0,0,0,0,0,0,0,0,0,0,0,0,0,0,0,0,0,0,0,0,0,0,0,0,0,0,0,0,0,0,0,0,0,0,0,0,0,0,0,0,0,0,0,0.0154,0.087,0.082,0.1081,0,0,0,0,0,0,0,0,0,0
sulA,A->G,noncoding,1038047,0,0,0,0,0,0,0,0,0,0,0,0,0,0,0,0,0,0.02,0,0,0,0,0,0,0,0,0,0,0,0,0,0,0,0,0,0,0,0,0,0,0,0,0,0,0,0,0,0,0,0,0.0074,0.0042,0,0,0,0,0,0,0,0,0,0,0,0,0,0,0,0,0,0,0,0,0,0,0,0,0,0,0,0,0,0,0,0,0,0,0,0,0,0,0,0,0,0,0,0,0,0,0,0,0,0,0.0172,0,0.0072,0.0061,0.0099,0.2054,0.5057,0.507,0.4545,0.0802,0.061,0.0132,0.0274,0.0052,0,0,0,0,0
sulA,A->G,noncoding,1038052,0,0,0,0,0,0,0,0,0,0,0,0,0,0,0,0,0,0,0,0,0,0,0,0,0,0,0,0,0,0,0,0.0119,0.0753,0,0.0182,0.0116,0.0641,0.0227,0.1765,0.0784,0.0556,0.1579,0.1554,0,0,0,0,0,0,0,0,0,0,0,0,0,0,0,0,0,0,0,0,0,0,0,0,0,0,0,0,0,0,0,0,0,0,0,0,0,0,0,0,0,0,0,0,0,0,0,0,0,0,0,0,0,0,0,0,0,0,0,0,0,0,0,0,0,0,0,0,0,0.0385,0.0203,0.0541,0.0055,0,0.0072,0,0.006,0
helD,MOB_1042758_1042760_IS150_1,sv,1042758,0,0,0,0,0,0,0,0,0,0,0,0,0,0,0,0,0,0,0,0,0,0,0,0,0,0,0,0,0,0,0,0,0,0,0,0,0,0,0,0,0,0,0,0,0,0,0,0,0,0,0,0,0,0,0,0,0,0,0,0,0,0,0,0,0,0,0,0,0,0,0,0,0.0093,0,0,0,0,0,0,0,0,0,0,0,0,0,0,0,0,0,0,0,0,0,0,0,0,0,0,0,0,0.0191,0.0678,0.5574,0.7793,0.7782,0.8075,0.256,0.0446,0.208,0.3111,0.885,0.8391,0.9331,0.9636,0.9689,0.9057,0.9689,1,0.9625,0.9751
yccE,G->T,missense,1080951,0,0,0,0,0,0,0,0,0,0,0,0,0,0,0,0,0,0,0,0,0,0,0.0128,0,0,0,0,0,0,0,0,0,0,0,0,0,0,0,0,0,0,0,0,0,0,0,0,0,0,0,0,0,0,0.0164,0.0417,0.3478,0.1268,0.04,0,0,0.0114,0,0,0,0,0,0,0,0,0,0,0,0,0,0,0,0,0,0,0,0,0,0,0,0,0,0,0,0,0,0.0049,0,0,0,0,0,0,0,0,0,0,0,0,0,0.0088,0,0,0,0,0,0,0,0,0,0,0,0,0,0,0,0
ycdM,G->A,missense,1089367,0.0085,0,0,0,0,0,0,0,0.0127,0,0.2,0.3824,0.4182,0.25,0.2,0.8963,0.913,0.9744,0.9091,0.9,0.8868,0.9242,0.8636,0.8889,0.8116,0.9167,0.7857,0.8042,0.8723,0.9333,0.9783,1,0.9104,0.9655,1,0.9535,0.9362,0.8462,0.7778,0.8696,0.9091,0.871,0.8298,1,1,0.9744,0.9796,0.9672,0.975,0.9259,0.9474,0.9364,0.9571,0.9545,0.8889,0.9194,0.8955,0.9344,0.9444,0.8077,0.9792,1,1,0.9195,1,0.9091,1,0.9231,0.9552,0.975,0.7419,0.9286,0.873,0.9688,0.9057,0.6098,0.7872,0.75,0.8611,0.4528,0.4242,0.8372,1,0.8804,0.6122,0.7742,0.9756,0.7522,0.4167,0.7423,0.8235,0.92,0.925,0.98,1,0.9762,1,0.9839,0.9362,0.9333,0.9722,1,0.9722,1,0.9844,1,0.8523,0.9643,0.9683,0.9651,0.973,0.9663,1,0.9899,1,0.914,0.9455,0.9565,1,0.9681,0.9571
phoH,indel;-2,indel,1101796,0,0,0,0,0,0,0,0,0,0,0,0,0,0,0,0,0,0,0,0,0,0,0,0,0,0,0,0,0,0,0,0,0,0,0,0,0,0,0.0769,0.0685,0.0333,0.125,0.1206,0,0,0,0,0,0,0,0,0,0,0,0,0,0,0,0,0,0,0,0,0,0,0,0,0,0,0,0,0,0,0,0,0,0,0,0,0,0,0,0,0,0,0,0,0,0,0,0,0,0,0,0,0,0,0,0,0,0,0,0,0,0,0,0,0,0,0,0,0,0,0,0,0,0,0,0,0,0
phoH,MOB_1101970_1101971_IS150_1,sv,1101970,0.0033,0,0,0,0,0,0,0,0,0,0,0,0,0,0,0,0,0,0.0223,0,0,0,0,0,0,0,0,0.0027,0.0387,0,0.0095,0,0,0,0,0,0,0,0,0,0,0,0,0,0,0,0,0,0,0,0.0065,0.0026,0,0,0,0.0881,0.3341,0.5315,0.7298,0.6122,0.5313,0.7807,0.8114,0.3849,1,0.8001,0.3321,0.6809,0.6932,0.7397,0.6522,0.8828,0.9495,0.9696,0.9219,0.7874,0.7682,0.8678,0.8818,0.6568,0.7409,0.9088,0.8304,0.8706,0.7956,0.8613,0.9159,0.8985,0.4782,0.8389,0.8627,0.8815,0.978,0.937,1.0011,1,0.9458,0.9634,0.9322,0.9828,1,1,1,0.9861,1,0.9836,0.9641,0.9912,0.9939,1,0.9859,0.9952,1.0002,0.9833,0.9998,0.9813,0.9451,0.9503,0.9881,0.9708,0.9998
phoH,indel;+22,indel,1102001,0,0,0,0,0,0,0,0,0,0,0,0,0,0,0,0,0,0,0.027,0.0625,0.028,0,0.0194,0.029,0.0471,0,0,0.044,0.015,0,0,0,0.0168,0,0.0248,0,0,0,0,0.0336,0.0299,0,0,0.0682,0,0,0.0526,0.0752,0.1176,0.2716,0.1314,0.048,0.0723,0.0351,0.2941,0.0465,0.2202,0.1429,0.1739,0.24,0.087,0.1333,0,0.1581,0.25,0.3265,0,0.1304,0.129,0.3243,0.2857,0.1277,0.4878,0.4167,0.375,0.6019,0.3333,0.2909,0.3636,0.72,0.7059,0.4667,0,0.5833,0.5385,0.4691,0.1176,0.5401,0.6,0.5517,0.4272,0.359,0.2456,0.1429,0,0.2069,0,0.0851,0.1111,0.1154,0.2857,0.0645,0.2105,0,0.2857,0.0571,0.2553,0.2105,0.0571,0.0426,0,0,0.0952,0.1,0.2143,0.0513,0.3125,0.2133,0.093,0.1282,0.0727
phoH,T->C,missense,1102339,0,0,0,0,0,0,0,0,0,0,0,0,0,0,0,0,0,0,0,0,0,0,0,0,0,0,0,0,0,0,0,0,0,0,0,0,0,0,0,0,0,0,0,0,0,0,0,0.0159,0,0,0,0,0,0,0.0769,0.2778,0.1757,0.2353,0.2188,0.1667,0.4727,0.5,0.5714,0.4771,0.1667,0.2766,0,0.1429,0.3056,0.1429,0.2,0.0649,0,0,0,0,0,0,0,0,0,0,0,0,0,0,0,0.0056,0,0,0,0,0,0,0,0,0,0,0,0,0,0,0,0,0,0,0,0,0,0,0,0,0,0,0,0,0,0,0,0,0
ycdT,MOB_1109687_1109689_IS150_1,sv,1109687,0,0,0,0,0,0,0,0,0,0,0,0,0,0,0,0,0,0,0,0,0,0,0,0,0,0,0,0,0,0,0,0,0,0,0,0,0,0,0,0,0,0,0,0.1449,0.1757,0.15,0.1226,0.0093,0,0,0,0,0,0,0,0,0,0,0,0,0,0,0,0,0,0,0,0,0,0,0,0,0,0,0,0,0,0,0,0,0,0,0,0,0,0,0,0,0,0,0,0,0,0,0,0,0,0,0,0,0,0,0,0,0,0,0,0,0,0,0,0,0,0,0,0,0,0,0,0,0
dinI,MOB_1136032_1136034_IS150_-1,sv,1136032,0,0,0,0,0,0,0,0,0,0.0108,0,0,0.0196,0.0467,0,0.0195,0.0611,0,0,0.0711,0.0355,0.03,0.0405,0.0289,0.0585,0,0.0414,0.0659,0.0879,0.0509,0.0151,0.0542,0.0192,0.0565,0.0075,0.0157,0,0.0254,0.0297,0.0878,0,0,0.022,0,0,0.0152,0.0368,0.0821,0.045,0.1768,0.079,0.1172,0.0209,0.1197,0.2511,0.1334,0.1355,0.2283,0.0357,0.1308,0.1176,0,0.0401,0.0928,0.0455,0.2767,0.2032,0.1568,0.104,0.1385,0.2286,0.1335,0.3006,0.0537,0.0777,0.4306,0.2562,0.2399,0.2621,0.6661,0.4056,0.1662,0.3432,0.2257,0.5455,0.3772,0.0117,0.3167,0.5441,0.3263,0.2724,0.0624,0.0994,0.1015,0.1671,0.0244,0.0199,0.0785,0.1087,0.0478,0.048,0.0218,0.011,0.0455,0.0405,0.0643,0.0697,0.049,0.0199,0.042,0,0.0376,0.0514,0.0842,0.1185,0.0972,0.1165,0.0496,0,0.0586,0.0428
rimJ,MOB_1140626_1140634_IS1_1,sv,1140626,0,0,0,0,0,0,0,0,0,0,0,0,0,0,0,0,0.0478,0.053,0.2727,0.2799,0.0499,0.0239,0.0379,0,0.0043,0,0,0,0,0,0,0,0,0,0,0,0,0,0,0,0,0,0,0,0,0,0,0,0,0,0,0,0,0,0,0,0,0,0,0,0,0,0,0,0,0,0,0,0,0,0,0,0,0,0,0,0,0,0,0,0,0,0,0,0,0,0,0,0,0,0,0,0,0,0,0,0,0,0,0,0,0,0,0,0,0.0039,0,0,0,0,0,0,0,0,0,0,0,0,0,0,0
rne,A->C,missense,1156460,0,0,0,0,0,0,0,0,0,0.0099,0,0,0,0,0,0,0,0,0,0.0909,0.1519,0.3714,0.875,0.7241,0.7317,0.9286,0.76,0.7697,0.8269,1,0.9375,1,0.9492,0.925,0.9362,1,0.9365,0.9706,0.8235,0.875,0.9615,0.6923,0.8182,1,0.9649,1,0.9302,0.875,0.9189,0.8125,0.775,0.8954,0.9756,1,0.8889,0.9672,0.8947,0.8857,0.9744,0.814,0.9459,1,1,0.9612,0.9333,0.8235,1,0.9333,0.8286,0.9355,0.75,0.9565,0.8235,0.7541,0.8333,0.5969,0.6327,0.8095,0.6552,0.434,0.5625,0.8333,1,0.8333,0.4118,0.7321,0.9792,0.7931,0.6774,0.7117,0.8233,0.8947,0.9222,0.8293,1,0.9167,1,0.9444,0.9091,0.9496,0.9394,0.9817,1,1,0.9722,1,0.8764,0.9623,1,0.9855,1,0.9891,0.9231,0.9444,0.8824,0.9423,0.94,0.9615,1,0.9783,0.9583
ECB_01081,C->T,synonymous,1159208,0,0,0,0,0,0,0,0,0,0,0,0,0,0,0,0,0,0,0,0,0,0,0,0,0,0,0,0,0,0,0,0,0,0,0,0,0,0,0,0.2297,0.6207,0.8108,0.7667,0.375,0.5439,0.3611,0.129,0.0179,0,0,0,0,0,0,0,0,0,0,0,0,0,0,0,0,0,0,0,0,0,0,0,0,0,0,0,0,0,0,0,0,0,0,0,0,0,0.0053,0,0,0,0,0,0,0,0,0,0,0,0,0,0,0,0,0,0,0,0,0,0.0091,0,0,0,0,0,0,0,0,0,0,0,0,0
fabF,C->T,missense,1166950,0,0,0,0,0,0.3333,0.345,0.1231,0.0476,0.2273,0.6216,0.9444,0.8767,0.9412,1,0.9758,1,1,1,0.9583,0.9651,0.9833,0.918,0.9062,0.9878,1,1,0.9795,1,1,1,0.9833,1,0.9853,1,0.9718,1,0.9667,0.963,0.9649,0.931,1,1,1,1,0.9535,1,0.9583,0.9714,0.8667,0.9432,0.9351,0.9778,0.9792,1,0.8462,0.9649,0.9242,0.9524,0.8261,0.9672,0.9286,0.8182,0.8933,0.8571,0.8462,0.3333,0.9655,0.7808,0.86,0.8611,0.88,0.8696,0.9459,0.7869,0.6429,0.6429,0.8125,0.8621,0.4921,0.5185,0.75,0.9,0.9024,0.6182,0.7569,0.9091,0.8174,0.7083,0.7246,0.7808,0.8889,0.8933,0.94,1,0.9583,1,0.9189,0.8696,0.9831,0.9138,0.9915,1,1,0.9375,0.972,0.9062,0.9333,0.9552,0.9481,0.9615,1,0.9661,0.9688,0.875,0.9504,0.9655,0.9408,1,0.9297,0.9813
mfd,A->T,missense,1186711,0,0,0,0,0,0,0,0,0,0,0,0,0,0,0,0,0,0,0,0,0,0,0,0,0,0,0,0,0.0161,0,0,0,0,0,0,0,0,0,0,0.0152,0,0,0.0165,0,0,0.0167,0.0169,0.0137,0.2286,0.0909,0.058,0.0242,0.0208,0,0,0.1125,0.0926,0.0714,0.1167,0.125,0.0667,0,0.0714,0.0545,0.25,0.0909,0.1667,0.0625,0.0312,0.1111,0.1892,0.0833,0.197,0.14,0.1064,0.3145,0.2264,0.2692,0.2045,0.4107,0.411,0.2195,0,0.1798,0.3182,0.213,0.087,0.1986,0.3548,0.2119,0.2092,0.0137,0.0435,0.0645,0,0.1111,0.1333,0.0179,0.0566,0.021,0,0.0177,0.0213,0.0308,0.08,0.0177,0.1402,0.0125,0.0154,0.027,0.0847,0,0.0286,0.0312,0.029,0.0177,0.1951,0.0362,0,0.0397,0.0354
intergenic,G->T,noncoding,1221951,0,0,0,0,0,0,0,0,0,0,0,0,0,0,0,0,0,0,0,0,0,0,0,0,0,0,0,0,0,0,0,0,0,0,0,0,0,0,0,0,0,0,0,0,0,0,0,0,0,0,0,0.01,0,0,0,0,0,0,0,0,0.0133,0,0,0.051,0.0909,0.093,0.1111,0,0.0353,0.0227,0.1,0.1325,0.0769,0,0,0,0,0,0,0,0,0,0,0,0,0,0,0,0,0,0,0,0,0,0,0,0,0,0,0,0,0,0,0,0,0,0,0,0,0,0,0,0,0,0,0,0,0,0,0,0
narH,G->A,missense,1284313,0,0,0,0,0,0,0,0,0,0.009,0,0,0,0,0,0,0,0,0,0,0,0.0112,0,0,0,0,0,0,0,0,0,0,0,0,0,0,0,0,0,0,0,0,0,0,0,0,0,0,0,0,0,0,0,0,0,0,0,0,0,0,0,0,0,0,0,0,0,0,0,0,0,0.1034,0.25,0.7174,0.7111,0.5772,0.6897,0.6889,0.8,0.4314,0.519,0.7581,1,0.8356,0.6875,0.7612,0.9836,0.878,0.5,0.6853,0.7621,0.9216,0.9405,0.9811,0.9375,0.9556,1,0.9726,0.9429,0.9417,0.9231,1,1,1,0.9412,0.9794,0.9167,0.963,1,0.9333,1,0.9625,0.9697,0.9907,0.9048,0.9531,0.86,0.9515,0.9677,0.934,0.9535
cls,MOB_1305149_1305155_IS186_-1,sv,1305149,0,0,0,0,0,0,0.0029,0,0.0171,0.0047,0,0,0,0,0,0,0,0,0,0,0,0,0,0,0.0185,0.9216,0.7917,0.5517,0.7712,0.8955,0.9756,0.9455,0.8722,0.8947,0.9457,0.8981,0.8778,0.9516,0.8182,0.8618,0.95,0.7826,0.9057,0.961,0.9794,0.991,0.9231,0.8922,0.9398,0.9231,0.9444,0.9563,0.9176,0.9138,1,0.899,0.907,0.7874,0.9053,0.8718,0.9604,0.8889,0.8966,0.9205,0.925,0.8462,0.4286,0.9474,0.9375,0.9104,0.8594,0.872,0.8716,0.8611,0.8974,0.6733,0.8421,0.7381,0.7935,0.4954,0.5556,0.8047,0.6818,0.84,0.641,0.767,0.9263,0.866,0.8235,0.7527,0.7756,0.9574,0.882,0.9167,0.8,1,0.9231,0.9286,0.9674,0.9491,1,0.9865,0.9487,0.9766,0.9931,0.9781,0.8777,0.9821,0.964,0.9474,0.981,0.9951,0.9756,0.9447,0.9752,0.9114,0.8182,0.8907,0.9706,0.9045,0.9589
cls,MOB_1305420_1305420_IS150_-1,sv,1305420,0,0,0,0,0,0,0,0,0,0,0,0,0,0,0,0.0025,0,0,0,0,0.3772,0,0.0562,0.6616,0.7949,0.0283,0,0.1911,0,0,0,0,0,0,0,0,0,0,0,0,0,0,0,0,0,0,0,0,0,0,0,0,0,0,0,0,0,0,0,0,0,0,0,0,0,0,0,0,0.0075,0,0,0,0,0,0,0,0,0,0,0,0,0,0,0,0,0,0,0,0,0,0,0,0,0,0,0,0,0,0,0,0,0,0,0,0,0,0,0,0,0,0,0,0,0,0,0,0,0,0,0,0
cls,MOB_1305934_1305942_IS1_1,sv,1305934,0,0,0,0,0,0,0,0,0,0,0,0,0,0,0,0,0,0,0,0,0.2742,0.3148,0.0265,0,0,0,0,0,0,0,0,0,0,0,0,0,0,0,0,0,0,0,0,0,0,0,0,0,0,0,0,0,0,0,0,0,0,0,0,0,0,0,0,0,0,0,0,0,0,0,0,0,0,0,0,0,0,0,0,0,0,0,0,0,0,0,0,0,0,0,0,0,0,0,0,0,0,0,0,0,0,0,0,0,0,0,0,0,0,0,0,0,0,0,0,0,0,0,0,0,0
cls,MOB_1306035_1306037_IS150_-1,sv,1306035,0,0,0,0,0,0,0,0,0,0,0,0,0,0,0,0,0,0,0,0,0.0093,0,0,0.0189,0.0535,0.0256,0.2,0.0684,0.0348,0,0,0,0.018,0,0,0,0,0,0,0,0,0,0,0,0,0,0,0,0,0,0,0,0,0,0,0,0,0,0,0,0,0,0,0,0,0,0,0,0,0,0,0,0,0,0,0,0,0,0,0,0,0,0,0,0,0.0043,0,0,0,0,0,0,0,0,0,0,0,0,0,0,0,0,0,0,0,0,0,0,0,0,0,0,0,0,0,0,0,0,0,0,0
intergenic,MOB_1309423_1309426_IS150_-1,sv,1309423,0,0,0,0,0,0,0,0,0,0,0,0,0,0,0,0,0,0,0,0,0.0204,0,0,0,0,0,0,0,0,0,0,0,0,0,0,0,0,0,0,0,0,0,0,0,0,0,0,0,0,0,0,0,0,0,0,0,0,0,0,0,0,0,0,0,0,0.0309,1,0.1081,0.1304,0.5172,0.0141,0,0,0,0,0,0,0,0,0,0,0,0,0,0,0,0,0,0,0,0,0,0,0,0,0,0,0,0,0,0,0,0,0,0,0,0,0,0,0,0,0,0,0,0,0,0,0,0,0,0
intergenic,G->T,noncoding,1329308,0,0,0,0,0,0,0,0,0.0109,0,0,0.0169,0,0,0,0,0,0,0,0,0.011,0.4444,0.7407,0.8182,0.8741,0.8387,0.88,0.7149,0.8977,0.9545,1,0.9286,0.8681,1,0.9639,0.8936,0.9444,0.9722,0.95,0.8333,0.9091,0.9474,0.8352,0.9804,0.9863,0.9846,0.9756,0.9565,0.8889,0.9643,0.9115,0.9502,1,1,0.9048,0.939,0.8684,0.8649,0.971,0.9355,0.9853,1,1,0.9234,0.9231,0.8545,1,0.8571,0.9355,0.875,0.8033,0.8681,0.8108,0.8864,0.8148,0.7569,0.7917,0.6889,0.7536,0.55,0.5116,0.802,0.6667,0.8023,0.5741,0.787,0.918,0.8145,0.5,0.7714,0.7673,0.9062,0.9333,0.9072,0.6471,0.9455,0.9672,0.9029,0.8649,0.9247,0.9412,1,0.9636,1,0.9554,0.9812,0.9626,0.9292,1,1,1,0.9864,0.9524,0.9861,0.9773,0.9857,0.9028,0.9741,0.9868,0.939,0.9195
topA,C->A,missense,1330018,0,0.5,1,0.9762,1,1,0.9886,1,1,0.9828,1,0.8947,1,1,1,0.9755,1,1,0.9211,0.9459,0.9733,1,0.9825,0.9394,0.9529,1,1,0.9831,1,1,1,0.9796,0.9474,0.9535,1,0.9804,1,1,1,1,1,0.9737,1,1,1,1,1,0.9394,0.8718,0.8696,0.8814,0.9448,1,0.9643,0.9167,0.8413,0.931,0.8701,0.9459,0.9375,0.9756,0.8889,0.9524,0.9578,1,0.92,0.6667,0.9434,0.9333,0.9524,0.7941,0.9508,0.8,0.8684,0.7679,0.6835,0.7419,0.8039,0.8333,0.4909,0.6667,0.8182,0.5,0.8302,0.7797,0.7886,0.9811,0.8702,0.3704,0.7574,0.8416,0.9559,0.9296,0.9434,1,0.9636,0.9756,0.9861,0.9138,0.9762,1,0.9907,1,1,1,0.9821,0.9326,0.9722,0.9459,0.9783,1,0.9847,1,0.9524,0.9583,0.8873,0.9444,0.964,1,0.9612,0.97
topA,T->G,missense,1330918,0,0,0,0,0,0,0,0,0,0,0,0,0,0,0,0,0,0,0,0,0,0.0204,0.0645,0.0714,0.0411,0,0.0625,0.2105,0.1304,0.0333,0,0,0.1094,0.0345,0,0.0175,0.0755,0.12,0.0833,0.1395,0,0.16,0.1241,0,0,0,0,0,0,0,0,0,0,0,0,0,0,0,0,0,0,0,0,0,0,0,0,0,0,0,0,0,0,0,0,0,0,0,0,0,0,0,0,0,0,0,0,0,0,0,0,0,0,0,0,0,0,0,0,0,0,0,0,0,0,0,0,0,0,0,0,0,0,0,0,0,0,0,0,0,0
sapB,A->C,missense,1353055,0,0,0,0,0,0,0,0,0,0,0,0.0217,0.1818,0.7083,0.6,0.0597,0.1053,0.0526,0,0,0,0,0,0,0,0,0,0,0,0,0,0,0,0,0.0159,0,0,0,0,0,0,0,0,0,0,0,0,0,0,0,0,0,0,0,0,0,0,0,0,0,0,0,0,0,0,0,0,0,0,0,0,0,0,0,0,0,0,0,0,0,0,0,0,0,0,0,0,0,0,0,0,0,0,0,0,0,0,0,0,0,0,0,0,0,0,0,0,0,0,0,0,0,0,0,0,0,0,0,0,0,0
mppA,MOB_1391825_1391831_IS186_1,sv,1391825,0.0044,0,0,0,0,0,0.0062,0,0.0179,0,0,0,0,0,0,0,0,0.0145,0,0,0,0,0,0,0,0,0,0,0.0141,0,0.0141,0.0165,0.0278,0.0833,0.087,0.0887,0.0312,0,0.0238,0.026,0,0,0.0252,0,0,0,0,0,0,0,0,0,0,0,0,0,0.0104,0,0,0,0,0,0,0.0074,0,0.0109,0,0,0,0,0.0167,0,0.009,0,0,0,0,0.0128,0,0,0,0.0149,0,0.006,0.0118,0.0023,0,0.0083,0,0.0065,0.0072,0,0,0,0,0,0,0,0,0.0085,0,0,0,0,0,0,0,0,0,0,0,0.0109,0.0164,0,0,0.0628,0.1711,0.0221,0.0063,0.0316,0.0452
ydfQ,A->C,missense,1417825,0,0,0,0,0,0,0,0,0,0,0,0,0,0,0,0,0,0,0,0,0,0,0,0,0,0,0,0,0,0,0,0,0,0,0,0,0,0,0,0,0,0,0,0,0,0,0,0,0,0,0,0,0,0,0,0,0,0,0,0,0,0,0,0.0101,0.1935,0.0571,0,0,0.0222,0,0,0,0,0,0,0,0,0,0,0,0,0,0,0,0,0,0,0,0,0,0,0,0,0,0,0,0,0,0,0,0,0,0,0,0,0,0,0,0,0,0,0,0,0,0,0,0,0,0,0,0
ydbK,junction_1430549_-1_IS3_start,sv,1430549,0,0,0,0,0,0,0,0,0,0,0,0,0,0,0,0,0,0,0,0,0,0,0,0,0,0,0,0,0,0,0,0,0,0,0,0,0,0,0,0,0,0,0,0,0,0,0,0,0,0,0,0,0,0,0,0,0,0,0,0,0,0,0,0,0,0,0,0,0,0,0,0,0,0,0,0,0,0,0,0,0,0,0,0,0,0,0,0,0,0,0,0,0,0,0,0,0,0.0756,0.1342,0.3096,0.3769,0.1079,0.1493,0.084,0.028,0,0,0.5286,0.6606,0.5026,0.6266,0.1815,0,0,0.0576,0.0853,0,0,0,0,0
ydbH,junction_1434824_-1_IS150_end,sv,1434824,0,0,0,0,0,0,0,0,0,0,0,0,0,0,0,0,0,0,0,0.0714,0,0,0,0,0,0,0,0,0,0,0,0,0,0,0,0,0,0,0,0,0,0,0,0,0,0,0,0,0,0,0,0,0,0,0,0,0,0,0,0,0,0,0,0,0,0,0,0,0,0,0,0,0,0,0,0,0,0.0303,0.0952,0.0588,0.1064,0.0192,0,0.0167,0,0,0,0,0,0,0,0,0,0,0,0,0,0,0,0,0,0,0,0,0,0,0,0,0,0,0,0,0,0,0,0,0,0,0,0,0
acpD,MOB_1451972_1451974_IS150_1,sv,1451972,0,0,0,0,0,0,0,0,0,0,0,0,0,0,0,0.0037,0,0,0,0,0.008,0,0,0,0.0167,0,0,0,0,0,0,0,0.0101,0,0,0,0,0,0.0588,0,0,0,0,0,0,0,0,0,0.0196,0.0357,0.14,0.0394,0.0219,0.0282,0,0.1348,0.1754,0.1385,0.0667,0.1489,0.0645,0.2381,0.0667,0.1068,0.0435,0.2976,0.4286,0.1059,0.1215,0.125,0.3846,0.1507,0.253,0.0345,0.137,0.4212,0.2661,0.2283,0.1538,0.5894,0.5046,0.2946,0.0909,0.1223,0.4048,0.2575,0.04,0.2652,0.4906,0.3583,0.2645,0.0714,0.0523,0.1633,0,0.0722,0.0118,0.0721,0.0674,0.0681,0.0123,0.0053,0.0308,0,0.0873,0.0559,0.0719,0.0584,0.0796,0.0874,0.0526,0.034,0.0465,0.0274,0.0594,0.0595,0.0986,0.0333,0.0308,0.0667,0.0505
hokB,MOB_1462252_1462253_IS150_1,sv,1462252,0,0.0106,0,0.0171,0.0142,0.0337,0.0195,0.0281,0.0289,0.0401,0.1385,0.2368,0.1406,0.1236,0.2251,0.1648,0.0941,0.1816,0.2671,0.6254,0.5527,0.5924,0.343,0.2586,0.4357,0.0864,0.2759,0.4729,0.3312,0.2178,0.1295,0.199,0.417,0.5517,0.8231,0.8653,0.9509,0.9625,1,1,1,1,1,1,1.0001,1.0002,1,1,1,1,1,1,1,1,1,1,1,0.9999,1,1,1,1,1,1,1,1,1,1,1,1,1,1,1,1,1,1,1,1,1,1,1,1,1,1,1,1,1,1,1,1,1,1,1,1,1,1,1,0.9866,1,1,1,1,1,1,0.9999,1,1,1,1,1,1,1,1,1,1,1,1,1,1,1,1
mokB,MOB_1462320_1462322_IS150_1,sv,1462320,0,0,0.05,0,0,0.0772,0.0054,0,0,0.0057,0,0.0377,0.0159,0.0912,0,0.0507,0.0251,0,0.0145,0,0.0241,0.1048,0,0.0218,0.0412,0.25,0.0402,0.1173,0.2106,0.2677,0.1234,0.0278,0.075,0.1591,0.0377,0.0967,0.0169,0,0,0.0697,0,0,0.1087,0.0243,0.0232,0.1034,0.0856,0.1577,0.1109,0.0256,0.2649,0.1487,0.1406,0.0605,0.0996,0.2048,0.2435,0.0974,0.111,0.28,0.1428,0,0.0905,0.1397,0.0829,0.3703,0.4977,0.1663,0.088,0,0.3046,0.1511,0.1925,0.1934,0.1247,0.4699,0.1773,0.475,0.2123,0.4759,0.6462,0.5686,0.3319,0.2303,0.2968,0.3148,0.0302,0.2496,0.5298,0.4191,0.2612,0.0544,0.1013,0.1665,0.2212,0.108,0.0322,0.0384,0.0714,0.0361,0.0732,0.0394,0,0.0869,0.0238,0.0722,0.211,0.2397,0.2328,0.0868,0.0588,0.0468,0,0.0439,0.0526,0.0696,0.2666,0.0273,0.0818,0.0416,0.0514
yddH,MOB_1507720_1507728_IS1_-1,sv,1507720,0,0,0,0,0,0,0,0,0,0,0,0,0,0,0,0,0,0,0,0,0,0,0,0,0,0,0,0,0,0,0,0,0,0,0,0,0,0,0,0,0,0,0,0,0,0,0,0,0,0,0,0,0,0,0,0,0,0,0,0,0,0,0,0,0,0,,0,0,0,0,0,0,0,0,0,0,0,0,0,0,0,0,0,0,0,0,0,0,0,0,0,0,0,0,0,0,0,0,0,0,0,0,0,0,0,0.0079,0.0181,0,0.0074,0.06,0.2919,0.2603,0.6074,0.5485,0.7889,0.7302,0.8946,0.8937,0.8235,0.8079
yddH,G->T,missense,1507818,0,0.0303,0,0,0,0,0,0,0,0,0,0,0,0,0,0,0,0,0,0,0,0,0,0,0,0,0,0,0,0,0,0,0,0,0,0,0,0,0,0,0,0,0,0,0,0,0,0,0,0,0,0,0,0,0,0,0,0,0,0,0,0,0,0,0,0,0,0.0172,0,0,0,0,0,0,0,0,0,0,0,0,0,0,0,0,0,0,0,0,0,0,0,0,0,0,0,0,0.0635,0.0588,0.0857,0.1875,0.0926,0.0377,0.0217,0.029,0,0.0211,0,0,0,0,0,0,0,0,0,0,0,0,0,0,0.0088
narZ,MOB_1515685_1515687_IS150_-1,sv,1515685,0,0,0,0,0,0,0,0,0,0,0,0,0,0,0,0,0,0,0,0,0,0,0,0,0.0071,0,0,0,0,0,0,0,0,0,0,0,0,0,0,0,0,0,0,0,0,0,0,0,0,0,0,0,0,0,0,0,0,0,0,0,0,0,0,0,0,0,0,0,0,0,0.0501,0.1554,0.1726,0.1293,0.154,0.4179,0.2856,0.2631,0.1752,0.4912,0.2425,0.1824,0.0873,0.1512,0.3151,0.1263,0.0242,0.2262,0.5444,0.1544,0.1194,0.0704,0.0132,0.0406,0,0.059,0.0245,0.0687,0.0402,0.0139,0,0,0.0437,0.0077,0.0199,0.0367,0.0442,0.0326,0.0108,0,0,0.0335,0.0344,0.0386,0.0338,0.0454,0.1718,0.0235,0.0226,0.0338,0.0187
fdnH,MOB_1525133_1525134_IS150_-1,sv,1525133,0,0,0,0,0,0,0,0,0,0,0,0,0,0,0.2497,0.2776,0.3465,0.1438,0.0695,0,0,0,0,0,0,0,0,0,0,0,0,0,0,0,0,0,0,0,0,0,0,0,0,0,0,0,0,0,0,0,0,0,0,0,0,0,0,0,0,0,0,0,0,0,0,0,0,0,0,0,0,0,0.0262,0.0188,0,0.0783,0.0091,0.0299,0.0686,0.1077,0.2525,0.2037,0,0.0843,0.1477,0.0441,0.0095,0.0047,0.078,0.0633,0.1141,0.0842,0.0204,0.0572,0,0.015,0.0346,0.0278,0.0613,0.0239,0.0083,0.0098,0.0084,0,0.0541,0.0051,0.0265,0,0.042,0.0376,0,0.0084,0.0209,0.0191,0.0489,0.072,0.0784,0.0423,0.0039,0.0193,0.0447
fdnH,MOB_1525134_1525143_IS150_-1,sv,1525134,0,0,0,0,0,0,0,0,0,0,0,0,0,0,0,0,0,0,0,0,0,0,0,0,0,0,0,0,0,0,0,0,0,0,0,0,0,0,0,0,0,0,0,0,0,0,0,0,0,0,0.0229,0.0081,0.0391,0.0423,0.2,0.0682,0.0696,0.1259,0.0698,0.2353,0.0417,0.2,0.1429,0.0909,0.075,0.2073,0.1034,0.0349,0.0786,0.0658,0.2078,0.2042,0.1579,0.0566,0.1571,0.2698,0.1927,0.1683,0.1201,0.4361,0.0855,0.0304,0,0,0,0,0,0,0,0.0055,0.0028,0.0084,0,0,0,0,0,0,0,0,0,0,0,0,0,0,0,0,0,0,0,0,0,0,0,0,0,0,0,0,0
pqqL,junction_1547773_1_IS150_start,sv,1547773,0,0,0,0,0,0,0,0,0,0,0,0,0,0,0,0,0,0,0,0,0,0,0,0,0,0,0,0,0,0,0,0,0,0,0,0,0,0,0,0,0,0,0,0,0,0,0,0,0,0,0,0,0,0,0,0,0,0,0,0,0,0,0,0,0,0,0,0,0,0,0,0,0,0,0,0.1047,0.0833,0.0625,0,0,0,0,0,0,0,0,0,0,0,0,0,0,0,0,0,0,0,0,0,0,0,0,0,0,0,0,0,0,0,0,0,0,0,0,0,0,0,0,0,0,0
yddB,junction_1550345_1_IS150_end,sv,1550345,0,0,0,0,0,0,0,0,0,0,0,0,0,0,0,0,0,0,0,0,0,0,0,0,0,0,0,0,0,0,0,0,0,0,0,0,0,0,0,0,0,0,0,0,0,0,0,0,0,0,0,0,0,0,0,0,0,0,0,0,0,0,0,0,0,0,0,0,0,0,0,0,0,0,0,0,0,0,0,0,0,0,0,0.0244,0.1356,0.1128,0.0145,0.1721,0.2,0.0945,0.0186,0.0253,0,0,0,0,0,0,0,0,0,0,0,0,0,0,0,0,0,0,0,0,0,0,0,0,0,0,0,0,0
intergenic,MOB_1578696_1578702_IS186_-1,sv,1578696,0,0.0282,0,0,0,0,0,0,0.0098,0,0.0147,0.0625,0.5698,0.7308,0.5,0.0904,0,0,0.036,0,0,0,0,0,0,0,0,0,0,0,0,0.0112,0.018,0,0,0,0.0106,0,0,0,0,0,0.0044,0,0,0,0,0,0,0,0,0,0,0,0,0,0,0,0,0,0,0,0,0,0,0.0097,0,0,0,0,0,0,0,0,0,0,0,0,0,0,0.0088,0.0049,0,0,0,0,0,0,0,0,0,0,0,0,0,0,0,0,0,0,0,0,0,0,0,0.0063,0,0,0,0,0,0,0,0,0,0,0,0,0,0,0
yneK,G->T,synonymous,1583795,0,0,0,0,0,0,0,0,0,0,0,0,0,0,0,0,0,0,0,0,0,0,0,0,0,0,0,0,0,0,0,0,0,0,0,0,0,0,0,0,0,0,0,0,0,0,0,0,0,0,0,0,0,0,0,0,0,0,0,0,0,0,0,0,0,0,0,0,0,0,0,0,0,0,0,0,0,0,0,0,0,0,0,0,0,0,0,0,0,0,0,0,0,0,0,0,0,0,0,0,0,0,0,0,0,0,0,0,0.0145,0.0109,0,0.028,0.0577,0.0094,0.0702,0.0538,0.1186,0.027,0.0423,0.0139,0.0244
marA,A->G,missense,1587635,0,0,0,0,0,0,0,0,0,0,0,0,0,0,0,0,0,0.0385,0.0638,0.0625,0.2308,0.3889,0.102,0,0,0,0,0,0,0,0,0,0,0,0,0,0,0,0,0,0,0,0,0,0,0,0,0,0,0,0,0,0,0,0,0,0,0,0,0,0,0,0,0,0,0,0,0,0,0,0,0,0,0,0,0,0,0,0,0,0,0,0,0,0,0,0,0,0,0,0,0,0,0,0,0,0,0,0,0,0,0,0,0,0,0,0,0,0,0,0,0,0,0,0,0,0,0,0,0,0
intergenic,MOB_1587992_1587994_IS150_-1,sv,1587992,0,0,0,0,0,0,0,0,0,0,0,0,0,0,0,0,0,0,0,0,0,0,0,0,0,0,0,0,0,0,0,0,0,0,0,0,0,0,0,0,0,0,0,0,0,0,0,0,0,0.0211,0.1409,0.1579,0.0827,0.049,0,0,0,0,0,0,0,0,0,0,0,0,0,0,0,0,0,0,0,0,0,0,0,0,0,0,0,0,0,0,0,0,0,0,0,0,0,0,0,0,0,0,0,0,0,0,0,0,0,0,0,0,0,0,0,0,0,0,0,0,0,0,0,0,0,0,0
hokD,MOB_1619834_1619836_IS150_1,sv,1619834,0,0,0,0,0,0,0,0,0.0146,0.0107,0.0184,0.0131,0.0108,0,0.0311,0.0093,0,0,0.0108,0.0203,0.0107,0,0.0077,0.013,0.0194,0.0182,0.0215,0.0123,0,0,0,0.017,0.014,0.0331,0.0122,0.0076,0.0183,0,0.0254,0.0333,0.0208,0.0202,0.0166,0,0.0086,0.0093,0,0.0163,0.039,0.0162,0,0.0062,0,0.0292,0,0.0283,0.0061,0,0.0079,0.0106,0,0,0,0.0155,0,0.007,0.1109,0.0092,0.0439,0.021,0.0885,0.0636,0.1629,0.1853,0.133,0.3712,0.2664,0.2211,0.2636,0.5955,0.4476,0.2441,0.086,0.1639,0.4074,0.2084,0.0572,0.2303,0.3188,0.2827,0.188,0.0804,0.1019,0.0623,0.0861,0.0594,0.0642,0.0493,0.089,0.058,0.0073,0.0236,0.0362,0.0062,0.0825,0.0482,0.1488,0.0547,0.054,0.018,0.0184,0.0429,0.0679,0.0571,0.0319,0.0742,0.0845,0.0325,0.0113,0.0665,0.0497
intergenic,MOB_1619929_1619930_IS150_-1,sv,1619929,0,0,0,0,0,0.0205,0,0,0,0,0,0,0,0,0,0.0018,0,0,0.0088,0,0,0,0.0069,0,0,0,0.0169,0,0,0,0,0,0,0,0.0102,0.0504,0.1221,0.0972,0.1745,0.4796,0.4334,0.7207,0.7285,0.2809,0.3685,0.275,0.1038,0.0112,0,0,0,0.0019,0,0,0,0,0,0,0.0078,0,0,0,0,0,0,0,0,0,0,0,0,0,0,0,0,0,0,0.0205,0.0093,0,0,0,0.0592,0.0055,0,0.0022,0,0.0025,0,0.0067,0.0019,0,0,0,0,0,0,0,0,0,0,0.0028,0,0,0,0,0,0,0,0,0.0124,0,0,0,0,0,0,0,0,0.0058,0
ECB_01535,MOB_1621642_1623001_IS150_1,sv,1621642,0,0,0,0,0,0,0,0,0,0,0,0,0,0,0,0,0,0,0,0,0,0,0,0,0,0,0,0,0,0,0,0,0.0144,0,0.0076,0,0,0,0,0,0,0,0,0,0,0,0,0,0,0,0,0,0,0,0,0,0,0.0056,0,0.0099,0,0,0,0,0,0,0,0,0,0,0,0,0,0,0,0,0,0,0,0,0,0,0,0,0,0,0,0,0,0.0034,0,0,0,0,0,0,0,0,0,0,0,0,0,0,0,0,0.0777,0.0556,0.0424,0.014,0.007,0.0187,0.0202,0,0.0088,0.0598,0.123,0.065,0.0053,0.0669,0.0498
ydfX,MOB_1623000_1623003_IS150_1,sv,1623000,0,0,0,0,0,0,0.0044,0,0,0,0,0,0,0,0,0,0,0,0,0,0,0,0.0449,0.1148,0.0917,0.0423,0.1667,0.1542,0.0725,0,0,0,0.0174,0,0,0,0,0,0,0,0,0,0,0,0,0,0,0,0,0,0,0,0,0,0,0,0,0,0,0,0,0,0,0,0,0,0,0,0,0,0.0093,0,0,0,0,0,0,0,0,0.0078,0,0,0,0.005,0.0115,0.0025,0,0.0024,0,0,0,0,0,0,0,0,0,0.0081,0,0,0,0,0,0,0,0,0,0,0,0.0065,0,0,0,0,0,0,0,0.0035,0,0,0
ynfB,MOB_1633026_1633029_IS3_1,sv,1633026,0,0,0,0,0,0,0,0,0,0,0,0,0,0,0,0,0,0,0,0,0,0,0,0,0,0,0,0,0,0,0,0,0,0,0,0,0,0,0,0,0,0,0,0,0,0,0,0,0,0,0,0,0,0,0,0,0,0,0,0,0,0,0,0,0,0,0,0,0,0,0,0,0,0,0,0.0052,0.0565,0.1973,0.129,0.4713,0.4019,0.192,0.0529,0.2349,0.3128,0.2457,0.0586,0.2037,0.4762,0.2369,0.2193,0.0666,0.0875,0.1075,0.0803,0.0208,0.0088,0.033,0.076,0.0443,0.0386,0.0027,0,0,0,0,0.0596,0.0572,0,0,0,0.007,0.0209,0.0222,0.0819,0.0422,0.0951,0.0551,0,0.0321,0.0342
rstB,G->A,synonymous,1661015,0,0,0,0,0,0,0,0,0,0,0,0,0,0,0,0,0,0,0,0,0,0,0,0,0,0,0,0,0,0,0.027,0,0,0,0,0,0,0,0,0,0,0,0,0,0,0,0,0,0,0,0,0,0,0,0,0,0,0,0,0,0,0,0,0,0,0,0,0,0,0,0,0,0,0,0,0,0,0,0,0,0,0,0,0,0,0,0,0,0,0,0,0,0,0,0,0,0,0.0566,0.0588,0.3019,0.4138,0.5755,0.4138,0.1852,0.0405,0.0303,0,0.0704,0.0317,0.254,0.3611,0.0476,0,0,0.0182,0,0,0,0,0,0
hdhA,MOB_1674620_1674628_IS1_1,sv,1674620,0,0,0,0,0,0,0,0,0,0,0,0,0,0,0,0,0,0,0,0,0,0,0,0,0,0,0,0,0,0,0,0,0,0,0,0,0,0,0.0256,0,0,0,0,0,0,0,0,0,0,0,0,0,0,0,0,0,0,0,0,0,0,0,0,0,0,0,0,0,0,0,0,0,0,0,0,0,0,0,0,0,0,0,0,0,0,0,0.0135,0,0,0,0,0,0.0066,0,0,0,0,0,0,0,0,0,0,0,0,0,0.0127,0,0,0.0169,0,0.025,0,0.0206,0.0111,0.0694,0.1667,0.083,0,0.0432,0.0388
add,C->A,missense,1680383,0,0,0,0,0,0,0,0,0,0,0,0.0357,0,0,0,0,0,0,0,0,0,0,0,0,0,0,0,0,0,0,0,0,0,0,0,0,0,0,0,0,0,0,0,0,0,0,0,0,0,0,0,0,0,0,0,0,0,0,0,0,0,0,0,0,0,0,0,0,0,0,0,0,0,0,0,0,0,0,0,0,0,0,0,0,0,0,0,0,0,0,0,0,0,0,0,0,0,0,0,0,0,0,0.0357,0,0,0,0,0,0,0,0.0488,0.3607,0.3714,0.2727,0.62,0.6923,0.6222,0.873,0.8361,0.8632,0.8932
blr,T->C,missense,1681772,0,0,0.0909,0.0196,0,0,0,0,0,0,0,0,0,0,0,0,0,0,0,0,0,0,0,0,0.0169,0.2,0.303,0.0634,0.2857,0.2821,0.8571,0.9839,0.9342,0.9737,0.9432,0.9394,0.9219,0.9688,0.7059,0.9101,0.875,0.8718,0.8263,0.98,1,0.9821,0.9688,0.9647,0.8852,0.8361,0.8938,0.9264,0.9825,1,0.9524,0.9437,0.92,0.9043,0.9091,0.7763,0.95,0.9231,0.8182,0.8696,0.8,0.7742,0.5833,0.9024,0.8659,0.8889,0.7407,0.9208,0.8478,0.6875,0.8679,0.6161,0.6316,0.7288,0.7857,0.5119,0.5,0.8621,0.5,0.8351,0.5577,0.7205,0.9655,0.7565,0.6,0.7214,0.7589,0.8169,0.8857,0.931,0.75,0.9194,1,0.9452,0.9265,0.9621,1,0.993,0.9737,1,0.913,1,0.9032,0.9429,0.9677,1,0.9588,0.9593,0.9559,0.951,0.9844,0.9652,0.8852,0.9241,0.9829,0.9873,0.9466
intergenic,indel;-1;+T,indel,1689743,0,0,0,0,0,0,0,0,0,0,0,0,0,0,0,0,0,0,0,0,0,0,0,0,0,0,0,0,0,0,0,0,0,0,0,0,0,0,0,0,0,0,0,0,0,0,0,0,0,0.0238,0,0,0,0.0179,0,0,0,0,0,0,0,0,0,0.0228,0,0.0172,0,0.0597,0.0194,0.0769,0.1136,0.018,0.0303,0,0,0,0,0,0,0,0,0,0,0,0,0.0049,0,0,0,0,0,0,0,0,0,0,0,0.0282,0,0,0,0,0,0,0,0,0,0,0,0,0,0,0,0,0,0,0,0,0,0,0
ydhH,MOB_1695703_1695709_IS186_1,sv,1695703,0,0,0.1,0,0,0,0,0,0,0,0,0,0,0,0,0,0,0,0,0,0,0,0,0,0.0265,0,0,0.0037,0,0,0,0,0,0,0,0,0,0,0,0,0,0,0,0,0,0,0.0367,0,0,0,0,0,0.0079,0.0161,0,0.1412,0.3833,0.56,0.7073,0.8095,0.6308,0.85,0.6667,0.3843,0.6486,0.7083,0.3333,0.8169,0.6111,0.7895,0.6667,0.8723,0.8265,0.8617,0.8462,0.638,0.7429,0.6234,0.8046,0.379,0.6471,0.7097,0.8333,0.6828,0.5155,0.7743,0.973,0.7753,0.7143,0.6877,0.7612,0.9109,0.8827,0.8431,0.8095,0.9733,0.9697,0.972,0.9813,0.9162,0.9217,0.9791,0.9765,0.9808,0.8904,0.9689,0.8839,0.8722,0.9466,0.9912,0.9829,0.9946,1,0.9531,0.9789,0.9677,0.8673,0.9727,1,0.8964,0.9465
ydhK,G->T,missense,1701071,0,0,0,0,0.0149,0.0455,0,0,0,0,0,0,0,0,0,0,0,0,0,0,0,0,0,0,0,0.0286,0,0.0105,0,0,0,0,0,0,0,0,0,0,0,0,0,0,0,0.6531,0.4524,0.629,0.8308,0.9355,0.75,0.7778,0.9054,0.9444,0.9813,0.9821,0.9286,0.8537,0.8971,0.8764,0.9636,0.8444,0.9706,1,0.9048,0.8925,1,0.8723,1,0.907,0.9494,0.8727,0.5652,0.863,0.75,0.9091,0.84,0.5838,0.597,0.5854,0.8413,0.4225,0.4466,0.6727,0.8333,0.8182,0.6047,0.6827,0.9865,0.7325,0.4894,0.6149,0.8018,0.86,0.8989,0.8936,1,0.9375,1,0.881,0.8837,0.969,1,1,1,1,0.9808,0.9489,0.9146,0.9688,0.9492,0.9677,1,0.9708,0.9231,0.971,0.9318,0.8895,0.8864,0.8805,0.9604,0.9735,0.9907
ydhB,G->C,missense,1716802,0,0,0,0,0,0,0,0,0,0,0,0,0,0,0,0,0,0,0,0,0,0,0,0,0,0,0,0,0,0,0,0,0,0,0.0185,0,0,0,0,0,0,0,0,0,0,0,0,0,0,0,0,0,0,0,0,0,0,0,0,0,0,0,0,0,0,0,0,0,0,0,0,0,0,0,0,0,0,0,0,0,0,0,0,0,0,0,0,0,0,0,0,0,0,0,0,0,0.0667,0.1077,0.0678,0.0724,0.0612,0.0375,0.1,0.0787,0.0132,0,0,0,0,0,0,0,0,0,0,0,0,0,0,0,0
cfa,T->A,missense,1719513,0,0,0,0,0,0,0,0,0,0,0,0,0,0,0,0,0,0,0,0,0,0,0,0,0,0,0,0,0,0,0,0,0,0.0196,0,0,0,0,0,0,0,0,0,0,0,0,0,0,0,0,0,0,0,0,0,0,0,0,0,0,0,0,0,0,0,0,0,0,0,0,0,0,0,0,0,0,0,0,0,0,0,0,0,0,0,0,0,0,0,0,0,0,0,0,0,0,0,0,0,0,0,0,0,0,0,0,0,0,0,0,0,0,0.0164,0.1008,0.1493,0.4511,0.4035,0.7941,0.8,0.8732,0.8705
pykF,junction_1733527_-1_IS150_end,sv,1733527,0,0,0,0,0,0,0,0,0,0,0,0,0,0,0,0,0,0,0,0,0,0,0,0,0,0,0,0,0,0,0,0,0,0,0,0,0.075,0,0,0.1515,0,0,0.0217,0,0,0.0323,0,0.0556,0.1538,0.1842,0.1207,0.0853,0.061,0.027,0.5,0.119,0.2889,0.2456,0.1111,0.2778,0,0.2,0.1667,0.1795,0.2353,0.25,0.4,0.0323,0.26,0.2059,0.1818,0.2024,0.1538,0.2286,0.2333,0.5379,0.3158,0.4762,0.2564,0.7188,0.5972,0.322,0.5714,0.1867,0.377,0.3272,0.04,0.3873,0.4286,0.3869,0.2273,0.1714,0.0741,0.0465,0,0.0294,0,0.1026,0.0851,0.1224,0.0909,0,0.0294,0,0.0556,0.0595,0.1546,0.0615,0.0556,0,0,0.0283,0.0968,0.0595,0.0526,0.0706,0.2051,0.0602,0,0.0309,0.1031
pykF,MOB_1733646_1733647_IS150_-1,sv,1733646,0,0,0,0.0175,0,0,0.0109,0.0141,0,0.0051,0,0.0488,0.0253,0,0,0.0333,0,0,0.0196,0.075,0.0202,0.0631,0.0118,0.0465,0.0503,0,0,0.0397,0.0825,0,0.0149,0,0.0673,0.0896,0.0114,0,0.0092,0.0526,0,0.05,0,0,0.0094,0.0159,0,0.0167,0.0114,0.0283,0.0448,0.1228,0.1316,0.0594,0.0411,0.0143,0,0.0543,0.0727,0.0855,0.0556,0.0938,0.026,0,0,0.0601,0.0833,0.1522,0,0.0769,0.1111,0.04,0.1061,0.1009,0.0632,0.0233,0.0256,0.2982,0.2,0.125,0.1719,0.5217,0.2424,0.1727,0,0.1293,0.1781,0.145,0,0.1466,0.4118,0.1627,0.1204,0.0625,0.0583,0.0566,0,0.0233,0,0.0543,0.0632,0.0392,0,0,0,0,0.0221,0.0139,0.0408,0.0217,0.0185,0.0435,0,0.0063,0.0417,0.0443,0.0111,0.0333,0.0938,0.0556,0,0.0419,0.013
pykF,T->C,missense,1733752,0,0,0.1,0.4074,0.9529,0.4,0.4574,0.84,0.9583,0.5361,0.0769,0.0645,0,0,0,0.0061,0,0,0,0,0,0,0,0,0,0,0,0,0,0,0,0,0,0,0,0,0,0,0,0,0,0,0,0,0,0,0,0,0,0,0,0,0,0,0,0,0,0,0,0,0,0,0,0,0,0,0,0,0,0,0,0,0,0,0,0,0,0,0,0,0,0,0,0,0,0,0,0,0,0,0,0,0,0,0,0,0,0,0,0,0,0,0,0,0,0,0,0,0,0,0,0,0,0,0,0,0,0,0,0,0
pykF,G->T,missense,1733865,0,0,0,0.16,0.0541,0.3636,0.4888,0.1,0.0909,0.3883,0.8182,0.871,0.9492,1,1,0.9487,1,1,0.9756,1,0.9524,0.9839,1,0.8667,0.9077,1,1,0.9635,1,0.9697,0.913,0.9836,0.9821,0.9412,0.9825,0.9818,1,1,0.9375,0.9565,1,0.9677,0.982,1,1,0.9574,0.9818,0.9216,0.8793,0.8723,0.84,0.9358,0.9741,0.9412,1,0.963,0.8281,0.9195,0.92,0.8049,0.9706,1,1,0.8903,0.9524,0.7442,0.4,0.8049,0.942,0.8571,0.8788,0.8197,0.831,0.8409,0.931,0.5351,0.7742,0.7442,0.7963,0.5593,0.5269,0.6271,1,0.8875,0.7143,0.7716,0.9074,0.8125,0.4524,0.7407,0.7887,0.8679,0.9221,0.963,1,0.9608,0.9677,0.963,0.8824,0.9804,0.9783,1,0.9608,1,0.9747,0.9565,0.9205,0.9583,0.9688,1,1,0.964,0.9643,0.9817,0.9737,0.9,0.8537,0.9667,0.9756,0.9561,0.9302
pykF,A->G,missense,1734007,0,0,0.0769,0,0,0,0,0,0,0,0,0,0,0,0,0,0,0,0,0,0,0,0,0,0,0,0,0,0,0.0303,0,0,0,0,0,0,0,0,0,0,0,0,0,0,0,0,0,0,0,0,0,0.0043,0,0,0,0,0,0,0,0,0,0,0,0,0,0,0,0,0,0.1053,0.2456,0.6628,0.8136,0.871,0.8525,0.5778,0.7273,0.7547,0.875,0.6143,0.4691,0.7353,0.7143,0.8676,0.6066,0.7923,0.9412,0.7639,0.6047,0.74,0.7424,0.8571,0.881,0.9265,0.9286,0.9265,0.9556,0.9487,0.9104,0.9663,0.963,0.9924,0.9714,0.9841,0.9605,0.9569,0.967,0.9481,0.9438,0.9747,1,0.9756,1,0.9771,1,0.9,0.9032,0.9241,0.9674,0.9359,0.9153
lpp,indel;+A;-1,indel,1734604,0,0,0,0,0,0,0,0.0169,0,0,0,0,0,0,0,0,0,0,0,0,0,0,0,0,0,0,0,0,0,0,0,0,0,0,0,0,0,0,0,0,0,0,0.0174,0.0217,0,0.0192,0,0,0,0.027,0.01,0,0,0,0,0.0132,0,0,0,0,0,0,0,0.0056,0,0,0,0,0,0,0.0213,0,0.0217,0,0,0,0,0,0,0.0172,0,0,0,0,0,0.0064,0,0.0054,0,0.0058,0.0046,0,0.0357,0.0125,0,0,0,0.0278,0,0,0,0,0,0,0,0.009,0,0,0.0095,0.0638,0.0533,0.0562,0.0702,0.1216,0.0649,0.0326,0.0179,0.0312,0.0132,0.0093,0.0734
lpp,G->A,noncoding,1734679,0,0,0,0,0,0,0,0,0,0,0,0,0,0,0,0,0,0,0,0,0,0,0,0,0,0,0,0,0,0,0,0,0,0,0,0,0,0,0,0,0,0,0,0,0,0,0,0,0,0,0,0,0,0,0,0,0,0,0,0,0,0,0,0,0,0,0,0,0,0,0,0,0,0,0,0.0066,0,0,0,0,0,0,0,0,0,0,0,0,0,0,0,0,0,0,0,0,0,0,0,0,0,0,0,0,0,0,0,0,0,0.0185,0,0.25,0.1591,0.1833,0.0597,0.0385,0.0545,0.0183,0.0417,0.0155,0
intergenic,MOB_1734949_1734961_IS4_-1,sv,1734949,0,0,0,0,0,0,0,0,0,0,0,0,0,0,0,0,0,0,0,0,0,0,0,0,0,0,0,0,0,0,0,0,0,0,0,0,0,0,0,0,0,0,0,0,0,0,0,0,0,0,0,0,0,0,0,0,0,0,0,0,0,0,0,0,0,0,0,0,0,0,0,0,0,0,0,0,0,0,0,0,0,0,0,0,0,0,0,0,0,0,0,0.0152,0,0,0,0,0,0,0,0,0,0,0,0,0,0,0,0.0159,0,0.0098,0.0334,0.2535,0.2304,0.1977,0.1082,0.0589,0.0144,0.0188,0.0213,0.0297,0.0489
intergenic,MOB_1734949_1734961_IS4_1,sv,1734949,0,0,0,0,0,0,0,0,0,0,0,0,0,0,0,0,0,0,0,0,0,0,0,0,0,0,0,0,0,0,0,0,0,0,0,0,0,0,0,0,0,0,0,0,0,0,0,0,0,0,0,0,0,0,0,0,0,0,0,0,0,0,0,0,0,0,0,0,0,0,0,0,0,0,0,0,0,0,0,0,0,0,0,0,0,0,0,0,0,0,0,0,0,0,0,0,0,0,0,0.0074,0,0,0,0,0,0,0,0.008,0,0.0295,0.078,0.3446,0.4472,0.5885,0.5552,0.8414,0.7631,0.9188,0.9451,0.867,0.8602
ydiQ,MOB_1757644_1757646_IS150_1,sv,1757644,0.0028,0,0,0,0,0,0,0,0,0.01,0,0.0154,0,0,0,0.0026,0,0,0,0,0,0.0083,0.0108,0,0.0119,0,0.0263,0.0075,0,0,0,0,0.0079,0.0088,0.007,0,0.0276,0,0.0256,0,0.0465,0.0357,0.0491,0,0,0,0.0114,0,0,0,0.0109,0.009,0.005,0,0,0.016,0.0078,0,0,0.0233,0,0,0,0.0145,0,0.02,0,0.0145,0,0,0,0,0,0,0,0.0104,0,0.0417,0.0202,0.0602,0.0993,0,0,0,0,0.0071,0.0132,0,0.0145,0,0.0022,0.0065,0,0.0086,0.0909,0.2333,0.4262,0.6901,0.566,0.4421,0.1757,0.348,0.4286,0.8035,0.8299,0.9091,0.8272,0.338,0.1852,0.1462,0.1622,0.8782,0.9318,0.9582,0.8792,0.9793,0.8831,0.9878,1,1,0.9829
intergenic,junction_1781242_-1_IS150_end,sv,1781242,0,0,0,0,0,0,0,0,0,0.0839,0.4371,0.021,0,0,0,0,0,0,0,0,0,0,0,0,0.0087,0,0.0532,0,0,0,0,0,0,0,0,0,0,0,0,0,0,0,0,0,0,0,0,0,0,0,0,0,0,0,0,0,0,0,0,0,0,0,0,0,0,0,0,0,0,0,0,0,0,0,0,0,0,0,0,0,0,0,0,0,0,0,0,0.0033,0.0259,0,0,0,0,0,0,0,0,0,0,0,0,0,0,0,0,0,0,0,0.0087,0,0,0,0,0,0,0,0,0,0,0,0
intergenic,MOB_1781310_1781312_IS150_-1,sv,1781310,0,0,0,0,0,0,0,0,0,0,0,0,0,0,0,0,0,0,0,0,0,0,0,0,0,0,0,0,0,0,0,0,0,0,0,0,0,0,0,0,0,0,0.0023,0,0,0,0,0,0,0,0.0087,0,0,0,0,0,0,0,0,0,0,0,0,0,0,0,0,0.0078,0,0,0,0,0,0,0,0.0018,0,0.0248,0.0714,0.1053,0.0163,0,0,0,0,0,0,0,0,0,0.0015,0,0,0,0,0,0,0,0.007,0,0,0,0,0,0,0,0,0,0.005,0,0,0,0,0,0,0,0,0,0,0,0
ydjM,indel;-1;+G,indel,1787467,0,0,0,0,0,0,0,0,0,0,0,0,0,0,0,0,0,0,0,0,0,0,0,0,0,0,0,0,0,0,0,0,0,0,0,0,0,0,0,0,0,0,0,0,0,0,0,0,0,0,0,0,0,0,0,0,0,0,0,0,0,0,0,0,0,0,0,0,0,0,0,0,0,0,0,0,0,0,0,0,0,0,0,0.0375,0.1765,0.2731,0.381,0.2719,0.1081,0.0227,0.0045,0.0135,0,0,0,0,0,0,0,0,0,0,0,0,0,0,0,0,0,0,0.0506,0,0,0,0,0,0,0,0,0,0
katE,G->T,synonymous,1792556,0,0,0,0,0,0,0,0,0,0,0,0,0,0,0,0,0,0,0,0,0,0,0,0,0,0,0,0,0,0,0,0,0,0,0,0,0,0,0,0,0,0,0,0,0,0,0,0,0,0,0,0,0,0,0,0,0,0,0,0,0.0588,0.1,0.2,0.1844,0.3103,0.0889,0,0.027,0,0,0,0.1667,0.0959,0,0,0,0,0,0,0,0,0,0,0,0,0,0,0,0,0,0.005,0,0,0,0,0,0,0,0,0,0,0,0,0,0,0,0,0,0,0,0,0,0,0,0,0,0,0.0076,0,0,0
spy,junction_1802912_-1_IS1_end,sv,1802912,0.0071,0,0,0,0,0,0,0,0,0,0,0,0,0,0,0,0,0,0,0,0,0,0,0,0,0,0,0,0,0,0,0,0,0,0,0,0,0,0,0,0,0,0,0,0,0,0,0,0,0,0,0,0,0,0,0,0,0,0,0,0,0,0,0,0,0,0,0,0,0,0,0,0,0,0,0,0.0192,0,0.02,0,0.0145,0,0,0,0,0,0,0,0.0323,0,0.0039,0,0.0159,0,0,0,0,0,0,0,0,0,0,0,0,0,0,0.0145,0.0588,0.0167,0.0491,0.1667,0.0926,0.1074,0.2321,0.0552,0.0566,0.048,0.04,0.1017,0.0495
astE,MOB_1803267_1803275_IS1_1,sv,1803267,0,0,0,0,0,0,0,0,0,0,0,0,0,0,0,0,0,0,0,0,0,0,0,0,0,0,0,0,0,0,0,0,0,0,0,0,0,0,0,0,0,0,0,0,0,0,0,0,0,0,0,0,0.006,0,0,0,0,0,0,0,0,0,0,0,0,0,0,0,0,0,0,0.0444,0.3491,0.6282,0.6932,0.4315,0.7447,0.6593,0.7978,0.4397,0.5278,0.7682,0.8333,0.9053,0.6542,0.8043,0.9352,0.674,0.5918,0.7438,0.75,0.7727,0.8595,0.8345,0.9143,0.8824,0.9394,0.9636,0.8598,0.8959,0.9541,0.9512,0.9333,0.9695,0.9577,0.9309,0.8125,0.957,0.9526,0.9318,0.9832,0.9474,0.9342,0.9555,0.9391,0.9631,0.9612,0.9393,0.9825,0.9498,0.9602
astE,G->T,missense,1803641,0,0,0,0,0,0,0,0,0,0,0,0,0,0,0,0,0,0,0,0,0,0,0,0,0,0,0,0,0,0,0,0,0,0,0,0,0,0,0,0,0,0,0,0,0,0,0,0,0,0,0,0,0,0,0,0,0,0,0,0,0,0,0,0,0,0.037,0,0.05,0.2,0.5366,0,0,0,0,0,0,0,0,0,0,0,0,0,0,0,0,0,0,0,0,0,0,0,0,0,0,0,0,0,0,0,0,0,0,0,0,0,0,0,0,0,0,0,0,0,0,0,0,0,0,0
astE,indel;-2,indel,1803890,0,0,0,0,0,0,0,0,0,0,0,0,0,0,0,0,0,0,0,0,0,0,0,0,0,0,0,0,0,0,0,0,0,0,0,0,0,0,0,0,0,0,0,0,0,0,0,0,0,0,0,0,0,0,0,0,0,0,0,0,0,0,0,0,0,0,0,0,0,0,0,0,0,0.0882,0.08,0.1942,0,0,0,0,0,0,0,0,0,0,0,0,0,0,0,0,0,0,0,0,0,0,0,0,0,0,0,0,0,0,0,0,0,0,0,0,0,0,0,0,0,0,0,0,0
astB,MOB_1805352_1805355_IS150_1,sv,1805352,0,0,0,0,0,0,0,0,0,0.0056,0,0,0,0,0,0,0,0,0,0.0806,0.0274,0.0092,0.0171,0.0251,0.0689,0,0,0.0297,0.0511,0,0.0666,0.0132,0.0399,0.0605,0.0222,0,0.0078,0,0,0.0932,0.0219,0,0.0116,0.046,0.0117,0.0117,0.0663,0.1439,0.2308,0.1045,0.1645,0.0836,0.0432,0.0118,0.0477,0.0644,0.079,0.1106,0.0294,0.2437,0.0898,0.2,0,0.1164,0.0761,0.2155,0.1357,0.1038,0.0873,0.1376,0.248,0.1102,0.169,0.1726,0.0932,0.4434,0.5674,0.319,0.2732,0.531,0.5311,0.2645,0.4957,0.1656,0.4242,0.3393,0.0451,0.2438,0.3671,0.3052,0.2468,0.0866,0.0961,0.1338,0.2136,0.1094,0.0531,0.0962,0.1291,0.0423,0.094,0,0.016,0,0.0923,0.0551,0.1022,0.007,0.0507,0.0424,0.0367,0.0138,0.1053,0.0491,0.0143,0.1013,0.2161,0.0554,0.03,0.0583,0.0453
ynjI,MOB_1821482_1821484_IS150_-1,sv,1821482,0,0,0,0,0,0,0,0,0.0129,0,0.0128,0,0,0,0,0.0041,0,0.0089,0.011,0,0.0102,0.0053,0,0.0491,0.0179,0.029,0,0.0067,0.0081,0,0,0.0068,0.0227,0.0989,0.0055,0.014,0.0163,0,0,0.0127,0,0.0241,0.0583,0.011,0.0083,0.0198,0,0.0064,0,0.0121,0.011,0.0065,0.0348,0.0328,0.0906,0.0815,0.1678,0.1694,0.081,0.2325,0.0347,0.4146,0.0324,0.1088,0.12,0.1408,0.0623,0.1137,0.0899,0.1304,0.2751,0.2085,0.1875,0.2221,0.2439,0.4535,0.2153,0.2993,0.2253,0.467,0.5255,0.2308,0.2492,0.2349,0.2704,0.2974,0.1072,0.2441,0.5709,0.297,0.1939,0.0611,0.0839,0.1172,0,0.0584,0.0286,0.0855,0.1088,0.0655,0.0342,0.0172,0.0227,0.0173,0.0738,0.0243,0.1222,0.1005,0.0658,0.0238,0.012,0.0217,0.0379,0.0565,0.0703,0.0378,0.1046,0.0409,0.0203,0.0484,0.0343
ynjI,junction_1821573_1_IS150_end,sv,1821573,0,0,0,0,0,0,0,0,0,0,0,0,0,0,0,0,0,0,0,0,0,0,0,0,0,0,0,0,0,0,0,0,0,0,0,0,0,0,0,0,0,0,0,0,0,0,0,0,0,0,0,0,0,0,0,0,0,0,0,0,0,0,0,0,0,0,0,0,0,0,0,0,0,0,0,0.0142,0.0196,0,0.0317,0.1481,0,0,0,0,0.0526,0,0,0,0,0,0,0,0,0,0,0,0,0,0,0,0,0,0,0,0,0,0,0,0,0,0,0,0,0,0,0,0,0,0,0,0
topB,G->A,missense,1822553,0,0,0,0,0,0,0,0,0,0,0,0,0,0,0,0,0,0,0,0,0,0,0,0,0,0,0,0,0,0,0,0,0,0,0,0,0,0,0,0,0,0,0,0,0,0,0,0,0,0,0,0,0,0,0,0,0,0,0,0,0,0,0,0.015,0,0,0,0,0,0,0,0,0,0,0,0.0125,0.0167,0.1034,0.1509,0.0312,0.0417,0.04,0,0.0417,0.0192,0.0057,0,0,0,0,0,0,0,0,0,0,0,0,0,0,0,0,0,0,0,0,0,0,0,0,0,0.0187,0,0,0,0,0,0.0077,0,0,0
selD,G->A,missense,1824401,0,0,0,0,0,0,0,0,0,0,0,0,0.0345,0.2,0,0,0,0,0,0,0.0167,0,0,0,0,0,0,0.0144,0,0,0,0,0,0,0.0137,0,0,0,0,0,0,0,0,0,0,0,0,0,0,0,0,0,0,0,0,0,0,0,0,0,0.0323,0,0,0,0,0,0,0,0,0,0,0,0,0,0,0,0,0,0,0,0,0,0,0,0,0.012,0,0,0,0,0.005,0,0,0,0,0,0,0,0,0,0,0,0,0,0,0,0,0,0,0,0,0.0106,0,0,0,0.0097,0,0,0,0,0
yeaU,MOB_1861447_1861455_IS1_1,sv,1861447,0,0,0,0,0,0,0,0,0,0,0,0.0233,0,0,0,0,0,0,0,0,0,0,0,0,0,0,0,0,0,0,0,0,0,0,0,0,0,0,0,0,0,0,0,0,0,0,0,0,0,0,0,0,0,0,0,0,0,0,0,0,0,0,0,0,0,0,0,0,0,0,0,0,0,0,0,0,0,0,0,0,0,0.0206,0,0.0571,0.0286,0.1317,0.2877,0.3836,0.4194,0.6875,0.7143,0.94,0.953,0.8958,0.95,0.8736,0.9114,0.9669,0.9884,0.9389,0.931,0.9793,0.9744,0.9688,0.9346,0.9598,0.8466,0.8814,0.9619,0.9209,0.9712,0.983,0.9231,0.9378,0.9115,0.9209,0.8556,0.9171,0.9429,0.8929,0.9372
yoaC,G->T,missense,1872794,0,0,0,0,0,0,0,0,0,0,0,0,0,0,0,0,0,0,0,0,0,0,0,0,0,0,0,0,0,0,0,0,0,0,0,0,0,0,0,0,0,0,0,0,0,0,0,0,0,0,0,0,0,0,0,0,0,0.078,0.2973,0.1341,0.3662,0.7,0.2727,0.5714,0.1579,0.1951,0.0769,0.1471,0.188,0.0833,0.2464,0.0949,0,0.0222,0,0,0,0,0,0,0,0,0,0,0,0,0,0,0,0,0,0,0,0,0,0,0,0,0,0,0,0,0,0,0,0,0.0092,0,0,0,0,0,0,0,0,0,0,0,0,0,0
sdaA,MOB_1875544_1875549_IS186_1,sv,1875544,0,0,0,0,0,0,0,0,0,0.003,0,0,0,0,0,0,0,0.0094,0.0078,0,0,0,0,0,0.0043,0,0,0,0,0,0,0,0,0,0,0,0.0056,0,0,0,0,0,0.0112,0,0,0.0106,0.0059,0,0,0.0086,0,0,0,0,0,0,0.0106,0,0,0.0062,0,0,0,0.0018,0,0,0,0,0,0,0,0,0,0,0,0,0,0,0,0,0,0.0043,0,0,0,0.0065,0,0.0046,0,0.0031,0,0,0,0,0,0,0,0.0048,0,0.0026,0,0.0032,0.0062,0.0093,0,0,0.0051,0.0049,0.0051,0,0,0.0036,0,0.0195,0.097,0.1745,0.2429,0.1606,0.1197,0.0615,0.0357
yoaE,G->A,missense,1879438,0,0,0,0,0.0167,0,0,0,0,0,0,0.1429,0.0323,0,0,0,0,0,0,0,0,0,0,0,0,0,0,0,0,0,0,0,0,0,0,0,0,0,0,0,0,0,0,0,0,0,0,0,0,0,0,0,0,0,0,0,0,0,0,0,0,0,0,0,0,0,0,0,0,0,0,0,0,0,0,0,0,0,0,0.0164,0,0,0,0,0,0,0,0.011,0,0,0,0,0,0,0,0,0,0,0,0,0,0,0,0,0,0,0,0,0,0,0,0,0,0,0,0,0,0,0,0,0
intergenic,indel;-1;T;+T,indel,1880487,0.0075,0,0,0,0,0,0,0,0,0,0,0,0,0,0,0,0,0,0,0,0,0,0,0,0,0,0,0,0,0,0,0,0,0,0.0175,0,0,0,0,0,0,0,0,0,0,0,0,0,0,0.0667,0.642,0.7783,0.8462,0.8235,0.7273,0.7463,0.5455,0.3167,0.3208,0.2326,0.4054,0.6667,0,0.5763,0,0.25,0,0.32,0.2333,0.0645,0.1316,0.08,0.0208,0,0,0,0,0,0,0,0,0,0,0,0,0,0,0,0,0,0,0,0,0,0,0,0,0,0,0,0,0,0,0,0,0,0,0,0,0,0,0,0,0,0,0,0,0,0,0.0093,0
manX,MOB_1881290_1881298_IS1_-1,sv,1881290,0,0,0,0,0,0,0,0,0,0,0,0,0,0,0,0,0,0,0,0,0,0,0,0,0,0,0,0.0179,0.055,0.0785,0,0,0.0613,0.0299,0.0358,0.0209,0.1213,0.0355,0.2621,0.063,0.1889,0.1996,0.1386,0,0,0,0,0,0,0,0,0,0,0,0,0,0,0,0,0,0,0,0,0,0,0,0,0,0,0,0,0,0,0,0,0,0,0,0,0,0,0,0,0,0,0,0,0,0,0,0,0,0,0,0,0,0,0,0,0,0,0,0,0,0,0,0,0,0,0,0,0,0,0,0,0,0,0,0,0,0
prc,G->T,missense,1892597,0,0,0,0,0,0,0,0,0,0,0,0,0,0,0,0,0,0,0,0,0,0,0,0,0.0135,0,0,0,0,0,0,0,0,0,0,0,0,0,0,0,0,0,0,0,0,0,0,0,0,0,0,0,0,0,0,0,0,0,0,0,0,0,0,0,0,0,0,0,0,0,0,0,0,0,0,0,0,0,0,0,0,0,0,0,0,0.0152,0.1698,0.1214,0,0,0,0,0,0,0,0,0,0,0,0,0,0,0,0,0,0,0,0,0,0,0,0,0,0,0,0,0,0,0,0,0
ptrB,MOB_1907254_1907256_IS150_-1,sv,1907254,0,0,0,0,0,0,0,0,0,0,0,0,0,0,0,0,0,0,0,0,0,0,0,0,0,0,0,0,0,0,0,0,0,0,0,0,0,0,0,0,0,0,0,0,0,0,0,0,0,0,0,0,0,0,0,0,0,0,0,0,0,0,0,0,0,0,0,0,0,0,0,0.0529,0.0385,0.0562,0.1038,0.1522,0.0275,0.0299,0,0,0.0067,0,0,0,0,0,0,0,0,0,0,0,0,0,0,0,0,0,0,0,0,0,0,0,0,0,0,0,0,0,0,0,0,0,0,0,0,0,0,0.0036,0
yebK,MOB_1915984_1915986_IS150_1,sv,1915984,0,0,0,0,0,0,0,0,0,0,0,0,0,0,0,0,0,0,0,0,0,0,0,0,0,0,0,0,0,0,0,0,0,0.0284,0.0319,0.1899,0.168,0,0,0,0,0,0,0,0,0,0,0,0,0,0,0,0,0,0,0,0,0,0,0,0,0,0,0,0,0,0,0,0,0,0,0,0,0,0,0,0,0,0,0,0,0,0,0,0,0,0,0,0,0,0,0,0,0,0,0,0,0,0,0,0,0,0,0,0,0,0,0,0,0,0,0,0,0,0,0,0,0,0,0,0
pykA,MOB_1916474_1916482_IS1_-1,sv,1916474,0,0,0,0,0,0,0,0,0,0,0,0,0,0,0,0,0,0,0,0,0,0,0,0,0,0,0,0,0,0,0,0,0,0,0,0.0344,0.0736,0.2375,0,0.0608,0,0,0,0,0,0,0,0,0,0,0,0,0,0,0,0,0,0,0,0,0,0,0,0,0,0,0,0,0,0,0,0,0,0,0,0,0,0,0,0,0,0,0,0,0,0,0,0,0,0,0,0,0,0,0,0,0,0,0,0,0,0,0,0,0,0,0,0,0,0,0,0,0,0,0,0,0,0,0,0,0
pykA,C->A,missense,1916815,0,0,0,0,0,0,0,0,0,0,0,0,0,0,0,0,0,0,0,0,0,0,0,0,0,0,0,0,0,0,0,0,0,0,0.0169,0.0351,0.1212,0.1765,0.3889,0.4717,0.3714,0.7647,0.7402,0.2727,0.4681,0.4,0.0833,0.0156,0,0,0,0,0,0,0,0,0,0,0,0,0,0,0,0,0,0,0,0,0,0,0,0,0,0,0,0,0,0,0,0,0,0,0,0,0,0,0,0,0,0,0.0043,0,0,0,0,0,0,0,0,0.0083,0,0,0,0,0,0,0,0,0,0,0,0,0,0,0,0,0,0.0067,0,0,0
pykA,G->A,missense,1917131,0,0,0,0,0,0,0,0,0,0,0,0,0,0,0,0,0,0,0,0,0,0,0,0,0,0,0,0,0,0,0,0,0,0,0,0,0,0,0,0.0755,0.24,0.0732,0.0522,0.6122,0.5484,0.6607,0.8163,0.918,0.9524,0.9143,0.9333,0.9407,0.951,0.9778,1,0.9623,0.9649,0.9189,0.8182,0.9167,0.9762,1,0.9231,0.9043,0.9,0.84,1,0.925,0.8704,0.9118,0.8158,0.898,0.875,0.9024,0.8,0.7179,0.6585,0.7179,0.8281,0.5082,0.5738,0.7857,1,0.8438,0.5676,0.7143,0.902,0.7889,0.4857,0.7209,0.8462,0.8393,0.9474,0.8814,1,0.9118,0.9474,0.9455,0.9189,0.9537,1,1,1,1,0.9512,0.981,0.9167,0.9398,1,0.9683,1,1,1,0.9892,0.9574,0.9182,0.9565,0.9459,0.9592,0.958,1
intergenic,C->T,noncoding,1929412,0,0,0,0,0,0,0.0093,0,0,0,0,0,0.0357,0,0.0714,0.029,0,0.05,0.0244,0,0,0.0119,0.0238,0.1429,0.0549,0,0,0.0402,0.0462,0.0333,0,0.025,0.0282,0.0926,0.0222,0,0,0,0,0.0667,0.0833,0,0.0127,0,0,0,0.0135,0.0323,0.119,0.0312,0.1548,0.0573,0.0367,0,0,0.0506,0.0864,0.0625,0.125,0.098,0,0.0667,0.1,0.057,0.1429,0.1163,0.3846,0.0652,0.0645,0.0638,0.1944,0.1169,0.1429,0.0455,0.22,0.4059,0.2833,0.2391,0.2687,0.5373,0.5488,0.254,0.0909,0.1688,0.4364,0.2857,0,0.2611,0.5417,0.3182,0.2172,0.2857,0.0619,0.1277,0.1429,0,0.0444,0.0471,0.0732,0.0265,0.02,0.0081,0.0278,0.0115,0.0169,0.0265,0.0506,0.058,0,0.0429,0,0.0405,0.0714,0.0364,0,0.0894,0.0317,0.0604,0.0206,0.045,0.0367
intergenic,G->A,noncoding,1957235,0,0,0,0.027,0,0,0,0,0,0,0,0,0,0,0,0.0041,0,0,0,0,0,0,0,0,0,0,0,0,0,0,0,0,0,0,0,0,0,0,0,0,0,0,0,0,0,0,0,0,0,0,0,0,0,0,0,0,0,0,0,0,0,0,0,0,0,0,0,0,0,0,0,0,0,0,0,0,0,0,0,0,0,0,0,0,0,0,0,0,0,0,0,0,0,0,0,0,0,0,0,0,0,0,0,0,0,0,0,0,0,0,0,0,0,0,0,0.0152,0.1212,0.0515,0.0404,0.0408,0.025
araG,indel;-5,indel,1962179,0,0,0,0,0,0,0,0,0,0,0,0,0,0,0,0,0,0,0,0,0,0,0,0,0,0,0,0,0.0455,0,0,0,0.1009,0,0.0263,0.0187,0.0672,0,0.2222,0.031,0.1277,0.0952,0.2577,0,0,0,0,0,0,0,0,0,0,0,0,0,0,0,0,0,0,0,0,0,0,0,0,0,0,0,0,0,0,0,0,0,0,0,0,0,0,0,0,0,0,0,0,0,0,0,0,0,0,0,0,0,0,0,0,0,0,0,0,0,0,0,0,0,0,0,0,0,0,0,0,0,0,0,0,0,0
yeeJ,MOB_1988481_1988484_IS150_1,sv,1988481,0.0025,0,0,0,0,0,0,0,0,0,0,0,0.0239,0,0,0.0157,0.0771,0.0317,0.0403,0,0,0.0057,0,0.0121,0,0,0,0.0022,0.0059,0,0,0,0.0062,0.0078,0.0064,0.0151,0,0.0491,0.0375,0.0052,0,0,0.0107,0,0,0,0,0,0.0088,0.0087,0,0.0067,0.0134,0,0,0,0.0066,0.0097,0.0073,0,0.0372,0,0.0282,0.0159,0,0.0078,0,0.0424,0.076,0.098,0.1395,0.0442,0.0321,0,0.0122,0.0037,0.0145,0.0083,0.008,0.0059,0,0.0228,0.0712,0.0245,0.0092,0.0078,0.0083,0.0587,0.0336,0.0256,0.0066,0,0,0.005,0,0.0083,0.0254,0,0.0093,0,0.0147,0.0034,0,0,0,0.0265,0.0115,0.0072,0,0.0111,0,0.0062,0,0.0111,0.0433,0.0512,0.0904,0.0309,0.0113,0.0452,0.0411
yeeF,A->C,missense,2017253,0,0,0,0,0,0,0,0,0,0,0,0,0,0,0.0667,0,0,0,0,0,0,0,0,0,0,0,0,0,0,0,0,0,0,0,0,0,0,0,0,0,0,0,0,0,0,0,0,0,0,0,0,0,0.0103,0.0217,0.125,0.0617,0.3099,0.4095,0.52,0.7872,0.5319,0.3571,0.6667,0.3037,1,0.6415,0.6667,0.8163,0.5393,0.8519,0.5349,0.7791,0.9123,0.8936,0.75,0.6389,0.746,0.8214,0.8519,0.4844,0.5435,0.7683,0.7143,0.8614,0.7083,0.8605,0.9167,0.7898,0.4423,0.7515,0.8333,0.7826,0.9494,0.9733,0.8889,0.9841,0.9811,0.8143,0.8871,0.9551,1,0.9752,0.96,1,0.9844,0.9664,0.9216,0.9914,0.9726,1,0.9677,1,0.9362,0.984,0.9298,0.9333,0.8393,0.9408,1,0.9701,0.9823
hisL,indel;-9,indel,2020021,0,0,0,0,0,0,0,0,0,0,0,0,0,0,0,0,0,0,0,0,0,0,0,0,0,0,0,0,0,0,0,0,0,0,0,0,0,0,0,0,0.0385,0,0,0,0,0,0,0,0,0,0,0,0,0,0,0,0,0,0,0,0,0,0,0,0,0,0,0,0,0,0,0,0,0,0,0,0,0,0,0,0,0.0865,0.1176,0.2258,0.3766,0.163,0.2893,0.3618,0.1714,0.6496,0.7084,0.8148,0.875,0.8785,1,0.9796,0.9268,0.931,0.8395,0.9,1,0.961,1,1,0.9765,0.9608,0.8876,1,0.9722,0.9333,1,0.9861,0.95,1,1,0.9362,0.8421,1,1,0.9684,0.964
hisG,MOB_2020131_2020133_IS150_-1,sv,2020131,0,0,0,0,0,0,0,0,0,0,0,0.0727,0.5,0.8621,0.75,0.1118,0.1667,0.0244,0.0308,0,0.0087,0,0,0,0,0,0.05,0.0109,0.0084,0,0.0115,0,0.0085,0,0.0154,0.0215,0,0.0476,0,0,0,0.0303,0.0112,0,0,0,0,0,0,0,0,0,0,0,0,0.0189,0,0,0,0,0,0,0,0.0128,0,0,0,0,0,0.0227,0,0,0,0,0,0.004,0,0,0,0.0122,0,0,0,0,0,0,0,0,0,0,0,0,0,0.0141,0,0,0,0,0,0,0,0,0,0,0,0,0,0.0156,0,0,0,0,0,0,0,0,0,0,0,0.018,0
hisH,A->C,missense,2024631,0,0,0,0,0,0,0,0,0,0,0,0,0,0,0,0,0,0,0,0,0,0,0,0,0,0,0,0,0,0,0,0,0,0,0,0,0,0,0,0,0,0,0,0,0,0,0,0,0,0,0,0,0,0,0,0,0,0,0,0,0,0,0,0,0,0,0,0,0,0,0,0,0,0,0,0,0,0,0,0,0,0,0,0,0,0,0,0,0,0.0726,0.159,0.029,0,0.0154,0,0,0,0,0,0,0,0,0,0,0,0,0,0,0,0,0,0,0,0,0,0,0,0,0,0,0
manB,A->G,synonymous,2032777,0,0,0,0,0,0,0,0,0,0,0,0,0,0,0,0,0,0,0,0,0,0,0,0,0,0,0,0,0,0,0.4444,1,0.4583,0.6667,0.5556,1,0.5455,0.8182,0.5,0.3846,0.6667,0.6667,0.3889,0.75,1,1,0.875,0.6,0.7,0.1667,0.4286,0.5172,0.6667,0.6667,0.75,0.4,0.6667,0.5238,0.3636,0.375,0.875,0.6667,1,0.5,1,0.4,0,0.5,0.4762,0.2857,0.4444,0.5,0.4286,0.5,0.2667,0.241,0.0769,0.25,0.2222,0.0625,0.0784,0.2,0.6667,0.619,0.3571,0.375,0.875,0.3261,0.1667,0.2833,0.2809,0.6,0.5789,0.6154,1,0.5,1,0.5625,0.5,0.6087,0.8,1,1,0.875,0.75,0.8696,0.6,0.8421,0.5455,0.8333,0.8182,1,0.5556,0.6957,1,0.6842,0.3077,0.6842,0.9286,0.7097,0.9048
wzx,junction_2041415_-1_IS1_start,sv,2041415,0,0,0,0,0,0,0,0,0,0,0,0,0,0,0,0,0,0,0,,0,0,0,0,0,0,0,0,0,0,0,,0,0,0,0,0,,0,0,,,0,,0,0,0,0,,,0,0,0,,,0,0,0,0,0,,,,0,,0,,0,,0,0,0,,0,0,0,0,0,0,0,0,0,,0,0,0,,0,0,0,0,0,0,0,0,0,,,0,,0,,,,0,1,1,1,1,,,,1,1,,1,1,1,,1,1
cpsG,A->G,synonymous,2056004,0,0,0,0,0,0,0,0,0,0,0,0,0,0,0,0,0,0,0,0,0,0,0,0,0,0,0,0,0,0,0.5455,0.9286,0.6957,0.75,1,0.9286,0.6087,1,0.2,0.7778,0.3846,0.25,0.6792,1,0.8571,0.9167,0.8,1,0.7692,0.5,0.9167,0.881,1,0.9091,1,0.8095,0.7143,0.7143,0.7143,0.3125,0.7143,0.6667,1,0.8542,0,0.5556,0,0.75,0.5,0.4444,0.5,0.5217,0.8333,0.375,0.1818,0.4242,0.1739,0.3889,0.45,0.2162,0.1778,0.6667,1,0.5946,0.4545,0.5231,1,0.5283,0.0952,0.4103,0.5286,0.7273,0.7778,0.4167,1,0.8333,1,0.6842,0.95,0.84,0.9,0.9474,1,1,0.8182,0.8974,0.7826,0.9429,1,0.8125,1,0.9231,1,0.9091,0.875,0.7667,0.6667,0.7742,0.9167,0.875,0.8214
cpsG,A->C,synonymous,2056010,0,0,0,0,0,0,0,0,0,0,0,0,0,0,0,0,0,0,0,0,0,0,0,0,0,0,0,0,0,0,0.5455,0.9286,0.6957,0.75,0.9231,0.9286,0.6364,1,0.2,0.7778,0.3846,0.25,0.6923,1,0.8571,0.9167,0.8,1,0.7692,0.4286,0.9167,0.881,1,0.9091,1,0.7619,0.7143,0.6897,0.7143,0.3333,0.7143,0.6667,1,0.8542,0,0.5263,0,0.75,0.5294,0.4444,0.5556,0.5455,0.8333,0.375,0.1667,0.4375,0.1739,0.3889,0.5294,0.2286,0.1778,0.64,1,0.6111,0.4545,0.5231,1,0.5192,0.1,0.4211,0.5294,0.7273,0.7647,0.4167,1,0.8333,1,0.6842,0.95,0.84,0.8,0.9474,1,1,0.8182,0.9211,0.7826,0.9429,1,0.8125,1,0.9615,1,0.9048,0.875,0.7667,0.6667,0.7742,0.9167,0.875,0.8519
cpsG,A->G,synonymous,2056051,0,0,0,0,0,0,0,0,0,0,0,0,0,0,0,0,0,0,0,0,0,0,0,0,0,0,0,0,0,0.0909,0.8261,1,0.7222,0.8947,0.9643,0.9167,0.8085,1,0.6,0.8276,0.625,0.8182,0.809,1,1,0.9333,0.9375,0.9677,0.8235,0.8667,0.8889,0.9674,0.9796,0.9714,0.8889,0.9189,0.9111,0.8222,0.84,0.6,0.9565,0.8889,1,0.932,0.5556,0.7097,0.4,0.9167,0.86,0.8,0.8182,0.7647,0.8095,0.75,0.5385,0.5682,0.5714,0.6957,0.7778,0.475,0.359,0.8,1,0.8036,0.6522,0.6782,1,0.6667,0.28,0.5652,0.6733,0.8235,0.973,0.7667,0.6,0.9615,1,0.8,0.9722,0.9583,0.9091,0.9796,1,1,0.9697,0.9844,0.9512,0.9423,1,0.96,1,1,0.9231,0.9512,0.9583,0.9273,0.8293,0.9464,0.9722,0.9492,0.9508
cpsB,C->A,missense,2056398,0,0,0,0,0,0,0,0,0,0,0,0,0,0,0,0,0,0,0,0,0,0,0,0,0,0,0,0,0,0,0,0,0,0,0,0,0,0,0,0,0,0,0,0,0,0,0,0,0,0,0,0,0,0,0,0,0,0,0,0,0,0,0,0.006,0,0,0,0,0,0,0,0,0,0,0,0,0,0,0,0,0,0,0,0,0,0,0,0,0,0,0,0,0,0,0,0,0,0,0,0,0,0,0,0,0,0,0,0,0,0.0417,0,0.2609,0.2,0.1743,0.1915,0.0775,0.06,0.0087,0.019,0.0543,0.1048
wcaG,C->T,missense,2060039,0,0,0,0,0,0,0,0,0,0,0,0,0,0,0,0,0,0,0.027,0,0,0,0,0,0,0,0,0,0,0,0.0156,0,0,0,0,0,0,0,0,0.0156,0,0,0,0,0,0,0,0,0,0,0,0,0,0,0,0,0,0,0,0,0,0,0,0,0,0,0,0,0,0,0,0,0,0,0,0,0,0,0,0,0,0,0,0,0,0,0,0,0,0.0234,0.0574,0.1081,0.1358,0.0517,0.0625,0.0476,0.0652,0.0548,0.0656,0.0455,0.0185,0,0.0182,0,0.0161,0.058,0.0792,0.0082,0.0548,0.0122,0,0.016,0,0.0455,0.0323,0.0802,0.027,0.0511,0.0077,0.0135,0.0073
intergenic,junction_2100307_-1_2122454_1,sv,2100307,0,0,0,0,0.0113,0,0.0685,0.0176,0.0604,0.0514,0.055,0,0.0109,0,0,0.0125,0.0971,0,0.0669,0.1818,0.3598,0.427,0.0393,0.0272,0.0599,0.0817,0.2667,0.1678,0.179,0.0473,0,0.0326,0.0822,0.0325,0,0.0244,0.0755,0.0446,0.2536,0.1188,0,0.085,0.1117,0,0,0,0.0359,0.0127,0.0721,0.0498,0,0.0137,0.0226,0.0144,0,0.079,0.2952,0.4187,0.5125,0.5572,0.4487,0.8333,0.5825,0.3398,0.7692,0.605,0.8333,0.7055,0.6846,0.7282,0.4886,0.88,0.8607,0.8777,0.9227,0.7784,0.884,0.8273,0.8974,0.6629,0.7375,0.8817,1,0.9036,0.9504,0.9015,1,0.9289,0.8219,0.9493,0.9836,1,1,1,1,1,1,1,1,0.9838,1,1,1,1,1,1,1,1,1,1,1,1,1,1,1,0.9946,1,1,1,1,1
ECB_01992,indel;+35;+3;+CAGCCAGC;+31;+15;+23;+27;+CAGC;-4;+7;+CAGCCAGCCAGC,indel,2103887,0.0439,0.0416,0.1212,0.2009,0.1487,0.119,0.249,0.1806,0.29,0.3266,0.3158,0.0929,0.2407,0.1818,0.4082,0.3848,0.2778,0.2786,0.3325,0.1818,0.1627,0.2542,0.1991,0.2778,0.3454,0.05,0.0592,0.2158,0.2104,0.2714,0.2169,0.1648,0.1422,0.2292,0.1761,0.2322,0.2405,0.2431,0.4,0.1691,0.2062,0.1907,0.4306,0.274,0.3785,0.272,0.2238,0.2998,0.2555,0.2228,0.1587,0.281,0.3641,0.22,0.3297,0.3134,0.3352,0.2901,0.2183,0.6538,0.2143,0.25,0.25,0.2923,0.1667,0.303,0.4545,0.4118,0.1515,0.3333,0.3571,0.137,0,0.3571,0,0.2402,0.5405,0.8696,1,0.931,0.9,1,0,1,1,1,,0.9615,0.6,1,1,,,,,,,,,,,,,0,,,,,,,,,,,,,,,,,
ECB_02013,MOB_2122428_2122430_IS150_1,sv,2122428,0,0,0,0,0,0,0,0,0,0,0,0,0,0,0,0,0,0,0,0,0,0,0.0075,0,0,0,0,0.0027,0,0,0,0,0,0,0,0,0.0081,0,0,0,0,0,0,0,0,0.0267,0,0.0201,0.0625,0.0694,0.1168,0.053,0.0265,0.0141,0.0278,0.0656,0.1405,0.3069,0.1493,0.3721,0.1169,1,0,0.18,0.4545,0.3784,0.3333,0.5,0.1556,0.1429,0.3617,0.8182,1,1,1,1,1,1,1,1,1,1,1,1,1,1,1,1,1,1,1,,,,,,,,,0,,,,,,,,,,,,,,,,,,,,,
intergenic,C->A,noncoding,2129510,0,0,0,0,0,0,0,0,0,0,0,0,0,0,0,0,0,0,0,0,0,0,0,0,0,0,0,0,0,0,0,0,0,0.0217,0,0,0,0,0,0.05,0.0714,0.0345,0,0,0.0161,0.0164,0,0.0303,0.1569,0.0625,0.0779,0.058,0.0089,0.0196,0,0.1081,0.1059,0.1359,0.0625,0.1333,0.0377,0.0625,0,0.1011,0.0667,0.2157,0,0.0175,0.0227,0.1071,0.2759,0.087,0.1111,0.1538,0.1842,0.3016,0.3731,0.413,0.2281,0.4643,0.3521,0.2152,0.125,0.1923,0.3585,0.1357,0.0435,0.2086,0.5385,0.2336,0.1979,0.1136,0.0494,0.0698,0,0.0508,0,0.0328,0.0645,0.0101,0,0.0079,0.0962,0,0.0769,0.0606,0.0579,0.0137,0.0353,0,0,0.0094,0,0.0426,0.0238,0.0593,0.1268,0.0316,0.0146,0.0175,0.0286
yehM,MOB_2157881_2157883_IS150_-1,sv,2157881,0,0,0,0,0,0,0,0,0,0,0,0,0,0,0,0,0,0,0,0,0.0054,0,0,0,0,0,0,0,0.0064,0,0,0,0,0,0,0,0,0,0,0,0,0,0,0,0,0.0076,0.0792,0.0543,0,0.0244,0,0,0,0,0,0,0,0,0,0,0,0,0,0,0,0,0,0,0,0,0,0,0,0,0,0,0,0.0164,0,0,0,0,0,0,0,0,0,0,0,0,0,0,0,0,0,0,0,0.0736,0.1312,0.0961,0.106,0.0616,0.0672,0.0218,0,0.004,0,0,0,0,0,0,0,0,0,0,0,0,0,0,0
yehM,MOB_2157881_2157883_IS150_1,sv,2157881,0,0,0,0,0,0,0,0,0,0,0,0,0,0,0,0.0073,0,0,0.0133,0.0625,0,0,0,0,0,0,0,0.0052,0.0127,0.0105,0.0088,0.0088,0,0.0087,0,0,0.0083,0.013,0,0.0093,0,0.0123,0.0034,0,0,0,0.0182,0.0108,0.0714,0.0976,0.125,0.0736,0.0411,0.0079,0.1351,0.1189,0.128,0.1824,0.0505,0.1458,0.068,0.1282,0.1111,0.098,0.04,0.156,0.1429,0.2099,0.1333,0.1798,0.2708,0.2059,0.1717,0.1681,0.0759,0.3729,0.1389,0.1475,0.1871,0.562,0.3989,0.2367,0.2941,0.2258,0.2857,0.2177,0.0365,0.2508,0.3974,0.2882,0.2191,0.0692,0.0773,0.0992,0,0.0476,0.0267,0.0441,0.1414,0.0321,0.0471,0.0181,0.0504,0.2971,0.3436,0.4395,0.514,0.0579,0.0604,0.2036,0.165,0.5573,0.6429,0.583,0.4262,0.2807,0.216,0.1006,0.11,0.1546,0.168
yehZ,junction_2170662_1_IS150_start,sv,2170662,0,0,0,0,0,0,0,0,0,0,0,0,0,0,0,0,0,0,0,0,0,0,0,0,0.0118,0.2,0.0833,0.0659,0.1406,0.027,0,0,0,0,0,0,0,0,0,0,0,0,0,0,0,0,0,0,0,0,0,0,0,0,0,0,0,0,0,0,0,0,0,0,0,0,0,0,0,0,0,0,0,0,0,0,0,0,0,0,0,0,0,0,0,0,0,0,0,0,0,0,0,0,0,0,0,0,0,0,0,0,0,0,0,0,0,0,0,0,0,0,0,0,0,0,0,0,0,0,0
cirA,MOB_2196655_2196657_IS150_-1,sv,2196655,0,0,0,0,0,0,0,0,0,0,0,0,0,0,0,0,0,0,0,0,0,0,0,0,0,0,0,0,0,0,0,0,0.0139,0,0,0,0,0,0,0,0,0,0.1824,0.0101,0.0092,0.0071,0.0417,0.024,0.0345,0.1,0.0642,0.0207,0.0195,0.0154,0.0769,0.0748,0.0331,0.1324,0.046,0.1864,0.0225,0.0938,0,0.0619,0.0233,0.0642,0,0.0333,0.0254,0.0988,0.092,0.0339,0.11,0.051,0.0444,0.2238,0.1049,0.125,0.0842,0.402,0.3465,0.1132,0,0.1295,0.241,0.1153,0.036,0.1822,0.3509,0.1958,0.1392,0.0234,0.0431,0.0325,0.0263,0.015,0.0244,0.0242,0.0619,0.0252,0.019,0.0043,0,0,0.0175,0.0142,0.0347,0.0343,0.0139,0.0197,0,0.0128,0.0083,0.0032,0.0484,0.0292,0.0828,0.055,0,0.0325,0.0143
rihB,junction_2205497_1_IS150_end,sv,2205497,0,0,0,0,0,0,0,0,0,0,0,0,0,0,0,0,0,0,0,0,0,0,0,0,0,0,0,0,0,0,0,0,0,0,0,0,0,0,0,0,0,0,0,0,0,0,0,0.0119,0,0.0476,0.0704,0.0622,0.0234,0.0147,0.0588,0.0941,0.0227,0.1389,0.0597,0.2222,0.0702,0.125,0.1,0.1086,0.125,0.3023,0.2727,0.0526,0.0822,0.1042,0.1833,0.0745,0.0899,0.0893,0.1277,0.4112,0.2167,0.2609,0.2031,0.5185,0.3488,0,0,0,0,0,0,0,0,0,0,0,0,0,0,0,0,0,0,0,0,0,0,0,0,0.0145,0,0,0,0,0,0,0,0,0,0,0,0,0,0,0
fruB,junction_2214729_1_IS150_end,sv,2214729,0,0,0,0,0,0,0,0,0,0,0,0,0,0,0,0,0,0,0,0,0,0,0,0,0,0,0,0,0,0,0,0,0,0,0,0,0,0,0,0,0,0,0,0,0,0,0,0,0,0,0,0,0,0,0,0,0,0,0,0,0,0,0,0,0,0,0,0,0,0,0,0,0,0,0,0,0,0.0222,0,0.0968,0.1724,0.2295,,0.125,0.3125,0.2903,0.0217,0.2676,0.3043,0.3451,0.2244,0.0794,0.0513,0.0189,0.0714,0.1282,0.04,0.0652,0.0682,0.0909,0.0698,0,0,0,0,0.0741,0.1034,0.0417,0,0.04,0,0.0469,0.0263,0,0.0417,0.0693,0.1163,0.0467,0.0161,0.1165,0.0253
fruB,junction_2214763_-1_2218305_1,sv,2214763,0,0,0,0,0,0,0,0,0,0,0,0,0,0,0,0,0,0,0,0,0,0,0,0,0,0,0,0,0,0,0,0,0,0,0,0,0.0359,0.1894,0.163,0,0,0,0,0,0,0,0,0,0,0,0,0,0,0,0,0,0,0,0,0,0,0,0,0,0,0,0,0,0,0,0,0,0,0,0,0,0,0,0,0,0,0,0,0,0,0,0,0,0,0,0,0,0,0,0,0,0,0,0,0,0,0,0,0,0,0,0,0,0,0,0,0,0,0,0,0,0,0,0,0,0
spr,T->G,missense,2221376,0,0,0,0,0,0,0,0,0,0,0,0,0,0,0,0,0,0,0,0,0,0,0,0,0,0,0,0,0,0,0,0,0,0,0,0,0,0,0,0,0,0,0,0,0,0,0,0,0,0,0,0,0,0,0,0,0,0,0,0,0,0,0,0,0,0,0,0,0,0,0,0,0,0,0,0,0,0,0,0,0,0,0,0,0,0,0,0,0,0,0,0,0,0.2105,0.0667,0.5128,0.6667,0.1013,0.013,0.0165,0,0,0,0,0,0,0,0,0,0,0,0,0,0,0,0,0,0,0,0,0
yejB,MOB_2225725_2225727_IS150_1,sv,2225725,0,0,0,0,0,0,0,0,0,0,0,0,0,0,0,0,0,0,0,0,0,0,0,0,0,0,0,0,0,0,0,0,0,0,0,0,0,0,0,0,0,0,0,0,0,0,0,0,0,0,0,0,0,0,0,0,0,0,0,0,0,0,0,0,0,0,0,0,0,0,0,0,0,0,0,0,0,0,0,0,0,0,0,0,0,0,0,0,0,0,0,0,0.0041,0.0654,0.1515,0.0485,0,0.0149,0.024,0,0,0,0,0,0,0.0099,0.0038,0,0,0,0,0,0,0,0,0,0,0,0,0,0
yejF,G->A,missense,2227693,0,0,0,0,0,0,0,0,0,0.006,0,0,0,0,0,0,0,0,0,0,0,0,0,0,0,0,0,0,0,0,0,0,0,0,0,0,0,0,0,0,0,0,0,0,0,0,0,0,0,0,0,0,0,0,0,0,0,0,0,0,0,0,0,0,0,0,0,0,0,0,0,0,0,0,0,0,0,0,0,0,0,0,0,0,0,0,0,0,0,0,0,0,0,0,0,0,0,0,0.1059,0.2205,0.5238,0.6094,0.4074,0.191,0.0444,0.0391,0,0.2297,0.1143,0.2329,0.2812,0.0238,0,0.0071,0,0,0,0,0,0,0
atoS,T->C,missense,2267824,0,0,0,0,0,0,0,0,0,0,0,0,0,0,0,0,0,0,0,0,0,0,0,0,0,0,0,0,0,0,0,0,0,0,0,0,0,0,0,0,0,0,0,0,0,0,0,0,0,0,0,0,0,0,0,0,0,0,0,0,0,0,0,0,0,0,0,0,0,0,0,0,0,0,0,0,0,0,0,0,0,0,0,0,0,0,0,0,0,0,0,0,0,0,0,0.0147,0,0,0,0.0169,0.0921,0.0595,0.0741,0.0163,0.046,0.087,0.0593,0.4485,0.7396,0.5333,0.55,0.0471,0.0625,0.0191,0.0568,0,0.0119,0,0,0,0
atoC,T->G,missense,2268951,0,0,0,0,0,0,0,0,0,0,0,0,0,0,0,0,0,0,0,0,0,0,0,0,0,0,0,0.0182,0,0,0,0,0,0,0,0,0,0,0,0,0,0,0,0,0,0,0,0,0,0,0,0,0,0.0192,0,0,0,0,0,0,0,0,0,0,0,0,0,0,0,0.0233,0,0.1566,0.0484,0.1667,0.2,0.3145,0.2778,0.3019,0.1077,0.5536,0.5,0.1967,0.1333,0.1585,0.3659,0.213,0.0566,0.1517,0.5,0.32,0.1593,0.1013,0.0769,0.0303,0,0.0204,0.0667,0.0274,0.0897,0.0522,0.0192,0.0177,0,0,0.0714,0.0177,0.1339,0.0309,0.0395,0,0,0.0246,0.0233,0.0505,0.0303,0.041,0.1087,0.0233,0,0.0432,0.0403
yfaQ,T->G,missense,2275076,0,1,1,1,1,1,1,1,1,1,1,1,1,1,1,1,1,1,1,1,1,1,1,1,1,1,1,1,1,1,1,1,1,1,1,1,1,1,1,1,1,1,1,1,1,1,1,1,1,1,1,1,1,1,1,1,1,1,1,1,1,1,1,1,1,1,1,0.9714,1,1,1,1,1,1,1,1,1,1,1,0.9851,1,1,1,1,1,1,1,1,1,0.9948,1,1,1,1,0.9412,1,1,0.9714,0.9756,1,1,1,1,1,1,1,1,1,0.9863,1,1,1,1,1,1,1,1,1,1,1,1
intergenic,MOB_2283472_2283474_IS150_1,sv,2283472,0,0,0,0,0.0038,0.0421,0,0,0.1086,0.3384,0.4358,0.9286,0.9559,1,1,0.9668,0.9856,0.984,0.9953,0.8518,1,0.9682,0.9434,0.9915,0.9949,1,0.9883,0.9696,0.9877,1,1,0.9478,0.9917,0.9636,1,1,0.9446,1,0.8527,1,0.9539,1,0.9726,0.9752,0.9898,1,0.9842,0.9239,0.9419,0.902,0.9226,0.9536,0.9495,0.9806,0.8883,0.9627,0.8417,0.9,0.9462,0.9161,0.9505,1,1,0.9144,0.9277,0.9598,1,0.9028,0.869,0.9121,0.7263,0.9088,0.937,0.9151,0.8883,0.6372,0.9024,0.8338,0.91,0.5018,0.4772,0.8521,0.5809,0.9046,0.6556,0.7719,0.968,0.8445,0.6268,0.6969,0.7852,0.8788,0.9494,0.9119,0.9678,0.9839,0.9933,0.9351,0.9507,0.964,0.9952,0.9975,0.9901,1,0.9473,0.955,0.8929,0.9693,0.9827,0.9657,0.9847,0.9754,0.9645,0.9876,0.9342,0.9562,0.9794,0.9281,0.9941,0.9797,0.9674
ubiG,T->A,missense,2286562,0,0,0,0,0,0,0,0,0,0,0,0,0,0,0,0,0,0,0,0,0,0,0,0,0,0,0,0,0,0,0,0,0,0,0,0,0,0,0,0,0,0,0,0,0,0,0,0,0,0,0,0,0,0,0,0,0,0,0,0,0,0,0,0,0,0,0,0,0,0,0,0,0,0,0,0,0,0,0,0,0,0,0,0,0,0,0,0,0,0,0,0,0,0,0,0,0,0,0,0.0138,0.0196,0.0459,0.1449,0.0312,0.0238,0,0,0.0707,0,0.037,0,0,0,0,0,0,0,0,0,0,0
glpT,C->T,synonymous,2298777,0,0,0,0,0,0,0,0,0,0,0,0,0,0,0,0,0,0,0,0,0,0,0,0,0,0,0,0,0,0,0,0,0,0,0,0,0,0,0,0.0417,0.04,0,0,0,0,0.0159,0.0339,0.0548,0,0.14,0.1067,0.0245,0.0577,0,0.0952,0.0946,0.1026,0.1461,0.0351,0.1702,0.0909,0.25,0,0.0635,0.0714,0.186,0.4167,0.0968,0.0864,0.0741,0.1702,0.125,0.1429,0.1186,0.1489,0.3188,0.3818,0.1897,0.1429,0.3621,0.5181,0.2727,0.1111,0.2113,0.3333,0.2823,0.0769,0.2448,0.6923,0.2781,0.1705,0.0758,0.1545,0.0833,0.125,0.0465,0,0.0735,0.0755,0.0238,0,0.0092,0,0,0.0465,0.0208,0.1124,0.03,0.0986,0.0106,0,0.009,0,0,0.0545,0.0496,0.1455,0.09,0.0103,0.0659,0.0189
menC,MOB_2322340_2322345_IS186_-1,sv,2322340,0,0,0,0,0.0118,0.0385,0.0125,0.0089,0.0161,0.0059,0.0256,0,0.0091,0.0444,0,0,0.0345,0.0286,0.0213,0,0.0169,0.0609,0.0135,0.0508,0.0306,0,0,0.0549,0.023,0,0.0485,0.0755,0.0183,0.0303,0.0196,0.0517,0.0278,0.0233,0.0323,0.0112,0.0213,0.0303,0,0,0,0.02,0.0106,0.0638,0.1944,0.2154,0.1351,0.106,0.0633,0.0312,0.1471,0.1193,0.1136,0.0909,0.1186,0.2714,0.0349,0.1538,0.04,0.197,0.0909,0.2949,0,0.2167,0.1389,0.1587,0.2247,0.2524,0.2529,0.0972,0.2169,0.4097,0.4144,0.3434,0.2394,0.6415,0.5345,0.2614,0.2727,0.2123,0.3871,0.3092,0.1165,0.2808,0.5167,0.2744,0.2265,0.0187,0.1221,0.0968,0.0571,0.0206,0.027,0.0615,0.0145,0.068,0.027,0,0,0.0168,0.0495,0.061,0.0979,0.1022,0.0222,0.0199,0.0111,0.0238,0.0164,0.0196,0.027,0.1083,0.1882,0.1408,0.0621,0.1269,0.1196
menC,MOB_2322340_2322345_IS186_1,sv,2322340,0,0.0164,0,0,0,0,0.0458,0,0,0.0296,0.0513,0.0159,0.0182,0,0,0.0119,0,0,0.0638,0,0.0169,0,0,0,0.0102,0,0.0408,0.0037,0.0805,0.0143,0,0,0.0183,0.0303,0.0098,0,0.0185,0.0465,0.2258,0.4831,0.5106,0.7121,0.8351,0.3019,0.6618,0.3,0.1979,0,0,0,0,0.0092,0.0127,0.0208,0,0,0.0114,0.0076,0.0169,0.0286,0.0233,0,0,0.0051,0,0,0,0.0167,0,0,0.0449,0.0194,0.0115,0.0694,0.012,0.0129,0.045,0.0202,0.0282,0,0.0086,0,0,0.0068,0.0108,0.0195,0,0.0493,0,0.0181,0.0127,0.0467,0,0.0403,0.0286,0.0928,0.1757,0.0154,0.0145,0.012,0,0.0323,0.0312,0,0.0099,0,0,0.0146,0,0.0265,0,0.0357,0,0,0,0.0167,0.0235,0.0047,0.0062,0.0152,0.0217
purF,T->A,missense,2372506,0,0,0,0,0,0,0,0,0,0,0,0,0,0,0,0,0,0,0,0,0,0,0,0,0,0,0,0,0,0,0,0,0,0,0,0,0,0,0,0,0,0,0,0,0,0,0,0,0,0,0,0,0,0,0,0,0,0,0,0,0,0,0,0,0,0,0,0,0,0,0,0,0,0,0,0,0,0,0,0,0,0,0,0,0,0,0,0,0,0,0,0,0,0,0,0,0,0,0,0,0,0,0,0,0,0,0,0,0,0,0,0,0,0,0,0.015,0.2078,0.5514,0.5357,0.6667,0.8627
purF,G->A,missense,2372668,0,0,0,0,0,0,0,0,0,0,0,0,0,0,0,0,0,0,0,0,0,0,0,0,0,0,0,0,0,0,0,0,0,0,0,0,0,0,0,0,0,0,0,0,0,0,0.0182,0,0,0,0,0,0,0,0,0,0,0,0,0,0,0,0,0,0,0,0,0,0,0,0,0,0,0,0,0,0,0,0,0,0,0,0,0,0,0,0,0,0,0,0,0,0,0,0,0,0,0,0,0,0,0,0,0,0,0.0111,0.0123,0.0411,0.0755,0.1129,0.1837,0.0235,0,0,0.0233,0,0,0,0,0,0
dedD,G->T,missense,2374784,0,0,0,0,0,0,0,0,0,0,0,0,0,0,0,0,0,0,0,0,0,0,0,0,0,0,0,0,0,0,0,0,0,0,0,0,0,0,0,0,0,0,0,0,0,0,0,0,0,0,0.0417,0.0663,0.5238,0.439,0.5455,0.5532,0.46,0.3284,0.3333,0.129,0.4211,0.2857,0.875,0.6063,0.4737,0.2273,0.1667,0.0976,0.2308,0.1228,0.28,0.06,0.0545,0,0.0238,0,0,0,0,0,0,0,0,0,0,0,0,0,0,0.0053,0,0,0,0,0,0,0,0,0,0,0,0,0,0,0,0,0,0,0,0,0,0,0,0,0,0,0,0,0,0,0
yfcTU,junction_2396328_-1_IS150_end,sv,2396328,0,0,0,0,0,0,0,0,0,0,0,0,0,0,0,0,0,0,0,0,0,0,0,0,0,0,0,0,0,0,0,0,0,0,0,0,0,0,0,0,0,0,0,0,0,0,0,0,0,0,0,0,0,0,0,0,0,0,0,0,0,0,0,0,0,0,0,0,0,0,0,0,0,0,0,0,0,0,0,0,0,0,0,0,0,0,0,0,0,0.0059,0.1898,0.0598,0.1129,0.1413,0.1134,0.0544,0.0236,0.1552,0.0974,0.0604,0.0818,0,0.0212,0,0.1448,0.0933,0.1139,0.0549,0.0152,0,0.0175,0.0887,0.1773,0.0074,0.1689,0.053900000000000003,0.1549,0.0382,0.026,0.0625,0.0295
yfcTU,MOB_2397526_2397528_IS150_1,sv,2397526,0,0,0,0,0,0,0,0,0,0,0,0,0.0098,0,0,0,0,0,0,0,0.0773,0.0136,0.0752,0.022,0.0095,0,0,0.0056,0.0146,0.012,0.0079,0,0,0.0094,0.0181,0.0359,0.014,0.0143,0,0.0138,0,0.0234,0.0038,0,0,0,0,0.0329,0,0,0.0062,0.0049,0.0193,0,0,0.0263,0.0072,0.0114,0.0084,0.0278,0,0,0.0267,0.0717,0.0958,0.1114,0.0623,0.031,0.0672,0.0563,0.097,0.1048,0.0904,0.0735,0.1042,0.3591,0.2192,0.252,0.1414,0.5311,0.4016,0.2916,0.2773,0.2379,0.3838,0.2778,0.0371,0.2429,0.4192,0.2965,0.1721,0.0155,0.0485,0.097,0,0.0537,0.0235,0.032,0.0445,0.0265,0.0457,0.0156,0.031,0,0.0308,0.0342,0.0617,0.0371,0.0065,0.0108,0.0129,0.0126,0.0224,0.0144,0.0576,0.0361,0.068,0.0757,0.0042,0.0356,0.0197
fadL,MOB_2406272_2406280_IS1_1,sv,2406272,0,0,0,0,0,0,0,0,0,0,0,0,0.013,0,0,0.0275,0,0.0176,0.0369,0.0437,0.0379,0.0314,0.0117,0.0556,0.0989,0,0,0.0873,0.0308,0.0216,0.0328,0,0.0185,0.0541,0.0236,0.0226,0.0385,0.1147,0.0726,0.0737,0,0,0.032,0,0,0.0247,0.0481,0.1222,0.125,0.1141,0.0902,0.0813,0.0489,0.0264,0.1775,0.0476,0.0879,0.154,0.0642,0.106,0.0328,0.1595,0.3327,0.0962,0.0848,0.1239,0.1822,0.2154,0.1418,0.1236,0.2501,0.131,0.1402,0.203,0.2913,0.3436,0.3263,0.3232,0.4473,0.6243,0.5748,0.206,0,0.2256,0.5304,0.2874,0.0985,0.234,0.4699,0.3671,0.2965,0.188,0.1152,0.1165,0.1261,0.1816,0,0.1111,0.0617,0.0363,0.0977,0.0216,0,0,0.036,0.02,0.1277,0.0323,0.0679,0.0113,0.0265,0.0228,0.0959,0.0265,0.0404,0.1148,0.1225,0.0732,0.0157,0.0378,0.0927
mntH,A->G,noncoding,2446991,0,0,0,0,0,0,0,0,0,0,0,0,0,0,0,0,0,0,0,0,0,0,0,0,0,0,0,0,0,0,0,0,0,0,0,0,0,0,0,0,0,0,0,0,0,0,0,0,0,0,0,0,0,0,0,0.0093,0,0,0,0,0,0,0,0,0,0,0,0,0,0,0,0,0,0,0,0,0,0,0,0,0,0,0,0,0,0.0254,0.0217,0.0089,0,0,0.0217,0.7544,0.8617,0.8774,1,0.9565,1,0.9516,0.8974,0.936,0.9853,1,1,0.9775,0.9254,0.98,0.88,0.9752,0.9794,0.962,1,0.9856,1,0.9938,0.9798,0.929,0.9294,0.9167,0.9918,0.9694,0.9703
intergenic,MOB_2448493_2448498_IS186_-1,sv,2448493,0.0035,0,0.1252,0.4164,0.9637,0.8128,0.4736,0.8521,0.9363,0.7712,0.638,0.8829,0.9133,1,0.9677,0.9639,0.9737,0.8663,0.9096,0.8973,0.935,0.8925,0.9066,0.9489,0.8549,1,0.8661,0.8479,0.8694,0.7939,0.9376,1,0.9211,0.9603,0.9674,0.9646,0.9259,0.8915,0.7874,0.8987,0.9767,0.9683,0.9122,0.9901,1,0.9926,1,0.9471,0.9663,0.9231,0.95,0.9497,0.9357,0.9772,0.9697,0.9748,0.9422,0.9254,0.9675,0.9421,0.9843,0.8947,0.9444,0.9138,0.9407,0.9412,0.875,0.9239,0.9367,0.9315,0.8484,0.8888,0.9453,0.9403,0.9074,0.7669,0.841,0.8031,0.8507,0.3343,0.5332,0.8233,0.8333,0.8277,0.7559,0.8593,0.96,0.7781,0.5292,0.8236,0.8902,0.9583,0.9724,0.9507,1,0.9748,0.9703,0.9929,0.9091,0.9677,1,0.9892,1,1,0.9794,0.9849,0.9197,0.9771,0.9929,0.9936,0.9937,0.9928,0.9604,0.9852,0.9829,0.9347,0.8865,0.9583,1,0.9667,0.9864
intergenic,MOB_2448493_2448498_IS186_1,sv,2448493,0,0.0105,0,0,0.0036,0,0.0132,0.0074,0,0,0.0604,0,0.0072,,0.0581,0,0,0,0,0,0,0,0,0.0259,0.0047,,0,0.0123,0.0196,0.0159,0.0216,,0.043,0.0198,0.0133,0,0.0164,0.0725,0.0424,0.0537,0.0431,0,0.0293,0.0192,,0.0182,,0.0527,0.0652,0.0766,0.0503,0.0503,0.0594,0.0174,0.0431,0.025,0.0582,0.0748,0.0522,0.0576,0.0426,0.1242,0.125,0.086,0.0549,0.0586,0.5,0.0758,0.063,0.0682,0.1547,0.1113,0.0544,0.0594,0.0922,0.2331,0.159,0.1969,0.1493,0.6657,0.4658,0.1767,0.2479,0.1722,0.2442,0.1406,0.1,0.2189,0.4719,0.1764,0.1097,0.0415,0.0276,0.0491,,0.0251,0.0522,0.0119,0.0914,0.0321,,0.0107,,,0.0205,0.015,0.0804,0.0184,0.0139,0.0118,0.0164,0.0072,0.0551,0.0147,0.0305,0.0653,0.1131,0.0387,,0.0332,0.0135
ptsI,C->G,missense,2463003,0,0,0,0,0,0,0,0,0,0,0,0,0,0,0,0,0,0,0,0,0,0,0,0,0,0,0,0,0,0,0,0,0,0,0,0,0,0,0,0,0,0,0,0,0,0,0,0,0,0,0,0,0,0,0,0,0,0,0,0,0,0,0,0,0,0,0,0,0,0,0,0,0,0,0,0,0,0,0,0,0,0,0,0,0,0,0,0,0,0,0,0,0,0,0,0,0,0,0,0,0,0,0,0,0,0,0,0,0,0.0164,0,0.3049,0.3864,0.375,0.4681,0.7905,0.9024,0.8857,0.8941,0.8235,0.8952
dapA,indel;A;+TT;-1;T;+T;+TC,indel,2520681,0,0,0,0.0208,0,0,0.0175,0,0.0147,0,0,0,0.0137,0,0,0.0252,0.0714,0.0377,0.0484,0.2143,0.0482,0.0482,0.1463,0.0682,0.1165,0.0476,0.0741,0.2373,0.0897,0,0,0.0435,0.1231,0.013,0.0225,0.012,0.0455,0.0323,0.2857,0.0395,0.0476,0,0.1872,0,0.0175,0,0.0152,0.0125,0.0328,0,0,0.0044,0.0085,0.0222,0,0,0.0118,0.011,0.0339,0.0204,0.0141,0,0,0.0136,0,0.0175,0,0,0,0,0.0128,0,0,0,0.0208,0.0164,0,0,0,0.0114,0.0583,0.0952,0,0.0789,0.3235,0.2402,0,0.2787,0.6316,0.3296,0.2389,0.1389,0.0889,0.1064,0,0.0896,0.0244,0.07,0.1053,0.0702,0.0196,0.02,0.0339,0,0.044,0.0141,0.0674,0.0476,0.0455,0.0253,0.0494,0.0171,0.0164,0.0312,0.0143,0.0296,0.1212,0.0629,0.0079,0.0325,0.0402
gcvR,C->T,missense,2520980,0,0,0,0,0,0,0.0043,0.012,0.0111,0,0,0,0,0,0,0,0,0,0,0,0,0,0,0,0,0,0,0,0,0,0,0,0,0,0,0,0,0,0,0.0125,0,0,0,0,0,0,0,0,0,0,0.0097,0,0,0,0,0,0,0,0,0,0,0,0,0,0,0,0,0,0,0,0,0,0,0,0,0,0,0,0,0,0,0,0,0,0,0,0,0,0,0,0,0,0,0,0,0,0,0,0,0.014,0.1039,0.0519,0.0893,0.0571,0.0435,0.0388,0.0924,0.438,0.7609,0.7262,0.4426,0.1097,0.0536,0.0379,0.0723,0,0,0,0,0,0
hyfA,MOB_2522612_2522617_IS186_-1,sv,2522612,0,0,0,0,0.0077,0,0,0,0.0128,0.0253,0,0,0.04,0.0345,0.1333,0.0043,0.0526,0.0702,0.0145,0.1176,0.0533,0.4948,0.7632,0.9643,0.8859,0.9825,0.9032,0.8383,0.7986,1,1,0.9912,0.925,0.9796,0.9742,0.972,0.9237,0.9535,0.8919,0.9211,0.8974,0.9231,0.8955,1,1,0.9848,0.975,0.9583,0.9412,0.973,0.9605,0.9187,0.9888,0.9783,0.963,0.9079,0.8609,0.9161,0.8952,0.8617,0.9649,0.9333,0.9048,0.9267,0.9333,0.8384,1,0.92,0.9449,0.9759,0.8077,0.8391,0.8365,0.9878,0.8675,0.7248,0.7946,0.7714,0.9043,0.5948,0.622,0.8421,1,0.8322,0.6889,0.8448,0.978,0.8315,0.7714,0.8161,0.8125,0.9468,0.906,0.9426,1,0.9266,0.975,0.9559,0.9032,0.9626,1,0.9864,1,1,0.9712,1,0.9592,0.9732,0.9699,0.979,0.9917,0.9852,1,0.9811,0.9655,0.9754,0.9301,0.9632,0.993,0.9572,0.9904
intergenic,MOB_2525337_2525339_IS150_1,sv,2525337,0,0,0,0,0,0,0,0,0,0,0,0,0,0,0,0,0,0,0,0,0,0,0,0,0,0,0,0,0,0,0,0,0,0,0,0,0,0,0.0164,0,0,0,0,0,0,0,0,0,0,0,0,0,0,0,0,0,0,0,0,0,0,0,0,0,0,0,0,0,0,0,0,0,0,0,0,0,0,0,0,0,0,0,0,0,0.0319,0.0932,0.3378,0.4313,0.5111,0.7507,0.776,0.9365,0.9725,0.9702,1,0.9831,1,0.9724,0.9597,0.9514,0.9667,0.9689,0.9583,1,1,0.9792,0.9239,0.9476,0.9766,0.9657,0.9841,0.9843,0.9787,0.9764,1,0.9604,0.8824,0.9308,1,0.9689,0.9632
uraA,G->C,missense,2540643,0,0,0,0,0,0,0,0,0,0,0,0,0,0,0,0,0,0,0,0,0,0,0,0,0,0,0,0,0,0,0,0,0,0,0,0,0,0,0,0.0444,0,0.1034,0.0146,0,0,0,0,0,0,0,0,0,0,0,0,0,0,0,0,0,0,0,0,0,0,0,0,0,0,0,0,0,0,0,0,0,0,0,0,0,0,0,0,0,0,0,0,0,0,0,0,0,0,0,0,0,0,0,0,0,0,0,0,0,0,0,0,0,0,0,0,0,0,0,0,0,0,0,0,0,0
iscR,C->T,noncoding,2582851,0,0,0,0.0227,0,0,0,0,0,0,0,0,0,0,0,0,0,0,0,0,0,0,0,0,0,0,0,0,0,0,0,0,0,0,0,0,0,0,0,0,0,0,0,0,0,0,0,0,0,0,0,0,0.0088,0,0,0,0,0,0,0,0,0,0,0.0045,0,0,0,0,0,0,0.0156,0,0,0,0,0.005,0,0,0,0,0,0,0,0,0,0.0746,0.2615,0.3212,0.3077,0.6158,0.7532,0.9014,0.9375,0.9529,0.9524,0.9362,0.9778,0.9118,0.9077,0.907,0.9855,0.9833,1,1,0.9655,0.9784,0.93,0.9455,0.9863,0.9508,1,0.9922,0.9792,0.9795,0.9315,0.9686,0.8219,0.9225,0.97,0.9554,0.9589
yfiN,A->C,missense,2664154,0,0,0,0,0,0,0,0,0,0,0,0,0,0,0,0,0,0,0,0,0,0,0,0,0,0,0,0,0,0,0,0,0,0,0.0556,0.1176,0.1786,0,0.0476,0,0,0,0,0,0,0,0,0,0,0,0,0,0,0,0,0,0,0,0,0,0,0,0,0,0,0,0,0,0,0,0,0,0,0,0,0,0,0,0,0,0,0,0,0,0,0,0,0,0,0,0,0,0,0,0,0,0,0,0,0,0,0,0,0,0,0,0,0,0,0,0,0,0,0,0,0,0,0,0,0,0
intergenic,MOB_2682442_2682444_IS3_-1,sv,2682442,0,0,0,0,0,0,0,0,0,0,0,0,0,0,0,0,0,0,0,0,0,0,0,0,0,0,0,0,0,0,0,0,0,0,0,0,0,0,0,0,0,0,0,0,0,0,0,0.0078,0.0172,0.0303,0.0814,0.0427,0.0584,0.024,0.0244,0.0746,0.0798,0.078,0.04,0.1221,0.0513,0.2059,0,0.0883,0,0.1786,0,0.0794,0.0619,0.0952,0.1442,0.0802,0.16,0.1136,0.1171,0.3371,0.2869,0.2273,0.1351,0.6788,0.4479,0.235,0.0833,0.1649,0.2661,0.1643,0.0092,0.1912,0.3889,0.2314,0.2465,0.0923,0.0323,0.0588,0.0182,0.0088,0.0094,0.0262,0.0296,0.0484,0.035,0.0031,0.0106,0,0.0255,0.0097,0.0789,0.0256,0.0422,0.0212,0,0,0.0481,0.0167,0.0355,0.0459,0.0839,0.0305,0.0182,0.0399,0.0188
nrdF,G->T,missense,2699124,0,0,0,0,0,0,0,0,0,0,0,0,0,0,0.1111,0.3,0.4444,0.8,0.7872,0.6471,0.6379,0.0299,0.0698,0,0,0,0,0,0,0,0,0,0,0,0,0,0,0,0,0,0,0,0,0,0,0,0,0,0,0,0,0,0,0,0,0,0,0,0,0,0,0,0,0,0,0,0,0,0,0,0,0,0,0,0,0,0,0,0,0,0,0,0,0,0,0,0,0,0,0,0,0.0135,0,0,0,0,0,0,0,0,0,0,0,0,0,0,0,0,0,0,0,0,0,0,0,0,0,0,0,0,0
emrR,C->T,noncoding,2705601,0.006,0,0,0,0,0,0,0,0,0,0,0,0,0,0,0,0,0,0,0,0,0,0,0,0,0,0,0,0,0,0,0,0,0,0,0,0,0,0,0,0,0,0,0,0,0,0,0,0,0,0,0,0,0,0,0,0,0.0093,0,0.0303,0,0,0,0,0,0.1154,0,0.0357,0.0244,0.08,0.1607,0,0,0,0,0,0,0,0,0,0,0,0,0,0,0,0,0,0,0,0,0,0,0,0,0,0,0,0.0139,0,0.0147,0,0,0,0,0,0,0,0,0,0,0,0,0,0,0,0,0,0,0,0.0142
ascF,MOB_2734828_2734829_IS150_-1,sv,2734828,0,0,0,0,0,0,0,0,0,0,0,0,0,0,0,0,0,0,0,0,0,0,0,0,0,0,0,0,0,0,0,0,0,0,0,0,0,0,0,0,0,0,0,0,0,0,0,0,0,0,0,0,0,0,0,0,0,0,0,0,0,0,0,0,0,0,0,0,0,0,0,0,0,0,0,0,0,0,0,0,0,0,0,0,0,0,0,0,0.0145,0.0076,0.196,0.0343,0.0814,0.1004,0,0.0781,0.0201,0.0632,0.1307,0.057,0.0188,0.0197,0.0501,0,0.0262,0.0274,0.0917,0.0478,0.0482,0,0.0104,0.0067,0.1081,0.0439,0.0606,0.1332,0.1626,0.0493,0.0135,0.0408,0.0676
ascB,MOB_2736667_2736672_IS186_-1,sv,2736667,0,0,0,0,0,0,0,0,0,0.0086,0,0,0,0,0.0303,0.01,0.0577,0.0769,0.0506,0.25,0.2041,0.156,0.1667,0.0471,0.1887,0.0556,0.2174,0.2857,0.2537,0.0526,0,0,0.1736,0.0972,0.0417,0.0815,0.1507,0.0526,0.225,0.14,0.1452,0.2394,0.2137,0,0,0,0,0,0,0,0,0,0,0,0,0,0,0,0,0,0,0,0,0,0,0,0,0,0,0,0,0.006,0,0,0,0,0,0,0,0,0.0068,0.006,0,0,0,0,0,0,0,0,0,0,0,0,0,0,0,0,0,0,0,0,0,0,0,0,0,0.0055,0,0,0,0.0169,0,0,0,0,0,0,0,0,0
mutS,G->A,missense,2753522,0,0,0,0,0,0,0,0,0,0,0,0,0,0,0,0,0,0,0,0,0,0,0,0,0,0,0,0,0,0,0.0071,0,0,0,0,0,0,0,0,0,0,0,0,0,0,0,0,0,0,0,0,0,0,0,0,0,0,0,0,0,0,0,0,0,0,0,0,0,0,0,0,0,0,0,0,0,0,0,0,0,0,0,0,0,0,0,0,0,0,0,0,0,0,0,0,0,0,0,0,0,0,0,0.0171,0.0893,0.1486,0.1752,0.1534,0.004,0.0069,0.03,0.0567,0.1102,0.0704,0.1107,0.0496,0.0711,0.0273,0.0041,0.0146,0.013,0.0175
ygbJ,A->G,noncoding,2756285,0,0,0,0,0,0,0,0,0,0,0,0,0,0,0,0,0,0,0,0,0,0,0,0,0,0,0,0,0,0,0,0,0,0,0,0,0,0,0,0,0,0,0,0,0,0,0,0,0,0,0,0,0,0,0,0,0,0,0,0,0,0,0,0,0,0,0,0,0,0,0,0,0,0,0,0,0,0,0,0,0,0,0,0,0,0,0,0,0,0,0,0.0079,0,0,0,0,0,0,0,0,0,0,0.0169,0.1512,0.1525,0.1375,0.2071,0.0086,0.0233,0.0359,0.0448,0.1736,0.096,0.1417,0.0255,0.0122,0.0155,0,0.0089,0,0.0041
ygbO,A->C,missense,2765962,0,0,0,0,0,0,0,0,0,0,0,0,0,0,0,0,0,0,0,0,0,0,0,0,0,0,0,0,0,0,0,0,0,0,0,0,0,0,0,0,0,0,0,0,0,0,0,0,0,0,0,0,0,0,0,0.045,0.1478,0.4365,0.5111,0.7358,0.5375,0.5263,0.5333,0.2667,0.5417,0.6522,0.75,0.6667,0.754,0.8,0.6613,0.9279,0.9231,0.8621,0.9074,0.7487,0.8052,0.8205,0.8308,0.566,0.6849,0.8469,1,0.9206,0.8689,0.8848,0.9861,0.8609,0.6,0.8718,0.8396,0.9468,1,0.9438,1,0.9718,0.9655,0.9798,0.9247,0.9254,1,1,0.9857,0.9889,1,0.9931,0.9641,0.9457,0.9732,0.9907,1,0.9915,0.9737,0.9706,0.9892,0.9484,0.9155,0.973,0.9815,0.9545,0.992
iap,T->G,missense,2772044,0,0,0.0909,0,0,0,0,0.0308,0,0,0,0,0,0,0,0,0,0,0.0091,0,0.007,0,0,0,0.0172,0.9189,0.7115,0.4894,0.7823,0.86,0.9848,1,0.903,0.951,0.9602,0.9457,0.9291,1,0.9062,0.9421,0.9231,0.8235,0.8216,1,1,0.9829,1,0.9595,0.9717,0.9167,0.981,0.9741,0.9852,1,0.8974,0.9733,0.9548,0.9179,0.9835,0.9322,0.9836,0.913,0.9167,0.9569,0.9783,0.8889,1,0.9904,0.9562,0.9375,0.7528,0.9017,0.9375,0.9885,0.9773,0.844,0.7182,0.8676,0.913,0.6729,0.7232,0.8765,0.8889,0.875,0.7474,0.9171,0.9545,0.8793,0.5763,0.86,0.875,0.9355,0.9518,0.9024,1,0.9583,0.971,0.9697,0.9123,0.9588,0.9891,0.9904,1,1,0.9767,0.9956,0.9517,0.9881,0.9711,1,1,0.9902,0.9877,0.989,0.9767,0.9756,0.93,0.9907,0.9944,0.9907,0.963
relA,C->T,missense,2801706,0,0,0,0,0,0,0,0,0,0,0,0,0,0,0,0,0,0,0,0,0,0,0,0,0.0087,0,0,0.0051,0,0.0385,0,0,0,0,0,0,0,0,0,0.0263,0,0,0,0,0,0,0,0,0,0,0,0,0,0,0,0.0119,0,0,0,0,0,0,0,0,0,0,0,0.0345,0.0366,0.0526,0.1587,0.0194,0.0135,0.0143,0,0.0095,0,0,0,0,0,0,0,0.0101,0,0,0,0,0,0,0.0047,0,0,0.0111,0.0714,0,0,0,0,0,0,0,0,0,0,0,0,0,0,0,0,0,0,0,0,0.0058,0.0109,0,0,0,0
relA,G->A,missense,2802018,0,0,0,0,0,0,0,0,0,0,0,0,0,0,0,0,0,0,0,0,0,0,0,0,0,0,0,0,0,0,0,0,0,0,0,0,0,0,0,0,0,0,0,0,0,0,0,0,0,0,0,0,0,0,0.05,0,0,0,0,0,0,0,0,0,0,0,0,0,0,0,0,0,0,0,0,0.0163,0.0278,0.1463,0.2121,0.0149,0.0115,0.0412,0,0.0345,0,0.0136,0,0,0,0,0,0,0,0,0,0,0,0,0,0,0,0,0,0,0,0,0,0,0,0,0,0,0,0,0,0,0,0,0,0,0
relA,C->A,missense,2802219,0,0,0,0,0,0,0,0,0,0,0,0,0,0,0,0,0,0,0,0,0,0,0,0,0,0,0,0,0,0,0,0,0,0,0,0,0,0,0,0,0,0,0,0,0,0,0,0,0,0,0,0,0,0,0,0,0,0,0.0169,0,0,0,0,0,0,0,0,0,0,0,0,0,0,0,0,0,0,0,0,0,0,0,0,0,0,0,0,0,0,0,0,0,0,0,0,0,0,0.0308,0.0952,0.2294,0.3529,0.1017,0.1852,0.0462,0.0575,0.0225,0.0701,0.4762,0.8193,0.6,0.4028,0.0789,0.05,0.0114,0.0566,0,0,0,0,0,0
fucI,MOB_2830450_2830452_IS150_1,sv,2830450,0,0,0,0,0,0,0,0,0,0,0,0,0,0,0,0,0,0,0,0,0,0,0.0112,0,0,0,0,0,0,0,0,0,0,0,0,0,0,0,0,0,0,0,0.0046,0,0,0,0,0.0198,0.0135,0,0.008,0,0.0056,0,0,0,0,0,0,0,0,0,0,0,0,0,0,0,0,0.0235,0.0196,0,0,0,0,0,0,0,0,0,0.0138,0.0079,0,0.0165,0,0,0,0,0,0.0038,0.0028,0,0,0,0,0,0,0.0076,0,0,0,0,0,0,0,0,0,0.0274,0.0189,0,0.0282,0.0061,0.0385,0.0262,0.0175,0.0909,0.1558,0.0718,0.0195,0.0161,0.0556
recC,G->T,missense,2854167,0,0,0,0,0,0,0,0,0,0,0,0,0,0,0,0,0,0,0,0,0,0,0,0,0,0,0,0,0,0,0,0,0,0,0,0,0,0.0526,0.0833,0.0789,0.0833,0.0794,0.1447,0,0,0,0,0,0,0,0,0,0,0,0,0,0,0,0,0,0,0,0,0,0,0,0,0,0.0101,0,0,0,0,0,0,0.0067,0,0,0,0,0,0,0,0,0,0,0,0,0,0,0,0,0,0,0,0,0,0,0,0,0,0,0,0,0,0,0,0,0,0,0,0,0,0,0,0,0,0,0,0,0
galR,G->A,missense,2871889,0,0,0.0769,0.4576,0.9576,0.4286,0.3811,0.8158,0.8108,0.6033,0.2222,0,0,0,0,0.0042,0,0,0,0,0,0,0,0,0,0,0,0,0,0,0,0,0,0,0,0,0,0,0,0,0,0,0,0,0,0,0,0,0,0,0,0,0,0,0,0,0,0,0,0,0,0,0,0,0.04,0,0,0,0,0,0,0,0,0,0,0,0,0,0,0,0,0,0,0,0,0,0,0,0,0,0,0,0,0,0,0,0,0,0,0,0.0123,0,0.0152,0,0,0,0,0,0,0,0,0,0,0,0,0,0,0,0,0,0
kduD,MOB_2877313_2877315_IS150_-1,sv,2877313,0,0,0,0,0,0,0,0,0.0059,0.0024,0,0,0,0,0,0.0239,0,0,0,0.0223,0.0057,0.0355,0.0207,0.0511,0.0497,0.0164,0,0.0349,0.0196,0.0126,0.0119,0.0261,0.024,0.0354,0.0222,0.0174,0.0164,0.0131,0,0.0626,0,0.013,0.0179,0.0175,0.0149,0,0.0232,0.0633,0.117,0.0521,0.0874,0.0784,0.0445,0.0347,0.1118,0.1052,0.1201,0.178,0.054,0.1709,0.0472,0.0615,0.0394,0.1074,0.0857,0.1686,0.2618,0.1241,0.1176,0.1653,0.2426,0.1708,0.1155,0.214,0.2538,0.363,0.2164,0.2345,0.1393,0.5112,0.4146,0.2305,0.0898,0.1938,0.3567,0.2507,0.062,0.2091,0.4708,0.3448,0.2578,0.2633,0.2543,0.1828,0.0704,0.2878,0.0206,0.2096,0.1326,0.1267,0.0211,0.0442,0.0324,0,0.1997,0.0767,0.1336,0.0219,0.117,0.0807,0.0554,0.0257,0.035,0.0962,0.0993,0.1431,0.2104,0.112,0.0098,0.1348,0.0955
kduD,MOB_2877356_2877359_IS150_1,sv,2877356,0.002,0,0.037,0,0.0023,0,0,0,0.0051,0,0,0,0,0,0,0.0017,0,0,0,0,0.0052,0.0052,0,0.0094,0,0,0,0,0,0,0,0,0,0.0133,0,0.0063,0.0076,0,0,0.0115,0,0,0.016,0,0,0,0.0165,0.0116,0,0.0226,0.009,0,0,0,0,0,0.0081,0.005,0,0,0,0,0,0,0,0,0,0,0,0,0,0,0,0,0,0,0,0.0078,0,0,0,0.0117,0,0,0,0.0025,0,0,0,0.0882,0.1423,0.9036,0.972,0.987,1,1,0.9661,0.9791,0.9722,0.997,1,0.994,1,1,0.9826,0.9904,1,1,1,1,0.989,0.9835,1,0.9898,1,0.9803,0.9752,0.9956,1,0.9887,0.99
yqeB,MOB_2899615_2899617_IS150_-1,sv,2899615,0,0,0,0,0,0,0,0,0,0,0,0,0,0,0,0.0047,0,0.0194,0,0,0,0.0074,0,0,0,0,0,0,0,0,0,0,0,0,0.0233,0.0174,0,0,0,0,0,0,0.0031,0,0,0.0074,0.0221,0.0138,0,0,0,0.0074,0,0,0,0,0.0144,0,0,0.01,0,0,0,0.0022,0,0,0,0,0.0061,0,0.0292,0.0596,0.0429,0.0683,0.1243,0.1454,0.0212,0.0088,0.009,0.007,0,0,0,0.0124,0,0.0043,0.0078,0.0111,0.0128,0.0106,0.0021,0,0,0,0,0,0,0,0,0.004,0,0.0092,0,0,0,0,0,0.0045,0,0.0058,0,0.0039,0,0.0185,0,0,0,0,0,0,0.0079
yqeB,MOB_2899615_2899617_IS150_1,sv,2899615,0,0,0.0357,0,0.0032,0,0.002,0,0,0.0057,0,0,0.0155,0,0.0244,0.0117,0.025,0.01,0.078,0,0.0124,0.0148,0.027,0.0122,0.0061,0,0,0.019,0.0273,0,0.014,0.0092,0,0.0579,0.0592,0.0412,0.1385,0.1855,0.0408,0.0198,0.0117,0,0.0126,0,0,0,0.0296,0.007,0.0095,0.0351,0,0.0075,0.0076,0,0,0.015,0.0218,0.0331,0.0351,0.0201,0,0,0,0.0175,0,0.0774,0.1429,0.0921,0.0123,0.0922,0.1183,0.0602,0.0434,0,0.0084,0.0598,0.0496,0.0354,0.0457,0.0286,0,0.0348,0,0.0125,0.0168,0.0087,0,0.0196,0.026,0.0319,0.0608,0.024,0,0,0,0,0,0,0.0143,0.0041,0.0127,0.0156,0.0103,0.006,0,0,0,0.0045,0,0.0293,0.05,0.0079,0.0198,0.0112,0,0.0065,0.0136,0.0135,0.008,0.0036,0.0161
gcvT,G->A,missense,2936148,0,0,0,0,0,0,0,0,0,0,0,0,0,0,0,0,0,0,0,0,0,0,0,0,0,0,0,0,0,0,0,0,0,0,0,0.0116,0,0,0,0,0,0,0.0053,0,0,0,0,0,0,0,0,0,0.0084,0,0,0,0,0,0,0,0,0,0,0.0524,0.0417,0,0,0,0.0149,0,0,0.1446,0.1169,0,0,0.0054,0,0,0,0,0,0,0,0,0,0,0,0,0,0,0,0,0,0,0,0,0,0,0,0.0058,0,0,0,0,0.022,0,0,0.0096,0,0,0,0,0,0,0,0,0,0,0,0,0
intergenic,MOB_2944401_2944406_IS186_1,sv,2944401,0.0086,0,0,0,0.005,0,0.0029,0.0275,0,0,0,0,0,0,0,0,0,0,0,0.1,0.0168,0,0,0,0,0,0,0,0,0.0217,0,0,0,0,0,0,0,0,0,0,0,0,0,0,0.0275,0.0294,0,0,0,0,0,0.0032,0,0,0,0,0,0,0,0.0167,0,0,0,0,0,0,0,0,0,0,0,0.0106,0,0,0,0,0,0,0.0667,0.0093,0,0,0,0.0084,0.0215,0.0099,0,0.0132,0,0.0043,0.0395,0.913,0.8869,0.871,0.85,0.9186,0.9831,0.9839,0.8832,0.9504,0.9706,0.9419,0.9432,0.9618,0.9828,0.9064,0.8945,0.9543,0.9759,0.9783,0.973,0.981,0.9351,0.9824,0.9137,0.9456,0.9052,0.937,0.974,0.9529,0.9914
sbm,T->C,missense,2947934,0,0,0,0,0,0,0,0,0,0,0,0,0,0,0,0,0,0,0,0,0,0,0.0111,0,0,0,0,0,0,0,0.0152,0,0,0,0,0,0,0,0,0,0,0,0,0,0,0,0,0,0,0,0,0.0051,0,0,0,0,0,0,0.0159,0,0,0,0,0,0,0,0,0,0,0,0,0,0,0,0,0,0,0,0,0,0,0,0,0,0,0,0,0,0,0,0.014,0.186,0.1667,0.2429,0.4706,0.0423,0.0189,0.0297,0.0946,0.2319,0.5075,0.6159,0.3158,0.1935,0.061,0.0699,0.024,0.1782,0.1196,0.1696,0.2609,0.0342,0,0,0,0,0,0,0.016,0,0
ygfH,MOB_2950664_2950666_IS150_1,sv,2950664,0,0,0,0,0,0,0,0,0,0,0,0.0199,0,0,0,0,0,0,0,0.0167,0.008,0,0,0,0,0,0,0,0,0,0,0,0,0,0,0,0,0,0,0,0,0,0.0281,0,0,0,0,0,0,0,0,0.0033,0,0,0,0,0.0093,0,0.0144,0,0,0,0,0.003,0,0,0,0,0.0212,0,0,0,0,0,0,0,0,0,0,0,0.0065,0,0,0,0,0,0,0,0,0,0,0,0,0,0,0.0139,0,0,0,0.0155,0,0,0,0,0.0159,0.0179,0.0718,0.0485,0.0394,0.0073,0.0105,0.0105,0.1359,0.0214,0.0854,0.0728,0.1512,0.0442,0.0196,0.0475,0.0319
fbaA,G->A,synonymous,2956647,0,0,0,0,0,0,0,0,0,0,0,0,0,0,0,0,0,0,0,0,0,0,0.0118,0,0,0,0,0,0,0,0,0,0,0,0,0,0,0,0,0,0,0,0.0047,0,0,0,0,0,0.0139,0,0,0.0085,0,0,0,0,0,0,0,0,0,0,0,0,0,0,0,0,0.0114,0,0,0,0,0,0,0.0042,0.0112,0,0,0,0,0,0,0,0,0,0,0.0047,0,0,0,0,0,0,0,0,0,0,0,0,0,0,0.026,0.0092,0.0426,0.0395,0.0089,0.1324,0.1485,0.1613,0.2985,0.0577,0,0.0049,0,0.0044,0,0,0,0,0
yggC,junction_2959918_-1_2960045_1,sv,2959918,0,0,0,0,0,0,0,0,0,0,0,0,0,0,0,0,0,0,0,0,0,0,0,0,0,0,0,0,0,0,0,0,0.0082,0,0,0,0,0,0,0.0372,0.045,0,0.0036,0.0123,0,0.0366,0.019,0.0153,0.0397,0.0572,0.0293,0.0312,0.0185,0.0283,0,0.041,0.0576,0.0754,0.0846,0.0226,0,0.0392,0.0595,0.0479,0.031,0.095,0,0.0221,0.0421,0.0395,0.098,0.0526,0.0732,0.0334,0.063,0.2894,0.1761,0.1002,0.0978,0.3453,0.2834,0.1943,0.0917,0.1183,0.2222,0.1633,0.0198,0.1232,0.3226,0.1658,0.0888,0.0725,0.0343,0.0326,0,0.0185,0,0.0587,0.0385,0.0305,0.0075,0,0.0237,0,0.0126,0.0178,0.0376,0.0358,0.012,0.0082,0.0091,0.0147,0.0093,0.0196,0.0353,0.0217,0.117,0.0169,0.005,0.014,0.0046
cmtA,MOB_2963464_2963470_IS186_-1,sv,2963464,0,0,0,0,0,0,0,0,0,0,0,0,0,0,0,0,0,0,0,0,0,0,0,0,0,0,0,0,0,0,0,0,0,0,0.0059,0.0286,0.0461,0.3469,0.2,0.0924,0,0,0,0,0,0,0,0,0,0,0,0,0,0,0,0,0,0,0,0,0,0,0,0,0,0,0,0,0,0,0,0,0,0,0,0,0,0,0,0,0,0,0,0,0,0,0,0,0,0,0,0,0,0,0,0,0,0,0,0,0,0,0,0,0,0,0,0,0,0,0,0,0,0,0,0,0,0.0046,0,0,0
intergenic,T->C,noncoding,2991214,0.0075,0,0,0,0,0,0,0,0,0.0066,0,0,0,0,0,0,0,0,0,0,0,0,0,0,0,0,0,0.0065,0,0,0,0,0,0,0,0,0,0,0,0,0,0,0.0063,0.7778,0.5333,0.5781,0.7895,0.8961,0.881,0.9545,0.9054,0.9163,0.9744,1,1,0.9733,0.9275,0.7857,0.9348,0.8667,0.9677,0.75,0.6667,0.886,1,0.8571,1,0.9024,0.9457,0.75,0.766,0.9474,0.8958,0.7941,0.8684,0.6179,0.7377,0.7037,0.6885,0.4576,0.4789,0.8281,0.8889,0.8608,0.5556,0.814,0.9796,0.8054,0.3929,0.7167,0.7929,0.7925,0.9796,0.8971,1,1,1,0.9565,0.9216,0.9118,1,1,1,1,0.9016,0.9583,0.8426,0.9672,0.9831,1,0.9692,1,1,0.9545,0.9655,0.9059,0.8846,0.9394,1,0.9375,0.9712
speC,A->C,missense,2993878,0,0,0,0,0,0,0,0,0,0,0,0,0,0,0,0,0,0,0,0,0,0,0,0,0,0,0,0,0,0,0,0,0,0,0,0,0,0,0,0,0,0,0,0,0,0,0,0,0,0,0,0,0,0,0,0,0,0,0,0,0,0,0,0,0,0,0,0,0,0,0.0893,0.0851,0.1,0.1774,0.1807,0.3974,0.284,0.2388,0.1071,0.625,0.4205,0.2561,0.1,0.1845,0.3469,0.2454,0.0405,0.2326,0.5,0.289,0.2054,0.1452,0.0549,0.09,0,0.0759,0,0.0854,0.0938,0.0667,0,0.0071,0.0484,0,0.0667,0.0576,0.0606,0.0854,0.0206,0,0.0161,0.0077,0.0263,0.0435,0,0.0541,0.1,0.0562,0.018,0.0338,0.0191
flu,MOB_3001285_3001287_IS150_1,sv,3001285,0,0,0,0,0,0,0,0,0,0,0,0,0,0,0,0,0.0239,0.0137,0,0,0,0,0,0,0,0,0,0.0025,0,0,0,0,0,0,0,0,0,0,0,0,0,0,0,0,0,0,0,0.0154,0.0404,0.0087,0.1165,0.0538,0.0431,0.0226,0.058,0.0483,0.0425,0.1901,0.0793,0.1654,0.0492,0.0334,0.0795,0.113,0.1764,0.1525,0.1437,0.0623,0.0914,0.0908,0.3724,0.1678,0.1446,0.1579,0.1621,0.3493,0.2478,0.2411,0.3221,0.5528,0.5767,0.2322,0.2367,0.2364,0.358,0.2202,0.0307,0.2413,0.6322,0.3439,0.2477,0.145,0.0882,0.1368,0,0.0448,0.0385,0.0496,0.0511,0.0364,0.0592,0,0.0377,0,0.0485,0.0208,0.1883,0.0317,0.0263,0.0052,0.0431,0.0065,0.0659,0.0263,0.0221,0.0662,0.1632,0.0438,0.017,0.048,0.0583
ECB_02812,junction_3011639_-1_IS150_start,sv,3011639,0,0,0,0,0,0,0,0,0,0,0,0,0,0,0,0,0,0,0,0,0,0,0,0,0,0,0,0,0,0,0,0,0,0,0,0,0,0,0,0,0,0,0,0,0,0,0,0,0,0,0.0123,0,0,0,0,0.0167,0,0.0449,0.1406,0.1049,0,0.1422,0.0765,0.0934,0.1896,0.1879,0.0796,0.028,0.0396,0,0.2627,0.1569,0.176,0.1837,0.1076,0.4563,0.2335,0.1475,0.1207,0.4375,0.5204,0.3178,0.1991,0.1545,0.4515,0.2379,0.078,0.1994,0.6083,0.2465,0.2368,0.129,0.1885,0.1181,0,0.078,0,0,0.1065,0.0418,0.0653,0.0109,0.0245,0,0.0113,0.0267,0.0502,0.0257,0.0122,0.0418,0,0.0216,0.0375,0.0248,0.0402,0.0492,0.1825,0.1085,0.0176,0.0446,0.037
ECB_02816,junction_3015273_-1_IS150_start,sv,3015273,0,0,0,0,0,0,0,0,0,0,0,0,0.0364,0,0,0,0,0,0,0,0,0,0,0,0,0,0,0.0106,0.1579,0.025,0,0,0.0938,0.06,0.0147,0.0429,0.0984,0,0.2355,0.0441,0.1252,0.1352,0.1722,0,0,0,0,0,0,0,0,0,0,0,0,0,0,0,0,0,0,0,0,0,0,0,0,0,0,0,0,0,0,0,0,0,0,0,0,0,0,0,0,0,0,0,0,0,0,0,0,0,0,0,0,0,0,0,0,0,0,0,0,0,0,0,0,0,0,0,0,0,0,0,0,0,0,0,0,0,0
ECB_02816,MOB_3015771_3015773_IS150_1,sv,3015771,0,0,0,0,0,0,0.0021,0,0,0.0033,0,0.0118,0.008,0.2273,0.0645,0.0042,0.0606,0.0366,0.0455,0.082,0.0154,0.0451,0.2273,0.14,0.0524,0,0,0.0779,0.0288,0.0135,0,0,0,0,0,0,0,0,0,0,0.0164,0,0.1018,0,0,0,0,0,0,0,0.0065,0,0,0,0,0,0.0139,0.0069,0,0.0122,0,0,0,0,0,0,0,0,0,0.0309,0,0,0,0,0,0,0,0,0,0,0,0,0,0,0,0,0,0,0,0,0,0,0,0,0,0,0,0,0,0,0,0.0036,0,0.0049,0,0,0,0,0.0058,0,0,0,0,0,0,0,0,0,0.0045,0,0
ECB_02816,junction_3015773_-1_IS150_start,sv,3015773,0,0,0,0,0,0,0,0,0,0.0134,0,0,0,0,0,0,0,0,0,0.0312,0,0.0294,0.0333,0.1071,0.0826,0,0.0476,0.0613,0,0,0,0,0.0175,0.0571,0.0541,0.0196,0,0.0333,0.0556,0.0833,0,0,0.0261,0,0,0.0143,0,0.0282,0.129,0.0882,0.1111,0.0459,0.0698,0.02,0.1818,0.0617,0,0.0519,0,0,0,0,0,0.0503,0,0.0222,0,0.1316,0.0746,0.02,0.1154,0,0,0,0,0,0,0,0,0,0,0,0,0,0,0,0,0,0,0,0,0,0,0,0,0,0,0,0,0,0,0,0,0,0,0,0,0,0,0,0,0,0,0,0,0,0,0,0,0,0
ECB_02836,MOB_3035123_3035125_IS150_-1,sv,3035123,0,0,0,0,0,0,0,0,0,0,0,0.0221,0.0278,0,0,0.0316,0.0211,0,0.0567,0.0676,0.0082,0.0286,0.0614,0,0.0227,0,0,0.0596,0.0283,0,0,0,0.0197,0.0292,0,0.0129,0.0077,0,0.0718,0.0349,0.0322,0.021,0.0131,0.0126,0,0.0193,0,0.0175,0.0397,0.0105,0.0787,0.0367,0.0048,0.0186,0.0336,0.009,0.0202,0.101,0.0238,0.0514,0.0192,0.0881,0,0.0993,0.0671,0.2375,0.0717,0.0895,0.076,0.0494,0.1946,0.0862,0.0858,0.0318,0.086,0.2831,0.2232,0.1902,0.1517,0.3449,0.5549,0.1917,0.1331,0.1251,0.3692,0.1903,0.0097,0.2011,0.2045,0.2102,0.196,0.0727,0.0792,0.1,0.0739,0.077,0.0164,0.0366,0.0259,0.0415,0.0097,0.0058,0,0,0.0111,0.0065,0.065,0.0268,0.0664,0.0338,0.0097,0.0159,0.1081,0,0.0296,0.0274,0.0657,0.042,0,0.0235,0.0323
ECB_02837,MOB_3036431_3036433_IS150_-1,sv,3036431,0,0,0,0,0,0,0,0,0,0,0,0,0,0,0,0,0,0,0,0,0,0,0,0,0,0,0,0,0,0,0,0.0083,0,0,0,0,0,0,0,0,0,0,0,0,0,0,0,0,0,0,0,0,0,0,0,0,0,0,0,0,0,0,0,0,0,0,0,0,0,0,0,0,0.0676,0.222,0.3198,0.4751,0.738,0.5809,0.5604,0.4807,0.5042,0.8535,0.8851,0.7413,0.625,0.8132,0.9214,0.9021,0.4531,0.8408,0.7768,0.9135,0.9884,0.9466,1,0.9376,1,0.9753,0.978,0.9791,1,1,1,1,0.939,0.9802,0.9502,0.9663,0.9547,0.9872,1,0.9643,0.9422,0.9602,1,0.9752,0.9701,0.9611,1,0.9747,0.9935
ECB_02838,C->T,missense,3037517,0,0,0,0,0,0,0.0056,0,0,0,0,0,0,0,0,0,0,0,0,0,0,0,0,0,0,0.0244,0,0,0,0,0,0,0,0,0,0,0,0,0,0,0,0,0,0,0,0,0,0,0,0,0,0.0048,0,0,0,0,0.013,0,0,0,0,0,0,0.1505,0.1111,0.0241,0,0,0,0,0,0,0,0,0,0.0053,0,0,0,0,0,0,0,0,0,0,0,0,0,0,0.0045,0,0,0,0,0,0.025,0,0,0,0.0106,0,0,0,0,0.0078,0,0,0,0,0,0,0,0,0,0,0,0,0,0,0
intergenic,MOB_3048493_3048495_IS150_1,sv,3048493,0,0,0,0,0.0021,0,0,0,0,0.0058,0,0,0,0,0,0.0036,0,0,0,0,0,0,0,0,0.0048,0,0,0,0.0062,0,0.0056,0.0149,0,0.0068,0.0072,0,0,0,0,0,0,0,0.0032,0,0,0,0,0,0,0,0,0,0,0.0323,0,0,0,0,0,0.0065,0.0063,0,0,0.0018,0,0,0,0,0,0,0,0,0.0086,0.0126,0,0,0,0,0,0,0,0,0,0,0,0.0025,0,0.002,0,0.0025,0,0,0,0,0,0,0,0.0075,0.0062,0.0204,0.1025,0.0359,0.1338,0.0588,0.1158,0.0745,0.085,0.3876,0.7736,0.6097,0.4908,0.1252,0.1014,0.0202,0.0506,0.0126,0,0,0,0.0028,0.0032
glcD,junction_3054787_1_IS150_end,sv,3054787,0,0,0,0,0,0,0,0,0,0,0,0,0,0,0,0,0,0,0,0,0,0,0,0,0,0,0.1111,0.0229,0.0943,0,0,0,0.1348,0.0333,0,0.0796,0.1236,0.075,0.0455,0.0385,0.0571,0.0962,0.1676,0,0,0,0,0,0,0,0,0,0,0,0,0,0,0,0,0,0,0,0,0,0,0,0,0,0,0,0,0,0,0,0,0,0,0,0,0,0,0,0,0,0,0,0,0,0,0,0,0,0,0,0,0,0,0,0,0,0,0,0,0,0,0,0,0,0,0,0,0,0,0,0,0,0,0,0,0,0
glcC,C->T,noncoding,3055086,0,0,0,0,0,0,0,0,0,0,0,0,0,0,0,0.0044,0,0,0,0,0,0,0,0,0,0,0,0,0.0941,0.1613,0.125,0,0,0,0,0,0,0,0,0,0,0,0,0,0,0,0,0,0,0,0,0,0,0,0,0,0,0,0,0,0,0,0,0,0,0,0,0,0,0,0,0,0,0,0,0,0,0,0,0,0,0,0,0,0,0,0,0,0,0,0,0,0,0,0,0,0,0,0,0,0,0,0,0,0,0,0,0,0,0,0,0,0,0,0,0,0,0,0,0,0
ECB_02852,G->T,missense,3059382,0.0062,0,0,0,0,0,0,0,0.0303,0,0,0,0,0,0,0,0,0,0,0,0,0,0,0,0.0099,0.9583,0.8571,0.4843,0.6458,0.8485,1,0.9783,0.8596,0.8947,0.9667,0.9074,0.9474,0.9333,0.8421,0.9038,0.84,0.9677,0.8583,0.9756,1,1,1,0.918,0.9362,0.9091,0.8571,0.965,0.9623,1,0.875,0.9474,0.8438,0.88,0.9394,0.8857,0.9091,0.6667,0.8889,0.9388,0.8235,0.8485,0.8889,0.8378,0.9219,0.8718,0.8529,0.8333,0.814,0.8958,0.8226,0.6032,0.8136,0.7234,0.8654,0.4643,0.4861,0.7115,0.6,0.8,0.6042,0.776,0.9194,0.8041,0.5882,0.6744,0.757,0.8947,0.8889,0.9118,0.9091,1,0.9474,0.9167,1,0.9531,1,0.9913,1,1,0.9412,0.9375,0.9508,0.9744,0.98,0.9865,0.9231,1,0.9583,0.962,0.9623,0.9604,0.9286,0.9619,0.987,0.9669,0.9706
ECB_02855,G->A,missense,3061932,0,0,0,0,0,0,0.0045,0,0,0,0,0,0,0,0,0,0,0,0,0,0,0,0,0,0,0,0,0,0,0,0,0,0,0,0,0,0,0,0,0,0,0,0,0,0,0,0,0,0,0,0,0,0,0,0,0,0,0,0,0,0,0,0,0,0,0,0,0.0435,0,0,0,0,0,0,0,0,0,0,0,0.0149,0.1735,0.0222,0,0,0,0.0046,0,0,0,0,0,0,0,0,0,0,0,0,0,0,0,0,0,0,0,0,0,0,0,0,0,0,0,0,0,0,0,0,0,0,0
ECB_02857,C->T,missense,3063940,0,0,0,0,0,0,0,0,0,0,0,0,0,0,0,0,0,0,0,0,0,0,0,0,0,0,0,0,0,0,0,0,0,0,0,0,0,0,0,0.0345,0,0,0,0,0,0,0,0,0,0,0,0,0,0,0,0,0,0,0,0,0.1842,0,0.25,0.0963,0.2,0.2115,0,0.1132,0.0862,0.2857,0,0,0,0,0,0,0,0,0,0,0,0,0,0,0,0,0,0,0,0,0,0,0,0,0,0,0,0,0,0,0,0,0,0,0.0137,0,0,0.0208,0,0,0,0,0,0,0,0,0,0,0,0,0
hybD,MOB_3075104_3075106_IS150_1,sv,3075104,0,0,0,0,0,0,0,0,0,0,0,0,0,0,0,0,0,0,0,0,0,0,0,0,0,0,0,0,0,0,0,0,0,0,0,0,0,0,0,0,0,0,0,0,0,0,0,0,0,0,0,0,0,0,0,0,0.1076,0.1376,0.2559,0.2766,0.2892,0,0,0,0,0,0,0,0,0,0,0,0,0,0,0,0,0,0,0,0,0,0,0,0,0,0,0,0,0,0,0,0,0,0,0,0,0,0,0,0,0,0,0,0,0,0,0,0,0,0,0,0,0,0,0,0,0,0,0,0
ygiN,T->A,synonymous,3107610,0,0,0,0,0,0,0,0,0,0,0,0,0,0,0.05,0.386,0.2941,0.1698,0.122,0.3226,0.3553,0.8286,0.75,0.8913,0.7778,0.875,0.8788,0.7641,0.7778,1,0.9821,0.9574,0.85,0.9672,0.9773,0.9383,0.9375,0.975,0.7273,0.9146,0.9714,0.9143,0.8456,0.9574,1,0.9706,1,0.9419,0.8077,0.9286,0.9184,0.973,0.9333,0.9625,0.9167,0.9663,0.8,0.8889,0.9608,0.9524,0.9444,0.8182,0.95,0.9458,1,0.8772,0.8182,0.8627,0.8514,0.9,0.75,0.8557,0.9483,0.8909,0.8675,0.7107,0.7191,0.7551,0.8056,0.3889,0.3878,0.7164,0.9091,0.7615,0.75,0.7287,0.9385,0.7722,0.5862,0.7386,0.8174,0.9559,0.9375,0.9419,0.9565,1,1,0.92,0.8553,0.9747,0.9733,0.9938,0.9821,1,0.9714,0.9348,0.8462,0.9767,0.9783,0.9787,1,1,1,0.9682,0.9444,0.9613,0.8684,0.961,1,0.976,0.9493
tolC,T->G,missense,3112288,0,0,0,0,0,0,0,0,0,0,0,0,0,0,0,0,0,0,0.0238,0.2,0.0417,0.0541,0.0556,0.027,0.1091,0.1034,0.0714,0.2018,0.1493,0,0,0,0.0563,0,0.0156,0.0545,0.0735,0,0.65,0.1404,0.0952,0.0323,0.10780000000000001,0,0,0,0,0.0152,0,0,0,0,0,0,0,0,0,0,0,0,0,0,0,0,0,0,0,0,0,0,0,0,0,0,0,0,0,0,0,0,0,0,0,0,0,0,0,0,0,0,0,0,0,0,0,0,0,0,0,0,0,0.0071,0,0,0,0,0,0,0,0,0,0,0,0,0,0,0,0,0,0,0
intergenic,MOB_3128053_3128058_IS186_-1,sv,3128053,0,0,0,0,0,0,0,0,0,0.0035,0,0,0,0,0,0,0,0,0,0,0,0,0,0,0.004,0,0,0,0,0,0,0,0,0,0,0,0,0,0,0,0,0,0,0,0,0,0,0,0,0,0,0,0,0,0,0,0,0,0,0,0,0,0,0.0021,0,0,0,0,0,0,0,0,0,0,0,0.0022,0,0,0.0213,0.0256,0.0465,0.0787,0.0625,0.0829,0.1062,0.3504,0.4667,0.2753,0.0506,0.0162,0.0145,0.0112,0.0053,0,0,0,0,0.0047,0.0063,0.0118,0.0072,0.0031,0,0,0,0,0,0,0,0,0,0,0,0,0,0,0,0,0.004,0,0
ygiF,G->A,missense,3132580,0,0,0,0,0,0,0,0,0,0,0,0,0,0,0,0,0,0,0,0.0286,0,0,0,0,0,0,0,0,0,0,0,0,0,0,0,0,0,0,0,0,0,0,0,0,0,0,0,0,0,0,0,0,0,0,0,0,0,0,0,0,0,0,0,0.0042,0,0,0,0,0,0,0,0,0,0,0,0,0,0,0,0,0,0,0,0,0,0,0,0,0,0,0,0,0,0,0,0,0,0,0,0,0,0,0,0,0,0,0,0,0.0152,0,0,0,0,0,0,0,0.025,0.0355,0.0368,0.0741,0.1083
ygjD,G->A,missense,3142669,0,0,0,0,0,0,0.0065,0,0,0,0,0,0,0,0,0,0,0,0,0,0,0,0,0,0,0,0,0,0,0,0,0,0,0,0,0,0,0,0,0,0,0,0,0,0,0,0,0,0,0,0,0,0,0,0,0,0,0,0,0,0,0,0,0,0,0,0,0,0,0,0,0,0,0,0,0,0,0,0,0,0,0,0,0,0,0,0,0,0,0,0,0,0,0,0,0,0,0,0,0,0.0222,0,0,0.011,0,0,0.0225,0.0345,0.1746,0.1351,0.075,0.0215,0,0.0071,0,0,0,0,0,0,0
ygjD,MOB_3143448_3143450_IS150_1,sv,3143448,0,0,0,0,0,0,0,0,0,0,0,0,0,0,0,0,0,0,0,0,0,0,0,0,0,0,0,0,0,0.0332,0,0,0.0909,0.0215,0.0256,0.0484,0.0816,0.0324,0.1161,0.0656,0.0803,0.0664,0.107,0,0,0,0,0,0,0,0.013,0,0,0,0,0.0057,0.0056,0.0319,0.014,0,0,0,0,0,0,0,0,0,0.0071,0,0.0383,0,0,0,0,0,0,0,0,0,0,0,0,0,0,0,0,0,0,0.0059,0.003,0,0,0,0,0,0,0,0,0,0,0,0,0,0,0,0,0,0,0,0,0,0,0,0,0.0028,0,0,0,0,0
ygjG,MOB_3152532_3152534_IS150_1,sv,3152532,0,0,0,0,0,0,0,0,0,0,0,0,0,0,0,0,0,0,0,0,0,0,0,0,0,0.129,0.1803,0.0051,0.0922,0.0111,0.0247,0,0,0,0,0,0,0,0,0,0,0,0,0,0,0,0,0,0,0,0,0,0,0,0,0,0,0,0,0,0,0,0,0,0,0,0,0,0,0,0,0,0,0,0,0,0,0,0,0,0,0,0,0,0,0,0,0,0,0,0,0,0,0,0.027,0,0,0,0,0,0,0,0,0,0,0,0,0,0,0,0,0,0,0,0,0,0,0,0,0,0
ygjG,A->C,missense,3152545,0,0,0,0,0,0,0,0,0,0,0,0,0,0,0,0,0,0.025,0,0,0,0,0,0,0,0,0,0,0,0,0,0,0,0,0,0,0,0,0,0,0,0,0,0,0,0,0,0.0533,0.1094,0.1176,0.0147,0.016,0.0118,0,0,0.1266,0.3,0.5823,0.4545,0.5833,0.5349,0.9231,0.6471,0.2346,0.8571,0.7115,0.8333,0.7115,0.6667,0.7714,0.5526,0.7978,0.6897,0.931,0.8372,0.657,0.746,0.675,0.8125,0.4098,0.4787,0.7867,1,0.8222,0.5833,0.8362,0.9153,0.7712,0.5143,0.6816,0.8089,0.9643,0.9231,0.9583,1,0.9643,1,0.8909,0.8103,0.9028,1,1,0.9362,1,0.9535,0.9691,0.9342,0.9674,0.9857,0.9868,0.9821,0.9703,0.963,0.9624,0.96,0.9742,0.8364,0.9709,1,0.9643,0.9565
infB,C->T,missense,3249544,0,0,0,0,0,0,0,0,0,0.0054,0,0,0.0217,0.1111,0.2857,0.8856,0.8889,0.9333,1,0.75,0.913,0.8602,0.8545,0.9111,0.8276,0.8438,0.9091,0.7023,0.7536,0.9388,1,0.9667,0.8641,0.9111,1,0.9149,0.9647,1,0.9118,0.8608,0.913,0.9318,0.8354,1,1,1,0.9375,0.9315,0.8971,0.9538,0.8547,0.9496,0.9636,0.9853,1,0.8936,0.9577,0.9266,0.9324,0.7317,0.9365,0.7778,0.9167,0.9027,0.8182,0.9057,1,0.8636,0.8667,0.9286,0.7755,0.8737,0.9057,0.7794,0.75,0.6765,0.734,0.6883,0.9114,0.369,0.5091,0.8081,0.9231,0.7573,0.6567,0.7675,0.8824,0.7835,0.5098,0.7413,0.8217,0.8739,0.9213,0.8791,0.8947,0.9833,0.9818,0.9818,0.9474,0.9318,1,0.9877,0.86,1,0.9512,0.9929,0.878,0.9485,0.975,1,1,1,0.9756,0.9831,0.9296,0.9363,0.9041,0.9296,0.9806,0.9759,0.9573
infB,G->A,missense,3251044,0,0,0,0,0,0,0,0,0,0,0,0,0,0,0,0,0,0,0,0,0,0,0,0,0,0,0,0,0,0,0.02,0,0,0,0,0,0,0,0,0,0,0,0,0,0,0,0,0,0,0,0,0,0,0,0,0,0,0,0,0,0,0,0,0,0,0,0,0,0,0,0,0,0,0,0,0,0,0,0,0,0,0,0,0,0,0,0,0,0,0,0,0,0,0,0,0,0,0.0735,0.1224,0.0336,0.0857,0.0744,0,0,0.0143,0,0,0,0,0,0,0,0,0,0,0,0,0,0,0,0
nusA,A->C,missense,3251858,0,0,0,0,0,0,0,0,0,0,0,0,0,0,0,0,0,0,0,0,0,0,0,0,0,0,0,0,0.0127,0,0,0,0,0,0,0,0,0,0,0,0,0,0,0,0,0,0,0.0119,0,0,0,0,0,0,0,0,0,0,0,0,0,0,0,0,0,0,0,0,0,0,0,0,0,0,0,0,0,0,0,0,0,0,0,0,0,0,0,0,0,0,0,0,0,0.0101,0.1429,0.3651,0.2683,0.65,0.4444,0.3668,0.0617,0.3311,0.2041,0.7143,0.8235,0.8661,0.7921,0.2963,0.0896,0.2056,0.1471,0.8411,0.8571,0.965,0.9412,0.9389,0.8313,0.9429,0.9664,0.9448,0.9683
yhbC,G->T,synonymous,3252896,0,0,0,0,0,0,0,0,0,0,0,0,0,0.0769,0,0.0041,0.0385,0.0286,0.0862,0.0909,0.03,0.0706,0.1412,0.125,0.0776,0.0227,0.0588,0.1751,0.1444,0.0513,0,0,0.0842,0.0149,0,0.0588,0.0729,0,0.0938,0.0947,0,0.1,0.0925,0,0,0,0,0,0,0,0,0,0,0,0,0,0,0,0,0,0,0,0,0,0,0,0,0,0,0,0,0,0,0,0,0,0,0,0,0,0,0,0,0,0,0.004,0,0,0,0,0,0,0,0,0,0,0,0,0.0204,0,0,0,0.0133,0,0,0,0,0,0,0,0,0,0,0,0,0,0,0,0,0,0
yhbX,junction_3255285_-1_IS150_end,sv,3255285,0,0,0,0,0,0,0,0,0,0,0,0,0,0,0,0,0,0,0,0,0,0,0,0,0,0,0,0,0,0,0,0,0,0,0,0,0,0,0,0,0,0,0,0,0,0,0,0,0,0,0,0,0,0,0,0,0,0,0,0,0,0,0,0.0179,0,0.0299,0,0.0299,0.055,0.0735,0.1875,0,0.0106,0,0,0,0,0,0,0,0,0,0,0,0,0,0,0,0,0,0,0,0,0,0,0,0,0,0,0,0,0,0,0,0,0,0,0,0,0,0,0,0,0,0,0,0,0,0,0,0
yhbX,indel;+32,indel,3255369,0,0,0,0,0,0,0,0,0,0,0,0,0,0,0,0,0,0,0,0,0,0,0,0,0,0,0,0,0,0,0,0,0,0,0,0,0,0,0,0,0,0,0,0,0,0,0,0,0.0125,0.0959,0.6496,0.7348,0.8188,0.7791,0.7523,0.6992,0.517,0.3302,0.2523,0.2951,0.3203,0.2381,0.3111,0.5068,0.3467,0.2456,0.2778,0.1655,0.256,0.2246,0.2751,0.0577,0.0088,0,0.0097,0,0,0,0,0,0,0,0,0,0,0,0,0,0,0,0,0,0,0,0,0,0,0,0,0,0,0,0,0,0,0,0,0,0,0,0,0,0,0,0,0,0,0,0,0,0
yhbX,MOB_3255526_3255528_IS150_1,sv,3255526,0,0,0,0,0,0,0,0,0,0,0,0,0,0,0,0,0,0,0,0.0328,0.0082,0.0394,0,0.0773,0.0649,0,0,0.045,0.0353,0.022,0.0181,0.028,0.0108,0.031,0,0,0.0192,0,0.0335,0.0495,0.0413,0.0199,0.0041,0.0061,0.0066,0,0.0203,0.0583,0.0796,0.0747,0.1213,0.0567,0.0428,0.0117,0,0.0588,0.1197,0.1255,0.1041,0.1417,0.0178,0.0838,0.157,0.0841,0.0837,0.1515,0.0526,0.0383,0.0384,0.0981,0.1779,0.0904,0.1154,0.0859,0.1352,0.373,0.233,0.3074,0.1935,0.5527,0.4752,0.2615,0.0717,0.1446,0.4509,0.2708,0.0596,0.2297,0.4895,0.3058,0.1894,0.1484,0.0524,0.1197,0,0.0583,0,0.0622,0.0456,0.0333,0.0488,0.02,0.0353,0.0039,0.0429,0.0302,0.087,0.0412,0.0244,0.0182,0.0254,0.0117,0.0165,0.0094,0.0304,0.0594,0.1062,0.0388,0,0.0504,0.0421
hflB,T->A,missense,3260653,0,0,0,0,0,0,0,0,0,0,0,0,0,0,0,0,0,0,0,0,0,0,0,0,0,0,0,0,0,0,0,0,0,0,0,0,0.0213,0,0.08,0,0.05,0.0182,0.0099,0.0161,0,0,0.0278,0.0991,0.0845,0.1111,0.088,0.0546,0.0294,0.0417,0.08,0.1158,0.0684,0.1079,0.0548,0.1452,0.0548,0,0.0625,0.1043,0,0.1,0,0.0702,0.1019,0.1061,0.2154,0.1328,0.1688,0.1618,0.1148,0.3383,0.1944,0.1719,0.2167,0.4583,0.4891,0.2296,0,0.1875,0.3944,0.2287,0.0132,0.2944,0.6458,0.3795,0.2629,0.0674,0.0957,0.125,0.05,0.1183,0,0.0459,0.0538,0.0625,0.04,0.0057,0,0,0.019,0.0135,0.0929,0.0256,0.0096,0.0204,0,0.0153,0,0.0265,0.0294,0.0469,0.1449,0.0331,0.0132,0.0116,0.0355
yrbK,G->A,missense,3278237,0,0,0,0,0,0,0.0043,0,0,0,0,0,0,0,0,0,0,0,0,0,0,0,0,0,0,0,0,0.0042,0,0,0,0,0,0,0,0,0,0,0,0,0,0.0833,0.2892,0.1389,0.2289,0.075,0.0488,0,0,0,0,0,0,0,0,0,0,0,0,0,0,0,0,0,0,0,0,0,0,0,0,0,0,0,0,0,0,0,0.0111,0,0,0,0,0,0.0192,0,0.0119,0,0,0,0,0,0,0,0,0,0,0,0,0,0,0,0,0,0,0,0,0,0,0,0,0,0,0,0,0,0,0,0,0,0
yhbG,A->T,synonymous,3279589,0,0,0,0,0,0,0.0047,0,0,0,0,0,0,0,0,0,0,0,0,0,0,0,0,0,0,0,0,0,0,0,0,0,0,0,0,0,0,0,0,0,0,0,0,0,0,0,0,0,0,0,0,0,0,0,0,0,0,0.0122,0,0.0732,0.1091,0.4375,0.0909,0.0761,0.2727,0.2766,0,0.087,0.0588,0.5769,0,0,0,0,0,0,0,0,0,0,0,0,0,0,0,0,0,0,0,0,0,0,0,0,0,0,0,0,0,0,0,0,0,0,0,0,0,0,0,0,0,0,0,0,0,0,0,0,0,0,0
arcB,G->A,missense,3287780,0,0,0,0,0,0,0,0,0,0,0,0,0,0,0,0,0,0,0,0,0,0,0,0,0,0,0,0,0,0,0,0,0,0,0,0,0,0,0,0,0,0,0,0,0,0,0,0,0,0,0,0,0,0,0,0,0,0,0,0,0,0,0.5,0.5484,0.1818,0.3784,0.25,0.2647,0.2273,0.2059,0.1795,0.0545,0,0,0,0.0078,0,0,0,0,0,0,0,0,0,0,0,0,0,0,0,0,0,0,0,0,0,0,0,0,0,0,0,0,0,0,0,0,0,0,0,0,0,0,0,0,0,0,0,0,0
intergenic,G->A,noncoding,3289548,0,0,0,0,0,0,0,0.0114,0,0.0065,0.2432,0.8605,0.8209,1,1,0.9663,0.8667,1,0.9524,0.875,0.9298,0.9143,0.8529,0.8182,0.8218,1,0.8095,0.7092,0.8272,0.9474,0.9825,1,0.9464,0.9318,0.9775,0.9067,0.9531,0.9231,0.7895,0.9103,0.8696,0.72,0.84,1,0.9778,0.9661,0.9494,0.9315,0.9143,0.9706,0.8989,0.9424,0.96,0.9333,0.8571,0.9028,0.9,0.8542,0.9194,0.8,0.9677,0.9091,0.8421,0.9107,0.9231,0.8235,1,0.9074,0.7945,0.8684,0.8143,0.8316,0.8361,0.8723,0.8462,0.5975,0.875,0.6216,0.66,0.4458,0.4493,0.7755,0.8,0.8761,0.6667,0.7022,0.9535,0.7436,0.4062,0.7188,0.7532,0.8769,0.9306,0.8841,0.9333,0.9231,1,0.9041,0.84,0.9423,1,1,1,1,0.9524,0.9718,0.9508,0.9451,0.975,0.9583,1,0.9823,0.9388,0.9897,0.9545,0.9667,0.8594,0.9059,0.987,0.9932,0.9664
yhcP,A->T,missense,3315436,0,0,0,0,0,0,0,0,0,0,0,0,0,0,0,0,0,0,0,0,0,0,0,0,0,0,0,0,0.0099,0,0,0,0.019,0,0.0192,0.0377,0.0952,0.05,0.3077,0.129,0.075,0.1194,0.1184,0,0,0,0,0,0,0,0,0,0,0,0,0,0,0,0.0145,0,0,0,0,0,0,0,0,0,0,0,0,0,0,0,0,0,0,0,0,0,0,0,0,0,0,0,0,0,0,0,0,0,0,0,0,0,0,0,0,0,0,0,0,0,0,0,0,0,0,0,0,0,0,0,0,0,0,0,0,0,0
mreC,G->A,missense,3327086,0,0,0,0,0,0,0.0104,0,0,0,0,0.05,0.026,0,0,0.0289,0,0.0444,0.027,0.1364,0.0132,0.0182,0.0317,0.06,0.0367,0.0541,0,0.0127,0.0156,0.0233,0,0,0,0.0811,0.0135,0.0125,0,0.0455,0,0.04,0,0.0811,0,0,0,0,0,0.0448,0.15,0.0196,0.1299,0.0213,0.04,0.0328,0,0.0928,0.0625,0.1408,0.0645,0.1481,0.0484,0.3571,0.1,0.1023,0.0556,0.0851,0.25,0.1304,0.0795,0,0.2619,0.1875,0.1077,0.1064,0.1528,0.3677,0.3333,0.3261,0.1429,0.75,0.375,0.2143,0.4,0.2429,0.35,0.2605,0.0175,0.2071,0.5,0.3367,0.1423,0.0735,0.0808,0.1176,0.0769,0.0417,0,0.0405,0.0678,0.0426,0,0,0.0444,0,0.0857,0.0161,0.0851,0.0215,0.0328,0,0.0333,0.0153,0,0.024,0.0339,0.0391,0.1695,0.0408,0.0095,0.0323,0.0412
yhdG,C->T,missense,3338796,0,0,0,0,0,0,0,0,0,0,0,0,0,0,0,0,0,0,0.013,0,0,0,0,0,0,0,0,0,0,0,0,0,0.0632,0.0235,0.0373,0.0157,0.1284,0.0294,0.2105,0.033,0.0968,0.0952,0.1585,0,0,0,0,0,0,0,0,0,0,0,0,0,0,0,0,0,0,0,0,0,0,0,0,0,0,0,0,0,0,0,0,0,0,0,0.0122,0,0,0,0,0,0,0.004,0,0,0,0,0,0,0,0,0,0,0,0,0,0,0,0,0,0,0,0,0,0,0,0,0,0,0,0,0,0,0,0,0,0,0
yhdJ,G->A,missense,3340296,0,0,0,0,0,0,0,0,0,0,0,0,0,0,0,0,0,0.0172,0,0.12,0.2683,0.3423,0.0303,0,0,0,0,0,0,0,0,0,0,0,0,0,0,0,0,0,0,0,0,0,0,0,0,0,0,0,0,0,0,0,0,0,0,0,0,0,0,0,0,0,0,0,0,0,0,0,0,0,0,0,0,0,0,0,0,0,0,0,0,0,0,0,0,0,0,0,0,0,0,0,0,0,0,0,0,0,0,0,0,0,0,0,0,0,0,0,0,0,0,0,0,0,0,0,0,0,0
rpoA,A->T,missense,3368185,0,0,0,0,0,0,0,0,0,0,0,0,0,0,0,0,0,0,0,0,0,0,0,0,0,0,0,0,0,0,0,0,0,0.0423,0,0,0.0076,0.0172,0.0385,0.0517,0,0,0,0.0108,0,0.0085,0.0106,0.0777,0.1067,0.087,0.0458,0.0661,0.0327,0.0385,0.16,0.0485,0.1014,0.1223,0.03,0.1273,0.0105,0,0.0588,0.125,0.0238,0.125,0.1429,0.0606,0.1404,0.1129,0.25,0.0876,0.1584,0.1163,0.1951,0.4332,0.2523,0.3438,0.2258,0.5532,0.4891,0.1739,0.05,0.2049,0.3924,0.1974,0.044,0.2105,0.4912,0.3409,0.2243,0.1017,0.0387,0.1731,0,0.0204,0.029,0.0216,0.05,0.0833,0.0309,0.006,0.0227,0,0.0438,0.0228,0.0854,0.0419,0.018,0.0074,0.0083,0.0049,0.0282,0.0329,0.0481,0.0495,0.1149,0.0458,0,0.0378,0.0588
rplF,A->C,missense,3373798,0,0,0,0,0,0,0,0,0,0,0,0,0,0,0.2188,0.0705,0.025,0.0139,0.0484,0,0,0,0,0,0,0,0,0,0,0,0,0,0,0,0,0,0,0,0,0,0,0,0,0,0,0,0,0,0,0,0,0,0,0,0,0,0,0,0,0,0,0,0,0,0,0,0,0,0,0.011,0,0.0071,0,0,0,0,0,0,0,0,0,0,0,0,0,0,0,0,0,0,0,0,0,0,0,0,0,0,0,0,0,0,0,0,0,0,0,0,0,0,0,0,0,0,0,0,0,0,0,0,0
rplF,A->C,missense,3373799,0,0,0,0,0,0,0.0041,0,0,0,0,0,0,0,0,0,0,0.0139,0.0164,0,0,0,0,0,0,0,0,0,0,0,0,0,0,0,0,0,0,0,0,0,0,0,0,0,0,0,0,0,0,0,0,0,0.0058,0.0235,0.037,0.1,0.3025,0.5407,0.7037,0.4933,0.6196,0.3462,0.1538,0.3136,0.875,0.4789,0.9167,0.78,0.7478,0.8315,0.566,0.85,0.8365,0.8718,0.7838,0.6204,0.7913,0.6667,0.8105,0.4037,0.5468,0.7614,1,0.7312,0.6667,0.7733,0.9688,0.7725,0.3867,0.6033,0.7468,0.9487,0.9236,0.9186,0.9697,0.9524,0.9672,0.9306,0.9474,0.9648,0.9667,0.9727,0.9884,0.9818,0.9909,0.9827,0.8923,0.922,0.9293,0.9859,1,0.9827,0.9718,0.964,0.9451,0.9638,0.9222,0.9485,0.9932,0.9397,0.9832
rplF,G->A,missense,3373841,0.0041,0,0,0,0,0,0,0,0,0,0,0,0,0,0,0,0,0,0,0,0,0,0,0,0,0,0,0,0,0,0,0,0,0,0,0,0.0784,0,0.1212,0.0707,0.0588,0.1923,0.152,0,0,0,0,0,0,0,0,0,0,0,0,0,0,0,0,0,0,0,0,0,0,0,0,0,0,0,0,0,0,0,0,0,0,0,0,0,0,0,0,0,0,0,0,0,0,0,0,0,0,0,0,0,0,0,0,0,0,0,0,0,0,0,0,0,0,0,0,0,0,0,0,0,0,0,0,0,0
rplP,T->C,missense,3376951,0,0,0,0,0,0,0,0,0,0,0,0,0,0,0,0,0,0,0,0,0,0,0,0,0,0,0,0,0,0,0,0,0,0,0,0,0,0,0,0,0,0,0.0056,0,0,0,0,0,0,0,0,0,0,0,0,0,0,0,0,0,0,0,0,0,0,0,0,0,0,0,0,0,0,0,0,0,0,0,0.0127,0.0388,0.0161,0.0606,0.1111,0.0583,0.0658,0.3435,0.5217,0.3393,0,0.0183,0.0086,0,0,0,0,0,0,0,0,0,0,0,0,0,0,0,0,0,0,0,0,0,0,0,0,0,0,0,0,0,0
gspH,indel;-9,indel,3389666,0,0,0,0,0,0,0,0,0,0,0,0,0,0,0,0,0,0,0,0,0,0,0,0,0,0,0,0,0,0,0,0,0,0,0,0,0,0,0,0,0,0,0,0,0,0,0,0,0,0,0,0,0,0,0,0,0,0,0,0,0,0,0,0,0,0,0,0,0,0,0,0,0,0,0,0,0,0,0,0,0,0,0,0,0,0.0052,0.0513,0.125,0,0,0.0031,0.0517,0,0,0,0,0,0,0,0,0,0,0,0,0,0,0,0,0,0,0,0,0,0,0,0,0,0,0,0,0
intergenic,C->T,noncoding,3413851,0,0,0,0,0,0,0,0,0,0,0,0,0,0,0,0,0,0,0,0,0,0,0,0,0,0,0,0,0,0,0,0,0,0.011,0,0,0,0,0,0,0,0,0,0,0,0,0,0.0847,0.5429,0.7361,0.8407,0.8986,0.9713,0.8851,0.8077,0.8411,0.5,0.3669,0.266,0.1628,0.4149,0.4,0.5,0.5963,0.1818,0.1392,0,0.1509,0.1727,0.061,0.2333,0.078,0,0,0.0105,0,0,0,0,0,0,0,0,0,0,0,0,0,0,0,0,0,0,0,0,0,0,0,0,0,0,0,0,0,0,0,0,0,0,0,0,0,0,0,0,0,0,0,0,0,0
crp,A->C,missense,3414091,0,0,0,0,0.0043,0,0,0,0,0,0,0,0,0,0,0,0,0,0,0,0,0,0,0,0,0,0,0,0.0062,0,0,0,0,0,0,0,0,0,0,0,0,0,0,0,0,0,0,0,0,0,0,0,0,0,0,0.1,0.2949,0.5213,0.6129,0.7212,0.5166,0.5294,0.5517,0.332,0.8864,0.6404,0.8125,0.6184,0.6402,0.7333,0.5312,0.8029,0.8667,0.8469,0.7865,0.698,0.7347,0.6737,0.7656,0.4867,0.5235,0.784,0.8889,0.8087,0.748,0.7714,0.9712,0.7967,0.5814,0.7184,0.8285,0.8808,0.913,0.9149,1,0.9417,0.9672,0.9572,0.9263,0.9662,0.9535,0.9879,0.9905,1,0.9281,0.9858,0.9209,0.995,0.9769,1,0.9756,0.9561,0.9765,0.961,0.9776,0.9588,0.8142,0.9262,0.9943,0.9591,0.964
yhfW,G->A,synonymous,3437566,0,0.0227,0,0,0,0,0,0,0,0,0,0,0,0,0,0,0,0,0,0,0,0,0,0,0,0,0,0,0,0,0,0,0,0,0,0,0,0,0,0,0,0,0,0,0,0,0,0,0,0,0,0,0,0,0,0,0,0,0,0,0,0,0,0,0,0,0,0,0,0,0,0,0,0,0,0,0,0,0,0,0,0,0,0,0,0,0,0,0,0,0,0,0,0,0,0,0,0,0,0.0067,0,0,0.0909,0.2716,0.5287,0.4404,0.3772,0.0222,0,0.0319,0.1111,0.5349,0.5854,0.5253,0.3559,0.1508,0.1587,0.1392,0.1339,0.1437,0.0916
yrfE,C->T,missense,3454416,0,0,0,0,0,0,0,0,0,0,0,0,0,0,0,0,0,0,0,0,0,0,0,0,0,0,0,0,0,0,0,0,0,0,0,0,0.0145,0,0,0,0,0,0.0195,0.1333,0.2642,0.2037,0.1571,0.0244,0,0,0,0,0,0,0,0,0,0,0,0,0,0,0,0,0,0,0,0,0,0,0,0,0,0,0,0,0,0,0,0,0,0,0,0,0,0.0104,0,0,0,0,0.0047,0,0,0,0,0,0,0,0,0,0,0,0,0,0,0,0.0078,0,0,0,0,0,0,0,0,0,0,0,0,0,0
ompR,G->A,missense,3464790,0,0,0,0,0,0,0,0,0,0,0,0,0,0,0,0,0,0,0,0,0,0,0,0,0,0,0,0,0,0,0,0,0,0,0,0,0,0,0,0,0,0,0,0,0,0,0,0,0,0,0,0,0,0,0,0.2254,0.1781,0.0842,0,0,0,0,0,0,0,0,0,0,0,0,0,0,0,0,0,0.0063,0,0,0,0,0,0,0,0,0,0,0,0,0,0,0.0052,0,0,0,0,0,0,0,0,0,0,0,0,0,0,0,0,0,0,0,0,0,0,0,0,0,0,0,0,0,0
intergenic,C->T,noncoding,3475057,0,0,0,0,0,0,0,0,0,0,0,0,0,0,0,0,0,0,0,0,0,0.0119,0.0133,0.0189,0,0,0,0.0096,0,0,0,0,0,0,0,0,0,0,0,0.0088,0,0,0.0777,0,0,0,0,0,0,0.0192,0,0.0045,0.0071,0,0,0,0,0.008,0.0149,0,0.0274,0.0714,0,0,0,0,0,0.1404,0.2,0.1724,0.1304,0.0133,0.0143,0,0.0233,0.0051,0,0,0,0,0,0,0,0,0,0,0,0,0,0,0,0,0,0,0,0,0,0,0,0,0.0125,0.006,0.0429,0.0101,0.0331,0.006,0,0.1226,0.1538,0.0161,0.0357,0.0083,0.0222,0,0.0164,0,0,0,0,0.005,0
malT,G->T,noncoding,3481597,0,0,0,0,0,0,0,0,0,0,0,0,0,0,0,0,0,0,0,0,0,0,0,0,0,0,0,0,0,0,0,0,0,0,0,0,0,0,0,0,0,0,0,0,0,0,0,0,0,0,0,0,0,0,0,0,0,0,0,0,0.0361,0.0909,0.2727,0.177,0.4167,0.0896,0.0833,0,0.0106,0.0667,0.0123,0.1261,0.0656,0,0,0,0,0,0,0,0,0,0,0,0,0,0,0,0,0,0,0,0,0,0,0,0,0,0,0,0,0,0,0,0,0,0,0,0,0,0,0,0,0,0,0.0128,0,0,0,0,0
malT,C->T,nonsense,3482231,0,0,0,0,0,0,0,0,0,0,0,0,0,0,0,0,0,0,0,0,0,0,0,0,0,0,0,0,0,0,0.0175,0,0,0,0,0,0,0,0,0,0,0,0,0,0,0,0,0.0484,0.1639,0.0851,0,0.0309,0.0551,0.0175,0,0.1132,0.3,0.4783,0.5357,0.7073,0.641,0.4,0.3684,0.3146,0.6,0.6512,0.6667,0.7872,0.6111,0.825,0.6087,0.8108,0.8077,0.898,0.7681,0.5736,0.791,0.766,0.8627,0.3913,0.5055,0.8105,1,0.811,0.4906,0.7063,0.9367,0.7762,0.7778,0.6771,0.8061,0.9032,0.9286,0.913,0.9375,0.9615,0.9714,0.9592,0.942,0.9388,0.9464,0.9915,1,1,0.9747,0.949,0.9213,0.9419,0.9778,1,1,0.9623,0.8966,1,1,0.9758,0.9394,0.9677,0.9905,0.9531,0.9658
malT,indel;+24,indel,3482675,0,0,0,0,0,0,0,0,0,0.052,0.32,0,0,0,0,0,0,0,0.0385,0,0,0,0,0,0,0,0,0,0,0,0,0,0,0,0,0,0,0,0,0.0308,0.1304,0.1543,0.0265,0,0,0,0,0,0,0,0,0,0,0,0,0,0,0,0,0,0,0,0,0,0,0,0,0,0,0,0,0,0,0,0,0,0,0,0,0,0,0,0,0,0,0,0,0,0,0,0,0,0,0,0,0,0,0,0,0,0,0,0,0,0,0,0,0,0,0,0,0,0,0,0,0,0,0,0,0,0
malT,G->A,missense,3483452,0,0,0,0,0,0,0,0,0,0.0069,0,0,0,0,0,0,0,0,0,0,0,0,0,0,0,0,0,0,0,0,0,0,0,0,0,0,0,0,0,0,0,0,0,0,0,0,0.0938,0.5,0.4074,0.7679,0.7792,0.9122,0.9147,0.9474,0.7714,0.7536,0.5588,0.3871,0.3913,0.186,0.3725,0.4286,0.7143,0.6111,0.2222,0.2917,0,0.1429,0.1967,0.1136,0.1515,0.0385,0,0,0,0,0,0,0,0,0,0,0,0,0,0,0,0,0,0,0,0,0,0,0,0,0,0,0,0,0,0,0,0,0,0,0,0,0,0,0,0,0,0,0,0,0,0,0.0104,0,0
glpR,G->A,noncoding,3489219,0,0.0408,0,0,0,0,0,0,0,0,0,0,0,0,0,0,0,0,0,0,0,0,0,0,0,0,0,0,0,0,0,0,0,0,0,0,0,0,0,0,0,0,0,0,0,0.1467,0.6724,0.875,0.8793,0.871,0.8523,0.953,0.9559,0.9552,0.7647,0.9103,0.9531,0.931,0.9286,0.7917,1,0.7143,1,0.8902,0.9167,0.9318,1,0.9273,0.9307,0.8696,0.7544,0.9327,0.7973,0.7857,0.9423,0.6837,0.5893,0.8,0.8169,0.4286,0.4615,0.7206,1,0.8395,0.4912,0.7754,0.9318,0.8218,0.5789,0.7149,0.7908,0.8452,0.9556,0.9,1,0.9444,1,0.925,0.9067,0.9789,1,1,1,1,0.9231,0.9843,0.9034,0.9744,0.9474,0.9775,0.9839,0.9756,1,0.9583,0.9403,0.974,0.8966,0.9613,1,0.931,0.9178
glpG,G->T,missense,3489714,0,0,0,0,0,0,0,0,0.2099,0.1963,0.1111,0.0196,0,0,0,0,0,0,0,0,0,0,0,0,0,0,0,0,0,0,0,0,0,0.0196,0,0,0,0,0,0,0,0,0,0,0,0,0,0,0,0,0,0,0,0,0,0,0,0,0,0,0,0,0,0.0043,0,0,0,0,0,0,0,0,0,0,0,0,0.013,0,0,0,0,0,0,0,0,0,0,0,0,0.0099,0,0,0,0,0,0,0,0,0,0,0,0,0,0,0,0,0,0,0,0,0,0,0,0,0,0,0,0,0,0,0
glgA,G->A,missense,3499021,0.0043,0,0,0,0,0,0,0,0,0,0,0,0,0,0,0,0,0,0,0,0,0,0,0,0,0,0,0,0.0102,0,0,0.0125,0,0,0,0,0,0,0,0,0,0,0,0,0,0,0,0,0,0,0,0,0,0,0,0,0,0,0,0,0,0,0,0,0,0,0,0,0,0,0,0,0,0,0,0,0,0,0,0,0,0,0,0,0,0,0,0,0,0,0,0,0.0227,0.0088,0.1,0.2456,0.25,0.7157,0.4205,0.4146,0.1304,0.2896,0.338,0.7214,0.7609,0.873,0.8358,0.3846,0.1279,0.2276,0.1939,0.8579,0.8732,0.9571,0.8987,0.8905,0.931,0.9397,1,0.967,0.93
glgC,C->A,missense,3499809,0,0,0,0,0,0,0,0,0,0,0,0,0,0,0,0,0,0,0,0,0,0,0,0,0,0,0,0,0,0,0,0,0,0,0,0,0,0,0,0,0,0,0,0,0,0,0,0,0,0,0,0,0,0,0,0,0,0,0,0,0,0,0,0.0084,0,0.2394,0.4444,0.5811,0.4253,0.303,0.5,0.6353,0.7976,0.8421,0.7846,0.6207,0.8065,0.7179,0.8627,0.3976,0.4792,0.78,0.75,0.8571,0.6562,0.7526,0.9844,0.7725,0.5849,0.6625,0.7382,0.8409,0.9672,0.9518,1,0.9737,1,0.9196,0.9024,0.9173,0.9744,0.9931,0.9833,1,0.9439,0.9933,0.8298,0.898,0.9529,0.9604,0.963,0.9754,0.9118,0.9783,0.9625,0.973,0.8396,0.9594,0.9932,0.9364,0.9466
ugpQ,G->A,missense,3518458,0,0,0,0,0,0,0.0055,0,0,0,0,0,0,0,0,0,0,0,0,0,0,0,0,0,0,0,0,0,0,0,0,0,0,0,0,0,0,0,0,0.0213,0,0,0,0,0.0152,0,0.0476,0.0769,0.1,0.0976,0.0946,0.0957,0.0388,0.0185,0.0625,0.069,0.0962,0.1071,0.0351,0.2857,0.1026,0,0.0909,0.05,0.3529,0.1282,0.1429,0.14,0.127,0.1538,0.2308,0.0896,0.102,0.2973,0.2381,0.2828,0.3019,0.2558,0.2353,0.5357,0.3871,0.1915,0,0.1684,0.2759,0.269,0.0667,0.2353,0.4091,0.303,0.244,0.0506,0.0412,0.1333,0.0667,0.1136,0,0.0405,0.0465,0.0579,0.0192,0,0,0,0.0351,0.0183,0.06,0.0238,0.0984,0.0147,0,0.0202,0,0.0435,0.0408,0.0198,0.1228,0.0709,0.0208,0.056,0.0455
intergenic,indel;-1;T,indel,3528479,0,0,0,0,0,0,0,0,0,0,0,0,0,0,0,0,0,0,0,0.1667,0,0,0,0,0,0,0,0,0,0,0,0,0,0,0,0,0,0,0,0,0,0,0,0,0,0,0,0,0,0,0,0,0,0,0,0,0,0,0,0,0,0,0,0.0043,0,0,0,0,0,0,0,0,0,0,0,0,0,0,0,0.0139,0.1667,0.5545,0.6667,0.5833,0.2647,0.3037,0.4643,0.4848,0.3913,0.6702,0.6409,0.8864,0.8654,0.9107,0.875,0.9434,0.9231,0.8571,0.8679,0.8739,1,0.9741,0.9268,0.9375,0.9067,0.9068,0.9,0.8675,0.9053,0.94,0.9531,0.9615,0.9444,0.9535,0.8764,0.8929,0.9302,0.8235,0.8955,0.938,0.8844
ftsX,A->C,missense,3531801,0,0,0,0,0,0,0,0,0,0,0,0,0,0,0,0,0,0,0,0,0,0,0,0,0,0,0,0,0,0,0,0,0,0,0,0,0,0,0,0,0,0,0,0,0,0,0,0,0,0,0,0,0,0,0,0,0,0,0,0,0,0,0,0,0,0,0,0,0.0156,0,0,0,0.1628,0.0732,0.1667,0.3858,0.2245,0.2444,0.1957,0.5614,0.6207,0.2703,0,0.2526,0.5263,0.2169,0.0244,0.1849,0.5789,0.3381,0.2376,0.1429,0.1098,0.1184,0,0.0185,0,0.0189,0.0364,0.0408,0.0159,0,0,0,0.0312,0.0612,0.1286,0.0469,0.0101,0.0159,0,0,0.02,0,0.0192,0.0865,0.0943,0.028,0,0.0168,0.04
yhhT,MOB_3542565_3542568_IS150_1,sv,3542565,0,0,0,0,0,0,0,0,0,0,0,0.0229,0.0174,0.0232,0,0.0344,0.1142,0,0.0106,0.0192,0.0197,0.0409,0.0219,0.1128,0.0391,0,0.0159,0.0427,0.0518,0.0145,0.0165,0.0098,0.058,0.0527,0.0251,0.0055,0,0,0.0346,0.0992,0.0161,0.0461,0.0129,0.0142,0.0336,0.0171,0.0538,0.0948,0.1535,0.0778,0.0924,0.0749,0.0613,0.0096,0.0891,0.1129,0.0885,0.1414,0.1194,0.1607,0.0272,0.1249,0.08,0.1229,0.0964,0.1604,0.0475,0.1191,0.0762,0.0734,0.1965,0.2009,0.1417,0.1817,0.239,0.4064,0.2844,0.2364,0.2127,0.609,0.4376,0.4183,0.2667,0.2077,0.3541,0.339,0.057,0.2592,0.4043,0.2881,0.1785,0.088,0.0393,0.0688,0.0852,0.0096,0,0.0279,0.0349,0.0343,0,0.0073,0.0097,0,0.0213,0.0363,0.035,0.0195,0.0135,0.0178,0,0.018,0.0328,0.0324,0.0085,0.0568,0.0996,0.0506,0.0094,0.0464,0.0503
yhiO,MOB_3570444_3570446_IS150_-1,sv,3570444,0,0,0,0,0,0,0,0,0,0.0028,0,0,0,0,0.0159,0.0038,0,0.0358,0.0615,0,0.2787,0.0348,0.0038,0,0,0,0,0.0011,0,0,0,0,0,0,0,0,0,0,0,0,0,0,0,0,0,0,0,0.0066,0.0327,0.006,0.005,0.0039,0.0043,0,0,0,0,0,0,0,0,0,0,0,0,0,0,0,0.0295,0,0.0221,0.0072,0,0,0.0098,0.0112,0.1034,0.1005,0.081,0.0573,0.0844,0.0618,0,0.0957,0.0667,0.0302,0.0819,0.0611,0.0141,0.0108,0.0219,0.0136,0.0095,0.0232,0,0.007,0,0,0,0,0,0.002,0,0,0,0.0017,0,0,0.0066,0,0,0,0,0,0,0.0015,0,0,0,0.0031,0
slp,MOB_3583858_3583860_IS150_1,sv,3583858,0,0,0,0,0,0,0,0,0,0,0,0,0,0,0,0,0,0,0.0051,0.0357,0.0123,0.0245,0.0275,0.0427,0.0412,0,0,0.0449,0.0089,0.0172,0.0042,0.01,0.0377,0.0491,0.0104,0,0.0039,0.0159,0.0123,0.0404,0.0261,0,0.0035,0.0187,0.0052,0.0046,0.0436,0.073,0.0555,0.0519,0.0982,0.0672,0.0469,0.015,0.0913,0.0531,0.1123,0.1438,0.0774,0.1193,0.0281,0.0913,0.0784,0.0936,0.0534,0.1141,0,0.1494,0.1183,0.0638,0.1769,0.1012,0.1385,0.1174,0.1232,0.3104,0.2298,0.1868,0.1484,0.5745,0.4354,0.2419,0.0529,0.1627,0.3194,0.2057,0.0252,0.2451,0.5497,0.2727,0.2059,0.0458,0.0748,0.0647,0.0205,0.0616,0.0177,0.0577,0.0519,0.055,0.0226,0.0067,0.0147,0.0034,0.0383,0.0381,0.1067,0.0547,0.0263,0.0171,0.0181,0.0106,0.0102,0.0146,0.0255,0.0374,0.1135,0.0377,0.0117,0.0455,0.0283
yhjD,G->A,synonymous,3603219,0,0,0,0,0,0,0.0055,0,0.0135,0.0074,0,0,0,0,0,0.0155,0,0,0,0.0345,0,0.0179,0.0667,0.0238,0.0909,0,0,0.0116,0,0,0.0294,0,0.1111,0.0204,0.0278,0,0,0.0286,0.0435,0.0137,0,0,0,0,0,0,0.0299,0.0286,0.1042,0.0566,0.0568,0.069,0,0.0615,0.1538,0.1268,0.0896,0.1,0.0364,0.2241,0.0244,0.3333,0,0.0685,0.1429,0.3051,0.2,0.1333,0.0806,0.1961,0.3333,0.0282,0.1429,0.1026,0.14,0.3821,0.1552,0.2667,0.1818,0.5139,0.5067,0.125,0,0.23,0.2174,0.2179,0.0667,0.1825,0.36,0.3279,0.173,0.0968,0.1167,0.0517,0,0.0192,0,0.0312,0.0256,0.0417,0.0175,0.0088,0.05,0,0.0274,0.0268,0.0826,0.0282,0,0.098,0,0.0109,0.025,0.0088,0.0238,0.0505,0.0385,0.0337,0.0112,0.0435,0
dctA,A->C,noncoding,3613023,0,0,0,0,0,0,0,0,0,0.0268,0.0769,0.1591,0.0563,0.125,0,0.0124,0,0,0.0533,0.1818,0.0519,0.0575,0.1636,0.0278,0.1154,0.0417,0.1429,0.1546,0.1688,0,0,0,0.1467,0.0714,0.0171,0.026,0.0441,0,0.16,0.0918,0.0233,0.2143,0.1534,0,0,0,0,0,0,0,0,0,0,0,0,0,0,0,0,0,0,0,0,0,0,0,0,0,0,0,0,0,0,0,0,0,0,0,0,0,0,0,0,0,0,0,0,0,0,0,0,0,0,0,0,0,0,0,0,0,0.0145,0,0.0727,0.3636,0.3365,0.4296,0.4685,0.0093,0.05,0.0494,0.101,0.5704,0.629,0.5,0.3375,0.1731,0.1605,0.071,0.1429,0.0886,0.0696
bcsC,C->A,missense,3617804,0,0,0,0,0,0,0,0,0,0,0,0,0,0,0,0,0,0,0,0,0,0,0,0,0,0,0,0,0,0,0,0,0,0,0,0,0,0,0,0,0,0,0,0,0,0,0,0,0,0,0,0,0,0,0,0,0,0,0,0,0,0,0,0,0,0,0,0,0,0,0,0,0,0,0,0,0,0,0,0,0,0,0,0,0,0,0,0,0,0,0,0,0,0,0,0,0,0,0,0,0,0,0,0,0,0,0,0,0.0476,0,0.1026,0.0725,0,0,0.0169,0,0,0,0,0,0
dppB,G->A,missense,3635251,0,0,0,0,0,0,0,0,0,0,0,0,0,0,0,0,0,0,0,0,0,0,0,0,0,0,0,0,0,0,0,0,0,0.0238,0,0,0,0,0,0,0,0,0,0,0,0,0,0,0,0,0,0,0,0.0141,0,0.0118,0,0,0,0,0,0,0,0,0,0,0,0,0,0,0,0,0,0,0,0,0,0,0,0,0,0,0,0,0,0,0,0,0,0.1111,0.1584,0,0,0.0288,0,0,0,0,0,0,0,0,0,0,0,0,0,0,0,0,0,0,0,0,0,0,0,0,0,0,0
yiaT,junction_3686019_-1_IS150_end,sv,3686019,0,0,0,0,0,0,0,0,0,0,0,0,0,0,0,0,0,0,0,0,0,0,0,0,0,0,0,0,0,0,0,0,0,0,0,0,0,0,0,0,0,0,0,0,0,0,0,0.0098,0.0132,0.027,0.0847,0.0894,0.0256,0.0515,0.0526,0.0169,0.0275,0.0846,0.0879,0.1094,0.0421,0.2069,0,0.0793,0.1818,0.2025,0.0588,0.0714,0.0938,0.0984,0.2676,0.1917,0.2632,0.0541,0.2333,0.4327,0.2778,0.1379,0.2029,0.5574,0.5118,0.2097,0.1538,0.2981,0.4531,0.2888,0.0312,0.2328,0.48,0.3158,0.2199,0.0111,0.1119,0.0917,0,0.0625,0.0385,0.0642,0.0494,0.0303,0.0105,0.0065,0.0364,0,0.0244,0.005,0.0522,0.042,0.0485,0.0106,0,0.0284,0.1125,0.0147,0.0104,0.0571,0.0659,0.065,0.0068,0.0714,0.0533
yiaT,MOB_3686106_3686108_IS150_-1,sv,3686106,0,0,0,0,0,0,0,0,0,0,0,0,0,0,0,0,0.0201,0,0,0,0,0,0,0,0.0075,0,0,0,0,0,0,0,0,0,0,0,0,0,0,0,0,0,0,0,0,0,0,0,0,0,0,0,0,0,0,0,0,0,0,0,0,0,0,0,0,0,0,0,0,0,0,0,0,0,0,0,0,0,0,0,0,0.006,0,0,0,0,0,0,0,0,0.0207,0.2425,0.1936,0.2168,0.3197,0.0689,0.02,0,0.0786,0.2563,0.4123,0.6131,0.5126,0.1802,0.0367,0.0584,0.0037,0.2077,0.0916,0.1962,0.2736,0.0518,0.0142,0.0047,0.0101,0.0024,0.0073,0,0,0,0
yiaT,G->A,synonymous,3686214,0,0,0,0,0,0,0,0,0,0,0,0,0,0,0,0,0,0,0,0,0,0.0137,0,0,0,0,0,0,0,0,0,0,0,0,0,0,0,0,0,0,0,0,0,0,0,0,0,0,0,0,0,0,0,0,0,0,0,0,0,0,0,0,0,0.0062,0,0,0.2,0,0,0,0,0,0,0,0,0,0,0,0,0,0,0,0,0,0,0,0,0.0097,0,0,0,0,0,0,0,0,0,0,0,0,0,0,0,0,0,0,0,0,0,0,0.0581,0.2989,0.3019,0.3372,0.6092,0.8073,0.8378,0.8947,0.8557,0.9308,0.8868
mtlD,G->T,missense,3710152,0,0,0,0,0,0,0,0.0104,0,0.0058,0,0,0,0,0,0,0,0,0,0,0,0,0,0,0,0,0,0,0,0,0,0,0,0,0,0.0106,0.1,0.2619,0.2955,0.4474,0.25,0.1429,0.0931,0.5696,0.5303,0.6377,0.8846,0.9211,0.7397,0.9298,0.83,0.9708,0.951,0.9888,1,0.9333,0.89,0.8971,0.8158,0.8696,0.9714,0.8889,0.9583,0.9378,0.9259,0.807,0.8824,0.9434,0.9074,0.8082,0.8704,0.789,0.8764,0.8235,0.8519,0.6624,0.7938,0.7067,0.8276,0.4167,0.4778,0.7872,1,0.8172,0.6866,0.7273,0.9643,0.7754,0.5147,0.6575,0.7611,0.9029,0.9381,0.954,0.9474,0.9341,0.9643,0.9904,0.9231,0.993,0.9352,0.9781,1,0.9914,0.972,0.9693,0.8954,0.9571,1,0.9515,1,0.9682,0.9846,0.9492,0.9103,0.9785,0.8846,0.9783,0.979,0.9941,0.9574
yicC,indel;-3,indel,3755746,0,0,0,0,0,0,0,0.0392,0.0704,0.0643,0.2041,0.0784,0.0638,0,0,0,0,0,0,0.1176,0.0198,0.0267,0,0.0312,0.0589,0,0.0755,0.0395,0.0645,0,0,0,0.0364,0.0674,0.013,0,0.0353,0,0,0.0775,0.0392,0,0,0,0,0,0.0161,0.0746,0.0282,0.1039,0.0403,0.0605,0.029,0,0.1212,0.107,0.2544,0.5283,0.6296,0.76,0.6531,0.6,0.5882,0.3966,0.5714,0.8,1,0.7805,0.6822,0.875,0.8163,0.973,1,1,0.9783,1,1,0.9762,1,1,1,0.9726,1,0.9901,1,1,1,1,1,1,1,1,1,1,1,1,1,1,1,1,1,1,0.9714,1,1,1,1,1,1,1,1,1,1,1,1,1,1,1,1,1,1
spoT,A->C,missense,3762713,0,0,0,0.0385,0.006,0,0.005,0,0,0.0168,0,0.0476,0.0267,0,0,0.0234,0,0,0,0,0,0.0575,0.04,0,0.0357,0,0,0.0338,0.0185,0,0,0.0154,0.0909,0.087,0,0,0.0133,0,0.0588,0.0563,0,0,0,0,0,0,0.0741,0.0506,0.0476,0.1364,0.0976,0.088,0.0756,0.0278,0,0.1154,0.1013,0.1789,0.1765,0.2545,0,0.1053,0.1429,0.0919,0.3478,0.1591,0.0556,0.0566,0.044,0.1212,0.2727,0.1264,0.1067,0.0909,0.1765,0.2778,0.1951,0.3654,0.3256,0.4444,0.5684,0.2785,0,0.1143,0.4,0.2115,0.0577,0.1946,0.5429,0.2237,0.2196,0.1522,0.0556,0.1311,0,0.0484,0,0.0658,0.0533,0.0548,0,0,0,0,0.0118,0.015,0.0649,0.0309,0.013,0,0.038,0.0074,0.0435,0,0,0.0588,0.1176,0.0694,0.0133,0.0385,0.0511
spoT,G->T,missense,3762727,0,0,0,0,0,0,0,0,0,0,0,0,0.0147,0,0,0,0,0,0,0,0,0,0,0,0,0,0,0,0,0,0,0,0,0,0,0,0,0,0,0,0,0,0,0,0,0,0,0,0,0,0,0,0,0,0,0,0,0,0,0,0,0,0,0,0,0,0,0,0,0,0,0,0,0,0,0,0,0,0.027,0.0286,0,0.0119,0.3333,0.0364,0.1887,0.4321,0.3962,0.3219,0,0.0135,0.014,0,0,0,0,0,0,0,0,0,0,0,0,0,0,0,0,0,0,0.0357,0,0,0,0,0,0,0,0,0,0,0
spoT,G->A,missense,3762789,0,0,0,0,0,0,0,0,0,0,0,0,0,0,0,0,0,0,0.0222,0,0,0,0,0,0,0,0,0,0,0,0,0,0,0,0.0115,0,0,0,0,0,0,0,0,0,0,0,0,0,0,0,0,0.0046,0,0,0,0,0,0,0,0,0,0,0,0.0049,0,0,0,0,0,0,0,0.012,0,0,0,0,0,0,0,0,0,0,0,0,0,0,0,0,0,0.0067,0.0049,0,0,0,0,0,0,0,0,0.025,0.0968,0.1875,0.2143,0.07,0.0825,0.0095,0,0.0417,0,0.0615,0.0135,0,0,0,0,0,0,0,0,0,0
spoT,A->C,missense,3762842,0,0,0,0,0,0,0,0,0,0,0,0,0,0,0,0,0,0,0,0,0,0,0,0,0,0,0,0,0,0,0,0,0,0,0,0,0,0,0,0,0,0,0,0,0,0,0,0,0,0,0,0,0,0,0,0,0,0,0,0,0,0,0,0,0,0,0,0,0,0,0,0,0,0,0,0,0,0,0,0,0,0,0,0,0,0,0,0,0,0,0,0,0,0,0,0,0,0.0423,0.0896,0.2314,0.4706,0.6371,0.4688,0.1698,0.0575,0.0962,0.0157,0.1827,0.2105,0.1692,0.35,0.0667,0,0.0082,0.02,0,0,0,0,0,0
tRNA:selC,junction_3775351_-1_3796245_1,sv,3775351,0,0,0,0,0,0,0,0,0,0,0,0,0,0,0,0,0,0,0,0,0,0,0,0.0245,0,0,0,0,0,0,0,0,0,0,0.0039,0,0,0.0474,0.033,0.0376,0,0.0341,0.0045,0,0.021,0,0.01,0.0405,0.0433,0.0603,0.0533,0.033,0.0256,0,0.0211,0.0144,0.0496,0.0438,0.0509,0.0495,0.013,0.0741,0.0308,0.0402,0.1311,0.0812,0.1449,0.0166,0.0422,0.0562,0.143,0.0204,0.1467,0.0231,0.1965,0.2042,0.187,0.1623,0.0942,0.3649,0.2815,0.1451,0,0.1046,0.3238,0.1668,0.0481,0.1281,0.3025,0.177,0.1255,0.0362,0.0443,0.0524,0.0366,0.0176,0.0108,0.0428,0.0356,0.0187,0.0048,0,0.007,0,0.03,0.0027,0.0426,0.02,0.0198,0.0109,0,0.0091,0.0066,0.0103,0.0253,0.0328,0.0344,0.0404,0.0036,0.019,0.0242
ECB_03532,T->G,noncoding,3791846,0,0,0,0,0,0,0,0,0,0,0,0,0,0,0,0,0,0,0.0112,0,0,0,0,0,0,0,0,0,0,0,0,0,0,0,0,0,0,0,0,0.0236,0.0312,0.0577,0.1126,0,0,0,0,0,0,0,0,0,0,0,0,0,0,0,0,0,0,0,0,0,0,0,0,0,0,0,0,0,0,0,0,0,0,0,0,0,0,0,0,0,0,0,0,0,0,0,0,0,0,0,0,0,0,0,0,0,0,0,0,0,0,0,0,0,0,0,0,0,0,0,0,0,0,0,0,0,0
uhpB,C->A,synonymous,3809208,0,0,0,0,0,0,0,0,0,0,0,0,0,0,0,0,0,0,0,0,0,0,0,0,0,0,0,0,0,0,0.0909,0.1333,0.1944,0.025,0.0548,0.0746,0,0,0,0,0,0,0,0,0,0,0,0,0,0,0,0,0.0073,0,0,0,0,0,0,0,0,0,0,0,0,0,0,0,0,0,0,0,0,0,0,0,0,0,0,0,0,0,0,0,0,0,0,0,0,0,0,0,0,0,0,0,0,0,0,0,0,0,0,0,0,0,0,0,0,0,0,0,0,0,0,0,0,0,0,0,0
tnaA,G->A,synonymous,3850431,0,0,0,0,0,0,0,0,0,0,0,0,0,0,0,0,0,0,0,0,0,0,0,0,0,0,0,0,0.0059,0,0,0,0,0,0,0,0,0,0,0,0,0,0,0,0,0,0,0,0,0,0.006,0,0,0,0,0,0,0,0,0,0.0135,0.1,0.3077,0.2,0.3793,0.1171,0,0.0152,0,0.0267,0.0373,0.1575,0.0696,0,0.0274,0,0,0,0,0,0,0,0,0,0,0,0,0,0,0,0,0,0,0,0,0,0,0,0,0,0,0,0,0,0,0.0046,0,0,0,0,0,0,0,0,0,0,0,0,0,0,0
tnaB,junction_3850953_-1_IS150_end,sv,3850953,0,0,0,0,0,0,0,0,0,0,0,0,0,0,0,0,0,0,0,0,0,0,0,0,0,0,0,0.0036,0,0,0,0,0,0,0,0,0,0,0,0,0,0,0,0,0,0,0,0,0,0,0,0,0,0,0,0,0,0,0,0,0,0,0,0,0,0,0,0,0,0,0,0,0,0,0,0,0,0,0,0,0,0,0,0.0508,0.25,0.1423,0,0.102,0.2917,0.2408,0.2228,0.0976,0.1034,0.0893,0.1538,0.0614,0,0.0847,0.1359,0.0366,0,0.0121,0,0,0.0606,0.0296,0.0513,0.0588,0.0351,0,0.0092,0.0103,0.0143,0.064,0.0261,0.0805,0.1165,0.0474,0,0.0667,0.0562
yidY,junction_3852718_-1_IS150_end,sv,3852718,0,0,0,0,0,0,0,0,0,0,0,0,0,0,0,0,0,0,0,0,0,0,0,0,0,0,0,0,0,0,0,0,0,0,0,0,0,0,0,0,0,0,0,0,0,0,0,0,0,0,0,0,0,0,0,0,0,0,0,0,0,0,0,0,0,0,0,0,0,0,0,0,0,0,0,0,0,0,0,0,0,0,0,0.03,0.0741,0.1459,0.0189,0.1824,0.4857,0.141,0.0542,0,0,0,0,0,0,0,0,0,0,0,0,0,0,0,0,0,0,0,0,0,0,0,0,0,0,0,0,0,0
yieL,MOB_3860591_3860593_IS150_-1,sv,3860591,0,0,0,0,0,0,0,0,0,0,0,0,0,0,0,0,0,0,0,0,0,0,0,0,0,0,0,0,0,0.0063,0,0,0.0602,0.0257,0.0173,0.0697,0.0905,0.0927,0.2152,0.064,0.0132,0.1255,0.1594,0,0,0,0,0,0,0,0,0,0,0,0,0,0,0,0,0,0,0,0,0,0,0,0,0,0,0,0,0,0,0,0,0,0,0,0,0,0,0.0041,0,0,0,0,0,0,0,0,0,0,0,0,0,0,0,0,0,0,0,0,0,0,0,0,0,0,0,0,0,0,0,0.0049,0,0,0,0,0,0,0
bglF,MOB_3864800_3864802_IS150_1,sv,3864800,0,0,0,0,0,0,0,0,0,0,0,0,0,0,0,0,0,0,0,0,0.0055,0.0059,0,0,0,0,0,0,0,0,0,0,0,0,0,0,0,0,0,0,0,0,0,0,0,0,0,0,0,0,0,0,0,0,0,0,0.006,0,0,0,0.0082,0,0,0,0,0,0,0,0,0,0,0.0222,0,0,0,0.0151,0.0782,0.2185,0.2644,0.5249,0.4672,0.3142,0.1336,0.176,0.2027,0.1532,0.0162,0.1811,0.3166,0.1458,0.1214,0.0146,0.0305,0.0676,0.04,0.0626,0,0.0573,0.0424,0.0284,0.0097,0.0074,0,0,0.0398,0.0138,0.0503,0.0418,0.0226,0.0188,0,0.0121,0.0113,0.0104,0.0337,0.0283,0.105,0.0251,0.0157,0.0742,0.0209
phoU,A->G,synonymous,3867433,0,0,0,0,0,0,0,0,0,0,0,0,0,0,0,0.0042,0.0556,0,0.013,0.1053,0.0357,0,0,0.1094,0.016,0.0345,0,0.0162,0.0192,0.0196,0.0357,0,0.0789,0.0351,0,0,0,0,0,0.0762,0,0,0.0053,0.0179,0.0312,0,0.0575,0.0396,0.0845,0.1163,0.1308,0.0533,0.042,0.0149,0.2083,0.0612,0.0758,0.0583,0.0897,0.1176,0.0206,0.1429,0.0588,0.0933,0,0.1081,0.4545,0.1176,0.1622,0.0633,0.2152,0.1167,0.0886,0.1385,0.1406,0.3217,0.2174,0.2281,0.1625,0.4881,0.4194,0.25,0.1818,0.0825,0.35,0.2311,0.1129,0.2796,0.4237,0.239,0.2172,0.0556,0.125,0.0741,0,0.0625,0.0227,0.055,0.1341,0.0756,0.0183,0.0054,0,0,0,0.0443,0.0584,0.0336,0.0172,0,0,0.035,0.0517,0.0316,0.0843,0.022,0.075,0.0464,0.0075,0.0398,0.0074
yieN,MOB_3891397_3891399_IS150_1,sv,3891397,0,0,0,0,0,0,0,0,0,0,0,0,0,0,0,0,0,0,0,0,0,0,0,0,0,0,0,0,0.0056,0,0,0,0,0,0,0,0,0,0,0,0,0,0,0,0,0,0,0,0,0,0,0,0,0,0,0,0,0,0,0,0,0,0,0,0,0,0,0,0,0,0,0,0,0,0,0,0,0,0,0,0,0,0,0,0,0,0,0,0,0,0.0024,0,0,0,0,0,0,0,0,0,0,0,0,0,0,0,0.0377,0.0174,0.0057,0.0284,0.0066,0.0051,0.0286,0.0175,0.0407,0.12,0.0909,0.1004,0.0061,0.0549,0.0456
intergenic,indel;G;+G;+GAC;+GG;T,indel,3893550,0,0,0.0769,0,0.0151,0,0.0045,0.0319,0,0.0147,0.129,0.1154,0.0377,0.0312,0.0286,0.0139,0,0,0.0541,0.1034,0.022,0.011,0.043,0.0204,0.0278,0.0571,0,0.0309,0.05,0.0526,0.0093,0.026,0.061,0.0877,0.1064,0.0632,0.06,0,0,0.0588,0,0.1042,0.069,0,0,0.0103,0.0674,0.0595,0.0938,0.0851,0.0714,0.0711,0.039,0.0455,0.16,0.1081,0.1287,0.1129,0.029,0.2414,0.093,0.1818,0.1579,0.0817,0,0.1646,0.0714,0.1458,0.12,0.0857,0.3043,0.2137,0.1026,0.1081,0.1385,0.3474,0.2941,0.1719,0.2031,0.5568,0.5,0.3115,0.1429,0.1765,0.48,0.2277,0.0755,0.1928,0.3958,0.25,0.209,0.0125,0.0882,0.19,0.0645,0.1324,0,0.0374,0.1556,0.0688,0.0532,0.029,0,0.0088,0.0579,0.0353,0.0708,0.0458,0.0102,0.0326,0.0633,0.0479,0.0161,0.053900000000000003,0.0375,0.0437,0.122,0.0807,0.031,0.0553,0.0628
rbsR,junction_3900624_1_IS150_end,sv,3900624,0,0.6078,1,1,1,1,0.9867,0.9889,1,0.9943,1,0.9756,0.9636,1,1,0.9868,1,1,0.9394,0.88,0.9684,0.988,0.9875,0.9787,0.9846,1,1,0.9541,0.9857,0.9362,0.9872,1,0.9787,0.9385,0.9911,0.9726,0.9865,0.9167,1,0.9559,0.9744,1,0.9903,1,1,1,0.9857,0.8941,0.9464,0.8,0.8991,0.9346,0.963,0.9535,0.8889,0.932,0.8824,0.8462,0.8551,0.8361,0.95,0.8889,1,0.913,0.9,0.9211,1,0.9024,0.9565,0.9259,0.8116,0.9126,0.8333,0.8654,0.7971,0.7136,0.7195,0.6667,0.8525,0.4928,0.4272,0.6966,0.8571,0.8839,0.6552,0.7712,0.9574,0.8106,0.4545,0.7097,0.7941,0.8851,0.92,0.9318,0.913,0.9839,0.9744,0.9651,0.9277,0.9528,0.9878,0.992,1,1,0.9333,0.969,0.9076,0.9923,0.9796,0.9643,0.9697,0.9549,1,0.9724,0.9277,0.9572,0.8824,0.9398,1,0.9714,0.9759
ilvL,C->A,noncoding,3912094,0,0,0,0,0,0,0,0,0,0,0,0,0,0,0,0,0,0,0,0,0,0,0,0,0,0,0,0,0.0698,0.2927,0.1034,0,0,0,0,0,0,0,0,0,0,0,0,0,0,0,0,0,0,0,0,0,0,0,0,0,0,0,0,0,0,0,0,0,0,0,0,0,0,0,0,0,0,0,0,0,0,0,0,0,0,0,0,0,0,0,0,0,0,0,0,0,0,0,0,0,0,0,0,0,0,0.0076,0,0,0,0,0,0,0,0,0,0,0,0,0,0,0,0,0,0,0
gppA,G->T,missense,3925021,0,0,0,0,0,0,0,0,0,0,0,0,0,0,0,0,0,0,0,0,0,0,0,0,0,0,0,0,0,0,0,0,0,0,0,0,0,0,0,0,0,0,0,0,0,0,0,0,0,0,0,0,0,0,0,0,0,0,0,0,0,0,0,0,0,0,0,0,0,0,0,0,0,0,0,0,0,0,0,0,0,0,0,0,0,0,0,0,0,0,0,0,0,0,0,0,0,0,0,0,0,0,0,0,0,0,0,0,0.0078,0.0167,0.0333,0.25,0.1837,0.4971,0.3553,0.6687,0.7818,0.8667,0.8168,0.8616,0.8947
ECB_03720,A->C,missense,3991769,0,0,0,0,0,0,0,0,0,0,0,0,0,0,0,0,0,0,0,0,0,0,0,0,0,0,0,0,0,0,0,0,0,0,0,0,0,0,0,0,0,0,0,0,0,0,0,0,0,0,0,0,0,0,0,0,0,0,0,0,0,0,0,0,0,0.02,0,0,0,0,0,0,0,0,0,0,0,0,0,0,0,0,0,0,0,0,0,0.0066,0,0.0074,0.1154,0.1398,0.0417,0.0659,0,0.1077,0.0333,0.038,0.0571,0.0598,0,0.028,0.0182,0.012,0.0412,0.0159,0.123,0.0139,0.0417,0.0149,0,0.0291,0.069,0,0.038,0.057,0.1486,0.0226,0.0263,0.0658,0.0422
fadA,MOB_4006279_4006281_IS150_-1,sv,4006279,0,0,0,0,0,0,0,0,0,0,0,0,0,0,0,0,0,0,0,0,0,0,0,0,0,0,0,0,0,0.0201,0,0,0,0,0,0,0,0,0,0,0,0,0.0077,0,0,0,0,0,0,0.0117,0,0.0028,0,0,0,0.0255,0.0085,0.0591,0,0.0242,0.0162,0,0,0.005,0,0,0.1667,0.0529,0.1075,0.0867,0.1339,0.0251,0.0245,0,0,0.0094,0.0068,0.0221,0,0.0083,0,0.0262,0,0,0,0,0.0157,0.0076,0,0,0.0094,0,0,0.0214,0.0402,0,0,0,0.0096,0.0112,0.0157,0,0,0,0,0,0.0085,0,0,0.0066,0.0214,0,0,0,0,0,0,0,0,0.0046,0
trkH,C->T,missense,4011797,0,0,0,0,0,0,0,0,0,0,0,0,0,0,0,0,0,0,0,0,0,0,0,0,0,0,0,0,0.019,0,0,0,0.141,0,0.0366,0.0241,0.0842,0.05,0.1613,0.1264,0.0625,0.0952,0.1637,0,0,0,0,0.013,0.0189,0,0,0,0,0,0,0,0,0,0,0,0,0,0,0,0,0,0,0,0,0,0,0,0,0,0,0,0,0,0,0,0,0,0,0,0,0,0,0,0,0,0,0,0,0,0,0,0,0,0,0,0,0,0,0,0,0,0,0,0,0,0,0,0,0,0,0,0,0,0,0,0
yihF,G->T,missense,4023441,0,0,0,0,0,0,0,0,0,0,0,0,0,0,0.1053,0,0,0,0.026,0.0294,0.0273,0.0566,0.0891,0.0167,0.0994,0.0566,0.16,0.1925,0.2174,0.0164,0,0.0217,0.1017,0,0.0282,0.0508,0.0708,0,0.186,0.0365,0.0667,0.1316,0.1684,0,0,0,0,0,0,0,0,0,0,0,0,0,0,0,0,0,0,0,0,0,0,0,0,0,0,0,0,0,0,0,0,0,0,0,0,0,0,0,0,0,0,0,0,0,0,0,0,0,0,0.0141,0,0,0,0,0,0,0,0,0,0,0,0,0,0,0,0,0,0,0,0,0,0,0,0,0,0,0
glnA,G->A,synonymous,4035924,0,0,0,0,0,0,0,0,0,0,0,0,0,0.0556,0,0,0,0,0,0,0,0,0,0,0,0,0,0,0.0094,0,0,0,0,0,0,0,0,0,0,0,0,0,0,0,0,0,0,0,0,0,0,0,0,0,0,0,0,0,0,0,0.0108,0.0455,0.3462,0.5745,0.2903,0.2632,0.3125,0.1765,0.2812,0.2069,0.1899,0.0392,0.0097,0.0164,0,0,0,0,0,0,0,0,0,0,0,0,0,0,0,0,0,0,0,0,0,0,0,0,0,0,0,0,0,0,0,0,0,0,0,0,0,0,0,0,0,0,0,0,0,0,0
yihP,T->G,missense,4044893,0,0,0,0,0,0,0,0,0,0,0,0,0,0,0,0,0,0,0,0,0,0,0,0,0,0,0.0323,0,0,0,0,0,0,0,0,0,0,0,0,0,0,0,0,0.1136,0.0333,0.2308,0.7667,0.9091,0.8833,0.9574,0.914,0.9783,0.9344,1,0.9474,0.9333,0.8769,0.86,0.9796,0.7077,0.9833,0.75,0.8571,0.8947,1,0.8214,0.7273,0.8723,0.9348,0.8684,0.8364,0.8511,0.8846,0.8431,0.8333,0.6908,0.7377,0.75,0.7703,0.3636,0.4762,0.8923,1,0.7826,0.5,0.7415,0.9103,0.7207,0.5094,0.7117,0.721,0.9259,0.9167,0.9123,0.9091,0.878,0.9512,0.9589,0.9123,0.9595,0.9636,1,1,1,0.9118,0.9618,0.8951,0.9706,0.9659,1,0.9688,0.9922,1,0.959,0.9385,0.9401,0.8667,0.9375,1,0.9392,0.987
yihS,MOB_4049580_4049582_IS150_-1,sv,4049580,0,0,0,0,0,0,0,0,0,0,0,0,0,0,0.0278,0,0.0233,0,0.01,0,0.0072,0.0061,0.0204,0,0,0,0,0,0.0248,0.0233,0.0093,0,0.0067,0,0.0068,0.0362,0.0167,0,0.0526,0.0153,0.0333,0,0.0111,0.1212,0.1358,0.0229,0.0182,0,0.0412,0.0241,0.0233,0.0246,0,0.033,0,0.007,0,0,0.0108,0.013,0.0349,0,0.0588,0.1094,0.12,0.0938,0.1176,0.0513,0.0153,0.0345,0.2308,0.1867,0.1969,0.0909,0.1221,0.4827,0.192,0.3039,0.2796,0.6,0.4977,0.3294,0.2778,0.1559,0.4742,0.2831,0.0629,0.2516,0.5873,0.3787,0.2405,0.1529,0.0619,0.1656,0.0435,0.0667,0,0.0952,0.0896,0.0207,0.1538,0.0131,0.0147,0.0224,0.0663,0.0151,0.1172,0.0897,0.0873,0.0671,0.0323,0.036,0.0357,0.0283,0.0388,0.0839,0.124,0.116,0.0498,0.0433,0.0744
tpiA,T->C,missense,4090641,0,0,0,0,0,0,0.0361,0.0308,0,0.0341,0,0.0189,0.0333,0.0588,0,0.0169,0,0.0698,0.0152,0.2083,0.0241,0.0532,0.1071,0.0862,0.1613,0.0741,0.0789,0.2217,0.1591,0.1351,0,0,0.0435,0.0161,0.0108,0.0561,0.0909,0,0.1111,0.0781,0,0.0667,0.1538,0,0,0,0,0,0,0,0,0,0,0,0,0,0,0,0,0,0,0,0,0,0,0,0,0,0,0,0,0,0,0,0,0.0046,0,0,0,0,0,0,0,0,0,0,0,0,0,0.0041,0,0,0,0,0,0,0,0,0,0,0,0,0,0,0,0.0126,0,0,0,0,0,0,0,0,0,0,0,0,0,0,0
hslU,G->T,missense,4100211,0,0,0,0,0.0078,0.2174,0.5458,0.1333,0.0299,0.329,0.8485,0.9074,0.9865,1,0.9375,0.9858,0.9231,1,1,0.9048,0.978,0.9674,0.9464,0.9706,0.9712,1,1,0.9824,1,0.9796,1,1,0.9863,0.9,0.988,0.9855,0.9615,0.9412,1,0.9643,1,0.9778,0.9861,0.9756,1,0.9571,0.9444,1,0.9333,0.8182,0.9333,0.9406,0.9605,0.9714,0.85,0.9167,0.9293,0.8454,0.8085,0.8889,1,0.9444,0.9333,0.9083,0.9375,0.8302,1,0.878,0.9062,0.96,0.8235,0.8413,0.7639,0.8727,0.8947,0.6584,0.6556,0.8167,0.7385,0.4286,0.5288,0.5769,0.8571,0.8105,0.6667,0.7885,0.9848,0.8011,0.4655,0.7205,0.8043,0.9487,0.9083,0.9028,1,0.9216,1,0.9474,0.9524,0.9765,0.9355,1,0.9792,1,0.9718,0.9507,0.8673,0.9697,0.9683,0.9669,1,0.9716,0.9583,0.9673,0.9683,0.9586,0.8333,0.9503,1,0.9349,0.9496
hslU,T->A,missense,4100366,0.0068,0,0,0,0,0,0,0,0,0,0,0,0,0,0,0,0,0,0,0,0,0,0,0,0,0,0,0,0,0,0,0,0,0,0,0,0,0,0,0,0,0,0,0,0,0,0,0,0,0,0,0,0,0,0,0,0,0,0,0,0,0,0,0,0,0,0,0,0,0,0,0,0,0,0,0,0,0,0,0,0,0,0,0,0,0,0,0,0,0,0,0,0,0,0,0,0,0,0,0,0.0435,0.0177,0,0,0.0328,0.0357,0.0909,0.033,0.0152,0,0.0204,0,0,0.0325,0.0364,0.0397,0.1633,0.0328,0.0171,0.0198,0.0636
hslU,A->T,missense,4101100,0,0,0,0.3958,0.9787,0.4,0.4869,0.7727,0.9118,0.5704,0.2857,0.0625,0.0135,0,0,0,0,0,0,0,0,0,0,0,0,0,0,0,0,0,0,0,0,0,0,0,0,0,0,0,0,0,0,0,0,0,0,0,0,0,0,0,0,0,0,0,0,0,0,0,0,0,0,0,0,0,0,0,0,0,0,0,0,0,0,0,0,0,0,0,0,0,0,0,0,0,0,0,0,0,0,0,0.0233,0,0,0,0,0,0,0,0,0,0,0,0,0,0,0,0,0,0,0,0,0,0,0,0,0,0,0,0
ftsN,G->A,missense,4101880,0,0,0,0,0,0,0,0,0,0,0,0,0,0,0,0,0,0,0,0,0,0,0,0,0,0,0,0,0,0,0,0,0,0,0,0,0,0.0213,0,0.0115,0,0.0625,0.1053,0.2115,0.3247,0.2469,0.1064,0.0098,0,0,0,0,0,0.0132,0,0,0,0,0,0,0,0,0,0,0,0,0,0,0,0,0,0,0.0119,0,0,0,0,0,0,0,0,0,0,0,0,0,0,0,0,0,0,0,0,0,0,0,0,0,0,0,0,0,0,0,0,0,0,0,0,0,0,0,0,0,0,0,0,0,0,0,0
ftsN,MOB_4102859_4102862_IS150_1,sv,4102859,0,0,0,0,0,0,0,0,0,0.0039,0,0,0,0,0,0.0025,0,0,0,0,0,0.0053,0,0,0,0,0,0,0,0,0,0,0,0,0,0,0,0,0,0.0789,0,0,0.011,0,0,0.0166,0.0239,0.0368,0.0783,0.0402,0.1041,0.076,0.0238,0.0083,0.016,0.0906,0.1155,0.2784,0.074,0.1695,0.0432,0.1158,0.1002,0.1646,0.0874,0.1725,0.1435,0.1454,0.1254,0.1596,0.2128,0.2329,0.1518,0.1418,0.2094,0.391,0.3181,0.3158,0.2198,0.5855,0.6146,0.2671,0.0837,0.2404,0.4028,0.2598,0.0226,0.3136,0.4678,0.34,0.2538,0.0875,0.0936,0.1092,0.0252,0.0309,0.0132,0.0116,0.0611,0.0448,0.0631,0.004,0.0121,0,0.046,0.0167,0.1115,0.0475,0.0067,0.006,0.0243,0.0347,0.0394,0.0281,0.0845,0.0791,0.1347,0.0362,0,0.0921,0.053
metJ,G->T,missense,4108412,0,0,0,0,0,0,0,0,0,0,0,0,0,0,0,0,0,0,0,0,0,0,0,0,0.0068,0,0,0,0,0.0161,0,0,0,0,0,0.0309,0.0893,0.1714,0.3889,0.3069,0.2051,0.0465,0.0807,0.7193,0.5,0.6456,0.8041,0.9565,0.9565,0.8857,0.8611,0.9211,0.9733,0.95,0.9722,0.9231,0.8636,0.9278,0.9123,0.8824,0.9459,0.9412,0.9333,0.9351,1,0.8596,0.8,0.9821,0.9293,0.8364,0.7619,0.9138,0.9041,0.7708,0.8519,0.6018,0.7381,0.6833,0.7961,0.3898,0.3868,0.7757,0.5333,0.8252,0.6129,0.7111,0.975,0.7897,0.4091,0.6864,0.7948,0.8641,0.8879,0.8854,1,0.9175,0.9302,0.8228,0.9518,0.9649,0.9565,1,0.9857,1,0.8852,0.9744,0.88,0.9348,0.9608,0.9898,1,0.9686,0.9123,0.9872,0.954,0.9404,0.8023,0.932,0.9869,0.9358,0.939
metL,MOB_4110237_4110239_IS150_1,sv,4110237,0,0,0,0,0.0087,0,0,0,0,0.0054,0,0,0,0,0,0,0,0,0,0.02,0.0065,0,0,0,0,0,0,0,0,0,0,0,0,0.0085,0,0.007,0,0,0,0,0.0192,0,0.003,0,0,0,0,0.0056,0,0,0,0.0068,0.0043,0,0,0,0.007,0,0.0071,0.0169,0.015,0,0,0,0,0,0,0,0.0671,0.1488,0.1296,0.0111,0.0331,0.0213,0.0439,0.0201,0.0144,0.0374,0,0.0205,0.0073,0,0,0,0,0,0,0,0.0377,0.0102,0.0037,0,0,0,0,0,0,0.0056,0.0079,0.004,0.0077,0.0109,0.02,0.0256,0.0245,0.02,0.0047,0.005,0,0,0,0,0,0,0,0,0,0.0091,0.0035,0,0
katG,MOB_4114199_4114201_IS150_1,sv,4114199,0,0,0,0,0,0,0,0,0,0,0,0,0,0,0,0,0,0,0,0,0,0,0,0,0,0,0,0,0,0,0,0,0,0,0,0,0.0062,0,0.0214,0,0,0,0,0,0,0,0,0,0,0,0,0,0,0,0,0,0.0129,0.0042,0,0.0412,0,0.1268,0.0279,0.0807,0,0.0868,0.2753,0.0677,0.0251,0.0306,0.105,0.1512,0.1134,0.053900000000000003,0.1463,0.4013,0.2857,0.3794,0.3314,0.587,0.4808,0.2705,0.4026,0.1488,0.413,0.2711,0.0305,0.2173,0.4219,0.3142,0.3351,0.0867,0.0787,0.1265,0.0841,0.075,0,0.0273,0.1126,0.0729,0.0195,0.0038,0.0403,0,0.0316,0.0078,0.1124,0.0384,0.0181,0.042,0.0225,0.0101,0.0335,0.019,0.0333,0.0581,0.1552,0.0383,0.0131,0.0618,0.0297
coaA,C->A,missense,4154565,0,0,0,0,0,0,0,0,0,0,0,0,0,0,0,0,0.0323,0,0,0,0,0,0,0,0,0,0,0,0,0,0,0,0,0,0,0,0,0,0,0,0,0,0,0,0,0,0,0,0,0,0,0,0,0,0,0,0,0,0,0,0,0,0,0,0,0,0,0,0,0,0,0,0,0,0,0,0,0,0,0,0,0,0,0,0,0,0,0,0,0,0,0,0,0,0,0,0,0,0,0,0,0.0046,0.0517,0.0336,0.0465,0.0442,0.019,0.2014,0.0946,0.1404,0.1651,0.0563,0,0.0052,0.0106,0.0045,0,0,0,0,0
rpoB,A->C,missense,4162281,0,0,0,0,0,0,0,0,0,0,0,0,0,0,0,0,0,0,0,0,0,0,0,0,0,0,0,0,0,0,0,0,0,0,0,0,0,0,0,0,0,0,0,0,0,0,0,0,0,0,0,0.0085,0.1379,0.2133,0.3333,0.1525,0.0952,0.0075,0.0102,0,0,0,0,0,0,0,0,0,0,0,0,0.0079,0,0,0,0,0,0,0,0,0,0.009,0,0,0,0,0,0,0,0,0,0,0,0,0,0,0,0,0,0,0,0,0,0,0,0,0,0,0,0,0,0,0,0,0,0,0,0,0,0,0
rpoC,T->G,missense,4165779,0,0,0,0,0,0,0,0,0,0,0,0,0,0,0,0,0,0,0,0,0,0,0,0,0,0,0,0,0,0,0,0,0,0,0,0.0112,0,0,0,0,0,0,0,0,0,0,0,0,0,0,0,0,0,0,0,0,0,0,0,0,0,0,0,0,0,0.011,0.0769,0.1333,0.2326,0.1304,0.1408,0.0312,0,0,0,0,0,0,0,0,0,0,0,0,0,0,0,0,0,0,0,0,0,0,0,0,0,0,0,0,0,0,0,0,0,0,0,0,0,0,0,0,0,0,0,0,0,0,0,0,0
hupA,C->T,noncoding,4179844,0,0,0,0.0156,0,0,0.0042,0,0,0,0,0,0,0,0,0,0,0,0,0,0,0,0,0,0,0,0,0,0,0,0,0,0,0,0,0,0,0,0,0,0,0,0,0,0,0,0,0,0,0,0,0,0,0,0,0,0,0,0,0,0,0,0,0,0,0,0,0,0,0,0,0,0,0,0,0,0,0,0,0,0,0,0,0,0,0,0,0,0,0,0,0,0,0,0,0,0,0,0,0,0,0,0,0,0,0,0,0.007,0.0102,0.0481,0.1136,0.0299,0.0299,0.0061,0,0,0,0,0,0,0
metA,A->G,missense,4194637,0.0042,0,0,0,0,0,0,0,0,0,0,0,0,0,0,0,0,0,0,0,0,0,0,0,0,0,0,0,0,0,0,0.0109,0,0,0,0,0,0,0,0,0,0,0,0,0,0,0,0,0,0,0,0,0,0,0,0,0,0,0,0,0,0,0,0,0,0,0,0,0,0,0,0,0,0,0,0,0,0,0,0,0,0.0085,0.2857,0.055,0.0508,0.3641,0.4429,0.2894,0.0789,0.0229,0.022,0.023,0,0,0,0,0,0,0,0,0,0,0,0,0,0,0,0,0,0,0,0,0,0,0,0.0106,0,0,0,0,0
intergenic,G->A,noncoding,4194803,0,0,0,0,0.0061,0,0.285,0.8462,0.8947,0.5161,0.2857,0,0,0,0,0,0,0,0,0,0,0,0,0,0,0,0,0,0,0,0,0,0,0,0,0,0,0,0,0,0,0,0,0,0,0,0.0145,0,0,0,0.0114,0,0,0,0,0.0139,0,0,0,0,0,0,0,0,0,0,,0,0,0,0,0,0,0,0,0,0,0,0,0,0,0,0,0,0,0,0,0,0,0,0,0,0,0,0,0,0,0,0,0,0,0,0,0,0,0,0,0,0,0,0,0,0,0,0,0,0,0,0,0,0
intergenic,G->T,noncoding,4194822,0,0,0,0,0,0,0,0,0,0,0,0,0,0,0,0.0189,0,0,0.0385,0,0.0333,0.0476,0,0.1429,0.0364,0,0,0.0429,0,0,0,0.037,0,0,0.0361,0.0333,0,0,0,0.0685,0.1818,0,0.0057,0.0556,0,0.0545,0.029,0.0317,0.0333,0,0.1294,0.0387,0.075,0,0,0.1507,0,0,0.0926,0.0889,0.0714,0.3333,0,0.1117,0,0.1961,,0.0741,0.0577,0.0606,0.24,0.039,0.1522,0.1429,0.1053,0.3542,0.1515,0.1852,0.1765,0.4194,0.6341,0.2329,0,0.0189,0.3529,0.1714,0,0.1716,0.3333,0.3101,0.1587,0.0323,0.0526,0.0566,0,0,0,0.0488,0.0364,0.098,0,0.0606,0,0,0.0526,0,0.0778,0.0154,0.0119,0,0,0,0.0638,0.0488,0.0476,0.0641,0.0962,0.1029,0,0.0583,0.018
iclR,C->T,missense,4201937,0,0,0,0,0,0.0526,0,0,0,0.0738,0.1714,0.7321,0.8154,0.9524,0.7647,0.985,0.8571,0.96,0.9756,0.7778,0.8873,0.8732,0.8387,0.8684,0.8115,0.8462,0.8571,0.8042,0.75,0.8462,1,1,0.8506,0.9592,0.9787,0.9136,0.8571,1,0.7826,0.8689,0.875,0.825,0.8305,0.9583,1,1,0.9818,0.9634,0.9167,0.7556,0.8804,0.9498,0.9429,0.9474,1,0.925,0.9714,0.8958,0.8793,0.6981,0.96,0.8333,1,0.8991,0.9167,0.8814,0.9091,0.8542,0.8961,0.8939,0.7321,0.8831,0.875,0.7826,0.7143,0.6561,0.746,0.7368,0.8806,0.3784,0.4643,0.7714,0.9091,0.8205,0.662,0.7333,0.9123,0.786,0.5556,0.7074,0.7399,0.9595,0.8544,0.8971,1,0.9385,1,0.9778,0.8689,0.9744,0.9516,1,0.9667,1,0.9368,0.9565,0.9651,0.9854,1,0.9917,0.9643,0.9942,1,0.9917,0.9375,0.939,0.8615,0.9448,0.9894,0.9282,0.9773
iclR,A->T,noncoding,4202591,0,0,0,0,0,0,0,0,0,0,0,0,0,0,0,0,0,0,0,0.1,0.0175,0.0862,0.0308,0,0.0526,0.0667,0,0.1971,0.175,0,0,0,0.1071,0.0465,0.02,0.0385,0.0727,0.1538,0.1111,0.0182,0.0385,0.0435,0.1402,0,0,0,0,0,0,0,0,0,0,0,0,0,0,0,0,0,0,0,0,0,0,0,0,0,0,0,0,0,0,0,0,0,0,0,0,0,0,0,0,0,0,0,0,0,0,0,0,0,0.0182,0,0,0,0,0,0,0,0,0,0,0,0,0,0,0,0,0,0,0,0,0,0,0,0.0377,0,0,0,0.0088
lysC,G->A,synonymous,4211685,0,0,0,0,0,0,0,0,0,0,0,0,0,0,0,0,0,0,0,0,0,0,0,0,0,0,0,0,0,0,0,0,0,0,0,0,0,0,0,0,0,0,0,0,0,0,0,0,0,0,0,0,0,0,0,0,0,0,0,0,0,0,0,0,0,0,0,0,0,0,0,0,0,0,0,0,0,0,0,0,0.0086,0,0,0.0112,0,0,0,0,0,0,0.0042,0,0,0,0,0,0,0,0,0,0,0,0,0,0,0.0068,0,0.0078,0.1277,0.1398,0.2319,0.0533,0,0,0.0145,0,0,0,0,0,0
xylE,MOB_4219919_4219921_IS150_1,sv,4219919,0,0,0,0,0,0,0,0,0,0,0,0,0,0,0,0,0,0,0,0,0,0,0,0,0,0,0,0,0,0,0,0,0,0,0,0,0,0,0,0,0,0,0,0,0,0,0,0,0,0,0,0,0,0,0,0,0,0,0,0,0,0,0,0,0,0,0,0,0,0,0,0,0,0,0,0,0,0,0,0,0,0,0,0,0,0,0,0,0,0,0,0,0,0,0,0,0,0,0,0,0,0,0,0.0054,0.0562,0.0134,0.0572,0.0266,0.0335,0.027,0.0152,0.0177,0.0106,0.021,0.0077,0.0502,0.1551,0.0452,0,0.0507,0.0192
plsB,A->C,missense,4234737,0,0,0,0.0294,0,0.05,0,0,0,0,0,0,0,0,0,0,0,0,0,0,0,0,0,0.0303,0.061,0.9524,0.95,0.52,0.6977,1,1,1,0.8947,0.8235,0.9231,0.9531,0.9273,0.9565,0.8148,0.7917,0.913,0.9048,0.8862,0.9714,1,1,0.95,0.9697,0.8919,0.8571,0.8103,0.9605,0.957,0.925,0.85,0.9079,0.9286,0.8529,1,0.9167,0.96,1,0.75,0.9103,0.8182,0.7872,1,0.75,0.9464,0.9722,0.8125,0.7869,0.7647,0.9211,0.8667,0.6364,0.68,0.5952,0.7719,0.3636,0.4321,0.8056,1,0.8125,0.5135,0.7484,0.9737,0.8377,0.3143,0.748,0.7268,0.9429,0.8333,0.913,1,1,1,0.98,0.8936,0.9524,0.9608,1,1,1,0.871,0.9674,0.9677,0.9577,0.9825,0.9565,0.975,0.9727,0.9688,0.9783,0.9265,0.9192,0.8298,0.9469,0.9697,0.9664,0.9684
uvrA,MOB_4252526_4252528_IS150_-1,sv,4252526,0,0,0,0.0296,0.0259,0.542,0.5129,0.2497,0.0507,0.428,0.886,0.9008,0.9515,0.9788,1,0.9773,0.9482,0.9935,0.9221,0.9712,0.9924,0.9656,0.9861,1,0.9811,1,0.9523,0.9677,0.9831,0.9735,0.9718,0.9833,0.9508,0.954,0.9897,0.9965,0.961,0.9615,0.9752,0.9164,0.9668,0.9556,0.9804,0.9834,0.98,0.9821,0.9321,0.9896,0.8948,0.8554,0.9058,0.9551,0.9614,0.9775,0.961,0.9521,0.9043,0.8745,0.9367,0.8701,0.9814,0.9081,0.9553,0.9141,0.9324,0.9052,1,0.8613,0.8982,0.9165,0.8409,0.8569,0.8686,0.9545,0.7996,0.6924,0.7587,0.7537,0.8353,0.5091,0.5012,0.8151,0.9788,0.7851,0.6576,0.8216,0.868,0.813,0.4577,0.8284,0.8365,0.9228,0.9157,0.9177,0.977,0.9725,0.9575,0.9324,0.9395,0.9433,0.9512,0.9787,0.9861,0.9749,0.9762,0.9778,0.8977,0.974,0.9559,0.972,0.9731,0.962,0.9789,0.9817,0.918,0.968,0.9058,0.9585,0.9909,0.966,0.9534
actP,C->T,missense,4263499,0,0,0,0,0,0,0,0,0,0,0,0,0,0,0,0,0,0,0,0,0,0,0,0.0256,0,0,0,0,0,0,0,0,0,0,0,0,0,0,0,0,0,0,0,0,0,0,0,0,0,0.0139,0,0,0,0,0,0,0,0,0,0,0.0545,0.0556,0.5263,0.5311,0.1515,0.2727,0.1667,0.1273,0.1852,0.1154,0.2222,0.0659,0,0,0.0179,0,0.0127,0,0,0,0,0,0,0,0.0135,0,0,0,0,0,0,0,0,0,0,0,0,0,0,0,0,0,0,0,0,0,0,0,0,0,0,0,0,0,0,0,0,0,0,0,0
acs,G->T,noncoding,4266388,0,0,0,0,0,0,0,0,0,0,0,0,0,0,0,0,0,0,0,0,0,0,0,0,0,0,0,0,0,0,0,0,0,0,0,0,0,0,0,0,0,0,0.004,0,0,0,0,0,0,0,0,0,0,0,0,0,0,0,0,0,0,0,0,0,0,0,0,0,0,0,0,0,0,0,0,0.0046,0.0275,0.0444,0.2532,0.1188,0.1638,0.6494,0.2941,0.531,0.3684,0.3594,0.5205,0.4711,0.5217,0.6595,0.7792,0.8553,0.9266,0.9402,0.9,0.956,1,0.9559,0.92,0.9615,1,1,1,1,0.9747,0.9706,0.8794,0.944,0.9927,1,0.9922,0.9856,0.9259,0.9835,0.9432,0.9565,0.8496,0.9375,1,0.9714,0.9238
acs,C->A,noncoding,4266390,0,0.0123,0,0,0,0,0,0,0,0,0.0339,0.0682,0.039,0,0.0588,0.0084,0,0.0385,0.0227,0.1481,0.0795,0.0702,0.1271,0.02,0.1299,0.0294,0.1429,0.1803,0.1774,0.1351,0,0,0.1149,0.0093,0.0414,0.0196,0.0811,0.0312,0.2667,0.0588,0.0303,0.0488,0.1198,0,0,0,0,0,0,0,0,0,0,0,0,0,0,0,0,0,0,0,0,0,0,0,0,0,0,0,0,0,0,0,0,0,0,0,0,0,0,0,0,0,0,0,0,0,0,0,0,0,0,0,0,0,0,0,0,0,0,0,0,0,0,0,0,0,0,0,0,0,0,0,0,0,0,0,0,0,0
nrfE,G->T,synonymous,4270684,0,0,0,0,0,0,0,0,0,0,0,0,0,0,0,0,0,0,0.0175,0.087,0.2326,0.5238,0.0656,0,0,0,0,0,0,0,0,0,0,0.0172,0,0,0,0,0,0,0,0,0,0,0,0,0,0,0,0,0,0,0,0,0,0,0,0,0,0,0,0,0,0,0,0,0,0,0,0,0,0,0,0,0,0,0,0,0,0,0,0,0,0.0103,0,0,0,0,0,0,0,0,0,0,0,0,0,0,0,0,0,0,0,0,0,0,0,0,0,0,0,0,0,0,0,0,0,0,0,0,0
phnG,C->T,missense,4300359,0,0,0,0,0,0,0,0,0,0,0,0,0,0,0,0,0,0,0,0,0,0,0,0,0,0,0,0,0,0,0,0,0,0,0,0,0,0,0,0,0,0,0,0,0,0,0,0,0,0,0,0,0,0,0,0,0,0.0149,0.1136,0.0435,0.1731,0,0,0.0093,0,0,0,0,0,0,0,0,0,0,0,0,0,0,0,0,0,0,0,0,0,0,0,0,0,0,0,0,0,0,0,0,0,0,0,0,0,0,0,0,0,0,0,0,0,0,0,0,0,0,0,0,0,0,0,0.0196,0
intergenic,indel;-5,indel,4329503,0,0,0,0,0.0055,0,0,0,0,0,0,0,0,0,0,0,0,0,0,0,0,0,0,0,0,0,0,0,0,0,0,0,0,0,0,0,0,0,0,0,0,0,0,0,0,0,0,0,0,0,0,0,0,0,0.0542,0.0431,0,0.008,0,0,0.0301,0.1212,0.0588,0.0116,0,0.0435,0,0.0271,0,0,0,0.0413,0.0131,0.0257,0.0132,0.0922,0.1842,0.2046,0.1029,0.1162,0.1384,0.1316,0.0877,0.0384,0.0654,0.0167,0.0124,0.0043,0,0.0039,0.129,0.1224,0.0407,0.0356,0.1053,0.0705,0.0348,0.0372,0.065,0.0527,0.0466,0.0165,0.0146,0.0079,0.0405,0.0292,0.0888,0.1054,0.1366,0.1822,0.228,0.0299,0.0635,0.0133,0.0383,0.0599,0.0596,0.0477,0.0197,0.0449,0.0487
lysU,MOB_4333228_4333230_IS150_-1,sv,4333228,0,0,0,0,0,0,0,0,0,0,0,0,0.0149,0,0.0657,0,0,0,0,0,0.0093,0.018,0.0053,0.0092,0,0,0,0.011,0.0101,0,0.0066,0.0059,0.0082,0.0073,0.0124,0,0.0062,0.0159,0,0,0.0216,0,0.0152,0,0,0,0,0.0046,0.0437,0.0087,0.0091,0.0034,0.0087,0,0,0.004,0,0.0038,0,0.015,0.0054,0,0,0.0018,0,0.007,0,0,0.0268,0,0,0.0084,0,0.0079,0,0.0087,0.0246,0.1335,0.0464,0.2799,0.2774,0.2422,0.2654,0.1727,0.4096,0.2345,0.0699,0.2307,0.4533,0.3718,0.2386,0.0876,0.0755,0.0833,0.0422,0.0648,0.0226,0.0933,0.0636,0.0361,0.0426,0.0141,0.0235,0.0139,0.0382,0.0357,0.1033,0.0532,0.0303,0.0044,0.0139,0.0116,0.021,0.0187,0.0231,0.0553,0.0894,0.0452,0.021,0.0779,0.0411
ampC,C->T,missense,4357343,0,0,0,0,0,0,0,0,0,0,0,0.0303,0,0,0,0,0,0,0.0149,0,0,0,0.0152,0,0,0.0303,0,0,0,0,0,0,0,0,0,0,0,0,0,0,0,0,0,0,0,0,0,0,0,0,0,0,0,0,0,0,0.0095,0,0,0,0.0122,0,0,0,0,0,0,0,0,0,0,0,0,0,0,0,0,0,0,0,0.0098,0,0,0,0,0,0,0,0,0.0047,0,0.0183,0,0,0,0,0,0,0,0,0.0159,0,0,0.0095,0.0172,0.0464,0,0.1518,0.18,0.1609,0.2763,0.0577,0,0.0116,0,0,0,0.0061,0,0,0
ulaA,MOB_4399113_4399115_IS150_-1,sv,4399113,0,0,0,0,0,0,0,0,0,0,0,0,0,0,0,0,0,0,0.0133,0.0222,0.0294,0.0496,0.0168,0.0886,0.0529,0.0441,0,0.0223,0.027,0.0333,0.0133,0.0172,0.0437,0.0625,0.018,0,0,0,0,0.0415,0,0.0139,0.007,0,0,0.0076,0.0294,0.0443,0.1048,0.0758,0.1205,0.1213,0.0159,0.0083,0.0189,0.0706,0.0714,0.105,0.1038,0.274,0.0177,0,0.0233,0.1323,0.1111,0.161,0.0588,0.1087,0.0893,0.0515,0.2222,0.2126,0.1495,0.1222,0.1204,0.3492,0.3356,0.3611,0.237,0.4054,0.4146,0.2815,0.1,0.1688,0.405,0.2444,0.0417,0.2714,0.5333,0.3271,0.2725,0.0676,0.0805,0.1606,0.075,0.0857,0.0119,0.0248,0.1017,0.0534,0.0286,0,0.0246,0,0.0373,0.0039,0.0984,0.0437,0.0403,0.0186,0.0226,0.0086,0.0722,0.0537,0,0.0896,0.0588,0.0601,0,0.057,0.037
cycA,MOB_4415710_4415712_IS150_1,sv,4415710,0,0,0,0,0,0,0.0067,0,0,0.0059,0,0,0.0339,0.1923,0,0.0163,0.0372,0.0688,0,0,0.0532,0.0924,0.0279,0.0355,0.0124,0.0141,0.1804,0.0222,0.104,0.0519,0.0068,0.0446,0.1766,0.0706,0.0547,0.0384,0.1839,0.1158,0.2664,0.0975,0.1339,0.2795,0.2247,0.078,0.0365,0.0329,0,0.0227,0.0375,0.0183,0.0302,0.0407,0.03,0.0324,0.0855,0.087,0.0731,0.0564,0.0538,0.0621,0.0697,0.0437,0.0245,0.043,0,0.0245,0.0775,0.0328,0.0469,0.0528,0.0369,0.0754,0.0322,0.022,0.0448,0.0268,0.0364,0.0304,0.0302,0.0137,0.0364,0.0573,0.0437,0.0993,0.1018,0.3434,0.3938,0.255,0.049,0.0213,0.0207,0,0,0,0,0,0,0.0351,0.0184,0.0129,0.0246,0.0062,0.0297,0.0299,0.0342,0.0175,0.01,0.0127,0.0261,0.043,0.0154,0.0171,0.0086,0.0291,0.0297,0.0234,0.0237,0.0155,0.0279,0.0227,0.0098
cysQ,A->C,missense,4421984,0,0,0,0,0,0,0,0,0,0,0,0,0,0,0,0,0,0,0,0,0,0,0,0,0,0,0,0,0,0,0,0,0,0,0,0,0,0,0,0,0,0,0,0,0,0,0,0,0,0,0.0068,0.004,0.0647,0,0.0541,0.0901,0.1143,0.1282,0.0909,0.0725,0,0.1,0.0714,0.103,0.15,0.1064,0.25,0.0299,0.0128,0.102,0.2118,0.1216,0.1034,0.1266,0.1379,0.3317,0.3535,0.3377,0.1442,0.507,0.413,0.2929,0,0.2078,0.3026,0.2374,0.0533,0.2435,0.5,0.2634,0.2339,0.0532,0.043,0.0448,0.28,0.0326,0.0625,0.0495,0.0588,0.0782,0.0182,0.0298,0.0132,0,0.0225,0.0169,0.0656,0.0615,0.0244,0.046,0,0,0.0303,0.0695,0.0241,0.0683,0.1786,0.0305,0,0.068,0.0377
ytfR,MOB_4435525_4435527_IS150_-1,sv,4435525,0,0,0,0,0,0,0,0,0,0,0,0,0,0,0,0,0,0,0,0,0,0,0,0,0,0,0,0,0,0,0,0,0,0,0,0,0,0,0,0,0,0,0,0,0,0,0,0,0,0,0,0,0,0,0,0,0,0,0,0,0,0,0,0,0,0,0,0,0,0,0,0,0,0,0,0,0,0,0,0,0,0,0,0,0,0,0,0,0,0,0,0,0,0,0,0,0,0,0,0,0,0,0,0,0,0,0.0818,0.0436,0.0519,0.0122,0.0108,0.0154,0.0218,0.024,0.0402,0.0541,0.2249,0.0883,0.0058,0.0581,0.0869
treC,MOB_4446371_4446373_IS150_-1,sv,4446371,0,0,0,0,0,0,0,0,0,0,0,0,0,0,0,0.0047,0,0,0,0,0,0,0,0,0,0,0,0,0,0,0,0,0,0,0,0,0,0,0,0,0,0,0,0,0,0,0,0,0,0,0,0,0,0,0,0,0,0,0,0,0,0,0,0,0,0,0,0,0,0,0,0,0,0,0,0,0.0588,0.0796,0.0789,0.2961,0.3077,0.0125,0,0,0,0,0,0,0,0,0,0,0,0,0,0,0,0,0,0,0,0,0,0,0,0,0,0,0,0,0,0,0,0,0,0,0,0,0,0,0
yjgN,MOB_4462713_4462721_IS1_1,sv,4462713,0,0,0,0,0,0,0,0,0,0.0098,0,0.0526,0.0302,0.0624,0,0.0227,0,0.0156,0.0117,0,0.008,0.0467,0.0111,0.1347,0.0585,0,0,0.0438,0.0206,0.0408,0,0.0213,0.0093,0.04,0.0094,0,0.0179,0,0,0.025,0.0295,0.02,0.0182,0,0.01,0.0174,0.0315,0.0471,0.1689,0.1702,0.1008,0.0552,0.0341,0.0476,0.0344,0.0834,0.1449,0.1474,0.0337,0.1279,0.0335,0.1429,0.1429,0.0748,0.0664,0.1072,0,0.135,0.1361,0.082,0.2317,0.1402,0.1139,0.3865,0.1924,0.305,0.2765,0.3959,0.2834,0.5361,0.4656,0.2085,0.1852,0.1389,0.456,0.2196,0.0233,0.1714,0.7601,0.2346,0.2034,0.1007,0.0927,0.0511,0,0.0298,0,0.1086,0.1105,0.0571,0.012,0.0072,0.0126,0,0.0667,0.0264,0.1112,0.0452,0.0105,0.0431,0.0113,0.0262,0.0207,0.0294,0.0344,0.0732,0.1216,0.0412,0.0221,0.031,0.0408
yjgQ,C->A,missense,4470921,0,0,0,0,0,0,0,0,0,0,0,0,0,0,0,0,0,0,0,0,0,0,0,0,0,0,0,0,0,0,0,0,0,0,0,0,0,0,0,0,0,0,0,0,0,0,0,0,0,0,0,0,0,0,0,0,0,0,0,0,0,0,0,0,0,0,0,0,0,0,0,0,0.0189,0.0566,0.125,0.1789,0.0317,0,0,0,0,0,0,0,0,0,0,0,0,0,0,0,0,0,0,0,0,0,0,0,0,0,0,0,0,0,0,0,0,0,0,0.0072,0,0,0,0,0,0,0,0,0
idnT,MOB_4475138_4475140_IS150_-1,sv,4475138,0,0,0,0,0,0,0,0,0,0,0,0,0,0,0,0,0,0,0,0,0,0,0,0,0,0.1056,0.1273,0.0059,0.0617,0.0109,0,0,0,0,0,0,0,0,0,0,0,0,0,0,0,0.0073,0.0054,0,0,0,0,0.0016,0,0,0,0,0,0.0042,0,0,0.0111,0,0,0,0,0,0,0,0,0,0,0,0,0,0,0.0021,0,0,0,0,0,0,0,0,0,0.0017,0,0,0,0,0.0016,0,0,0,0,0,0,0,0,0,0,0,0,0,0,0,0,0,0,0,0,0,0,0,0,0,0,0,0,0,0
intergenic,G->A,noncoding,4481941,0,0,0,0,0,0,0,0,0,0,0,0,0,0,0,0,0,0,0,0,0,0,0,0,0,0,0,0,0,0,0,0,0,0,0,0,0,0,0,0,0,0,0,0,0,0,0,0,0,0,0.0099,0,0,0,0,0,0,0,0,0,0,0,0,0,0,0,0,0,0,0,0,0,0,0,0,0,0,0,0,0,0,0,0,0,0,0,0,0,0,0,0,0,0,0,0,0,0,0,0.0167,0.0058,0.0441,0.0267,0.1091,0.0732,0.098,0.0299,0.084,0.4113,0.6701,0.5376,0.4833,0.0778,0.0625,0.0132,0.0725,0,0.0337,0,0,0,0
ECB_04148,junction_4490884_-1_IS150_end,sv,4490884,0,0,0,0,0,0,0,0,0,0,0,0,0,0,0,0,0,0,0,0,0,0,0,0,0,0,0,0,0,0,0,0,0,0,0,0,0.0336,0.1263,0,0.027,0.0265,0,0,0,0,0,0,0,0,0,0,0,0,0,0,0,0,0,0,0,0,0,0,0,0,0,0,0,0,0,0,0,0,0,0,0,0,0,0,0,0,0,0,0,0,0,0,0,0,0,0,0,0,0,0,0,0,0,0,0,0,0,0,0,0,0,0,0,0,0,0,0,0,0,0,0,0,0,0,0,0
intergenic,junction_4504341_1_IS3_end,sv,4504341,0,0,0,0,0,0,0,0,0,0,0,0,0,0,0,0,0,0,0,0,0,0,0,0,0,0,0,0,0,0,0,0,0,0,0,0,0,0,0,0,0,0.0433,0.017,0,0,0,0,0,0,0,0,0,0,0,0,0,0,0,0,0,0.0098,0.1695,0,0,0,0,0,0,0,0,0,0,0,0,0,0,0,0,0,0,0,0,0,0,0,0,0,0,0,0,0,0,0,0,0,0,0,0,0,0,0,0,0,0,0,0,0,0,0,0,0,0,0,0,0,0,0,0,0,0,0
sgcX,G->A,missense,4510786,0.004,0,0,0,0,0,0,0,0,0,0,0,0,0,0,0.0045,0,0,0,0,0,0,0,0,0,0,0,0,0,0,0,0,0,0.0112,0,0,0,0,0,0,0,0,0,0.0152,0,0,0.0087,0,0,0.0116,0,0.0082,0,0,0,0,0,0,0,0,0.0215,0.1364,0,0,0,0,0,0,0,0,0,0,0.0177,0,0,0,0,0,0,0,0.0059,0,0,0,0,0,0,0,0.0128,0,0.004,0,0.0065,0,0,0,0,0,0,0,0,0,0,0,0,0,0,0,0,0,0,0,0.0141,0,0,0,0,0.004,0,0,0
sgcX,C->A,missense,4510957,0,0,0,0,0,0,0,0,0,0,0,0,0,0,0,0,0,0,0,0,0,0,0,0,0,0,0,0,0,0,0,0,0,0,0,0,0,0,0,0,0,0,0,0,0,0,0,0,0,0,0,0,0,0,0,0,0,0,0,0,0,0.2143,0.5385,0.5345,0.1707,0.2,0.0667,0.2121,0.1959,0.1286,0.1807,0.0233,0.0081,0.0114,0.0105,0,0,0,0,0,0,0,0,0.0095,0,0.0043,0,0,0,0,0,0,0,0,0,0,0,0,0.0139,0,0,0,0,0,0,0,0,0,0,0,0,0,0,0,0,0,0,0,0,0,0
intergenic,C->T,noncoding,4520860,0,0,0,0,0,0,0,0,0,0,0,0,0,0,0,0,0,0,0,0,0,0,0,0,0,0,0,0,0,0,0,0,0,0,0,0,0,0,0,0,0,0,0,0,0,0,0,0,0,0,0,0,0,0,0,0,0,0,0,0,0.0076,0,0,0,0,0,0,0,0,0,0,0,0,0,0,0,0,0,0,0,0,0.0082,0,0,0,0,0,0,0,0,0,0,0,0,0,0,0,0,0,0,0.0156,0,0,0,0.0116,0,0,0,0,0.0278,0.0385,0.3017,0.2143,0.4211,0.3906,0.7212,0.6849,0.877,0.8272,0.8235,0.8725
fimA,MOB_4524522_4524527_IS186_1,sv,4524522,0,0,0,0,0,0.0251,0.002,0.0067,0.0054,0.0053,0,0.0336,0.0407,0.017,0.0305,0.0037,0,0.0309,0.06,0.0457,0,0.0057,0.0074,0,0,0,0,0.0088,0.0068,0.0306,0.0185,0.0063,0.0173,0.008,0.0119,0,0.0111,0,0,0.0203,0.0334,0,0.0722,0,0.0118,0.0066,0.0179,0.0109,0.025,0.0077,0.0121,0.0205,0.0174,0.011,0.0533,0.0477,0.0142,0.0139,0.0231,0.0339,0.0222,0,0,0.0104,0,0,0.0913,0.0236,0.0238,0,0.0239,0.0124,0.0206,0.0503,0.0466,0.0057,0.0175,0.0242,0.0329,0.0449,0.0273,0.0056,0.0524,0.0649,0.022,0.039,0,0.0417,0.037,0.0078,0.0276,0.0058,0.0332,0.0335,0,0,0.06,0.0252,0.0211,0.0094,0.0275,0.0437,0.1245,0.5447,0.8291,0.8359,0.7963,0.3169,0.1276,0.2774,0.2103,0.8484,0.8482,0.9635,0.8434,0.9381,0.8771,0.9224,0.9952,0.9422,0.964
intergenic,junction_4554601_-1_IS150_start,sv,4554601,0,0,0,0,0,0,0,0,0,0,0,0,0,0,0,0,0,0,0,0,0,0,0,0,0,0,0,0,0,0,0,0,0.0122,0,0,0,0,0,0,0,0,0,0,0,0,0,0,0,0,0,0,0,0,0,0,0.0125,0.0435,0.1226,0.0323,0.1587,0.0938,0.1875,0.0455,0.0776,0,0.0962,0.2308,0.1064,0.0119,0.0351,0.2069,0.1275,0.1122,0.0909,0.1594,0.3077,0.3333,0.3393,0.1856,0.5432,0.4107,0.2875,0.6667,0.1647,0.3654,0.2414,0.05,0.2632,0.5111,0.2915,0.2199,0.0649,0.0526,0.05,0,0.0794,0.0645,0.0513,0.0652,0.0455,0.0247,0,0.0189,0,0.0562,0.0312,0.0661,0.0348,0.0353,0.0595,0,0.0234,0.0159,0.05,0.0492,0.0619,0.1538,0.0844,0,0.0194,0.0167
hsdS,indel;-1;-2,indel,4558774,0,0,0,0,0,,0.0042,0,0,0,0.0541,0,0,0,0,0,0,0,0,0,0.087,0.4222,0.8361,0.8182,0.9,0.8,0.75,0.801,0.8202,0.8333,0.9286,0.8333,0.6957,0.9787,0.973,0.9639,0.9189,1,0.5833,0.875,0.75,0.8889,0.8011,1,0.8824,0.973,0.9889,0.8778,0.875,0.7778,0.8864,0.9589,0.9474,0.9355,0.75,0.9231,0.95,0.8202,0.9701,0.92,0.9462,1,1,0.9289,1,0.873,1,0.9167,0.9024,0.8889,0.8431,0.9615,0.9608,1,0.9583,0.9493,1,1,0.963,0.95,0.9615,1,1,1,0.9444,1,1,0.9728,1,0.9212,0.9375,1,1,0.9692,1,0.9688,0.9677,0.913,0.9808,0.9846,0.971,0.9744,1,0.9692,0.9836,1,1,0.9872,0.9867,0.9615,0.9574,0.9872,0.9762,0.96,1,0.9855,0.9722,0.988,0.9836,0.9911,0.9811
hsdM,junction_4560441_-1_IS150_start,sv,4560441,0,0,0,0,0,0,0,0,0,0,0,0,0,0,0,0,0,0,0,0,0,0,0,0,0,0,0,0,0,0,0,0,0,0,0,0,0,0,0,0,0,0,0,0,0,0,0,0,0,0,0,0,0,0,0,0,0,0,0,0,0,0,0,0,0,0,0,0,0,0,0,0,0,0,0,0,0,0,0,0,0,0,0,0,0,0,0,0,0,0,0,0,0,0,0,0,0,0,0,0,0,0,0.0408,0,0.0943,0.0463,0.0244,0.2212,0.2083,0.2208,0.2131,0.049,0.0385,0,0,0,0,0,0,0,0
hsdR,junction_4562005_-1_IS150_start,sv,4562005,0,0,0,0,0,0,0,0,0,0,0,0,0,0,0,0,0,0,0,0,0,0,0,0,0,0,0,0,0,0,0,0,0,0,0,0,0,0,0,0,0,0,0,0,0,0,0,0,0,0,0,0,0,0,0,0,0,0,0,0,0,0,0,0,0,0,0,0,0,0,0,0,0,0,0,0,0,0,0,0,0,0,,0,0,0,0,0,0,0,0,0,0,0,0,0,0,0,0,0.0965,0.1463,0.0465,0,0.0164,0,0,0,0,0,0,0.0286,0,0,0,0,0,0,0,0,0,0
yjiX,MOB_4567086_4567088_IS150_-1,sv,4567086,0,0.0086,0,0,0.0026,0,0,0,0.0248,0.0094,0.0166,0,0,0,0.0444,0.0019,0,0,0.0063,0,0.0127,0,0,0,0.0045,0.132,0.4699,0.1962,0.4074,0.5617,0.9323,0.9896,0.9079,0.8894,0.9436,0.9497,0.9105,0.9746,0.8611,0.8882,1,0.8284,0.8126,0.9855,1,0.9674,0.9485,0.9816,0.8935,0.9002,0.8993,0.9722,0.9854,0.9998,0.9184,0.9547,0.9325,0.9665,0.9998,0.9707,0.9948,1.0013,0.9989,0.9962,0.961,0.9045,0.9994,0.9835,0.9164,0.9659,0.8619,0.9418,0.9728,0.9995,1,1,1,1.0003,1,1,1,1,1,1,1,1,1.0002,1,1,1,1,1,0.9999,1,1,1,1,1,1,1,1,0.9999,1,1.0001,0.9998,1,1,1.0001,0.9998,0.9998,1,1,1.0003,0.9999,1.0001,1,1,1,1.0002,1.0001,1
yjiX,C->T,noncoding,4567089,0,0,0,0,0,0,0,0,0,0,0,0,0,0,0,0,0,0,0,0,0,0,0,0,0,0,0,0,0,0,0,0,0,0,0,0.0088,0.0106,0,0,0.0161,0,0,0.0122,0,0.0182,0,0,0,0,0.0241,0,0,0,0,0,0,0,0.0137,0,0.0235,0.0081,0,0,0.0417,0.0256,0.0111,0.0556,0,0,0,0.0096,0,0.0211,0.0312,0.0247,0.0566,0.0336,0.0714,0.049,0.0438,0.1429,0,0,0.0215,0.0353,0,0.0098,0,0.0217,0.0426,0,0.0248,0.0247,0.0089,0,0.0316,0,0.0185,0.0375,0.0256,0,0.0179,0.0115,0.0196,0,0,0.0083,0.0093,0.0081,0.0268,0.0078,0,0,0.025,0.0106,0.0109,0.0303,0,0.0263,0.0213,0
hpaI,G->A,synonymous,4575044,0,0,0,0,0,0,0,0,0,0,0,0,0,0,0,0,0,0.0312,0,0,0.0769,0.0299,0.0566,0.025,0.1646,0.1562,0.0741,0.1519,0.1194,0.129,0,0,0.1429,0.0392,0.0167,0.0341,0.08,0,0.3684,0.082,0.1,0.2258,0.1261,0,0,0,0,0,0,0,0,0,0.0139,0,0,0,0,0,0,0,0,0,0,0,0,0,0,0,0,0,0,0,0,0,0,0,0,0,0,0,0,0,0,0,0,0,0,0,0,0,0,0,0,0,0,0,0,0,0,0,0,0,0,0,0,0,0,0,0,0,0,0.0206,0,0.0161,0,0,0,0,0,0,0
fhuF,indel;A;+A;-1;C,indel,4594986,0,0,0,0,0,0,0,0,0,0,0,0.025,0,0,0,0.0045,0,0,0,0,0,0,0,0,0,0,0,0,0,0,0,0,0,0,0,0,0,0,0,0,0,0,0,0,0,0,0,0,0,0,0,0,0,0,0,0,0,0,0,0,0,0,0,0,0,0,0,0,0,0,0,0,0,0,0,0,0,0,0,0,0,0,0,0,0,0,0,0,0,0,0,0,0,0,0,0,0,0.0308,0,0.0265,0.069,0.0519,0.0984,0.0167,0.0472,0.0203,0.125,0.4353,0.6931,0.5075,0.3737,0.0945,0.0946,0.0873,0.0189,0.0244,0.0118,0,0,0,0
nadR,G->A,missense,4615571,0,0,0,0,0,0,0,0,0,0,0,0,0,0,0,0,0,0,0,0,0,0,0,0,0,0,0,0,0,0,0,0,0,0,0,0,0,0,0,0,0,0,0,0,0,0,0,0,0,0,0,0.0051,0,0,0.1,0.225,0.2262,0.1341,0.2564,0.2,0.4615,0.1429,0.6923,0.569,0.3182,0.3958,0,0.1316,0.2841,0.2222,0.2273,0.0125,0,0,0,0,0,0,0,0,0,0,0,0,0,0,0,0,0,0,0,0,0,0,0,0,0,0,0,0,0,0,0,0,0,0,0,0,0,0,0,0,0,0,0,0,0,0,0,0,0
nadR,T->A,missense,4615581,0,0,0,0,0,0,0,0,0,0,0,0,0,0,0,0,0,0,0,0,0,0,0,0,0,0,0,0,0,0,0,0,0,0,0,0,0,0.0769,0.1034,0.3721,0.6071,0.625,0.7832,0.2,0.4048,0.3692,0.1475,0.0448,0.0141,0,0,0,0,0,0,0,0,0,0,0,0,0,0,0,0,0,0,0,0,0,0,0,0,0,0,0,0,0,0,0,0,0,0,0,0,0,0,0,0,0,0,0,0,0,0,0,0,0,0,0,0,0,0,0,0,0,0,0,0,0,0,0,0,0,0,0,0,0,0,0,0.0079
nadR,indel;+A;T,indel,4615673,0,0,0,0,0,0,0,0,0,0,0,0,0,0,0,0.0083,0,0,0,0,0,0,0,0,0,0,0,0,0,0,0,0,0,0,0,0,0,0,0,0,0,0,0,0,0,0,0,0.011,0.0423,0.0167,0.0566,0.0756,0.0116,0.0149,0.0741,0.101,0.0354,0.0846,0.027,0.0962,0,0.2727,0,0.0649,0.0278,0.1385,0.0909,0.14,0.0727,0.1091,0.1515,0.1215,0.1398,0.1087,0.1356,0.2288,0.2558,0.1667,0.0741,0.4595,0.2927,0.1525,0.5556,0.1404,0.3457,0.2009,0.0137,0.1704,0.4359,0.2634,0.1833,0.1023,0.0625,0.0556,0.0526,0,0.0455,0.069,0.0462,0.0502,0,0.0066,0.0169,0,0.0227,0.0226,0.0634,0.0081,0,0.0087,0,0.0272,0.0323,0.0062,0.0185,0.0225,0.1379,0.037,0,0.0276,0.0172
nadR,MOB_4615674_4615674_IS150_1,sv,4615674,0,0,0,0,0,0,0.0276,0.0073,0.0061,0.0033,0,0.0138,0.0341,0.0563,0,0.0244,0.0261,0,0.0093,0.0614,0.006,0.0325,0,0.1004,0.0868,0,0,0.0403,0.0339,0.0143,0.0073,0.0165,0.0336,0.0972,0,0.0145,0.0173,0.0404,0.1203,0.0674,0.0365,0,0.0079,0,0.0066,0.0079,0.0224,0.0537,0.0533,0.069,0,0.0103,0.0066,0,0,0.0124,0.0105,0.0044,0,0.0206,0,0,0.0217,0.0072,0,0.0172,0,0.0473,0.0049,0,0.0333,0.0106,0.0242,0.0243,0.02,0.0227,0.0066,0.0117,0.0068,0.0355,0.0542,0.0308,0,0.0146,0.0289,0.0168,0.0145,0.0046,0.0637,0.0203,0.0217,0.0064,0.02,0.0063,0,0,0,0,0,0.0027,0,0.0037,0.0089,0,0,0,0.0038,0,0,0.0046,0,0,0,0.0033,0.0098,0.0094,0,0.003,0,0.0038,0.0031
nadR,C->T,missense,4615677,0,0,0,0,0,0,0,0,0,0,0,0,0,0,0,0,0,0,0,0,0,0,0,0,0,0,0,0,0,0,0,0,0,0,0,0.026,0,0,0,0,0,0,0,0,0,0,0,0.0104,0.0405,0.0182,0.055,0.0811,0.0127,0.0143,0.0741,0.119,0.0388,0.0873,0.027,0.102,0,0.2727,0,0.0688,0.0294,0.1452,0.0833,0.1591,0.0734,0.1034,0.1639,0.134,0.1477,0.119,0.1569,0.2329,0.2727,0.1818,0.0732,0.4789,0.3462,0.18,0.5556,0.1481,0.3944,0.215,0.0137,0.1737,0.5667,0.2771,0.1946,0.0864,0.068,0.0588,0.0526,0,0.0417,0.0678,0.0476,0.0542,0,0.0068,0.0345,0,0.0227,0.0225,0.0625,0.0084,0,0.009,0,0.0274,0.0154,0.0063,0.0175,0.023,0.129,0.04,0,0.0286,0.0181
nadR,indel;+AC,indel,4615679,0,0,0,0,0,0,0,0,0,0,0,0,0,0,0,0,0,0,0,0,0,0,0,0,0,0,0,0,0,0,0,0,0,0,0,0,0,0,0,0,0,0,0,0,0,0,0,0.0104,0.0411,0.0185,0.0556,0.0807,0.0127,0.0145,0.0741,0.119,0.0396,0.088,0.0263,0.102,0,0.2727,0,0.0691,0.0286,0.1475,0.0833,0.1556,0.0748,0.1053,0.1667,0.1327,0.1494,0.122,0.1538,0.242,0.2857,0.1818,0.0741,0.4857,0.3529,0.1837,0.5556,0.1495,0.3944,0.2217,0.0137,0.1737,0.5667,0.2739,0.1973,0.0864,0.0686,0.0588,0.0526,0,0.0417,0.0696,0.0469,0.0547,0,0.0067,0.0172,0,0.0225,0.0226,0.0629,0.0085,0,0.009,0,0.0274,0.0152,0.0063,0.0185,0.0231,0.1356,0.04,0,0.0286,0.0182
nadR,A->C,missense,4615720,0,0,0,0,0,0,0,0,0,0,0,0,0,0,0,0,0,0,0,0,0,0,0,0,0,0,0,0,0,0,0,0,0,0,0.0101,0,0,0,0,0,0,0,0,0,0,0,0,0,0,0,0,0,0,0,0,0,0,0,0,0,0,0,0,0.0275,0.25,0.2923,0,0.0784,0.0978,0.537,0,0,0,0,0,0,0,0,0,0,0,0,0,0,0,0,0,0,0,0,0,0,0,0,0,0,0,0,0,0,0,0,0,0,0,0,0,0,0,0,0,0,0,0,0,0,0,0,0,0,0
nadR,A->G,missense,4616409,0.0044,0,0,0,0,0.0476,0.0944,0,0.0602,0.0788,0.1579,0.0196,0.0337,0,0,0,0,0,0,0,0,0,0,0,0,0,0,0,0,0,0,0.0139,0,0,0,0,0,0,0,0,0,0,0,0,0,0,0,0,0,0,0,0,0,0,0,0,0,0.0139,0,0,0,0.0556,0.3571,0.2287,0.3,0.3088,0.5,0.5,0.4082,0.2545,0.4868,0.8509,0.8077,0.8868,0.8305,0.6033,0.7412,0.6852,0.7164,0.321,0.5521,0.7619,0.5833,0.7876,0.68,0.7162,0.961,0.76,0.3235,0.7365,0.7446,0.8876,0.8417,0.8602,1,0.9118,0.9655,1,0.9552,0.9846,0.9383,0.9938,0.9846,1,0.9587,0.9355,0.8542,0.9573,0.9375,0.9899,0.9886,1,0.9474,0.9528,0.9647,0.9574,0.8732,0.9367,1,0.9281,0.9658
gpmB,MOB_4622345_4622347_IS150_-1,sv,4622345,0,0,0,0,0,0,0,0,0,0,0,0,0,0,0,0,0,0,0,0,0,0,0,0,0,0,0,0,0,0,0,0,0,0,0,0,0,0,0,0,0,0,0,0,0,0,0,0,0,0,0,0,0,0,0,0,0,0,0,0,0,0,0,0,0,0,0,0,0,0,0,0,0,0,0,0,0,0,0,0,0,0,0,0,0,0,0,0,0,0,0,0,0,0,0,0,0,0,0,0,0,0.0138,0.0135,0,0.053,0.0188,0.068,0.0161,0.0092,0.0219,0.0298,0.029,0.0238,0.0304,0.0325,0.0568,0.1264,0.0663,0.024,0.0728,0.0288
arcA,indel;-9,indel,4627816,0,0,0,0,0,0,0.0092,0.0189,0,0.0079,0,0,0.0173,0,0,0.0467,0,0,0.0833,0.3846,0.0386,0.0523,0,0.0294,0.0282,0,0,0.0358,0,0,0,0,0.0207,0.0561,0,0,0,0.0976,0.037,0.0405,0,0.037,0,0,0.0382,0,0.0192,0.0556,0.075,0.0282,0.1224,0.0509,0.0691,0.0909,0.0769,0.1705,0.0462,0.1097,0.1212,0.1474,0,0.0952,0,0.0777,0,0.2154,0.1429,0.027,0.0162,0.0833,0.1607,0.1268,0.0761,0.184,0.2637,0.4454,0.2778,0.1882,0.1908,0.6415,0.4628,0.2157,0,0.104,0.2222,0.2482,0.0248,0.278,0.4384,0.2303,0.2419,0.0287,0.0756,0.0607,0,0.1111,0.0408,0.0667,0.0658,0.033,0.0966,0,0.0548,0,0.0153,0.0247,0.0754,0.0492,0.014,0,0.025,0.0206,0,0.0385,0.022,0.0287,0.1,0.0741,0.0154,0.0171,0.0538
arcA,T->C,missense,4628216,0,0,0,0,0,0,0,0,0,0,0,0,0,0,0,0,0,0,0,0.0435,0.0704,0.0968,0.1235,0,0.1579,0,0.0303,0.2308,0.119,0.0755,0,0,0.1486,0.0435,0.0268,0.0706,0.1169,0,0.1154,0.1146,0.0571,0.0714,0.1205,0,0,0,0,0,0,0,0,0,0,0,0,0,0,0,0,0,0,0,0,0,0,0,0,0,0,0,0,0,0,0,0,0,0,0,0,0,0,0,0,0,0,0,0,0,0,0,0,0,0,0,0,0,0,0,0,0,0,0,0,0,0,0,0,0,0,0,0,0,0,0,0,0,0,0,0,0,0
