Gene,Allele,Annotation,Position,AF:0,AF:1000,AF:1500,AF:2000,AF:2500,AF:3000,AF:4000,AF:4500,AF:5000,AF:5500,AF:6000,AF:6500,AF:7500,AF:8000,AF:8500,AF:9000,AF:9500,AF:10000,AF:10500,AF:11000,AF:11500,AF:12000,AF:12500,AF:13000,AF:13500,AF:14000,AF:14500,AF:15000,AF:15500,AF:16000,AF:16500,AF:17000,AF:17500,AF:18000,AF:18500,AF:19000,AF:19500,AF:20000,AF:20500,AF:21000,AF:21500,AF:22000,AF:22500,AF:23000,AF:23500,AF:24000,AF:24500,AF:25000,AF:25500,AF:26000,AF:26500,AF:27000,AF:27500,AF:28000,AF:28500,AF:29000,AF:29500,AF:30000,AF:30500,AF:31000,AF:31500,AF:32000,AF:32500,AF:33000,AF:33500,AF:34000,AF:34500,AF:35000,AF:35500,AF:36000,AF:36500,AF:37000,AF:37500,AF:38000,AF:38500,AF:39000,AF:39500,AF:40000,AF:41000,AF:41500,AF:42000,AF:42500,AF:43000,AF:43500,AF:44000,AF:44500,AF:45000,AF:45500,AF:46000,AF:46500,AF:47000,AF:47500,AF:48000,AF:48500,AF:49000,AF:49500,AF:50000,AF:50500,AF:51000,AF:51500,AF:52000,AF:52500,AF:53000,AF:53500,AF:54000,AF:54500,AF:55000,AF:55500,AF:56000,AF:56500,AF:57000,AF:57500,AF:58000,AF:58500,AF:59000,AF:59500,AF:60000
thrA,G->T,synonymous,2450,0,0,0,0,0,0,0,0,0,0,0,0,0,0,0,0,0,0,0,0,0,0,0,0,0,0,0,0,0,0,0,0,0,0.0147,0,0,0,0,0,0,0,0,0,0,0,0,0.0185,0,0,0,0,0,0,0,0.0946,0,0,0,0,0,0,0,0,0,0,0,0,0,0,0.1075,0.0492,0.2258,0.4,0.2308,0.2879,0.2857,0.32,0.0625,0.0588,0.0723,0.1605,0.0563,0.0656,0.0227,0.0508,0.0196,0.3793,0.2133,0.0247,0.2237,0.6623,0.7727,0.7121,0.4894,0.7778,0.9701,0.95,0.94,0.9722,0.9643,0.9704,1,1,1,1,0.9868,0.9878,1,1,1,1,1,0.982,1,1,1,1
mokC,MOB_16972_16974_IS150_1,sv,16972,0.0059,0.0147,0.0207,0.0785,0.0375,0.0789,0.0823,0.1479,0.0496,0.1022,0,0.6118,0.886,0.9384,1,1,0.9356,0.9691,0.9208,0.985,0.9704,0.9585,0.9767,0.9767,0.9908,0.9642,0.9911,0.9793,0.9907,1,0.9931,0.9956,0.9859,0.9852,0.9931,0.9686,0.9882,1,0.9999,1,1.0001,1.0001,0.9998,0.9998,0.9996,0.9998,1.0002,1,0.9997,1,0.9998,1,0.9996,0.987,1,0.9998,1,1,1,1,1,1,1,1,0.9998,0.9898,0.9919,1.0002,1.0002,1.0002,1.0002,1.0002,0.9999,1,0.9998,1,1,1,1,1,0.9998,1.0001,1,1.0001,1,0.9944,0.9937,1,1.0002,1,0.9525,1,1,1,1,1,1,1,1,1,1,1,1,1,1,1,0.9921,1,1,1,1,1,1,1,1,1,1
nhaA,junction_17502_1_IS150_start,sv,17502,0,0,0,0,0,0,0,0,0,0,0,0,0,0,0,0,0,0,0,0.0227,0,0,0,0,0,0,0,0,0,0,0,0,0,0,0,0,0,0,0.0845,0.0526,0.0465,0.4058,0.6354,0.7981,0.6667,0.5763,0.4286,0.1765,0.2745,0.4412,0.1667,0.1429,0.2581,0.1562,0.1273,0.2576,0.1702,0.0732,0.0588,0.0227,0,0,0,0,0,0,0,0,0,0,0,0,0,0,0,0,0,0,0,0,0,0,0,0,0,0,0,0.0179,0,0,0,0,0,0,0,0,,0,0,,,,,,,,,,,,,,,,,,
nhaA,junction_17962_1_IS150_start,sv,17962,0,0,0,0,0,0,0,0,0,0,0,0,0,0,0,0,0,0,0,0,0,0,0,0,0,0,0,0,0,0,0,0,0,0,0,0,0,0,0,0,0,0.0189,0.0144,0,0,0.0969,0.1036,0.0587,0.1191,0.0744,0.0754,0.2131,0.2143,0.0432,0.0108,0,0,0,0,0,0,0,0,0,0,0.0265,0.0298,0.0115,0,0,0,0,0,0,0,0,0,0,0,0,0,0,0,0,0.0738,0.0827,0.0401,0.0098,0.0301,0.0119,0,0,0,0,0,0,0,0,0,0,,,,,,,,,,,,0,,,,,
nhaA,junction_18002_1_IS150_start,sv,18002,0,0,0,0,0,0,0,0,0,0,0,0,0,0,0,0,0,0,0,0,0,0,0,0,0,0,0,0,0,0,0,0,0,0,0,0,0,0,0,0,0,0,0,0,0,0,0,0,0,0,0,0.026,0.1649,0.2283,0.2311,0.3234,0.4353,0.3185,0.1839,0.4057,0.0864,0.0729,0.0408,0.1,0.0533,0.07,0.0845,0.1984,0.2829,0.3504,0.1379,0.3314,0.3402,0.2342,0.289,0.2231,0.1455,0.0238,0.0364,0.0503,0.0909,0.0398,0.0874,0.0306,0.1139,0.0625,0.3158,0.1538,0.0544,0.2875,0.6617,0.8075,0.6781,0.4958,0.7218,0.8657,0.8597,0.7429,0.7486,0.8596,0.9049,0.8873,0.6875,0.8462,0.9231,0.9083,0.9231,0.8894,0.9196,0.912,0.8895,0.8466,0.8935,0.8871,0.9565,0.8411,0.8667
ECB_00022,junction_22833_-1_IS1_end,sv,22833,0,0,0,0,0,0,0,0,0,0,,0,0,0,0,0,0,0,0,0,0,0,0,0,0,0,0,0,0,0,0,0,0,0,0,0,0,0,0,0,0,0,0,0,0,0,0,0,0,0,0,0,0,0,0,0,0,0,0,0,0.0219,0,0.0315,0.0106,0.1325,0.063,0,0,0,0,0,0,0,0,0,0,0,0,0,0,0,0,0,0,0,0,0,0,0,0,0,0,0,0,0,0,0,0,0,0,0,0,0,0,0,0,0,0,0,0,0,0,0,0,0,0,0
caiT,C->T,missense,45662,0,0,0,0,0,0,0,0,0,0,0,0,0,0,0,0,0,0,0,0,0,0,0,0,0,0,0,0,0,0,0,0,0,0,0,0,0,0,0.0101,0,0,0,0,0,0,0,0,0,0,0,0,0,0,0,0.0748,0,0,0,0,0,0.0108,0,0,0.0102,0,0,0,0,0,0,0,0,0,0,0,0,0,0,0,0,0,0,0,0.026,0,0,0,0,0.0062,0.0496,0.3178,0.3544,0.5732,0.427,0.7263,0.96,1,0.8989,0.9583,0.971,1,1,1,0.9643,0.9919,1,0.9694,0.9879,0.9836,1,1,1,1,0.9931,1,1,0.9231
intergenic,C->T,noncoding,88134,0,0,0,0,0.025,0,0,0,0,0,,0,0,0,0,0,0,0,0,0,0,0,0,0,0,0,0,0,0,0,0,0,0,0.0217,0,0,0,0,0,0,0,0,0,0,0,0,0,0,0,0,0.119,0,0.1481,0.08,0.0145,0.0597,0.1304,0.1778,0.0909,0.1333,0.4314,0.4107,0.4706,0.4857,0.5844,0.5217,0.4889,0.2931,0.1475,0.3486,0.1739,0.3514,0.4314,0.5254,0.4762,0.4082,0.4194,0.5455,0.3143,0.5584,0.5902,0.8769,0.0758,0.1739,0.8246,0.8947,0.6579,0.8657,0.9107,0.5846,0.32,0,0,0,0,0,0,0,0,0.0109,0,0,0,0,0,0,0,0,0,0.0123,0,0,0.0085,0,0,0,0
yabB,C->T,noncoding,92370,0,0.0192,0,0,0,0.0086,0,0,0,0,0,0,0,0,0,0,0,0,0,0,0,0,0,0,0.0149,0,0,0,0,0,0,0,0,0,0.0192,0,0,0,0.0135,0.0115,0.0133,0,0,0,0,0,0,0,0,0,0,0,0,0,0,0.013,0,0,0,0,0,0,0.0204,0,0,0,0,0,0,0.0909,0.359,0.1739,0.0385,0.2857,0.2034,0.3372,0.2667,0.3043,0.6543,0.3721,0.236,0.0606,0.8537,0.75,0.2676,0.0274,0.0244,0.0357,0.013,0.0706,0,0.1127,0.2593,0.3289,0.1974,0.0169,0.0182,0.0517,0.0588,0.0588,0.0075,0,0,0,0,0,0,0,0,0,0,0,0,0,0,0,0
ftsI,A->G,missense,94760,0,0,0,0,0,0,0,0,0,0,0,0,0,0,0,0,0,0,0,0,0,0,0,0,0,0,0,0,0,0,0,0,0,0,0,0,0,0,0,0,0,0,0,0,0,0,0,0,0,0,0,0,0,0,0,0,0,0,0,0,0,0,0,0,0,0,0,0,0.0128,0.0303,0.0192,0.129,0.0638,0.0545,0,0.0674,0.0238,0,0.0227,0,0,0,0,0,0,0,0,0,0,0,0,0,0.0143,0,0,0,0,0,0,0,0,0,0,0,0.0097,0,0,0,0,0,0,0,0,0,0,0,0
ftsI,indel;-1,indel,95919,0,0,0,0,0,0,0,0,0,0,0,0,0,0,0,0,0,0,0,0,0,0,0,0,0,0,0,0,0,0,0,0,0,0,0,0,0,0,0,0,0,0,0,0,0,0,0,0,0,0,0,0,0,0,0,0,0.0333,0,0.0385,0.0357,0,0.1316,0.1795,0.0704,0.1071,0.2708,0.1325,0.2581,0.1268,0.2143,0.025,0,0.0345,0,0,0,0,0,0,0,0,0,0,0,0,0,0,0,0,0,0,0,0,0,0,0,0,0,0,0,0,0,0,0,0,0,0,0,0,0,0,0,0,0,0,0,0
ftsW,G->T,missense,101818,0,0,0,0.0093,0,0,0,0,0,0,0,0,0,0,0,0,0,0,0,0,0,0,0,0,0,0,0,0,0,0,0,0,0,0,0,0,0.0137,0,0,0,0,0,0,0,0,0.0143,0.0462,0.1143,0.1667,0.1667,0.0638,0.0469,0,0,0,0,0,0,0,0,0,0.0137,0,0.0127,0,0,0,0,0,0,0,0,0.02,0,0.0154,0,0,0,0,0,0.0137,0.0137,0,0,0,0,0,0,0,0,0,0,0.0208,0.0102,0,0,0,0,0,0,0,0,0,0,0,0,0.0123,0,0,0,0,0,0,0,0,0,0
ftsW,T->G,missense,101840,0,0,0,0,0,0,0,0,0,0,0,0,0,0,0,0,0,0,0,0,0,0,0,0,0,0.0083,0,0,0,0,0,0,0,0,0,0,0,0,0,0,0,0,0,0,0.0172,0,0,0,0,0,0,0,0,0,0,0,0,0.0145,0,0.0119,0,0.0135,0.0233,0,0,0,0,0,0,0.018,0.0152,0.027,0.0175,0.125,0.209,0.1556,0.1628,0.027,0,0.011,0,0,0,0,0,0,0,0,0,0,0.0096,0,0,0.0097,0,0,0.0154,0,0,0,0,0,0,0,0,0,0,0,0,0,0,0,0,0,0,0,0
ftsQ,A->C,missense,106332,0,0.0154,0,0.0069,0,0,0,0,0,0,0,0,0,0,0,0,0,0,0,0,0,0,0,0,0,0.0057,0,0,0,0,0,0,0,0,0,0,0,0,0,0,0,0,0,0,0,0,0.1176,0.087,0.1154,0.0278,0.1364,0.0649,0.0294,0.0267,0.0094,0,0,0,0,0,0,0,0,0,0.0265,0.0185,0,0,0.0127,0.0077,0,0,0,0,0,0,0,0,0,0,0,0,0,0,0,0,0,0,0,0,0,0,0,0,0,0,0,0,0,0,0,0,0,0,0,0.0089,0,0,0,0,0,0,0,0,0,0,0
hofB,MOB_118842_118844_IS150_-1,sv,118842,0,0,0,0,0,0,0,0,0,0,0,0,0,0,0,0,0,0,0,0.0177,0,0,0,0,0,0.2241,0.4597,0.3816,0.3817,0.4369,0.2772,0.1882,0.233,0.0935,0.1801,0.2288,0.1144,0.0623,0.242,0.1475,0.2242,0.193,0.0848,0.137,0.1883,0.1193,0.1713,0.127,0.109,0.0103,0.0318,0.0075,0,0,0.0056,0.0056,0,0,0,0,0,0,0,0,0,0,0,0,0,0,0,0,0,0,0,0,0,0,0,0,0,0,0,0,0,0,0,0,0,0,0,0,0,0,0,0,0,0,0,0,0,0,0,0,0,0,0,0,0,0,0,0,0,0,0,0,0
lpdA,C->T,synonymous,132062,0,0,0,0.0241,0,0,0,0,0,0,0,0,0,0,0,0,0,0,0,0,0,0,0,0,0,0,0,0,0,0,0,0,0,0,0,0,0,0,0,0,0,0,0,0,0,0,0,0,0,0,0,0.0408,0,0,0,0,0,0,0,0,0,0,0,0,0,0.02,0.1408,0.08,0.1154,0.0492,0.025,0,0.05,0.1395,0.1522,0.1846,0,0.1053,0,0,0,0,0,0,0,0,0,0,0,0,0,0,0,0,0,0,0,0,0,0,0,0,0,0,0,0,0,0,0,0,0,0,0,0,0,0,0
yadG,MOB_146092_146094_IS150_-1,sv,146092,0,0,0,0,0,0.0126,0,0,0,0.0774,0.0687,0,0,0,0,0,0,0.0096,0,0.007,0,0,0,0,0.0123,0.0044,0,0.0176,0,0,0,0.0134,0.0067,0.0929,0.2124,0.1652,0.1378,0.2747,0.0079,0,0.0409,0.193,0.5464,0.7529,0.7904,0.6268,0.3267,0.1027,0.1565,0.1306,0.1997,0.2687,0.3043,0.1963,0.2177,0.2126,0.1798,0.2102,0.1114,0.2402,0.4694,0.5083,0.5004,0.5248,0.6214,0.6514,0.4824,0.2717,0.3041,0.2761,0.6446,0.4772,0.448,0.781,0.7449,0.6409,0.7562,0.8803,0.9253,0.9253,0.8035,0.9336,0.9181,0.9632,0.9811,0.8212,0.574,0.8578,0.952,0.6978,0.2524,0.125,0.2972,0.5369,0.2434,0.0712,0.0439,0.0748,0.0695,0.0216,0,0,0,0,0,0,0,0,0,0,0,0,0,0,0,0,0
yadG,indel;+A;-1,indel,146102,0,0,0,0,0,0,0,0,0,0,0,0,0,0,0,0,0,0,0,0,0,0,0,0,0,0.0077,0,0,0,0,0,0,0,0.0357,0.0233,0,0.037,0,0,0,0,0,0,0.0338,0,0,0,0,0,0,0,0,0,0,0,0,0,0,0.0222,0.058,0.1765,0.1776,0.2075,0.2,0.2736,0.1864,0.1579,0.0864,0.1154,0.0508,0.029,0,0,0.0865,0.1719,0.1545,0.0702,0,0,0,0,0,0,0,0,0,0,0,0.0103,0.01,0.0114,0,0,0,0,0,0,0,0,0,0,0,0,0,0,0,0,0,0,0,0,0,0,0,0,0,0
yadG,MOB_146144_146146_IS150_1,sv,146144,0,0,0,0,0,0,0,0,0,0,0,0,0,0,0,0,0,0,0,0,0,0,0,0,0,0,0,0.0169,0,0,0,0,0,0,0,0,0.0095,0,0,0,0.05,0.0258,0.115,0.0842,0,0,0,0,0,0,0,0,0,0,0,0,0,0,0,0.0109,0,0,0,0,0,0,0,0,0,0,0,0,0,0,0,0,0,0,0,0,0,0,0,0,0,0,0,0,0,0,0,0,0,0,0,0,0,0,0,0,0,0,0,0,0,0,0,0,0,0,0,0,0,0,0,0,0
yadH,MOB_147045_147047_IS150_1,sv,147045,0,0,0,0,0,0,0,0,0,0,0,0,0,0,0,0.0474,0,0.0311,0.0124,0,0,0,0,0,0.012,0,0,0,0,0,0,0.0071,0,0,0,0,0,0,0,0,0.0047,0.0321,0.0255,0,0.009,0.008,0.0677,0.2586,0.2499,0.4471,0.1355,0.0655,0.0646,0.0109,0.0238,0.0446,0.0266,0,0,0.0069,0.0226,0,0,0.0066,0,0,0,0.014,0.0082,0,0,0,0,0,0,0,0,0,0,0,0,0,0,0,0,0,0,0,0,0,0,0,0,0,0,0,0,0,0,0,0,0,0,0,0,0,0,0,0,0,0,0,0,0,0,0,0
hrpB,MOB_167146_167148_IS150_-1,sv,167146,0,0,0,0,0,0.0042,0,0,0,0,0,0,0,0,0,0,0,0,0.0052,0.1034,0.1515,0,0.0084,0,0,0,0,0.0141,0,0,0.0052,0,0,0.0194,0,0,0,0,0,0,0,0,0,0.0087,0.0345,0,0,0,0,0,0.0104,0,0.0132,0,0,0.0065,0,0.0077,0,0,0.0079,0,0,0,0,0,0,0,0,0,0,0,0,0,0,0,0,0,0,0,0,0,0,0,0,0.0071,0,0,0,0,0,0,0,0,0,0,0,0,0,0,0,0,0,0,0,0,0,0,0,0,0,0,0.0038,0,0,0,0
dgt,MOB_183262_183264_IS150_-1,sv,183262,0,0,0,0,0,0.0034,0,0,0,0,0,0,0,0,0,0,0,0,0,0,0,0,0,0,0,0,0,0,0,0,0,0,0,0,0,0,0,0,0,0,0,0,0,0,0,0,0.0083,0.0588,0.122,0.049,0.024,0.1009,0.6327,0.5517,0.3593,0.4817,0.4182,0.3162,0.6914,0.3824,0.3143,0.303,0.2074,0.1955,0.0897,0.287,0.1695,0.3933,0.4259,0.4691,0.2781,0.4971,0.716,0.3621,0.4241,0.2846,0.2211,0.1613,0.0506,0.1141,0.1543,0.0183,0.0769,0.0118,0.0387,0.0376,0.5455,0.2025,0.0357,0.359,0.725,0.9545,0.7074,0.5956,0.7644,0.928,0.9762,1,1,0.9908,1,0.9933,1,1,1,1,1,1,1,1,1,1,1,1,1,1,1
intergenic,MOB_197571_197583_IS4_-1,sv,197571,0,0,0,0,0,0,0,0,0,0,0,0,0,0,0,0,0,0,0,0,0,0,0,0,0,0,0,0,0,0,0,0,0,0,0,0,0,0,0,0,0,0,0,0,0,0,0,0,0,0,0,0,0,0,0,0,0,0,0,0,0,0,0,0,0,0,0,0,0,0,0,0,0,0,0,0,0,0,0,0,0,0,0,0,0,0,0,0,0,0,0,0,0,0,0,0,0,0,0,0,0,0.0603,0.0641,0.1114,0.16,0.0558,0.0293,0.0031,0,0,0.0074,0,0,0,0,0,0
yaeL,T->C,missense,200736,0,0,0.0278,0,0,0,0,0,0,0,0,0,0,0,0,0,0,0,0,0,0,0,0,0,0,0,0,0,0,0,0,0,0,0,0,0,0,0,0,0,0,0,0,0,0,0,0,0,0,0.027,0,0,0,0,0,0,0.0118,0,0,0,0,0,0,0,0.0105,0,0.0238,0,0,0,0,0,0,0,0,0,0,0,0,0,0,0,0,0,0,0,0,0,0,0,0,0,0,0,0,0,0,0,0,0,0,0,0,0,0.0085,0,0,0.0094,0.0314,0.0735,0.0392,0.0909,0.0538,0.0645,0.3333,0.2029,0.25
lpxA,T->G,missense,206167,0,0.125,0.0465,0.025,0,0.0081,0,0,0,0,,0,0,0,0,0,0,0,0,0,0,0,0,0,0,0,0,0,0,0,0,0,0,0,0,0,0.0164,0,0,0,0,0,0,0,0,0,0,0,0,0,0,0,0,0,0,0,0,0,0,0,0,0,0,0,0,0,0,0,0,0,0,0,0,0,0,0.0141,0,0,0,0.0127,0,0,0,0,0,0,0,0,0.0152,0,0,0,0,0,0,0,0,0,0.0263,0,0,0.0145,0,0,0,0.0141,0,0,0,0,0,0,0,0,0,0,0
gmhB,C->A,missense,226159,0,0,0,0.0168,0,0.0163,0,0,0,0,0,0,0,0,0,0,0,0,0,0,0,0,0,0.0345,0,0.0079,0,0,0,0.2321,0.3188,0.4444,0.5333,0.325,0.3043,0.1818,0.5316,0.5,0.8519,0.8519,0.7857,0.7258,0.9419,0.8942,0.85,0.8475,0.8108,0.8571,0.8889,0.9643,1,1,1,1,1,0.973,1,1,1,1,1,1,1,1,1,1,1,1,1,1,1,1,1,0.9765,1,1,0.9756,1,1,1,1,1,1,1,0.9828,1,1,1,1,1,0.9649,1,1,1,1,0.9792,1,1,1,1,1,1,1,1,1,1,1,0.9919,1,1,1,1,0.9859,1,1,1,1
dnaQ,A->C,synonymous,239002,0,0,0,0,0,0,0,0,0,0,0,0,0,0,0,0,0,0,0,0,0,0,0,0,0,0.0055,0,0.0208,0,0,0,0,0,0,0,0,0,0,0,0.0093,0,0,0,0,0,0.0125,0.0933,0.2857,0.1833,0.0377,0.0149,0.1263,0.3548,0.6761,0.3077,0.4882,0.4091,0.3855,0.5758,0.42,0.3265,0.2339,0.1935,0.1092,0.1835,0.3366,0.2604,0.3273,0.4889,0.4463,0.3289,0.5204,0.5949,0.3131,0.337,0.3391,0.2113,0.1463,0.0261,0.124,0.0865,0.0714,0.0978,0.0533,0.0309,0.1395,0.3117,0.2277,0.0389,0.3043,0.7282,0.9268,0.6905,0.5981,0.7611,0.95,0.9615,0.8696,0.8718,0.9632,1,0.9943,1,1,1,0.9832,0.9836,1,0.9933,1,1,1,1,0.9938,1,1,1
yagU,MOB_273606_273608_IS150_1,sv,273606,0,0,0,0,0,0,0,0,0,0.0161,0,0,0,0,0,0,0,0,0,0,0,0,0,0,0,0,0,0,0,0,0,0,0,0,0,0,0,0,0,0,0,0,0,0,0,0,0,0,0,0,0,0,0,0,0,0,0,0.0063,0,0,0,0,0,0,0,0,0,0,0,0,0,0,0,0,0,0,0,0,0.012,0.0138,0.0905,0.1098,0.004,0.0382,0.384,0.2778,0.1349,0.038,0.1935,0.071,0.0455,0,0,0,0,0,0,0,0,0,0,0,0,0,0,0,0,0,0,0,0,0,0,0,0,0,0
yagY,C->A,missense,279651,0,0,0,0,0,0.0102,0,0,0,0,0,0,0,0,0,0,0,0,0,0,0,0,0,0,0,0,0,0,0,0,0,0,0,0,0,0,0,0,0,0,0,0,0,0,0,0.0132,0.0455,0,0.0714,0.1613,0.4314,0.4494,0.1892,0.2903,0.3765,0.2857,0.27,0.4306,0.25,0.1571,0.2346,0.338,0.2609,0.4872,0.2212,0.2394,0.3136,0.2178,0.268,0.2432,0.48,0.1351,0.1071,0.2292,0.1364,0.2222,0.2692,0.3659,0.5686,0.2708,0.2727,0.1942,0.835,0.7049,0.6429,0.1875,0.02,0.05,0.0111,0.0588,0,0.0758,0.1781,0.5181,0.266,0.0366,0.0145,0.0921,0.0588,0.0233,0,0,0,0,0,0,0,0,0,0,0,0,0,0,0,0,0
intergenic,G->T,noncoding,330197,0,0,0,0.011,0,0.0079,0,0,0,0,0,0,0,0,0,0.1429,0,0,0,0,0,0,0.0204,0,0.0118,0,0,0,0,0,0,0,0,0.0189,0,0,0.0119,0,0,0,0,0,0,0,0,0,0,0,0,0,0.04,0,0,0.02,0,0,0,0,0,0,0.0132,0,0,0,0,0.0323,0.0891,0.1061,0.0612,0,0.0222,0,0,0,0,0.0278,0,0,0,0,0,0,0.0135,0.0154,0,0.0556,0,0,0,0,0,0,0.0227,0,0.0147,0,0,0,0.0263,0,0.0088,0,0,0,0.013,0,0,0,0.0094,0.01,0,0,0,0,0,0,0
cynX,C->T,synonymous,332751,0,0,0,0.01,0,0,0,0,0,0,0,0,0,0,0,0,0,0,0,0,0,0,0.0169,0,0,0.0116,0,0,0,0,0,0,0,0,0,0,0,0,0,0.0154,0,0,0,0.0091,0,0,0,0,0,0,0,0,0,0,0,0,0,0,0,0,0,0,0,0,0,0,0.0233,0,0,0,0,0,0,0,0.0185,0.1268,0.2979,0,0,0.0893,0.026,0,0,0,0,0,0,0,0,0.0225,0,0,0,0,0,0,0,0,0,0,0,0,0,0,0,0,0,0,0,0,0,0,0,0,0,0,0
lacZ,MOB_336055_336057_IS150_1,sv,336055,0,0,0,0,0,0,0,0,0,0,0,0,0,0,0,0,0,0,0,0.0069,0,0,0,0,0,0,0,0,0,0.2214,0.4111,0.5686,0.3332,0.3209,0.2467,0.3168,0.4417,1,0.869,0.9605,0.7972,0.8121,0.8671,0.9644,0.9443,0.7673,0.9049,0.844,1,0.9742,1,1,1,1,1,0.9756,1,1,1,1,1,1,1,1,1,1,1,1,1,1,1,1,1,1,1,1,1,1,1,1,1,1,1,1,1,1,1,1,1,1,0.9753,1,1,1,1,1,1,1,1,1,1,1,1,1,0.9909,1,1,1,1,1,1,1,1,1,1,1,1
phoR,MOB_386410_386412_IS150_1,sv,386410,0,0,0,0,0,0,0,0,0,0,0,0,0,0,0,0,0,0,0,0,0,0,0,0,0,0,0,0,0,0,0,0,0,0,0,0,0,0,0,0,0,0,0,0,0,0,0,0,0,0.194,0.2637,0.3871,0.2375,0.2255,0.2532,0.2346,0.225,0.4875,0.3333,0.3333,0.2705,0.2278,0.1743,0.3605,0.2324,0.1724,0.2384,0.2184,0.3279,0.3277,0.3958,0.227,0.0965,0.3548,0.1825,0.2752,0.31,0.3393,0.5688,0.3758,0.1818,0.0515,0.8355,0.7982,0.3092,0.1029,0.0247,0.0288,0.0173,0.0524,0.0092,0.1742,0.3381,0.4343,0.1617,0.0304,0.0236,0.0917,0.1053,0.0166,0.0071,0,0,0,0,0,0,0,0,0,0,0,0,0,0,0,0
intergenic,G->A,noncoding,387766,0,0,0,0,0,0,0,0,0,0,0,0,0,0,0,0,0,0,0,0,0,0,0,0,0,0,0,0,0,0,0,0,0,0,0,0,0,0,0,0,0,0,0,0,0,0,0,0,0,0,0,0,0,0,0,0,0,0,0,0,0,0,0,0,0,0,0,0,0,0,0,0,0,0,0,0,0,0,0,0,0,0,0,0,0,0,0,0.0147,0,0,0,0.1406,0.1687,0.1268,0.0656,0.0545,0.0408,0,0,0,0,0,0,0,0,0,0,0,0,0,0,0,0,0,0,0,0
brnQ,indel;+T,indel,389101,0,0,0,0,0,0,0,0,0,0,0,0,0,0,0,0,0,0,0,0,0,0,0,0,0,0,0,0,0,0,0,0,0,0,0,0,0,0,0,0,0,0,0,0,0,0,0,0,0,0,0,0,0,0,0,0,0,0,0,0,0,0,0,0,0,0,0,0,0,0,0,0,0,0,0,0,0,0,0,0.0177,0.0758,0,0.1313,0.1667,0.0506,0,0,0,0,0,0,0,0,0,0,0,0,0,0,0,0,0,0,0,0,0,0,0,0,0,0,0,0,0,0,0,0
queA,G->A,noncoding,393366,0,0,0,0,0,0,0,0,0,0,0,0,0,0,0,0,0,0,0,0,0,0,0,0,0,0.0089,0,0,0,0,0,0,0,0,0,0,0,0,0,0,0,0,0,0,0,0,0,0,0,0,0,0,0,0,0,0,0,0,0,0,0.0139,0.0137,0,0.0274,0.0167,0.0139,0.0824,0.0938,0.1731,0.1648,0,0.0185,0,0,0,0,0,0,0,0,0,0,0,0,0,0,0,0,0,0,0,0,0,0,0,0,0,0,0,0,0,0,0,0,0,0,0,0,0,0,0,0,0,0,0,0,0
queA,G->T,noncoding,393398,0,0,0,0,0,0,0,0,0,0,0,0,0.0227,0,0,0,0,0,0,0,0,0,0,0,0,0,0,0,0,0,0,0,0,0,0,0,0.0119,0,0,0.0119,0,0,0,0,0,0,0,0,0,0,0,0,0,0,0,0,0,0,0,0,0.0119,0,0.0317,0.2073,0.2113,0.2872,0.2626,0.1392,0,0,0.0274,0.0256,0,0,0,0,0,0.0333,0,0.0122,0,0,0,0,0,0,0,0,0,0,0,0,0,0.0175,0,0,0,0,0,0,0,0,0,0,0,0.0106,0,0,0,0,0,0,0,0,0,0,0
queA,G->A,missense,393720,0,0,0,0,0,0,0,0,0,0,0,0,0,0,0,0,0,0,0,0.0294,0,0,0,0,0,0,0,0,0,0,0,0,0,0,0,0,0,0,0,0,0,0,0,0,0,0,0,0,0,0,0,0,0,0,0.0926,0.0597,0.1176,0.2174,0.2895,0.35,0.1875,0.1159,0.037,0.0364,0.1026,0.1304,0.1562,0.2167,0.2167,0.209,0.2778,0.2593,0.3939,0.1569,0.1852,0.2034,0.1842,0.2273,0.1286,0.0577,0.0328,0.0417,0.08,0,0.0169,0.1364,0.3846,0.2361,0.013,0.321,0.7222,0.9375,0.7059,0.5306,0.7091,0.9804,0.9821,0.92,1,0.9722,0.9847,1,1,1,1,1,1,1,1,1,1,1,1,1,1,1,1
ampG,C->T,synonymous,423135,0,0,0,0.0093,0,0,0,0,0,0,0,0,0,0,0,0,0,0,0.0118,0,0,0,0,0,0,0,0,0,0,0,0,0,0,0,0,0,0,0,0,0,0,0,0,0,0,0,0,0,0,0,0,0,0,0,0,0,0,0,0,0,0,0,0,0.0286,0,0,0,0,0,0,0,0,0,0,0,0,0,0,0,0,0,0,0,0,0,0,0,0,0,0,0,0,0,0,0,0,0,0,0,0,0,0,0.25,0,0.1032,0.0978,0.0842,0.1357,0.1102,0.0357,0.1163,0.2381,0.1068,0.1111,0,0.0606,0.1
intergenic,MOB_425012_425014_IS150_1,sv,425012,0,0,0,0,0,0,0,0,0,0,0,0,0,0,0,0,0,0,0,0,0,0,0,0,0,0,0,0,0,0,0,0,0,0,0,0,0,0,0,0,0.0214,0.0302,0.0625,0.1278,0.0316,0.0672,0,0,0,0,0.0118,0,0,0,0,0,0,0,0,0,0,0,0,0,0,0,0,0,0,0,0,0,0,0,0,0,0,0,0,0,0,0,0,0,0,0,0,0,0,0,0,0,0,0,0.005,0,0,0,0,0,0,0,0,0,0,0,0,0,0,0,0,0,0,0,0,0,0
lon,C->A,synonymous,430993,0,0,0,0,0,0,0,0,0,0,0,0,0,0,0,0,0,0,0,0,0,0,0,0,0,0,0,0,0,0,0,0,0,0,0,0,0.0108,0,0,0,0,0,0,0,0,0,0,0.0294,0,0,0,0.0159,0,0,0,0,0,0,0.0179,0,0,0,0,0,0,0,0.0091,0,0,0,0,0,0,0,0.0141,0,0,0,0.241,0.2973,0.2449,0.1064,0.75,0.75,0.2564,0.0395,0.0179,0.0103,0.022,0.02,0,0.1461,0.1702,0.4545,0.2182,0.0161,0.0357,0.0667,0.129,0.0278,0.0065,0,0,0,0,0,0.0168,0,0,0,0,0,0,0,0,0,0
lon,G->T,synonymous,431011,0,0,0,0,0,0,0,0,0,0,,0,0,0,0,0,0,0,0,0,0,0,0,0,0,0,0,0,0,0,0,0,0,0.0161,0,0,0,0,0.0147,0,0,0,0,0,0,0,0.0164,0,0,0,0,0,0,0.0167,0,0.2771,0.1954,0.0758,0.0392,0.037,0,0,0,0,0,0,0,0,0,0,0,0,0,0,0,0,0,0,0,0,0,0,0.0092,0,0.0141,0,0,0,0,0,0,0,0,0,0.0093,0,0,0,0,0,0,0,0,0,0,0.0087,0,0,0,0,0,0,0,0.0088,0,0,0
hupB,C->T,missense,433668,0,0,0,0,0,0,0,0.0152,0,0,0,0,0,0,0.027,0.05,0.2456,0.2593,0.7524,0.7723,0.8958,0.8519,0.7273,0.931,0.963,0.8993,0.8909,0.8,0.9027,0.9583,0.8036,0.8214,0.8981,0.8272,0.5,0.8333,0.7708,0.7647,0.9727,0.9767,1,1,1,1,1,1,0.9878,1,1,1,1,1,1,1,1,1,1,1,1,1,1,1,1,0.9787,1,1,1,1,1,0.9924,1,1,0.9901,1,1,1,1,1,1,0.9891,1,1,1,0.9882,1,1,0.9813,1,1,1,0.9684,0.9861,1,0.9919,0.9903,1,0.9889,1,0.9783,0.9942,1,0.9935,1,1,1,1,1,1,1,1,1,0.9863,0.9944,0.9933,1,1,1
intergenic,MOB_433808_433810_IS150_-1,sv,433808,0,0,0,0,0,0,0,0,0,0,0,0,0,0,0,0,0.125,0.4934,0.0299,0.0189,0,0,0,0,0,0,0,0,0,0,0,0,0,0,0,0,0,0,0,0,0,0,0,0,0,0,0,0,0,0,0,0,0,0,0,0,0,0,0,0,0,0,0,0,0,0,0,0,0,0,0,0,0,0,0,0,0,0,0,0,0,0,0,0,0,0,0,0,0,0,0,0,0,0,0,0,0,0,0,0,0,0,0,0,0,0,0,0,0,0,0,0,0,0,0,0,0
ybaE,MOB_438774_438776_IS150_-1,sv,438774,0,0,0,0,0,0,0,0,0,0,0,0,0,0,0,0,0,0,0,0,0,0,0,0,0,0.0105,0.0783,0.0928,0.0797,0.0462,0.1606,0.1024,0.0784,0.0775,0.0238,0,0.0169,0,0,0,0,0,0.0037,0.0071,0,0,0,0.0112,0.0069,0,0.0194,0.006,0,0,0.0053,0,0,0,0,0,0,0,0,0,0,0,0,0,0,0,0,0,0,0,0,0,0,0,0.0052,0.0117,0,0,0,0,0,0,0,0,0,0,0,0,0,0,0,0,0,0,0,0,0,0,0,0,0,0,0,0,0,0,0,0,0,0,0,0,0
ybaE,indel;-7,indel,438778,0,0,0,0,0,0,0,0,0,0,0,0,0,0,0,0,0,0,0,0,0,0,0,0,0,0,0,0,0,0,0,0.0135,0,0.0902,0.4,0.2301,0.1892,0.1379,0,0,0,0,0,0,0,0,0,0,0,0,0,0,0,0,0,0,0,0,0,0,0,0,0,0,0,0,0,0,0,0,0,0,0,0,0,0,0,0,0,0,0,0,0,0,0,0,0,0,0,0,0,0,0,0,0,0,0,0,0,0,0,0,0,0,0,0,0,0,0,0,0,0,0,0,0,0,0
mdlA,T->C,synonymous,442677,0,0,0,0,0,0,0,0,0,0,0,0,0,0,0,0,0,0,0,0,0,0,0.0238,0,0,0,0.037,0,0,0,0,0,0,0,0,0,0,0,0,0,0.0122,0,0,0,0,0,0,0,0,0,0,0.0213,0,0,0,0,0.0222,0.0213,0.0222,0,0,0,0,0,0,0,0,0,0,0.0159,0,0,0,0,0.0167,0,0,0,0,0,0,0,0,0.0256,0.0377,0.1719,0.0541,0.1579,0.2987,0.2065,0.0625,0.0303,0,0,0,0.0149,0,0,0,0,0,0,0,0,0,0,0,0,0,0,0,0,0,0,0,0,0
acrB,C->T,missense,455564,0,0,0,0,0,0,0,0.0238,0,0,0,0,0,0,0,0,0,0,0,0,0,0,0,0,0,0,0,0,0,0,0,0,0,0,0,0,0.0111,0,0,0,0.0299,0,0.0164,0,0,0,0,0,0,0,0,0,0,0,0,0,0,0,0.0244,0,0,0.0156,0,0,0,0,0,0,0,0,0,0,0,0,0,0,0,0,0,0,0,0,0.1026,0.0976,0.2807,0.0192,0,0.0152,0.0122,0.0568,0,0.1087,0.2895,0.3623,0.1525,0.0299,0.0566,0.0682,0.0238,0.0645,0.0087,0,0,0,0,0,0,0,0,0,0,0,0,0,0,0,0
recR,G->A,synonymous,466564,0,0,0,0,0,0,0,0,0,0,0,0,0.1481,0.0714,0,0,0,0,0,0.0172,0,0,0,0,0,0,0,0,0,0,0,0,0,0,0,0,0,0,0,0,0,0,0,0,0,0,0,0,0,0,0,0.0213,0,0,0,0,0,0,0,0,0,0,0,0,0.0282,0,0,0,0,0,0,0,0,0,0,0,0,0,0,0,0,0,0,0,0,0,0,0,0,0,0,0,0,0,0,0,0,0,0,0,0,0,0,0,0,0,0,0,0,0,0,0,0,0,0,0,0
aes,A->T,missense,471532,0,0,0,0,0,0,0,0,0,0,0,0,0,0,0,0,0,0,0,0,0,0,0,0,0,0,0,0,0,0,0,0,0,0,0,0,0,0,0,0,0,0,0,0,0,0,0,0,0,0,0,0,0,0,0,0,0,0,0,0,0,0,0,0,0,0,0,0,0,0,0.0196,0,0,0,0,0,0,0,0.2,0.2421,0.1375,0.0685,0.8202,0.7458,0.1111,0.0857,0.0208,0.046,0.0206,0.0345,0,0.1639,0.3889,0.4787,0.1948,0.0141,0,0.075,0.0889,0.0071,0,0,0,0,0,0,0,0,0,0,0,0,0,0,0,0,0
ybaL,indel;+TCGCCAGCG;+8,indel,474374,0.0556,0.0385,0.1205,0.0589,0.0377,0.0237,0.0606,0.1,0,0.0465,0,0,0.05,0.0278,0.1,0,0.0612,0,0.0202,0.0225,0.1,0,0.0755,0,0.0444,0.0662,0.0637,0.0426,0.0881,0.0294,0,0.0556,0.1208,0.1569,0.0923,0,0.0417,0,0.0476,0.0771,0.0423,0.0709,0.0882,0.048,0.023,0.05,0.0526,0,0.1875,0.0476,0.0714,0.129,0.169,0.2824,0.1789,0.4032,0.3611,0.2632,0.4138,0.2118,0.1628,0.1495,0.0896,0.0984,0.1441,0.0769,0.1102,0.2766,0.32,0.5208,0.1975,0.4146,0.3857,0.4,0.3909,0.386,0.3125,0.1667,0.1071,0.1026,0.1167,0.0476,0.06,0.0901,0.0435,0.1667,0.2885,0.1031,0.129,0.4444,0.604,0.9231,0.6076,0.619,0.6207,0.8387,0.8333,0.8214,0.0923,0.0702,0.1205,0.0602,0.1818,0,0.0516,0.0311,0.0706,0.0357,0.0813,0.0645,0.0625,0.0893,0.0704,0.1167,0,0.0417,0
intergenic,MOB_475422_475429_IS1_-1,sv,475422,0,0,0,0,0,0,0,0,0,0,,0,0,0,0,0,0,0,0,0,0,0,0,0,0,0,0,0,0,0,0,0,0,0,0,0,0,0,0,0,0,0,0,0.0103,0.0476,0.1702,0.2182,0.1818,0.1613,0,0.0588,0.0779,0.1136,0.0667,0.0615,0,0,0,0,0,0,0,0,0,0,0,0.0238,0,0,0,0,0.0227,0,0,0,0,0,0,0,0,0,0,0,0,0,0,0,0,0,0,0,0,0,0,0,0,0,0,0,0,0,0,0,0,0,0,0,0,0,0,0,0,0,0,0,0,0
ybaS,C->T,missense,484142,0,0,0,0,0,0,0,0,0,0,0,0,0,0,0,0,0,0,0,0,0.0213,0,0,0,0,0,0,0,0,0,0,0,0,0,0,0,0,0,0,0,0,0,0,0.0114,0,0,0,0,0,0,0.02,0,0,0,0,0,0,0,0,0,0,0,0,0,0,0,0,0.0139,0.0476,0.0172,0.383,0.2128,0.087,0.42,0.1321,0.1757,0.1579,0.3704,0.6471,0.5526,0.2647,0.1094,0.8788,0.7544,0.2222,0.0385,0,0.0267,0.0345,0.0213,0,0.0784,0.3143,0.3067,0.3671,0.0256,0.0233,0.0735,0.0435,0.0092,0,0,0,0,0,0,0.0169,0,0,0,0,0,0,0,0,0,0
ybbN,junction_490283_-1_IS150_start,sv,490283,0,0,0,0,0,0.027,0,0.0461,0.0857,0,0,0,0,0,0,0,0,0,0,0,0,0,0,0,0,0,0,0,0,0.0111,0,0,0,0,0,0,0,0,0,0,0,0,0,0,0,0,0,0,0,0,0,0,0,0,0,0,0,0.0168,0,0,0.0292,0.0611,0,0,0,0.1162,0.0692,0.0106,0.0442,0.063,0.039,0.056,0.0572,0.1083,0.0154,0,0,0,0,0,0,0,0,0,0,0,0,0,0,0,0,0,0,0,0,0,0,0,0.0182,0,0,0,0,0,0,0,0,0,0,0,0,0,0,0,0,0,0
ybbN,C->T,synonymous,490406,0,0,0,0.0087,0,0,0,0,0,0,0,0,0,0,0,0,0,0.0299,0,0,0.0192,0,0,0,0.0108,0.0087,0,0,0.03,0.0312,0,0.0241,0.1184,0.1385,0.0405,0.0222,0.041,0,0,0,0,0,0,0,0,0,0,0,0,0,0,0,0,0,0,0,0,0,0,0,0,0.0143,0,0,0,0,0.0098,0,0,0,0,0,0,0,0.011,0,0,0,0,0,0,0,0,0,0,0,0,0,0,0,0,0,0,0,0,0,0,0,0,0.0072,0,0,0,0,0,0,0,0,0,0,0,0,0,0,0,0,0
ybbN,indel;+AC;-1,indel,490479,0,0,0,0,0,0,0,0,0,0,0,0,0,0,0,0,0,0,0.0094,0,0,0,0,0,0,0,0,0,0,0,0,0,0,0.0339,0,0,0,0,0,0,0,0.0088,0,0.0093,0,0,0,0.0566,0,0,0,0.039,0,0,0,0.0094,0.0149,0.0349,0.1364,0.0519,0.0484,0.2222,0.0962,0.0879,0.0506,0.1622,0.2315,0.1538,0.2987,0.1978,0.0781,0.0149,0,0,0,0,0,0,0,0.0083,0,0,0,0,0,0,0,0,0,0,0,0,0,0,0,0,0,0,0,0,0,0,0,0,0,0,0,0,0,0,0,0,0.0076,0,0,0,0
ybbN,MOB_490481_490483_IS150_-1,sv,490481,0,0,0,0,0,0,0,0,0,0,0,0,0.6364,0.5005,0.697,1,0.8891,0.9297,0.9149,0.9444,0.931,1,1,1,1,0.9999,1,1,1,1,1,1,1,1,1,1,1.0003,1,1,1,1,1,1,1,1,1,1,1,1,1,1,1,1,1,1,1,1,1,1,1,1,1,1,1,1,0.9829,1,0.989,1,1,1,1,1,1,1,1,1,1,1,1,1,1,1,1,1,1,1,1,1,1,0.9778,1,1,1,1,1,1,1,1,1,1,1,1,1,1,1,1,1,1,1,0.9917,1,1,1,1,1,1
ybbN,G->T,noncoding,490484,0,0,0,0,0.0175,0.0084,0.0333,0,0,0,0,0,0,0,0,0,0,0,0,0.0448,0.0328,0.025,0.0806,0.1395,0.3229,0.4333,0,0,0,,0,,0,0,0.3973,0,0,0,,,,,,,0,,0.3333,,,,,0,,,,,,0.5,0,,1,1,0,,,0,,,,0,0.5,,,,,,,,,0.5,1,1,,1,1,,,,,,0,,,,,,1,1,0.5,1,,1,,,0.5,1,1,,,,0,,,,,,
ybbP,MOB_493154_493161_IS186_1,sv,493154,0,0,0,0,0,0,0,0,0,0,0,0,0,0,0,0,0,0,0,0,0,0,0,0,0,0,0,0,0,0,0,0,0,0,0,0,0,0,0,0,0,0,0,0,0,0,0,0,0,0,0,0,0,0,0,0,0,0,0,0,0,0,0,0,0,0,0,0,0,0,0,0,0,0,0,0,0,0,0,0,0,0,0.0421,0.1176,0.0865,0.0526,0.0187,0.0357,0.016,0.0479,0,0.1471,0.3739,0.3443,0.2385,0.044,0.0455,0.0551,0.127,0.0283,0.0118,0,0,0,0,0,0,0,0,0,0,0,0,0,0,0,0
ybbB,MOB_502543_502545_IS150_1,sv,502543,0,0,0,0,0,0,0,0,0,0,0,0,0,0,0,0,0,0,0,0,0,0,0,0,0,0,0,0,0,0,0,0,0,0,0,0,0,0,0,0,0,0,0,0,0,0,0,0,0,0,0,0,0,0,0.069,0,0,0,0,0,0,0,0,0,0,0,0,0,0,0,0,0,0,0,0,0,0,0,0,0,0,0,0,0,0,0,0,0.0248,0,0.0762,0.4539,0.5385,0.7739,0.4638,0.8235,0.9596,0.9789,0.9783,0.9437,0.9708,1,1,1,1,1,1,1,1,1,1,1,1,1,1,1,1,1
sfmD,MOB_533391_533399_IS1_-1,sv,533391,0.0031,0,0,0,0,0,0,0,0,0,0,0,0,0,0,0,0,0,0,0,0,0,0,0,0,0,0,0,0,0,0,0,0,0,0,0,0,0,0,0,0,0,0,0,0,0,0,0,0,0,0,0,0,0,0,0,0,0,0,0,0.0261,0,0.0103,0.0458,0,0.2796,0.0694,0.0448,0.0476,0.0542,0.0352,0.096,0.0795,0.0685,0.0533,0,0.0093,0,0,0,0,0,0,0,0,0,0,0,0,0,0,0,0,0,0,0,0,0,0,0,0,0,0,0,0,0,0,0,0,0,0,0,0,0,0,0,0
fimZ,MOB_536150_536154_IS3_1,sv,536150,0,0,0,0,0,0,0,0,0,0,0,0,0,0,0,0,0,0,0,0,0,0,0,0,0,0,0,0,0,0,0,0,0,0,0,0,0,0,0,0,0,0.0086,0.0095,0.0176,0.083,0.1958,0.1148,0.2358,0.0504,0.1102,0.0667,0.0588,0.1415,0.0395,0.0676,0.1158,0.0534,0.0815,0.0234,0.0246,0,0,0,0,0,0,0,0,0,0,0,0,0,0,0,0,0,0,0,0,0,0,0,0,0,0,0,0,0,0,0,0,0,0,0,0,0,0,0,0,0,0,0,0,0,0,0,0,0,0,0,0,0,0,0,0,0
ECB_00513,junction_556534_1_IS1_start,sv,556534,0,0,0,0,0,0,0,0,0,0,0,0,0,0,0,0,0,0,0,0,0,0,0,0,0,0,0,0,0,0,0,0,0,0,0,0,0,0,0,0,0,0,0,0,0,0,0,0,0,0,0,0,0,0,0,0,0.0833,0.1268,0.1316,0.1163,0.16,0.1505,0.1,0.0485,0.0254,0.1857,0.1266,0.1875,0.1154,0.0714,0.1236,0.125,0.1509,0.0959,0.0278,0.0571,0.0408,0,0.0164,0,0.0404,0,0,0,0.0133,0,0,0,0,0,0,0,0,0,0,0,0,0,0,0,0,0,0,0,0,0,0,0,0,0,0,0,0,0,0,0,0
ECB_00513,C->T,missense,557008,0.0088,0,0,0,0,0.0052,0,0,0,0,0,0,0,0,0,0,0,0,0,0,0,0,0,0,0,0.0058,0.0253,0.1064,0.0649,0.0154,0.0115,0,0,0,0,0,0,0,0,0,0,0,0,0,0,0,0,0,0,0,0,0,0,0,0,0,0,0.0095,0,0.0116,0.0093,0,0,0,0,0,0,0,0,0,0,0.0101,0,0,0.0086,0.0075,0,0,0,0,0,0,0,0,0,0,0,0,0,0,0,0,0,0,0.0081,0.011,0.0169,0,0,0,0,0,0,0,0,0,0,0,0.0045,0,0,0,0,0,0,0,0
intergenic,junction_558783_1_IS1_start,sv,558783,0,0,0,0,0,0,0,0,0,0,0,0,0,0,0,0,0,0,0,0,0,0,0,0,0,0,0,0,0,0,0,0,0.1667,0.1667,0.1667,0.3529,0.15,0,0,0,0,0,0,0,0,0.0476,0,0,0,0,0,0,0,0,0,0,0,0,0,0,0,0,0,0,0,0,0,0,0,0,0,0,0,0,0,0,0,0,0,0,0,0,0,0,0,0,0,0,0,0,0,0,0,0,0,0,0,0,0,0,0,0,0,0,0,0,0,0,0,0,0,0,0,0,,0,0
appY,junction_559479_1_IS1_start,sv,559479,0,0,0,0,0,0,0,0,0,0,0,0,0,0,0,0,0,0,0,0,0,0,0.0769,0.0769,0.2353,0.1157,0.0161,0,0,0,0,0,0,0,0,0,0,0,0,0,0,0,0,0,0,0,0,0,0,0,0,0,0,0,0,0,0,0,0,0,0,0,0,0,0,0,0,0,0,0,0,0,0,0,0,0,0,0,0,0,0,0,0,0,0,0,0,0,0,0,0,0,0,0,0,0,0,0,0,0,0,0,0,0,0,0,0,0,0,0,0,0,0,0,0,0,0
cusA,MOB_581669_581671_IS150_1,sv,581669,0,0,0,0,0,0,0,0,0,0,0,0,0,0,0,0,0,0,0,0,0,0,0,0,0,0,0,0,0,0,0,0,0,0,0,0,0,0,0,0,0,0,0,0,0,0,0,0,0,0,0,0,0,0,0,0,0,0,0,0,0,0,0,0,0,0,0,0,0,0,0,0,0,0,0,0,0,0.0099,0.335,0.2603,0.3267,0.1524,0.9314,0.7544,0.3596,0.0873,0,0.0205,0.0045,0.0258,0,0.129,0.373,0.5563,0.3221,0.0593,0.0952,0.0584,0.0441,0.0143,0.0115,0,0,0,0,0,0,0,0,0,0,0,0,0,0,0,0
intergenic,indel;A;+A;+CA;G;+AAA;+AA;+GA;T;+TA,indel,588490,0,0,0,0,0,0.0303,0,0,0,0,0,0.1111,0,0,0,0,0,0,0,0,0,0,0,0.0476,0.0127,0.0134,0.1458,0.0968,0.2464,0.449,0.5246,0.5625,0.3778,0.3333,0.1837,0.3684,0.3699,0.6667,0.7273,0.6429,0.5135,0.1905,0.2,0,0.2857,0,0.4444,0.2222,0.3333,1,0.8,0.5,,0.5,1,1,1,0.5,1,0,1,0.6667,1,1,1,1,1,,0.5,1,1,0.6667,0,0.8,0.6,0.6667,1,1,0.3333,0.8,0.5,0.6667,0.3333,0.5,0.6667,,0.75,,,1,0,1,1,1,1,0.8571,0.6667,0.6667,1,1,1,1,0,1,0.875,0.3333,1,1,1,,,,,1,,1,
intergenic,junction_588490_-1_IS150_start,sv,588490,0,0,0,0,0,0,0,0,0,0,0,0,0,0,0,0,0,0,0,0,0,0,0,0,0,0,0,0,0,0,0,0,0,0,0,0,0,0.0775,0.2576,0.5709,0.57,0.7692,0.9634,0.9168,0.8768,0.9556,0.8285,0.681,0.8091,0.9565,0.8947,0.9574,1,0.9333,0.9474,0.975,0.9896,0.9808,0.975,0.9861,0.9365,0.9589,0.9375,0.9167,0.9872,0.9811,0.9868,1,0.9861,0.9903,0.9375,0.95,1,0.939,0.9383,0.9412,0.9677,0.8696,0.9565,0.9565,0.9859,0.96,0.9877,0.9412,0.9833,1,0.9412,1,1,0.9859,0.9833,0.9508,0.9375,0.9859,0.954,0.9048,0.9412,0.9545,0.9714,0.9914,0.9766,0.9744,1,0.9286,0.9023,0.9762,0.9211,0.9808,0.9569,1,1,1,0.9896,0.9714,1,0.9667,0.8333
fes,junction_596272_1_IS150_end,sv,596272,0,0,0,0,0,0,0,0,0,0,0,0,0,0,0,0,0,0,0,0,0,0,0,0,0,0,0,0,0,0,0.0543,0.0323,0,0.1139,0.3467,0.2609,0.2165,0,0,0,0,0,0,0,0,0,0,0,0,0,0,0,0,0,0,0,0,0,0,0,0,0,0,0,0,0,0,0,0,0,0,0,0,0,0,0,0,0,0,0,0,0,0,0,0,0,0,0,0,0,0,0,0,0,0,0,0,0,0,0,0,0,0,0,0,0,0,0,0,0,0,0,0,0,0,0,0
entF,junction_597567_1_IS150_end,sv,597567,0,0,0,0,0,0,0,0,0,0,,0,0,0,0,0,0,0,0,0,0,0,0,0,0,0,0,0,0,0,0,0,0,0,0,0,0,0,0,0,0,0,0,0,0,0,0,0,0,0,0,0,0,0,0,0,0,0,0,0,0,0,0,0,0,0,0,0,0,0,0,0,0,0.1153,0.176,0.4132,0.5994,0.6015,0.9183,0.8561,0.5009,1,0.8951,0.9738,0.9015,0.7006,0,0.3076,0.5572,0.3185,0,0.1081,0.4101,0.6673,0.3511,0.1499,0.0689,0.0625,0.1081,0.0167,0,0,0,0,0,0,0,0,0,0,0,0,0,0,0,0,0
fepE,junction_601096_1_IS150_end,sv,601096,0,0,0,0,0,0,0,0,0,0,0,0,0,0,0,0,0,0,0,0,0,0,0,0,0,0,0,0,0,0,0,0,0,0,0,0,0,0,0,0,0,0,0,0,0,0,0.1591,0,0.0652,0.1034,0.0741,0.1212,0.0938,0.1613,0.1471,0.1857,0.16,0.1053,0.16,0.1964,0.463,0.4868,0.625,0.5467,0.6456,0.4792,0.6104,0.5952,0.3506,0.2857,0.2727,0.4,0.3208,0.4096,0.5714,0.6053,0.3077,0.6,0.3125,0.5238,0.6235,0.8068,0.1373,0.2759,0.7,0.9178,0.5833,0.9,0.9103,0.6867,0.3,0,0,0,0,0,0,0,0,0,0,0,0,0,0,0,0,0,0,0,0,0,0,0,0,0,0
rna,MOB_627114_627115_IS150_1,sv,627114,0,0,0,0,0,0,0,0.0113,0,0,0,0,0,0,0,0,0,0,0,0,0,0,0,0,0,0,0,0,0,0,0.0082,0.0082,0.0229,0.1237,0.2691,0.2471,0.1458,0.3358,0.1912,0.1077,0.1942,0.2339,0.1211,0.1003,0.1061,0.2423,0.1905,0.0826,0.0902,0.0108,0.0086,0.0196,0.0108,0,0,0.0126,0,0,0,0,0,0,0.0093,0,0,0,0,0,0,0,0,0,0.0082,0.0071,0,0,0,0,0,0,0,0,0,0,0,0,0,0,0,0,0,0,0,0.0047,0,0,0,0,0,0,0,0,0,0,0,0.0101,0,0,0,0,0,0,0,0,0,0,0
rna,MOB_627115_627118_IS150_1,sv,627115,0,0,0,0,0,0,0,0,0,0,0,0.0909,0,0,0,0,0,0,0,0,0,0,0,0,0,0,0,0,0,0,0,0,0,0,0,0,0,0,0,0,0,0,0.0063,0.0079,0,0,0,0,0,0,0,0.0065,0,0,0,0.0125,0.0345,0,0,0,0.0088,0.0071,0,0.0312,0.0335,0,0,0.0126,0.1314,0.3585,0.1778,0.3125,0.3197,0.1773,0.3786,0.2757,0.4405,0.5059,0.2989,0.5215,0.6094,0.7957,0.0628,0.2281,0.528,0.8701,0.6596,0.6059,0.5854,0.5161,0.1572,0,0,0,0,0,0,0.0078,0,0,0,0,0,0,0,0,0,0,0,0,0,0,0,0,0,0,0
citG,junction_628696_1_IS150_start,sv,628696,0,0,0,0,0,0,0,0,0,0,0,0,0,0,0,0,0,0,0,0,0,0,0,0,0,0,0,0,0,0,0,0,0,0,0,0,0,0,0,0,0,0,0,0,0,0,0,0,0,0,0,0,0,0,0,0,0,0,0,0,0,0,0,0,0,0,0,0,0,0,0,0,0,0,0,0,0,0,0,0,0,0,0,0,0.0172,0.1613,0.0698,0.1333,0.2877,0.3452,0.0508,0,0,0,0,0,0,0,0,0,0,0,0,0,0,0,0,0,0,0,0,0,0,0,0,0,0
ybeB,indel;+GA;-1;+G;+GG,indel,651703,0,0,0,0,0,0,0,0.0116,0.0068,0,0,0,0,0.0123,0,0,0,0,0,0,0,0,0,0,0,0,0,0,0,0,0,0,0,0,0.0159,0,0.0058,0,0,0,0,0,0.0052,0,0.0086,0,0,0,0,0,0,0,0,0,0.078,0.007,0,0,0,0.0062,0,0,0,0,0,0.069,0.1167,0.0455,0.0419,0.0276,0.1084,0.0529,0.0473,0.1229,0.053900000000000003,0.1071,0.2927,0.2361,0.2963,0.2042,0.1351,0.0296,0.0764,0.0734,0.2168,0.0803,0.1429,0.0909,0.101,0.1818,0.1304,0,0,0,0,0.0101,0.0154,0,0,0.0045,0,0.0236,0.0263,0.08,0.0846,0.0826,0.0202,0.0711,0.1572,0.0097,0.0452,0.0175,0.0135,0,0,0.018,0
ybeB,MOB_651703_651704_IS150_-1,sv,651703,0,0,0.632,0.9912,0.9998,1,1,0.9293,1,1,1,1,1,1,1,1,1,1,0.9319,1,1,1,1,1,1,1,1,1,0.9845,1,1,1,1,1,1,1,1,1,1,1,1,1,1,1,1,1,1,1,1,1,1,1,1,1,1,1,1,1,1,1,1,1,1,1,1,1,0.9997,1,1,1,0.9996,1,1,0.9999,0.9998,1,1,1,1,1.0001,1,1,1,1,1,0.9997,1,1,1,1,1,1,1,1,1,1,1,1,1,1,1,1,1,1,1,1,1,1,1,1,1,1,1,1,1,1,1
intergenic,junction_651820_1_IS150_end,sv,651820,0,0,0,0,0,0,0,0,0,0,,0,0,0,0,0,0,0,0,0,0,0,0,0,0,0,0,0,0,0,0,0,0,0,0,0,0,0,0,0,0,0,0,0,0,0,0,0,0,0,0,0,0,0,0,0,0,0,0,0,0,0,0,0,0,0,0,0,0,0,0,0,0,0.0266,0.0936,0.3437,0.4302,0.5405,0.8623,0.5833,0.388,0.1633,0.8708,0.9015,0.5316,0.2137,0.0561,0,0.0733,0.117,0,0.2432,0.3711,0.5422,0.2907,0.0807,0.0288,0.2114,0.3013,0,0,0,0,0,0,0,0,0,0,0,0,0,0,0,0,0,0
intergenic,junction_664681_-1_IS150_start,sv,664681,0.0149,0,0,0,0.017,0,0,0.0423,0.0303,0,0,0.0617,0,0,0,0,0.0176,0,0.0076,0.0101,0.0309,0,0,0,0,0.0297,0,0,0.0094,0.0106,0.0318,0.0122,0.0141,0,0,0,0,0,0,0,0.0181,0.0535,0.1336,0.0279,0.0513,0,0,0.0211,0,0.0247,0.0411,0,0.0183,0.0218,0.0151,0.0089,0.0098,0.0114,0,0,0.0144,0,0,0.011,0.0104,0,0.0088,0,0.012,0.0445,0,0,0,0.0099,0,0.0098,0,0,0,0,0,0,0,0,0,0.0095,0.0223,0,0,0,0,0,0,0.0086,0,0,0.0119,0.0144,0,0.0058,0.0103,0.006,0,0,0,0.0085,0,0.0048,0.0107,0.012,0.0073,0,0,0.0164,0,0,0
intergenic,indel;-1;+T,indel,664684,0,0,0,0,0,0.0118,0.0185,0.0274,0.0092,0,0,0,0,0,0,0.125,0,0,0.0066,0.0227,0.0206,0,0,0,0.016,0,0.0156,0,0.0183,0,0.0073,0.0303,0.1062,0.1412,0.0656,0.08,0.0547,0.125,0,0,0,0.0065,0,0.0181,0.023,0.0163,0,0,0,0,0,0,0,0,0,0,0.0087,0,0,0.0217,0,0.0082,0.0235,0.0172,0.0256,0.0112,0,0.0066,0,0,0,0,0,0.0085,0,0.0079,0,0,0.0147,0,0,0,0.0096,0,0,0,0,0,0,0,0,0,0,0,0,0,0,0,0,0,0,0,0,0,0,0,0,0,0,0,0,0,0,0.0052,0,0,0
ECB_00624,MOB_670103_670106_IS150_-1,sv,670103,0,0,0,0,0,0,0,0,0,0,0,0,0.1334,0.0701,0.053,0.0556,0.0669,0.0976,0.0132,0.0838,0.0301,0,0,0,0,0.0052,0,0,0,0,0,0,0,0,0,0,0,0,0,0,0,0,0,0,0,0,0,0,0,0,0,0,0,0,0,0,0,0,0,0,0,0.0153,0.0983,0.1118,0.1043,0.0509,0.1771,0.3401,0.1501,0.1701,0.1494,0.1425,0.0921,0.1062,0.0897,0.1173,0.075,0.0253,0.01,0.0376,0.0329,0.0271,0,0,0,0.0095,0,0,0,0,0,0,0,0,0.008,0,0,0,0,0,0,0,0,0,0,0,0,0,0,0,0,0,0,0,0,0,0
ECB_00624,indel;+A;-1;+AA,indel,670214,0,0.0408,0,0.0303,0,0,0.0571,0,0.0396,0,,0,0,0,0,0,0.0109,0.0256,0.0204,0,0.0128,0,0,0,0,0,0.0169,0,0.0072,0,0,0.0449,0.0141,0,0,0.0952,0.0194,0.1538,0,0.0198,0,0.015,0.0392,0.0244,0,0,0,0,0.0256,0,0.0161,0,0.0238,0.0274,0,0,0.027,0.0625,0.0135,0,0.0423,0.0758,0.1,0.0761,0.032,0.075,0.0853,0.1477,0.0732,0.0403,0.0506,0,0.0172,0,0.0588,0.0145,0.0145,0,0,0.0208,0.0094,0.0323,0,0.0147,0.027,0,0.0127,0.0323,0.0403,0.0084,0,0,0,0.0505,0.022,0.0267,0.0282,0.0256,0.0092,0.0516,0.0082,0.0233,0.0714,0,0.0227,0.0119,0,0.0204,0.0164,0.0086,0.029,0.0435,0,0.0071,0,0.011,0
ybfP,indel;A;C;-1;G,indel,697676,0,0.0172,0.027,0.0097,0,0,0,0,0,0,,0,0,0,0,0,0,0,0,0,0,0,0,0,0,0,0,0,0,0,0,0,0,0.0152,0,0,0,0,0,0,0,0,0,0,0,0,0,0,0,0,0,0,0,0,0.0375,0,0,0,0,0,0,0.011,0,0,0,0,0,0,0.0114,0,0,0,0,0.0119,0,0,0,0,0,0,0,0.0159,0,0,0,0,0,0,0.013,0,0,0,0,0.0135,0,0,0,0,0,0.0687,0.2,0.314,0.3636,0.0714,0.2778,0.3578,0.6184,0.6415,0.6225,0.7826,0.5309,0.8684,0.8957,0.7297,0.5,0.6515,0.3333
intergenic,T->A,noncoding,735660,0,0,0,0,0,0,0,0,0,0,,0,0,0,0,0,0,0,0,0,0,0,0,0,0,0,0,0,0,0,0,0,0,0,0,0,0,0,0,0,0,0,0,0,0,0,0,0,0,0,0,0,0,0,0.0101,0,0,0,0,0,0,0,0,0,0,0,0,0,0.0096,0.087,0.1296,0.2987,0.3762,0.0992,0.2378,0.2012,0.2254,0.0278,0.0373,0.0873,0.0833,0.0536,0.1214,0.0396,0.0355,0.0909,0.4111,0.1181,0.0288,0.2519,0.6854,0.8615,0.7008,0.5172,0.744,0.9406,0.9737,0.9043,0.9405,0.9733,1,0.9906,1,0.9667,1,1,1,1,1,1,1,0.9524,1,0.9902,1,1,1
sdhB,junction_738510_1_739717_-1,sv,738510,0,0,0,0,0,0,0,0,0,0,0,0,0,0,0,0,0,0,0,0,0,0,0,0,0,0,0,0,0,0,0,0,0,0,0,0,0,0,0,0,0,0,0,0,0,0,0,0,0,0,0,0,0,0,0,0,0,0,0,0,0,0,0,0,0,0,0,0,0,0,0,0,0,0,0,0.1091,0.1479,0.1871,0.3114,0.1543,0.1189,0.0287,0.3943,0.3311,0.1647,0.0389,0.0209,0.0067,0.0095,0.0403,0,0.0608,0.1222,0.2411,0.1316,0.0154,0.0249,0.0346,0.0465,0.02,0,0,0,0,0,0,0,0,0,0,0,0,0,0,0,0,0
ECB_00737,indel;-2;-1;T;G;+T,indel,796328,0.0089,0,0,0,0.069,0,0,0,0,0,0,0,0.0455,0.0526,0,0,0.1765,0.1304,0.6522,0.7143,0.7,0.875,0.7368,0.9,0.9206,0.9337,0.8689,0.6667,0.8529,0.9412,0.871,0.8136,0.9286,0.7879,0.7037,0.6923,0.8108,0.6,1,0.9077,0.9612,0.9744,0.9753,0.96,0.9286,0.9787,0.9062,0.963,0.9804,0.9615,0.9783,1,1,1,0.9516,1,0.9783,0.9333,1,1,1,0.9697,0.9375,0.9759,0.9878,1,0.9677,1,0.9683,0.9609,1,0.9792,1,1,1,0.91,0.9756,1,0.9474,0.9746,0.9767,0.9551,1,0.9787,0.9683,0.9649,1,0.9836,1,1,0.9848,1,0.9863,0.9844,0.9889,0.9762,1,0.9565,1,0.9712,0.9811,0.9647,0.9231,0.9,0.9688,0.9774,0.9677,0.9818,0.9247,0.9359,0.9077,1,0.9495,0.9806,1,0.9643,1
bioA,indel;+C;A;+A;C;-1;T,indel,801965,0,0,0.0426,0,0,0,0,0,0,0,0,0,0,0.0625,0,0,0,0,0,0,0,0,0,0,0,0,0,0,0,0,0,0,0,0,0,0,0,0,0,0,0,0,0,0,0,0,0,0,0,0,0,0.075,0,0,0.0641,0,0,0,0,0,0,0,0,0,0,0,0,0,0,0.0137,0,0,0,0.0417,0,0,0,0,0,0,0,0,0.0175,0,0,0,0,0,0,0,0,0,0,0,0,0,0,0.0323,0,0,0,0.025,0,0,0,0.0169,0.0597,0.0306,0.0526,0.7317,0.3766,0.4815,0.8261,0.6566,0,0.6491,0.75
rhlE,MOB_823528_823530_IS150_1,sv,823528,0,0,0,0,0,0,0,0,0,0,0,0,0,0,0,0,0,0,0,0,0,0,0,0,0,0,0,0,0,0,0,0,0,0,0,0,0,0,0,0,0,0,0,0,0,0,0,0,0,0,0,0,0,0,0,0,0,0,0,0,0,0,0,0.0084,0.0466,0,0.0101,0.0581,0.1722,0.1806,0.0714,0.0156,0.0278,0,0,0,0,0,0,0,0,0,0,0,0,0,0,0,0,0,0,0,0,0,0,0,0,0,0,0,0,0,0,0,0,0,0,0,0,0,0,0,0,0,0,0,0
ybiX,MOB_831855_831860_IS186_-1,sv,831855,0,0,0,0,0,0,0,0,0,0,0,0,0,0,0,0,0,0.0282,0.0116,0,0,0,0,0,0,0,0,0,0.0233,0,0,0,0,0,0,0,0,0.1111,0,0,0,0.0221,0.0994,0.2324,0.1948,0.1842,0.0081,0.0339,0,0,0,0,0,0.0196,0,0.0065,0,0,0.0175,0.0111,0,0.0073,0,0,0.0098,0,0.0122,0,0.0116,0,0,0,0.0147,0.0139,0,0,0,0,0,0,0,0,0,0,0,0.012,0.0204,0,0,0.0263,0.0167,0,0,0,0.0078,0,0,0.0233,0,0,0,0,0,0,0,0.0184,0.0233,0,0.0119,0,0,0,0.0047,0,0,0,0
ybiL,MOB_833344_833346_IS150_1,sv,833344,0,0,0,0,0,0,0.0278,0,0,0,0,0,0,0,0,0,0,0,0.0102,0,0,0,0,0,0,0,0,0,0.0114,0,0,0,0,0,0.0143,0,0,0,0,0.0102,0,0,0,0,0,0,0,0,0,0,0,0,0,0,0.0145,0,0.0189,0.0824,0.0164,0.0306,0.0833,0.1624,0.1294,0.0426,0.0579,0,0,0,0,0,0,0,0,0,0,0,0,0,0,0,0,0,0,0,0,0,0,0,0,0,0,0,0.0105,0,0,0,0,0,0,0,0,0,0,0,0,0,0,0,0,0,0,0,0,0,0,0,0
ybiO,indel;-2;-1;+T,indel,837967,0.0089,0.0192,0.0323,0,0,0,0,0.027,0.0299,0,0,0,0,0,0,0,0.0227,0,0.0145,0,0,0,0.05,0,0.0323,0,0,0,0,0,0.0323,0,0.0317,0.0167,0.0156,0,0,0,0,0.0182,0,0,0.0089,0,0.0476,0.0217,0,0.0345,0.027,0.037,0.0294,0.0303,0,0.0175,0.0244,0,0.0154,0,0.0278,0.0286,0,0,0.0222,0.0282,0,0,0,0,0,0.0108,0,0,0.0345,0,0,0.0185,0,0,0,0,0,0.0476,0.0149,0.0208,0,0.1549,0.1818,0.1667,0.2,0.1644,0.1098,0.0217,0.0526,0,0.0145,0,0,0.0455,0,0.023,0.0116,0.0206,0,0,0,0,0,0.0377,0,0.0286,0,0,0,0.0098,0,0.0156,0
ybiW,MOB_853758_853760_IS150_-1,sv,853758,0,0,0,0,0,0,0,0,0,0,0,0,0,0,0,0,0,0,0,0,0,0,0,0,0,0,0,0,0,0,0,0,0,0,0,0,0,0,0,0,0,0,0,0,0,0,0,0,0,0,0,0,0,0,0,0,0,0,0,0,0,0,0,0,0,0,0,0,0,0,0,0,0,0,0.0217,0,0.0364,0.0682,0.044,0.1176,0.1364,0.1277,0,0,0.1463,0.0312,0.0652,0.1414,0.1982,0.0634,0.0727,0,0,0,0,0,0,0,0,0,0,0,0,0,0,0,0,0,0,0,0,0,0,0,0,0,0
ybiW,junction_853812_1_IS150_end,sv,853812,0,0,0,0,0,0,0,0,0,0,0,0,0,0,0,0,0,0,0,0,0,0,0,0,0,0,0,0,0,0,0,0,0,0,0,0,0,0,0,0,0,0,0,0,0,0,0,0,0,0,0,0,0,0,0,0,0,0,0,0,0,0,0,0,0,0,0,0,0,0,0,0,0,0,0,0,0,0,0,0,0,0,0,0.0435,0.0357,0.0333,0.2,0.3077,0.2923,0.1867,0.2333,0,0,0,0,0,0,0,0,0,0,0,0,0,0,0,0,0,0,0,0,0,0,0,0,0,0
yliA,C->T,missense,860324,0,0,0,0,0,0,0,0,0,0,0,0,0,0,0.0357,0,0,0,0,0.0093,0,0,0.0127,0,0,0,0,0,0,0,0.0667,0.0875,0.1867,0.0972,0.1209,0.0714,0.0965,0.3571,0.2174,0.1,0.1157,0.1329,0.0763,0.0756,0.0462,0.2267,0.1268,0.1064,0.0488,0,0,0,0.0455,0,0.0094,0,0,0,0,0,0,0,0,0,0,0,0,0,0,0,0,0,0,0,0,0,0,0,0,0,0,0,0,0,0,0,0,0,0,0,0,0,0,0,0.0118,0,0,0,0.0104,0,0,0,0,0,0,0,0,0,0,0,0,0,0,0,0,0,0
deoR,G->C,missense,875094,0,0,0,0,0,0,0,0,0,0,0,0,0,0,0,0,0,0,0,0,0,0,0,0,0,0,0,0,0,0,0,0,0,0,0,0,0,0,0,0.0139,0,0,0,0,0,0,0,0,0,0,0,0.0909,0.303,0.3696,0.3148,0.4127,0.4118,0.2778,0.3673,0.6047,0.2273,0.2857,0.175,0.0448,0.0633,0.375,0.1406,0.3125,0.4583,0.4286,0.3846,0.375,0.44,0.2812,0.3529,0.2535,0.2286,0.1765,0.0169,0.1183,0.0656,0.0488,0.0588,0,0.1111,0.0563,0.2857,0.0889,0.0396,0.25,0.5902,0.8868,0.6825,0.4576,0.7797,0.9074,0.973,0.8857,0.9091,0.9592,1,1,1,1,1,1,1,1,1,1,1,0.973,1,1,1,1,1
hcp,MOB_929574_929576_IS150_-1,sv,929574,0,0,0,0,0,0,0,0,0,0,0,0,0,0,0,0,0,0,0,0,0,0,0,0,0,0,0,0,0,0,0,0.0088,0.0364,0.0533,0.0102,0.0303,0.0069,0.0417,0,0,0,0,0,0.0057,0,0,0,0,0.0175,0,0,0,0,0,0.0896,0,0,0,0,0,0,0,0,0.0278,0.015,0.10780000000000001,0.1296,0.2778,0.4365,0.5628,0.2056,0.5116,0.5442,0.4021,0.4588,0.3418,0.2125,0.1923,0.1168,0.1042,0.2613,0.0476,0.0698,0.0235,0.0242,0.1182,0.3187,0.1693,0.042,0.3784,0.7059,0.9429,0.8319,0.5646,0.7603,0.9587,1,0.9435,0.8817,0.991,1,1,1,1,1,1,1,1,1,1,1,1,1,1,1,1,1
infA,A->C,noncoding,943554,0,0,0.0476,0.0071,0,0.0075,0,0,0,0,0,0,0,0.0204,0,0.0476,0.0172,0,0,0,0,0,0,0,0,0.0123,0,0,0,0,0,0,0.0119,0,0,0,0,0,0.0095,0,0,0,0,0,0,0,0,0,0,0,0,0.0096,0,0,0.0481,0,0,0,0,0,0,0.0106,0,0,0.007,0,0,0,0,0,0,0,0,0,0,0,0,0,0,0,0.0182,0.0093,0,0,0,0,0.0316,0.0611,0.0787,0.3298,0.6983,0.8866,0.7126,0.4706,0.7308,0.9646,0.9667,0.9612,0.901,0.9771,0.9916,1,1,1,1,1,1,1,1,1,1,1,0.9944,0.9939,1,1,1
intergenic,T->C,noncoding,948127,0,0,0,0,0.0238,0,0,0,0,0,0,0,0,0,0,0,0.0417,0,0,0,0,0,0,0,0,0.0087,0,0,0,0,0,0,0,0,0,0,0,0,0,0,0,0,0,0,0,0.0161,0,0,0,0,0,0,0,0,0,0,0,0,0,0,0,0,0,0,0,0,0.0141,0.0161,0.0167,0.0306,0,0.1356,0.0769,0.04,0,0,0,0,0,0,0,0,0,0,0.0122,0,0,0,0,0,0,0,0,0,0,0,0,0,0,0,0,0,0,0,0,0,0,0,0,0,0,0,0,0,0,0,0
ftsK,T->G,noncoding,950280,0,0,0,0.0083,0,0,0,0,0,0,0,0,0,0,0,0,0,0,0,0,0,0,0,0,0.0071,0,0,0,0,0,0,0,0,0,0,0,0,0,0,0,0,0,0,0,0,0,0,0,0,0,0.0112,0,0,0,0.019,0,0,0,0,0,0,0.0069,0,0,0,0,0,0,0,0,0,0,0.0088,0.0089,0,0.0074,0,0,0,0,0,0,0,0.0137,0,0,0,0,0,0,0,0,0.0092,0.0073,0.094,0.1585,0.1262,0.0451,0.7526,0.9753,0.9906,0.9868,0.973,1,1,0.993,1,1,0.9949,1,0.9932,1,0.9948,0.995,1,1,1
ftsK,C->T,missense,950808,0.0092,0,0,0,0,0,0,0,0,0,0,0,0,0,0,0,0,0,0,0,0,0,0,0,0,0,0,0,0.0217,0,0.1064,0.1224,0.1528,0.1053,0.1493,0.1379,0.0806,0.1,0,0,0,0,0,0,0,0.0106,0,0,0,0,0,0,0,0,0,0,0,0.0105,0,0,0,0,0,0,0,0,0,0,0,0,0.0152,0.0099,0.0108,0.0114,0,0,0,0,0,0,0,0,0,0,0,0,0,0,0,0,0,0,0,0.0104,0.0348,0,0,0,0,0,0,0,0,0,0,0,0,0,0,0,0,0,0,0.0064,0,0,0
intergenic,G->A,noncoding,962002,0,0,0,0,0,0.0084,0,0,0,0,0,0,0,0,0,0,0,0,0,0,0,0,0,0,0,0,0,0,0,0,0,0,0,0,0,0,0,0,0,0,0,0,0,0,0,0,0,0,0,0,0,0,0,0,0.1148,0,0,0,0,0,0,0,0,0,0,0,0,0,0,0,0,0,0,0,0,0,0,0,0,0,0,0,0,0,0,0,0.2115,0.1154,0.0603,0.188,0.65,0.831,0.7925,0.5571,0.7778,0.9483,0.9592,0.9167,0.9024,0.9818,0.9929,1,1,1,0.9725,0.9902,0.99,1,0.9924,1,1,1,0.9928,1,1,1,1
intergenic,MOB_962005_962010_IS186_1,sv,962005,0,0,0,0,0,0,0,0.025,0,0,0,0,0,0,0,0,0,0,0,0,0,0,0,0.0476,0,0,0,0,0.0108,0,0.0192,0,0.0076,0,0,0,0,0,0.0208,0.0301,0.0291,0.0994,0.0115,0.0056,0.037,0.1111,0.1566,0.1163,0.1842,0.1207,0.2429,0.2828,0.3462,0.1485,0.1557,0.1538,0.1544,0.1721,0.1842,0.2254,0.3629,0.3913,0.6699,0.4808,0.6351,0.5896,0.5342,0.3841,0.2831,0.2393,0.1927,0.3131,0.3619,0.3462,0.5093,0.4551,0.6463,0.5873,0.4259,0.5283,0.6015,0.8726,0.1176,0.2527,0.7101,0.8462,0.7051,0.8958,0.901,0.6798,0.3211,0,0,0,0,0,0.0114,0,0,0,0,0,0,0,0,0,0,0,0,0,0,0,0,0,0,0,0
pflB,MOB_969836_969838_IS150_-1,sv,969836,0,0,0,0,0,0,0,0,0,0,,0.0837,0,0,0.0223,0,0.0168,0,0,0,0,0,0,0,0.0152,0.0033,0.009,0.0365,0.0203,0.0332,0.0157,0.0104,0.0354,0.0926,0.0863,0.1624,0.3819,0.4747,0.77,0.9164,0.8029,0.7399,0.8675,0.923,0.889,0.709,0.8872,0.8531,0.935,1,1,0.9693,1,1,1,0.9761,1,1,1,1,1,1,1,1,1,1,1,1,1,1,0.9866,1,1,1,1,1,1,1,1,1,1,1,1,1,1,1,1,1,1,1,0.9399,1,1,1,1,1,1,1,1,1,1,1,1,1,1,1,1,0.9924,1,1,1,1,1,1,1,1,1
ycaI,C->T,missense,982592,0,0,0,0,0,0,0,0,0,0,0,0,0,0,0,0,0,0,0,0,0,0,0,0,0,0,0,0,0,0,0,0,0,0,0,0,0,0,0,0,0,0,0,0,0,0,0,0,0,0,0,0,0,0,0,0,0,0,0,0.0103,0,0,0,0,0,0,0,0,0.1194,0.1538,0.0806,0,0,0,0,0,0,0,0,0,0,0,0,0,0,0,0,0,0,0,0,0,0,0.0098,0.0135,0,0,0,0,0,0,0,0,0,0,0,0,0,0,0,0,0,0,0,0,0,0
pncB,A->T,missense,1006247,0,0,0,0.0116,0,0,0,0,0,0,0,0,0,0,0,0,0,0.027,0,0,0,0,0,0,0,0,0,0,0,0,0,0,0,0,0,0,0,0,0,0,0,0,0,0,0,0,0,0,0.025,0,0,0,0,0,0,0,0,0,0,0,0,0,0.0357,0.0377,0.0317,0.1333,0,0,0,0,0,0,0.04,0,0,0,0,0,0,0,0,0,0,0,0,0,0,0,0,0,0,0,0,0,0,0,0,0,0,0,0,0,0,0,0,0,0,0,0,0,0,0,0,0,0,0,0
ssuC,MOB_1011667_1011677_IS150_-1,sv,1011667,0,0,0,0,0,0,0,0,0,0,,0,0,0,0,0,0,0,0,0,0,0,0,0,0,0,0,0.0325,0,0,0,0,0,0,0,0,0.0295,0,0,0,0,0,0,0,0,0,0,0,0,0,0,0,0,0,0,0,0,0,0.0249,0,0,0.0499,0.0183,0,0,0,0,0.0128,0.1663,0.2275,0.194,0.298,0.2726,0.2414,0.5003,0.3281,0.4283,0.6672,0.3292,0.658,0.7294,0.9397,0.1234,0.3444,0.7885,0.788,0.786,0.9086,0.9444,0.6767,0.3013,0,0,0,0,0,0,0,0,0,0,0,0,0,0,0,0.0127,0,0,0,0,0,0,0.0218,0,0,0
ymcA,MOB_1064557_1064559_IS150_1,sv,1064557,0,0,0,0,0,0,0,0,0,0,0,0,0,0,0,0,0,0,0,0,0,0,0,0,0,0,0,0,0,0,0,0,0,0,0,0,0,0,0,0,0,0,0,0.0121,0,0,0,0,0,0,0,0,0,0,0,0,0,0.0229,0,0,0,0.0079,0.0095,0.0452,0.1301,0,0,0.0317,0.05,0.0844,0.4361,0.16,0.0957,0.3819,0.1556,0.3931,0.4394,0.1607,0.6738,0.4737,0.312,0.1712,0.9045,0.6837,0.2803,0.075,0,0.0405,0.011,0.05,0,0.1667,0.3738,0.4333,0.3611,0.0155,0.0235,0.1121,0.0822,0.0098,0,0,0,0,0,0,0,0,0,0,0,0,0,0,0,0,0
torT,MOB_1073045_1073047_IS150_1,sv,1073045,0,0,0,0,0,0,0,0,0,0,0,0,0,0,0,0,0,0,0,0,0,0,0,0,0,0,0,0,0,0,0,0,0,0,0,0,0,0,0,0,0,0,0,0,0,0,0.1089,0.1225,0.1193,0.151,0.1562,0.1957,0.1278,0.0321,0.0352,0,0,0,0,0,0,0,0,0,0,0.0233,0,0.0064,0,0,0,0,0,0,0,0,0,0,0,0,0,0,0,0,0,0,0,0,0,0,0,0,0,0,0,0,0,0,0,0,0,0,0,0,0,0,0,0,0,0,0,0,0,0,0,0,0
phoH,MOB_1101262_1101264_IS150_1,sv,1101262,0,0,0,0,0,0.2513,0.1429,0.2326,0.1509,0,0,0,0,0,0,0,0,0,0,0,0,0,0,0,0,0,0,0,0,0,0,0,0,0,0,0,0,0,0,0,0,0,0,0,0,0,0,0,0,0,0,0,0,0,0,0,0,0,0,0,0,0,0,0,0,0,0,0,0,0,0,0,0,0,0,0,0,0,0,0,0,0,0,0,0,0,0,0,0,0,0,0,0,0,0,0,0,0,0,0,0,0,0,0,0,0,0,0,0,0,0,0,0,0,0,0,0
phoH,MOB_1101309_1101311_IS150_-1,sv,1101309,0,0,0,0,0,0,0.2289,0.2308,0.0634,0.0541,0,0.0588,0,0,0,0,0,0,0,0,0,0,0,0,0,0,0,0,0,0,0,0,0,0,0,0,0,0,0,0,0,0.0055,0.0068,0,0,0,0,0,0,0,0,0,0,0,0,0,0,0,0,0,0,0,0,0,0,0,0,0,0,0,0,0,0,0,0,0,0,0,0,0,0,0,0,0,0,0,0,0,0,0,0,0,0,0,0,0,0,0,0,0,0,0,0,0,0,0,0,0,0,0,0,0,0,0,0,0,0
phoH,MOB_1101969_1101971_IS150_-1,sv,1101969,0,0,0,0,0,0.1638,0.3331,0.1031,0.0896,0,0,0,0,0,0,0,0,0,0,0,0,0,0,0,0,0,0,0.0224,0,0,0,0,0,0,0,0,0,0,0,0,0,0,0,0,0,0,0,0,0,0,0,0,0,0,0,0,0,0,0,0,0,0,0,0,0,0,0,0,0,0,0,0,0,0,0,0,0,0,0,0,0,0,0,0,0,0,0,0,0,0,0,0,0,0,0,0,0,0,0,0,0,0,0,0,0,0,0,0,0,0,0,0,0,0,0,0,0
phoH,MOB_1102032_1102034_IS150_1,sv,1102032,0,0,0,0,0,0.0121,0.2577,0.1352,0.7144,0.9255,1,0.8835,1,1,1,1,0.887,0.9639,0.8676,1,1,1,1,1,0.9949,1,1,1,1,1,1,0.9855,1,1,1,1,1,1,1,1,1,1,1,1,0.9885,1,1,1,0.9945,1,1,0.9919,1,1,1,1,1,1,1,0.9998,1,0.9998,0.9996,1,1,1,1,1,1,1,1.0001,1,0.9921,0.9957,1,0.9943,1,1,1,0.9999,1,0.9999,1,0.9998,1,0.9914,0.9902,1,1,1,0.9887,1,1,0.9958,1,1,1,1,1,1,1,1,0.9721,1,1,1,1,1,1,1,1,1,1,1,1,1,1
phoH,indel;-1;-2,indel,1102034,0,0,0,0,0,0,0,0,0,0.05,0,0,0,0,0,0,0.0377,0.0185,0,0,0,0,0,0,0.0435,0,0,0,0,0,0.026,0.0192,0,0,0.0164,0.0571,0.0411,0,0,0.0152,0,0.0109,0,0,0.0185,0,0.027,0,0.0263,0,0.0175,0.0189,0,0.0909,0.1228,0.1154,0.1875,0.1833,0,0.0946,0.0843,0.1429,0.1273,0.2,0.175,0.1346,0.1935,0.2931,0.274,0.1919,0.3492,0.2222,0.037,0.2468,0.191,0.1974,0.2051,0.2593,0,0.1959,0.2637,0.1414,0,0,0.2429,0.037,0,0.0333,0,0.0581,0,0.129,0.3043,0,0.2088,0,0.04,0.04,0,0.0135,0,0,0,0,0.0154,0,0,0,0,0,0,0,0.013,0,0,0,0
intergenic,C->T,noncoding,1102361,0,0.013,0,0,0,0,0.1163,0.0714,0.0127,0,0,0,0,0,0,0,0,0,0,0,0,0,0,0,0,0.0078,0,0,0,0,0,0,0,0,0,0,0,0,0,0,0,0,0,0,0,0,0,0,0,0,0.0364,0,0,0,0.0092,0,0,0,0,0,0,0,0,0,0,0,0,0.0123,0,0.0092,0,0,0,0,0,0,0,0,0,0,0,0,0,0,0,0,0,0,0,0,0,0,0,0,0,0,0,0,0,0,0,0,0,0,0.0102,0,0,0,0,0,0,0,0,0,0,0,0
csgC,MOB_1119532_1119534_IS150_1,sv,1119532,0,0,0,0,0,0,0,0,0,0,0,0,0,0,0,0,0,0,0,0,0,0,0,0,0,0,0,0.0373,0.087,0.0722,0.1345,0.0755,0.0577,0.1349,0.3235,0.2388,0.2112,0.1538,0,0,0,0,0,0,0,0,0,0,0,0,0,0,0,0,0,0,0,0,0,0,0,0,0,0,0,0,0,0,0,0,0,0,0,0,0,0,0,0,0,0,0,0,0,0,0,0,0,0,0,0,0,0,0,0,0,0,0,0,0,0,0,0,0,0,0,0,0,0,0,0,0,0,0,0,0,0,0
mdoH,G->T,missense,1127388,0,0,0,0,0,0,0,0,0,0,0.0833,0,0,0,0,0,0,0,0,0,0,0,0,0,0,0,0,0,0,0,0,0,0.0106,0,0,0,0,0,0.0149,0,0,0,0,0,0.0156,0,0,0,0,0,0,0.0145,0,0,0.0154,0,0,0,0,0,0,0,0,0,0,0,0,0,0,0,0.0115,0,0.0159,0,0,0.0111,0,0,0,0,0,0,0.0125,0,0.0139,0.0132,0,0,0,0,0,0,0,0,0.0094,0,0,0,0,0,0.0084,0,0,0,0.1132,0.3457,0.4578,0.6589,0.6094,0.8687,0.75,0.8974,0.8909,0.7348,0.5,0.7975,0.5625
yceK,MOB_1128109_1128121_IS4_-1,sv,1128109,0,0,0,0,0,0,0,0,0,0,0,0,0,0,0,0,0,0,0,0,0,0,0,0,0,0,0,0.0334,0.055,0.0113,0.0858,0.1098,0.1572,0.0379,0.0534,0.1883,0.1158,0.0957,0.0102,0,0,0,0,0,0,0,0,0,0,0,0,0,0,0,0,0,0,0,0,0,0,0,0,0,0,0,0,0,0,0,0,0,0,0,0,0,0,0,0,0.0073,0,0,0,0,0,0,0,0,0,0,0.0284,0,0.0072,0,0,0,0,0,0,0,0,0,0,0,0,0,0,0,0,0,0,0,0,0,0,0,0
dinI,MOB_1136030_1136032_IS150_1,sv,1136030,0,0,0,0.0182,0,0.0063,0,0,0.1239,0.0647,0,0,0,0,0,0,0,0.0084,0.0141,0.0098,0.0266,0,0,0,0.024,0.0093,0.0197,0.0213,0.0302,0.0325,0,0.0106,0.008,0.0083,0.0694,0,0.0341,0,0,0,0.0282,0.0092,0.0161,0.0844,0.0444,0.0167,0.0154,0.0155,0,0.037,0.0563,0,0.0163,0.0144,0.047,0.0139,0.0178,0.0457,0.059,0.0946,0.0609,0.0753,0.0542,0.0709,0.0563,0,0.0518,0,0,0.0229,0.0095,0.0207,0.0172,0,0.0139,0.0128,0.0203,0,0.0119,0.0271,0.0435,0.066,0.0154,0,0.0692,0.0938,0.1806,0.2471,0.3678,0.2017,0.0713,0,0.0175,0,0,0,0.0189,0,0,0.0064,0,0,0,0,0,0.0052,0.0068,0,0.0033,0,0,0,0,0.0076,0,0,0
fabD,C->A,missense,1164946,0,0,0,0,0,0,0,0,0,0,0,0,0,0,0,0,0,0,0,0,0,0,0,0,0,0,0,0,0,0,0,0,0,0,0,0,0,0,0,0,0,0,0,0,0,0,0,0,0,0,0,0,0,0,0,0,0,0,0,0,0,0,0,0,0,0,0,0,0,0,0,0,0,0,0,0,0,0,0,0,0.0119,0,0.0123,0.0145,0.0794,0.029,0.1154,0.234,0.3721,0.1282,0.1039,0,0,0,0,0,0,0,0,0,0,0,0,0,0,0,0,0,0.0167,0,0,0,0,0,0,0,0
acpP,T->C,noncoding,1166129,0,0,0.0323,0.0962,1,0.9921,0.9032,0.8947,0.9872,1,1,1,1,1,1,1,0.9302,0.9524,0.9398,1,1,1,1,1,0.9868,0.9933,1,1,1,1,1,1,1,1,1,1,1,1,1,1,1,1,1,1,1,1,0.9821,1,1,1,1,0.9861,1,1,1,1,1,1,1,1,1,1,1,0.9798,1,1,1,1,1,1,1,1,1,1,0.9886,1,1,1,1,0.9912,1,1,0.9912,1,0.9865,1,1,1,1,1,1,1,0.988,0.9885,1,1,1,0.9667,1,0.9932,1,1,1,1,0.9908,1,0.9889,1,1,0.9907,0.9894,1,1,1,1,1,1
potD,C->A,synonymous,1198086,0,0,0,0,0,0.0061,0,0.0182,0,0,0,0,0,0,0,0,0,0,0,0,0,0,0,0,0,0,0,0,0,0,0,0,0,0,0,0,0,0,0.0645,0.0238,0.2261,0.2113,0.0746,0.0625,0.0185,0.2,0.0658,0.0526,0.093,0,0.0159,0.0274,0,0.0154,0.0114,0.012,0.0087,0.012,0,0,0,0,0,0,0,0,0,0,0,0,0,0,0,0,0,0,0,0,0,0.0093,0.0096,0,0,0.0156,0,0,0,0,0,0,0,0,0,0,0,0,0,0,0,0,0.0078,0,0,0,0,0,0,0,0.0086,0,0,0,0,0,0,0,0
ycfC,T->G,missense,1207861,0,0,0,0.0137,0,0.0101,0,0,0,0,0,0.4615,0.6207,0.8929,1,1,0.8769,0.8571,0.9474,1,0.9756,0.9655,1,1,1,1,0.9714,1,1,1,1,1,1,1,1,1,1,1,1,1,1,1,1,1,1,1,1,1,1,1,1,1,1,1,1,1,1,1,1,1,1,1,1,1,1,1,0.9762,1,1,1,1,1,1,1,0.9661,0.9867,1,1,1,1,1,1,1,1,0.9857,1,0.96,1,1,1,0.9773,1,1,0.9868,1,1,1,1,1,0.9914,1,1,1,1,1,1,1,0.9891,1,0.9894,1,1,0.9918,1,1,1,1
ycgG,MOB_1218697_1218699_IS150_-1,sv,1218697,0,0,0,0,0,0,0,0,0,0,0,0,0,0,0,0,0,0,0,0,0,0,0,0,0,0,0,0,0,0,0,0,0,0,0,0,0,0,0,0,0,0,0,0,0,0,0,0.1613,0.1781,0.0189,0.0333,0.0933,0.3793,0.3803,0.5,0.537,0.4663,0.3303,0.6125,0.5164,0.432,0.1871,0.1519,0.1963,0.0964,0.2857,0.1967,0.5244,0.3846,0.4473,0.2857,0.5652,0.549,0.3235,0.3824,0.4297,0.1928,0.2188,0.1057,0.123,0.1224,0.02,0.064,0.0139,0.0504,0.1007,0.3371,0.1377,0.0756,0.3412,0.8978,0.912,0.8393,0.589,0.8084,0.9823,1,0.9706,0.971,1,1,1,1,1,1,1,1,1,1,1,1,1,1,1,0.7778,1,1
intergenic,T->G,noncoding,1221930,0,0,0,0.0096,0,0,0,0,0,0,0,0,0.027,0,0,0,0,0,0,0,0,0,0,0,0,0.0063,0,0,0,0,0,0,0,0,0,0,0,0,0,0,0,0,0,0,0,0,0.0161,0,0,0.0952,0.0385,0.0909,0.04,0.0333,0.0909,0.099,0.2051,0.2,0.1786,0.2375,0.137,0.1895,0.1852,0.3226,0.1724,0.0897,0.2299,0.2921,0.3444,0.1852,0.3973,0.1184,0.0727,0.4186,0.2368,0.2119,0.2941,0.4062,0.6136,0.4048,0.2558,0.0741,0.9114,0.7368,0.3333,0.0658,0,0.0325,0.0087,0.0342,0,0.087,0.2143,0.4943,0.2346,0.0541,0.0656,0.0566,0.0161,0.0278,0,0.0088,0,0,0,0,0.0093,0,0.0081,0,0,0,0,0,0,0,0
ycgK,MOB_1227429_1227437_IS1_-1,sv,1227429,0,0,0,0,0,0,0,0,0,0,0,0,0,0,0,0,0,0,0,0,0,0,0,0,0,0,0,0,0,0,0,0,0,0,0,0,0,0,0,0,0,0,0,0,0,0,0,0,0,0,0,0,0,0,0,0,0,0,0,0,0,0,0,0,0,0,0,0,0,0,0,0,0,0,0,0,0,0,0,0,0,0,0,0.0076,0.0657,0.0052,0.12,0.152,0.2977,0.1239,0.087,0,0,0,0,0,0,0,0,0,0,0,0,0,0,0,0,0,0,0,0,0,0,0,0,0,0
prfA,T->C,missense,1266230,0,0,0,0,0,0,0,0.0244,0,0,0,0,0,0,0,0,0,0,0.1519,0.0444,0,0,0,0,0,0,0,0,0,0,0,0,0,0,0,0,0,0,0,0,0,0,0,0,0,0,0,0,0,0,0,0,0,0,0,0,0,0,0,0,0,0,0,0,0,0,0.0164,0,0,0,0,0,0,0,0,0,0,0,0.0333,0,0,0,0,0,0,0,0,0,0,0,0,0,0,0.0127,0,0,0.0172,0,0,0,0,0,0,0,0.0213,0,0,0,0,0,0,0,0,0,0,0,0
narX,junction_1276698_1_IS150_start,sv,1276698,0,0,0,0,0,0,0,0,0,0,0,0,0,0,0,0,0,0,0,0,0,0,0,0,0,0,0,0,0,0,0,0,0,0,0,0,0,0,0,0,0,0,0.0063,0,0,0,0,0,0,0,0,0,0,0,0,0,0,0,0,0,0,0,0,0,0,0,0,0,0,0,0,0.0533,0.3333,0.2247,0.23,0.3021,0.2807,0.3611,0.3394,0.5732,0.679,0.8778,0.0349,0.2985,0.6094,0.8364,0.7532,0.7703,0.9565,0.6587,0.1374,0,0,0,0,0,0,0,0,0,0,0,0,0,0,0,0,0,0,0,0,0,0,0,0,0,0
intergenic,T->C,noncoding,1277939,0,0,0.0169,0,0,0,0,0,0,0,0,0,0,0,0,0,0,0,0,0,0,0,0,0,0,0,0,0,0,0,0,0,0,0,0,0,0,0,0,0,0,0,0,0,0,0,0,0,0,0,0,0,0,0,0,0,0,0,0,0,0,0,0,0,0,0,0,0,0,0,0,0,0,0,0,0,0,0,0.304,0.2931,0.1709,0.0841,0.8473,0.7073,0.3168,0.0521,0,0.0507,0.0064,0.0411,0,0.0968,0.3596,0.3605,0.169,0.0225,0.0597,0.1556,0.0847,0.0309,0,0,0,0,0,0,0,0,0,0,0,0,0,0.0068,0,0,0
cls,MOB_1306035_1306037_IS150_-1,sv,1306035,0,0,0,0,0,0.0062,0.2093,0.2373,0.0902,0.0588,0,0,0,0,0,0,0,0,0,0,0,0,0,0,0,0,0,0,0,0,0,0,0,0,0,0,0,0,0,0,0,0,0,0,0,0,0,0,0,0,0,0,0,0,0,0,0,0,0,0,0,0,0,0,0,0,0,0,0,0,0,0,0,0,0,0,0,0,0,0,0,0,0,0,0,0,0,0,0,0,0,0,0,0,0,0,0,0,0,0,0,0,0,0,0,0,0,0,0,0,0,0,0,0,0,0,0
cysB,C->T,missense,1333191,0,0.0105,0,0.0055,0,0,0,0,0,0,0,0,0,0,0,0,0,0,0,0,0,0,0.0137,0,0,0.0048,0,0.0196,0,0,0,0,0,0,0.0192,0,0,0,0,0.0111,0.0055,0.084,0.0667,0.0791,0.0392,0.0704,0.1111,0.0213,0.0353,0,0,0,0,0,0,0.0066,0.0099,0,0,0.0101,0,0,0,0,0,0,0,0,0,0,0,0,0,0,0,0,0,0,0.0067,0,0.0065,0,0,0.0093,0,0,0,0,0.0067,0,0,0,0.0112,0,0.0062,0.0075,0,0.0093,0,0,0,0,0,0,0,0,0,0,0.0049,0,0,0,0,0.0178,0,0,0
yciR,G->A,synonymous,1343489,0,0,0,0,0,0,0,0,0,0,0,0,0.0294,0,0,0,0,0,0,0,0,0,0,0,0,0,0,0,0,0,0,0,0.0159,0,0,0,0,0,0,0,0,0,0,0,0,0,0,0,0,0,0,0,0,0,0.0602,0,0,0,0,0,0,0,0,0,0,0,0,0,0,0,0,0,0,0.0125,0.0494,0.10780000000000001,0.0385,0.0769,0.0143,0.0388,0.0789,0.0263,0.0737,0,0.0575,0.0625,0.3158,0.1613,0.0177,0.2644,0.7471,0.8974,0.7531,0.6333,0.8235,0.9231,0.9344,0.9403,0.9298,0.9514,1,1,1,1,0.9908,1,1,1,1,1,1,1,1,1,1,1,1
intergenic,MOB_1349566_1349572_IS186_1,sv,1349566,0,0.0171,0,0,0,0,0,0,0.0063,0,0,0,0,0,0,0,0,0.0077,0,0,0,0,0.0138,0.0118,0.0125,0.0421,0.1068,0.1053,0.1548,0.1092,0.1071,0.1623,0.2653,0.2604,0.1591,0.3067,0.2133,0,0.2342,0.092,0.2385,0.2203,0.1268,0.0738,0.1039,0.1491,0.1079,0.086,0.1364,0,0,0.0053,0,0,0,0.0144,0,0,0.0076,0,0,0,0,0.0057,0.0052,0.0064,0,0.0105,0,0,0,0,0,0,0.008,0,0,0,0,0,0,0,0,0,0,0,0.0113,0,0.0032,0,0,0,0,0,0,0,0,0,0,0,0.0089,0,0,0,0,0,0,0,0,0,0,0,0,0,0,0,0
sapA,junction_1353846_-1_IS150_end,sv,1353846,0,0,0,0,0,0,0,0,0,0,0,0,0,0,0,0,0,0,0,0,0,0,0,0,0,0,0,0,0,0,0,0,0,0,0,0,0,0,0,0,0,0,0,0,0,0,0,0,0,0,0,0,0,0,0,0,0,0,0,0.0755,0.1667,0.25,0.4423,0.4186,0.268,0.1833,0.3625,0.3429,0.0864,0.0488,0.0154,0.0357,0.0377,0.1765,0.3333,0.1571,0.1591,0.1613,0.0208,0,0,0,0,0,0,0,0,0,0,0,0,0,0,0,0,0,0,0,0,0,0,0,0,0,0,0,0,0,0,0,0,0,0,0,0,0,0
sapA,indel;-30,indel,1354394,0,0,0,0,0,0,0,0,0,0,0,0,0,0,0,0,0,0,0,0,0,0,0,0,0,0,0,0,0,0,0,0,0,0,0,0,0,0,0,0,0,0,0,0,0,0,0,0,0,0,0,0,0,0,0,0,0,0,0,0,0,0,0,0,0,0,0.1538,0.4444,0.0952,0.1333,0.8333,0.56,0.3333,0.8947,0.625,0.8,0.8,0.8,0.9254,0.8,0.6939,0.4545,0.9863,0.9667,0.6977,0.3478,0,0.3333,0,0.3,0,0.1429,0.7391,0.8,0.6486,0.125,0,0.1818,0.2,0.1739,0,0,0,0,0,0,0,0,0,0,0,0,0,0,,0,
sapA,MOB_1354425_1354427_IS150_1,sv,1354425,0,0,0,0,0,0,0,0,0.0121,0,0,0,0,0,0,0,0,0,0,0,0,0,0,0,0,0,0,0,0,0.2505,0.4613,0.4847,0.4318,0.4082,0.3861,0.4406,0.5031,0.6667,0.7749,0.8365,0.7483,0.7651,0.8604,0.8926,0.8463,0.8758,0.8296,0.8955,0.8842,0.9569,0.9746,0.9286,0.9433,0.9346,0.9213,0.9276,0.9257,0.9693,0.9513,0.9299,0.9541,0.9439,0.9426,0.9237,0.9407,0.9245,0.9008,0.9286,0.947,0.9722,0.8879,0.9042,0.9184,0.9107,0.9143,0.888,0.9285,0.7708,0.8641,0.9031,0.9782,0.9487,0.536,0.8012,0.9568,0.9105,0.9264,0.9274,0.9322,0.9176,0.9273,0.9426,0.9235,0.9431,0.9201,0.9085,0.9058,0.8703,0.9015,0.9075,0.9675,0.933,0.911,0.9375,0.9309,0.9757,0.9619,0.9565,0.9395,0.9532,0.9743,0.9479,0.9616,0.9475,0.9103,0.9464,0.9771
sapA,indel;-1;-3;+T,indel,1354427,0,0,0,0,0,0,0,0,0,0,0,0,0,0,0,0,0,0,0,0,0,0,0,0,0,0,0,0,0,0,0,0,0,0,0.0233,0.0435,0.02,0,0,0,0,0.0225,0.0093,0.0128,0,0,0.0435,0.129,0.3023,0.1562,0.0652,0.0816,0,0.0179,0,0.0227,0,0,0,0,0,0,0.0133,0,0,0,0.0215,0.0317,0,0,0,0,0,0,0,0,0,0,0,0,0,0,0,0,0,0,0,0.0256,0.0099,0,0,0,0,0,0.0154,0.0333,0,0,0,0,0,0,0,0,0.0083,0,0,0,0,0,0,0,0,0,0,0,0
sapA,A->C,missense,1355271,0,0,0,0,0,0.0085,0,0,0,0,0,0,0.0204,0,0,0,0,0,0,0,0,0,0,0,0,0,0,0,0,0,0,0,0,0,0,0,0,0,0,0.0101,0,0,0,0,0.0233,0.1053,0.026,0.0556,0.0811,0,0.0345,0.0132,0,0,0,0.0106,0,0,0,0,0,0,0,0,0,0,0,0,0.0323,0,0,0,0,0,0,0,0.0175,0,0,0,0,0,0,0,0,0,0,0,0,0,0,0,0,0,0,0,0,0,0,0,0,0,0,0,0,0,0.0109,0,0,0,0,0,0,0,0,0,0
ycjT,MOB_1376383_1376385_IS150_1,sv,1376383,0,0,0,0,0,0.0077,0,0.0235,0.0147,0,0,0.0645,0,0,0,0,0,0.028,0.008,0.0174,0,0,0.0082,0,0,0.0098,0,0,0,0.0109,0,0.0086,0.0069,0,0,0,0,0,0,0,0,0,0,0.0047,0.012,0,0,0.0145,0,0,0,0,0,0,0.0051,0,0,0.0093,0.0076,0,0.0066,0.0117,0.0085,0,0,0,0,0,0,0.0121,0,0.0473,0.0357,0.1467,0.25,0.1867,0.1429,0.08,0.0252,0,0.0114,0,0,0,0,0.01,0,0.0123,0.0046,0,0,0,0,0,0,0,0,0,0,0,0.0048,0,0,0,0,0,0,0,0,0,0,0,0,0.0043,0,0.0083,0
mppA,junction_1393179_1_IS1_start,sv,1393179,0,0,0,0,0,0,0,0,0,0,0,0,0,0,0.0777,0,0.1363,0.1864,0.0508,0.0238,0,0,0,0,0,0,0,0,0,0,0,0,0,0,0,0,0,0,0,0,0,0,0,0,0,0,0,0,0,0,0,0,0,0,0,0,0,0,0,0,0,0,0,0,0,0,0,0,0,0,0,0,0,0,0,0,0,0,0,0,0,0,0,0,0,0,0,0,0,0,0,0,0,0,0,0,0,0,0,0,0,0,0,0,0,0,0,0,0,0,0,0,0,0,0,0,0
ynaF,MOB_1427203_1427211_IS1_-1,sv,1427203,0,0,0,0,0,0,0,0,0,0,0,0,0,0,0,0,0,0,0,0,0,0,0,0,0,0,0,0,0,0,0,0,0,0,0,0,0,0,0,0,0,0,0,0,0,0,0,0,0,0,0,0,0,0,0,0,0,0,0,0,0.0083,0.0083,0.0396,0.0077,0.007,0,0,0,0.1421,0.2448,0.1643,0.2616,0.3739,0.1775,0.3518,0.2328,0.364,0.3671,0.2039,0.4592,0.7044,0.8637,0.0774,0.2224,0.6811,0.8012,0.581,0.8143,0.8692,0.6702,0.2154,0,0,0,0,0,0,0,0,0,0,0,0,0,0,0,0,0,0,0,0,0,0,0,0,0,0
aldA,MOB_1458658_1458666_IS1_-1,sv,1458658,0,0,0,0,0,0,0,0,0,0,0,0,0,0,0,0,0,0,0,0,0,0,0,0,0,0,0,0,0,0,0,0,0,0,0,0,0,0,0,0,0,0,0,0,0,0,0,0,0,0,0,0,0,0,0,0,0,0,0,0,0,0,0.0176,0.066,0.0121,0.0414,0.1101,0.1004,0.2174,0.1429,0.0483,0.0563,0.0265,0,0,0,0,0,0,0,0,0,0,0,0,0,0,0,0,0,0,0,0,0,0,0,0,0,0,0,0,0,0,0,0,0,0,0,0,0,0,0,0,0,0,0,0
aldA,junction_1458755_-1_IS150_end,sv,1458755,0,0,0,0,0,0,0,0,0,0,0,0,0,0,0,0,0,0,0,0,0,0,0,0,0,0,0,0,0,0,0,0,0,0,0,0,0,0,0,0,0,0,0,0,0,0,0,0,0,0,0,0,0,0.093,0.1471,0.1455,0,0,0,0.0455,0,0.0139,0,0,0,0,0,0,0,0,0,0,0,0,0,0,0,0,0,0,0,0.0455,0,0,0,0,0,0,0,0,0,0,0,0,0,0,0,0,0,0,0,0,0,0,0,0,0,0,0,0,0,0,0,0,0,0,0
intergenic,junction_1461979_1_IS1_end,sv,1461979,0,0,0,0,0,0,0,0,0,0,0,0,0,0,0,0,0,0,0,0,0,0,0,0,0,0,0,0,0,0,0,0,0,0,0,0,0,0,0,0,0,0,0,0,0,0,0,0,0,0,0,0,0,0,0,0,0,0,0,0,0,0,0,0,0,0,0,0,0,0,0,0,0,0,0,0,0,0,0,0,0,0,0,0,0,0,0,0,0,0,0,0,0,0,0,0,0,0,0,0,0,0,0,0,0,0.0106,0.0234,0.0152,0.0275,0.0242,0.0364,0.0811,0.0485,0.0857,0.4,0.1333,0.25
hokB,junction_1462114_-1_1462266_1,sv,1462114,0,0,0,0,0,0,0,0,0,0,0,0,0,0,0,0,0,0,0,0,0,0.1031,0.0826,0,0,0,0,0,0,0,0,0,0,0,0,0,0,0,0,0,0,0,0,0.0077,0,0,0.022,0.0531,0,0,0,0,0,0.022,0,0,0,0,0,0,0,0,0,0,0,0.0101,0,0,0,0,0,0,0,0,0,0,0,0,0,0,0,0,0,0,0,0,0,0,0,0,0,0,0,0,0,0,0,0,0,0,0,0,0,0,0,0,0,0,0,0,0,0,0,0,0,0,0
hokB,MOB_1462266_1462268_IS150_-1,sv,1462266,0.0087,0.0365,0.8256,0.9785,1.0001,1,1,1,0.9999,1,1,1,1,1,1,1,0.8734,0.9634,0.913,0.9923,1,1,1,1,1.0003,1,1,1,0.9603,0.9655,0.9915,0.9802,1,0.9998,1,1,0.9917,1,1,1,0.9999,1,1,1,1.0003,1,1,1,1,1,1,1,0.98740000000000006,1,0.9868,0.9661,0.9786,0.9916,0.9359,0.9312,0.8634,0.8675,0.9335,0.9745,0.9859,0.7845,0.9297,0.9638,0.9578,0.9515,0.9833,0.8479,0.913,0.9147,0.9554,1,1,1,1.0002,0.9997,1.0002,1.0002,1.0003,1.0003,1.0002,1.0001,1,1,1.0002,0.9997,1,0.9996,1.0003,1.0003,1.0003,0.9999,1,0.9997,1,0.9999,1,1,1,1,1,1,1,1,1,1,1,1,1,1,1,1,1
hokB,MOB_1462267_1462268_IS150_-1,sv,1462267,0,0.0128,0,0,0,0,0,0,0,0,,,,0,,0,0,0.0182,0,0.0146,0,,0,0,0,0,0,0,0.0677,0.0559,0.0113,0.0354,0,0,,,0.0146,,0,0,0,0,0,0,0,0,0,0,0,,0,,0.0194,0,0.025,0.0208,0.0209,0.0087,0.1104,0.1163,0.1362,0.1317,0.0654,0.025,0.0133,0.2116,0.0678,0.0348,0.0403,0.0471,0.0302,0.1491,0.087,0.0824,0.0438,0,0,0,0,0,0,0,0,0,0,0,,0,0,0,0,0,0,0,0,0,0,0,0,0,0,0,,0,0,0,0,0,0,0,0,0,0,0,,0,0
intergenic,junction_1462341_1_IS1_end,sv,1462341,0,0,0,0,0,0,0,0,0,0,,0,0,0,0,0,0,0,0,0,0,0,0,0,0,0,0,0,0,0,0,0,0,0,0.087,0,0,0,0,0,0,0,0,0,0,0.0294,0.069,0.2308,0.0833,0,0.0588,0,0,0,0.0357,0,0,0,0,0,0,0,0,0,0,0.0385,0,0,0,0,0,0,0,0,0,0,0,0,0,0,0,0,0,0,0,0,0,0,0,0,0,0,0,0,0,0,0,0,0,0,0,0,0,0,0,0,0,0,0,0.0323,0,0,0,0,0,0,0
trg,junction_1463035_1_IS1_end,sv,1463035,0,0,0,0,0,0,0,0,0,0,0,0,0,0,0,0,0,0,0,0,0,0,0,0,0,0,0,0,0,0,0,0.0267,0.1429,0.098,0.0278,0.1081,0.0267,0,0,0,0,0,0,0,0,0,0,0,0,0,0,0,0,0,0,0,0,0,0,0,0,0,0,0,0,0,0,0,0,0,0,0,0,0,0,0,0,0,0,0,0,0,0,0,0,0,0,0,0,0,0,0,0,0,0,0,0,0,0,0,0,0,0,0,0,0,0,0,0,0,0,0,0,0,0,0,0
trg,junction_1464088_1_IS150_start,sv,1464088,0,0,0,0,0,0,0,0,0,0,0,0,0,0,0,0,0,0,0,0,0,0,0,0,0,0,0,0,0,0,0,0,0,0,0,0,0,0,0,0,0,0,0,0,0,0,0,0,0,0,0,0.0154,0.0303,0.1311,0.0746,0.0444,0.037,0,0,0,0,0,0,0,0,0,0,0,0,0,0,0,0,0,0,0,0,0,0,0,0,0,0,0,0,0,0,0,0,0,0,0,0,0,0,0,0,0,0,0,0,0,0,0,0,0,0,0,0,0,0,0,0,0,0,0,0
ydcS,G->A,missense,1482484,0,0,0,0,0,0,0.1471,0.1724,0.1613,0,0,0,0,0,0.0385,0,0,0,0,0,0,0,0,0,0,0,0,0,0,0,0,0,0.0123,0,0,0,0.0094,0,0,0,0,0,0,0,0,0,0,0,0,0,0,0,0,0,0,0,0,0,0,0,0,0.0102,0,0,0,0,0,0,0.0123,0,0,0,0,0,0,0,0,0,0,0,0,0,0,0,0,0,0,0,0,0,0,0,0,0,0,0.0119,0,0,0,0,0,0.0103,0,0,0,0,0,0,0,0,0,0,0.0078,0,0,0,0
ydcE,junction_1507415_-1_1510126_1,sv,1507415,0,0,0,0,0,0,0,0,0,0,0,0,0,0,0,0,0,0,0,0,0,0,0,0,0,0,0,0,0,0,0,0,0,0,0,0,0,0,0,0,0,0.009,0.0199,0.0153,0.0326,0.0504,0.0435,0.1014,0.0899,0.3607,0.4333,0.3158,0.1905,0.2316,0.1358,0.2099,0.2133,0.3097,0.1667,0.2137,0.1121,0.3596,0.2212,0.2138,0.2,0.1176,0.2188,0.1186,0.2031,0.1858,0.2931,0.1667,0.0397,0.1743,0.0597,0.1081,0.1728,0.1786,0.5556,0.3786,0.1489,0.0448,0.7069,0.5909,0.1583,0.0488,0,0.0612,0.0129,0.0208,0,0.0973,0.1923,0.3,0.1905,0.0292,0,0.023,0.0274,0.0081,0,0,0,0,0,0,0,0,0,0,0,0,0,0,0,0,0
yddH,MOB_1507499_1507507_IS1_-1,sv,1507499,0,0,0,0,0,0,0,0,0,0,0,0,0,0,0,0,0,0,0,0,0,0,0,0,0,0,0,0,0,0,0,0,0,0,0,0,0,0,0,0,0,0,0,0,0,0,0,0,0,0,0,0,0,0,0,0,0,0,0,0,0,0,0,0,0,0,0,0,0,0,0,0,0,0,0,0,0,0,0.0333,0,0,0,0,0,0,0,0,0,0,0,0,0,0,0,0,0,0,0,0,0,0,0,0,0.0669,0.061,0.0643,0.0698,0.0686,0.1094,0.0697,0.09,0.0413,0.0905,0.0673,0,0.117,0
yddH,C->A,nonsense,1507570,0.0076,0,0,0,0,0,0,0,0,0,0,0,0,0,0,0,0,0,0,0,0,0,0,0,0,0,0,0,0,0,0,0,0,0,0,0,0,0,0,0,0,0,0,0,0,0,0,0,0,0,0,0,0,0,0,0,0.02,0,0,0,0.0208,0,0,0,0,0,0,0,0,0,0,0,0,0,0,0,0,0,0.0952,0.1034,0.129,0.0426,0,0,0,0,0,0,0,0,0,0,0,0,0,0,0,0,0,0,0,0,0,0,0,0,0.0156,0,0,0,0,0,0,0,0,0,0
yddH,indel;-5,indel,1507875,0,0,0,0,0,0,0,0,0,0,0,0,0,0,0,0,0,0,0,0,0,0,0,0,0,0,0,0,0,0,0,0.1103,0.1333,0.0465,0.0238,0,0.0328,0,0,0,0,0,0,0,0,0,0,0,0,0,0,0,0,0,0,0,0,0,0,0,0,0,0,0,0,0,0,0,0,0,0,0,0,0,0,0,0,0,0,0,0,0,0,0,0,0,0,0,0,0,0,0,0,0,0,0,0,0,0,0,0,0,0,0,0,0,0,0,0,0,0,0,0,0,0,0,0
yddH,MOB_1508041_1508049_IS1_1,sv,1508041,0,0,0,0,0,0,0,0,0,0,0,0,0,0,0,0,0,0,0,0,0,0,0,0,0,0,0,0,0,0,0,0,0,0,0,0,0,0,0,0,0,0,0,0,0,0,0,0,0,0,0,0,0,0,0,0,0,0,0,0,0,0,0,0,0,0,0,0,0,0,0,0,0,0,0,0,0,0,0,0,0,0,0,0,0,0,0,0,0,0,0,0,0,0,0,0,0,0,0,0,0,0.0055,0.1905,0.12,0.05,0.0548,0,0.014,0.0078,0,0,0,0,0,0,0,0
intergenic,MOB_1509659_1509661_IS150_-1,sv,1509659,0,0,0,0,0,0,0,0,0,0,,0,0,0,0,0,0.1321,0.1339,0.0246,0.0331,0,0,0,0,0,0,0,0,0,0,0,0,0,0,0,0,0,0,0,0,0,0,0,0,0,0,0,0,0,0,0,0,0,0,0,0,0,0,0,0,0,0,0,0,0,0,0,0,0,0,0,0,0,0,0,0,0,0,0,0,0,0,0,0,0,0,0,0,0,0,0,0,0,0,0,0,0,0,0,0,0,0,0,0,0,0,0,0,0,0,0,0,0,0,0,0,0
yddK,G->A,missense,1518958,0,0,0,0,0,0,0,0,0,0,0,0,0,0,0,0,0,0,0,0,0,0,0,0,0,0,0,0,0,0,0,0,0,0,0,0,0,0,0,0,0,0.0132,0,0,0,0,0,0,0,0,0,0,0,0,0,0.0092,0,0,0,0,0,0,0,0,0,0,0,0.0159,0.0769,0.1181,0.0845,0.0143,0.0161,0.0106,0,0,0,0,0,0,0,0,0.0083,0.0156,0,0,0,0,0,0,0,0,0,0,0,0,0,0,0.0161,0,0,0,0,0,0,0,0.009,0,0,0,0,0,0,0,0,0,0
yddS,T->C,missense,1535224,0,0,0,0,0,0,0,0,0,0.0263,0,0,0,0,0,0,0,0,0,0,0,0,0,0,0,0,0,0,0,0,0,0,0,0,0,0,0,0,0,0,0,0.0111,0,0,0,0,0,0,0,0,0,0,0,0,0,0,0,0,0,0,0,0.0101,0,0,0.0097,0,0,0,0.1688,0.29,0.125,0.2037,0.3409,0.2286,0.1948,0.3478,0.2143,0.2857,0.1935,0.4203,0.5479,0.8667,0.061,0.1538,0.5758,0.7963,0.6071,0.8286,0.899,0.5402,0.2373,0,0,0,0,0,0,0,0,0,0,0,0,0,0.0168,0,0,0,0,0,0,0,0,0,0,0,0
yddB,T->C,missense,1549683,0,0,0,0,0,0,0,0,0,0,0,0,0,0,0,0,0,0,0,0,0,0,0,0,0,0,0,0,0,0,0,0,0,0,0,0,0,0,0,0,0,0,0,0,0,0,0,0,0,0,0,0,0,0,0,0,0,0.0091,0,0.0076,0,0.0424,0.0645,0.0588,0.0763,0.0682,0.1134,0.0115,0.101,0.0479,0.0421,0,0,0,0,0,0,0,0,0,0,0,0,0,0,0.0112,0,0,0,0,0,0,0,0,0,0,0,0,0,0,0.0047,0,0,0,0,0.006,0,0,0.004,0,0,0,0.0046,0,0,0,0
intergenic,T->G,noncoding,1566416,0,0,0,0,0,0.0095,0.027,0,0,0,0,0,0,0,0,0,0,0,0,0,0,0,0,0,0,0,0,0,0,0,0,0,0,0,0,0,0,0,0,0,0,0,0,0,0,0,0,0,0,0,0,0.0172,0,0,0,0,0,0,0,0,0,0,0,0,0,0,0,0.0233,0,0,0,0,0,0,0,0,0,0,0,0,0,0,0,0,0,0,0,0,0,0,0,0,0,0,0,0,0,0,0,0,0,0,0,0,0,0.0108,0,0,0,0,0,0.0238,0,0.0248,0.25,0.1493,0.4286
ydeZ,indel;+C;-1,indel,1570691,0.0049,0,0,0.0089,0,0.0081,0,0,0,0,0,0,0,0,0,0,0,0,0.0513,0,0,0,0,0,0.0122,0.006,0,0,0,0,0,0,0,0,0,0,0,0,0,0,0.0109,0,0,0,0.0263,0,0,0,0,0.0444,0,0.0118,0,0.0125,0,0,0,0.0282,0,0,0,0,0,0,0.0159,0,0,0.0108,0,0,0,0,0,0,0,0,0.0351,0,0,0,0,0.0106,0,0.0167,0.0353,0.0278,0.0667,0.0874,0.064,0.1282,0.0367,0.0345,0,0,0,0,0.0286,0,0,0.0058,0.0072,0.0177,0,0,0,0.0104,0.0288,0,0,0,0.0152,0.0566,0,0.0125,0,0,0
hokD,MOB_1619834_1619836_IS150_1,sv,1619834,0,0,0.0457,0.0224,0.0421,0.0443,0.2533,0.5711,0.7741,0.9062,1,1,1,1,1,1,0.8824,0.9831,0.8683,1,1,1,1,1,1,1,1,1,1,1,1,1,1,1,1,1,1,1,1,1,1,1,1,1,1,1,1,1,1,1,1,1,1,1,1,1,1,1,1,1,1,1,1,1,1,1,1,1,1,1,1,1,1,1,1,1,1,1,1,1,1,1,1,0.9875,1,1,1,1,1,1,0.9903,1,1,1,1,1,1,0.9919,1,1,1,1,1,1,1,1,1,0.9929,1,1,0.9804,1,1,1,1,1,1
hokD,indel;-1;+T,indel,1619835,0,0,0,0,0,0,0,0,0,0.0123,0,0,0.0196,0,0,0,0,0,0,0,0,0,0,0,0,0,0,0,0,0,0,0,0,0,0.0134,0,0,0,0,0,0,0,0,0,0,0,0,0,0,0,0,0.0155,0,0,0,0,0,0,0,0,0,0,0,0,0,0.0387,0.1422,0.1609,0.0492,0.0136,0.0261,0,0.0205,0.0308,0.067,0.0766,0.0261,0.0806,0,0.0105,0.0126,0.0052,0,0,0,0,0,0,0,0,0,0,0,0,0,0,0,0,0,0,0,0,0,0.0317,0,0,0,0,0,0,0,0.0124,0,0,0,0.006,0
ECB_01534,junction_1621152_-1_IS3_start,sv,1621152,0,0,0,0,0,0,0,0,0,0,0,0,0,0,0,0,0.0357,0,0,0,0,0,0,0,0,0,0,0,0,0,0,0,0,0.1552,0.2188,0.2222,0.1017,0,0,0,0,0,0,0,0,0,0,0,0,0,0,0,0,0,0,0,0,0,0,0,0,0,0,0,0,0,0,0,0,0,0,0,0,0,0,0,0,0,0,0,0,0,0,0,0,0,0,0,0,0,0,0,0,0,0,0,0,0,0,0,0,0,0,0,0,0,0,0,0,0,0,0,0,0,,0,0
ECB_01535,MOB_1621436_1621439_IS3_-1,sv,1621436,0,0,0,0,0,0,0,0,0,0,0,0,0,0,0,0,0,0,0,0,0,0,0,0,0,0,0,0,0,0.0166,0.0565,0.0549,0.1384,0.0662,0.0984,0.173,0.0442,0.1005,0,0,0,0,0,0,0,0,0,0,0,0,0,0,0,0,0,0,0,0,0,0,0,0,0,0,0,0,0,0,0,0,0,0,0,0,0,0,0,0,0,0,0,0,0,0,0,0,0,0,0,0,0,0,0,0,0,0,0,0,0,0,0,0,0,0,0,0,0,0,0,0,0,0,0,0,0,0,0
ECB_01540,T->C,noncoding,1624017,0,0,0,0,0,0,0,0,0,0,0,0,0,0,0,0,0,0,0,0,0,0,0,0,0,0,0,0,0,0,0,0,0,0,0,0,0,0,0,0,0,0,0,0,0,0,0,0,0,0,0,0,0,0,0,0,0,0,0,0,0,0,0,0,0,0,0,0,0.0164,0.0526,0.5349,0.1786,0.1961,0.413,0.1692,0.2651,0.2973,0.35,0.7143,0.43,0.2245,0.0732,0.8,0.7347,0.3438,0.04,0.0556,0.0122,0,0.038,0,0.0702,0.2769,0.3492,0.2353,0.0455,0,0.0882,0.0571,0.0141,0,0,0,0,0,0,0,0,0,0,0,0,0,0,0,0,0.2
intergenic,indel;-1,indel,1625211,0,0,0,0,0,0,0,0,0,0,0,0,0,0.0556,0.1111,0,0.2609,0.0833,0.0417,0.2381,0.0333,0,0.1579,0.0645,0.0556,0.0949,0.0833,0.0968,0.186,0.0909,0.15,0.0645,0.125,0.0857,0.3261,0.2692,0.3036,0.0769,0,0,0,0,0.0192,0,0,0,0.02,0,0,0,0,0,0,0,0,0,0,0,0,0,0,0,0,0,0,0,0.0159,0,0,0,0,0,0,0,0.0175,0,0,0,0,0,0,0,0,0,0,0,0,0,0,0,0,0,0,0,0,0,0,0,0,0,0,0,0,0,0,0,0,0,0,0,0,0,0,0,0,0,0
asr,junction_1648745_-1_IS150_start,sv,1648745,0,0,0,0,0,0,0,0,0,0,0,0,0,0,0,0,0,0,0,0,0,0,0,0,0,0,0,0,0,0,0,0,0,0,0,0,0,0,0,0.0256,0,0,0,0,0,0,0,0,0,0,0,0,0,0,0,0,0,0,0,0,0,0,0,0,0,0,0,0,0.0851,0.1087,0,0.0882,0,0,0,0,0,0,0.0357,0,0,0,0,0,0,0,0,0,0,0,0,0,0,0,0,0,0,0,0,0,0,0,0,0,0,0,0,0,0,0,0,0,0,0,0,0,0
ydgG,MOB_1651953_1651955_IS150_-1,sv,1651953,0,0,0,0,0,0,0,0,0.0086,0,0,0,0,0,0,0.3333,0.2262,0.5044,0.0292,0.0286,0,0,0.0388,0,0,0,0.0187,0,0,0,0,0,0,0,0,0,0,0,0,0,0.0069,0,0,0,0,0,0,0,0,0,0,0,0.0147,0,0.0086,0,0,0,0,0.0148,0.0176,0,0,0.0094,0,0.0227,0.0093,0.0418,0.1733,0.14,0.0653,0,0,0.0099,0,0,0,0,0,0,0,0,0,0,0,0,0,0,0,0,0,0,0,0,0,0,0,0,0,0,0,0,0,0,0,0,0,0,0,0,0,0,0.0061,0,0,0,0
ydgG,MOB_1651954_1651956_IS150_1,sv,1651954,0,0,0,0,0,0,0.0197,0.0169,0,0,0,0,0,0,0,0,0,0,0.0098,0,0,0,0,0,0,0,0,0,0,0.0195,0,0,0,0,0,0,0,0,0,0,0,0.0178,0,0,0,0,0,0,0,0,0,0,0.015,0,0,0,0,0,0,0.0311,0,0.013,0,0.0188,0,0,0,0,0.1245,0.3617,0.2394,0.3184,0.4237,0.2941,0.3178,0.2205,0.4854,0.4711,0.334,0.599,0.738,0.899,0.1225,0.3578,0.7236,0.8831,0.7806,0.8714,0.9686,0.7426,0.3578,0.0132,0,0,0,0,0,0,0,0.0076,0,0.0091,0,0,0,0,0,0.0063,0.0053,0,0,0,0,0,0,0,0
uidB,MOB_1670395_1670397_IS150_1,sv,1670395,0,0,0,0,0,0,0,0,0,0,0,0,0,0,0,0,0,0,0,0.0094,0,0,0,0,0,0.005,0.1188,0.1475,0.0973,0.0644,0.1784,0.1063,0.0843,0.1822,0.4504,0.1557,0.202,0.0402,0,0,0,0,0,0,0,0,0,0,0,0,0,0,0,0,0,0,0,0,0,0,0,0,0,0,0,0,0,0,0,0,0.0071,0,0,0,0,0,0,0,0,0,0,0,0,0,0,0,0,0,0,0,0,0,0,0,0,0,0,0,0,0,0,0,0,0,0,0,0,0,0,0,0,0,0,0,0,0,0
ydgR,A->C,noncoding,1689926,0,0,0,0.0081,0,0,0,0,0,0,0,0,0,0,0,0,0,0,0,0,0,0,0,0,0,0,0,0,0,0,0,0,0,0,0,0,0,0,0,0,0,0,0,0,0,0,0,0,0,0,0.0196,0,0,0,0,0,0,0,0,0,0,0,0,0,0.0161,0,0,0,0,0,0,0,0,0,0,0,0,0,0,0,0,0.0119,0,0,0.0154,0,0.0238,0,0,0,0,0,0,0,0,0,0,0,0,0.0061,0,0.0065,0,0,0.0067,0,0.0086,0,0,0.0312,0,0,0.0256,0.1449,0.1667,0.1029,0.25
sodB,MOB_1712480_1712492_IS4_-1,sv,1712480,0,0,0,0,0,0,0,0,0,0,0,0,0,0,0,0,0,0,0,0,0,0,0,0,0,0,0,0,0,0,0,0,0,0,0,0,0,0,0,0,0,0,0,0,0,0,0,0,0,0,0,0,0,0,0.0054,0,0,0,0,0,0,0,0,0,0,0,0,0,0,0,0,0,0,0,0,0,0,0,0,0,0,0,0,0,0,0,0,0,0,0,0,0,0,0,0,0,0,0,0,0,0,0,0,0,0,0.0043,0.0115,0.0218,0.038,0.0341,0.0672,0.0403,0.045,0.1026,0,0.1665,0.1515
ydhS,A->C,missense,1725837,0,0,0,0,0,0.0101,0,0,0,0,0,0,0,0,0,0,0,0,0,0,0,0,0,0,0,0,0,0,0,0,0,0,0,0,0,0,0,0,0,0,0,0,0,0,0,0,0,0,0,0,0,0,0,0,0,0,0,0,0,0,0.1695,0.1549,0.0435,0.1154,0.3333,0.1765,0.2698,0.06,0.0133,0.0111,0.0222,0.0145,0,0.0286,0,0.0132,0,0,0,0,0.0135,0,0,0.0238,0,0,0,0,0.011,0,0,0,0,0,0,0.02,0,0,0.0303,0,0.0094,0,0,0.0588,0,0,0,0,0,0,0,0,0,0,0,0,0
pykF,MOB_1733647_1733649_IS150_1,sv,1733647,0,0,0,0,0,0,0,0.0189,0,0,0,0,0,0,0,0,0,0,0,0,0,0,0,0,0,0,0,0,0,0,0,0,0,0,0,0,0,0,0,0,0,0,0,0,0,0,0,0,0,0,0,0,0,0,0,0,0,0,0,0.0127,0.0789,0,0.0299,0.1061,0.0821,0,0.0135,0.0308,0.0769,0.0321,0.2571,0.3151,0.0893,0.4125,0.2471,0.3368,0.3971,0.697,0.7077,0.4643,0.4167,0.0568,0.8487,0.8592,0.3131,0.0606,0,0.0603,0.0105,0.04,0,0.1087,0.4272,0.5748,0.3534,0.0122,0.1064,0.1538,0.0678,0.0074,0.0103,0,0,0,0,0,0,0,0,0,0,0,0,0,0,0,0
pykF,MOB_1733668_1733670_IS150_1,sv,1733668,0,0,0,0,0,0,0,0,0,0,0,0,0,0,0,0,0,0,0,0,0,0,0,0,0,0,0,0,0,0,0,0,0,0,0,0,0,0,0,0,0,0,0,0,0,0,0,0,0,0,0,0,0,0,0,0,0,0,0,0,0,0.0199,0.0688,0.2151,0.0632,0.0291,0.0118,0.0658,0,0,0,0,0,0,0,0,0,0,0,0,0,0,0,0,0,0,0,0,0,0,0,0,0,0,0,0,0,0,0,0,0,0,0,0,0,0,0,0,0,0,0,0,0,0,0,0,0
pykF,G->T,missense,1733865,0,0.0488,0.7188,0.9528,1,0.9596,1,1,1,1,1,1,1,1,1,1,1,1,0.88,1,1,0.9167,1,1,1,0.9911,1,1,1,1,1,1,1,1,0.9714,1,1,1,1,1,1,1,1,1,1,1,1,1,1,1,1,1,1,1,1,1,1,1,1,0.9649,1,0.9839,1,1,1,1,1,1,1,1,1,1,1,0.9636,1,1,0.9737,1,0.9853,1,1,1,0.9853,1,1,1,1,1,1,1,0.9538,1,1,1,0.9844,1,1,1,1,0.9907,1,0.9875,1,1,1,1,1,0.9895,0.9823,1,1,1,1,1,1,1,1
ydiJ,A->C,noncoding,1745960,0,0,0,0,0.0227,0.016,0.2,0.2857,0.0633,0.1212,0,0,0,0.0256,0,0,0,0,0,0,0,0,0,0,0,0,0,0,0,0,0,0,0.0286,0,0.0164,0,0,0,0,0,0,0,0,0,0.0256,0.0103,0,0,0,0,0.0161,0,0,0,0,0,0,0,0,0,0,0,0,0,0,0,0,0,0,0,0,0,0,0,0,0,0,0,0,0.0083,0,0,0,0,0,0,0,0,0,0,0,0,0,0,0,0.0154,0.0308,0,0,0,0,0,0,0,0,0.011,0,0,0,0.0093,0,0,0,0,0,0,0
intergenic,G->A,noncoding,1746189,0,0,0,0,0,0,0,0,0.0333,0.4583,0.6667,0.3571,0.4545,0.75,0.9286,0.7273,0.878,0.9211,0.9104,0.902,1,1,1,1,1,1,1,1,1,1,1,1,1,1,1,1,1,1,1,1,1,1,1,1,1,1,1,0.9545,1,1,1,1,1,1,1,1,1,1,1,1,0.9828,0.988,1,1,1,1,1,1,1,1,1,1,1,1,1,0.9888,1,0.9714,1,1,1,1,1,1,1,1,1,1,1,1,0.9623,1,1,0.9881,1,1,1,1,1,1,1,1,1,1,1,1,1,1,1,1,1,1,1,1,1,1,1
intergenic,G->A,noncoding,1749019,0,0,0,0,0,0,0,0,0,0,0,0,0,0,0,0,0,0,0.0051,0,0.0097,0,0.0083,0,0,0,0,0,0,0,0,0,0,0,0.0203,0,0.3865,0.5455,0.8288,0.9081,0.8273,0.837,0.9012,0.9035,0.8611,0.7832,0.8984,0.9727,0.9557,0.975,0.9846,0.9894,1,1,0.9887,0.995,1,1,1,1,0.9886,1,0.9935,1,1,1,1,1,0.9936,0.9954,0.9932,0.9941,1,0.9944,1,1,0.9892,1,1,0.9858,1,1,1,1,1,1,1,1,1,1,0.9851,1,1,0.9953,0.9956,1,0.9877,1,1,0.9957,0.9957,1,1,1,1,0.9895,1,1,1,1,1,1,1,0.9959,1,0.9936,1
ydiQ,MOB_1757644_1757646_IS150_1,sv,1757644,0.0028,0,0,0.0338,0.0349,0,0.011,0.0265,0.0142,0.0159,0,0,0,0,0,0.037,0.0098,0.0203,0.0207,0.0328,0.0571,0,0.0086,0.0769,0.1879,0.1325,0.0833,0.0822,0.0224,0.019,0.0235,0.0195,0.1543,0.2868,0.1172,0.12,0.0923,0.0571,0.0072,0,0.0292,0.04,0.0296,0.0199,0.0196,0.0448,0.0337,0.0761,0.2162,0,0.0312,0.0076,0.0161,0.0104,0.026,0.007,0.0432,0.0268,0.0404,0.0765,0.0473,0.0833,0.0722,0.0867,0.0781,0.0464,0.0813,0.0625,0.0457,0.006,0,0.0308,0.0134,0.0081,0.0102,0.0101,0.0105,0.0556,0.0102,0.0081,0.0263,0.0068,0.0071,0,0.0145,0.0189,0.0204,0.0058,0.0143,0.0158,0.029,0.0095,0,0.016,0.0065,0.012,0,0,0.0087,0.0038,0.008,0.0048,0.0444,0,0,0,0.006,0.0084,0,0,0,0.0088,0,0.0044,0,0,0
osmE,C->A,noncoding,1799557,0,0,0,0,0.0204,0,0,0,0,0,0,0,0,0,0,0,0,0,0,0,0.0182,0,0,0,0.0073,0,0,0,0,0,0,0,0,0,0,0.0179,0,0,0,0.0097,0,0,0.0076,0.0065,0,0.0119,0,0,0,0,0.0159,0,0.0192,0,0,0,0,0,0,0.0108,0,0.0192,0,0.0294,0.0336,0,0.0082,0.0217,0.0326,0.0185,0.3902,0.2308,0.0562,0.3478,0.1146,0.2051,0.2812,0.1569,0.4298,0.3737,0.22,0.1183,0.86,0.6951,0.2717,0.0808,0,0.0198,0.0513,0.0161,0,0.1184,0.2391,0.45,0.2745,0.0244,0.0132,0.0581,0.0462,0,0,0,0,0.0385,0.0076,0,0,0,0.006,0,0,0,0,0,0,0,0
nadE,C->T,synonymous,1800199,0,0,0,0,0,0,0,0,0,0.0294,0,0,0,0,0,0,0,0,0,0,0,0,0,0,0,0,0,0,0,0,0,0,0,0,0,0,0,0,0,0,0,0,0,0,0,0.0122,0.0617,0.1587,0.1944,0.3143,0.1159,0.049,0.0137,0,0,0,0,0,0,0,0.0086,0,0,0,0,0,0,0.0081,0,0,0,0,0,0,0,0,0,0,0,0.0143,0,0,0,0.0091,0,0,0,0,0,0,0,0,0,0,0,0,0,0.0102,0,0,0,0,0,0,0.0064,0,0,0,0,0,0,0,0,0.0055,0,0,0
astE,MOB_1803267_1803275_IS1_-1,sv,1803267,0,0,0,0,0,0,0,0,0,0,0,0,0,0,0,0,0,0,0,0,0,0,0,0,0,0,0,0,0,0,0,0,0,0,0,0,0,0,0,0,0,0,0,0,0,0,0,0,0,0,0,0,0,0,0,0,0,0,0,0,0,0,0,0,0,0,0,0,0,0,0,0,0,0.0079,0.0544,0.0847,0.0972,0.0137,0.0429,0.075,0.0764,0.0755,0,0,0.0759,0.0074,0.1011,0.1813,0.3228,0.175,0.1351,0,0,0,0,0,0,0,0,0,0,0,0,0,0,0,0,0,0,0,0,0,0,0,0,0,0
ynjI,MOB_1821482_1821484_IS150_-1,sv,1821482,0,0,0,0.0056,0,0.0182,0,0,0.0485,0.0319,0,0,0.0414,0.0282,0.0969,0,0,0.0087,0.0135,0.0324,0,0,0,0,0.045,0.0374,0.008,0.0127,0.0161,0.0208,0.0146,0.0072,0.0238,0.0067,0,0.0186,0.0562,0.1299,0.0724,0.072,0.0582,0.0319,0.023,0.0589,0.0752,0.0882,0.0975,0.193,0.1086,0.3161,0.1673,0.0982,0.1385,0.0698,0.1053,0.034,0.0568,0.0859,0.0376,0.0452,0.1117,0.1384,0.0236,0.0289,0.0151,0.2309,0.0556,0.0873,0.0484,0.0824,0.192,0.1575,0.1292,0.086,0.0638,0.0084,0.0481,0.0243,0.0326,0,0.0104,0.0119,0.009,0.0088,0.006,0.0139,0,0,0.0061,0,0.0111,0.0241,0.0264,0.0167,0.0125,0.008,0,0.0078,0,0,0,0.0214,0,0,0.0085,0.0146,0.005,0.0037,0,0,0,0.0107,0.0028,0.0039,0,0,0
ydjK,MOB_1836916_1836919_IS150_-1,sv,1836916,0,0,0,0,0,0,0,0,0,0,0,0,0,0,0,0,0,0,0,0,0,0,0,0,0,0,0,0,0,0,0,0,0,0.072,0.2166,0.2928,0.1036,0.2959,0,0,0,0,0,0,0,0,0,0,0,0,0,0,0,0,0,0,0,0,0,0,0,0,0,0,0,0,0,0,0,0,0,0,0,0,0,0,0,0,0,0,0,0,0,0,0,0,0,0,0,0,0,0,0,0,0,0,0,0,0,0,0,0,0,0,0,0,0,0,0,0,0,0,0,0,0,0,0
yeaI,indel;-1,indel,1848003,0,0,0,0,0,0,0,0,0,0,0,0,0,0,0,0,0,0,0,0,0,0,0,0,0,0,0,0,0,0,0,0,0,0,0,0,0,0,0,0,0,0,0,0,0,0,0,0,0,0,0,0,0,0,0,0,0,0,0,0,0,0,0,0,0,0,0,0,0,0,0,0,0,0,0,0,0,0,0,0,0,0,0,0,0,0,0,0,0,0,0,0,0,0,0,0,0,0,0,0,0,0,0,0.1,0.0329,0.0467,0.063,0.1149,0.1705,0,0.1571,0,0,0,0,0,0
yeaJ,MOB_1849559_1849561_IS150_1,sv,1849559,0,0,0,0,0,0,0,0,0,0,0,0,0,0,0,0,0,0,0,0,0,0,0,0,0,0.0037,0.0455,0.0909,0.1036,0.0352,0.1657,0.0722,0.065,0.1765,0.2769,0.2653,0.2365,0.1034,0,0,0,0,0,0,0,0,0,0,0,0,0,0,0,0,0,0,0,0,0,0,0,0,0,0,0,0,0,0,0,0,0,0,0,0,0,0,0,0,0,0,0,0,0,0,0,0,0,0,0,0,0,0,0,0,0,0,0,0,0,0,0,0,0,0,0,0,0,0,0,0,0,0,0,0,0,0,0
yeaS,MOB_1859000_1859002_IS150_1,sv,1859000,0,0,0,0.0049,0,0.0042,0,0,0,0.0274,0,0,0,0,0,0.1429,0,0.0095,0.0886,0.0948,0.1402,0.1798,0.1213,0.0599,0.3001,0.3796,0.2726,0.225,0.2346,0.1147,0.1731,0.1611,0.2926,0.3027,0.3333,0.3908,0.2583,0.3636,0.0193,0,0.005,0,0.0111,0.0086,0,0.0228,0.0109,0.0212,0.0113,0,0,0.0242,0.0105,0.0092,0.014,0.0526,0.0791,0.0373,0.1341,0.211,0.3567,0.3426,0.5316,0.4073,0.5633,0.5252,0.7514,0.4524,0.1266,0.0288,0.0389,0.0224,0.0345,0.0898,0.2099,0.169,0.0886,0.3162,0.0074,0.0091,0.0112,0,0,0,0.0057,0,0.0097,0.0094,0.0053,0.0064,0.0139,0,0,0,0,0,0,0,0,0,0.006,0,0,0,0,0,0,0,0,0,0,0,0,0,0,0,0
fadD,G->A,nonsense,1866767,0,0,0,0,0,0,0,0,0,0,0,0,0,0,0,0,0,0,0,0,0,0,0,0,0,0,0,0,0,0,0,0,0,0,0,0,0,0,0,0,0,0,0,0,0,0,0,0,0,0,0,0,0,0,0,0,0,0,0,0.0204,0,0,0,0,0,0,0,0,0,0,0,0,0,0,0,0,0,0,0,0,0,0,0,0,0,0,0,0,0,0,0,0.2162,0.3056,0.5217,0.1957,0.05,0.0303,0.0303,0,0.0217,0,0,0,0,0,0,0,0,0,0,0,0,0,0,0,0,0
yoaC,G->C,noncoding,1872600,0,0,0,0.006,0,0.0055,0,0,0,0,0,0,0,0,0,0,0,0,0,0,0,0,0,0.0357,0.1429,0.1971,0.0959,0.0462,0.0067,0.0339,0.0122,0,0.0756,0.126,0.0984,0,0.0602,0.0769,0,0,0,0,0,0,0,0,0,0,0,0,0,0,0,0.0127,0,0,0,0,0,0,0,0,0.0179,0,0.0048,0,0,0,0,0,0,0,0,0,0,0,0,0,0,0,0,0,0,0,0,0,0,0,0,0,0,0,0,0,0,0,0,0,0,0,0,0,0,0,0,0,0,0,0,0,0,0,0,0,0,0,0
sdaA,junction_1876835_-1_1883169_1,sv,1876835,0,0,0,0,0,0,0,0,0,0,0,0,0,0,0,0,0,0,0,0,0,0.0417,0.0629,0.0495,0.055,0.0522,0.0259,0.0714,0.0766,0.0183,0.104,0.0738,0.0541,0.0513,0.2658,0.0986,0.1053,0.1111,0,0,0,0,0,0,0,0,0,0,0,0,0,0,0,0,0,0,0,0,0,0,0,0,0,0,0,0,0,0,0,0,0,0,0,0,0,0,0,0,0,0,0,0,0,0,0,0,0,0,0,0,0,0,0,0,0,0,0,0,0,0,0,0,0,0,0,0,0,0,0,0,0,0,0,0,0,0,0
yoaE,T->A,missense,1879026,0,0,0,0,0,0,0,0,0,0,,0,0,0,0,0,0,0,0,0,0,0,0,0,0,0,0,0,0,0,0,0.0192,0.0312,0.0714,0.3871,0.3478,0.619,1,0.7647,0.9111,0.7031,0.7922,0.8421,0.898,0.8621,0.7143,0.8444,0.8261,0.8519,1,0.9697,1,0.9545,0.9608,1,1,1,1,1,1,1,1,1,0.9839,1,1,1,1,1,1,1,1,1,1,1,1,1,1,1,1,1,1,1,1,0.9545,1,1,1,1,1,0.9811,1,1,1,1,1,1,1,0.9643,1,1,1,1,1,1,1,1,1,1,1,1,1,1,0.9892,1,1,1
yebY,indel;A;+A;+G;G;+TT;-1;T;+T,indel,1902269,0,0,0,0,0.0192,0.0164,0.027,0,0.0164,0.04,,0,0,0,0,0,0.0508,0.075,0.6585,0.6774,0.6429,0.7097,0.75,0.9677,0.7879,0.7982,0.8043,0.8085,0.8315,0.902,0.7162,0.8701,0.8615,0.75,0.6154,0.7059,0.8554,0.7273,0.9718,0.9275,0.9231,0.9518,0.92,0.9756,1,0.9245,0.9545,1,0.95,0.9756,0.9815,0.9467,0.9429,0.9242,0.975,0.9398,1,0.9167,0.9167,0.9385,0.9167,0.9452,0.9636,0.9178,0.9481,0.9062,0.9293,0.8788,0.8983,0.9205,0.925,0.95,0.9048,0.913,0.9,0.9481,0.9429,0.92,0.9221,0.8551,0.95,0.8824,0.913,0.9,0.9494,0.9683,0.9444,0.8857,0.9406,0.9634,0.9118,0.9429,0.9529,0.8723,0.9452,0.9104,0.9091,0.9831,0.9722,0.9195,0.9496,0.8958,0.9231,0.9524,0.9186,0.914,0.9419,1,0.9394,0.9423,0.9362,0.9778,0.9008,0.9483,0.5,0.9667,0.8889
zwf,G->C,missense,1914065,0,0,0,0,0.0263,0,0,0,0,0,0,0,0,0,0,0,0,0,0,0,0,0,0,0,0,0,0,0,0,0,0,0,0,0,0,0,0,0,0,0,0,0,0,0,0,0,0,0,0,0,0,0,0,0,0,0,0.0167,0,0,0,0,0,0,0,0,0,0,0,0.0282,0,0,0,0,0,0,0,0,0,0,0,0,0,0.0303,0.0714,0.0714,0.0159,0,0.0328,0,0.0541,0,0.0896,0.2727,0.4366,0.2143,0.0469,0.0222,0.0746,0,0.022,0,0,0,0,0,0,0.0101,0,0,0,0,0,0,0,0,0,0
intergenic,indel;A;C;+AA;+A;-1;T,indel,1915100,0,0,0,0.0177,0,0.0301,0,0,0,0,0,0,0.08,0,0,0,0.0333,0,0,0,0,0,0,0,0,0,0.0233,0,0,0,0,0.0345,0.0465,0.0385,0,0,0,0,0,0.0408,0.1184,0.0282,0,0,0,0,0.1111,0.1364,0.1333,0,0.1379,0.093,0.2353,0.5484,0.2326,0.4222,0.3611,0.4,0.5,0.5,0.2632,0.2241,0.1064,0.1719,0.0308,0.3913,0.2778,0.4,0.3208,0.4868,0.1795,0.5128,0.4211,0.2982,0.2553,0.3415,0.2571,0.1667,0.1143,0.3125,0.3529,0.6897,0.0909,0.375,0.4643,0.6429,0.9062,0.8148,0.6667,0.6786,0.7273,0.6282,0.6379,0.4286,0.6769,0.7188,0.7143,0.8704,0.6585,0.9615,0.8684,0.8679,0.9333,0.9167,0.931,0.9242,0.8718,0.8427,0.8415,0.8082,0.8723,0.6875,0.8434,0.8391,0.8571,0.9111,1
yebK,MOB_1915406_1915414_IS1_-1,sv,1915406,0,0,0,0,0,0,0,0,0,0,0,0,0,0,0,0,0,0,0,0,0,0,0,0,0,0,0,0,0,0,0,0,0,0,0,0,0,0,0,0,0,0,0,0,0,0,0,0,0,0,0,0,0,0,0,0,0,0,0,0,0,0,0,0,0,0,0,0,0,0,0,0.0296,0.0104,0.0952,0.2016,0.1154,0.058,0.1525,0.0089,0,0,0,0,0,0,0,0,0,0,0,0,0,0,0,0,0,0,0,0,0,0,0,0,0,0,0,0,0,0,0,0,0,0,0,0,0,0
intergenic,A->G,noncoding,1916109,0,0,0,0,0,0,0,0,0,0.0357,0,0,0,0,0,0,0,0,0,0,0,0,0,0,0,0,0,0,0,0,0,0.0179,0,0.0179,0,0,0,0,0,0,0,0,0.0095,0,0,0,0,0,0,0,0,0,0,0,0.0156,0,0,0,0,0,0,0.013,0,0.0116,0.0312,0.0377,0.0488,0.2222,0.2812,0.3438,0.14,0.2909,0.2923,0.1648,0.1842,0.1642,0.2,0.16,0.0658,0.1429,0.0986,0.0169,0.1026,0.0698,0.0164,0,0.3276,0.0897,0.0106,0.2727,0.7397,0.8545,0.7632,0.5506,0.7879,0.9811,0.9744,0.9138,0.9846,1,1,1,1,1,1,1,1,1,1,1,1,0.931,0.9908,1,1,1,1
yecE,C->A,missense,1930575,0,0,0,0.0102,0,0,0,0,0,0,0,0,0.0417,0.6316,0.7778,0.6923,0.873,0.8222,0.9565,0.9683,0.8438,1,1,1,1,0.9826,1,1,1,1,1,1,1,1,1,1,1,1,1,0.98,1,1,1,1,1,1,1,1,1,1,0.9839,1,1,1,1,1,0.9744,1,1,1,0.9825,1,0.975,1,1,1,1,1,1,0.9836,0.9833,1,1,1,0.9818,1,1,1,1,1,0.9873,1,0.9706,0.9455,0.9821,1,1,1,1,1,0.9714,1,1,1,1,0.9868,0.9818,0.9877,1,1,1,1,1,1,1,1,1,1,0.9877,1,1,1,1,1,1,0.9844,1
yecN,G->T,missense,1931401,0,0,0,0,0,0.0207,0,0,0,0,0,0,0,0,0,0,0,0,0,0,0,0,0,0,0,0,0,0,0,0,0,0,0,0,0,0,0,0,0,0,0,0,0,0,0,0,0,0,0,0,0,0,0,0,0,0,0.0328,0,0.0455,0.0364,0.0145,0.1029,0.0545,0.1299,0.125,0.1356,0.2651,0.0857,0.2985,0.1798,0.0678,0,0.027,0,0,0.013,0,0,0,0.0118,0,0.0127,0,0.0303,0,0.0189,0,0,0,0,0,0.0182,0,0,0,0,0,0,0,0,0,0,0,0,0,0.0087,0,0,0.018,0,0,0,0,0,0,0,0
torZ,G->A,synonymous,1934911,0,0,0,0,0,0,0,0,0,0,0,0,0,0,0,0,0,0,0,0,0,0,0,0,0,0,0,0,0,0,0,0,0,0,0,0,0,0,0,0,0,0,0,0,0,0,0,0,0.0227,0.1111,0.0492,0.0484,0,0,0.0123,0.0435,0,0,0,0.0238,0,0,0.0169,0,0,0,0,0,0,0,0,0,0,0,0,0,0,0,0,0,0,0,0,0,0,0,0,0,0,0,0,0,0,0,0,0,0,0,0,0,0,0,0,0,0,0,0,0,0,0,0,0,0,0,0,0,0
tap,T->C,missense,1948728,0,0,0.0278,0,0,0,0,0,0,0,0,0,0,0,0,0,0,0,0,0,0,0,0,0,0,0,0,0,0,0,0,0,0,0,0,0,0,0,0,0,0,0,0,0,0,0,0,0,0,0,0,0,0,0,0.0476,0,0,0,0,0,0,0,0,0,0,0,0,0,0,0,0,0,0.0312,0.075,0.0702,0.0227,0,0.0294,0.0345,0.0145,0.0435,0.0127,0.0541,0,0.0339,0.029,0.4138,0.1282,0.0519,0.3366,0.6875,0.8596,0.6667,0.5658,0.7761,0.9851,0.9589,0.9296,0.9487,0.9714,1,1,1,1,1,1,1,1,1,1,1,1,1,0.9912,1,1,1
motA,MOB_1955423_1955426_IS150_-1,sv,1955423,0,0,0,0,0,0,0,0,0,0,0,0,0,0,0,0,0,0,0,0,0,0,0,0,0,0,0,0,0.02,0.1157,0.0965,0.0297,0.0238,0.0093,0,0,0,0,0,0,0,0,0,0.0053,0,0,0,0,0,0,0.0154,0,0,0,0.0078,0.0105,0,0,0,0.0105,0,0,0,0,0,0,0,0,0,0,0,0,0,0.0306,0,0,0,0,0,0,0,0,0,0,0.01,0,0,0,0.0074,0,0,0.0179,0,0,0,0,0,0,0,0,0,0,0,0,0,0,0,0,0,0,0,0,0,0,0,0,0
intergenic,junction_1974722_1_IS1_end,sv,1974722,0,0,0,0,0,0,0,0,0,0,0,0,0,0,0,0,0,0,0,0,0,0,0,0,0,0,0,0,0,0,0,0,0,0,0,0,0,0,0,0,0,0,0,0,0,0,0,0,0,0,0,0,0,0,0,0,0,0,0,0,0,0,0,0,0,0,0,0,0,0,0,0,0,0,0,0,0,0.0312,0,0.0854,0.1324,0.0946,0,0,0,0,0,0,0,0,0,0,0,0,0,,,0,,0,,,,,,,,,,,,,,,,1,
yodB,junction_1980494_1_IS1_end,sv,1980494,0,0,0,0,0,0,0,0,0,0,0,0,0,0,0,0,0,0,0,0,0,0,0,0,0,0,0,0,0,0,0,0,0,0,0,0,0,0,0,0,0,0,0,0,0,0,0,0,0,0,0,0,0,0,0,0,0,0,0,0,0,0,0.0192,0.0143,0.0275,0.0147,0.1333,0.0408,0.3065,0.24,0.0816,0.0238,0,0,0,0,0,0,0,0,0,0,0,0,0,0,0,0,0,0,0,0,0,0,0,0,0,0,0,0,,,,,,,,,,,,,,,,,
yeeI,junction_1982313_1_IS1_end,sv,1982313,0,0,0,0,0,0,0,0,0,0,0,0,0,0,0,0,0,0,0,0,0,0,0,0,0,0,0,0,0,0,0,0,0,0,0,0,0,0,0.4211,0.44,0.5,0.2791,0.0952,0.0769,0,0,0.303,0.4762,0.5625,0.0476,0,0.1071,0.3571,0.64,0.4211,0.5,0.32,0.4565,0.6429,0.439,0.2683,0.2656,0.0741,0.2,0.1017,0.3929,0.2391,0.4211,0.4222,0.5,0.3922,0.5111,0.5312,0.3333,0.3509,0.3594,0.0882,0,0.0625,0.1379,0.0847,0.0508,0.0213,0,0.0476,0.1136,0.44,0.1522,0.1026,0.2571,0.8438,0.8298,0.7759,0.42,0.8,0.973,0.9394,0.8519,0.8947,0.9796,1,1,1,1,1,1,1,1,1,1,1,1,1,1,1,1,1
yeeI,G->A,nonsense,1982354,0,0,0,0,0,0,0,0,0,0,0,0,0,0,0,0,0,0,0,0,0,0,0,0,0,0,0,0,0.0345,0.2593,0.0952,0.0714,0,0,0,0,0,0,0,0,0,0.02,0,0,0,0,0,0,0,0,0,0,0,0,0,0,0,0,0,0,0,0,0,0,0,0,0.0213,0,0,0,0,0,0,0,0,0,0,0,0,0,0,0,0,0,0,0,0,0,0,0,0,0,0,0,0,0,0,0,0,0,0,0,0,0,0,0,0,0,0,0,0,0,0,0,0,0,0
intergenic,A->G,noncoding,1996115,0,0,0,0,0,0,0,0,0,0,0,0,0.0476,0,0,0,0,0,0,0,0,0,0,0,0,0,0.0851,0.1071,0,0,0,0,0,0,0,0,0,0,0,0,0,0,0,0,0,0,0,0,0,0,0,0,0,0,0,0,0,0,0,0,0,0,0,0,0,0,0.025,0,0,0,0,0,0,0,0.0204,0,0,0,0,0,0,0,0,0,0,0,0,0.0175,0,0,0,0,0,0,0,0,0,0,0,0,0,0.0135,0,0.0588,0,0,0,0,0,0,0.0339,0.0385,0,0,0,0,0
cobT,C->A,noncoding,2002475,0,0,0,0,0,0.0062,0,0,0,0,0,0,0,0,0,0,0,0,0,0,0,0,0,0,0,0.0076,0.0208,0.0233,0,0,0,0,0,0,0,0,0.0099,0,0,0,0,0,0,0,0,0,0,0,0,0,0.0154,0,0,0,0,0,0,0,0,0,0.011,0,0.0175,0,0,0,0,0,0,0,0,0.0145,0.0274,0.092,0.2,0.1313,0.0333,0.0588,0,0.0095,0,0,0,0,0.0114,0,0,0,0,0,0,0,0,0,0,0,0,0,0,0,0,0,0,0,0,0.0093,0,0,0.015,0,0,0,0,0,0,0,0
yeeF,A->G,missense,2016836,0,0,0,0,0,0,0,0,0,0,0,0,0,0,0,0,0,0,0,0,0.0222,0,0,0,0,0,0,0,0.0123,0,0,0,0,0,0,0,0,0,0,0,0,0,0,0,0,0,0,0,0,0,0,0.0282,0,0,0,0,0,0.0182,0,0,0,0.0208,0.0172,0.0455,0.0235,0,0,0.0508,0.1111,0.1667,0.0962,0.1064,0.2679,0.2097,0.1754,0.0938,0.2564,0.625,0.2969,0.6301,0.6714,0.8222,0.0938,0.125,0.7143,0.8491,0.7143,0.7826,0.8384,0.6447,0.1724,0,0,0,0,0,0,0,0.0196,0,0,0,0,0,0,0.012,0,0,0,0,0,0,0,0,0,0,0
yeeF,G->T,missense,2017180,0,0.0167,0,0,0,0,0,0,0,0,0,0,0,0,0,0.0556,0,0,0,0,0,0,0,0,0,0,0,0,0,0,0,0,0,0,0,0,0.0108,0,0,0,0,0,0,0,0,0,0,0,0,0,0,0,0,0,0,0,0,0,0,0.0323,0.0159,0.0133,0.0164,0,0.0093,0.1194,0.0361,0.0481,0.0896,0.045,0.0833,0.1282,0.0571,0.1429,0.0132,0,0,0,0,0.0115,0,0,0,0,0,0,0,0,0,0,0,0,0,0,0,0,0,0,0,0,0,0,0,0.0625,0,0,0,0,0,0,0,0,0,0,0,0,0
intergenic,MOB_2019805_2019807_IS150_1,sv,2019805,0,0,0,0,0,0,0,0,0,0,,0,0,0,0,0,0,0,0,0,0,0,0,0,0,0,0,0,0,0,0,0,0,0,0,0,0,0,0,0,0,0,0,0,0,0,0,0,0,0,0,0,0,0,0,0,0,0,0,0,0,0,0,0,0,0.0418,0.2222,0.2091,0.1491,0.0426,0,0.0197,0.047,0.1135,0.2607,0.2259,0.1126,0.1698,0.0137,0.0098,0,0,0,0,0,0,0,0,0,0,0,0,0,0,0,0,0,0,0,0,0,0,0,0,0,0,0,0,0,0,0,0,0,0,0,0,0
hisL,indel;-9,indel,2020021,0,0,0,0,0,0,0,0,0,0,0,0,0,0,0,0,0,0,0,0,0.0556,0.069,0.2695,0.5854,0.0955,0.0323,0,0.1017,0.0218,0.0244,0.0167,0,0.0158,0,0,0,0,0,0,0,0,0,0,0,0,0,0,0,0,0,0,0,0,0,0.0354,0,0,0,0,0,0,0,0,0,0,0,0,0,0,0,0,0,0,0,0,0,0,0,0,0,0,0,0.0151,0,0,0,0,0,0,0,0,0,0,0,0,0,0,0,0,0,0,0,0,0,0.0888,0.4189,0.6364,0.593,0.5701,0.9048,0.6916,0.8475,0.9451,0.8834,1,0.9204,1
hisG,MOB_2020130_2020132_IS150_-1,sv,2020130,0,0,0.0123,0,0.0741,0.0266,0.1176,0.0126,0.043,0,,0,0,0.04,0,0,0,0,0.026,0.0179,0,0,0,0,0.0142,0,0,0,0,0,0.0137,0.0294,0,0.0208,0,0.0392,0.0133,0,0,0,0,0,0,0.0072,0,0.0175,0.0488,0,0.0348,0,0.0196,0.0308,0.04,0.0508,0.0187,0.0306,0,0.014,0.0345,0,0,0.0186,0.0164,0.1509,0.178,0.1176,0,0.0182,0.0421,0.0276,0,0,0,0.0119,0.0288,0.0601,0.0606,0.0588,0.0108,0.1502,0.2812,0.4722,0.1064,0.375,0.5745,0.6154,0.5,0.3277,0.5135,0.3542,0.1215,0,0.0093,0,0.0099,0.0085,0,0,0,0,0.0072,0,0,0,0,0,0.0103,0.1032,0.1121,0.0806,0.1711,0.0476,0.1079,0.1471,0,0.3333,0.1429
manB,A->G,synonymous,2031631,0,0,0,0,0,0,0,0,0,0,0,0,0,0,0,0,0,0,0,0,0,0,0,0,0,0,0,0,0,0,0,0,0,0.0556,0,0.0455,0.0263,0,0.0263,0.125,0.0656,0.0633,0,0.0172,0.119,0.0455,0.125,0.1,0.069,0,0,0.0263,0,0,0,0,0,0,0,0,0,0,0,0,0,0,0,0,0,0,0,0,0,0,0,0,0,0,0,0,0,0,0,0,0,0,0,0,0,0,0,0,0,0,0,0,0,0,0.0333,0,0,0,0,0,0,0,0,0,0,0,0,0,0,0,0,0,0
vioB,junction_2039731_1_IS1_start,sv,2039731,0,0,0,0,0,0,0,0,0,0,0,0,0,0,0,0,0,0,0,0,0,0,0,0,0,0,0,0,0.0513,0.1538,0.1283,0.1062,0.077,0.0776,0.0913,0,0,0,,,,,,,,,,,,,,,,,,,,,,,,,,,,,,,,,,,,,,,,,,,,,,,0,,,,,,0,,,,,,,,,,,,,,,,,,,,,,,,,,
yegH,A->G,missense,2071777,0,0.027,0.04,0.0725,0,0.023,0.0714,0,0,0,0,0,0,0,0.0909,0,0,0,0,0,0.04,0,0,0.0588,0.0217,0.0286,0,0,0.0345,0,0,0,0.0444,0,0.04,0.0357,0,0,0.0147,0.0233,0,0,0,0,0.0952,0.0189,0,0.0526,0,0,0.0263,0,0,0,0,0,0,0.02,0.0645,0,0,0,0,0.0253,0,0,0,0,0,0.0508,0.025,0,0.0196,0.0213,0.0185,0.0169,0,0,0,0,0.0128,0.04,0.0135,0.0476,0.0556,0.0204,0.069,0,0,0,0,0.0741,0.0755,0.0714,0.0816,0.0444,0.0612,0.0488,0.1212,0,0.0088,0.0159,0,0,0.0513,0,0,0.0103,0.0233,0,0.0154,0,0,0.0444,0,0,0
yegO,MOB_2093027_2093029_IS150_-1,sv,2093027,0,0,0,0,0,0.0211,0,0,0,0.0251,,0,0,0,0,0,0,0,0.0048,0,0,0.0671,0.1483,0.0182,0.3047,0.3494,0.7441,0.772,0.6445,0.7328,0.4799,0.7113,0.5744,0.3968,0.2625,0.3944,0.5334,1,1,1,0.9882,1,1,1,1,1,0.9604,1,1,1,1,1,1,1,1,1,1,1,1,1,1,1,1,1,1,1,1,1,1,1,1,1,1,1,0.9791,1,1,1,1,1,0.9822,1,1,1,1,1,1,1,1,1,0.916,1,1,1,1,1,1,1,1,1,1,1,1,1,1,1,1,1,1,1,1,1,1,1,1,1,1
yegP,MOB_2098365_2098367_IS150_-1,sv,2098365,0,0,0,0,0.0233,0,0,0,0.0087,0,0,0,0.0156,0,0,0.0588,0.0093,0.0081,0,0.0265,0,0,0,0,0.0167,0.1385,0.2447,0.2963,0.3276,0.3444,0.1321,0.122,0.0538,0.0417,0.049,0.1077,0.0388,0.1538,0.0484,0.0562,0.1538,0.1429,0.0409,0.0311,0.0545,0.1328,0.0593,0.0408,0.0602,0.0152,0,0.0111,0,0.0118,0.0099,0.02,0,0,0,0,0,0.0065,0,0,0,0,0,0,0,0.0135,0,0,0.0096,0,0,0.0082,0,0,0,0.0069,0,0,0,0.0104,0,0,0,0,0.0062,0,0,0,0,0.0085,0,0,0,0,0,0.0044,0,0,0,0,0,0,0,0.0141,0,0.042,0,0,0,0,0,0,0
intergenic,junction_2100285_1_2122430_-1,sv,2100285,0.0082,0.0081,0.0255,0.0296,0.0191,0,0.0394,0.0332,0.028,0,0,0.0465,0.0636,0.2595,0.0576,0.0234,0.1041,0.0484,0.0634,0.0666,0.0484,0.0897,0.0883,0.1815,0.0439,0.0284,0.0785,0.049,0.1118,0.0833,0.0678,0.1186,0.1182,0.06,0,0.1852,0.0995,0.1053,0.0457,0.0393,0.0734,0.058,0.03,0.0885,0.0279,0.0834,0.0641,0.0832,0.1412,0.0325,0.052,0.107,0.0249,0.0741,0.086,0.0444,0.0883,0.0401,0.1081,0.0136,0.042,0.0547,0.0274,0.1,0.1277,0.0309,0.0618,0.0808,0.067,0.0355,0.068,0.1159,0.1048,0.0442,0.0497,0.0662,0.1546,0.1152,0.0791,0.0469,0.0467,0.0611,0.1961,0.0983,0.1223,0.0997,0.1751,0.0746,0.0701,0.0708,0.0239,0.0559,0.0416,0.1287,0.0523,0.1174,0.1018,0.1925,0.1913,0.1077,0.0767,0.1312,0.1047,0.1887,0.0569,0.0996,0.0855,0.054,0.0792,0.0731,0.1054,0.0682,0.1069,0.0784,0,0.0844,0.1261
intergenic,junction_2100307_-1_2122454_1,sv,2100307,0,0,0,0.0086,0,0.0034,0,0,0,0,0,0,0,0.0144,0.0567,0.0449,0.0651,0.0923,0.1553,0.0253,0,0,0.0136,0,0.0442,0.0284,0.0785,0.0935,0.1379,0.0469,0.1562,0.1234,0.165,0.2033,0.348,0.2308,0.205,0.198,0,0,0,0.0101,0.0051,0.0228,0.0654,0,0.0377,0,0.0294,0.0325,0.035,0.0562,0.0125,0.0258,0.0288,0.0284,0.0232,0.0328,0.0357,0.0336,0.0928,0.0733,0.0601,0.1738,0.1658,0.1949,0.11,0.0861,0.06,0.0584,0.2111,0.191,0.0701,0.1988,0.0823,0.1589,0.1855,0.1812,0.474,0.296,0.2166,0.2388,0.8038,0.6426,0.7642,0.4907,0.0461,0.063,0.1919,0.1329,0.0555,0.1065,0.1911,0.3688,0.1636,0.0317,0.0233,0.0891,0.0545,0.0219,0.0055,0.0227,0.0291,0.0652,0.0522,0.0619,0.0449,0.0093,0.0126,0.0206,0.0178,0.0102,0.0741,0.0505,0,0.0487,0
ECB_01992,indel;+67;+63;+23;+47;+27;+43;+CAGC;+11;+71;-12;+75;+79;+35;+55;+CAGCCAGC;+31;+15;+19;+39;+51;-4;+CAGCCAGCCAGC;-8,indel,2103887,0.0434,0.0388,0.299,0.1445,0.0637,0.3049,0.3625,0.5333,0.3241,0.3889,,0.2727,0.2214,0.2462,0,0,0.2,0.24,0.3426,0.3175,0.3349,0.2051,0.2,0.3333,0.2256,0.3173,0.3478,0.5714,0.2331,0.48,0.2069,0.274,0.2786,0.3184,0.3333,0.1429,0.3304,0.5,0.096,0.1327,0.1826,0.2591,0.2033,0.3056,0.3958,0.3817,0.5185,0.6667,0.6567,0.6,0.8182,0.8333,0.7576,0.8406,0.9375,0.9296,0.8984,0.9524,0.8846,0.9892,1,0.9848,1,0.9762,1,0.9714,0.9268,1,1,0.9948,0.96,1,1,1,0.9767,0.963,0.9474,1,0.9444,1,0.9429,1,1,1,1,1,1,1,0.9643,1,1,1,0.9512,0.9756,0.9677,0.9825,0.8571,0.9,0.7778,0.9942,0.9905,0.993,1,1,0.9718,0.991,0.9773,0.9375,0.9889,1,0.9375,0.9302,0.9686,1,0.8571,0.898,0.8571
yehZ,junction_2170675_1_IS150_end,sv,2170675,0,0,0,0,0,0,0,0,0,0,0,0,0,0,0,0,0,0,0,0,0,0,0,0,0,0,0,0,0,0,0,0,0,0,0,0,0,0,0,0,0,0,0.0139,0,0,0,0,0,0,0,0,0,0,0,0,0,0,0,0,0,0,0,0,0,0,0,0,0,0,0,0,0,0,0,0,0,0,0,0,0.0411,0.0656,0,0.0816,0.1556,0.1081,0,0,0,0,0,0,0,0,0,0,0,0,0,0,0,0,0,0,0,0,0,0,0,0,0,0,0,0,0,0,0,0
cirA,MOB_2196653_2196655_IS150_-1,sv,2196653,0,0,0.0196,0.0053,0,0.0039,0,0.0479,0.1029,0.013,0,0.3678,0.336,0.1497,0.0791,0,0.0535,0.1081,0,0.0071,0,0,0.0073,0.0627,0.061,0.3048,0.1206,0.0544,0.0379,0.0541,0.0447,0.0561,0.1051,0.1001,0.0986,0.0978,0.1097,0.1566,0,0.02,0,0,0.0096,0.014,0,0.0063,0.0317,0.0402,0.0943,0.4549,0.601,0.4595,0.1979,0.2688,0.4131,0.2435,0.291,0.4459,0.1819,0.2896,0.2336,0.289,0.2372,0.3958,0.3221,0.218,0.2307,0.2841,0.2989,0.2654,0.5244,0.1642,0.1654,0.4115,0.1637,0.3068,0.3565,0.38,0.6196,0.4505,0.1729,0.126,0.7773,0.7189,0.3275,0.0675,0.0226,0.0499,0.0051,0.051,0,0.0863,0.2356,0.4507,0.2314,0.0414,0.0259,0.0748,0.1027,0.0152,0,0,0,0,0,0,0,0,0.0038,0,0,0,0,0,0,0,0
cirA,MOB_2196656_2196658_IS150_1,sv,2196656,0,0,0,0,0,0,0,0.0192,0,0,0,0,0,0,0,0,0,0.01,0,0.0144,0.024,0,0,0,0,0.0036,0.0304,0,0,0,0,0,0,0,0,0,0,0,0.1331,0.1405,0.0877,0.0492,0.0241,0.014,0,0.0375,0.2132,0.2861,0.3848,0.0504,0.0405,0.115,0.2165,0.3864,0.3619,0.4969,0.3913,0.3941,0.655,0.5516,0.3307,0.2365,0.1846,0.1305,0.1184,0.3244,0.1607,0.2801,0.3596,0.4736,0.2288,0.5101,0.5272,0.3381,0.4046,0.2891,0.3248,0.1466,0.0401,0.0849,0.1544,0.0486,0.0343,0.0567,0.0482,0.0916,0.3943,0.1749,0.0464,0.3065,0.7815,0.9134,0.7471,0.5191,0.7462,0.9534,0.9545,0.9057,0.8971,0.9649,0.9886,0.9724,0.9854,0.9911,0.9869,0.9865,0.9819,0.9749,0.9784,0.9795,0.9881,0.9628,0.9914,0.9852,0.9285,0.9707,1
nfo,G->A,missense,2202927,0,0,0,0,0,0,0,0,0,0,0,0,0,0,0,0,0,0,0,0,0,0,0,0,0,0.0078,0,0,0,0,0,0,0,0,0,0,0.0204,0,0,0,0,0,0,0,0,0,0,0,0,0,0,0,0,0,0,0,0,0,0,0.0263,0,0.0141,0.0286,0.1167,0.0615,0.0244,0.1493,0.0877,0.0364,0.0753,0.0213,0.0213,0,0,0,0,0,0,0,0,0,0,0,0,0,0,0,0,0,0,0,0,0,0,0,0,0,0,0,0,0,0,0.04,0,0.008,0,0,0,0,0,0,0,0,0.0089,0,0,0
yeiR,T->G,missense,2219638,0,0,0,0.011,0,0,0,0,0,0,0,0,0,0,0,0,0,0,0,0,0,0,0,0,0,0,0,0,0,0,0,0,0,0,0,0,0,0,0,0,0,0,0,0,0,0,0,0,0,0,0,0,0,0,0,0,0,0,0,0,0,0,0,0,0,0,0,0,0,0,0.0192,0,0,0.125,0.2917,0.3429,0.0833,0.1481,0,0,0,0,0,0,0,0,0.0294,0,0,0,0,0,0,0,0,0,0,0,0,0,0,0,0,0,0,0,0,0,0,0,0,0,0,0,0,0,0
spr,G->A,missense,2221714,0,0,0,0,0,0,0,0,0,0,0,0,0,0,0,0,0,0,0,0,0,0,0,0,0,0,0,0,0,0,0,0,0,0,0,0,0,0,0,0,0,0,0,0,0,0,0,0,0,0,0.0233,0,0,0,0,0,0,0,0,0,0,0,0.0182,0,0,0,0,0,0,0,0,0,0,0,0,0,0,0,0,0,0,0,0,0,0,0,0,0.0156,0.0137,0.0278,0,0.0417,0.2078,0.3956,0.2041,0.0597,0,0.0233,0.069,0.0121,0,0,0,0,0,0,0,0,0,0,0,0,0,0,0,0,0
intergenic,MOB_2237496_2237506_IS4_-1,sv,2237496,0,0,0,0,0,0,0,0,0,0,0,0,0,0,0,0,0,0,0,0,0,0,0,0,0,0,0,0,0,0,0,0,0.0647,0.1525,0.074,0.0218,0.0206,0,0,0,0,0,0,0,0,0,0,0,0,0,0,0,0,0,0,0,0,0,0,0,0,0,0,0,0,0,0,0,0,0,0,0,0,0,0,0,0,0,0,0,0,0,0,0,0,0,0,0,0,0,0,0,0,0,0,0,0,0,0,0,0,0,0,0,0,0,0,0,0,0,0,0,0,0,0,0,0
napA,G->A,synonymous,2251393,0,0,0,0,0,0,0.0175,0.0635,0,0,0,0,0,0,0,0,0.1134,0.0857,0,0,0,0,0,0,0,0,0,0,0,0,0.0157,0,0,0,0.0241,0,0.0067,0,0,0,0,0,0,0,0,0,0,0,0,0,0,0,0,0,0,0,0,0,0,0,0,0,0,0,0,0,0,0,0,0,0,0,0,0,0,0,0,0,0,0,0,0,0,0,0,0,0,0,0,0,0,0,0,0,0,0,0,0,0,0,0,0,0,0,0,0,0,0,0.0164,0.007,0,0,0,0,0,0,0
rcsC,junction_2265632_1_IS1_start,sv,2265632,0,0,0,0,0,0,0,0,0,0,0,0,0,0,0,0,0,0,0,0,0,0,0,0,0,0,0,0,0,0,0,0,0,0,0,0,0,0,0,0,0,0,0,0,0,0,0,0,0,0,0,0.0217,0.0417,0.0889,0.1529,0.1449,0.2308,0.3667,0.1852,0.2683,0.1562,0.2588,0.186,0.2985,0.2857,0.18,0.3065,0.2742,0.2333,0.1967,0.4247,0.2545,0.2222,0.2059,0.1778,0.253,0.4722,0.4444,0.7101,0.5152,0.3333,0.125,0.7536,0.8108,0.2549,0.037,0,0.0357,0.0375,0.1,0,0.2258,0.65,0.871,0.75,0.2308,0.1111,0.75,0,0.0238,0,0,0,0,0,0,0,0,0,0,0,0,0,0,0,0,0
atoS,junction_2266853_1_IS1_start,sv,2266853,0,0,0,0,0,0,0,0,0,0,0,0,0,0,0,0,0,0,0,0,0,0,0,0,0,0,0,0,0,0,0,0,0,0,0,0,0,0,0,0,0,0,0,0,0,0,0,0,0,0,0,0,0,0,0,0,0,0,0,0,0,0,0,0,0,0,0,0,0,0,0,0,0,0,0,0,0,0,0,0,0,0,0,0,0,0,0,0,0,0,0,0,0,0,0,0,0,0,0,0.1386,0.2817,0.3715,0.5014,0.8022,0.291,0.1678,0.0687,0.1786,0.1428,0.0087,0.1705,0.0229,0.0299,0.1692,0.3343,0.1172,0.056
atoS,junction_2267039_1_IS1_start,sv,2267039,0,0,0,0,0,0,0,0,0,0,0,0,0,0,0,0,0,0,0,0,0,0,0,0,0,0,0,0,0,0,0,0,0,0,0,0,0,0,0,0,0,0,0,0,0,0,0,0,0,0,0,0,0,0,0,0,0,0,0,0,0,0,0,0,0,0,0,0,0,0,0,0,0,0,0,0,0,0,0,0,0,0,0,0,0,0,0,0,0,0,0,0.2364,0.3214,0.4839,0.5352,0.7544,0.8286,0.8684,0.0333,0.0073,0,0,0,0,0,0,0,0,0,0,0,0,0,0,0,0,0
atoS,MOB_2268140_2268142_IS150_1,sv,2268140,0,0,0,0,0,0,0,0,0,0,0,0,0,0,0,0,0,0,0,0,0,0,0,0,0,0,0,0,0,0,0,0,0,0,0,0,0,0,0,0,0,0,0,0,0,0,0,0,0,0,0,0,0,0,0,0,0,0,0,0,0,0,0,0,0,0,0,0,0,0,0,0,0,0,0,0,0,0,0,0,0,0,0,0,0,0,0,0,0.0133,0.0515,0.1345,0.3822,0.014,0.0203,0.0054,0,0,0,0,0,0,0,0,0,0,0,0,0,0,0,0,0,0,0,0,0,0
atoC,T->G,missense,2268951,0,0,0,0,0.0145,0,0,0,0.013,0,,0,0,0,0,0,0,0,0,0,0,0,0,0,0,0.0079,0.0227,0.0294,0,0,0,0,0.0225,0,0.0161,0,0,0,0,0,0,0,0,0,0,0,0,0,0,0,0,0,0,0,0.0656,0.0137,0,0,0,0,0.0133,0.0123,0,0.0308,0.0135,0.0556,0.1096,0.2118,0.2449,0.383,0.3864,0.4107,0.5192,0.1644,0.2182,0.1412,0.1875,0.0667,0.0411,0.1023,0.125,0.0526,0.0337,0,0.0508,0.0423,0.3243,0.0822,0.0495,0.2759,0.8507,0.9024,0.6571,0.44,0.7927,0.9859,0.9286,0.9783,0.9444,0.97,0.9861,1,1,1,1,1,1,1,0.9898,1,1,0.9677,1,1,1,1,1
atoC,T->A,missense,2268983,0,0,0,0,0,0.0074,0,0,0,0,,0,0.0303,0,0,0,0,0,0,0,0,0,0.1091,0,0.1031,0.0833,0,0.0938,0.1406,0.0308,0.1013,0.1148,0.1169,0.069,0.0476,0.0938,0.0811,0.125,0,0,0,0,0,0,0,0,0,0,0,0,0,0,0,0,0,0,0,0,0,0,0,0,0,0.0179,0,0,0,0,0,0,0,0,0,0,0,0,0,0,0,0,0,0,0,0,0,0,0,0,0,0,0,0,0,0,0,0,0,0,0,0,0.0119,0,0,0,0,0,0,0,0,0,0,0,0,0,0,0,0
atoC,MOB_2269773_2269784_IS4_1,sv,2269773,0,0,0,0,0,0,0,0,0,0,0,0,0,0,0,0,0,0,0,0,0,0,0,0,0,0,0,0,0,0,0,0,0,0,0,0,0,0,0,0,0,0,0,0,0,0,0,0,0,0,0,0,0,0,0,0,0,0,0,0,0,0,0,0,0,0,0,0,0,0,0,0,0,0,0,0,0,0,0,0,0,0,0.0133,0,0,0,0,0,0,0,0,0,0,0,0,0,0,0,0,0.0447,0.0833,0.1945,0,0.056,0.0363,0.0168,0.0297,0,0,0,0,0,0,0,0,0,0
atoC,G->T,missense,2269886,0,0,0,0,0,0,0,0,0,0,0,0,0,0.027,0,0,0,0,0,0,0,0,0,0,0,0,0,0,0,0,0,0,0,0,0,0,0,0,0,0,0,0,0,0,0,0,0,0,0,0,0,0,0,0,0.0395,0,0,0,0,0,0,0,0,0,0,0,0,0,0,0,0,0,0,0,0.0156,0,0,0,0,0,0,0,0,0,0,0,0,0,0,0,0,0,0,0,0,0,0,0,0,0.0885,0.2314,0.3504,0.2308,0.2308,0.5429,0.65,0.7674,0.7419,0.7589,0.912,0.8133,0.88,0.9286,0.8912,1,0.8784,0.7
yfaQ,junction_2275847_1_IS1_start,sv,2275847,0,0,0,0,0,0,0,0,0,0,0,0,0,0,0,0,0,0,0,0,0,0,0,0,0,0,0,0,0,0,0,0,0,0,0,0,0,0,0,0,0,0,0,0,0,0,0,0,0,0,0,0,0,0,0,0,0,0,0,0,0,0,0,0,0,0,0,0,0,0,0,0,0,0,0,0,0,0,0,0,0,0,0,0,0,0,0,0,0,0,0,0,0,0,0,0,0,0,0.0138,0.0489,0.0885,0.1077,0.1376,0,0.1007,0.0972,0.0775,0.0475,0.0115,0,0,0,0,0,0,0,0
yfaS,junction_2278137_1_IS1_start,sv,2278137,0,0,0,0,0,0,0,0,0,0,,0,0,0,0,0,0,0,0,0,0,0,0,0,0,0,0,0,0,0,0,0,0,0,0,0,0,0,0,0,0,0,0,0,0,0,0,0,0,0,0,0,0,0,0,0,0,0,0,0,0,0,0,0,0,0,0,0,0,0,0,0,0,0,0,0,0,0,0,0,0,0,0,0,0,0,0,0,0,0,0,0,0,0,0,0,0,0,0,0.0698,0.126,0.0367,0,0,0.0144,0.0152,0,0,0,0,0,0,0,0,0,0,0
yfaS,junction_2281098_1_IS1_start,sv,2281098,0,0,0,0,0,0,0,0,0,0,0,0,0,0,0,0,0,0,0,0,0,0,0,0,0,0,0,0,0,0,0,0,0,0,0,0,0,0,0,0,0,0,0,0,0,0,0,0,0,0,0,0,0,0,0,0,0,0,0,0,0,0,0,0,0,0,0,0,0,0,0,0,0,0,0,0,0,0,0,0,0,0,0,0,0,0,0,0,0,0,0,0,0,0,0,0,0,0,0,0,0,0,0,0.0435,0.1149,0.1127,0.119,0.125,0.1474,0.0556,0.0986,0.0488,0.094,0.1237,0.2,0.0784,0.1
yfaA,junction_2281825_1_IS1_start,sv,2281825,0,0,0,0,0,0,0,0,0,0,0,0,0,0,0,0,0,0,0,0,0,0,0,0,0,0,0,0,0,0,0,0,0,0,0,0,0,0,0,0,0,0,0,0,0,0,0,0,0,0,0,0,0,0,0,0,0,0,0,0,0,0,0,0,0,0,0,0,0,0,0,0,0,0,0,0,0,0,0,0,0,0,0,0,0,0,0,0,0,0,0,0,0,0,0,0,0,0,0,0.0362,0.0331,0.0862,0,0.28,0.04,0.0521,0,0,0,0,0,0,0,0,0,0,0
intergenic,MOB_2283472_2283474_IS150_1,sv,2283472,0,0,0,0,0,0,0,0,0,0,,0,0,0,0,0,0,0,0,0,0,0,0,0,0,0,0,0,0,0,0,0,0,0,0,0,0,0,0,0,0,0.04,0.013,0.0091,0,0,0,0.0182,0.0241,0.0408,0.0241,0.0777,0.2881,0.0172,0.037,0.1417,0.2396,0.0924,0.1622,0.2595,0.3361,0.4459,0.6667,0.6042,0.6982,0.5667,0.4286,0.4381,0.2551,0.4474,0.163,0.2768,0.3133,0.3797,0.4559,0.4121,0.4078,0.7162,0.3082,0.5167,0.7071,0.8897,0.109,0.3333,0.5944,0.9138,0.6768,0.8621,0.9458,0.5706,0.241,0,0,0,0,0,0,0,0,0,0,0,0,0,0,0,0,0,0.0051,0,0,0,0,0,0,0,0
yfaL,MOB_2288897_2288899_IS150_-1,sv,2288897,0,0,0,0,0,0,0,0,0.0192,0,,0,0,0.0317,0,0,0,0,0.0069,0,0,0,0,0,0,0,0,0,0,0,0.0055,0.0074,0,0,0,0,0.0059,0,0,0,0,0,0,0,0.0247,0,0,0,0.0189,0,0,0,0,0.0455,0.0329,0.212,0.2835,0.0538,0.0921,0.0625,0.0276,0.0082,0.0108,0,0,0.0081,0.0064,0,0,0.0078,0,0,0,0,0,0,0,0,0,0,0,0,0,0,0,0,0,0,0.0052,0,0.0075,0,0,0,0,0,0,0,0,0,0,0,0,0,0,0,0,0,0,0,0,0,0,0,0,0,0
menC,MOB_2322340_2322346_IS186_-1,sv,2322340,0,0,0,0,0,0,0.0395,0.0169,0,0,0,0,0.0286,0.015,0,0,0,0.014,0.0065,0.0053,0.0069,0,0,0,0,0.0059,0.0127,0,0.0036,0.0054,0.0298,0.0329,0.0287,0,0.0072,0.0149,0.0095,0,0.0139,0.018,0.0054,0,0.005,0.0102,0.0438,0.0094,0.0097,0.0117,0.0116,0.0435,0.0598,0.1447,0.1157,0.0971,0.0714,0.0887,0.0134,0.0535,0,0.0639,0,0.0541,0.0661,0.0952,0.0912,0.0178,0.089,0.1017,0.0398,0.0066,0.043,0.0208,0.0282,0.0275,0,0,0,0,0.0103,0.0164,0.0426,0.0092,0.0844,0.0267,0,0.0209,0.0137,0.0292,0,0.0051,0.0261,0.0632,0.2421,0.3669,0.5247,0.6103,0.7615,0.8462,0.1116,0.0444,0.0135,0.0109,0.0789,0.0851,0.2278,0.1391,0.2716,0.1463,0.215,0.0587,0.1367,0.0669,0.0985,0.15310000000000001,0.3333,0.1345,0.0625
yfbB,T->A,missense,2323543,0,0,0,0,0,0,0,0,0,0,0,0,0,0,0,0,0,0,0,0,0,0,0,0,0,0,0,0,0,0,0,0,0,0,0,0,0,0,0,0,0,0,0,0,0,0,0,0,0,0,0.0333,0.08,0.1176,0,0.05,0.1765,0.0667,0.1143,0.0909,0.3235,0.5,0.4138,0.6667,0.3913,0.5333,0.5385,0.6216,0.25,0.3659,0.2973,0.3548,0.3529,0.3158,0.3077,0.4419,0.3654,0.3636,0.5714,0.186,0.5263,0.881,0.8605,0.0789,0.3333,0.8049,0.92,0.3684,0.9167,0.9375,0.661,0.1818,0,0,0,0,0,0,0,0,0,0,0,0,0,0,0,0,0,0,0,0,0,0,0,0,0,0
nuoG,A->T,synonymous,2341957,0,0,0,0,0,0.0076,0,0,0,0,0,0,0,0,0,0.0909,0,0,0,0,0,0,0,0,0,0,0,0,0,0,0,0,0,0,0,0,0,0,0,0,0,0,0,0,0,0,0,0,0,0,0,0,0,0,0,0,0,0,0,0,0,0,0,0.0122,0,0,0.0101,0.0899,0.0612,0.0857,0.0132,0.1111,0.0769,0,0,0,0,0,0,0,0,0,0,0,0,0,0,0,0,0,0,0,0,0,0,0,0,0,0,0,0,0,0,0,0,0,0,0,0,0,0.0137,0,0,0,0,0,0
intergenic,indel;+A;-1,indel,2350917,0,0,0,0,0,0,0,0,0,0,0,0,0,0,0,0,0.0143,0,0,0,0.0244,0,0,0,0,0,0,0,0,0,0.0364,0,0.0345,0,0,0,0,0,0,0,0.0065,0.0101,0,0,0,0.0169,0,0,0,0,0,0.0132,0,0,0,0,0,0,0,0,0,0.0083,0,0,0,0.0328,0.0111,0,0.0111,0,0.0253,0,0,0,0.0388,0.1168,0.1091,0.0741,0.0177,0.0325,0.028,0.0227,0.0147,0,0,0,0,0,0,0,0,0,0,0,0,0.0194,0,0,0,0,0,0,0,0,0,0,0,0.0112,0.0092,0,0,0,0,0,0,0,0
yfcO,junction_2393568_-1_IS150_end,sv,2393568,0,0,0,0,0,0,0,0,0,0,0,0,0,0,0,0,0,0,0,0,0,0,0,0,0,0,0,0.0323,0.0928,0.1765,0.0682,0.0083,0,0,0,0,0,0,0,0,0,0.0201,0,0,0,0,0,0,0,0,0,0,0,0,0,0,0,0,0,0,0,0,0,0,0,0,0,0,0,0,0,0,0,0,0,0,0,0,0,0,0,0,0,0,0,0,0,0,0,0,0,0,0,0,0,0,0,0,0,0,0,0,0,0,0,0,0,0,0,0,0,0,0,0,0,0,0
yfcTU,junction_2397040_-1_IS150_end,sv,2397040,0,0,0,0,0,0,0,0,0,0,0,0,0,0,0,0,0,0,0,0,0,0,0,0,0,0,0,0,0,0,0,0,0,0,0,0,0,0,0,0,0,0,0,0,0,0,0,0,0,0,0,0,0,0,0.0075,0,0,0,0,0,0,0,0,0,0,0,0,0,0,0,0,0,0,0,0.0115,0.0613,0.1195,0.0915,0.4418,0.3653,0.2425,0.0699,0.923,0.7276,0.2846,0.0941,0,0.0403,0.0434,0.0263,0,0.1726,0.3507,0.4107,0.2031,0.0416,0.0393,0.0354,0.0306,0.0064,0,0,0,0,0,0,0,0,0,0,0,0,0,0,0,0,0
yfcTU,MOB_2397528_2397543_IS150_-1,sv,2397528,0,0,0,0.0148,0.01,0.0098,0.1677,0.309,0.7094,0.8889,0.8523,1.001,0.9797,0.9999,1,0.8696,0.8946,0.983,0.891,0.9857,1,1,1,1,1,1,0.992,1,1,1,1,1,1,1,1,1,1,1,1,1,1,1,1,1,1,1,1,1,1,1,1,1,1,1,1,1,1,1,1,1,1,1,1,1,1,1,1,1,1,1,1,1,1,1,1,0.989,1,1,1,1,1,1,1,1,1,1,1,1,1,1,0.9881,1,1,1,1,1,1,1,1,1,1,1,1,1,1,1,1,1,1,1,1,1,1,1,1,1,1
yfcY,junction_2403226_-1_2405143_1,sv,2403226,0,0,0,0,0,0,0,0,0,0,0,0,0,0,0,0,0,0,0,0,0,0,0,0,0,0,0,0,0,0,0,0,0,0,0,0,0,0,0,0,0,0,0,0,0,0,0,0,0,0,0,0,0,0,0,0,0,0,0,0,0,0,0,0,0,0,0,0,0,0,0,0,0,0,0,0,0,0,0,0,0,0,0,0,0,0,0.0556,0.1497,0.1946,0.1667,0.098,0,0,0,0,0,0,0,0,0,0,0,0,0,0,0,0,0,0,0,0,0,0,0,,0,0
fadL,G->A,noncoding,2404873,0,0,0,0,0.0154,0,0,0,0,0,0,0,0,0,0,0,0,0,0,0,0,0,0,0,0,0,0,0,0,0,0,0,0,0,0,0,0,0,0.0256,0,0,0,0,0,0.0172,0,0,0,0,0,0,0,0,0,0,0,0,0,0,0,0,0,0,0,0,0,0,0,0,0,0,0,0,0,0,0,0,0.0312,0,0,0,0,0,0,0,0,0,0.0303,0.069,0.1358,0.0123,0,0,0.0202,0,0.0123,0,0,0,0,0.0061,0.0071,0,0,0,0,0,0,0,0,0,0,0,0,0,0,0
fadL,MOB_2405131_2405139_IS1_1,sv,2405131,0,0,0,0,0,0,0,0,0,0,0,0,0,0,0,0,0,0,0,0,0,0,0,0,0,0,0,0,0,0,0,0,0,0,0,0,0,0,0,0,0,0,0,0,0,0,0,0,0,0,0,0,0,0,0.0183,0,0,0,0,0,0,0,0,0,0,0,0,0,0,0,0,0,0,0,0,0.0199,0,0,0.0221,0.0323,0.0439,0.0135,0.0773,0.0154,0.0183,0.0851,0.383,0.1554,0.0617,0.4067,0.7308,0.9147,0.6992,0.4941,0.7943,0.9257,0.9675,0.8197,0.925,0.9825,0.9807,0.9823,1,0.9804,0.9778,0.9441,0.9697,0.9689,0.9662,0.9686,0.9758,0.9857,0.9669,0.988,1,0.9612,0.9474
fadL,G->A,missense,2405400,0,0,0,0,0,0,0,0,0.0092,0.0645,0,0,0,0,0,0,0,0,0,0,0.0161,0,0.0139,0,0,0,0,0,0,0,0,0,0,0,0,0,0,0,0.0093,0,0,0,0.0065,0,0,0,0,0,0.0494,0.1373,0.0333,0.02,0.0345,0.0417,0.0171,0.0225,0.0091,0,0.0328,0.0112,0.0267,0.022,0,0,0.0104,0,0,0,0,0,0,0,0,0,0.0102,0,0,0,0,0.0104,0,0,0,0,0,0,0,0,0,0,0,0,0,0.0088,0.0092,0,0,0,0,0,0,0,0,0,0,0,0,0,0,0,0,0,0,0,,0,0
fadL,junction_2406041_-1_IS150_end,sv,2406041,0,0,0,0.0056,0,0,0,0,0,0,0,0,0,0,0,0,0,0,0,0,0,0,0,0,0,0.0145,0.0406,0.1119,0.0469,0,0.0083,0,0,0,0.0112,0,0,0,0,0,0,0.0262,0.0677,0.0454,0,0,0,0,0,0,0,0,0,0,0,0,0,0,0,0,0,0,0,0,0,0,0,0,0,0,0,0,0,0,0,0,0,0,0,0,0,0,0,0,0,0.0103,0,0.0159,0.0147,0,0,0,0,0,0,0,0,0,0,0,0,0,0,0,0,0,0,0,0,0,0,0,0,0,,0,0
fadL,MOB_2406099_2406101_IS150_1,sv,2406099,0,0,0,0,0,0,0,0.0566,0.1182,0.033,0,0,0,0,0,0,0,0,0.0033,0.0051,0,0,0,0,0,0.0032,0.0132,0.1562,0.0943,0.0621,0.1518,0.0867,0.0497,0.1507,0.236,0.1228,0.1944,0.1395,0,0,0.0074,0.0449,0.2094,0.5882,0.437,0.2077,0.0224,0,0,0,0,0,0,0,0,0,0,0,0,0,0,0,0,0,0,0,0,0,0,0,0,0.005,0.0196,0.0189,0.0982,0.1403,0.1261,0.0612,0.0084,0.0339,0.0294,0.0149,0.0089,0,0,0,0,0,0,0,0,0,0.006,0,0.0048,0,0,0,0,0,0,0,0,0,0,0,0,0,0,0,0,0,0,0,,0,0
fadL,junction_2406268_-1_IS150_end,sv,2406268,0,0,0,0,0,0,0,0,0,0,0,0,0,0,0,0,0,0,0,0,0,0,0,0,0,0,0,0,0,0.0566,0.0875,0.0701,0.054,0.109,0,0,0,0,0,0,0,0,0,0,0,0,0,0,0,0,0,0,0,0,0,0,0,0,0,0,0,0,0,0,0,0,0,0,0,0,0,0,0,0,0,0,0,0,0,0,0,0,0,0,0,0,0,0,0,0,0,0,0,0,0,0,0,0,0,0,0,0,0,0,0,0,0,0,0,0,0,0,0,0,,0,0
evgA,A->C,noncoding,2417949,0,0,0,0,0,0,0,0,0,0,0,0,0,0,0,0,0,0,0.0109,0,0.0256,0,0,0,0,0.0049,0,0,0,0,0,0,0,0,0,0,0,0,0,0.0149,0,0,0,0,0,0,0,0,0,0,0,0,0,0,0,0,0,0.0127,0,0,0,0,0,0,0,0,0,0,0,0,0.0154,0,0,0,0,0.0074,0,0,0,0.0143,0,0,0,0,0,0,0,0,0,0,0.0128,0,0,0,0.0078,0,0,0,0,0,0,0,0,0,0,0.0059,0.0068,0.0101,0.0275,0.0238,0.066,0.0921,0.0584,0.1702,0.25,0.1013,0.2857
ypdA,G->A,missense,2434372,0,0,0,0,0,0,0,0,0,0,0,0,0,0,0,0,0,0,0,0,0,0,0.013,0,0,0,0,0,0.0085,0,0,0,0,0,0,0,0,0,0,0.0116,0,0,0,0,0,0,0,0,0,0,0,0,0,0,0,0,0.03,0,0,0.0286,0.0928,0.0439,0.0274,0,0.0174,0.1625,0.0403,0.0385,0.023,0.0431,0.0217,0.0725,0.0238,0.0759,0,0,0,0,0,0,0,0,0,0,0,0,0,0,0,0,0,0,0,0,0,0,0,0,0,0,0,0,0,0,0,0,0,0,0,0,0,0,0,0,0,0,0
mntH,C->T,noncoding,2446999,0,0,0,0,0,0,0,0,0,0,0,0,0,0,0,0,0,0,0,0,0,0,0,0,0,0,0,0,0,0,0,0,0,0,0,0,0.0097,0,0,0,0,0,0,0,0,0,0,0,0,0,0,0,0,0,0.0674,0,0,0,0.0169,0,0,0.0093,0,0,0,0,0,0,0,0,0,0,0,0,0,0,0,0,0,0,0,0,0,0,0,0,0,0,0.0092,0,0,0,0,0,0,0,0,0,0,0,0,0,0,0,0,0,0,0.0068,0.0376,0.8039,0.4643,0.8596,0.8105,0.7478,1,0.7333,0.8462
intergenic,MOB_2448493_2448498_IS186_1,sv,2448493,0,0,0,0.0043,0.0171,0.0215,0.0253,0.0309,0.1046,0.3624,0.6,0.4648,0.657,0.9119,0.9219,0.8116,0.968,0.9612,0.9073,1,0.9658,1,0.9539,1,0.9945,0.9892,1,1,1,1,0.9852,1,1,1,1,1,0.9907,1,1,1,1,1,0.9828,1,1,0.9919,1,1,0.99,1,0.9921,1,1,1,1,1,1,1,0.9934,0.993,0.9875,0.9937,1,1,1,0.9935,1,1,1,1,0.9869,1,0.9932,1,0.9853,0.9951,1,0.9903,1,0.9941,0.9933,0.9865,1,1,0.9847,1,0.9932,1,1,1,0.9785,1,1,1,1,0.9929,1,0.9943,1,1,1,1,1,0.9813,1,1,0.9892,1,0.9931,1,0.9915,1,0.9842,0.9962,1,1,1
eutC,MOB_2483930_2483932_IS150_-1,sv,2483930,0,0,0,0,0,0,0,0,0,0,0,0,0,0,0,0,0,0,0,0,0,0,0,0,0,0,0,0,0,0,0,0,0,0,0,0,0,0,0.0109,0,0,0,0,0,0,0,0,0,0,0,0,0,0,0,0,0,0,0,0,0,0,0,0.012,0.1624,0.0459,0.0714,0.0323,0,0.0588,0,0,0,0,0,0,0,0,0,0,0,0,0,0,0,0,0,0,0,0,0,0,0,0,0,0,0,0,0,0,0,0,0,0,0,0,0,0,0,0,0,0,0,0,0,0,0,0
eutA,MOB_2487308_2487310_IS150_-1,sv,2487308,0,0,0,0,0,0,0,0,0,0,0,0,0,0,0,0,0,0,0,0,0,0,0,0,0,0,0,0,0,0,0,0,0,0,0,0,0,0,0,0,0,0.0292,0.0411,0.0217,0.0735,0.1474,0.0972,0.1026,0.0806,0.1714,0.0877,0.087,0,0.0694,0.0674,0.096,0.1188,0.0723,0,0.0099,0.0112,0,0,0.0156,0,0,0,0.0227,0,0,0,0,0,0,0,0,0,0,0,0,0,0,0,0,0,0,0,0,0,0,0,0,0,0.0105,0,0,0,0,0,0,0,0,0,0,0,0,0,0,0,0,0,0.0345,0,0,0,0,
hyfA,MOB_2522612_2522617_IS186_-1,sv,2522612,0,0,0,0,0,0,0,0,0,0,0,0,0,0.0566,0,0,0.0104,0,0,0,0,0.0256,0,0,0,0,0.0127,0,0,0,0,0,0,0,0,0,0.0089,0,0,0,0,0.01,0,0.0053,0,0,0.1111,0.1667,0.05,0.0508,0,0,0,0.0192,0,0,0.0076,0,0,0,0,0,0,0,0,0,0.0141,0,0,0,0,0,0,0,0,0,0,0.0222,0,0,0.0089,0.049,0.008,0,0.0103,0,0,0,0.0063,0.019,0.007,0,0,0,0,0,0,0,0,0,0,0,0,0.069,0.026,0.031,0.0132,0,0,0,0,0.0303,0,0,0,0,0
hyfB,MOB_2522900_2522902_IS150_1,sv,2522900,0,0,0,0,0,0,0,0,0,0,,0,0,0,0,0,0,0,0,0,0,0,0,0,0,0.0077,0,0,0,0,0,0,0,0,0.0169,0,0,0,0,0,0.0061,0,0,0,0,0,0,0,0,0,0,0.0161,0.0345,0.1951,0.2135,0.3442,0.3807,0.3303,0.3333,0.2574,0.2477,0.1316,0.1333,0.0763,0.0741,0.1562,0.129,0.2051,0.313,0.367,0.2234,0.419,0.5854,0.2302,0.3861,0.2826,0.1818,0.3061,0.0577,0.0661,0.1258,0.0187,0.0724,0.0986,0.1143,0.1,0.6889,0.2361,0.0671,0.3939,0.7673,0.9558,0.7794,0.6769,0.8108,0.9339,1,0.9381,0.9437,0.9665,1,1,1,1,0.9953,1,1,1,1,1,1,0.9861,1,1,1,1,1
ppx,G->A,missense,2546387,0,0,0,0,0,0,0,0,0,0,0,0,0,0,0,0,0,0,0,0,0,0,0,0,0,0,0,0,0,0,0,0,0,0,0,0,0,0,0,0,0,0,0,0,0,0,0,0,0,0,0,0,0,0,0,0.0233,0.0185,0,0.1,0.0256,0.025,0.0758,0.0238,0.1702,0.08,0.0789,0.0444,0.1702,0,0.0615,0.3478,0.25,0.0789,0.2439,0.234,0.4872,0.375,0.2143,0.6977,0.4255,0.2239,0.186,0.9286,0.8205,0.3421,0.0526,0.0323,0.0909,0,0.0172,0,0.1212,0.3077,0.5918,0.1961,0.0278,0,0.0811,0,0.0137,0,0,0,0,0,0,0,0,0,0,0,0,0,0,0,0,0
yfgK,C->T,missense,2556746,0,0,0,0,0,0,0,0,0,0,0,0,0,0,0,0,0,0,0,0,0,0,0,0,0,0,0,0,0,0,0,0,0,0,0.0312,0,0,0,0,0,0.0094,0,0,0.0083,0,0,0,0,0,0,0,0,0,0,0,0.0127,0,0,0,0,0,0,0,0,0,0.0169,0,0,0,0,0,0,0.0213,0,0,0,0,0,0,0.0741,0.1,0.2917,0,0,0.1,0.4138,0.1875,0.4795,0.3281,0.1605,0.0303,0,0,0.0112,0,0,0,0,0,0,0,0,0,0,0,0,0,0,0,0,0.0115,0,0.0068,0,0,0,0
hcaC,indel;+G;+TG;-1;+GG,indel,2591647,0,0,0,0,0,0,0,0,0,0,0,0,0,0,0,0,0,0,0,0,0,0,0,0,0,0,0,0,0,0,0,0,0,0,0,0,0,0,0,0,0,0,0,0,0,0,0,0,0,0,0,0,0,0,0.0172,0,0,0,0.0135,0.0215,0.0515,0.041,0.0781,0.1132,0.0813,0.1562,0.1724,0.1197,0.0899,0.0339,0.0652,0.0326,0.023,0.1111,0.1319,0.1951,0.0339,0.0667,0.018,0.0183,0.0614,0.0315,0.0194,0.0133,0.1463,0.1667,0.0667,0.0185,0,0,0,0,0,0,0,0,0,0,0,0,0,0,0,0,0,0,0,0,0,0,0,0,0,0,0,0,0
hcaC,MOB_2591648_2591650_IS150_-1,sv,2591648,0,0,0,0.0033,0,0.0032,0,0,0.0056,0,0,0.0204,0,0,0,0,0.0091,0,0.0089,0,0,0,0,0,0.0092,0.0139,0.0527,0.0386,0.004,0,0.0079,0.0059,0.0054,0.029,0.0668,0.0875,0.0408,0.0458,0.0655,0.0053,0.0048,0.0067,0.0076,0.0036,0.0076,0.0394,0.0079,0.0325,0.059,0.0239,0.0168,0.1477,0.1758,0.0726,0.0471,0.1441,0.0895,0.1229,0.1328,0.2601,0.3524,0.3288,0.5757,0.5204,0.5976,0.5587,0.482,0.4304,0.1991,0.2941,0.2894,0.3431,0.4084,0.3934,0.4981,0.482,0.3022,0.4779,0.2034,0.6034,0.7975,0.8875,0.0979,0.2512,0.6441,0.8327,0.6874,0.8049,0.9612,0.5687,0.2162,0,0,0,0,0,0.0202,0.0058,0,0.0076,0,0,0,0,0.0123,0,0,0.003,0.0091,0.0106,0.0194,0,0.0058,0.0032,0,0,0
yphE,A->C,missense,2598792,0,0,0,0.023,0,0,0.12,0.1333,0.0795,0.0556,0,0,0,0,0,0,0,0,0,0,0,0,0,0,0,0,0,0.0476,0,0,0,0,0,0,0.0179,0,0,0,0,0,0,0,0,0.0152,0,0,0,0,0.0714,0,0,0.0328,0,0,0,0,0,0,0,0.0408,0,0.0143,0.0222,0,0.0141,0,0,0,0,0,0,0,0,0.0192,0,0,0,0,0,0,0,0.02,0.0175,0,0.0189,0,0,0,0,0,0,0,0.0312,0,0,0,0,0,0.0294,0.0101,0,0.0111,0,0,0,0,0,0,0,0,0,0,0,0,0,0.0164,0
purL,C->A,missense,2614425,0,0,0.0227,0.0092,0,0,0,0,0,0,0,0,0,0,0,0,0,0,0.0149,0,0,0,0,0,0,0,0,0,0,0,0,0,0,0,0,0,0,0,0,0,0,0,0,0,0,0,0,0,0,0,0,0,0,0,0,0,0,0,0,0,0,0.0104,0,0,0,0.1509,0.3038,0.3333,0.2093,0.0575,0.0339,0,0,0.1552,0.3393,0.1803,0.0513,0.0227,0,0,0,0,0,0,0,0,0,0,0,0,0,0,0,0,0,0,0,0,0,0,0,0,0,0,0,0,0,0,0,0,0,0,0,0,0,0,0
rncS,G->A,missense,2625327,0,0,0,0,0,0,0,0,0,0,0,0,0,0,0,0,0,0,0.0256,0.131,0.1591,0.0588,0.2203,0,0.0896,0.0945,0.0455,0.0938,0.1758,0.0294,0.1791,0.087,0.0175,0.3273,0.4603,0.2564,0.1528,0.3571,0,0,0,0.0116,0,0,0,0,0,0,0,0,0,0,0,0,0,0,0,0,0,0,0,0,0,0,0,0,0,0,0,0,0,0,0,0,0,0,0,0,0,0,0,0,0,0,0,0,0,0,0,0,0,0,0,0,0,0,0,0,0,0,0,0,0,0,0,0,0,0,0,0,0,0,0,0,0,0,0
nadB,G->A,missense,2632798,0,0,0,0,0,0,0,0,0,0,0,0,0,0,0,0,0,0,0,0,0,0,0,0,0,0,0,0,0,0,0,0,0,0,0,0,0,0,0,0,0,0,0,0,0,0,0,0,0,0,0,0,0,0.0217,0,0,0.0167,0.0392,0,0.1154,0.0189,0.0185,0.0545,0.1266,0.1702,0.0263,0,0.0469,0.1481,0.0417,0.3061,0.2391,0.0444,0.3731,0.24,0.2857,0.4082,0.48,0.7042,0.3729,0.1939,0.0909,0.9231,0.7692,0.3704,0.0204,0,0.0156,0,0.0127,0,0.1786,0.2742,0.4429,0.2162,0.04,0.0154,0.0328,0.0862,0.0196,0,0,0,0,0,0,0,0.0095,0,0,0,0,0,0,0,0.0238,0
intergenic,junction_2655704_-1_IS150_start,sv,2655704,0,0,0,0,0,0,0,0,0,0,0,0,0,0,0,0,0,0,0,0,0,0,0,0,0,0,0,0,0,0,0,0,0,0,0,0,0,0,0,0,0,0,0,0,0,0,0,0,0,0,0,0,0,0,0.0943,0,0,0,0,0.0244,0.027,0.0185,0,0,0.0192,0.2,0.0556,0.3143,0.4035,0.5294,0.1714,0.5577,0.5,0.3953,0.2558,0.3699,0.4062,0.3158,0.1111,0,0.2381,0.0392,0.3019,0.1,0.0667,0.2632,0.5,0.1887,0.1176,0.4576,0.8718,1,0.8868,0.65,0.8889,0.9697,0.9792,0.9318,0.931,0.9722,0.9932,1,1,1,1,1,0.9905,1,1,1,1,1,1,0.9928,1,1,1
intergenic,A->G,noncoding,2655708,0,0,0,0,0,0,0,0.0175,0,0,0,0,0,0,0,0,0.0294,0,0,0,0,0,0,0,0,0,0,0,0,0,0,0,0,0,0,0,0,0,0,0,0,0,0,0,0,0,0,0,0,0,0,0.1356,0.1346,0,0.0241,0.0109,0,0,0,0,0,0,0,0,0,0,0,0,0,0,0,0,0,0,0,0,0,0,0,0,0,0,0,0,0,0,0,0,0,0,0,0,0,0,0,0.1429,0,0,0,0,0,,,,,,0,,,,,0,,0,,,
yfiH,junction_2655746_1_IS150_end,sv,2655746,0,0,0,0,0,0,0,0,0,0,0,0,0,0,0,0,0,0,0,0,0,0,0,0,0,0,0,0,0,0,0,0,0,0,0,0,0,0,0,0,0,0,0,0,0,0,0.0189,0.1875,0.1667,0.1,0.0556,0,0,0,0,0,0,0,0,0,0,0,0,0,0,0,0,0,0,0,0,0,0,0,0,0,0,0,0,0,0,0,0,0,0,0,0,0,0,0,0,,0,0,0,0,0,0,0,0,0,,,,,0,0,,0,,,,,,,,
yfiH,MOB_2655781_2655783_IS150_-1,sv,2655781,0,0,0,0.0114,0,0.0048,0,0,0,0,0,0,0,0,0,0,0,0,0,0,0,0,0,0,0,0.0077,0,0,0.0255,0,0,0.0224,0.1821,0.1727,0.0519,0.0379,0.0678,0,0,0,0,0,0,0,0,0,0.0344,0.0564,0.0453,0.0378,0.0236,0.1019,0.5025,0.5349,0.5229,0.3737,0.4131,0.3537,0.624,0.5535,0.2912,0.1417,0.1455,0.0501,0.1317,0.1567,0.1495,0.1911,0.3767,0.2952,0.2046,0.1939,0.3704,0.2319,0.1769,0.2363,0.0958,0.0632,0.1111,0.0538,0.0373,0.0476,0.065,0.0958,0.0853,0.2088,0.2151,0.1911,0.0615,0.1647,0.6122,0.8936,0.6653,0.614,0.775,0.8797,1,0.944,1,1,1,0.9903,1,1,1,0.967,1,1,0.979,1,1,0.9722,1,1,1,1,1
yfiH,MOB_2655781_2655783_IS150_1,sv,2655781,0,0,0,0,0,0,0.0238,0.0399,0.5972,0.3646,0.7474,0.5989,0.3856,0.2708,0.2184,0,0.0689,0.017,0,0.1315,0,0,0,0,0,0.0084,0,0,0,0,0,0.0234,0,0.0132,0,0,0,0,0.0099,0.0423,0.2118,0,0,0,0,0.0244,0.0507,0.166,0.268,0.5854,0.772,0.5895,0.3832,0.4299,0.3931,0.546,0.5682,0.6281,0.3518,0.4255,0.6603,0.8027,0.8162,0.8779,0.8467,0.7772,0.82,0.7643,0.6104,0.6564,0.7563,0.7717,0.613,0.7277,0.7846,0.7322,0.8824,0.9278,0.9166,0.9178,0.9244,0.9625,0.9435,0.9211,0.9357,0.8781,0.8982,0.8703,0.9202,0.8784,0.2776,0.1974,0.498,0.6325,0.3585,0.0766,0.3636,0.1508,0.0709,0.404,0,0.0083,,,0,0,0,0,0,0,0,0.25,0,0,0,0,
pheA,C->A,missense,2660106,0,0,0,0,0,0.0071,0,0,0,0,0,0,0,0,0,0,0,0,0,0,0.0217,0,0,0,0,0,0,0.0208,0.0482,0.0278,0.0133,0.1111,0.0735,0.08,0.0845,0.1429,0.0682,0.1333,0,0,0,0,0,0,0,0.0122,0,0.0323,0,0,0,0,0,0,0,0,0,0,0,0,0,0,0,0,0,0,0,0,0,0,0,0,0,0,0,0,0,0,0,0.0119,0.0119,0,0,0,0,0,0,0,0,0,0,0,0,0,0,0,0,0,0,0,0,0,0,0,0,0,0,0,0,0,0,0,0.0056,0.0068,0,0,0
proX,G->A,missense,2702361,0,0,0,0.0067,0,0,0,0,0,0,0,0,0.0189,0,0,0,0,0,0,0,0,0,0,0,0.331,0.3417,0.6111,0.6842,0.7399,0.8763,0.6849,0.6979,0.7107,0.4872,0.4787,0.4688,0.551,0.3333,1,1,1,0.9941,1,1,1,1,1,0.9796,1,1,1,0.99,0.9818,1,1,1,1,1,0.9888,0.9904,0.9855,0.9785,1,1,1,1,1,0.9924,0.989,1,1,1,1,0.9891,0.9885,0.9789,0.9844,1,1,0.9722,1,1,1,1,1,1,1,1,1,0.9939,0.9818,1,1,0.9906,0.9778,1,0.99,0.9914,1,1,1,0.9912,0.9706,1,0.9913,1,0.9718,1,1,1,1,1,1,0.9935,1,1,1
emrA,T->A,missense,2706902,0,0,0,0,0.0139,0.0153,0,0,0,0.0357,0,0,0,0,0,0,0,0,0,0,0,0,0,0,0.0093,0,0,0,0.0139,0,0,0,0.0133,0,0,0,0,0,0,0,0,0,0,0,0,0,0,0,0,0,0,0,0,0,0,0,0,0,0,0.0139,0.025,0,0.05,0.027,0.0267,0,0,0,0.087,0.2424,0.069,0.3231,0.3125,0.1698,0.3396,0.4429,0.3636,0.125,0.2469,0.5493,0.6905,0.8909,0.1,0.1667,0.6324,0.9062,0.6792,0.7647,0.9266,0.587,0.2469,0,0,0,0,0,0,0,0,0,0,0,0,0,0,0,0,0,0,0,0,0,0,0,0,0,0
ascF,indel;-30,indel,2735606,0,0,0,0,0,0,0,0,0,0,0,0,0,0,0,0,0,0,0,0,0,0,0,0,0,0,0,0,0,0,0,0,0,0,0,0,0,0,0,0,0,0,0,0,0,0,0,0,0,0,0,0,0,0,0,0,0,0,0,0.027,0.009,0.0613,0.0976,0.0766,0.1605,0.2162,0.0564,0.0065,0,0,0,0,0,0,0,0,0,0,0,0,0,0,0,0,0,0,0,0,0,0,0,0,0,0,0,0,0,0,0,0,0,0,0,0,0,0,0,0,0,0,0,0,0,0,0,0,0
hypA,C->T,noncoding,2745458,0,0,0,0,0,0,0,0,0,0,0,0,0,0,0,0,0,0,0,0,0,0.0345,0.0633,0.0444,0.1709,0.1872,0.3675,0.2759,0.3386,0.225,0.1308,0.0723,0.1163,0.0541,0.0485,0.0811,0.0724,0,0.1094,0.02,0.109,0.108,0.0329,0.0333,0.1529,0.0956,0.0704,0.1,0.0469,0.0161,0,0,0,0,0,0,0,0,0,0,0,0,0,0,0,0,0,0,0,0,0,0,0,0,0,0,0,0,0,0.007,0,0,0,0,0,0,0.0103,0,0,0,0,0,0,0,0,0,0,0,0,0,0,0,0,0,0,0,0.0125,0,0,0,0,0,0,0,0,0,0
ygbK,A->C,missense,2758314,0,0.02,0,0,0,0.0079,0,0,0,0,0,0,0,0,0,0,0,0,0,0,0,0,0.0064,0,0,0.0043,0,0,0,0,0,0,0.0067,0.0083,0,0,0,0,0.005,0.0048,0,0,0,0,0,0,0.007,0,0,0,0,0,0,0,0.0437,0,0.0065,0,0,0.0085,0,0,0,0,0,0,0,0,0,0.0052,0.0155,0.015,0.0532,0.04,0.1269,0.0567,0.0215,0.0833,0.0452,0.0925,0.0915,0.0226,0.096,0.015,0.0522,0.1064,0.4336,0.1022,0.061,0.3886,0.7892,0.8966,0.7687,0.5975,0.7717,0.9368,0.9615,0.9045,0.9651,0.9683,0.9865,0.9954,1,1,1,1,0.9951,1,0.9913,1,1,0.9843,0.9907,0.9957,1,0.9946,1
intergenic,indel;-1;-2,indel,2775881,0,0,0,0,0,0,0,0,0,0,0,0,0,0,0,0,0,0,0,0,0,0,0,0.0312,0,0,0.0161,0,0.0111,0.0435,0.117,0.0806,0.0429,0.0345,0,0.0541,0,0,0,0,0.0198,0,0.0583,0.0085,0,0,0.0303,0,0,0.0227,0,0,0,0.0385,0.0417,0.0246,0,0,0,0,0.0125,0,0,0,0,0,0,0,0,0,0,0,0,0,0,0,0.0175,0,0,0,0,0,0,0.0143,0,0,0,0,0,0,0,0,0,0,0,0,0,0,0,0,0,0,0,0,0,0,0,0,0,0,0,0,0,0,0,0,0
intergenic,indel;+A;+TA,indel,2775886,0,0,0,0,0,0,0.0175,0,0,0,0,0,0.0213,0,0.1333,0,0,0,0,0.0125,0.04,0,0.0488,0.0571,0.0177,0.1275,0.0492,0.037,0.0968,0.0204,0.1183,0.0597,0.0571,0.1774,0.2708,0.2162,0.1139,0,0,0,0,0,0,0,0,0,0,0,0,0,0,0,0,0,0,0,0,0,0,0,0,0,0,0,0,0,0,0,0,0,0,0,0,0,0,0,0,0,0,0,0,0,0,0,0,0,0,0,0,0,0,0,0,0,0,0,0,0,0,0,0,0,0,0,0,0,0,0,0,0,0,0,0,0,0,0,0
intergenic,G->A,noncoding,2775894,0,0,0.0192,0.0078,0,0,0.0179,0,0,0,0,0,0.0638,0,0.1333,0,0,0,0,0,0.0357,0,0.0476,0.0556,0.0172,0.1258,0.0492,0.0714,0.0947,0.02,0.1474,0.0704,0.0563,0.1719,0.2885,0.2222,0.1139,0,0,0,0,0,0,0,0,0,0,0,0,0,0,0,0,0,0,0,0,0,0,0,0.012,0,0,0,0,0,0,0,0,0,0,0,0,0,0,0,0,0,0,0,0,0,0,0,0,0,0,0,0,0,0,0,0,0,0,0,0,0,0,0,0.0079,0,0,0,0,0,0,0,0,0,0,0,0,0,0,0,0
intergenic,C->T,noncoding,2775896,0,0,0.0192,0,0,0,0.0179,0,0,0,0,0,0.0208,0,0.125,0,0,0,0.0119,0,0.0351,0,0.0476,0.0556,0.0172,0.1203,0.0492,0.0714,0.0947,0.0196,0.125,0.0704,0.0563,0.1719,0.2885,0.2222,0.1139,0,0,0,0,0,0,0,0,0.0159,0,0.0278,0,0,0,0,0,0,0,0,0,0.029,0,0,0,0,0,0,0,0,0,0,0,0,0,0,0,0,0,0,0,0,0,0.0086,0,0,0.0084,0,0,0,0,0,0,0,0,0.0135,0.011,0,0,0,0,0,0,0,0,0,0.05,0,0,0,0,0,0,0,0,0,0,0,0,0,0
intergenic,T->C,noncoding,2775897,0,0,0,0,0,0,0.0179,0,0,0,0,0,0.0213,0,0.125,0,0,0,0,0,0.0351,0,0.0476,0.0556,0.0172,0.125,0.0492,0.0714,0.0947,0.0196,0.125,0.0704,0.0563,0.1719,0.2885,0.2286,0.1139,0,0,0,0,0,0,0,0,0,0,0,0,0,0,0,0,0,0,0,0,0.0145,0,0,0,0,0,0,0,0,0,0.0127,0,0,0,0,0,0,0,0.0164,0,0,0,0,0,0,0,0,0,0,0,0,0,0,0,0.0135,0,0,0,0,0,0,0,0,0,0,0,0,0,0,0,0,0,0,0,0,0,0.006,0,0,0
relA,A->C,missense,2801470,0,0,0,0,0,0.0238,0,0,0,0,0,0,0,0,0,0,0,0,0,0,0,0,0,0,0,0.008,0,0,0,0,0,0,0,0,0,0,0,0.0526,0,0,0,0,0.0096,0,0.0312,0.029,0,0.0417,0.0244,0.0625,0.1026,0.1034,0,0.0851,0.0794,0.1395,0.0685,0.1389,0.0222,0,0,0,0,0,0,0,0,0,0,0,0,0,0,0,0,0,0,0,0,0,0,0.0233,0,0,0,0,0.0294,0,0,0,0,0,0,0,0,0,0,0,0,0.0072,0,0,0,0,0.0077,0,0,0,0,0,0,0,0,0,0,0,0
rumA,MOB_2803568_2803570_IS150_-1,sv,2803568,0,0,0,0,0,0,0,0,0,0,0,0,0,0,0,0,0,0,0,0,0,0,0,0,0,0,0,0.1038,0.0996,0.0747,0.1705,0.1384,0.0888,0.1627,0.401,0.1496,0.268,0.1429,0,0,0,0,0,0,0,0,0,0,0,0,0,0,0,0,0,0,0,0,0,0,0,0,0,0,0,0,0,0,0,0,0,0,0,0,0,0,0,0,0,0,0,0,0,0,0,0,0,0,0,0,0,0,0,0,0,0,0,0,0,0,0,0,0,0,0,0,0,0,0,0,0,0,0,0,0,0,0
rumA,MOB_2803703_2803705_IS150_-1,sv,2803703,0,0,0,0,0,0,0,0,0,0,0,0,0,0,0,0,0,0,0,0,0,0,0,0,0,0,0,0,0,0,0,0,0,0,0,0,0,0,0,0,0,0.0069,0,0.0062,0.0465,0.0594,0.1429,0.0484,0.0727,0.0333,0.038,0.2188,0.2059,0.0118,0.0297,0.0147,0,0,0.0141,0,0,0,0,0,0,0.012,0.0254,0,0,0,0,0,0,0,0,0,0,0,0,0,0,0,0,0,0,0,0,0,0,0,0,0,0,0,0,0,0,0,0,0,0,0,0,0,0,0,0,0,0,0,0,0,0,0,0,0,0
fucI,MOB_2830450_2830452_IS150_1,sv,2830450,0,0,0,0.1593,0,0,0,0.0164,0,0,0,0.0769,0,0,0,0,0,0,0,0,0.0192,0,0.0227,0,0,0,0,0,0,0,0,0,0,0.039,0.0196,0.0588,0.0388,0,0,0.0081,0,0.0224,0.0139,0.0069,0,0.0235,0,0,0.0233,0.0377,0.01,0,0,0.06,0,0,0,0.0299,0.0455,0,0,0,0,0.0632,0.0148,0,0.0139,0.0096,0,0,0,0.0571,0.0734,0.3761,0.234,0.2881,0.2571,0.2143,0.7115,0.5154,0.2706,0.0488,0.9296,0.6887,0.396,0.0909,0,0.1043,0.0619,0.1722,0.0294,0.1429,0.5281,0.49,0.3684,0.1154,0.0597,0.068,0.0581,0.044,0,0,0,0,0,0,0,0.0116,0,0,0,0,0,0.0066,0,0.0081,0
kduD,MOB_2877312_2877315_IS150_-1,sv,2877312,0,0,0.0108,0.0076,0,0.0064,0.032,0,0,0,0,0,0.0507,0.0229,0.0186,0,0.0697,0.0134,0.012,0.0394,0.1345,0.3873,0.2646,0.3433,0.3403,0.2914,0.5489,0.506,0.5433,0.3799,0.2274,0.1847,0.2305,0.0889,0.1679,0.0943,0.1097,0.1877,0.1908,0.0965,0.1969,0.2167,0.1345,0.1055,0.1914,0.2107,0.2286,0.1949,0.402,0.2684,0.2428,0.2146,0.3286,0.1419,0.3539,0.2944,0.2773,0.2561,0.2358,0.2501,0.5424,0.5614,0.661,0.54990000000000006,0.7358,0.4328,0.6333,0.4409,0.3271,0.3959,0.2149,0.2667,0.3358,0.4085,0.4885,0.49,0.38,0.528,0.2423,0.6096,0.6414,0.8967,0.073,0.1873,0.6535,0.915,0.7404,0.7705,0.8671,0.5892,0.2136,0,0.0052,0,0.0096,0,0.0154,0.045,0.8347,0.9409,1,1,1,1,0.9971,1.0001,1,1,1,1,1,1,1,1,1,1,1
kduD,MOB_2877355_2877357_IS150_1,sv,2877355,0.002,0,0,0,0.0109,0,0.0247,0.0285,0,0.0315,0,0,0,0,0,0,0,0,0.0134,0.0109,0,0,0,0,0,0,0.0426,0.0136,0.0525,0.0281,0.0041,0.0064,0.0059,0.0147,0,0,0.0155,0,0,0,0.0668,0.0139,0,0,0.0206,0.012,0.0274,0.0363,0.0765,0.0278,0.0185,0.0232,0.0378,0.0075,0,0.0218,0.0126,0.0146,0,0.0059,0.028,0,0.0117,0,0.0283,0,0,0.0084,0.1414,0.2004,0.0075,0.013,0.0072,0.0069,0,0,0,0,0,0,0,0.0206,0,0,0,0,0,0,0,0,0,0,0,0,0.0049,0,0,0,0,0,0,0,0,0,0,0,0,0,0,0,0,0,0,0,0,0,0
yqeB,MOB_2899574_2899576_IS150_-1,sv,2899574,0,0,0,0,0,0.006,0.023,0.0133,0.0067,0,0,0,0,0.013,0,0,0,0,0,0.0222,0.0142,0,0,0,0.0097,0.009,0,0,0.0056,0,0.0047,0.0065,0,0,0,0,0,0,0,0.0046,0,0,0.0037,0.0129,0.0273,0,0,0,0,0,0.0102,0.0155,0.011,0.0216,0.0255,0.0163,0,0.0063,0,0.0194,0.0222,0.0353,0.0073,0,0,0,0,0,0.0071,0.0047,0.0259,0,0,0.0105,0.0076,0,0.0312,0,0.0128,0,0,0,0.2037,0.3158,0.1269,0.0182,0,0.0222,0.0084,0,0,0.0662,0.183,0.2222,0.1606,0.0081,0.029,0.0588,0.0132,0.0106,0,0.0099,0,0,0,0,0,0,0.004,0,0,0,0,0,0,0,0
yqeB,MOB_2899615_2899617_IS150_-1,sv,2899615,0,0,0.012,0,0.0166,0,0,0,0.008,0,0,0.0283,0,0,0,0,0,0.0089,0,0.0265,0,0,0.0051,0,0,0.0133,0.0256,0,0.0062,0.0115,0.0047,0,0.0114,0,0,0,0.036,0,0,0,0.0286,0.0042,0,0.0187,0,0,0.0074,0,0,0,0.0199,0.0224,0,0.0151,0,0.021,0.0132,0.0138,0.0082,0.0252,0.0308,0.0113,0,0.0077,0.0057,0,0.0085,0.0111,0.0528,0.0274,0.4171,0.1411,0.0779,0.4322,0.2119,0.2211,0.418,0.3286,0.6963,0.3818,0.279,0.1302,0.9073,0.7426,0.2895,0.0454,0,0.0123,0.0164,0.0155,0.0051,0.0349,0.1595,0.2738,0.1177,0.0087,0.0422,0.0374,0.0622,0.0147,0,0,0,0,0,0,0,0.0035,0,0,0,0,0,0,0,0,0
yqeB,MOB_2899615_2899617_IS150_1,sv,2899615,0,0,0.0468,0.0195,0.0245,0.0183,0,0.0394,0.0237,0.0339,0,0,0.0167,0,0.033,0.0675,0.0917,0.1403,0.0424,0.0525,0.059,0,0.0253,0.0134,0.0409,0.0613,0.0925,0.0963,0.0248,0.034,0.0602,0.045,0.0721,0.0093,0.0083,0.0322,0.0509,0,0,0.0377,0.0236,0.029,0.0042,0.0418,0.0875,0.0602,0.0073,0.0342,0.0528,0.015,0.0392,0.0368,0.0642,0.0601,0.0618,0.0525,0.0587,0.0542,0.0651,0.0374,0.0606,0.0721,0.0905,0.0842,0.0798,0.0225,0.0125,0.0333,0.0149,0.0218,0,0.031,0.0172,0.0075,0.0209,0.0131,0.0125,0,0,0.0112,0.0285,0.013,0.0064,0.0103,0.0078,0.0127,0,0.0183,0.0082,0.0039,0.0051,0,0.0072,0.0085,0.0155,0.0086,0,0.0279,0,0.0365,0.0678,0.0307,0,0.1382,0.0415,0.0412,0,0.0141,0.0379,0.0192,0,0.0109,0.0033,0,0,0,0.0735
flu,junction_2999596_-1_IS150_end,sv,2999596,0,0,0,0,0,0,0,0,0,0,0,0,0,0,0,0,0,0,0,0,0,0,0,0,0,0,0,0,0.1944,0.4868,0.5127,0.5454,0.486,0.5087,0.2844,0.2915,0.6172,0.8608,0.8704,0.9242,0.8175,0.8022,0.9296,0.8804,0.8852,0.7376,0.918,0.8396,0.9414,0.9538,0.9669,1,1,1,1,1,1,1,1,1,1,1,1,1,1,1,1,1,1,1,1,1,1,1,1,1,1,1,1,1,1,1,1,1,1,1,1,1,1,1,0.9716,1,1,1,1,1,1,1,1,1,1,1,1,1,1,1,1,1,1,1,1,1,1,1,1,1,1
yeeR,junction_3002908_-1_IS150_end,sv,3002908,0,0,0,0,0,0,0,0,0.0682,0.5789,0.1667,0.0909,0.6,0.9062,0.8125,0.6,0.8718,0.8704,0.9211,0.9844,0.975,1,0.9787,1,1,1,1,1,0.9348,1,1,1,1,1,1,1,1,1,1,1,1,1,1,1,1,1,1,,1,,,,1,,,1,,,,,,,,,,,,,,,,,,,,,,,,,,,,,,,,,,,0,,,,,,,,,,,,,,0,,,,,,,,,,,,
yeeU,MOB_3008938_3035123_IS150_-1,sv,3008938,0,0,0,0,0,0,0,0,0.7187,1,1,0.936,1,1,0.5021,1,0.3766,0.5,0,,,,,,,,,,,,,,,,,,,,,,,,,,,,,,,,,,,,,,,,,,,,,,,,,,,,,,,,,,,,0,,,,,,,,,,,,0,,,,,,,,,,,,,,,,,,,,,,,0,,,
intergenic,junction_3048488_1_IS150_start,sv,3048488,0,0,0,0,0,0.0137,0.0632,0.3421,0.641,0.8276,,0.8571,0.96,0.9655,1,1,1,1,0.9286,1,1,1,1,1,1,1,1,1,1,1,1,1,1,1,1,1,1,1,1,1,1,1,1,1,1,1,1,1,1,1,1,1,1,1,1,1,1,1,1,1,1,1,1,1,1,1,1,1,1,1,1,1,1,1,1,1,1,1,1,1,1,1,1,1,1,1,1,1,1,1,1,1,1,1,1,1,1,1,1,1,1,1,1,1,1,1,1,1,1,1,1,1,1,1,1,1,1
yghS,G->A,missense,3067926,0,0,0,0,0,0,0,0,0,0,0,0,0.0278,0,0,0,0,0,0,0,0,0,0,0,0,0.006,0,0,0,0,0,0.0169,0,0,0,0,0,0,0.2295,0.4462,0.3704,0.1585,0.2093,0.035,0,0.0513,0.4493,0.425,0.54,0.1613,0.1356,0.04,0.4286,0.5357,0.3976,0.4362,0.4752,0.4198,0.619,0.4691,0.3409,0.2184,0.1887,0.0725,0.0855,0.2903,0.2,0.3261,0.4112,0.4538,0.3023,0.5641,0.629,0.3409,0.3134,0.2793,0.2931,0.3478,0.0339,0.1429,0.1619,0.0361,0.0698,0.0976,0.039,0.0444,0.4,0.1154,0.044,0.2394,0.7143,0.863,0.7722,0.6667,0.7475,0.9841,0.925,0.92,0.975,0.9714,1,1,1,0.9286,1,1,1,1,1,1,1,1,1,1,1,1,1
yqhH,T->G,missense,3093020,0,0,0.0526,0,0,0,0,0,0,0,,0,0,0,0,0,0,0,0,0.0682,0.3636,0.5833,0.5143,0.3462,0.2727,0.3789,0.8857,0.8095,0.8085,0.7742,0.7966,0.9429,0.8,0.6552,0.5789,0.625,0.6304,1,0.9643,1,1,1,0.9846,1,1,1,1,1,1,1,1,1,1,1,0.9828,0.9818,1,1,1,1,1,1,1,1,1,1,1,1,1,1,1,1,0.9744,1,1,1,0.973,1,1,1,1,1,1,1,1,1,0.9167,1,1,1,1,1,1,1,1,1,1,1,1,1,1,0.9846,1,1,0.988,0.9851,1,0.9889,0.9885,0.9841,0.9583,1,1,1,1,0.9833,1
ygiQ,G->T,nonsense,3095121,0,0,0,0,0,0.0095,0,0,0,0,0,0,0,0,0,0,0,0,0,0,0,0,0,0,0,0,0,0,0,0,0,0,0,0,0,0,0,0,0,0,0,0,0,0,0,0.0147,0,0,0,0,0,0,0,0,0.0328,0,0,0,0,0,0,0,0,0,0,0,0,0,0,0,0,0,0,0,0,0,0,0,0,0,0,0,0,0,0,0,0,0,0,0,0,0,0,0,0.0625,0.08,0.0678,0.0588,0.7843,0.97,0.9823,1,1,1,1,1,1,1,1,1,1,1,0.9903,1,1,1,1
ygiV,MOB_3103274_3103277_IS150_1,sv,3103274,0,0,0,0,0,0.0097,0,0,0,0,0,0,0,0,0,0,0,0,0,0,0,0,0,0,0.0058,0,0,0,0.0072,0,0,0,0,0,0.0088,0,0,0,0,0,0,0,0.0084,0.0144,0,0,0,0,0,0,0.0109,0.0109,0,0,0.006,0,0.0319,0.0417,0.0976,0.0776,0.0684,0.1213,0.0442,0.0891,0.039,0.2818,0.0889,0.0655,0.0353,0.0718,0.0231,0.0834,0.0488,0.0479,0.0594,0,0,0,0,0,0,0,0,0,0,0,0,0,0,0,0.0086,0,0,0,0,0,0,0,0,0,0,0,0,0,0,0,0,0,0,0,0,0,0,0,0,0,0
ygiV,T->G,missense,3103279,0,0,0,0.0155,0,0.0107,0,0,0,0,0,0,0,0,0,0,0,0,0,0,0,0,0,0,0,0,0,0,0,0,0,0,0,0,0,0,0.0116,0,0,0,0,0.0093,0,0,0,0,0,0,0,0,0,0,0,0,0,0,0.013,0.0164,0.1132,0.0106,0.0404,0.0364,0.0185,0.0615,0,0.233,0.0337,0.0921,0.0548,0.033,0.0385,0.0526,0.0351,0.0732,0.0192,0.0119,0,0,0,0,0.0105,0,0,0,0,0,0.0182,0,0,0.01,0,0,0.0357,0.0128,0,0,0,0,0,0,0,0,0,0,0,0,0,0.0079,0,0,0,0,0,0,0,0,0
ygiL,C->T,missense,3119610,0,0,0,0,0,0,0,0,0,0,0,0,0,0,0,0,0,0,0,0,0,0,0,0.0833,0.0122,0.0588,0.0133,0.0968,0.0517,0,0.0533,0.1277,0.06,0.1961,0.1087,0.1724,0.0274,0.0714,0,0,0,0,0,0,0.0189,0,0,0,0,0,0.0156,0,0,0,0,0,0,0,0,0.0105,0,0,0,0,0,0,0,0,0,0,0,0,0,0,0,0,0,0.0303,0,0,0.0088,0,0,0,0,0,0,0,0,0,0,0,0,0,0,0,0.0263,0,0,0.0053,0.0057,0,0,0,0,0,0,0,0,0,0,0,0,0,0,0,0
ygjG,C->A,missense,3152331,0,0,0,0,0,0.0078,0,0,0,0,0,0,0,0,0,0,0,0,0,0,0,0,0,0,0,0,0,0,0,0,0,0,0,0,0.0147,0,0,0,0,0,0,0,0,0,0,0,0,0,0,0.0345,0,0,0,0,0,0,0,0,0,0,0,0.0135,0,0,0,0,0,0,0,0,0,0,0.0127,0,0,0,0,0,0,0,0.0106,0,0,0,0,0,0,0,0,0,0,0,0,0,0.0111,0,0,0,0.0143,0.007,0,0,0,0,0,0,0,0,0,0,0,0,0,0.0154,0,0.3077,0.2222
intergenic,indel;+C,indel,3172876,0,0,0,0,0,0,0,0,0,0,0,0,0,0,0,0,0,0,0,0,0,0,0,0,0,0,0,0,0,0,0,0,0,0,0,0,0,0,0,0,0,0,0,0,0,0,0,0,0,0,0,0,0,0,0,0,0,0.0412,0.0333,0.0471,0.0729,0.1835,0.0408,0.0342,0.0327,0,0,0,0,0,0,0,0,0,0,0,0,0,0,0,0,0,0,0,0,0,0,0,0,0,0,0,0,0,0,0,0,0,0,0,0,0,0,0,0,0,0,0,0,0,0,0,0,0,0,0,0
ygjU,MOB_3173611_3173613_IS150_-1,sv,3173611,0,0,0,0,0,0,0,0,0,0,0,0,0,0,0,0,0,0,0,0,0,0,0,0,0,0,0,0,0,0,0,0,0,0,0,0,0,0,0,0,0,0,0,0,0,0,0,0,0,0,0,0,0,0,0,0,0,0,0,0,0,0,0,0,0,0,0,0,0,0,0,0,0,0,0,0,0,0,0,0,0,0,0,0,0,0,0,0,0,0,0,0.0643,0.1518,0.2985,0.122,0.0057,0.0142,0,0,0,0,0,0,0,0,0,0,0,0,0,0,0,0,0,0,0,0
yqjA,MOB_3181052_3181053_IS150_1,sv,3181052,0,0,0,0,0,0,0,0,0,0,0,0,0,0,0,0,0,0,0,0,0,0,0,0,0,0,0,0,0,0,0,0,0,0,0,0,0,0,0,0,0,0.0078,0,0,0,0,0,0,0,0,0,0,0,0,0.0144,0,0,0,0,0,0,0,0,0,0,0,0,0,0,0,0,0,0,0,0,0,0,0,0,0,0,0,0,0,0,0,0,0,0,0,0,0,0,0,0,0,0,0.0087,0,0.0255,0.1289,0.2992,0.1215,0.3331,0.4126,0.4916,0.742,0.7108,0.7056,0.8999,0.8297,0.8906,0.9156,0.7891,0.5395,0.7676,0.5939
agaW,indel;-15,indel,3213724,0,0,0,0,0,0,0,0,0,0,0,0,0,0,0,0,0,0,0,0,0,0,0,0,0,0,0,0,0,0,0,0,0,0,0,0,0,0,0,0,0,0,0,0,0,0,0,0,0,0,0,0,0,0,0,0,0,0,0,0,0,0,0,0,0.0098,0,0,0.024,0.0584,0.0146,0.4737,0.1951,0.1135,0.1636,0.1852,0.1404,0.303,0.4667,0.6316,0.3622,0.2817,0.0315,0.8293,0.75,0.281,0.1316,0,0.0123,0,0.0234,0,0.1237,0.3455,0.422,0.2308,0.0476,0.0649,0.0265,0.02,0.0094,0,0,0,0,0,0,0,0,0,0,0,0,0,0,0,0,0
agaA,C->T,synonymous,3216597,0.0051,0,0,0,0.0161,0,0,0,0,0,,0,0,0,0,0,0,0,0.0083,0,0,0,0,0,0,0,0,0,0,0,0,0,0,0,0,0,0,0,0,0,0,0,0,0,0,0,0,0,0,0,0,0,0,0,0.0235,0,0,0,0,0,0,0,0,0,0,0,0,0,0,0,0,0,0,0,0,0,0,0,0,0,0,0.0192,0,0,0,0,0,0,0,0,0,0,0,0,0,0,0,0,0,0,0,0,0,0,0.051,0.0549,0.082,0.1226,0.0796,0.0702,0.1053,0.0494,0.0741,0.0959,0,0.0909,0.1
yraI,indel;-1,indel,3223670,0,0,0,0,0,0,0,0,0,0,0,0,0,0,0,0,0,0,0,0,0,0,0.0185,0,0,0,0,0,0,0,0,0,0,0,0,0,0,0,0,0,0,0,0.0081,0,0,0,0,0,0,0,0,0,0,0,0,0,0,0,0,0,0.0449,0.0297,0.0122,0.0476,0.0763,0.098,0.098,0.1546,0.0341,0.0383,0.046,0,0,0,0,0,0,0,0,0,0,0,0,0,0,0,0,0,0,0,0,0,0,0,0,0,0,0,0,0,0,0,0,0,0,0,0,0,0,0,0,0,0,0,0,0,0
nusA,G->T,missense,3251785,0,0,0,0,0,0,0,0,0,0,0,0,0,0,0,0,0,0,0,0,0,0,0,0,0,0,0,0,0,0,0,0,0,0,0,0,0,0,0,0,0,0,0,0,0,0,0,0,0,0,0,0,0,0,0,0,0,0,0,0,0,0,0,0,0,0,0,0,0,0,0,0,0,0,0.0185,0,0,0,0,0,0,0,0.1163,0.275,0.2941,0.0208,0.0222,0.0357,0.0215,0.0312,0,0.1091,0.1887,0.3784,0.2778,0.0923,0.0926,0.119,0.1667,0.0087,0.0094,0,0,0,0.0083,0,0.0133,0,0,0,0,0,0,0,0,0,0
yhbC,C->T,noncoding,3253317,0,0,0.0244,0,0,0,0,0,0,0,0,0,0,0,0,0,0,0,0.1842,0.1321,0,0,0,0,0,0.0171,0,0,0,0,0,0,0,0,0,0,0,0,0,0,0,0,0,0,0,0,0,0,0,0,0.0185,0,0,0,0,0,0,0,0,0,0,0,0,0,0.0096,0,0,0,0,0,0,0,0,0,0,0,0,0,0,0,0,0,0,0,0,0,0,0,0,0,0,0,0,0,0,0,0,0,0,0,0,0,0,0,0,0,0,0,0,0,0,0,0,0,0,0,0
yhbX,MOB_3255522_3255524_IS150_1,sv,3255522,0,0,0,0,0,0,0,0,0,0,0,0,0,0,0,0,0,0,0,0,0,0,0,0,0,0,0,0.0125,0.0439,0.1173,0.0242,0.0289,0,0,0,0,0,0,0,0,0,0.0038,0,0,0,0,0,0,0,0,0,0,0,0,0,0,0,0,0,0,0,0,0,0,0,0,0,0,0,0,0,0,0,0,0,0,0,0,0,0,0,0,0.0044,0,0.0056,0,0,0,0.0083,0,0,0,0,0,0,0,0,0,0,0,0,0,0,0,0,0,0,0,0,0,0,0,0,0,0,0,0
hflB,A->C,missense,3260593,0,0,0,0.0135,0,0.0114,0,0,0,0,0,0,0,0,0,0,0,0,0,0,0,0,0,0,0.0095,0,0,0,0,0,0,0,0,0,0,0,0,0,0.0119,0,0,0,0,0,0,0,0,0,0,0,0,0,0.0192,0.082,0.1509,0.144,0.1667,0.2791,0.25,0.2791,0.1143,0.211,0.2,0.3333,0.1927,0.137,0.3061,0.2593,0.2947,0.2048,0.3134,0.1,0.0533,0.2561,0.1346,0.2,0.3721,0.4571,0.7342,0.3689,0.2419,0.0886,0.8193,0.7907,0.28,0.0375,0,0.0392,0.0096,0.0108,0,0.1304,0.2527,0.4375,0.2818,0.0377,0.0455,0.0735,0.0811,0,0.0166,0,0,0,0,0,0,0,0,0,0,0,0,0,0,0,0
intergenic,MOB_3270443_3270446_IS150_1,sv,3270443,0,0,0,0.0052,0.0721,0.1228,0.0899,0.1579,0.0317,0,0,0.0333,0.0125,0,0,0,0,0,0,0,0,0,0,0,0,0.0074,0,0,0.005,0,0.0303,0.0161,0,0.0089,0,0,0.0103,0,0,0.0061,0.0093,0.0034,0.0046,0.0043,0,0.0176,0.0211,0.0161,0.0164,0,0.0196,0.0248,0.0333,0.0606,0.0818,0.0241,0,0,0.0282,0.049,0.0861,0.0674,0.0888,0.1076,0.0706,0.0931,0.12,0.3519,0.3851,0.4545,0.2424,0.4468,0.5032,0.3926,0.4032,0.3005,0.1848,0.1447,0.06,0.1226,0.1793,0.035,0.1049,0.0588,0.1034,0.1231,0.3736,0.2086,0.0437,0.2788,0.7838,0.9432,0.7792,0.6703,0.8723,0.9683,0.9568,0.9716,0.9633,0.9864,0.9885,1,1,1,1,1,1,1,1,1,1,0.968,1,1,1,1,1
yrbA,T->C,missense,3271926,0,0,0,0,0,0.0066,0,0,0,0,0,0,0,0,0,0,0,0.0127,0,0,0,0,0,0,0,0.0125,0,0,0,0,0,0,0.0137,0.0149,0,0,0,0,0.3256,0.6742,0.4742,0.6695,0.8308,0.8962,0.9104,0.7705,0.7808,0.8125,0.9302,1,0.913,0.9825,0.9362,0.9853,1,0.9891,1,0.9888,0.9804,1,0.9848,1,1,0.9756,1,1,1,0.9859,0.9878,1,1,0.9683,1,0.9836,0.9867,1,1,1,1,1,1,0.9808,1,1,1,1,1,1,1,1,1,1,1,0.9878,1,1,1,1,1,1,1,1,1,1,1,1,1,1,0.9944,1,1,1,1,1,1,1,1
arcB,T->C,missense,3287483,0,0,0,0,0,0,0,0,0,0,0,0,0,0,0,0,0,0,0,0,0,0,0.0141,0,0,0.0078,0,0,0,0,0,0,0,0,0,0,0,0,0,0,0,0,0,0,0,0,0.0156,0,0,0,0,0,0,0,0.0309,0,0,0,0,0,0,0,0,0,0,0,0.009,0,0,0,0,0,0,0,0,0,0,0,0,0,0,0,0.061,0.0122,0.0217,0.1067,0.4355,0.2447,0.0152,0.3071,0.6581,0.8636,0.6909,0.4419,0.7439,0.9167,0.971,0.863,1,0.9821,1,1,0.9524,1,1,1,0.9877,1,0.9918,1,1,1,1,1,1,1,1
yhcB,G->A,synonymous,3308106,0,0,0,0,0,0,0,0,0,0,0,0,0,0,0,0,0,0.0227,0,0,0,0,0,0,0,0,0,0,0,0,0,0,0,0,0,0,0.2632,0.5,0.7568,0.9351,0.7158,0.79,0.8901,0.9307,0.8958,0.7385,0.875,0.8235,1,1,0.98,1,1,0.9855,1,1,1,1,1,0.9851,0.9853,0.9651,1,1,1,1,0.9884,1,1,1,1,1,0.9714,1,0.9643,1,1,1,1,0.9762,0.9857,0.9859,0.9747,0.98,1,1,0.9767,1,1,1,0.9643,1,0.9846,0.9818,0.9892,1,1,1,1,1,1,1,1,1,1,1,1,1,1,1,1,0.9706,1,1,1,1,1
argR,G->A,missense,3312775,0,0.0127,0,0.0071,0,0,0,0,0,0,0,0.0312,0,0,0,0,0,0,0,0,0,0,0,0,0,0,0,0,0,0.0123,0,0.013,0.0109,0,0,0,0,0,0,0,0,0,0,0,0,0.013,0,0,0,0,0.0156,0.0085,0,0,0.0392,0,0,0.0119,0,0,0,0,0,0,0,0,0,0,0,0,0,0.0111,0,0,0,0,0,0,0,0,0,0,0,0,0,0.012,0,0,0,0.0993,0.2788,0.4189,0.6974,0.5326,0.6449,0.9221,1,0.9306,0.9211,0.9684,1,1,1,1,0.9939,0.9817,1,0.9937,1,1,1,0.9808,0.9876,0.9945,1,1,0.9167
argR,A->C,missense,3312846,0,0,0,0,0,0,0,0,0,0,0,0,0.02,0.0179,0,0,0,0,0,0,0,0,0,0,0,0,0,0.0263,0,0,0,0,0,0,0,0,0.0074,0,0.0087,0,0,0,0,0,0,0,0.0149,0,0,0,0,0,0,0,0,0,0,0.0114,0,0,0.0222,0,0,0,0,0,0.0081,0,0,0,0,0.0125,0,0,0,0.0081,0,0,0,0.0099,0.008,0,0,0,0,0,0,0,0,0,0,0.0758,0.2329,0.5275,0.27,0.0253,0.0536,0.061,0.0256,0.018,0.0057,0,0,0,0.0063,0,0,0,0,0,0,0,0,0,0,0,0
argR,G->A,missense,3312945,0,0,0,0.0073,0,0,0,0,0,0,0,0,0,0,0.0357,0,0,0,0,0,0.0156,0,0,0,0,0,0,0,0,0,0,0,0,0,0,0,0,0,0,0,0,0,0,0,0,0,0,0,0,0,0.0172,0,0,0.0135,0,0,0,0.0123,0,0,0,0,0,0,0,0,0,0,0,0,0.0125,0,0,0.0135,0,0,0,0,0,0,0.0103,0,0,0.0139,0,0,0,0.02,0.3579,0.1429,0.0361,0,0,0,0,0,0.0145,0,0,0,0,0.0139,0,0,0,0,0,0,0,0,0,0,0,0,0,0,0
intergenic,MOB_3313721_3313732_IS150_-1,sv,3313721,0,0,0,0,0,0,0,0,0,0,0,0,0,0,0,0,0,0,0,0,0,0,0,0,0,0,0,0,0,0,0,0,0,0,0,0,0,0,0,0,0,0,0,0,0.0189,0,0,0,0,0,0,0,0,0,0,0,0.01,0,0,0,0,0.0178,0.0875,0.1136,0.096,0.0678,0,0,0.0359,0,0,0,0,0,0,0,0,0,0,0,0,0,0,0,0,0,0,0,0,0,0,0,0,0,0,0,0,0,0,0,0,0,0,0,0,0,0,0,0,0,0,0,0,0,0,0,0
mreB,A->G,missense,3328272,0,0,0,0,0,0,0,0,0,0,0,0,0,0,0,0,0.0235,0,0,0,0,0,0,0,0,0.0068,0,0,0,0,0,0,0,0,0,0,0,0,0,0,0,0.0061,0,0.0076,0,0,0,0,0,0,0,0,0,0,0.0476,0,0,0,0,0,0,0,0,0.0112,0,0,0,0,0,0,0,0,0,0,0,0,0,0,0,0,0,0,0,0.0122,0,0.0299,0.2967,0.1386,0.0256,0.2846,0.6991,0.9494,0.6076,0.567,0.7067,0.9479,0.9859,0.9802,0.957,0.9634,0.9929,1,1,1,0.9845,0.989,1,1,1,1,1,1,1,0.9943,1,1,1
mreB,G->A,missense,3328402,0,0,0.0204,0,0,0,0,0.0299,0.0303,0,0,0,0,0,0,0,0.1048,0.0938,0,0,0,0,0,0,0,0,0,0,0.0062,0,0,0,0,0,0,0,0,0,0,0,0,0,0,0,0,0,0,0,0,0,0.0108,0,0,0.0133,0,0.022,0,0,0,0,0,0,0,0,0,0,0,0,0,0.0086,0,0,0.0093,0,0,0,0,0,0,0,0,0,0.009,0.0096,0,0,0,0,0,0,0,0,0.0123,0.0094,0,0,0.0206,0,0,0,0,0,0,0,0,0.0233,0,0,0,0,0,0,0.0122,0.0067,0,0,0
yhdG,T->G,noncoding,3338108,0,0,0,0,0,0,0,0,0,0,0,0,0,0,0,0,0,0,0,0.0323,0,0,0,0.0714,0.3594,0.5185,0.5763,0.9231,0.6316,0.8857,0.6538,0.8148,0.6071,0.5,0.2941,0.4,0.6506,0.75,1,1,1,1,1,1,1,1,1,1,1,1,1,1,1,1,1,1,1,0.9851,1,1,1,1,0.9848,1,1,1,1,1,1,0.993,1,1,0.9524,1,1,1,1,1,1,0.9886,1,1,1,1,1,1,1,1,1,1,0.9857,1,1,1,1,0.9836,0.9796,1,1,1,1,1,1,1,1,1,1,1,1,1,1,1,1,1,1,1,1
yhdG,A->C,missense,3338860,0,0,0,0,0,0.005,0.0282,0,0,0,0,0,0,0,0,0,0,0,0,0.0235,0.1959,0.2571,0.3256,0.5714,0.2523,0.124,0.0395,0.0556,0.087,0,0.0118,0.0075,0,0.0109,0,0,0.0108,0,0,0,0,0,0,0,0.011,0,0,0,0,0,0,0,0,0,0,0,0,0.0139,0,0,0,0,0,0.0068,0,0,0,0,0,0.0105,0.0106,0,0.0088,0,0,0,0,0,0,0,0.0104,0,0,0,0,0,0,0,0,0,0,0,0.0092,0,0,0,0,0,0,0.0068,0,0,0.0244,0,0.0087,0,0,0,0,0,0,0,0,0,0,0,0
yhdG,A->G,synonymous,3338860,0,0,0,0,0,0,0,0,0,0,0,0,0,0,0,0,0,0,0,0.0059,0.0103,0,0,0,0,0,0.0132,0.1111,0.0652,0.0625,0.1716,0.0597,0.1053,0.2283,0.3259,0.1224,0.2742,0.1579,0,0,0,0,0,0,0,0.0088,0,0,0,0,0,0,0,0,0,0,0,0,0,0,0,0,0,0,0,0,0,0,0,0,0,0,0,0,0,0.0075,0.0108,0,0,0,0,0,0,0,0,0,0,0,0,0,0,0,0,0,0,0,0,0,0,0,0,0,0,0,0,0,0,0.0059,0,0,0,0,0,0.0058,0,0,0
fis,A->G,missense,3339402,0,0,0,0.0056,0,0.0046,0,0,0,0,0,0,0,0,0,0,0.113,0.1494,0.0074,0.056,0,0,0,0,0,0,0,0,0,0,0,0,0,0,0,0,0,0,0,0,0,0,0,0,0,0.0111,0,0,0,0,0,0,0,0,0,0,0,0,0,0,0,0,0,0,0,0,0,0,0,0.0142,0,0,0,0,0,0,0,0,0,0,0,0,0,0,0,0,0,0,0.0054,0,0,0,0,0,0,0,0,0,0,0,0,0,0,0,0,0,0,0,0,0,0,0,0.0048,0,0,0,0
yhdJ,G->A,noncoding,3339489,0,0,0,0,0,0.005,0,0,0,0,0,0,0,0,0,0,0,0,0,0,0,0,0,0,0,0.0067,0,0,0,0,0.0394,0.1239,0.1562,0.1111,0.0253,0.2683,0.0748,0,0,0,0,0,0,0,0,0,0,0,0,0,0,0,0,0,0,0,0,0,0,0,0.0093,0.0087,0,0.011,0,0,0,0,0,0,0,0,0,0,0,0.0086,0,0,0.0069,0,0,0,0,0,0,0,0,0,0,0,0,0,0,0,0,0,0,0,0.0114,0,0.0087,0,0.0588,0,0.0077,0,0,0,0,0,0,0,0,0,0,0,0
acrE,A->G,synonymous,3342789,0,0,0,0.0192,0,0,0,0,0,0,0,0,0,0,0,0,0.0222,0,0,0,0.0145,0,0,0,0,0,0,0,0,0,0,0,0,0,0,0,0.0102,0,0,0,0,0,0,0,0,0,0,0,0,0,0,0.0156,0,0,0,0,0,0,0,0,0,0,0,0,0,0,0,0,0,0,0,0,0,0,0,0,0,0,0,0,0,0.0132,0,0.0175,0.029,0.0526,0.0833,0.1266,0.2178,0.2872,0.0581,0,0,0,0,0,0,0,0,0.015,0,0,0,0,0,0,0,0,0,0,0,0,0,0,0,0,0
smf,A->T,missense,3360525,0,0,0,0,0,0.0061,0,0,0,0,0,0,0,0,0,0,0,0,0,0,0,0,0.0222,0,0,0,0,0,0,0,0,0,0,0,0,0,0,0,0,0,0,0,0,0,0,0,0,0,0,0.0222,0,0,0,0,0,0,0,0,0,0,0,0,0,0,0,0,0,0,0,0,0,0,0,0,0,0,0.0189,0.16,0.1719,0.3165,0.4691,0.6849,0.0862,0.2093,0.5185,0.8143,0.5882,0.5816,0.5244,0.5165,0.2623,0,0,0,0,0,0,0,0,0,0.0079,0,0,0,0,0,0,0,0,0,0,0,0,0,0,0,0
rpsD,T->C,missense,3369432,0,0,0,0,0,0,0,0.0145,0,0,0,0,0,0,0,0,0.0128,0,0.0667,0.0229,0.0127,0,0,0,0,0.006,0,0,0,0,0,0,0,0,0,0,0,0,0,0,0,0,0,0,0,0,0.0152,0,0,0,0,0,0,0,0,0,0,0,0,0,0,0,0,0,0,0,0,0,0.1122,0.1729,0.2,0.1591,0.3398,0.1835,0.2661,0.2519,0.3684,0.4773,0.161,0.5472,0.6,0.7407,0.0734,0.2208,0.6238,0.8491,0.5588,0.76,0.922,0.6213,0.1863,0,0,0,0,0,0,0,0,0,0,0,0,0,0,0.0069,0,0,0,0,0,0,0,0,0,0,0
rpsE,A->T,missense,3372801,0,0,0,0,0,0,0,0,0,0,0,0,0,0,0,0,0,0,0,0,0,0,0,0,0,0,0,0,0,0,0,0,0,0,0,0,0,0,0,0,0,0,0,0,0,0,0,0,0,0,0,0.0141,0,0,0.066,0,0,0,0,0,0,0,0,0,0,0,0,0,0,0,0,0,0,0,0,0,0,0,0,0,0,0,0,0,0,0,0,0,0,0,0,0,0,0,0,0,0,0.0154,0.7843,0.9308,0.9875,0.9867,1,1,0.987,1,1,1,0.9934,0.9924,1,0.9474,1,1,1,1,0.9231
rpsE,T->C,missense,3373127,0,0.0139,0,0.0061,0,0,0,0,0,0,0,0,0,0,0,0,0,0,0,0,0,0,0,0.0196,0.119,0.2931,0.0476,0.0638,0.0081,0.0118,0,0.0412,0.1566,0.2034,0.06,0.0333,0.0412,0,0,0,0,0,0,0,0,0,0,0,0,0,0,0,0,0,0,0,0,0,0,0,0,0,0,0,0,0,0,0,0,0,0,0,0,0,0,0,0,0,0,0,0,0.0109,0,0,0,0,0,0,0,0,0,0,0,0,0,0,0,0,0,0,0,0,0,0,0,0.0094,0,0,0,0,0,0,0,0,0,0,0
rpsC,C->T,missense,3377569,0,0,0,0,0,0,0,0,0,0,0,0.0571,0.2174,0.2029,0,0.087,0.0247,0,0,0,0,0,0.0098,0,0,0,0,0,0,0,0,0,0,0,0,0.0204,0,0,0,0,0.0078,0,0,0,0,0,0,0,0,0,0,0,0,0,0,0,0,0,0,0,0,0,0,0,0,0,0,0.0067,0,0,0,0.0083,0,0,0,0,0,0,0,0,0,0,0,0,0,0,0,0,0,0,0,0,0,0,0,0,0,0,0,0,0,0,0,0,0,0,0,0,0,0,0,0,0.0114,0,0,0,0
gspD,junction_3385190_1_IS150_start,sv,3385190,0,0,0,0,0,0,0,0,0,0,0,0,0,0,0,0,0,0,0,0,0,0,0,0,0,0,0,0,0,0,0,0,0,0,0,0,0,0,0,0,0,0,0,0,0,0,0,0,0,0.1905,0.0732,0.0208,0,0,0,0.0597,0,0.0196,0,0,0,0,0,0,0,0,0,0,0,0,0,0,0,0,0,0,0,0,0,0,0,0,0,0,0,0,0,0,0,0.0299,0,0,0,0,0,0,0,0,0,0,0,0,0,0,0,0,0,0,0,0,0,0,0,0,0,0,0
chiA,T->G,missense,3396621,0,0,0,0,0,0,0,0,0,0,0,0,0,0,0,0,0,0,0,0,0,0,0,0,0,0,0.0227,0,0,0,0,0,0,0,0,0,0,0,0,0,0,0,0,0,0,0,0,0,0,0,0,0,0,0,0.0116,0,0,0,0,0,0,0.0099,0,0.0109,0,0,0,0,0,0,0,0,0,0,0.0116,0.0095,0,0,0,0,0,0,0,0,0,0.013,0,0,0,0,0,0,0,0,0.0515,0.3898,0.5283,0.6739,0.1224,0.02,0,0,0,0,0,0.0204,0,0,0,0,0,0,0,0.0091,0,0,0
kefB,T->C,missense,3407065,0,0,0,0,0,0,0,0,0,0,0,0,0,0,0,0,0,0,0,0,0,0,0,0,0,0,0,0,0,0,0,0,0,0,0,0,0,0,0,0,0,0,0,0,0,0,0,0,0,0,0,0,0,0,0.1236,0,0,0,0,0,0,0,0,0,0,0,0,0,0,0,0,0,0,0,0.0137,0,0,0,0,0,0,0,0,0,0,0,0,0,0,0,0,0,0,0.0417,0.1077,0.2609,0.1667,0.0227,0.7778,0.9815,0.9793,1,1,1,0.9905,1,1,1,1,1,1,1,1,1,1,1,1
yheS,T->G,synonymous,3409316,0,0,0,0,0.0208,0,0,0,0,0,0,0.2,0.6364,0.7778,1,0.8,0.875,0.9412,0.9796,0.9167,1,1,1,1,1,1,1,1,1,1,1,1,1,1,1,1,1,1,1,0.9787,1,1,1,1,1,1,1,1,1,1,1,1,1,1,1,1,1,1,1,1,1,1,1,1,0.9836,1,1,1,1,1,0.98,1,1,1,1,1,1,1,1,1,1,1,0.9792,1,1,1,1,1,1,1,0.9818,1,0.9787,1,1,1,1,0.9706,1,1,1,1,1,1,1,1,1,1,1,1,1,1,1,1,1,1,1
crp,A->C,missense,3414095,0,0,0,0,0.0108,0,0.0093,0,0,0,0,0,0.0123,0,0,0,0,0,0,0,0,0,0.0146,0,0,0,0,0,0,0,0,0,0,0,0,0,0,0,0,0,0,0,0,0,0,0,0,0,0,0,0,0,0.01,0,0,0,0,0,0.0086,0,0,0,0,0.0046,0,0.1377,0.2596,0.35,0.0615,0.0381,0.0441,0.0126,0.0327,0.0909,0.2051,0.1587,0.1354,0.1077,0,0.0138,0,0,0,0,0.0072,0,0,0,0.0053,0,0,0.0066,0,0,0,0.0061,0,0,0,0,0,0,0,0,0,0,0,0,0,0,0,0,0,0.0049,0,0,0
ompR,C->T,missense,3465012,0,0.0137,0,0,0.0182,0,0,0,0,0,0,0,0,0,0,0,0,0,0,0,0,0,0,0,0,0,0,0,0,0.0225,0,0,0,0.1,0.1327,0.1923,0.0926,0,0,0,0,0,0,0,0,0,0,0,0,0,0,0,0,0,0,0,0.01,0,0,0,0,0,0,0,0,0,0,0,0,0,0,0,0,0,0,0,0,0,0,0,0,0,0,0,0,0,0,0,0,0,0,0,0,0,0,0,0,0,0,0,0,0,0,0,0,0,0,0,0,0,0,0,0,0,0,0,0
intergenic,C->T,noncoding,3475057,0,0,0.0444,0.0067,0,0,0,0,0,0,0,0,0,0,0.0667,0,0.0952,0.2394,0.1171,0.1633,0.0909,0.2273,0.0698,0.0714,0.0444,0.0744,0.0723,0.14,0.2,0.0658,0.2093,0.0833,0.0984,0.1667,0.375,0.087,0.1304,0.1818,0,0.0127,0.1048,0.037,0.0625,0.0147,0.1636,0.1236,0.1778,0.2812,0.0943,0.0678,0.0182,0.0625,0.0833,0.1167,0.1209,0.1538,0.093,0.1235,0.0426,0.1528,0.0556,0.1348,0.1429,0.0431,0.0833,0.0294,0.0875,0.0694,0.0455,0.0263,0.0533,0.0319,0.0566,0.0423,0.0217,0.0306,0.0417,0.0909,0.0465,0.0973,0.1161,0.0842,0,0.02,0.1042,0.0476,0.2273,0.2262,0.2935,0.1122,0.15,0,0.0247,0,0.0412,0.0417,0.0893,0.2453,0.0545,0.0769,0.0864,0.0338,0.1667,0.2,0.2048,0.1156,0.1466,0.1589,0.0875,0.0323,0.1795,0.0392,0.0897,0.0959,0.3333,0.1,0.1429
malT,A->C,missense,3482144,0,0.0217,0,0.0093,0,0.0091,0.1053,0.1613,0.125,0.1,0,0,0,0,0,0,0,0.0152,0,0,0,0,0,0,0,0,0,0.0333,0,0,0,0,0,0.0141,0,0,0,0,0,0,0,0,0,0,0,0,0,0,0,0,0,0,0,0,0,0,0,0,0,0,0,0,0,0.0156,0,0,0,0,0,0,0,0,0,0,0.0185,0,0.0263,0,0,0,0,0,0,0.0244,0,0,0,0,0,0,0,0,0,0.0169,0,0,0,0,0.0417,0,0,0,0,0,0.0165,0.0111,0,0,0,0,0,0,0.0095,0,0,0,0
malT,indel;-25,indel,3482397,0,0,0,0,0,0,0.0357,0.1778,0.75,0.8966,1,1,1,1,1,1,0.9512,0.8611,0.9346,1,1,1,1,1,1,1,1,1,1,1,1,1,1,1,1,1,1,1,1,1,1,1,1,1,1,1,1,1,1,1,1,1,1,1,1,1,1,1,1,1,1,1,1,1,1,1,1,1,1,1,1,1,1,1,1,1,1,1,1,1,1,1,1,1,1,1,1,1,1,1,0.9474,1,1,1,1,1,1,1,1,0.9863,1,1,1,1,1,1,1,1,1,1,1,1,1,1,1,1,1
rtcR,junction_3487923_1_IS150_end,sv,3487923,0,0,0,0,0,0,0,0,0,0,0,0,0,0,0,0,0,0,0,0,0,0,0,0,0,0,0,0,0,0,0,0,0,0,0,0,0,0,0,0,0,0.0282,0,0,0,0.0185,0,0,0,0,0,0,0,0,0,0,0,0,0.0238,0,0,0,0,0,0,0,0,0,0,0,0,0,0,0,0,0,0,0,0,0,0,0,0,0,0,0,0,0,0,0,0,0,0,0,0,0,0,0,0,0,0,0,0,0,0,0,0,0,0,0,0,0,0.0116,0.0899,0.5,0.1273,0.3333
glgB,G->A,missense,3503957,0,0,0,0,0,0,0,0,0,0,0,0,0,0.0222,0,0,0,0,0,0,0,0,0,0,0,0.0062,0,0,0.0288,0.0246,0.0084,0.0119,0.0887,0.2474,0.0513,0.125,0.0672,0,0,0,0,0,0,0,0,0,0,0,0,0,0.0175,0,0,0,0.0082,0,0,0,0,0,0,0,0,0,0,0,0,0,0,0.0088,0,0,0,0,0,0.0099,0,0,0,0,0,0.0133,0,0,0,0,0,0,0,0,0,0,0,0,0,0,0,0,0,0,0,0.0071,0,0,0.0131,0,0,0,0.0051,0,0,0,0,0,0,0,0
yhhX,MOB_3511245_3511247_IS150_-1,sv,3511245,0,0,0,0,0,0,0,0,0.0065,0,0.0833,0,0.029,0,0,0,0,0,0.0101,0,0,0,0,0,0,0.0084,0,0.0139,0,0,0.0108,0,0,0,0,0,0,0,0,0,0,0,0,0.0092,0,0,0,0,0,0,0,0,0,0.0182,0.0043,0,0,0,0.0086,0.0209,0.0299,0.0149,0,0.0132,0.0216,0.1864,0.0308,0.0529,0.0405,0.0852,0.0486,0.0597,0.0682,0.0857,0.0299,0.0056,0,0,0,0.0057,0,0,0,0.036,0,0,0,0,0.0045,0,0,0,0,0,0,0.0066,0,0,0,0,0,0,0,0,0,0,0.0059,0,0.0065,0,0,0,0,0,0,0,0
livH,C->A,synonymous,3527027,0,0,0,0,0,0.0057,0,0,0,0,0,0,0,0,0,0,0,0,0,0,0,0,0,0,0,0.006,0,0,0,0,0,0,0,0,0,0,0,0,0,0.0104,0,0,0,0,0,0,0,0,0,0,0.0164,0,0,0,0,0,0,0,0,0,0,0,0,0.0125,0.0513,0.0235,0,0.0104,0,0.0194,0.0328,0.0333,0.1818,0.07,0.023,0.0513,0.0227,0,0,0,0,0,0.0198,0,0.0127,0,0,0,0,0,0,0,0,0,0,0,0,0,0,0,0,0,0,0,0,0,0.0075,0.0062,0,0,0,0,0.0062,0,0,0,0
ftsX,T->A,missense,3532078,0,0,0,0,0,0,0,0,0,0,0,0,0,0,0,0,0,0,0,0,0,0,0.0159,0,0,0,0.0185,0,0,0,0,0,0,0.0108,0,0,0.0093,0,0,0,0,0,0,0,0,0.0112,0,0,0,0,0,0,0,0,0,0,0,0,0,0,0,0,0,0,0,0,0,0,0,0,0,0,0,0,0,0,0,0,0,0,0.0123,0,0,0,0,0,0,0,0,0,0,0,0,0.0526,0.0476,0.1045,0.0159,0.0143,0,0,0,0,0,0,0,0,0,0,0.008,0,0,0,0,0,0,0,0
ftsE,T->G,missense,3533061,0,0,0,0.0049,0,0.004,0,0,0,0,0,0,0,0,0,0.0217,0,0,0,0,0,0,0,0,0,0,0,0,0.005,0,0,0,0,0,0,0,0,0,0,0,0,0,0,0,0,0,0,0,0.0112,0.02,0,0.0078,0,0,0.0063,0,0,0,0,0.0071,0.0071,0.0071,0,0,0,0,0,0,0,0,0,0,0,0,0,0,0,0.0152,0,0.0111,0.009,0,0,0.0208,0,0.0068,0.0104,0,0,0,0,0,0.0102,0,0.04,0.2803,0.4892,0.7197,0.044,0,0,0,0,0,0,0,0,0,0,0.005,0,0,0.0055,0,0,0,0
ftsE,T->G,missense,3533388,0,0.0294,0.0222,0.0467,0,0.0743,0.0312,0,0,0.0294,0.3333,0,0.0286,0,0,0,0,0,0,0,0,0,0.0513,0,0.0238,0.0645,0,0.0571,0,0,0,0,0.0274,0.0204,0.0595,0.0278,0.0198,0.0833,0.0253,0.0449,0,0,0,0,0.0517,0.0625,0,0,0.0263,0.0357,0.0714,0.0676,0,0.0182,0,0,0,0.0299,0.0408,0.0133,0.027,0.0449,0,0.0667,0.013,0.0128,0,0,0.0118,0.0105,0.0411,0.0294,0.1282,0.0667,0.0571,0.0353,0,0.0286,0.0106,0.0156,0.0723,0.037,0.0149,0,0.0308,0.0139,0.1111,0,0.0119,0,0,0.0566,0.0423,0.0843,0.0938,0.0615,0.0536,0.061,0.0962,0.0227,0.0153,0.0094,0.0833,0,0.0098,0.02,0.0494,0,0.0144,0.0084,0.0105,0.0154,0.0345,0.045,0,0,0
yhhN,A->G,missense,3536881,0,0,0,0,0,0.0148,0,0,0,0,0,0,0,0,0,0,0,0,0,0,0,0,0,0,0,0,0,0,0,0,0,0,0,0,0,0,0,0,0,0.0116,0,0,0,0,0,0,0,0,0.0682,0.027,0.0294,0.087,0.2973,0.3148,0.4844,0.4667,0.6329,0.3115,0.5636,0.5062,0.3433,0.2029,0.1667,0.1711,0.0789,0.2763,0.1591,0.4483,0.3793,0.4359,0.3036,0.6441,0.5417,0.283,0.3404,0.3125,0.1739,0.1818,0.0725,0.12,0.0769,0.0192,0.1228,0,0.04,0.1,0.4048,0.1884,0.0543,0.4388,0.7568,0.8367,0.7857,0.5968,0.7805,0.9483,0.9821,0.9231,0.9429,0.9627,1,1,1,1,1,0.989,0.9892,1,1,1,1,1,0.9921,0.984,1,0.9778,1
zntA,MOB_3537175_3537177_IS150_1,sv,3537175,0,0,0,0,0,0,0,0,0,0,0,0,0,0,0,0,0,0,0,0,0,0,0,0,0,0,0,0,0,0,0,0,0,0,0,0,0,0,0,0,0,0,0,0,0.0123,0.0069,0.2223,0.2469,0.5857,0.0236,0.0696,0.1171,0.4648,0.3954,0.4265,0.4609,0.4124,0.5828,0.4909,0.4735,0.3594,0.2326,0.1131,0.1263,0.1923,0.3234,0.1926,0.4369,0.4938,0.5757,0.3595,0.5131,0.6715,0.5155,0.4872,0.3647,0.3371,0.1634,0.0899,0.1301,0.146,0.036,0.1095,0.0144,0.0414,0.1697,0.3646,0.2157,0.0762,0.3976,0.7574,0.9259,0.7521,0.5436,0.8774,0.9535,0.9166,0.8988,0.9122,0.9762,0.9924,1,1,1,1,1,0.9955,0.9934,0.9983,0.9977,1,1,0.9981,0.9983,1,1,1
yhiE,T->G,missense,3587970,0,0,0,0,0,0,0,0,0,0.0667,0,0,0,0,0,0,0,0,0,0,0,0,0,0,0,0,0,0,0,0,0,0,0,0,0,0,0,0,0,0,0,0,0,0,0,0,0,0,0,0,0,0.0233,0,0,0,0,0,0,0,0.0217,0,0,0,0,0.0323,0.1333,0.0238,0.0455,0.0682,0.0526,0.0263,0.05,0.0444,0.0656,0.0294,0,0,0,0,0,0,0,0.0137,0,0,0,0,0,0,0,0,0,0,0,0,0,0,0,0,0,0,0,0,0,0,0,0,0,0,0,0,0,0,0,0,0,0
yhiV,MOB_3589939_3589942_IS150_-1,sv,3589939,0,0,0,0,0,0,0,0,0,0,0,0,0,0,0,0,0,0,0,0,0,0,0,0,0,0,0,0,0,0,0,0,0,0,0,0,0,0,0,0,0,0,0,0,0,0,0,0,0,0,0,0,0,0,0,0,0.0162,0,0.012,0.0078,0.0091,0.0129,0.0144,0.0147,0.0536,0.05,0.1081,0.0691,0.1861,0.131,0.0833,0,0.0076,0.0074,0,0,0,0,0,0.006,0,0,0,0,0,0,0,0,0,0,0,0,0,0,0,0,0,0,0,0,0,0,0,0,0,0,0,0,0,0,0,0,0,0,0,0,0
treF,G->A,missense,3599684,0,0,0,0,0,0,0,0,0,0,0,0,0,0,0,0,0,0,0.0088,0,0,0,0,0,0,0,0,0,0,0,0,0,0,0,0,0,0,0,0,0,0,0,0,0,0.0145,0,0,0,0,0,0,0,0,0,0.0339,0.202,0.2088,0.0164,0.0658,0.0412,0.0194,0.0112,0,0,0,0,0,0,0,0.0093,0,0,0,0,0,0,0,0,0,0,0,0,0,0,0,0,0,0,0,0,0,0,0,0.0096,0,0,0,0,0,0,0,0,0,0,0,0,0,0,0,0,0,0,0.0071,0,0,0,0
ECB_03438,C->A,missense,3684366,0,0,0,0,0,0,0,0,0,0,0,0,0,0,0,0,0,0,0,0,0.0152,0,0,0,0,0,0,0.0196,0,0,0,0,0,0,0,0,0,0,0,0.0094,0,0,0,0,0,0,0,0,0,0,0,0,0,0,0.0656,0,0,0,0,0,0,0,0,0,0,0,0,0,0.011,0.0956,0.0519,0.25,0.4494,0.1935,0.2529,0.2576,0.1304,0.1695,0.0707,0.0943,0.0783,0.0103,0.0879,0.0862,0.0106,0.0879,0.35,0.1915,0.058,0.3517,0.735,0.9091,0.6842,0.5299,0.7959,0.9492,0.9667,0.9651,0.8571,0.976,0.9895,1,1,1,1,1,1,1,1,1,1,1,1,0.9943,1,1,1
yiaT,MOB_3686164_3686166_IS150_1,sv,3686164,0,0,0,0.0047,0,0,0,0,0,0,0,0,0,0,0,0,0.0115,0,0,0,0,0,0.0071,0,0,0,0,0.0641,0.0142,0,0,0,0.1439,0.2295,0.0795,0.0667,0.0524,0.1304,0,0,0,0,0,0,0,0.0056,0,0,0.0164,0,0,0,0,0,0,0,0,0.0065,0,0,0,0,0.0058,0,0,0,0,0,0,0,0,0,0,0,0,0,0,0,0,0,0,0,0,0,0,0.0066,0,0,0.0084,0,0.006,0,0,0,0,0,0,0,0,0,0,0,0,0.0392,0.0257,0.0308,0.0632,0.1593,0.2653,0.0532,0.1142,0,0,0,0,0,0
mtlA,G->T,missense,3707676,0,0.0172,0,0.0067,0.0132,0.0169,0,0,0,0,0,0,0,0,0,0,0,0,0,0,0,0,0,0,0,0,0,0,0,0,0,0,0,0,0,0,0,0,0,0,0,0,0,0,0,0,0,0,0,0.0244,0,0,0,0,0,0,0.0109,0.0108,0,0,0.01,0.0099,0.0357,0.1154,0.044,0.0111,0,0.0085,0.0319,0.0427,0.3457,0.1667,0.1099,0.2,0.1622,0.1798,0.4179,0.26,0.5981,0.398,0.3333,0.0704,0.8205,0.6882,0.1897,0.0588,0,0.0213,0.0074,0.0511,0,0.1389,0.1972,0.5146,0.275,0.012,0.0128,0.0795,0.0714,0.0299,0.0053,0.0086,0,0,0.0065,0,0.0086,0,0.006,0,0,0,0,0,0,0,0
radC,MOB_3750659_3750661_IS150_1,sv,3750659,0,0,0,0,0,0,0,0,0,0,0,0,0,0,0,0,0,0,0,0,0,0,0,0,0,0,0,0,0.015,0.15,0.0558,0.0325,0.0129,0.0126,0,0,0.0205,0,0.01,0,0,0,0,0,0,0,0,0,0,0,0,0,0,0,0,0,0,0,0,0,0,0,0,0,0,0,0,0,0,0,0,0,0,0,0,0,0,0,0,0,0,0,0,0,0,0,0,0,0,0,0,0,0,0,0,0,0,0,0,0,0,0,0,0,0,0,0,0,0,0,0,0,0,0,0,0,0
gltS,MOB_3766595_3766597_IS150_-1,sv,3766595,0,0,0,0,0,0,0,0,0,0,0,0,0,0,0,0,0,0,0,0,0,0.0334,0,0,0,0,0,0,0,0,0,0,0,0,0,0,0,0,0,0,0,0,0,0,0,0,0,0,0,0,0,0,0,0,0.0614,0,0,0,0.0196,0.029,0.0771,0.1492,0.1591,0.1141,0.0964,0.0567,0.0135,0,0,0,0,0,0.0483,0.0427,0.1783,0.0672,0.0329,0.0601,0.0635,0.0741,0.0836,0.0335,0.0735,0.0475,0.0218,0.0732,0.3346,0.1549,0.1305,0.2919,0.7288,0.879,0.7468,0.5669,0.814,0.9827,0.9809,0.9031,0.9704,0.9665,1,1,1,1,1,1,1,1,1,1,1,0.9805,0.993,1,1,1,1
gltS,indel;-15,indel,3767671,0,0,0,0,0,0,0,0,0,0,0,0,0,0,0,0,0,0,0,0,0,0,0,0,0,0,0,0,0,0,0,0,0,0,0,0,0,0,0,0,0,0,0,0,0,0,0,0,0,0,0,0,0,0,0,0,0,0,0,0,0,0,0,0,0,0,0,0,0,0,0,0,0,0,0.0246,0.1025,0.1778,0.2143,0.022,0.0745,0.0188,0.0403,0,0,0,0,0,0.0129,0,0,0,0,0,0,0,0,0,0,0,0.007,0,0,0,0,0,0,0,0,0,0,0,0,0,0,0,0,0
yicM,A->T,missense,3801577,0,0,0,0,0,0,0,0,0,0,0,0,0,0,0,0,0,0,0,0,0.0233,0,0,0,0,0.01,0,0,0,0,0,0,0,0,0,0,0.0152,0,0.0227,0,0,0,0,0,0,0,0,0,0.0625,0,0.0196,0,0,0,0,0,0,0,0,0,0,0,0,0,0,0,0,0,0.0233,0.0225,0,0,0.0333,0.0164,0,0.0182,0,0,0.0222,0.0566,0.0435,0.0577,0.0426,0.0857,0.0455,0,0.1111,0,0,0,0,0,0,0,0,0.0192,0,0,0,0,0,0,0,0,0,0,0.0385,0,0.0152,0,0,0,0,0.01,0,0,0
recF,MOB_3841186_3841194_IS150_-1,sv,3841186,0,0,0,0,0,0,0,0,0,0,0,0,0,0,0,0,0,0,0,0,0,0,0,0,0,0,0,0,0,0,0,0,0,0,0,0,0,0,0,0,0,0,0,0,0.0241,0.0203,0.0311,0.1486,0.1146,0.0617,0.0843,0.1474,0.385,0.6149,0.5361,0.5924,0.6481,0.516,0.633,0.4972,0.3155,0.2673,0.1557,0.1392,0.1059,0.2369,0.2827,0.3707,0.4205,0.5294,0.4179,0.6369,0.5447,0.407,0.4513,0.403,0.2673,0.108,0.0614,0.1166,0.1865,0.0514,0.1281,0.023,0.0712,0.1255,0.4511,0.2007,0.0676,0.2626,0.829,0.8848,0.7693,0.5007,0.8444,0.9468,0.9783,0.9285,1,0.9918,1,0.9979,1,1,1,0.9977,0.9977,1,1,1,1,0.9826,0.998,0.997,1,1,1
yieG,G->A,missense,3855788,0,0,0,0,0,0,0,0,0.0093,0,0,0,0,0,0,0,0,0,0,0,0,0,0,0,0.0083,0.0144,0,0,0,0,0,0,0,0,0,0,0,0,0.0104,0,0.0068,0,0,0,0,0,0.0114,0.1333,0.1375,0.1803,0.1237,0.0097,0.0128,0.0098,0,0,0,0,0,0,0,0,0,0,0,0,0,0,0,0,0.0109,0,0,0,0,0,0,0,0.0064,0,0,0,0,0,0,0.0081,0,0,0.0122,0.0139,0,0,0,0,0,0,0,0.0075,0,0.0057,0.0052,0,0,0.0217,0.0067,0,0,0,0,0,0.0056,0,0.0058,0.0047,0,0,0
yieJ,MOB_3858835_3858843_IS1_-1,sv,3858835,0,0,0,0,0,0,0,0,0,0,0,0,0,0,0,0,0,0,0,0,0,0,0,0,0,0,0,0,0,0,0,0,0,0,0,0,0,0,0,0,0,0,0,0,0,0,0,0,0,0,0,0,0,0,0,0,0,0,0,0,0,0,0,0.0299,0.0109,0.0242,0.1296,0.0884,0.1544,0.1184,0.0286,0,0.0187,0,0,0,0,0,0,0,0,0,0,0,0,0,0,0,0,0,0,0,0,0,0,0,0,0,0,0,0,0,0,0,0,0,0,0,0,0,0,0,0,0,0,0,0
atpB,A->T,synonymous,3882259,0.0041,0.0405,0.0303,0.0204,0.013,0.0219,0,0,0,0.0192,0,0,0.0185,0.0149,0.0278,0.0455,0,0,0,0.0082,0,0,0.0385,0.02,0.0244,0.0248,0,0.0417,0,0,0,0.0097,0.0316,0.0192,0,0,0.0133,0,0.028,0.0082,0.0063,0,0.0077,0,0,0,0.0897,0.0667,0.0405,0.125,0.093,0.0435,0,0,0.0132,0,0,0.0104,0.0476,0.0294,0.035,0.0244,0.0122,0.007,0.0204,0,0,0.0079,0.0315,0.0364,0.0092,0.0225,0.0099,0.0256,0.0354,0.0692,0,0,0.0073,0.036,0.0153,0.0104,0.0096,0,0.01,0,0.0781,0.0082,0,0.0063,0,0,0.0396,0.0099,0.0486,0.0095,0.0161,0.0128,0,0.0108,0.0056,0.0136,0.0417,0,0.0231,0.0195,0.034,0.0049,0.0112,0.0063,0,0.0202,0.023,0.0237,0,0,0
kup,junction_3892686_-1_IS150_start,sv,3892686,0,0,0,0,0,0,0,0,0,0,0,0,0,0,0,0,0,0,0,0,0,0,0,0,0,0,0,0,0,0,0,0,0,0,0,0,0,0,0,0,0,0,0,0,0,0,0,0,0,0,0,0,0,0,0,0,0,0,0,0,0,0,0,0,0,0,0,0,0.0225,0.044,0.3788,0.1864,0.0889,0.45,0.2174,0.2051,0.2093,0.2941,0.5541,0.3474,0.2989,0.0208,0.9041,0.7021,0.377,0.0667,0,0.0423,0,0.0196,0,0.087,0.2208,0.2857,0.2297,0.0312,0,0.0476,0.02,0.0693,0.0081,0,0,0,0,0,0,0,0,0,0,0,0,0,0,0,0
intergenic,indel;-1;+AG,indel,3893549,0,0,0,0.0127,0,0.017,0,0,0.0086,0.0345,0,0,0,0,0.04,0,0,0,0.016,0,0,0,0,0,0,0,0,0,0,0,0,0,0,0,0,0,0,0,0,0,0,0,0,0,0,0,0,0,0,0,0,0,0,0.0145,0,0,0,0,0,0,0.0114,0,0,0,0,0,0,0,0,0,0,0,0,0,0,0,0,0,0,0,0,0,0,0.2,0.1974,0.0208,0,0.058,0.1852,0.1239,0.0532,0,0,0,0,0,0,0,0,0,0,0,0,0,0,0,0,0,0,0,0,0,0,0,0,0,0
yieO,junction_3901135_1_IS150_end,sv,3901135,0,0.0344,0.9615,0.9961,1,1,1,0.9077,0.9708,1,1,1,1,1,1,1,0.9388,0.949,1,1,1,1,1,1,1,1,1,1,1,1,1,1,1,1,1,1,1,1,1,1,1,1,1,1,1,1,1,1,1,1,1,1,1,1,1,1,1,1,1,1,1,1,1,1,1,1,1,1,1,1,1,1,1,1,1,1,1,1,1,1,1,1,1,1,1,1,1,1,1,1,0.9813,1,1,1,1,1,1,1,1,1,1,1,1,1,1,1,1,1,1,1,1,1,0.9975,1,1,1,1
yieO,junction_3901241_1_IS150_end,sv,3901241,0,0.026,0.2553,0.0156,0,0,0,0,0,0,0,0,0,0,0,0,0,0,0,0,0,0,0,0,0,0,0,0,0,0,0,0,0,0,0,0,0,0,0,0,0,0,0,0,0,0,0,0,0,0,0,0,0,0,0,0,0,0,0,0,0,0,0,0,0,0,0,0,0,0,0,0,0,0,0,0,0,0,0,0,0,0,0,0,0,0,0,0,0,0,0,0,0,0,0,0,0,0,0,0,0,0,0,0,0,0,0,0,0,0,0,0,0,0,0,0,0
intergenic,C->T,noncoding,3912235,0,0,0,0,0,0,0,0,0,0.027,0,0,0,0,0,0,0,0,0,0,0,0,0,0.0303,0,0,0.0392,0.0182,0,0,0.0169,0.1038,0.1348,0.0833,0.0333,0.3214,0.049,0.1111,0,0,0,0,0,0,0,0,0,0,0,0,0,0,0,0,0,0,0,0,0,0,0.0091,0,0,0,0,0,0,0,0.0089,0,0,0,0,0,0,0,0,0,0,0,0,0,0,0,0,0,0,0,0,0,0,0,0,0,0,0,0,0,0,0,0,0,0,0,0,0,0,0,0,0,0,0,0,0.006,0,0,0
hemX,indel;-6;+GGTGCA,indel,3949730,0.0434,0,0.102,0.0437,0,0.0255,0.0746,0.0976,0.0444,0,0,0.1429,0,0.1645,0.1333,0,0,0.0286,0.4526,0.0702,0.3188,0.05,0.0559,0.0323,0.0406,0.3477,0.0305,0.1181,0.0758,0.0789,0.3524,0.0735,0.4,0.0196,0.0435,0.0467,0.0702,0,0.1796,0.1915,0.1894,0.2405,0.0936,0.1054,0.0427,0.2811,0.1548,0.4023,0.0855,0,0.0571,0.0201,0.3704,0.061,0,0.0481,0.1359,0.0236,0,0.4425,0.3453,0.051,0.3316,0.0155,0.0209,0.4304,0.642,0.5041,0.4255,0.5791,0.34,0.5274,0.4955,0.4682,0.6863,0.5874,0.7353,0.7792,0.5537,0.6629,0.5833,0.7833,0.457,0.3404,0.56,0.8029,0.7407,0.8206,0.8986,0.6812,0.5505,0.4348,0.1397,0.026,0.0254,0.0254,0.0461,0.0862,0.0394,0.0632,0.4296,0.3507,0,0.1538,0.368,0.058,0,0.0435,0.3621,0.0928,0.2909,0,0.4229,0.0252,0,0.4545,1
ECB_03710,MOB_3981782_3981784_IS150_1,sv,3981782,0,0,0,0,0,0,0,0,0,0,0,0,0,0,0,0,0,0,0,0.0071,0,0,0,0,0,0.013,0.0458,0.1842,0.2199,0.4351,0.3711,0.5482,0.4407,0.4504,0.3627,0.3727,0.6153,0.5981,0.8014,0.9081,0.8736,0.9245,0.8663,0.883,0.8038,0.7748,0.9747,0.94,0.9796,1,1,1,1,1,1,0.9876,1,1,1,1,1,1,1,1,1,1,1,1,1,1,1,1,1,1,1,1,1,1,1,1,1,1,1,1,1,1,1,1,1,0.9896,0.9868,1,1,1,1,1,1,1,1,1,1,1,1,1,1,1,1,1,1,1,1,1,1,1,1,1,1
ECB_03715,indel;-1,indel,3987304,0,0,0,0,0,0,0,0,0,0,0,0,0,0,0,0,0,0,0.1158,0.0256,0,0,0,0,0,0,0,0,0,0,0,0,0,0,0.0175,0,0,0,0,0,0,0,0.0204,0,0,0,0,0,0,0,0,0,0,0,0,0,0,0,0,0,0,0,0,0,0,0,0,0,0,0,0,0,0,0,0,0,0,0,0,0,0,0,0,0,0,0,0,0,0,0,0.0106,0,0,0,0,0,0,0,0,0,0,0,0,0,0,0,0,0,0,0,0,0,0.0067,0,0,0,0
ECB_03719,MOB_3990387_3990389_IS150_-1,sv,3990387,0,0,0,0,0,0,0,0.0159,0,0,0,0,0,0.0098,0,0,0,0,0,0,0.0088,0,0,0,0.0045,0,0,0,0.0094,0,0.0098,0,0,0.0058,0,0,0.0051,0,0,0,0,0,0,0,0,0,0,0,0,0,0,0,0.0111,0,0.0474,0,0,0,0,0,0,0,0.0066,0.0052,0,0.0455,0.0872,0.1562,0.2416,0.416,0.1709,0.355,0.4797,0.1735,0.2798,0.0973,0.0252,0.0361,0.0359,0.0704,0.0498,0.0246,0.1049,0.1121,0.0219,0.1298,0.4945,0.2177,0.0207,0.2757,0.7964,0.8846,0.7386,0.628,0.8174,0.956,0.9868,0.8971,0.9796,0.9884,1,0.9926,1,1,1,1,1,0.9942,0.9941,1,1,0.9843,1,1,1,1,1
ubiB,C->T,synonymous,3999710,0,0,0,0,0,0,0,0,0,0,0,0,0,0,0,0,0,0,0,0,0,0,0,0,0,0,0,0,0,0,0.0141,0.0685,0.2286,0.1406,0.32,0.2353,0.1548,0,0.2281,0.1167,0.2427,0.2533,0.1136,0.0769,0.1471,0.2647,0.1163,0.1778,0.1875,0,0,0.0217,0,0,0,0,0,0,0,0,0,0,0,0,0,0.0244,0,0,0,0,0,0,0,0,0,0,0,0,0,0,0,0,0,0,0,0,0,0,0,0,0,0,0,0,0,0,0,0,0,0,0,0,0,0,0,0,0,0,0,0,0,0,0,0,0,0,0
trkH,T->C,missense,4011651,0,0,0,0,0,0,0,0,0,0,0,0,0,0.0147,0,0,0,0,0,0,0,0,0,0,0.0072,0,0,0,0,0,0,0,0,0,0,0,0,0,0,0,0,0,0,0,0,0,0,0,0,0,0,0,0,0,0,0,0.0106,0.0652,0.053,0.0839,0.101,0.1397,0.1379,0.019,0.0077,0,0,0,0,0,0,0,0,0,0,0,0.0141,0,0,0,0,0,0,0,0,0.0109,0,0,0,0,0,0,0,0,0,0,0,0,0,0,0,0.0057,0,0,0.0066,0,0,0,0,0,0,0,0,0,0,0,0
yihF,T->C,missense,4023202,0,0,0,0,0,0,0,0,0,0,0,0,0,0,0,0,0,0,0,0,0,0,0,0,0,0,0,0.025,0,0,0,0.0169,0.1591,0.2083,0.1356,0,0.0588,0,0,0,0,0,0,0,0,0,0,0,0,0,0,0,0,0,0,0,0,0,0,0,0,0,0,0,0,0,0,0,0,0,0,0,0,0,0,0,0,0,0,0,0,0,0,0,0,0,0,0,0,0,0,0,0,0,0,0,0,0,0,0,0,0,0,0,0,0,0,0,0,0,0,0,0,0,0,0,0
yihR,indel;-1,indel,4047671,0,0,0,0,0,0,0,0,0,0,0,0,0,0,0,0,0,0,0,0,0,0,0,0,0,0,0,0,0,0,0,0,0,0,0,0,0,0,0,0,0,0,0,0,0,0,0,0,0,0,0,0,0,0,0,0,0,0,0,0.0172,0.0488,0.1047,0.0789,0.0217,0,0,0,0.0323,0.0127,0.0149,0.0152,0.0167,0,0,0,0,0,0,0,0,0,0,0,0,0,0,0,0,0,0,0,0,0,0,0,0,0,0,0,0,0,0,0,0,0,0,0,0,0,0,0,0,0,0,0,0,0
yihR,junction_4047675_-1_IS150_start,sv,4047675,0,0,0,0,0,0,0,0,0,0,0,0,0,0,0,0,0,0,0,0,0,0,0,0,0,0,0,0,0,0,0,0,0,0,0,0,0,0,0,0,0,0,0,0,0,0,0,0,0.1053,0.0435,0,0.0429,0.4444,0.5128,0.4198,0.3544,0.5714,0.4096,0.6667,0.4821,0.3158,0.2338,0.2222,0.1205,0.1505,0.2059,0.1867,0.3448,0.3889,0.5,0.3607,0.66,0.4483,0.3659,0.5211,0.37,0.2632,0.1667,0.0484,0.1807,0.0769,0.0132,0.125,0.0794,0.0758,0.1538,0.4186,0.2368,0,0.3774,0.8235,0.9,0.75,0.5526,0.701,0.9831,0.8723,0.9545,0.9512,0.9922,1,1,1,1,1,1,1,1,1,1,1,1,1,1,1,1,1
yihS,MOB_4049580_4049582_IS150_-1,sv,4049580,0,0,0,0.0323,0.0104,0.0035,0.0184,0.0199,0.0138,0.0134,0,0,0.0179,0.0144,0.0562,0.0352,0.0107,0.0165,0.0175,0.0393,0.0552,0.0567,0.0537,0.0134,0.0345,0.047,0.0165,0.0417,0.0282,0.088,0.1011,0.1048,0.1141,0.1138,0.049,0.0478,0.0254,0,0.057,0.0824,0.052,0.044,0,0.024,0.019,0.0379,0.1695,0.2658,0.4187,0.2184,0.095,0.192,0.2593,0.4212,0.5138,0.5492,0.7124,0.8039,0.746,0.7115,0.4521,0.4296,0.3476,0.4953,0.4013,0.4125,0.4456,0.5448,0.7848,0.7109,0.819,0.569,0.5556,0.64,0.5404,0.3553,0.4352,0.4919,0.7654,0.7071,0.4516,0.1673,0.9524,0.8241,0.392,0.1249,0.2126,0.1664,0.0788,0.3017,0.6544,1,1,1,1,1,1,1,1,1,1,1,1,1,1,1,1,1,1,1,1,0.9244,1,1,1,1,1
yihS,MOB_4049580_4049582_IS150_1,sv,4049580,0,0,0,0,0,0.0034,0,0,0,0,0,0,0,0,0,0,0,0.0163,0.0116,0,0.0091,0,0.0089,0.0267,0,0.0058,0,0.0407,0.007,0,0.006,0,0.0281,0,0.0069,0.0238,0,0,0,0.0148,0,0,0,0.0177,0,0.0075,0.0085,0.0156,0,0,0.019,0.018,0.026,0.0312,0.0362,0.0132,0,0,0,0,0.0094,0.0083,0,0,0.0076,0,0,0,0,0,0.0106,0.0465,0.0127,0.0097,0.0118,0,0,0,0.0057,0,0,0,0,0,0.049,0.1458,0.1736,0.2941,0.0837,0,0,,,,,,,,,,,,,,,,,,,,,0,,,,,
yihV,C->T,synonymous,4052689,0.0057,0.0227,0,0.0114,0,0.0094,0,0,0,0.0435,0,0,0,0,0,0,0,0,0,0,0.0312,0,0,0,0,0,0.0213,0,0,0,0,0,0,0,0,0,0,0,0,0,0,0,0,0,0.0227,0,0,0,0,0,0,0,0,0,0,0,0,0,0,0,0,0,0,0,0,0,0,0,0,0,0,0,0,0,0,0,0,0,0,0,0,0,0,0,0,0,0,0,0,0,0,0,0,0,0,0,0,0,0,0,0,0,0,0,0,0.0111,0,0.0459,0.0521,0.0312,0.2125,0.0811,0.0667,0.0755,0.1429,0.1379,0
intergenic,T->C,noncoding,4057062,0,0,0,0,0,0,0,0.0333,0.7196,0.4146,0.5,0.3571,0.5517,0.1556,0.2,0.0526,0.0208,0.0235,0,0,0,0,0,0,0,0,0,0,0,0,0,0,0,0,0,0,0,0,0,0,0,0,0,0,0,0,0,0,0,0,0,0,0.0204,0,0,0,0,0,0,0,0,0,0,0,0,0,0,0.0085,0,0,0,0,0,0,0,0,0,0,0,0,0,0,0,0,0,0,0,0,0,0,0,0,0,0,0,0,0,0,0.0256,0,0,0,0,0,0,0,0,0,0,0,0,0,0,0,0,0,0
rhaT,A->G,missense,4079277,0,0,0,0,0,0,0,0,0,0,0,0.1111,0.2308,0.2973,0,0.0667,0,0,0,0,0,0,0,0,0,0,0,0,0,0,0,0,0,0,0,0,0,0,0,0,0,0,0,0,0,0,0,0,0,0,0,0,0,0,0,0,0,0,0.0159,0,0.0101,0,0,0,0,0,0,0,0,0,0,0.0213,0,0,0,0,0,0,0,0,0,0,0,0,0,0,0,0,0,0.0083,0,0,0,0,0,0,0,0.0139,0,0,0,0,0,0,0,0,0,0,0,0,0,0,0,0,0,0,0
yiiM,G->A,missense,4082367,0,0,0,0,0,0,0,0,0,0,0,0,0,0,0,0,0,0,0,0,0,0,0,0.0164,0.008,0,0,0,0,0,0,0,0,0,0,0.02,0,0,0,0,0,0.0118,0,0,0,0,0,0,0,0,0,0,0.0179,0,0,0,0,0,0,0,0,0,0,0,0,0,0,0,0,0,0,0,0.0145,0,0,0,0,0,0,0,0,0,0,0.0133,0.0297,0.0842,0.125,0.115,0.0576,0.0728,0.0407,0,0,0,0,0,0,0,0,0,0,0,0,0,0,0,0,0,0,0,0,0,0,0,0,0,0
yiiT,MOB_4092861_4092863_IS150_-1,sv,4092861,0,0,0,0.0039,0,0.0031,0,0,0,0,0,0.0417,0,0,0,0,0.009,0,0,0,0,0,0,0,0,0,0,0,0,0,0,0.0078,0,0.0114,0.0093,0,0,0,0,0,0.0089,0,0,0.0096,0.0083,0.0127,0.0103,0,0.0163,0.1379,0.1028,0.0602,0,0.025,0.0529,0.0395,0.0129,0.0134,0,0.0061,0,0,0.0078,0.005,0.005,0.0065,0,0.006,0,0,0.0134,0,0,0,0,0.0092,0,0,0,0,0,0,0,0,0,0,0.5065,0.1571,0.04,0.2895,0.6707,0.8782,0.7471,0.5597,0.7076,0.9521,0.9474,0.9664,0.8548,0.9369,0.9843,0.9922,1,0.9697,0.98740000000000006,1,1,0.9817,0.9813,0.9928,0.9821,0.973,0.994,0.9762,1,0.9877,1
glpF,G->T,nonsense,4096877,0,0,0,0,0,0.007,0,0,0,0,0,0,0,0,0,0,0,0,0,0,0,0,0,0,0,0,0,0,0,0,0,0,0,0,0,0,0,0,0,0,0.0109,0.013,0,0,0,0.0357,0.1373,0.3043,0.25,0.0333,0.0192,0.0784,0.3404,0.6364,0.4028,0.4933,0.5797,0.3396,0.5806,0.3824,0.3077,0.1467,0.1087,0.1389,0.0706,0.2449,0.2,0.2903,0.3833,0.5529,0.3962,0.4576,0.6,0.3529,0.2051,0.32,0.2667,0.0588,0.0417,0.0909,0.0735,0.0339,0.1695,0,0.0377,0.1569,0.5312,0.1639,0.061,0.2143,0.8,0.8235,0.7879,0.4079,0.7167,0.9535,0.9444,0.9714,0.7826,0.9524,0.9856,1,1,1,0.9537,1,0.9655,1,1,1,1,0.9773,0.9924,0.9781,1,0.9828,0.9333
glpF,indel;+C;A;+A;C;T;+T,indel,4097089,0,0,0,0,0,0,0,0.0147,0,0,0,0,0,0,0,0,0,0,0,0,0,0,0,0,0.0076,0,0,0,0,0,0,0,0,0,0,0,0.0185,0,0,0,0,0.1379,0.0508,0.0534,0.0541,0.1,0.1579,0.0833,0.1905,0.0435,0.1698,0.1739,0.2683,0.0976,0.1636,0.1,0.0864,0.131,0.0678,0.2959,0.3579,0.4,0.6379,0.5054,0.5354,0.5534,0.5164,0.2556,0.3099,0.2737,0.1549,0.4096,0.3034,0.2769,0.4828,0.4444,0.3962,0.2927,0.4211,0.3239,0.6118,0.8023,0.0674,0.2542,0.6056,0.8046,0.4545,0.7429,0.9236,0.6504,0.1842,0.0127,0,0,0,0,0,0,0.0179,0,0,0.0061,0,0,0,0,0,0,0.0126,0,0,0,0,0.0122,0,0,0
glpF,T->A,noncoding,4097580,0,0,0,0,0.0182,0,0,0,0,0,0,0,0,0,0,0,0,0,0,0,0,0,0,0,0.0182,0.0577,0.2879,0.4857,0.4471,0.3636,0.3093,0.2615,0.1806,0.0959,0.069,0.1786,0.0808,0.0588,0.1392,0.1648,0.2093,0.1875,0.0855,0.0577,0.1587,0.1857,0.0833,0.0789,0.0526,0,0.0213,0.0235,0.0256,0.0192,0,0,0,0,0,0,0,0,0,0,0,0,0,0,0,0.019,0,0,0.0159,0,0,0,0,0,0,0,0,0,0,0,0.012,0,0,0,0,0,0,0,0,0,0.0084,0,0,0.0179,0,0,0,0,0,0,0,0,0,0,0,0,0,0,0,0,0,0,0
hslU,T->C,missense,4101091,0,0,0,0.0594,0.9773,0.9817,0.9744,0.9355,0.9615,1,1,0.9167,1,1,1,1,0.8286,0.9365,0.8548,1,1,1,1,1,1,1,1,1,1,1,1,1,1,1,1,1,1,1,1,1,1,1,1,1,1,1,1,1,1,1,1,1,1,1,1,0.9815,1,1,1,1,1,1,1,1,1,1,1,1,1,0.9844,1,1,0.9762,0.9808,1,0.9688,1,1,1,1,0.9825,1,1,1,1,1,1,1,1,1,1,1,1,1,1,1,1,1,1,1,1,1,1,1,1,1,1,1,1,1,1,1,0.9917,1,,1,1
cytR,T->G,noncoding,4104028,0,0,0,0.0069,0,0.0063,0,0,0,0,,0,0,0,0,0,0,0,0,0,0,0,0,0,0,0.0062,0,0,0,0,0,0,0,0,0,0,0,0,0,0,0,0,0,0,0,0,0,0,0,0,0,0.0135,0,0,0,0,0,0,0,0,0,0,0,0,0,0,0,0,0,0,0,0.0566,0.2338,0.2125,0.2787,0.2979,0.4107,0.5312,0.2,0.561,0.6118,0.8103,0.0824,0.1373,0.5972,0.7174,0.6182,0.7625,0.9429,0.5227,0.3289,0,0.0167,0,0,0,0,0,0,0.007,0,0.0095,0,0,0,0,0,0,0,0,0,0,0,0,0,0,0
intergenic,C->T,noncoding,4104040,0,0,0,0,0,0,0,0,0,0,,0,0,0,0,0,0,0,0,0,0,0,0,0,0,0,0,0,0,0,0,0,0.0147,0,0,0,0,0,0,0,0,0,0,0,0,0,0,0,0.0328,0,0,0.0133,0,0,0,0,0,0,0.0222,0.0481,0.1429,0.1014,0.1228,0.3053,0.2405,0.4717,0.2316,0.0676,0.04,0.0079,0.0526,0.0893,0.0123,0,0.029,0,0,0,0,0,0,0,0,0,0,0,0,0,0,0,0,0,0,0,0.0116,0,0,0,0,0,0,0,0,0,0,0,0.0106,0,0,0,0,0,0,0,0,0,0
metL,MOB_4110237_4110239_IS150_1,sv,4110237,0,0,0,0.0128,0.0141,0.0067,0.0092,0,0.0066,0,0,0,0.0663,0,0.0177,0,0,0.01,0,0,0,0,0.0179,0.0111,0.0043,0.0107,0.0082,0.0246,0.0202,0.066,0.1294,0.1749,0.1854,0.1119,0.0852,0.1903,0.0921,0.0855,0.1055,0.0771,0.3052,0.1879,0.0956,0.1134,0.14,0.1468,0.0556,0.1666,0.0615,0.0458,0.0306,0.0386,0.0339,0.0344,0.0049,0.023,0.0173,0.0169,0.0075,0,0.0145,0.0139,0.0323,0.0068,0.0609,0,0.0036,0.0357,0.0298,0.0963,0.3318,0.1668,0.1149,0.2109,0.2266,0.3126,0.2981,0.3013,0.5975,0.3748,0.1825,0.1062,0.871,0.778,0.2826,0.107,0.025,0.026,0.016,0.0258,0,0.1027,0.2726,0.4707,0.2833,0.0591,0.0349,0.1002,0.0304,0.0199,0.0073,0,0,0,0,0,0,0.007,0.0074,0,0.0061,0,0,0,0,0.0122,0
metL,MOB_4110488_4110490_IS150_-1,sv,4110488,0,0,0,0,0,0,0,0,0,0,0,0,0,0,0,0,0,0,0,0,0,0,0,0,0,0.0054,0,0,0,0,0,0,0,0,0,0,0,0,0,0,0,0,0,0,0,0,0,0,0,0,0,0,0,0,0,0,0,0,0,0,0.0081,0,0,0.0353,0.0513,0,0,0,0.1345,0.3626,0.2181,0.3086,0.5387,0.2334,0.4349,0.3875,0.3818,0.334,0.2494,0.5619,0.6633,0.9492,0.0406,0.2452,0.8123,0.9578,0.5852,0.8927,0.9745,0.7119,0.2796,0,0,0,0,0.0105,0,0,0,0.0103,0,0,0,0,0,0,0,0,0,0,0,0,0,0,0,0,0
katG,MOB_4114199_4114201_IS150_1,sv,4114199,0,0,0,0,0,0,0.0125,0,0,0.0195,0,0,0,0,0,0,0,0,0,0,0.0154,0.0474,0.0228,0,0,0.0032,0,0,0,0.019,0,0,0,0,0.0084,0,0.0161,0,0,0.0078,0,0,0,0,0,0,0.0522,0.1384,0.0435,0.019,0.0113,0,0.0138,0,0.0104,0.0415,0.022,0.0184,0.0159,0.0062,0.0078,0,0,0.0079,0,0,0,0.0051,0,0,0,0,0,0.0193,0,0,0,0,0,0,0,0.0083,0,0.011,0,0,0,0,0,0,0,0,0,0,0,0,0,0,0,0,0,0,0,0,0,0,0,0,0,0,0,0,0,0,0,0,0
ppc,G->A,synonymous,4133104,0,0,0,0,0,0,0,0,0,0,0,0,0,0,0,0,0.0185,0,0,0,0,0,0,0,0,0,0,0,0,0,0,0,0.0082,0,0,0,0,0,0.3,0.6535,0.5122,0.6861,0.9,0.9191,0.9322,0.8485,0.9189,0.8387,0.9583,0.9434,0.9583,1,0.9423,0.9831,0.98,0.9694,1,1,0.9825,0.9912,0.99,0.9775,1,1,1,1,1,1,0.9889,0.9923,1,0.9853,1,0.9783,1,0.9826,1,1,1,1,1,0.99,1,1,1,1,1,1,1,1,1,1,1,0.9904,1,1,0.9867,1,0.9821,1,0.9935,1,1,1,1,0.9901,1,1,0.9878,1,1,1,0.9945,0.9929,1,1,1
argC,C->T,missense,4135742,0.0084,0.025,0,0,0,0,0,0,0,0,0,0,0,0,0,0,0,0,0,0,0,0,0,0.0588,0,0,0,0,0,0,0,0,0,0,0,0,0,0,0,0,0,0,0,0,0,0,0,0,0.0426,0.1538,0,0,0,0,0,0,0,0,0,0,0,0,0,0,0,0,0,0,0,0,0,0,0,0,0,0,0,0,0,0,0,0,0,0,0,0,0,0,0,0.0092,0,0,0,0,0,0,0,0,0,0,0,0,0,0,0,0,0,0,0,0,0,0,0,0,0,0,0
yijC,C->A,missense,4141016,0,0.0345,0.1364,0.0154,0,0,0,0,0,0,0,0,0,0,0,0,0,0,0,0,0,0,0,0,0,0,0,0,0,0,0,0,0,0,0,0,0,0,0,0,0,0,0,0,0,0,0,0,0,0,0,0,0,0,0,0,0,0,0,0,0,0,0,0,0,0,0,0,0,0,0,0,0,0.0104,0,0,0,0,0,0,0,0,0,0,0,0,0,0,0,0,0,0,0,0,0,0,0,0,0,0,0,0,0,0,0,0,0,0,0,0,0,0,0,0,0,0,0
rpoB,G->T,missense,4161099,0,0,0,0,0,0,0,0,0,0.0476,0,0,0,0,0,0,0,0,0,0,0,0,0,0,0,0,0.0238,0,0,0,0,0,0,0,0,0,0,0,0,0,0,0,0,0,0,0.011,0.0143,0.0263,0.0806,0.5161,0.5893,0.5147,0.186,0.2308,0.2816,0.22,0.3,0.5333,0.2262,0.2065,0.1184,0.2947,0.2881,0.2981,0.2857,0.2656,0.1792,0.2824,0.2258,0.296,0.3692,0.1719,0.0317,0.25,0.0649,0.2479,0.3774,0.3556,0.6867,0.4177,0.1905,0.1111,0.8354,0.8235,0.3692,0.0423,0.0164,0.0471,0.0097,0.0476,0,0.0282,0.2921,0.493,0.181,0.0233,0.0375,0.0656,0.1818,0.0201,0,0,0,0,0,0.0102,0,0,0,0,0,0,0,0,0,0,0
rpoB,C->T,missense,4163737,0,0,0,0,0,0,0,0,0,0,0,0,0,0,0,0,0,0,0,0,0.0217,0.0556,0.0702,0.0476,0.1125,0.0569,0.0769,0.125,0.1183,0.0617,0.2258,0.0952,0.0568,0.2344,0.3947,0.0588,0.1279,0.1111,0,0,0,0,0,0,0,0,0,0,0,0,0,0,0,0,0,0,0,0,0,0,0,0,0,0,0,0,0,0,0,0,0,0,0,0,0,0,0,0,0,0,0,0,0,0,0,0,0,0,0,0,0,0,0,0,0,0,0,0,0,0,0,0,0,0,0,0,0,0,0,0,0,0,0,0,0,0,0
hupA,A->C,noncoding,4179888,0,0,0,0,0,0,0,0,0,0,0,0,0,0,0,0,0.0094,0.043,0.0317,0.161,0.1268,0.0769,0.1735,0.0233,0.1094,0.0988,0.0685,0.0976,0.1635,0.0769,0.224,0.1368,0.087,0.1605,0.4082,0.3,0.2426,0.2632,0,0,0,0,0,0,0,0,0,0,0,0,0,0,0,0,0,0,0,0,0,0,0,0,0,0,0,0,0,0,0,0,0,0,0,0,0,0,0,0,0,0,0,0,0,0,0,0,0,0,0,0,0,0,0.0089,0.0075,0,0,0.0211,0,0,0,0,0,0,0,0,0,0,0,0,0,0,0,0,0,0,0,0
zraS,MOB_4182772_4182774_IS150_1,sv,4182772,0,0,0,0,0,0,0,0,0,0,0,0,0,0,0,0,0.0115,0,0.0042,0,0,0,0,0,0,0,0,0,0,0,0,0,0,0,0,0,0,0,0,0,0,0,0,0.0084,0,0,0,0.0349,0.0253,0.2907,0.5333,0.4504,0.2286,0.2689,0.3668,0.2865,0.3865,0.5076,0.1895,0.3576,0.2195,0.2963,0.2667,0.3616,0.3112,0.2276,0.2575,0.2704,0.3007,0.2453,0.4219,0.2033,0.0738,0.3125,0.1385,0.2416,0.2645,0.375,0.7418,0.4104,0.2332,0.0696,0.9078,0.8276,0.3672,0.0705,0.0125,0.0533,0.0144,0.0346,0,0.1458,0.2692,0.5101,0.3354,0.0373,0.029,0.0909,0.04,0.0291,0.0041,0,0,0,0,0,0,0,0,0,0,0,0,0,0,0,0
intergenic,G->T,noncoding,4194822,0,0,0,0,0,0,0,0,0,0,,0,0,0,0,0,0.04,0,0,0,0,0,0,0,0.1579,0.1275,0.05,0,0,0.0435,0,0,0,0,0,0,0,0,0,0,0,0,0,0,0,0,0.0526,0,0,0,0.0435,0,0,0,0,0,0,0.0217,0,0,0,0,0,0,0,0,0,0,0,0,0,0,0,0,0,0,0,0,0,0,0,0,0,0,0.0213,0,0,0,0,0,0,0,0,0,0,0,0,0,0,0,0,0,0,0,0,0,0,0,0,0,0,0,0.0122,0,0,0,0
iclR,G->A,missense,4201980,0,0,0,0,0,0,0,0,0,0,0,0,0,0,0,0,0,0,0,0.0118,0.2857,0.3929,0.284,0.2766,0.2929,0.4831,0.7333,0.8438,0.8495,0.9306,0.7064,0.8235,0.7681,0.5263,0.49370000000000003,0.5476,0.7742,0.8462,1,1,1,1,1,1,1,1,0.9592,0.9706,1,1,1,1,1,1,1,1,1,1,1,1,1,1,1,1,1,1,1,1,1,1,1,1,0.9904,1,1,0.9906,1,1,1,0.9865,1,1,1,1,1,1,1,1,1,1,0.9759,0.9865,1,0.9857,0.9894,0.9882,1,1,1,1,0.9912,1,1,1,1,0.9896,1,0.9919,0.9907,0.9917,1,1,0.9926,1,1,1,1
iclR,G->A,missense,4202523,0,0,0,0,0,0.0065,0,0,0,0,0,0,0,0,0,0,0,0.0357,0.1829,0.0847,0.1081,0.0435,0.0517,0.04,0.3034,0.3548,0.087,0.0857,0.0179,0.0175,0,0,0.1538,0.1,0.1591,0,0.0816,0,0.0116,0,0,0,0,0,0,0,0,0,0,0,0,0,0,0,0,0,0,0,0,0,0,0,0,0,0,0,0,0,0,0,0,0,0,0,0,0,0,0,0,0,0,0,0,0,0,0,0,0,0,0,0,0,0,0,0,0,0,0,0,0,0,0,0,0,0,0,0,0,0,0,0,0,0,0,0,0,0
metH,indel;-5,indel,4205068,0,0,0,0,0,0,0,0,0,0,0,0,0,0,0,0,0,0,0,0,0,0,0,0,0,0,0,0,0,0,0,0,0,0,0,0.1176,0.3529,0.2,0.7931,0.7931,0.6788,0.7795,0.8659,0.9262,0.8889,0.7114,0.9194,0.96,0.8941,0.9375,1,1,1,0.9737,1,1,0.9565,0.9545,1,0.9667,0.9552,1,0.9778,0.9796,0.987,1,1,1,0.9841,0.9577,0.9841,0.9828,0.9535,0.9861,1,0.9744,1,1,1,0.9841,1,1,0.95,0.9778,0.9429,1,1,1,0.9855,1,0.9787,0.9333,1,0.9855,1,0.9831,0.9815,0.9831,0.9762,1,0.9856,1,1,1,0.989,0.9688,0.9828,1,0.9909,1,1,1,0.9929,1,1,1,1
metH,MOB_4206209_4206211_IS150_1,sv,4206209,0,0,0,0,0,0,0,0,0.0073,0,0,0,0,0,0,0,0,0.0093,0,0,0,0,0,0,0,0,0,0,0,0.1228,0.0753,0.0526,0.0562,0.0879,0.1481,0.2381,0.1206,0.08,0.1475,0.0738,0.2762,0.225,0.1374,0.1384,0.0952,0.2323,0.1977,0.1529,0.1125,0,0,0,0,0.0225,0.0069,0,0,0,0,0,0,0.0196,0,0,0,0,0,0,0,0,0,0,0.0079,0,0,0,0,0,0,0,0,0,0,0,0,0,0,0,0,0,0,0,0,0,0,0,0,0,0,0,0,0,0,0,0,0,0,0,0,0,0,0,0,0,0,0,0
malE,A->C,missense,4224464,0,0,0,0.0088,0,0.0065,0,0,0,0,0,0,0,0,0,0,0,0,0,0,0,0,0,0,0,0,0,0,0,0,0,0,0,0,0,0,0,0,0,0.1169,0.1313,0.5534,0.6364,0.8364,0.7636,0.6078,0.6333,0.5556,0.5385,0.8438,0.8511,0.7671,0.7292,0.5294,0.7188,0.5591,0.4667,0.6604,0.25,0.561,0.7077,0.6941,0.8431,0.8706,0.8072,0.6712,0.8,0.5974,0.5893,0.5,0.6056,0.4643,0.2742,0.6885,0.6825,0.6383,0.7949,0.8667,0.9667,0.9344,0.9231,0.9841,0.9028,0.9348,0.931,0.8841,0.6341,0.7465,0.9286,0.7207,0.2041,0.0303,0.3014,0.5075,0.1702,0.043,0.0448,0.0517,0,0.0299,0.0071,0,0.0357,0,0,0,0,0,0,0,0,0,0.0066,0,0,0,0
aphA,MOB_4248424_4248426_IS150_1,sv,4248424,0,0,0,0,0,0.0045,0.0167,0,0,0,0,0,0,0,0,0,0,0.0253,0,0,0,0,0,0.0317,0,0,0,0,0.0097,0,0.0583,0.1354,0.3,0.0657,0.1532,0.1875,0.1058,0.25,0.2381,0.092,0.2013,0.2838,0.1667,0.0986,0.1008,0.2314,0.1633,0.1136,0.1014,0,0,0.0312,0,0.0116,0.008,0.0816,0,0,0.0694,0.0224,0.0109,0,0.0471,0.1287,0.0769,0.0714,0.0163,0,0.0769,0.0049,0,0.0532,0.0112,0,0,0.007,0,0,0,0.0063,0,0.0096,0.0077,0.0167,0,0,0,0.0182,0,0,0,0,0,0,0,0,0,0,0,0,0,0,0,0,0.0278,0,0,0,0.0083,0,0,0,0,0,0,0,0
ssb,G->A,missense,4253137,0,0,0,0.0064,0,0,0,0,0,0,0,0,0,0,0,0,0,0,0,0,0,0,0,0,0,0,0,0.0357,0.0804,0.0217,0.1679,0.0495,0.0806,0.1806,0.2152,0.2453,0.287,0.2941,0,0,0,0,0,0,0,0,0,0,0,0,0,0,0,0,0,0,0,0,0,0,0,0,0,0,0,0,0,0,0,0,0,0,0,0,0,0,0,0,0,0,0,0,0,0,0,0,0,0,0,0,0,0,0,0,0.0091,0,0,0,0,0,0,0,0,0,0,0,0,0,0,0,0,0,0,0,0,0,0
intergenic,junction_4257285_1_IS1_end,sv,4257285,0,0,0,0,0,0,0,0,0,0,0,0,0,0,0,0,0,0,0,0,0,0,0,0,0,0,0,0,0,0,0,0,0,0,0,0,0,0,0,0,0,0,0,0,0,0,0,0,0,0,0,0,0,0,0,0,0,0,0,0,0,0,0,0.0345,0,0.2498,0.0931,0.125,0.0625,0.1781,0.1113,0.1851,0.1337,0.1396,0,0,0,0,0,0,0,0,0,0,0,0,0,0,0,0,0,0,0,0,0,0,0,0,0,0,0,0,0,0,0,0,0,0,0,0,0,0,0,0,0,0,0
yjcF,MOB_4261613_4290705_IS1_-1,sv,4261613,0,0,0,0,0,0,0,0.071,0.0368,0,0,0,0,0,0,0,0.1421,0.0962,0,0,0,0,0,0,0,0,0,0,0,0,0,0,0,0,0,0,0,0,0,0,0,0,0,0,0,0,0,0,0,0,0,0,0,0,0,0,0,0,0,0,0,0,0,0,0,0,0,0,0,0,0,0,0,0,0,0,0,0,0,0,0,0,0,0,0,0,0,0,0.0147,0,0,0,0,0,0,0,0,0,0,0,0,0,0,0,0,0,0,0,0,0,0,0,0,0,0,0,0
actP,T->G,missense,4262916,0,0,0.0204,0.0058,0,0,0,0,0,0,0,0,0,0,0,0,0,0,0,0,0,0,0,0,0,0,0,0,0,0,0,0,0,0,0.011,0,0,0,0,0,0,0,0,0,0,0,0,0,0,0,0,0,0,0,0.0392,0.0374,0.1567,0.0947,0.1077,0.2405,0.4086,0.512,0.5417,0.4699,0.5197,0.3277,0.4692,0.3491,0.2211,0.2331,0.1579,0.2596,0.2989,0.2788,0.321,0.4435,0.4648,0.6809,0.2035,0.5189,0.6239,0.8571,0.0741,0.0952,0.7105,0.871,0.5254,0.8932,0.9014,0.6159,0.2621,0,0.0098,0,0,0,0.0103,0,0,0,0,0.0056,0,0,0,0.0072,0.0078,0,0,0,0,0,0,0,0,0,0
actP,C->T,synonymous,4263821,0,0,0,0,0,0,0,0,0,0,0,0,0,0,0,0,0,0,0,0,0,0,0,0,0,0,0,0,0,0,0.0079,0,0,0,0,0,0,0,0,0,0,0,0.0074,0,0,0,0,0,0,0,0,0,0,0,0.0085,0,0,0,0,0,0,0,0,0.0105,0,0,0,0.0083,0.2039,0.1639,0.0202,0,0,0,0,0.0185,0,0,0,0,0.0114,0,0,0,0,0,0,0,0,0,0,0,0.0105,0,0,0,0,0,0,0,0,0,0,0,0,0,0,0,0.0046,0,0,0,0,0,0,0,0
actP,C->T,missense,4263826,0,0.0128,0,0,0,0,0,0.1493,0.0571,0,0,0,0,0,0,0,0.1935,0.0964,0,0,0,0,0,0,0,0,0,0,0,0,0,0,0,0,0,0,0,0,0.0088,0,0,0,0,0,0,0,0,0,0,0,0,0,0,0,0,0,0,0,0,0,0,0,0,0,0,0,0,0,0,0,0,0,0,0,0.0091,0,0,0,0,0.0198,0,0,0,0.0179,0,0,0,0,0,0,0,0,0,0.0108,0,0,0,0,0,0,0,0,0,0,0,0,0,0,0,0,0,0,0,0,0,0,0
acs,A->T,noncoding,4266333,0.0052,0,0.0161,0,0,0,0,0,0,0,0,0,0,0,0,0,0,0,0,0,0,0,0,0,0,0.0045,0,0,0.023,0.0125,0,0.0137,0.1067,0.1647,0.0909,0.0857,0.0693,0.0526,0,0,0,0,0,0,0,0,0,0,0,0,0.0128,0,0,0,0,0,0,0,0,0,0,0,0,0,0,0,0,0,0,0,0,0,0,0,0.0095,0.0067,0,0,0,0,0,0,0,0,0,0,0,0,0,0,0,0,0,0,0,0,0,0,0,0,0,0,0,0,0,0,0,0,0,0,0,0,0.0062,0,0,0.009,0
acs,A->G,noncoding,4266354,0,0.0122,0,0,0,0,0,0,0,0,0,0,0,0,0,0,0,0,0,0,0,0,0,0,0,0,0,0,0,0,0,0,0,0.0139,0,0,0,0,0,0,0,0,0,0,0,0.0114,0,0,0,0.0612,0,0.1053,0,0,0.0103,0,0,0,0,0,0,0,0,0,0,0,0,0,0,0,0,0,0,0,0,0,0,0,0,0.007,0.0105,0.03,0,0,0.0348,0.0423,0.0755,0.2742,0.2525,0.1489,0.1059,0,0,0,0,0,0,0,0,0,0,0,0,0,0,0,0,0,0,0,0,0,0,0.0059,0,0,0
nrfA,junction_4267488_-1_IS150_end,sv,4267488,0,0,0,0,0,0,0,0,0,0,0,0,0,0,0,0,0,0,0,0,0,0,0,0,0,0,0,0,0,0,0,0,0,0,0,0,0,0,0,0,0,0,0,0,0,0,0,0,0,0,0,0,0.1026,0.0566,0.0185,0,0,0,0,0,0,0,0,0,0,0.037,0,0.0135,0,0,0,0.0263,0,0,0.0222,0,0,0,0,0,0,0,0,0,0,0,0,0,0,0,0,0,0,0,0,0,0,0,0,0,0,0,0,0,0,0,0,0,0,0,0,0,0,0,0,0,0
yjcO,MOB_4275715_4275717_IS150_-1,sv,4275715,0,0,0,0,0,0,0,0,0,0,0,0,0,0,0,0,0,0,0,0,0,0,0.0285,0.0169,0.2808,0.4503,0.8481,0.873,0.7426,0.8001,0.7432,0.7937,0.6752,0.3642,0.4211,0.2948,0.2626,0.0671,1,1,1,1,1,1,1,1,1,1,1,1,1,1,,,1,0.6707,,,,,,,,,,,,,,,,,,,,,,,,,,,,,,,,,,,0,,,,,,,0,,,,,,,,,,0,,,,,,,,,
rpiR,indel;A;T;+T,indel,4290966,0,0,0,0.0096,0,0,0,0,0,0,0,0,0,0,0,0,0,0,0,0,0,0,0,0,0.2121,0.4118,0.6735,0.7308,0.6,0.8378,0.4815,0.6053,0.6316,0.4231,0.4118,0.1667,0.375,0,1,1,1,1,0.8571,1,1,1,0.8333,1,1,,,1,,,1,1,,,,,,,,,,,,,,0,,,,,,,,,,,,,,,,,,,,,,,,,,,,,,,,,,,,,,,,,,,,,,,
melA,MOB_4321393_4321394_IS150_-1,sv,4321393,0,0,0,0,0,0,0,0,0,0,0,0,0,0,0,0,0.0092,0.0123,0.0048,0.0069,0.0858,0.4365,0.3219,0.38,0.2293,0.1388,0.0598,0.0136,0.0317,0.0426,0.0291,0,0,0,0,0,0,0,0,0,0,0,0,0,0,0,0,0,0,,,0,,0,0,0,,,,,,,,,,,,,,,,,,,,,,,,,,,,,1,,,,,,0,,,,,,,,,,,,,,0,,,,,,,,,,,,
lysU,MOB_4333227_4333230_IS150_1,sv,4333227,0,0,0,0,0,0.0029,0,0,0,0,0,0.0323,0,0,0,0,0,0.0079,0,0.0114,0,0,0,0,0,0.0232,0.1474,0.1053,0.25,0.326,0.4162,0.4382,0.3724,0.3363,0.0877,0.0795,0.0394,0,0.0652,0.037,0,0.0182,0,0,0,0,0.0909,0,,,,,,,,0,,,,,,,,,,,,,,,,,,,,,,,,,,,,,,,,,0,,0,,,,,,,,,0,,,,,,,,,0,,,,,,,,
cadC,junction_4340299_-1_IS1_start,sv,4340299,0,0,0,0,0,0,0,0,0,0,0,0,0,0,0,0,0,0,0,0,0,0,0,0,0,0,0,0,0,0,0,0,0,0,0,0,0,0,0,0,0,0,0,0,0,0,0,0,0,0,0,0,0,0,0,0,0,0,0,0,0,0,0,0.0213,0.0267,0.1733,0.052,0.0513,0.0763,0.0415,0.0435,0.0872,0.0608,0.0496,0.0305,0,0,0,0,0,0,0,0,0,0,0,0,0,0,0,0,0,0,0,0,0,0,0,0,0,0,0,0,0,0,0,0,0,0,0,0,0,0,0,0,0,0
frdC,MOB_4358318_4358320_IS150_-1,sv,4358318,0,0,0,0,0,0,0,0,0,0,0,0,0,0,0,0,0,0,0,0,0,0,0,0,0,0,0,0,0,0,0,0,0,0,0,0,0,0,0,0,0,0,0,0,0,0,0,0,0,0,0,0,0,0.0112,0.0204,0.0481,0.0293,0.0652,0.0657,0.0363,0.075,0.1334,0.168,0.0099,0.0198,0,0,0,0,0,0,0,0,0,0.0106,0,0,0,0,0,0,0,0,0,0,0,0,0,0,0,0,0,0,0,0,0,0,0,0,0,0,0,0,0,0,0,0,0,0,0,0,0,0,0,0,0,0
intergenic,A->G,noncoding,4362418,0,0,0,0,0,0,0,0,0,0,0,0,0,0,0,0,0,0,0,0,0,0,0,0,0,0,0,0,0,0,0,0,0,0,0,0,0,0,0,0,0,0,0,0,0,0,0,0,0,0,0,0,0,0,0,0,0,0,0,0,0,0,0,0,0.0096,0,0,0.0098,0.0854,0.314,0.0923,0.2889,0.2588,0.2128,0.3218,0.292,0.3433,0.2571,0.2527,0.4952,0.5304,0.8774,0.1275,0.2078,0.6304,0.7429,0.5128,0.7941,0.8942,0.6822,0.2169,0,0,0,0,0,0,0,0,0,0,0,0,0,0,0,0,0,0,0,0,0,0,0,0,0,0
yjeP,T->G,missense,4365257,0,0,0,0,0,0,0,0,0,0,0,0,0,0,0,0,0,0,0,0,0,0,0,0.0455,0.0282,0.0721,0,0.0625,0.0513,0.0339,0,0.102,0.0946,0.0455,0.0789,0.3704,0.0278,0.2,0,0,0,0,0,0,0,0,0,0,0,0,0,0,0,0,0,0,0,0,0.0417,0,0,0,0,0,0,0,0,0,0,0,0,0,0,0,0,0,0,0,0,0,0.013,0,0,0,0,0,0,0,0,0,0,0.0217,0,0,0,0,0,0.0312,0,0,0,0,0,0,0,0,0,0,0,0,0,0,0,0,0,0,0
yjeB,C->A,missense,4384430,0,0,0,0.006,0.0123,0,0,0,0,0,0,0,0,0,0,0,0,0,0,0.0097,0,0,0.0123,0,0,0.0108,0.0822,0.1316,0.128,0.4767,0.4318,0.5532,0.3924,0.4458,0.2588,0.28,0.3962,0.8889,0.822,0.936,0.8433,0.8175,0.8852,0.9211,0.9155,0.8529,0.8333,0.9322,0.9701,0.9583,0.9882,1,1,0.9853,1,0.9914,0.9829,1,1,1,1,1,1,1,1,1,0.9929,1,1,0.9935,1,1,1,1,1,1,1,1,0.9924,0.992,1,1,1,1,0.9908,1,1,1,1,1,0.9844,1,1,1,1,0.9752,1,1,1,1,1,1,1,1,0.9951,0.9935,0.9925,1,0.9954,1,1,1,1,1,1,1,1
aidB,G->A,missense,4393462,0,0,0,0,0,0.0083,0,0,0,0,0,0,0,0,0,0,0,0,0,0,0,0,0,0,0,0,0,0,0,0,0,0,0,0,0,0,0,0,0,0,0,0,0,0,0,0,0.0769,0.1818,0.0345,0.1818,0.0571,0,0.0323,0,0,0,0,0,0,0,0.0263,0,0,0.0154,0,0,0,0,0,0,0,0,0,0,0,0,0,0,0,0,0,0,0,0.0333,0,0,0,0,0,0,0.0175,0,0,0,0,0,0,0,0,0,0,0.0175,0,0,0,0,0,0,0,0,0,0,0,0,0,0,0
ECB_04074,MOB_4410337_4410345_IS1_-1,sv,4410337,0,0,0,0,0,0,0,0,0,0,0,0,0,0,0.0772,0,0,0,0,0,0,0,0,0,0,0,0,0,0,0,0,0,0,0,0,0,0,0,0,0,0,0,0,0,0,0,0,0,0,0,0,0,0,0,0,0,0,0,0,0,0.028,0.0294,0.0303,0.1079,0.0548,0.0614,0.109,0.1819,0.0399,0.0303,0.0417,0,0,0,0,0,0,0,0,0,0,0,0,0,0,0,0,0,0,0,0,0,0,0,0,0,0,0,0,0,0,0,0,0,0,0,0,0,0,0,0,0,0,0,0,0,0
cycA,MOB_4415710_4415712_IS150_1,sv,4415710,0,0.0076,0.0254,0.0217,0.1105,0.0878,0.0169,0.0817,0.1967,0.4833,0.5017,0.7352,0.8084,0.7038,0.9125,1,0.8214,0.9554,0.9308,1,1,1,1,1,1,1,1,1,1,1,1,1,1,1,1,1,1,1,1,1,1,1,1,1,1,1,1,1,1,1,1,1,1,1,1,1,1,1,1,1,1,1,1,1,1,1,1,1,1,1,1,1,1,1,1,1,1,1,1,1,1,1,1,1,1,1,1,1,1,1,1,1,1,1,1,1,1,1,1,1,1,1,1,1,1,1,1,1,1,1,1,1,1,1,1,1,1
ytfE,junction_4416327_1_IS150_start,sv,4416327,0,0,0,0,0,0,0,0,0,0,0,0,0,0,0,0,0,0,0,0,0,0,0,0,0,0,0,0,0,0,0,0,0,0,0,0,0,0,0.0759,0.0606,0.15310000000000001,0.256,0.1463,0.1304,0.098,0.2037,0.1356,0.122,0.102,0.0526,0,0.0156,0.0435,0,0.0526,0,0,0,0,0,0,0,0,0,0,0,0,0,0,0,0,0,0,0,0,0,0,0,0,0,0,0,0,0,0,0,0,0,0,0,0,0,0,0,0,0,0,0,0,0,0,0,0,0,0,0,0,0,0,0,0,0,0,0,0,0,0
ytfE,junction_4417005_1_IS150_start,sv,4417005,0,0,0,0,0,0,0,0,0,0,0,0,0,0,0,0,0,0,0,0,0,0,0,0,0,0,0,0,0,0,0,0,0,0,0,0,0,0,0,0,0,0,0,0,0,0,0,0,0,0,0,0,0,0,0,0,0,0,0,0,0,0,0,0.1125,0.0658,0,0.0196,0,0.0282,0.0092,0.2969,0.1286,0.0143,0.3721,0.1733,0.2842,0.3636,0.3103,0.5195,0.4301,0.2083,0.1912,0.8481,0.8143,0.4189,0.0476,0.0167,0.0306,0,0.041,0.0161,0.0143,0.2805,0.54,0.2667,0.0741,0.0476,0.0714,0.0789,0.027,0,0,0,0,0,0,0,0,0,0,0,0,0,0,0,0,0
ytfJ,C->T,missense,4422940,0,0,0,0.0072,0,0,0,0,0,0,0,0,0,0,0,0,0,0,0,0,0,0,0,0,0,0,0,0,0,0,0,0,0,0,0,0,0.0081,0,0,0,0,0,0,0,0,0,0,0,0,0,0,0,0,0,0,0.0084,0,0,0.012,0,0,0,0,0,0.0417,0,0,0.0247,0.15,0.1714,0.0341,0.0141,0,0,0,0,0,0,0,0,0,0,0,0,0.0143,0,0,0.0099,0,0,0,0,0,0,0,0,0,0,0,0,0.0069,0,0,0,0,0,0,0,0,0.0076,0,0,0.0049,0,0,0,0
msrA,indel;-9,indel,4425317,0,0,0,0,0,0,0,0,0,0,,0,0,0,0,0,0,0,0,0,0,0,0,0,0,0,0,0,0,0,0,0,0,0,0,0,0,0,0,0,0,0,0,0,0,0,0,0,0,0,0,0,0,0,0,0,0,0,0,0,0,0,0,0,0,0,0,0,0,0,0,0,0,0,0,0,0,0.0455,0,0.0407,0.0829,0.178,0,0.1488,0.4405,0.4314,0.1515,0.063,0.2721,0.1606,0.0685,0,0,0,0,0,0,0,0,0,0,0,0,0,0,0,0,0,0,0,0,0,0,0,0,0,0
yjgL,A->G,synonymous,4459658,0,0,0,0,0,0,0,0,0,0,0,0,0.0238,0,0,0,0,0,0,0,0,0,0,0.0312,0,0,0,0,0,0,0,0,0,0,0,0,0,0,0.0128,0,0,0,0,0,0,0,0,0,0,0,0,0,0,0,0.0337,0,0,0,0,0,0,0,0,0,0,0,0,0,0.0227,0.0932,0.0615,0.2,0.3036,0.2043,0.3,0.2211,0.2258,0.05,0.0385,0.0833,0.1474,0.0741,0.1048,0.0179,0.0641,0.0833,0.2857,0.2329,0.0114,0.2976,0.726,0.9306,0.8718,0.6143,0.7604,0.9344,0.9767,0.8788,1,0.958,0.9938,1,1,1,0.9939,1,0.9903,1,1,1,1,0.9459,1,1,1,1,1
yjgM,MOB_4462655_4462663_IS1_-1,sv,4462655,0,0,0,0,0,0,0,0,0,0,0,0,0,0,0,0,0,0,0,0,0,0,0,0,0,0,0,0,0,0,0,0.0056,0,0,0,0,0,0,0.3802,0.5465,0.4744,0.7562,0.8576,0.8509,0.927,0.7834,0.8723,0.906,0.8668,0.9747,0.939,0.975,0.9887,0.9917,0.9936,0.987,0.98,0.9855,1,0.9893,1,0.9828,0.982,0.9857,0.9801,0.9858,0.9947,0.9794,0.9879,0.9726,0.9941,0.9633,0.9807,0.994,0.9737,0.9903,0.982,0.9875,0.9886,0.9831,0.9885,0.9947,0.9902,0.9556,1,0.9934,0.9438,1,0.9845,0.9864,0.9641,0.981,0.9897,0.9867,0.9802,0.9835,0.9821,0.963,1,0.9781,0.9846,0.9963,0.9804,1,0.994,0.9731,0.9922,0.9869,0.9893,0.9897,0.9959,1,0.9964,0.984,1,0.9775,1
sgcE,A->G,synonymous,4507628,0,0,0,0,0,0.0062,0,0,0,0,0,0,0,0,0,0,0,0,0,0.0078,0,0.0455,0.2375,0.4118,0.1327,0.0407,0.0405,0,0.0694,0,0.0268,0,0,0,0,0,0,0,0,0.0085,0,0,0,0,0,0,0,0,0,0,0,0,0,0,0,0,0,0,0.0116,0,0,0.0102,0,0,0.0093,0,0.0071,0,0,0,0.0122,0,0.011,0,0,0,0.0172,0,0,0,0,0,0,0,0,0,0,0,0,0,0,0,0,0,0,0,0.0116,0,0,0,0,0,0,0,0,0,0.0114,0,0,0,0,0,0,0,0,0,0
sgcA,MOB_4507927_4507927_IS150_1,sv,4507927,0,0,0,0,0,0,0.0095,0,0.0118,0,0,0,0,0,0.0249,0,0,0.0151,0,0,0,0,0,0,0.0059,0,0,0.0169,0,0,0,0.0063,0,0.1245,0.3886,0.2326,0.2145,0.0481,0,0,0,0,0,0,0,0,0,0,0,0,0,0,0,0,0,0.0111,0,0.0071,0,0.0074,0,0.0233,0,0.0062,0,0,0,0.0054,0,0,0.0088,0.0091,0,0,0,0,0,0,0,0.0155,0,0,0,0,0,0,0,0.0061,0,0,0,0,0,0,0,0,0,0,0,0,0,0,0,0,0,0,0.0061,0,0,0,0,0,0,0,0,0,0
sgcB,T->C,missense,4510503,0.0044,0,0,0.0062,0,0,0,0,0,0,0,0,0,0.0154,0.0263,0,0,0,0,0,0,0,0,0,0,0,0,0,0,0,0,0,0,0,0,0,0,0,0,0,0,0.0053,0,0,0,0,0,0,0,0,0,0,0,0,0.0092,0,0,0,0,0.0093,0,0,0,0,0,0,0,0,0.0103,0.0072,0,0,0,0,0,0,0,0,0,0,0,0,0.0085,0,0,0.0104,0,0,0,0,0,0.0097,0.0101,0,0.0088,0,0,0,0.0097,0,0.0053,0,0,0,0,0.0116,0,0.0337,0.014,0.0513,0.0328,0.0417,0.0609,0.1406,0.5,0.1043,0.7273
fimA,MOB_4524522_4524527_IS186_-1,sv,4524522,0,0,0,0,0,0.0106,0,0.0093,0.0088,0.0167,0,0,0,0.0156,0,0,0.2115,0.5,0.0323,0.0576,0.0312,0,0.0068,0.026,0.0169,0,0,0,0.0278,0.0163,0.0127,0.03,0.0181,0,0.0476,0.0233,0.0223,0,0,0.0056,0.0066,0,0,0,0.0088,0.0169,0,0.037,0.0256,0,0,0.0085,0,0,0.0063,0.0211,0.0105,0.0074,0.0172,0.0168,0,0,0,0.0109,0.0049,0.0214,0.0304,0.0471,0.1159,0.183,0.2017,0.2086,0.3478,0.1812,0.2797,0.3369,0.359,0.3729,0.5979,0.7753,0.8466,0.9643,0.9323,0.9725,0.962,0.9396,0.7358,0.7987,0.9797,0.6931,0.25,0.094,0.2657,0.49370000000000003,0.2469,0.0069,0.024,0.0818,0.1127,0.0344,0.0155,0,0.027,0,0.0089,0,0,0.0104,0.0034,0.0112,0.0052,0,0,0.0076,0,0,0
yjiE,junction_4538542_-1_IS150_start,sv,4538542,0,0,0,0,0,0,0,0,0,0,0,0,0,0,0,0,0,0,0,0,0,0,0,0,0,0,0,0,0,0,0,0,0,0,0,0,0,0,0,0,0,0,0,0,0,0,0,0,0,0.2634,0.3818,0.2744,0.1785,0.1459,0.2438,0.2142,0.3172,0.4508,0.2128,0.218,0.1733,0.2837,0.2929,0.4246,0.209,0.297,0.2267,0.2283,0.2805,0.2621,0.4358,0.3169,0.1636,0.4223,0.1249,0.2222,0.2353,0.4468,0.5963,0.6338,0.2222,0.125,0.8987,0.7959,0.2708,0.0863,0,0.0667,0.02,0.0544,0,0.1111,0.3682,0.367,0.196,0.0132,0,0.0727,0.0238,0.0194,0,0,0,0,0,0,0,0,0,0,0,0,0,0,0,0,0
mcrB,MOB_4556570_4556572_IS150_1,sv,4556570,0,0,0,0,0,0,0,0,0,0,0,0,0,0,0,0,0,0,0,0,0,0,0,0,0,0,0,0,0,0,0,0,0,0.1115,0.3198,0.0692,0.2112,0,0.28,0.0781,0.0307,0.0243,0,0,0,0,0,0,0,0,0,0,0,0,0,0,0,0,0,0,0,0,0,0,0,0,0,0,0,0,0,0,0,0,0,0,0,0,0,0,0,0,0,0,0.0186,0,0,0,0,0,0,0,0,0,0,0,0,0,0,0,0,0,0,0,0,0,0,0,0,0,0,0,0,0,0,0,0
yjiW,MOB_4557596_4557604_IS1_1,sv,4557596,0,0,0,0,0,0,0,0,0,0,0,0,0,0,0,0,0,0,0,0,0,0,0,0,0,0,0,0,0,0,0,0,0,0,0,0,0,0,0,0,0,0,0,0,0,0,0,0,0,0.2143,0.1034,0.0781,0.0263,0.0526,0.0291,0.0294,0.0482,0,0.0147,0.0125,0,0,0,0,0,0,0,0,0,0,0,0,0,0,0,0,0,0,0,0,0,0,0,0,0,0,0,0,0,0,0,0,0,0,0,0,0,0,0,0,0,0,0,0,0,0,0,0,0,0,0,0,0,0,0,0,0
hsdS,indel;-1,indel,4558529,0,0,0,0,0,0,0,0,0,0,0,0,0,0,0,0,0,0,0,0,0,0,0,0,0,0,0,0,0,0,0,0,0,0,0,0,0,0,0,0,0,0,0,0,0,0,0,0.025,0.1579,0.0909,0.125,0.0192,0,0.0263,0,0,0,0,0,0,0,0,0,0,0,0,0,0,0,0,0,0,0,0,0,0,0,0,0,0,0,0,0,0,0,0,0,0,0,0,0,0,0,0,0,0,0,0,0,0,0,0,0,0,0,0,0,0,0,0,0,0,0,0,0,0,0
hsdS,junction_4558769_1_IS1_end,sv,4558769,0,0,0,0,0,0,0,0,0,0,0,0,0,0,0,0,0,0,0,0,0,0,0,0,0,0,0,0,0,0,0,0,0,0,0,0,0,0,0,0.1277,0.0952,0.1852,0.0758,0.0116,0.087,0.24,0.1,0.04,0.0357,0.1053,0,0,0,0.0435,0,0.1081,0,0,0,0,0,0,0,0,0,0,0,0,0,0,0,0,0,0,0,0,0,0,0,0,0,0,0,0,0,0,0,0,0,0,0,0,0,0,0,0.0172,0,0,0,0,0,0,0,0,0,0,0,0,0,0,0,0,0,0,0,0,0
hsdS,indel;A;-1;T;-2,indel,4558774,0,0,0,0,0,0.0065,0,0.0238,0,0.0833,0,0,0,0,0,0,0,0,0.1087,0,0,0,0,0,0,0,0,0,0,0,0,0,0,0,0,0,0,0,0,0,0,0,0,0,0,0,0,0,0,0.05,0,0,0,0,0.0588,0,0,0,0,0.0435,0,0.0222,0,0,0.0317,0.1053,0.1633,0.4118,0.5385,0.3333,0.3448,0.4828,0.3966,0.3333,0.1711,0.3333,0.4167,0.2273,0.25,0.2105,0.1667,0.0169,0.1667,0.1111,0.0476,0.1364,0.26,0.1728,0.0484,0.2593,0.6207,0.9692,0.9762,0.9773,0.9672,0.9844,0.9836,1,0.9375,0.951,0.9519,0.9467,1,1,0.9764,0.9701,1,0.9615,0.9196,0.9515,0.9467,0.9143,0.9474,0.9663,0.8571,0.9818,1
hsdS,MOB_4558992_4558994_IS150_-1,sv,4558992,0,0,0,0,0,0,0,0,0,0,0,0,0,0,0,0,0,0,0,0,0,0,0,0,0,0,0,0,0,0,0,0,0,0,0,0,0,0,0,0,0,0,0,0,0,0,0.0103,0.0143,0.0122,0.2222,0.0946,0.0423,0.1163,0.0278,0.0189,0.0234,0.0083,0.0161,0.0261,0.0088,0.037,0,0,0,0,0,0,0,0,0,0,0,0,0,0,0,0,0,0,0,0,0,0,0,0,0,0,0,0,0,0,0,0,0,0,0,0,0,0,0,0,0,0,0,0,0,0,0,0,0,0,0,0,0,0,0,0
hsdM,indel;-21,indel,4559534,0,0,0,0,0,0,0,0,0,0,0,0,0,0,0,0,0,0,0,0,0,0,0,0,0,0,0,0,0,0,0,0,0,0,0,0,0,0,0,0,0,0,0,0,0,0,0,0,0,0,0.1143,0.1277,0.1935,0.2286,0,0.1139,0.3008,0.0418,0.4,0.3865,0.6341,0.4784,0.5098,0.7937,0.8506,0.4242,0.7407,0.5956,0.2422,0.2697,0.1951,0.2857,0.359,0.4194,0.6269,0.5361,0.6471,0.8837,0.7879,0.7111,0.7826,0.9867,0.1429,0.8,0.9836,0.8511,0.6275,0.7895,0.8654,0.6029,0.2366,0,0,0,0,0,0,0,0,0,0,0,0,0,0,0,0,0,0,0,0,0,0,0,0,0,0
hsdR,junction_4562889_1_IS1_end,sv,4562889,0,0,0,0,0,0,0,0,0,0,0,0,0,0,0,0,0,0,0,0,0,0,0,0,0,0,0,0.0625,0.0227,0.0323,0.1857,0.1321,0.0926,0.1552,0.3143,0.2963,0.1143,0.1538,0,0,0,0,0,0,0,0,0,0,0,0,0,0,0,0,0,0,0,0,0,0,0,0,0,0,0,0,0,0,0,0,0,0,0,0,0,0,0,0,0,0,0,0,0,0,0,0,0,0,0,0,0,0,0,0,0,0,0,0,0,0,0,0,0,0,0,0,0,0,0,0,0,0,0,0,0,0,0
yjiX,MOB_4567083_4567088_IS150_-1,sv,4567083,0,0,0,0,0,0.0057,0.0081,0,0,0,0,0,0,0,0,0,0.0334,0.0203,0.0226,0,0,0,0.0233,0.0313,0.0112,0.0209,0,0,0.012,0.0083,0,0.0074,0.0174,0.0293,0.0079,0,0,0,0.0322,0.0072,0.0199,0.1131,0.0463,0.0545,0.0494,0.176,0.169,0.206,0.1838,0.5024,0.3658,0.4788,0.2166,0.2456,0.2314,0.2031,0.1906,0.3828,0.2257,0.2132,0.1209,0.245,0.1793,0.2426,0.1844,0.1233,0.183,0.221,0.2717,0.155,0.3811,0.1411,0.0668,0.1937,0.0745,0.1781,0.1517,0.307,0.5276,0.3106,0.1474,0.0629,0.7487,0.613,0.1825,0.0179,0.0096,0.0277,0.0202,0.0339,0,0.092,0.1699,0.2903,0.1048,0.0398,0.0466,0.0085,0.0073,0.0272,0.0039,0,0,0.0228,0,0,0.0048,0,0.0096,0.0114,0,0,0,0,0.2221,0.0069,0
hpaX,C->T,synonymous,4573595,0,0.0127,0,0,0,0.011,0,0,0,0,0,0,0,0,0,0,0,0,0,0,0,0,0,0,0,0,0,0,0,0,0,0,0,0,0,0.0196,0,0,0,0,0,0,0,0,0,0,0,0,0,0,0,0,0,0,0,0,0,0,0,0,0,0,0,0,0,0,0,0,0,0,0,0,0,0,0,0.018,0,0.2128,0.0561,0,0.0706,0.0119,0,0,0,0,0,0,0,0,0,0,0,0.011,0,0,0,0.0122,0,0,0,0,0,0,0,0,0,0,0,0,0,0,0,0.0066,0,0,0
hpaE,A->G,missense,4578498,0,0,0,0,0,0,0,0,0,0,0,0,0,0,0,0,0,0,0,0,0,0,0,0,0,0,0,0,0,0.0196,0,0,0,0,0,0,0,0,0,0,0,0,0,0,0,0,0,0,0,0,0,0,0,0,0,0,0,0,0,0,0,0,0,0,0,0,0,0,0,0,0,0,0,0.0244,0,0,0,0,0,0,0,0,0,0,0,0,0,0,0,0,0,0,0.0227,0,0,0,0,0,0,0,0,0,0,0,0.0588,0.1525,0.7636,0.5568,0.6667,0.8621,0.7391,0.9,0.7629,0.716,0.3333,0.6905,0.5
hpaG,MOB_4579944_4579946_IS150_-1,sv,4579944,0,0,0,0,0,0,0,0,0,0,0,0,0,0,0,0,0,0,0,0,0,0,0,0,0,0,0,0,0,0,0,0,0,0.0461,0.0309,0.0145,0.0741,0,0.0651,0.0244,0.2381,0.2162,0.1724,0.0796,0.09,0.1812,0.0692,0.0448,0.1529,0.037,0,0.0083,0,0.0206,0.0049,0.0235,0,0,0,0,0,0,0,0,0,0,0,0,0,0,0,0,0,0,0,0,0,0,0,0,0,0,0,0,0,0,0,0,0,0,0,0,0,0,0,0,0,0,0,0,0,0,0,0,0,0,0,0,0,0,0,0,0,0,0,0,0
mdoB,MOB_4588140_4588142_IS150_1,sv,4588140,0,0,0.0238,0.0046,0,0,0,0,0,0,0,0,0.0185,0,0,0,0,0,0,0,0,0,0,0,0.0148,0.0086,0.022,0,0,0,0,0,0,0,0,0,0.0077,0,0,0,0.02,0.0146,0,0,0.0127,0.0161,0,0,0.0435,0,0,0,0,0,0.0081,0.0057,0.0065,0,0,0,0.0583,0.0423,0,0,0.0144,0.0076,0,0.0167,0,0.0144,0,0,0,0,0,0,0,0.0217,0,0,0,0,0,0,0.0674,0.0899,0.0521,0.124,0.0542,0.0305,0,0,0,0.0083,0.0263,0.0078,0.0089,0,0,0,0,0.0112,0,0,0.0179,0,0.0088,0,0.0109,0.0042,0.0062,0,0.0037,0,0,0,0
prfC,T->C,missense,4598733,0,0.0444,0.04,0.0472,0.0513,0.0545,0,0,0,0,0,0.125,0.0357,0,0,0,0,0,0,0,0,0,0.05,0,0.0328,0.0248,0,0,0.0345,0,0,0,0,0.0247,0,0,0.0122,0,0,0.0152,0,0,0,0.0132,0.0345,0.0426,0.037,0.0741,0,0.0625,0,0.06,0,0,0.013,0,0.0172,0.0317,0.0244,0.027,0,0.0196,0.0741,0.0299,0.0164,0,0,0,0,0.0426,0.1081,0,0.0227,0.0339,0.0484,0.0843,0.0263,0,0,0.0309,0,0,0.0462,0.1333,0.0175,0.0294,0.0213,0.0167,0,0,0,0,0.0125,0.013,0.04,0.1,0.0909,0.1081,0.1176,0.0153,0.0244,0.028,0,0,0.0348,0.0211,0.0323,0,0.0089,0,0,0,0.0143,0.0108,0,0.0109,0
deoA,indel;-9,indel,4608702,0,0,0,0,0,0,0,0,0,0,0,0,0,0,0,0,0,0,0,0,0,0,0,0,0,0,0,0,0,0,0,0,0,0,0,0,0,0,0,0,0,0,0,0,0,0.0205,0.0923,0,0.0227,0,0.1032,0.0909,0.1913,0.1503,0.1208,0.0968,0.1034,0.0529,0.1475,0.1582,0.3564,0.3761,0.4559,0.5662,0.6424,0.3743,0.4681,0.4135,0.3676,0.2795,0.2266,0.2797,0.3302,0.32,0.4362,0.4082,0.4493,0.4308,0.2692,0.4828,0.4658,0.871,0.0508,0.1985,0.7209,0.8293,0.5479,0.8455,0.8846,0.6832,0.2835,0,0,0,0,0,0,0,0,0,0,0,0,0,0,0,0,0,0,0,0,0,0,0,0,0,0
nadR,MOB_4615673_4615676_IS150_-1,sv,4615673,0,0.0263,0.7555,0.9954,0.9851,0.9964,1,0.9813,0.9879,1,1,1,1,1,1,1,0.9442,0.9268,0.8333,1,1,1,0.9918,0.9844,0.9942,1,1,1,1,1,1,1,1,0.9919,1,1,0.995,1,1,0.994,1,1,0.9958,1,1,0.9931,1,1,1,1,0.9829,1,1,1,1,1,1,1,1,1,1,1,1,0.9943,1,1,1,1,1,1,1,1,1,1,1,1,1,1,1,0.9954,0.9951,0.9955,0.9947,1,1,1,1,1,1,1,0.9715,1,1,1,1,1,1,1,1,1,1,1,1,1,1,1,0.9957,1,0.997,1,1,1,1,1,1,1,1
arcA,T->G,missense,4628460,0,0,0,0,0,0,0,0,0,0.0312,,0,0.1064,0.3462,0.4783,0.4286,0.7353,0.9216,0.9062,0.9048,0.9706,1,0.9677,1,1,0.9942,1,1,1,1,0.9765,1,1,1,1,1,1,1,1,1,1,1,1,1,1,1,0.9143,1,1,1,1,1,1,1,1,1,1,1,1,1,1,1,1,1,1,1,1,1,1,1,1,0.9615,0.9787,1,0.9863,1,1,1,1,0.9892,1,0.9872,1,1,1,0.9643,1,1,1,1,1,0.9859,1,1,1,1,1,1,1,1,0.9939,1,1,1,1,0.9899,0.9877,1,1,1,1,1,1,1,1,1,1
