Position,Gene,Allele,Annotation,Test statistic,P-value,Deletion index,Fold reduction,Deletion P-value,Duplication index,Fold increase,Duplication pvalue,Passed?,AF:0,AF:1000,AF:1500,AF:2000,AF:2500,AF:3000,AF:4000,AF:4500,AF:5000,AF:5500,AF:6000,AF:6500,AF:7500,AF:8000,AF:8500,AF:9000,AF:9500,AF:10000,AF:10500,AF:11000,AF:11500,AF:12000,AF:12500,AF:13000,AF:13500,AF:14000,AF:14500,AF:15000,AF:15500,AF:16000,AF:16500,AF:17000,AF:17500,AF:18000,AF:18500,AF:19000,AF:19500,AF:20000,AF:20500,AF:21000,AF:21500,AF:22000,AF:22500,AF:23000,AF:23500,AF:24000,AF:24500,AF:25000,AF:25500,AF:26000,AF:26500,AF:27000,AF:27500,AF:28000,AF:28500,AF:29000,AF:29500,AF:30000,AF:30500,AF:31000,AF:31500,AF:32000,AF:32500,AF:33000,AF:33500,AF:34000,AF:34500,AF:35000,AF:35500,AF:36000,AF:36500,AF:37000,AF:37500,AF:38000,AF:38500,AF:39000,AF:39500,AF:40000,AF:41000,AF:41500,AF:42000,AF:42500,AF:43000,AF:43500,AF:44000,AF:44500,AF:45000,AF:45500,AF:46000,AF:46500,AF:47000,AF:47500,AF:48000,AF:48500,AF:49000,AF:49500,AF:50000,AF:50500,AF:51000,AF:51500,AF:52000,AF:52500,AF:53000,AF:53500,AF:54000,AF:54500,AF:55000,AF:55500,AF:56000,AF:56500,AF:57000,AF:57500,AF:58000,AF:58500,AF:59000,AF:59500,AF:60000,AF:1000500,AF:1000600,AF:1001000,AF:1001100,AF:1001500,AF:1001600,AF:1002000,AF:1002100,AF:1005000,AF:1005100,AF:1010000,AF:1010100,AF:1015000,AF:1015100,AF:1020000,AF:1020100,AF:1030000,AF:1030099,AF:1040000,AF:1040099,AF:1050000,AF:1050100
2450, thrA, G->T, synonymous,1.43897,9.999e-05,116,-1.0,0.0538117,116,0.9,0.285714,PASS,0.0,0.0,0.0,0.0,0.0,0.0,0.0,0.0,0.0,0.0,0.0,0.0,0.0,0.0,0.0,0.0,0.0,0.0,0.0,0.0,0.0,0.0,0.0,0.0,0.0,0.0,0.0,0.0,0.0,0.0,0.0,0.0,0.0,0.014705882352941176,0.0,0.0,0.0,0.0,0.0,0.0,0.0,0.0,0.0,0.0,0.0,0.0,0.018518518518518517,0.0,0.0,0.0,0.0,0.0,0.0,0.0,0.0945945945945946,0.0,0.0,0.0,0.0,0.0,0.0,0.0,0.0,0.0,0.0,0.0,0.0,0.0,0.0,0.10752688172043011,0.04918032786885246,0.22580645161290322,0.4,0.23076923076923078,0.2878787878787879,0.2857142857142857,0.32,0.0625,0.058823529411764705,0.07228915662650602,0.16049382716049382,0.056338028169014086,0.06557377049180328,0.022727272727272728,0.05084745762711865,0.0196078431372549,0.3793103448275862,0.21333333333333335,0.024691358024691357,0.2236842105263158,0.6623376623376623,0.7727272727272727,0.7121212121212122,0.48936170212765956,0.7777777777777778,0.9701492537313433,0.95,0.94,0.9722222222222222,0.9642857142857143,0.9703703703703703,1.0,1.0,1.0,1.0,0.9868421052631579,0.9878048780487805,1.0,1.0,1.0,1.0,1.0,0.9819819819819819,1.0,1.0,1.0,1.0,0.0,0.0,0.0,0.0,0.0,0.0,0.0,0.0,0.0,0.0,0.0,0.0,0.0,0.0,0.0,0.0,0.0,0.0,0.0,0.0,1.0,1.0
16972, mokC, MOB_16972_16974_IS150_1, sv,0.977248,9.999e-05,111,-1.0,0.0107623,113,0.9,0.387097,PASS,0.005890741310366041,0.01468036809815951,0.020702764830508473,0.07852697800077191,0.03748312559923298,0.07891772710555353,0.0823131711409396,0.1479329974811083,0.04961275199249882,0.10219324090121318,0.0,0.6118121875,0.8860278422273782,0.9384106012658228,1.0,1.0,0.9356392294220666,0.9690719844357978,0.9208183072677093,0.9849947965941344,0.970447750865052,0.9585467372134039,0.9767059219380888,0.9766712734452123,0.9908016032064129,0.9642169030732861,0.991112,0.9793337696335078,0.9906703733121524,1.0,0.9931468624833111,0.9955711159737417,0.9858730904817863,0.9851855971896955,0.9930837378640777,0.9686436031331593,0.9882348794063079,1.0,0.9999036414565826,1.0,1.0001165120593694,1.0001370333988213,0.9998379782711384,0.9998378250591017,0.999641328828829,0.9998131672597864,1.0001546052631578,1.0,0.9996621093749999,1.0,0.9998387096774193,1.0,0.9995968586387435,0.987012987012987,1.0,0.9998335901386749,1.0,1.0,1.0,1.0,1.0,1.0,1.0,1.0,0.9998207681365576,0.9897959183673469,0.9919354838709677,1.0001920903954802,1.000229690239626,1.0001819803746657,1.00019295958279,1.0002165572942958,0.9998802325581395,1.0,0.9997843347639485,1.0,1.0,1.0,0.9999501557632399,1.0000184638109306,0.9998422212428383,1.0001376433785192,1.0,1.0001474926253688,1.0,0.9944362912400454,0.9936708860759493,0.999952587909917,1.0001536919478784,0.9999719848053181,0.9525167580743449,1.0,1.0,1.0,1.0,1.0,1.0,1.0,1.0,1.0,1.0,1.0,1.0,1.0,1.0,1.0,0.9920634920634921,1.0,1.0,1.0,1.0,1.0,1.0,1.0,1.0,1.0,1.0,0.27320864864864863,0.06051666666666666,0.23406526806526806,0.0686132911392405,0.1368828431372549,0.05219439252336449,0.04319050736497545,0.04302608695652174,0.11787876447876448,0.09979176470588236,0.9130301291248206,0.9082242339832869,1.0,1.0,1.0,1.0,1.0,0.9833333333333333,1.0,1.0,1.0,1.0
17502, nhaA, junction_17502_1_IS150_start, sv,2.19697,9.999e-05,89,-3.53334,9.999e-05,91,0.9,0.244898,PASS,0.0,0.0,0.0,0.0,0.0,0.0,0.0,0.0,0.0,0.0,0.0,0.0,0.0,0.0,0.0,0.0,0.0,0.0,0.0,0.022727272727272728,0.0,0.0,0.0,0.0,0.0,0.0,0.0,0.0,0.0,0.0,0.0,0.0,0.0,0.0,0.0,0.0,0.0,0.0,0.08450704225352113,0.05263157894736842,0.046511627906976744,0.4057971014492754,0.6354166666666666,0.7980769230769231,0.6666666666666666,0.576271186440678,0.42857142857142855,0.17647058823529413,0.27450980392156865,0.4411764705882353,0.16666666666666666,0.14285714285714285,0.25806451612903225,0.15625,0.12727272727272726,0.25757575757575757,0.1702127659574468,0.07317073170731707,0.058823529411764705,0.022727272727272728,0.0,0.0,0.0,0.0,0.0,0.0,0.0,0.0,0.0,0.0,0.0,0.0,0.0,0.0,0.0,0.0,0.0,0.0,0.0,0.0,0.0,0.0,0.0,0.0,0.0,0.0,0.0,0.017857142857142856,0.0,0.0,0.0,0.0,0.0,0.0,0.0,0.0,,0.0,0.0,,,,,,,,,,,,,,,,,,,0.0,0.0,0.0,0.0,0.0,0.0,0.0,0.0,0.0,0.0,0.0,0.0,0.0,0.0,0.0,0.0,0.0,0.0,0.0,0.0,,0.0
17962, nhaA, junction_17962_1_IS150_start, sv,2.1721,9.999e-05,90,-3.7295,9.999e-05,91,0.9,0.0991736,PASS,0.0,0.0,0.0,0.0,0.0,0.0,0.0,0.0,0.0,0.0,0.0,0.0,0.0,0.0,0.0,0.0,0.0,0.0,0.0,0.0,0.0,0.0,0.0,0.0,0.0,0.0,0.0,0.0,0.0,0.0,0.0,0.0,0.0,0.0,0.0,0.0,0.0,0.0,0.0,0.0,0.0,0.018853308128544424,0.01442284887924801,0.0,0.0,0.09694125,0.10360090909090909,0.058655,0.11907223880597015,0.07441298507462686,0.07544892812105927,0.21310485933503837,0.21433458445040215,0.043174025974025976,0.01077556270096463,0.0,0.0,0.0,0.0,0.0,0.0,0.0,0.0,0.0,0.0,0.026483001328021248,0.029838145100972328,0.011503344867358708,0.0,0.0,0.0,0.0,0.0,0.0,0.0,0.0,0.0,0.0,0.0,0.0,0.0,0.0,0.0,0.0,0.0737596153846154,0.08273679114799447,0.04012997987927565,0.009845616979269497,0.03008371040723982,0.011915137395459975,0.0,0.0,0.0,0.0,0.0,0.0,0.0,0.0,0.0,0.0,,,,,,,,,,,,0.0,,,,,,0.0,0.0,0.0,0.0,0.0,0.0,0.0,0.0,0.0,0.0,0.0,0.0,0.0,0.0,0.0,0.0,0.0,0.0,0.0,0.0,,0.0
18002, nhaA, junction_18002_1_IS150_start, sv,1.17559,9.999e-05,116,-1.0,0.48,115,0.9,0.666667,PASS,0.0,0.0,0.0,0.0,0.0,0.0,0.0,0.0,0.0,0.0,0.0,0.0,0.0,0.0,0.0,0.0,0.0,0.0,0.0,0.0,0.0,0.0,0.0,0.0,0.0,0.0,0.0,0.0,0.0,0.0,0.0,0.0,0.0,0.0,0.0,0.0,0.0,0.0,0.0,0.0,0.0,0.0,0.0,0.0,0.0,0.0,0.0,0.0,0.0,0.0,0.0,0.025974025974025976,0.16494845360824742,0.22826086956521738,0.23107569721115537,0.32340425531914896,0.43529411764705883,0.3184713375796178,0.1839080459770115,0.4056603773584906,0.08641975308641975,0.07291666666666667,0.04081632653061224,0.1,0.05333333333333334,0.07,0.08450704225352113,0.1984126984126984,0.28292682926829266,0.35036496350364965,0.13793103448275862,0.3314285714285714,0.3402061855670103,0.23423423423423423,0.28901734104046245,0.2231404958677686,0.14545454545454545,0.023809523809523808,0.03636363636363636,0.05025125628140704,0.09090909090909091,0.03980099502487562,0.08743169398907104,0.030612244897959183,0.11392405063291139,0.0625,0.3157894736842105,0.15384615384615385,0.05442176870748299,0.28753993610223644,0.6616541353383458,0.8075117370892019,0.6781115879828327,0.4957983193277311,0.7218045112781954,0.8656716417910447,0.8597285067873304,0.7428571428571429,0.7486033519553073,0.8595505617977528,0.9048991354466859,0.8872901678657075,0.6875,0.8461538461538461,0.9230769230769231,0.9082969432314411,0.9230769230769231,0.8894009216589862,0.9195979899497487,0.9119638826185101,0.8895027624309392,0.8466257668711656,0.8935185185185185,0.8870523415977961,0.9565217391304348,0.8411214953271028,0.8666666666666667,0.0,0.0,0.0,0.0,0.0,0.0,0.0,0.0,0.0,0.0,0.0,0.0,0.0,0.0,0.0,0.0,0.0,0.027777777777777776,0.0,0.0,0.8317757009345794,0.9433962264150944
22833, ECB_00022, junction_22833_-1_IS1_end, sv,3.23961,0.00379962,116,-1.0,1.0,109,0.9,0.0171184,PASS,0.0,0.0,0.0,0.0,0.0,0.0,0.0,0.0,0.0,0.0,,0.0,0.0,0.0,0.0,0.0,0.0,0.0,0.0,0.0,0.0,0.0,0.0,0.0,0.0,0.0,0.0,0.0,0.0,0.0,0.0,0.0,0.0,0.0,0.0,0.0,0.0,0.0,0.0,0.0,0.0,0.0,0.0,0.0,0.0,0.0,0.0,0.0,0.0,0.0,0.0,0.0,0.0,0.0,0.0,0.0,0.0,0.0,0.0,0.0,0.021926200873362445,0.0,0.03152967032967032,0.010615433403805496,0.1324764207980653,0.06296959247648903,0.0,0.0,0.0,0.0,0.0,0.0,0.0,0.0,0.0,0.0,0.0,0.0,0.0,0.0,0.0,0.0,0.0,0.0,0.0,0.0,0.0,0.0,0.0,0.0,0.0,0.0,0.0,0.0,0.0,0.0,0.0,0.0,0.0,0.0,0.0,0.0,0.0,0.0,0.0,0.0,0.0,0.0,0.0,0.0,0.0,0.0,0.0,0.0,0.0,0.0,0.0,0.0,0.0,0.0,0.0,0.0,0.0,0.0,0.0,0.0,0.0,0.0,0.0,0.0,0.0,0.0,0.0,0.0,0.0,0.0,0.0,0.0,0.0
45662, caiT, C->T, missense,1.77528,9.999e-05,116,-1.0,0.5,115,0.9,0.130435,PASS,0.0,0.0,0.0,0.0,0.0,0.0,0.0,0.0,0.0,0.0,0.0,0.0,0.0,0.0,0.0,0.0,0.0,0.0,0.0,0.0,0.0,0.0,0.0,0.0,0.0,0.0,0.0,0.0,0.0,0.0,0.0,0.0,0.0,0.0,0.0,0.0,0.0,0.0,0.010101010101010102,0.0,0.0,0.0,0.0,0.0,0.0,0.0,0.0,0.0,0.0,0.0,0.0,0.0,0.0,0.0,0.07476635514018691,0.0,0.0,0.0,0.0,0.0,0.010752688172043012,0.0,0.0,0.01020408163265306,0.0,0.0,0.0,0.0,0.0,0.0,0.0,0.0,0.0,0.0,0.0,0.0,0.0,0.0,0.0,0.0,0.0,0.0,0.0,0.025974025974025976,0.0,0.0,0.0,0.0,0.006211180124223602,0.04964539007092199,0.3177570093457944,0.35443037974683544,0.573170731707317,0.42696629213483145,0.7263157894736842,0.96,1.0,0.898876404494382,0.9583333333333334,0.9710144927536232,1.0,1.0,1.0,0.9642857142857143,0.9919354838709677,1.0,0.9693877551020408,0.9878787878787879,0.9836065573770492,1.0,1.0,1.0,1.0,0.9930555555555556,1.0,1.0,0.9230769230769231,0.0,0.0,0.0,0.0,0.0,0.0,0.0,0.0,0.0,0.0,0.0,0.0,0.0,0.0,0.0,0.0,0.0,0.0,0.0,0.0,1.0,1.0
88134, intergenic, C->T, noncoding,1.52246,9.999e-05,116,-1.0,0.461538,115,0.9,0.8,PASS,0.0,0.0,0.0,0.0,0.025,0.0,0.0,0.0,0.0,0.0,,0.0,0.0,0.0,0.0,0.0,0.0,0.0,0.0,0.0,0.0,0.0,0.0,0.0,0.0,0.0,0.0,0.0,0.0,0.0,0.0,0.0,0.0,0.021739130434782608,0.0,0.0,0.0,0.0,0.0,0.0,0.0,0.0,0.0,0.0,0.0,0.0,0.0,0.0,0.0,0.0,0.11904761904761904,0.0,0.14814814814814814,0.08,0.014492753623188406,0.05970149253731343,0.13043478260869565,0.17777777777777778,0.09090909090909091,0.13333333333333333,0.43137254901960786,0.4107142857142857,0.47058823529411764,0.4857142857142857,0.5844155844155844,0.5217391304347826,0.4888888888888889,0.29310344827586204,0.14754098360655737,0.3486238532110092,0.17391304347826086,0.35135135135135137,0.43137254901960786,0.5254237288135594,0.47619047619047616,0.40816326530612246,0.41935483870967744,0.5454545454545454,0.3142857142857143,0.5584415584415584,0.5901639344262295,0.8769230769230769,0.07575757575757576,0.17391304347826086,0.8245614035087719,0.8947368421052632,0.6578947368421053,0.8656716417910447,0.9107142857142857,0.5846153846153846,0.32,0.0,0.0,0.0,0.0,0.0,0.0,0.0,0.0,0.010869565217391304,0.0,0.0,0.0,0.0,0.0,0.0,0.0,0.0,0.0,0.012345679012345678,0.0,0.0,0.00847457627118644,0.0,0.0,0.0,0.0,0.0,0.0,0.0,0.0,0.0,0.0,0.0,0.0,0.0,0.0,0.0,0.0,0.0,0.0,0.0,0.0,1.0,0.0,1.0,0.0,0.0,0.014084507042253521
92370, yabB, C->T, noncoding,1.97668,9.999e-05,116,-1.0,0.107143,115,0.9,0.09375,PASS,0.0,0.019230769230769232,0.0,0.0,0.0,0.008620689655172414,0.0,0.0,0.0,0.0,0.0,0.0,0.0,0.0,0.0,0.0,0.0,0.0,0.0,0.0,0.0,0.0,0.0,0.0,0.014925373134328358,0.0,0.0,0.0,0.0,0.0,0.0,0.0,0.0,0.0,0.019230769230769232,0.0,0.0,0.0,0.013513513513513514,0.011494252873563218,0.013333333333333334,0.0,0.0,0.0,0.0,0.0,0.0,0.0,0.0,0.0,0.0,0.0,0.0,0.0,0.0,0.012987012987012988,0.0,0.0,0.0,0.0,0.0,0.0,0.02040816326530612,0.0,0.0,0.0,0.0,0.0,0.0,0.09090909090909091,0.358974358974359,0.17391304347826086,0.038461538461538464,0.2857142857142857,0.2033898305084746,0.3372093023255814,0.26666666666666666,0.30434782608695654,0.654320987654321,0.37209302325581395,0.23595505617977527,0.06060606060606061,0.8536585365853658,0.75,0.2676056338028169,0.0273972602739726,0.024390243902439025,0.03571428571428571,0.012987012987012988,0.07058823529411765,0.0,0.11267605633802817,0.25925925925925924,0.32894736842105265,0.19736842105263158,0.01694915254237288,0.01818181818181818,0.05172413793103448,0.058823529411764705,0.058823529411764705,0.007518796992481203,0.0,0.0,0.0,0.0,0.0,0.0,0.0,0.0,0.0,0.0,0.0,0.0,0.0,0.0,0.0,0.0,0.038461538461538464,0.0,0.0,0.0,0.0,0.0,0.0,0.0,0.0,0.0,0.0,0.0,0.0,0.0,0.0,0.0,0.0,0.027777777777777776,0.03125,0.0,0.06349206349206349,0.0
94760, ftsI, A->G, missense,2.18672,0.012097,116,-1.0,0.75,115,0.9,0.857143,PASS,0.0,0.0,0.0,0.0,0.0,0.0,0.0,0.0,0.0,0.0,0.0,0.0,0.0,0.0,0.0,0.0,0.0,0.0,0.0,0.0,0.0,0.0,0.0,0.0,0.0,0.0,0.0,0.0,0.0,0.0,0.0,0.0,0.0,0.0,0.0,0.0,0.0,0.0,0.0,0.0,0.0,0.0,0.0,0.0,0.0,0.0,0.0,0.0,0.0,0.0,0.0,0.0,0.0,0.0,0.0,0.0,0.0,0.0,0.0,0.0,0.0,0.0,0.0,0.0,0.0,0.0,0.0,0.0,0.01282051282051282,0.030303030303030304,0.019230769230769232,0.12903225806451613,0.06382978723404255,0.05454545454545454,0.0,0.06741573033707865,0.023809523809523808,0.0,0.022727272727272728,0.0,0.0,0.0,0.0,0.0,0.0,0.0,0.0,0.0,0.0,0.0,0.0,0.0,0.014285714285714285,0.0,0.0,0.0,0.0,0.0,0.0,0.0,0.0,0.0,0.0,0.0,0.009708737864077669,0.0,0.0,0.0,0.0,0.0,0.0,0.0,0.0,0.0,0.0,0.0,0.0,0.0,0.0,0.0,0.0,0.0,0.0,0.0,0.0,0.0,0.0,0.0,0.0,0.0,0.0,0.0,0.0,0.0,0.0,0.0,1.0,0.0,0.0
95919, ftsI, indel;-1, indel,2.67305,9.999e-05,116,-1.0,1.0,115,0.9,1.0,PASS,0.0,0.0,0.0,0.0,0.0,0.0,0.0,0.0,0.0,0.0,0.0,0.0,0.0,0.0,0.0,0.0,0.0,0.0,0.0,0.0,0.0,0.0,0.0,0.0,0.0,0.0,0.0,0.0,0.0,0.0,0.0,0.0,0.0,0.0,0.0,0.0,0.0,0.0,0.0,0.0,0.0,0.0,0.0,0.0,0.0,0.0,0.0,0.0,0.0,0.0,0.0,0.0,0.0,0.0,0.0,0.0,0.03333333333333333,0.0,0.038461538461538464,0.03571428571428571,0.0,0.13157894736842105,0.1794871794871795,0.07042253521126761,0.10714285714285714,0.2708333333333333,0.13253012048192772,0.25806451612903225,0.1267605633802817,0.21428571428571427,0.025,0.0,0.034482758620689655,0.0,0.0,0.0,0.0,0.0,0.0,0.0,0.0,0.0,0.0,0.0,0.0,0.0,0.0,0.0,0.0,0.0,0.0,0.0,0.0,0.0,0.0,0.0,0.0,0.0,0.0,0.0,0.0,0.0,0.0,0.0,0.0,0.0,0.0,0.0,0.0,0.0,0.0,0.0,0.0,0.0,0.0,0.0,0.0,0.0,0.0,0.0,0.0,0.0,0.0,0.0,0.0,0.0,0.0,0.0,0.0,0.0,0.0,0.0,0.0,0.0,0.0,0.0,0.0,0.0,0.0
101818, ftsW, G->T, missense,3.8452,9.999e-05,116,-1.0,0.857143,116,0.9,1.0,PASS,0.0,0.0,0.0,0.009345794392523364,0.0,0.0,0.0,0.0,0.0,0.0,0.0,0.0,0.0,0.0,0.0,0.0,0.0,0.0,0.0,0.0,0.0,0.0,0.0,0.0,0.0,0.0,0.0,0.0,0.0,0.0,0.0,0.0,0.0,0.0,0.0,0.0,0.0136986301369863,0.0,0.0,0.0,0.0,0.0,0.0,0.0,0.0,0.014285714285714285,0.046153846153846156,0.11428571428571428,0.16666666666666666,0.16666666666666666,0.06382978723404255,0.046875,0.0,0.0,0.0,0.0,0.0,0.0,0.0,0.0,0.0,0.0136986301369863,0.0,0.012658227848101266,0.0,0.0,0.0,0.0,0.0,0.0,0.0,0.0,0.02,0.0,0.015384615384615385,0.0,0.0,0.0,0.0,0.0,0.0136986301369863,0.0136986301369863,0.0,0.0,0.0,0.0,0.0,0.0,0.0,0.0,0.0,0.0,0.020833333333333332,0.01020408163265306,0.0,0.0,0.0,0.0,0.0,0.0,0.0,0.0,0.0,0.0,0.0,0.0,0.012345679012345678,0.0,0.0,0.0,0.0,0.0,0.0,0.0,0.0,0.0,0.0,0.0,0.0,0.0,0.0,0.0,0.0,0.0,0.0,0.0,0.0,0.0,0.0,0.0,0.0,0.0,0.0,0.0,0.0,0.0,0.0,0.0,0.0
101840, ftsW, T->G, missense,3.50508,9.999e-05,116,-1.0,1.0,116,0.9,1.0,PASS,0.0,0.0,0.0,0.0,0.0,0.0,0.0,0.0,0.0,0.0,0.0,0.0,0.0,0.0,0.0,0.0,0.0,0.0,0.0,0.0,0.0,0.0,0.0,0.0,0.0,0.008333333333333333,0.0,0.0,0.0,0.0,0.0,0.0,0.0,0.0,0.0,0.0,0.0,0.0,0.0,0.0,0.0,0.0,0.0,0.0,0.017241379310344827,0.0,0.0,0.0,0.0,0.0,0.0,0.0,0.0,0.0,0.0,0.0,0.0,0.014492753623188406,0.0,0.011904761904761904,0.0,0.013513513513513514,0.023255813953488372,0.0,0.0,0.0,0.0,0.0,0.0,0.018018018018018018,0.015151515151515152,0.02702702702702703,0.017543859649122806,0.125,0.208955223880597,0.15555555555555556,0.16279069767441862,0.02702702702702703,0.0,0.01098901098901099,0.0,0.0,0.0,0.0,0.0,0.0,0.0,0.0,0.0,0.0,0.009615384615384616,0.0,0.0,0.009708737864077669,0.0,0.0,0.015384615384615385,0.0,0.0,0.0,0.0,0.0,0.0,0.0,0.0,0.0,0.0,0.0,0.0,0.0,0.0,0.0,0.0,0.0,0.0,0.0,0.0,0.0,0.0,0.0,0.0,0.0,0.0,0.0,0.0,0.0,0.0,0.0,0.0,0.0,0.0,0.0,0.0,0.0,0.0,1.0,0.0,0.0,0.0
106332, ftsQ, A->C, missense,2.69295,0.00069993,116,-1.0,0.75,116,0.9,0.923077,PASS,0.0,0.015384615384615385,0.0,0.006896551724137931,0.0,0.0,0.0,0.0,0.0,0.0,0.0,0.0,0.0,0.0,0.0,0.0,0.0,0.0,0.0,0.0,0.0,0.0,0.0,0.0,0.0,0.005714285714285714,0.0,0.0,0.0,0.0,0.0,0.0,0.0,0.0,0.0,0.0,0.0,0.0,0.0,0.0,0.0,0.0,0.0,0.0,0.0,0.0,0.11764705882352941,0.08695652173913043,0.11538461538461539,0.027777777777777776,0.13636363636363635,0.06493506493506493,0.029411764705882353,0.02666666666666667,0.009433962264150943,0.0,0.0,0.0,0.0,0.0,0.0,0.0,0.0,0.0,0.02654867256637168,0.018518518518518517,0.0,0.0,0.012658227848101266,0.007692307692307693,0.0,0.0,0.0,0.0,0.0,0.0,0.0,0.0,0.0,0.0,0.0,0.0,0.0,0.0,0.0,0.0,0.0,0.0,0.0,0.0,0.0,0.0,0.0,0.0,0.0,0.0,0.0,0.0,0.0,0.0,0.0,0.0,0.0,0.0,0.0,0.008928571428571428,0.0,0.0,0.0,0.0,0.0,0.0,0.0,0.0,0.0,0.0,0.0,0.0,0.0,0.0,0.0,0.0,0.0,0.0,0.0,0.0,0.0,0.0,0.0,0.0,0.0,0.0,0.0,0.0,0.0,0.0,0.0,0.0,0.0
118842, hofB, MOB_118842_118844_IS150_-1, sv,2.07276,9.999e-05,116,-1.0,0.235294,115,0.9,0.134831,PASS,0.0,0.0,0.0,0.0,0.0,0.0,0.0,0.0,0.0,0.0,0.0,0.0,0.0,0.0,0.0,0.0,0.0,0.0,0.0,0.017725619834710743,0.0,0.0,0.0,0.0,0.0,0.22412643080124872,0.45972785485592316,0.38155952380952385,0.38168035714285714,0.43690536912751676,0.27717349654071316,0.18824984839296544,0.23300341997264024,0.09347106741573034,0.18014039621016367,0.22882487922705314,0.11436376146788992,0.06233448275862069,0.24203928365106875,0.1474526627218935,0.22417602996254682,0.19303362505757718,0.08477762863534676,0.13704832509610104,0.18826023084994753,0.1193118922961855,0.17126431297709924,0.1270084686774942,0.10898479052823316,0.0102880658436214,0.031786985138004244,0.007457121551081283,0.0,0.0,0.00562429696287964,0.005574136008918617,0.0,0.0,0.0,0.0,0.0,0.0,0.0,0.0,0.0,0.0,0.0,0.0,0.0,0.0,0.0,0.0,0.0,0.0,0.0,0.0,0.0,0.0,0.0,0.0,0.0,0.0,0.0,0.0,0.0,0.0,0.0,0.0,0.0,0.0,0.0,0.0,0.0,0.0,0.0,0.0,0.0,0.0,0.0,0.0,0.0,0.0,0.0,0.0,0.0,0.0,0.0,0.0,0.0,0.0,0.0,0.0,0.0,0.0,0.0,0.0,0.0,0.0,0.0,0.0,0.0,0.0,0.0,0.0,0.0,0.0,0.0,0.0,0.0,1.0,1.0,0.0,0.0,0.0,0.0,0.0,0.0,0.0,0.0
132062, lpdA, C->T, synonymous,2.37281,0.0029997,116,-1.0,0.923077,115,0.9,1.0,PASS,0.0,0.0,0.0,0.024096385542168676,0.0,0.0,0.0,0.0,0.0,0.0,0.0,0.0,0.0,0.0,0.0,0.0,0.0,0.0,0.0,0.0,0.0,0.0,0.0,0.0,0.0,0.0,0.0,0.0,0.0,0.0,0.0,0.0,0.0,0.0,0.0,0.0,0.0,0.0,0.0,0.0,0.0,0.0,0.0,0.0,0.0,0.0,0.0,0.0,0.0,0.0,0.0,0.04081632653061224,0.0,0.0,0.0,0.0,0.0,0.0,0.0,0.0,0.0,0.0,0.0,0.0,0.0,0.02,0.14084507042253522,0.08,0.11538461538461539,0.04918032786885246,0.025,0.0,0.05,0.13953488372093023,0.15217391304347827,0.18461538461538463,0.0,0.10526315789473684,0.0,0.0,0.0,0.0,0.0,0.0,0.0,0.0,0.0,0.0,0.0,0.0,0.0,0.0,0.0,0.0,0.0,0.0,0.0,0.0,0.0,0.0,0.0,0.0,0.0,0.0,0.0,0.0,0.0,0.0,0.0,0.0,0.0,0.0,0.0,0.0,0.0,0.0,0.0,0.0,0.0,0.0,0.0,0.0,0.0,0.0,0.0,0.0,0.0,0.0,0.0,0.0,0.0,0.0,0.0,0.0,0.0,1.0,0.0,0.0,0.0
146092, yadG, MOB_146092_146094_IS150_-1, sv,1.13808,9.999e-05,116,-1.0,1.0,115,0.9,1.0,PASS,0.0,0.0,0.0,0.0,0.0,0.012591283670033671,0.0,0.0,0.0,0.07744710424710424,0.06869589041095892,0.0,0.0,0.0,0.0,0.0,0.0,0.009595789473684212,0.0,0.006962708333333333,0.0,0.0,0.0,0.0,0.01228181261481935,0.0044,0.0,0.01756269702276708,0.0,0.0,0.0,0.013359227181878748,0.006749394347240916,0.09291363335539378,0.2124148272017837,0.16519058823529412,0.13784350515463917,0.27474178082191786,0.007908990536277603,0.0,0.040894153636981644,0.19301013171225936,0.5464212802768166,0.7528970031002411,0.7903858695652174,0.626785294117647,0.32673350041771093,0.10272419974391805,0.15654423243712057,0.13061837916063676,0.1997179245283019,0.2687316964285714,0.30429499241274655,0.1962843137254902,0.2177480993411049,0.21263257790368273,0.17977389502762428,0.21023806078147614,0.11142366666666667,0.240244213886672,0.46941479099678457,0.5082637877211238,0.5003737270875763,0.5248401953942776,0.6213657276995305,0.651440305635148,0.48237609723160024,0.2716960227272727,0.30406805929919134,0.27613227990970657,0.6446292857142857,0.47721199011124843,0.44798764258555135,0.7809962141698216,0.7449418604651162,0.6409004347826087,0.7562446808510638,0.8803351254480287,0.9253224535734385,0.9253179538615847,0.8034966611018364,0.9335698291101945,0.9181310592459606,0.9631595197255575,0.9810902160101651,0.8212092372288313,0.5740035046728973,0.8577873527588343,0.9519969040247678,0.6978085007006072,0.2523983637507866,0.12502975893599336,0.29719477769936486,0.5369283935242839,0.24336823855755896,0.07118843813387425,0.04390315236427321,0.07483134328358208,0.06949633663366336,0.02158372793801119,0.0,0.0,0.0,0.0,0.0,0.0,0.0,0.0,0.0,0.0,0.0,0.0,0.0,0.0,0.0,0.0,0.0,0.0,0.0,0.0,0.0,0.0,0.0,0.0,0.0,0.0,0.0,0.0,0.0,0.0,0.0,0.0,0.0,0.7911745788667688,0.0,0.8086800000000001,0.0,0.0,0.0
146102, yadG, indel;+A;-1, indel,2.25303,9.999e-05,116,-1.0,1.0,115,0.9,0.923077,PASS,0.0,0.0,0.0,0.0,0.0,0.0,0.0,0.0,0.0,0.0,0.0,0.0,0.0,0.0,0.0,0.0,0.0,0.0,0.0,0.0,0.0,0.0,0.0,0.0,0.0,0.007692307692307693,0.0,0.0,0.0,0.0,0.0,0.0,0.0,0.03571428571428571,0.023255813953488372,0.0,0.037037037037037035,0.0,0.0,0.0,0.0,0.0,0.0,0.033783783783783786,0.0,0.0,0.0,0.0,0.0,0.0,0.0,0.0,0.0,0.0,0.0,0.0,0.0,0.0,0.022222222222222223,0.057971014492753624,0.17647058823529413,0.17757009345794392,0.20754716981132076,0.2,0.27358490566037735,0.1864406779661017,0.15789473684210525,0.08641975308641975,0.11538461538461539,0.05084745762711865,0.028985507246376812,0.0,0.0,0.08653846153846154,0.171875,0.15447154471544716,0.07017543859649122,0.0,0.0,0.0,0.0,0.0,0.0,0.0,0.0,0.0,0.0,0.0,0.010309278350515464,0.01,0.011363636363636364,0.0,0.0,0.0,0.0,0.0,0.0,0.0,0.0,0.0,0.0,0.0,0.0,0.0,0.0,0.0,0.0,0.0,0.0,0.0,0.0,0.0,0.0,0.0,0.0,0.0,0.0,0.0,0.0,0.0,0.0,0.0,0.0,0.0,0.0,0.0,0.0,0.0,0.0,0.0,0.0,0.0,0.0,0.0,0.0,0.0,0.0,0.0,0.0
146144, yadG, MOB_146144_146146_IS150_1, sv,3.65216,0.0009999,116,-1.0,1.0,105,0.9,0.413793,PASS,0.0,0.0,0.0,0.0,0.0,0.0,0.0,0.0,0.0,0.0,0.0,0.0,0.0,0.0,0.0,0.0,0.0,0.0,0.0,0.0,0.0,0.0,0.0,0.0,0.0,0.0,0.0,0.01694915254237288,0.0,0.0,0.0,0.0,0.0,0.0,0.0,0.0,0.009523809523809525,0.0,0.0,0.0,0.05,0.025806451612903226,0.11504424778761062,0.08421052631578947,0.0,0.0,0.0,0.0,0.0,0.0,0.0,0.0,0.0,0.0,0.0,0.0,0.0,0.0,0.0,0.010869565217391304,0.0,0.0,0.0,0.0,0.0,0.0,0.0,0.0,0.0,0.0,0.0,0.0,0.0,0.0,0.0,0.0,0.0,0.0,0.0,0.0,0.0,0.0,0.0,0.0,0.0,0.0,0.0,0.0,0.0,0.0,0.0,0.0,0.0,0.0,0.0,0.0,0.0,0.0,0.0,0.0,0.0,0.0,0.0,0.0,0.0,0.0,0.0,0.0,0.0,0.0,0.0,0.0,0.0,0.0,0.0,0.0,0.0,0.0,0.0,0.0,0.0,0.0,0.0,0.0,0.0,0.0,0.0,0.0,0.0,0.0,0.0,0.0,0.0,0.0,0.0,0.0,0.0,0.0,0.0
147045, yadH, MOB_147045_147047_IS150_1, sv,3.77608,9.999e-05,116,-1.0,0.521739,116,0.9,0.444444,PASS,0.0,0.0,0.0,0.0,0.0,0.0,0.0,0.0,0.0,0.0,0.0,0.0,0.0,0.0,0.0,0.04744483253588517,0.0,0.031121443514644354,0.01244764595103578,0.0,0.0,0.0,0.0,0.0,0.01195457262402869,0.0,0.0,0.0,0.0,0.0,0.0,0.007122507122507123,0.0,0.0,0.0,0.0,0.0,0.0,0.0,0.0,0.004697566287878788,0.0320515574650913,0.025534105534105535,0.0,0.008968244343891402,0.007962281124497992,0.06765302114803624,0.25862076124567474,0.24989548306148054,0.44710179211469536,0.13545522388059703,0.06553370786516853,0.06459546925566344,0.010948509933774836,0.02378686964795433,0.04460236572890026,0.026595744680851064,0.0,0.0,0.006865505540166205,0.022637557077625572,0.0,0.0,0.006605019815059445,0.0,0.0,0.0,0.01398876404494382,0.008161868312757201,0.0,0.0,0.0,0.0,0.0,0.0,0.0,0.0,0.0,0.0,0.0,0.0,0.0,0.0,0.0,0.0,0.0,0.0,0.0,0.0,0.0,0.0,0.0,0.0,0.0,0.0,0.0,0.0,0.0,0.0,0.0,0.0,0.0,0.0,0.0,0.0,0.0,0.0,0.0,0.0,0.0,0.0,0.0,0.0,0.0,0.0,0.0,0.0,0.0,0.0,0.0,0.0,0.0,0.0,0.0,0.0,0.0,0.0,0.0,0.0,0.0,0.0,0.0,0.0,0.0,0.0,0.0,0.0,0.0,0.0
167146, hrpB, MOB_167146_167148_IS150_-1, sv,3.45981,0.0019998,116,-1.69737,0.00743034,115,0.9,0.444444,PASS,0.0,0.0,0.0,0.0,0.0,0.004219409282700422,0.0,0.0,0.0,0.0,0.0,0.0,0.0,0.0,0.0,0.0,0.0,0.0,0.005235602094240838,0.10344827586206896,0.15151515151515152,0.0,0.008403361344537815,0.0,0.0,0.0,0.0,0.014084507042253521,0.0,0.0,0.005235602094240838,0.0,0.0,0.019417475728155338,0.0,0.0,0.0,0.0,0.0,0.0,0.0,0.0,0.0,0.008695652173913044,0.034482758620689655,0.0,0.0,0.0,0.0,0.0,0.010416666666666666,0.0,0.013157894736842105,0.0,0.0,0.006493506493506494,0.0,0.007692307692307693,0.0,0.0,0.007936507936507936,0.0,0.0,0.0,0.0,0.0,0.0,0.0,0.0,0.0,0.0,0.0,0.0,0.0,0.0,0.0,0.0,0.0,0.0,0.0,0.0,0.0,0.0,0.0,0.0,0.0070921985815602835,0.0,0.0,0.0,0.0,0.0,0.0,0.0,0.0,0.0,0.0,0.0,0.0,0.0,0.0,0.0,0.0,0.0,0.0,0.0,0.0,0.0,0.0,0.0,0.0,0.0,0.0,0.0037735849056603774,0.0,0.0,0.0,0.0,0.0,0.0,0.0,0.0,0.0,0.0,0.0,0.0,0.0,0.0,0.0,0.0,0.0,0.0,0.0,0.0,0.0,0.0,0.0,0.0,0.0,0.0
183262, dgt, MOB_183262_183264_IS150_-1, sv,1.05422,9.999e-05,116,-1.0,0.6,112,0.9,0.571429,PASS,0.0,0.0,0.0,0.0,0.0,0.003424657534246575,0.0,0.0,0.0,0.0,0.0,0.0,0.0,0.0,0.0,0.0,0.0,0.0,0.0,0.0,0.0,0.0,0.0,0.0,0.0,0.0,0.0,0.0,0.0,0.0,0.0,0.0,0.0,0.0,0.0,0.0,0.0,0.0,0.0,0.0,0.0,0.0,0.0,0.0,0.0,0.0,0.008333333333333333,0.058823529411764705,0.12195121951219512,0.049019607843137254,0.024,0.10091743119266056,0.6326530612244898,0.5517241379310345,0.3592814371257485,0.481651376146789,0.41818181818181815,0.3161764705882353,0.691358024691358,0.38235294117647056,0.3142857142857143,0.30303030303030304,0.2074074074074074,0.19553072625698323,0.08968609865470852,0.28703703703703703,0.1694915254237288,0.3933333333333333,0.42592592592592593,0.46905537459283386,0.2781065088757396,0.49714285714285716,0.7160493827160493,0.3620689655172414,0.42408376963350786,0.2845528455284553,0.22105263157894736,0.16129032258064516,0.05063291139240506,0.11406844106463879,0.15425531914893617,0.01834862385321101,0.07692307692307693,0.011764705882352941,0.03870967741935484,0.03759398496240601,0.5454545454545454,0.20253164556962025,0.03571428571428571,0.358974358974359,0.725,0.9545454545454546,0.7074468085106383,0.5956284153005464,0.7644444444444445,0.928,0.9761904761904762,1.0,1.0,0.9907692307692307,1.0,0.9932659932659933,1.0,1.0,1.0,1.0,1.0,1.0,1.0,1.0,1.0,1.0,1.0,1.0,1.0,1.0,1.0,0.0,0.0,0.0,0.034482758620689655,0.0,0.0,0.0,0.0,0.0,0.0,0.0,0.0,0.0,0.0,0.0,0.0,0.0,0.0,0.0,1.0,0.961352657004831,0.9861111111111112
197571, intergenic, MOB_197571_197583_IS4_-1, sv,3.1986,9.999e-05,116,-1.0,0.15,116,0.9,0.021978,PASS,0.0,0.0,0.0,0.0,0.0,0.0,0.0,0.0,0.0,0.0,0.0,0.0,0.0,0.0,0.0,0.0,0.0,0.0,0.0,0.0,0.0,0.0,0.0,0.0,0.0,0.0,0.0,0.0,0.0,0.0,0.0,0.0,0.0,0.0,0.0,0.0,0.0,0.0,0.0,0.0,0.0,0.0,0.0,0.0,0.0,0.0,0.0,0.0,0.0,0.0,0.0,0.0,0.0,0.0,0.0,0.0,0.0,0.0,0.0,0.0,0.0,0.0,0.0,0.0,0.0,0.0,0.0,0.0,0.0,0.0,0.0,0.0,0.0,0.0,0.0,0.0,0.0,0.0,0.0,0.0,0.0,0.0,0.0,0.0,0.0,0.0,0.0,0.0,0.0,0.0,0.0,0.0,0.0,0.0,0.0,0.0,0.0,0.0,0.0,0.0,0.0,0.060313630880579006,0.06410256410256411,0.11142061281337048,0.1600492459218221,0.05578093306288033,0.02925402242808386,0.0031181789834736516,0.0,0.0,0.00735564545788893,0.0,0.0,0.0,0.0,0.0,0.0,0.0,0.0,0.0,0.0,0.0,0.0,0.0,0.0,0.0,0.0,0.0,0.0,0.0,0.0,0.0,0.0,0.0,0.0,0.0,0.0,0.0,0.0
200736, yaeL, T->C, missense,2.78293,0.00049995,116,-1.0,0.0233918,115,0.9,0.0192308,PASS,0.0,0.0,0.027777777777777776,0.0,0.0,0.0,0.0,0.0,0.0,0.0,0.0,0.0,0.0,0.0,0.0,0.0,0.0,0.0,0.0,0.0,0.0,0.0,0.0,0.0,0.0,0.0,0.0,0.0,0.0,0.0,0.0,0.0,0.0,0.0,0.0,0.0,0.0,0.0,0.0,0.0,0.0,0.0,0.0,0.0,0.0,0.0,0.0,0.0,0.0,0.02702702702702703,0.0,0.0,0.0,0.0,0.0,0.0,0.011764705882352941,0.0,0.0,0.0,0.0,0.0,0.0,0.0,0.010526315789473684,0.0,0.023809523809523808,0.0,0.0,0.0,0.0,0.0,0.0,0.0,0.0,0.0,0.0,0.0,0.0,0.0,0.0,0.0,0.0,0.0,0.0,0.0,0.0,0.0,0.0,0.0,0.0,0.0,0.0,0.0,0.0,0.0,0.0,0.0,0.0,0.0,0.0,0.0,0.0,0.0,0.00847457627118644,0.0,0.0,0.009433962264150943,0.031446540880503145,0.07352941176470588,0.0392156862745098,0.09090909090909091,0.05384615384615385,0.06451612903225806,0.3333333333333333,0.2028985507246377,0.25,0.0,0.0,0.0,0.0,0.0,0.0,0.0,0.0,0.0,0.0,0.0,0.0,0.0,0.0,0.0,0.0,0.0,0.0,0.0,0.0,0.0,0.0
206167, lpxA, T->G, missense,2.46106,0.012679,116,-1.0,0.00944138,113,0.9,0.0319149,PASS,0.0,0.125,0.046511627906976744,0.025,0.0,0.008064516129032258,0.0,0.0,0.0,0.0,,0.0,0.0,0.0,0.0,0.0,0.0,0.0,0.0,0.0,0.0,0.0,0.0,0.0,0.0,0.0,0.0,0.0,0.0,0.0,0.0,0.0,0.0,0.0,0.0,0.0,0.01639344262295082,0.0,0.0,0.0,0.0,0.0,0.0,0.0,0.0,0.0,0.0,0.0,0.0,0.0,0.0,0.0,0.0,0.0,0.0,0.0,0.0,0.0,0.0,0.0,0.0,0.0,0.0,0.0,0.0,0.0,0.0,0.0,0.0,0.0,0.0,0.0,0.0,0.0,0.0,0.014084507042253521,0.0,0.0,0.0,0.012658227848101266,0.0,0.0,0.0,0.0,0.0,0.0,0.0,0.0,0.015151515151515152,0.0,0.0,0.0,0.0,0.0,0.0,0.0,0.0,0.0,0.02631578947368421,0.0,0.0,0.014492753623188406,0.0,0.0,0.0,0.014084507042253521,0.0,0.0,0.0,0.0,0.0,0.0,0.0,0.0,0.0,0.0,0.0,0.0,0.0,0.0,0.0,0.0,0.0,0.0,0.0,0.0,0.0,0.0,0.0,0.0,0.0,0.015384615384615385,0.0,0.0,0.0,0.0,0.0,0.0,0.0
226159, gmhB, C->A, missense,0.939907,9.999e-05,116,-1.0,0.333333,113,0.9,0.363636,PASS,0.0,0.0,0.0,0.01680672268907563,0.0,0.016260162601626018,0.0,0.0,0.0,0.0,0.0,0.0,0.0,0.0,0.0,0.0,0.0,0.0,0.0,0.0,0.0,0.0,0.0,0.034482758620689655,0.0,0.007874015748031496,0.0,0.0,0.0,0.23214285714285715,0.3188405797101449,0.4444444444444444,0.5333333333333333,0.325,0.30434782608695654,0.18181818181818182,0.5316455696202531,0.5,0.8518518518518519,0.8518518518518519,0.7857142857142857,0.7258064516129032,0.9418604651162791,0.8942307692307693,0.85,0.847457627118644,0.8108108108108109,0.8571428571428571,0.8888888888888888,0.9642857142857143,1.0,1.0,1.0,1.0,1.0,0.972972972972973,1.0,1.0,1.0,1.0,1.0,1.0,1.0,1.0,1.0,1.0,1.0,1.0,1.0,1.0,1.0,1.0,1.0,0.9764705882352941,1.0,1.0,0.975609756097561,1.0,1.0,1.0,1.0,1.0,1.0,1.0,0.9827586206896551,1.0,1.0,1.0,1.0,1.0,0.9649122807017544,1.0,1.0,1.0,1.0,0.9791666666666666,1.0,1.0,1.0,1.0,1.0,1.0,1.0,1.0,1.0,1.0,1.0,0.991869918699187,1.0,1.0,1.0,1.0,0.9859154929577465,1.0,1.0,1.0,1.0,0.0,0.0,0.0,0.0,0.0,0.0,0.0,0.0,0.0,0.0,0.0,0.0,0.0,0.0,1.0,1.0,1.0,1.0,1.0,1.0,1.0,0.9818181818181818
239002, dnaQ, A->C, synonymous,1.10214,9.999e-05,116,-1.0,0.0248447,116,0.9,0.27907,PASS,0.0,0.0,0.0,0.0,0.0,0.0,0.0,0.0,0.0,0.0,0.0,0.0,0.0,0.0,0.0,0.0,0.0,0.0,0.0,0.0,0.0,0.0,0.0,0.0,0.0,0.005494505494505495,0.0,0.020833333333333332,0.0,0.0,0.0,0.0,0.0,0.0,0.0,0.0,0.0,0.0,0.0,0.009259259259259259,0.0,0.0,0.0,0.0,0.0,0.0125,0.09333333333333334,0.2857142857142857,0.18333333333333332,0.03773584905660377,0.014925373134328358,0.12631578947368421,0.3548387096774194,0.676056338028169,0.3076923076923077,0.4881889763779528,0.4090909090909091,0.3855421686746988,0.5757575757575758,0.42,0.32653061224489793,0.23387096774193547,0.1935483870967742,0.1092436974789916,0.1834862385321101,0.33663366336633666,0.2604166666666667,0.32727272727272727,0.4888888888888889,0.4462809917355372,0.32894736842105265,0.5204081632653061,0.5949367088607594,0.31313131313131315,0.33695652173913043,0.3391304347826087,0.2112676056338028,0.14634146341463414,0.02608695652173913,0.12396694214876033,0.08653846153846154,0.07142857142857142,0.09782608695652174,0.05333333333333334,0.030927835051546393,0.13953488372093023,0.3116883116883117,0.22772277227722773,0.03888888888888889,0.30434782608695654,0.7281553398058253,0.926829268292683,0.6904761904761905,0.5981308411214953,0.7610619469026548,0.95,0.9615384615384616,0.8695652173913043,0.8717948717948718,0.9632352941176471,1.0,0.9943181818181818,1.0,1.0,1.0,0.9831932773109243,0.9836065573770492,1.0,0.9932885906040269,1.0,1.0,1.0,1.0,0.99375,1.0,1.0,1.0,0.0,0.0,0.0,0.0,0.0,0.0,0.0,0.0,0.0,0.0136986301369863,0.0,0.0,0.0,0.0,0.0,0.0,0.0,0.0,0.0,1.0,1.0,1.0
273606, yagU, MOB_273606_273608_IS150_1, sv,3.16317,9.999e-05,116,-1.0,0.571429,115,0.9,0.857143,PASS,0.0,0.0,0.0,0.0,0.0,0.0,0.0,0.0,0.0,0.016129032258064516,0.0,0.0,0.0,0.0,0.0,0.0,0.0,0.0,0.0,0.0,0.0,0.0,0.0,0.0,0.0,0.0,0.0,0.0,0.0,0.0,0.0,0.0,0.0,0.0,0.0,0.0,0.0,0.0,0.0,0.0,0.0,0.0,0.0,0.0,0.0,0.0,0.0,0.0,0.0,0.0,0.0,0.0,0.0,0.0,0.0,0.0,0.0,0.006289308176100629,0.0,0.0,0.0,0.0,0.0,0.0,0.0,0.0,0.0,0.0,0.0,0.0,0.0,0.0,0.0,0.0,0.0,0.0,0.0,0.0,0.011976047904191617,0.013761467889908258,0.09049773755656108,0.10975609756097561,0.004,0.03816793893129771,0.384,0.2777777777777778,0.1349206349206349,0.03804347826086957,0.1935483870967742,0.07103825136612021,0.045454545454545456,0.0,0.0,0.0,0.0,0.0,0.0,0.0,0.0,0.0,0.0,0.0,0.0,0.0,0.0,0.0,0.0,0.0,0.0,0.0,0.0,0.0,0.0,0.0,0.0,0.0,0.0,0.0,0.0,0.0,0.0,0.0,0.0,0.0,0.0,0.0,0.0,0.0,0.0,0.0,0.0,0.0,0.0,0.0,0.0,0.0,0.0,0.0,0.0
279651, yagY, C->A, missense,1.3434,9.999e-05,116,-1.0,1.0,115,0.9,0.923077,PASS,0.0,0.0,0.0,0.0,0.0,0.01020408163265306,0.0,0.0,0.0,0.0,0.0,0.0,0.0,0.0,0.0,0.0,0.0,0.0,0.0,0.0,0.0,0.0,0.0,0.0,0.0,0.0,0.0,0.0,0.0,0.0,0.0,0.0,0.0,0.0,0.0,0.0,0.0,0.0,0.0,0.0,0.0,0.0,0.0,0.0,0.0,0.013157894736842105,0.045454545454545456,0.0,0.07142857142857142,0.16129032258064516,0.43137254901960786,0.449438202247191,0.1891891891891892,0.2903225806451613,0.3764705882352941,0.2857142857142857,0.27,0.4305555555555556,0.25,0.15714285714285714,0.2345679012345679,0.3380281690140845,0.2608695652173913,0.48717948717948717,0.22115384615384615,0.23943661971830985,0.3135593220338983,0.21782178217821782,0.26804123711340205,0.24324324324324326,0.48,0.13513513513513514,0.10714285714285714,0.22916666666666666,0.13636363636363635,0.2222222222222222,0.2692307692307692,0.36585365853658536,0.5686274509803921,0.2708333333333333,0.2727272727272727,0.1941747572815534,0.8349514563106796,0.7049180327868853,0.6428571428571429,0.1875,0.02,0.05,0.011111111111111112,0.058823529411764705,0.0,0.07575757575757576,0.1780821917808219,0.5180722891566265,0.26595744680851063,0.036585365853658534,0.014492753623188406,0.09210526315789473,0.058823529411764705,0.023255813953488372,0.0,0.0,0.0,0.0,0.0,0.0,0.0,0.0,0.0,0.0,0.0,0.0,0.0,0.0,0.0,0.0,0.0,0.0,0.0,0.0,0.0,0.0,0.0,0.0,0.0,0.0,0.0,0.0,0.0,0.0,0.0,0.0,0.0,0.0,1.0,0.0,0.0,0.0,0.0
330197, intergenic, G->T, noncoding,2.01742,0.00489951,116,-1.0,0.75,115,0.9,0.03,PASS,0.0,0.0,0.0,0.01098901098901099,0.0,0.007936507936507936,0.0,0.0,0.0,0.0,0.0,0.0,0.0,0.0,0.0,0.14285714285714285,0.0,0.0,0.0,0.0,0.0,0.0,0.02040816326530612,0.0,0.011764705882352941,0.0,0.0,0.0,0.0,0.0,0.0,0.0,0.0,0.018867924528301886,0.0,0.0,0.011904761904761904,0.0,0.0,0.0,0.0,0.0,0.0,0.0,0.0,0.0,0.0,0.0,0.0,0.0,0.04,0.0,0.0,0.02,0.0,0.0,0.0,0.0,0.0,0.0,0.013157894736842105,0.0,0.0,0.0,0.0,0.03225806451612903,0.0891089108910891,0.10606060606060606,0.061224489795918366,0.0,0.022222222222222223,0.0,0.0,0.0,0.0,0.027777777777777776,0.0,0.0,0.0,0.0,0.0,0.0,0.013513513513513514,0.015384615384615385,0.0,0.05555555555555555,0.0,0.0,0.0,0.0,0.0,0.0,0.022727272727272728,0.0,0.014705882352941176,0.0,0.0,0.0,0.02631578947368421,0.0,0.008771929824561403,0.0,0.0,0.0,0.012987012987012988,0.0,0.0,0.0,0.009433962264150943,0.01,0.0,0.0,0.0,0.0,0.0,0.0,0.0,0.0,0.0,0.0,0.0,0.0,0.0,0.0,0.0,0.0,0.0,0.0,0.0,0.0,0.0,0.0,0.0,0.0,0.0,0.0,0.0,0.0,0.0
332751, cynX, C->T, synonymous,3.12526,0.00759924,116,-1.0,1.0,115,0.9,0.75,PASS,0.0,0.0,0.0,0.01,0.0,0.0,0.0,0.0,0.0,0.0,0.0,0.0,0.0,0.0,0.0,0.0,0.0,0.0,0.0,0.0,0.0,0.0,0.01694915254237288,0.0,0.0,0.011627906976744186,0.0,0.0,0.0,0.0,0.0,0.0,0.0,0.0,0.0,0.0,0.0,0.0,0.0,0.015384615384615385,0.0,0.0,0.0,0.00909090909090909,0.0,0.0,0.0,0.0,0.0,0.0,0.0,0.0,0.0,0.0,0.0,0.0,0.0,0.0,0.0,0.0,0.0,0.0,0.0,0.0,0.0,0.0,0.023255813953488372,0.0,0.0,0.0,0.0,0.0,0.0,0.0,0.018518518518518517,0.1267605633802817,0.2978723404255319,0.0,0.0,0.08928571428571429,0.025974025974025976,0.0,0.0,0.0,0.0,0.0,0.0,0.0,0.0,0.02247191011235955,0.0,0.0,0.0,0.0,0.0,0.0,0.0,0.0,0.0,0.0,0.0,0.0,0.0,0.0,0.0,0.0,0.0,0.0,0.0,0.0,0.0,0.0,0.0,0.0,0.0,0.0,0.0,0.0,0.0,0.0,0.037037037037037035,0.0,0.0,0.0,0.0,0.0,0.0,0.0,0.0,0.010869565217391304,0.0,0.0,0.0,0.0,0.0,0.0,0.0,0.008064516129032258,0.0
336055, lacZ, MOB_336055_336057_IS150_1, sv,0.941432,9.999e-05,116,-1.0,1.0,115,0.9,0.923077,PASS,0.0,0.0,0.0,0.0,0.0,0.0,0.0,0.0,0.0,0.0,0.0,0.0,0.0,0.0,0.0,0.0,0.0,0.0,0.0,0.006858710562414266,0.0,0.0,0.0,0.0,0.0,0.0,0.0,0.0,0.0,0.22144801223241586,0.41114031520081346,0.5686289267015706,0.3332239221140473,0.3208733459357278,0.24673447401774395,0.31684981684981683,0.44172873116188627,1.0,0.8690242146596858,0.9604986910994763,0.7971581087951195,0.8121332243563548,0.8670669029685424,0.9643828264758497,0.9443036565977743,0.7672647515527949,0.9049160305343512,0.8440456062291435,1.0,0.974211660329531,1.0,1.0,1.0,1.0,1.0,0.9756091676718938,1.0,1.0,1.0,1.0,1.0,1.0,1.0,1.0,1.0,1.0,1.0,1.0,1.0,1.0,1.0,1.0,1.0,1.0,1.0,1.0,1.0,1.0,1.0,1.0,1.0,1.0,1.0,1.0,1.0,1.0,1.0,1.0,1.0,1.0,0.975258245177349,1.0,1.0,1.0,1.0,1.0,1.0,1.0,1.0,1.0,1.0,1.0,1.0,1.0,0.9909156517816871,1.0,1.0,1.0,1.0,1.0,1.0,1.0,1.0,1.0,1.0,1.0,1.0,0.0,0.0,0.0,0.0,0.0,0.0,0.0,0.0,0.0,0.0,0.0,0.0,0.0,0.0,1.0,1.0,1.0,1.0,1.0,1.0,1.0,0.9665400667779633
386410, phoR, MOB_386410_386412_IS150_1, sv,1.37814,9.999e-05,116,-1.0,0.75,115,0.9,0.545455,PASS,0.0,0.0,0.0,0.0,0.0,0.0,0.0,0.0,0.0,0.0,0.0,0.0,0.0,0.0,0.0,0.0,0.0,0.0,0.0,0.0,0.0,0.0,0.0,0.0,0.0,0.0,0.0,0.0,0.0,0.0,0.0,0.0,0.0,0.0,0.0,0.0,0.0,0.0,0.0,0.0,0.0,0.0,0.0,0.0,0.0,0.0,0.0,0.0,0.0,0.19402985074626866,0.26373626373626374,0.3870967741935484,0.2375,0.22549019607843138,0.25316455696202533,0.2346368715083799,0.225,0.4875,0.3333333333333333,0.3333333333333333,0.27049180327868855,0.22784810126582278,0.1743119266055046,0.36054421768707484,0.23243243243243245,0.1724137931034483,0.23837209302325582,0.21844660194174756,0.32786885245901637,0.327683615819209,0.3958333333333333,0.22695035460992907,0.09649122807017543,0.3548387096774194,0.18248175182481752,0.2751677852348993,0.31,0.3392857142857143,0.56875,0.37575757575757573,0.18181818181818182,0.051470588235294115,0.8355263157894737,0.7982456140350878,0.3092105263157895,0.10294117647058823,0.024691358024691357,0.028846153846153848,0.017316017316017316,0.05235602094240838,0.009216589861751152,0.17419354838709677,0.3381294964028777,0.4342857142857143,0.16167664670658682,0.030434782608695653,0.023622047244094488,0.09174311926605505,0.10526315789473684,0.016597510373443983,0.0071174377224199285,0.0,0.0,0.0,0.0,0.0,0.0,0.0,0.0,0.0,0.0,0.0,0.0,0.0,0.0,0.0,0.0,0.0,0.0,0.0,0.0,0.0,0.0,0.0,0.0,0.0,0.0,0.0,0.0,0.0,0.0,0.0,0.0,0.0,1.0,0.0,0.0,0.0,0.0
387766, intergenic, G->A, noncoding,3.82545,0.00019998,116,-1.0,0.012685,113,0.9,0.1875,PASS,0.0,0.0,0.0,0.0,0.0,0.0,0.0,0.0,0.0,0.0,0.0,0.0,0.0,0.0,0.0,0.0,0.0,0.0,0.0,0.0,0.0,0.0,0.0,0.0,0.0,0.0,0.0,0.0,0.0,0.0,0.0,0.0,0.0,0.0,0.0,0.0,0.0,0.0,0.0,0.0,0.0,0.0,0.0,0.0,0.0,0.0,0.0,0.0,0.0,0.0,0.0,0.0,0.0,0.0,0.0,0.0,0.0,0.0,0.0,0.0,0.0,0.0,0.0,0.0,0.0,0.0,0.0,0.0,0.0,0.0,0.0,0.0,0.0,0.0,0.0,0.0,0.0,0.0,0.0,0.0,0.0,0.0,0.0,0.0,0.0,0.0,0.0,0.014705882352941176,0.0,0.0,0.0,0.140625,0.1686746987951807,0.1267605633802817,0.06557377049180328,0.05454545454545454,0.04081632653061224,0.0,0.0,0.0,0.0,0.0,0.0,0.0,0.0,0.0,0.0,0.0,0.0,0.0,0.0,0.0,0.0,0.0,0.0,0.0,0.0,0.0,0.0,0.0,0.0,0.0,0.0,0.0,0.0,0.0,0.0,0.0,0.0,0.0,0.0,0.0,0.0,0.0,,0.0,0.0,0.0,0.0
389101, brnQ, indel;+T, indel,4.39549,0.00069993,116,-1.0,0.173913,116,0.9,0.0189573,PASS,0.0,0.0,0.0,0.0,0.0,0.0,0.0,0.0,0.0,0.0,0.0,0.0,0.0,0.0,0.0,0.0,0.0,0.0,0.0,0.0,0.0,0.0,0.0,0.0,0.0,0.0,0.0,0.0,0.0,0.0,0.0,0.0,0.0,0.0,0.0,0.0,0.0,0.0,0.0,0.0,0.0,0.0,0.0,0.0,0.0,0.0,0.0,0.0,0.0,0.0,0.0,0.0,0.0,0.0,0.0,0.0,0.0,0.0,0.0,0.0,0.0,0.0,0.0,0.0,0.0,0.0,0.0,0.0,0.0,0.0,0.0,0.0,0.0,0.0,0.0,0.0,0.0,0.0,0.0,0.017699115044247787,0.07575757575757576,0.0,0.13131313131313133,0.16666666666666666,0.05063291139240506,0.0,0.0,0.0,0.0,0.0,0.0,0.0,0.0,0.0,0.0,0.0,0.0,0.0,0.0,0.0,0.0,0.0,0.0,0.0,0.0,0.0,0.0,0.0,0.0,0.0,0.0,0.0,0.0,0.0,0.0,0.0,0.0,0.0,0.0,0.0,0.0,0.0,0.0,0.0,0.0,0.0,0.0,0.0,0.0,0.0,0.0,0.0,0.0,0.0,,0.0,0.0,0.0,0.0
393366, queA, G->A, noncoding,3.43983,0.00049995,116,-1.0,1.0,115,0.9,1.0,PASS,0.0,0.0,0.0,0.0,0.0,0.0,0.0,0.0,0.0,0.0,0.0,0.0,0.0,0.0,0.0,0.0,0.0,0.0,0.0,0.0,0.0,0.0,0.0,0.0,0.0,0.008928571428571428,0.0,0.0,0.0,0.0,0.0,0.0,0.0,0.0,0.0,0.0,0.0,0.0,0.0,0.0,0.0,0.0,0.0,0.0,0.0,0.0,0.0,0.0,0.0,0.0,0.0,0.0,0.0,0.0,0.0,0.0,0.0,0.0,0.0,0.0,0.013888888888888888,0.0136986301369863,0.0,0.0273972602739726,0.016666666666666666,0.013888888888888888,0.08235294117647059,0.09375,0.17307692307692307,0.16483516483516483,0.0,0.018518518518518517,0.0,0.0,0.0,0.0,0.0,0.0,0.0,0.0,0.0,0.0,0.0,0.0,0.0,0.0,0.0,0.0,0.0,0.0,0.0,0.0,0.0,0.0,0.0,0.0,0.0,0.0,0.0,0.0,0.0,0.0,0.0,0.0,0.0,0.0,0.0,0.0,0.0,0.0,0.0,0.0,0.0,0.0,0.0,0.0,0.0,0.0,0.0,0.0,0.0,0.0,0.0,0.0,0.0,0.0,0.0,0.0,0.0,0.0,0.0,0.0,0.0,0.0,0.0,0.0,0.0,0.0,0.0
393398, queA, G->T, noncoding,3.58395,9.999e-05,116,-1.0,1.0,115,0.9,1.0,PASS,0.0,0.0,0.0,0.0,0.0,0.0,0.0,0.0,0.0,0.0,0.0,0.0,0.022727272727272728,0.0,0.0,0.0,0.0,0.0,0.0,0.0,0.0,0.0,0.0,0.0,0.0,0.0,0.0,0.0,0.0,0.0,0.0,0.0,0.0,0.0,0.0,0.0,0.011904761904761904,0.0,0.0,0.011904761904761904,0.0,0.0,0.0,0.0,0.0,0.0,0.0,0.0,0.0,0.0,0.0,0.0,0.0,0.0,0.0,0.0,0.0,0.0,0.0,0.0,0.011904761904761904,0.0,0.031746031746031744,0.2073170731707317,0.2112676056338028,0.2872340425531915,0.26262626262626265,0.13924050632911392,0.0,0.0,0.0273972602739726,0.02564102564102564,0.0,0.0,0.0,0.0,0.0,0.03333333333333333,0.0,0.012195121951219513,0.0,0.0,0.0,0.0,0.0,0.0,0.0,0.0,0.0,0.0,0.0,0.0,0.0,0.017543859649122806,0.0,0.0,0.0,0.0,0.0,0.0,0.0,0.0,0.0,0.0,0.0,0.010638297872340425,0.0,0.0,0.0,0.0,0.0,0.0,0.0,0.0,0.0,0.0,0.0,0.0,0.0,0.0,0.0,0.0,0.0,0.0,0.0,0.0,0.018867924528301886,0.0,0.0,0.0,0.0,0.0,0.0,0.0,0.0,0.0,0.0,0.0,0.0
393720, queA, G->A, missense,1.30366,9.999e-05,116,-1.0,0.255319,115,0.9,0.0764331,PASS,0.0,0.0,0.0,0.0,0.0,0.0,0.0,0.0,0.0,0.0,0.0,0.0,0.0,0.0,0.0,0.0,0.0,0.0,0.0,0.029411764705882353,0.0,0.0,0.0,0.0,0.0,0.0,0.0,0.0,0.0,0.0,0.0,0.0,0.0,0.0,0.0,0.0,0.0,0.0,0.0,0.0,0.0,0.0,0.0,0.0,0.0,0.0,0.0,0.0,0.0,0.0,0.0,0.0,0.0,0.0,0.09259259259259259,0.05970149253731343,0.11764705882352941,0.21739130434782608,0.2894736842105263,0.35,0.1875,0.11594202898550725,0.037037037037037035,0.03636363636363636,0.10256410256410256,0.13043478260869565,0.15625,0.21666666666666667,0.21666666666666667,0.208955223880597,0.2777777777777778,0.25925925925925924,0.3939393939393939,0.1568627450980392,0.18518518518518517,0.2033898305084746,0.18421052631578946,0.22727272727272727,0.12857142857142856,0.057692307692307696,0.03278688524590164,0.041666666666666664,0.08,0.0,0.01694915254237288,0.13636363636363635,0.38461538461538464,0.2361111111111111,0.012987012987012988,0.32098765432098764,0.7222222222222222,0.9375,0.7058823529411765,0.5306122448979592,0.7090909090909091,0.9803921568627451,0.9821428571428571,0.92,1.0,0.9722222222222222,0.9847328244274809,1.0,1.0,1.0,1.0,1.0,1.0,1.0,1.0,1.0,1.0,1.0,1.0,1.0,1.0,1.0,1.0,0.0,0.0,0.0,0.0,0.0,0.0,0.0,0.0,0.0,0.0,0.0,0.0,0.0,0.0,0.0,0.0,0.0,0.0,0.0,0.0,1.0,0.9318181818181818
423135, ampG, C->T, synonymous,2.11734,9.999e-05,116,-1.0,0.521739,115,0.9,0.413793,PASS,0.0,0.0,0.0,0.009259259259259259,0.0,0.0,0.0,0.0,0.0,0.0,0.0,0.0,0.0,0.0,0.0,0.0,0.0,0.0,0.011764705882352941,0.0,0.0,0.0,0.0,0.0,0.0,0.0,0.0,0.0,0.0,0.0,0.0,0.0,0.0,0.0,0.0,0.0,0.0,0.0,0.0,0.0,0.0,0.0,0.0,0.0,0.0,0.0,0.0,0.0,0.0,0.0,0.0,0.0,0.0,0.0,0.0,0.0,0.0,0.0,0.0,0.0,0.0,0.0,0.0,0.02857142857142857,0.0,0.0,0.0,0.0,0.0,0.0,0.0,0.0,0.0,0.0,0.0,0.0,0.0,0.0,0.0,0.0,0.0,0.0,0.0,0.0,0.0,0.0,0.0,0.0,0.0,0.0,0.0,0.0,0.0,0.0,0.0,0.0,0.0,0.0,0.0,0.0,0.0,0.0,0.25,0.0,0.10317460317460317,0.09782608695652174,0.08421052631578947,0.1357142857142857,0.11023622047244094,0.03571428571428571,0.11627906976744186,0.23809523809523808,0.10679611650485436,0.1111111111111111,0.0,0.06060606060606061,0.1,0.0,0.0,0.0,0.0,0.0,0.0,0.0,0.0,0.0,0.0,0.0,0.0,0.0,0.0,0.0,0.0,0.0,0.0,0.0,0.0,0.0,0.0
425012, intergenic, MOB_425012_425014_IS150_1, sv,3.43119,0.00029997,116,-1.0,0.0347826,113,0.9,0.857143,PASS,0.0,0.0,0.0,0.0,0.0,0.0,0.0,0.0,0.0,0.0,0.0,0.0,0.0,0.0,0.0,0.0,0.0,0.0,0.0,0.0,0.0,0.0,0.0,0.0,0.0,0.0,0.0,0.0,0.0,0.0,0.0,0.0,0.0,0.0,0.0,0.0,0.0,0.0,0.0,0.0,0.02142857142857143,0.03015075376884422,0.0625,0.12781954887218044,0.031578947368421054,0.06722689075630252,0.0,0.0,0.0,0.0,0.011764705882352941,0.0,0.0,0.0,0.0,0.0,0.0,0.0,0.0,0.0,0.0,0.0,0.0,0.0,0.0,0.0,0.0,0.0,0.0,0.0,0.0,0.0,0.0,0.0,0.0,0.0,0.0,0.0,0.0,0.0,0.0,0.0,0.0,0.0,0.0,0.0,0.0,0.0,0.0,0.0,0.0,0.0,0.0,0.0,0.005025125628140704,0.0,0.0,0.0,0.0,0.0,0.0,0.0,0.0,0.0,0.0,0.0,0.0,0.0,0.0,0.0,0.0,0.0,0.0,0.0,0.0,0.0,0.0,0.0,0.0,0.0,0.0,0.0,0.0,0.0,0.0,0.0,0.0,0.0,0.0,0.0,0.0,0.0,0.0,0.0,0.0,0.0,0.0,0.0,0.0
430993, lon, C->A, synonymous,2.60413,9.999e-05,116,-1.0,0.266667,116,0.9,0.114286,PASS,0.0,0.0,0.0,0.0,0.0,0.0,0.0,0.0,0.0,0.0,0.0,0.0,0.0,0.0,0.0,0.0,0.0,0.0,0.0,0.0,0.0,0.0,0.0,0.0,0.0,0.0,0.0,0.0,0.0,0.0,0.0,0.0,0.0,0.0,0.0,0.0,0.010752688172043012,0.0,0.0,0.0,0.0,0.0,0.0,0.0,0.0,0.0,0.0,0.029411764705882353,0.0,0.0,0.0,0.015873015873015872,0.0,0.0,0.0,0.0,0.0,0.0,0.017857142857142856,0.0,0.0,0.0,0.0,0.0,0.0,0.0,0.00909090909090909,0.0,0.0,0.0,0.0,0.0,0.0,0.0,0.014084507042253521,0.0,0.0,0.0,0.24096385542168675,0.2972972972972973,0.24489795918367346,0.10638297872340426,0.75,0.75,0.2564102564102564,0.039473684210526314,0.017857142857142856,0.010309278350515464,0.02197802197802198,0.02,0.0,0.14606741573033707,0.1702127659574468,0.45454545454545453,0.21818181818181817,0.016129032258064516,0.03571428571428571,0.06666666666666667,0.12903225806451613,0.027777777777777776,0.006493506493506494,0.0,0.0,0.0,0.0,0.0,0.01680672268907563,0.0,0.0,0.0,0.0,0.0,0.0,0.0,0.0,0.0,0.0,0.0,0.0,0.043478260869565216,0.0,0.0,0.0,0.0,0.0,0.0,0.0,0.0,0.01098901098901099,0.0,0.0,0.013157894736842105,0.0,0.0,0.0,0.0,0.0,0.0,0.0
431011, lon, G->T, synonymous,3.71513,0.00069993,116,-1.0,1.0,115,0.9,0.857143,PASS,0.0,0.0,0.0,0.0,0.0,0.0,0.0,0.0,0.0,0.0,,0.0,0.0,0.0,0.0,0.0,0.0,0.0,0.0,0.0,0.0,0.0,0.0,0.0,0.0,0.0,0.0,0.0,0.0,0.0,0.0,0.0,0.0,0.016129032258064516,0.0,0.0,0.0,0.0,0.014705882352941176,0.0,0.0,0.0,0.0,0.0,0.0,0.0,0.01639344262295082,0.0,0.0,0.0,0.0,0.0,0.0,0.016666666666666666,0.0,0.27710843373493976,0.19540229885057472,0.07575757575757576,0.0392156862745098,0.037037037037037035,0.0,0.0,0.0,0.0,0.0,0.0,0.0,0.0,0.0,0.0,0.0,0.0,0.0,0.0,0.0,0.0,0.0,0.0,0.0,0.0,0.0,0.0,0.009174311926605505,0.0,0.014084507042253521,0.0,0.0,0.0,0.0,0.0,0.0,0.0,0.0,0.0,0.009345794392523364,0.0,0.0,0.0,0.0,0.0,0.0,0.0,0.0,0.0,0.0,0.008695652173913044,0.0,0.0,0.0,0.0,0.0,0.0,0.0,0.008849557522123894,0.0,0.0,0.0,0.0,0.0,0.0,0.034482758620689655,0.0,0.0,0.0,0.0,0.0,0.0,0.015873015873015872,0.0,0.0,0.019230769230769232,0.0,0.0,0.0,0.0,0.0,0.0,0.0,0.0
433668, hupB, C->T, missense,0.947133,9.999e-05,116,-1.0,0.00324324,115,0.9,0.272727,PASS,0.0,0.0,0.0,0.0,0.0,0.0,0.0,0.015151515151515152,0.0,0.0,0.0,0.0,0.0,0.0,0.02702702702702703,0.05,0.24561403508771928,0.25925925925925924,0.7523809523809524,0.7722772277227723,0.8958333333333334,0.8518518518518519,0.7272727272727273,0.9310344827586207,0.9629629629629629,0.8993288590604027,0.8909090909090909,0.8,0.9026548672566371,0.9583333333333334,0.8035714285714286,0.8214285714285714,0.8981481481481481,0.8271604938271605,0.5,0.8333333333333334,0.7708333333333334,0.7647058823529411,0.9727272727272728,0.9767441860465116,1.0,1.0,1.0,1.0,1.0,1.0,0.9878048780487805,1.0,1.0,1.0,1.0,1.0,1.0,1.0,1.0,1.0,1.0,1.0,1.0,1.0,1.0,1.0,1.0,0.9787234042553191,1.0,1.0,1.0,1.0,1.0,0.9923664122137404,1.0,1.0,0.9900990099009901,1.0,1.0,1.0,1.0,1.0,1.0,0.9891304347826086,1.0,1.0,1.0,0.9882352941176471,1.0,1.0,0.9813084112149533,1.0,1.0,1.0,0.968421052631579,0.9861111111111112,1.0,0.991869918699187,0.9902912621359223,1.0,0.9888888888888889,1.0,0.9782608695652174,0.9941520467836257,1.0,0.9935064935064936,1.0,1.0,1.0,1.0,1.0,1.0,1.0,1.0,1.0,0.9863013698630136,0.9943502824858758,0.9933333333333333,1.0,1.0,1.0,0.0,0.0,0.0,0.0,0.0,0.0,0.0,0.0,0.0,0.0,1.0,0.0,1.0,1.0,1.0,1.0,1.0,1.0,1.0,1.0,1.0,0.9827586206896551
433808, intergenic, MOB_433808_433810_IS150_-1, sv,4.48982,0.00149985,116,-1.0,0.705882,113,0.9,0.6,PASS,0.0,0.0,0.0,0.0,0.0,0.0,0.0,0.0,0.0,0.0,0.0,0.0,0.0,0.0,0.0,0.0,0.125,0.4934210526315789,0.029940119760479042,0.018867924528301886,0.0,0.0,0.0,0.0,0.0,0.0,0.0,0.0,0.0,0.0,0.0,0.0,0.0,0.0,0.0,0.0,0.0,0.0,0.0,0.0,0.0,0.0,0.0,0.0,0.0,0.0,0.0,0.0,0.0,0.0,0.0,0.0,0.0,0.0,0.0,0.0,0.0,0.0,0.0,0.0,0.0,0.0,0.0,0.0,0.0,0.0,0.0,0.0,0.0,0.0,0.0,0.0,0.0,0.0,0.0,0.0,0.0,0.0,0.0,0.0,0.0,0.0,0.0,0.0,0.0,0.0,0.0,0.0,0.0,0.0,0.0,0.0,0.0,0.0,0.0,0.0,0.0,0.0,0.0,0.0,0.0,0.0,0.0,0.0,0.0,0.0,0.0,0.0,0.0,0.0,0.0,0.0,0.0,0.0,0.0,0.0,0.0,0.0,0.0,0.0,0.0,0.0,0.0,0.0,0.0,0.0,0.0,0.0,1.0,0.0,0.0,0.0,0.0,0.0,0.0,0.0,0.0,0.0,0.0
438774, ybaE, MOB_438774_438776_IS150_-1, sv,2.94667,9.999e-05,116,-1.0,0.2,116,0.9,0.0470588,PASS,0.0,0.0,0.0,0.0,0.0,0.0,0.0,0.0,0.0,0.0,0.0,0.0,0.0,0.0,0.0,0.0,0.0,0.0,0.0,0.0,0.0,0.0,0.0,0.0,0.0,0.01048951048951049,0.0782608695652174,0.09278350515463918,0.0796812749003984,0.046153846153846156,0.1606425702811245,0.10240963855421686,0.0784313725490196,0.07751937984496124,0.023809523809523808,0.0,0.01694915254237288,0.0,0.0,0.0,0.0,0.0,0.0036900369003690036,0.007142857142857143,0.0,0.0,0.0,0.011235955056179775,0.006944444444444444,0.0,0.019417475728155338,0.005988023952095809,0.0,0.0,0.005263157894736842,0.0,0.0,0.0,0.0,0.0,0.0,0.0,0.0,0.0,0.0,0.0,0.0,0.0,0.0,0.0,0.0,0.0,0.0,0.0,0.0,0.0,0.0,0.0,0.005154639175257732,0.011695906432748537,0.0,0.0,0.0,0.0,0.0,0.0,0.0,0.0,0.0,0.0,0.0,0.0,0.0,0.0,0.0,0.0,0.0,0.0,0.0,0.0,0.0,0.0,0.0,0.0,0.0,0.0,0.0,0.0,0.0,0.0,0.0,0.0,0.0,0.0,0.0,0.0,0.0,0.0,0.0,0.0,0.0,0.0,0.0,0.0,0.0,0.0,0.0,0.0,0.0,0.0,0.0,0.0,0.0,0.0,0.0,0.0,0.0,0.0,0.0
438778, ybaE, indel;-7, indel,5.04398,9.999e-05,116,-1.0,0.144578,116,0.9,0.056338,PASS,0.0,0.0,0.0,0.0,0.0,0.0,0.0,0.0,0.0,0.0,0.0,0.0,0.0,0.0,0.0,0.0,0.0,0.0,0.0,0.0,0.0,0.0,0.0,0.0,0.0,0.0,0.0,0.0,0.0,0.0,0.0,0.013513513513513514,0.0,0.09022556390977443,0.4,0.23008849557522124,0.1891891891891892,0.13793103448275862,0.0,0.0,0.0,0.0,0.0,0.0,0.0,0.0,0.0,0.0,0.0,0.0,0.0,0.0,0.0,0.0,0.0,0.0,0.0,0.0,0.0,0.0,0.0,0.0,0.0,0.0,0.0,0.0,0.0,0.0,0.0,0.0,0.0,0.0,0.0,0.0,0.0,0.0,0.0,0.0,0.0,0.0,0.0,0.0,0.0,0.0,0.0,0.0,0.0,0.0,0.0,0.0,0.0,0.0,0.0,0.0,0.0,0.0,0.0,0.0,0.0,0.0,0.0,0.0,0.0,0.0,0.0,0.0,0.0,0.0,0.0,0.0,0.0,0.0,0.0,0.0,0.0,0.0,0.0,0.0,0.0,0.0,0.0,0.0,0.0,0.0,0.0,0.0,0.0,0.0,0.0,0.0,0.0,0.0,0.0,0.0,0.0,0.0,0.0,0.0,0.0
442677, mdlA, T->C, synonymous,2.92552,9.999e-05,116,-1.0,1.0,115,0.9,0.923077,PASS,0.0,0.0,0.0,0.0,0.0,0.0,0.0,0.0,0.0,0.0,0.0,0.0,0.0,0.0,0.0,0.0,0.0,0.0,0.0,0.0,0.0,0.0,0.023809523809523808,0.0,0.0,0.0,0.037037037037037035,0.0,0.0,0.0,0.0,0.0,0.0,0.0,0.0,0.0,0.0,0.0,0.0,0.0,0.012195121951219513,0.0,0.0,0.0,0.0,0.0,0.0,0.0,0.0,0.0,0.0,0.02127659574468085,0.0,0.0,0.0,0.0,0.022222222222222223,0.02127659574468085,0.022222222222222223,0.0,0.0,0.0,0.0,0.0,0.0,0.0,0.0,0.0,0.0,0.015873015873015872,0.0,0.0,0.0,0.0,0.016666666666666666,0.0,0.0,0.0,0.0,0.0,0.0,0.0,0.0,0.02564102564102564,0.03773584905660377,0.171875,0.05405405405405406,0.15789473684210525,0.2987012987012987,0.20652173913043478,0.0625,0.030303030303030304,0.0,0.0,0.0,0.014925373134328358,0.0,0.0,0.0,0.0,0.0,0.0,0.0,0.0,0.0,0.0,0.0,0.0,0.0,0.0,0.0,0.0,0.0,0.0,0.0,0.0,0.0,0.0,0.0,0.0,0.0,0.0,0.0,0.0,0.0,0.0,0.0,0.0,0.0,0.0,0.0,0.0,0.0,0.0,0.0,0.0,0.0,0.0,0.0
455564, acrB, C->T, missense,2.49581,0.00089991,116,-1.0,0.146341,115,0.9,0.705882,PASS,0.0,0.0,0.0,0.0,0.0,0.0,0.0,0.023809523809523808,0.0,0.0,0.0,0.0,0.0,0.0,0.0,0.0,0.0,0.0,0.0,0.0,0.0,0.0,0.0,0.0,0.0,0.0,0.0,0.0,0.0,0.0,0.0,0.0,0.0,0.0,0.0,0.0,0.011111111111111112,0.0,0.0,0.0,0.029850746268656716,0.0,0.01639344262295082,0.0,0.0,0.0,0.0,0.0,0.0,0.0,0.0,0.0,0.0,0.0,0.0,0.0,0.0,0.0,0.024390243902439025,0.0,0.0,0.015625,0.0,0.0,0.0,0.0,0.0,0.0,0.0,0.0,0.0,0.0,0.0,0.0,0.0,0.0,0.0,0.0,0.0,0.0,0.0,0.0,0.10256410256410256,0.0975609756097561,0.2807017543859649,0.019230769230769232,0.0,0.015151515151515152,0.012195121951219513,0.056818181818181816,0.0,0.10869565217391304,0.2894736842105263,0.36231884057971014,0.15254237288135594,0.029850746268656716,0.05660377358490566,0.06818181818181818,0.023809523809523808,0.06451612903225806,0.008695652173913044,0.0,0.0,0.0,0.0,0.0,0.0,0.0,0.0,0.0,0.0,0.0,0.0,0.0,0.0,0.0,0.0,0.0,0.0,0.0,0.0,0.0,0.0,0.0,0.0,0.0,0.0,0.0,0.0,0.0,0.0,0.0,0.0,0.0,0.0,0.0,0.0,0.01098901098901099,0.0
466564, recR, G->A, synonymous,4.27278,0.00149985,115,-1.0,0.0674157,115,0.9,0.48,PASS,0.0,0.0,0.0,0.0,0.0,0.0,0.0,0.0,0.0,0.0,0.0,0.0,0.14814814814814814,0.07142857142857142,0.0,0.0,0.0,0.0,0.0,0.017241379310344827,0.0,0.0,0.0,0.0,0.0,0.0,0.0,0.0,0.0,0.0,0.0,0.0,0.0,0.0,0.0,0.0,0.0,0.0,0.0,0.0,0.0,0.0,0.0,0.0,0.0,0.0,0.0,0.0,0.0,0.0,0.0,0.02127659574468085,0.0,0.0,0.0,0.0,0.0,0.0,0.0,0.0,0.0,0.0,0.0,0.0,0.028169014084507043,0.0,0.0,0.0,0.0,0.0,0.0,0.0,0.0,0.0,0.0,0.0,0.0,0.0,0.0,0.0,0.0,0.0,0.0,0.0,0.0,0.0,0.0,0.0,0.0,0.0,0.0,0.0,0.0,0.0,0.0,0.0,0.0,0.0,0.0,0.0,0.0,0.0,0.0,0.0,0.0,0.0,0.0,0.0,0.0,0.0,0.0,0.0,0.0,0.0,0.0,0.0,0.0,0.0,0.0,0.0,0.0,0.0,0.0,0.0,0.0,0.0,0.0,0.0,0.0,0.0,0.0,0.0,0.0,0.0,0.0,0.0,0.0,0.0,0.0
471532, aes, A->T, missense,2.69891,9.999e-05,116,-1.0,0.0149626,116,0.9,0.705882,PASS,0.0,0.0,0.0,0.0,0.0,0.0,0.0,0.0,0.0,0.0,0.0,0.0,0.0,0.0,0.0,0.0,0.0,0.0,0.0,0.0,0.0,0.0,0.0,0.0,0.0,0.0,0.0,0.0,0.0,0.0,0.0,0.0,0.0,0.0,0.0,0.0,0.0,0.0,0.0,0.0,0.0,0.0,0.0,0.0,0.0,0.0,0.0,0.0,0.0,0.0,0.0,0.0,0.0,0.0,0.0,0.0,0.0,0.0,0.0,0.0,0.0,0.0,0.0,0.0,0.0,0.0,0.0,0.0,0.0,0.0,0.0196078431372549,0.0,0.0,0.0,0.0,0.0,0.0,0.0,0.2,0.24210526315789474,0.1375,0.0684931506849315,0.8202247191011236,0.7457627118644068,0.1111111111111111,0.08571428571428572,0.020833333333333332,0.04597701149425287,0.020618556701030927,0.034482758620689655,0.0,0.16393442622950818,0.3888888888888889,0.4787234042553192,0.19480519480519481,0.014084507042253521,0.0,0.075,0.08888888888888889,0.007142857142857143,0.0,0.0,0.0,0.0,0.0,0.0,0.0,0.0,0.0,0.0,0.0,0.0,0.0,0.0,0.0,0.0,0.0,0.0,0.0,0.0,0.0,0.0,0.0,0.0,0.0,0.0,0.0,0.0,0.0,0.0,0.0,0.0,0.0,0.0,0.0,0.0,0.0,0.0,0.0
474374, ybaL, indel;+TCGCCAGCG;+8, indel,1.05175,9.999e-05,116,-1.0,0.352941,112,0.9,0.363636,PASS,0.05561735261401557,0.038461538461538464,0.12048192771084339,0.0589101620029455,0.03773584905660377,0.023696682464454975,0.06060606060606061,0.1,0.0,0.046511627906976744,0.0,0.0,0.05,0.027777777777777776,0.1,0.0,0.061224489795918366,0.0,0.020202020202020204,0.02247191011235955,0.1,0.0,0.07547169811320754,0.0,0.044444444444444446,0.06622516556291391,0.06369426751592357,0.0425531914893617,0.0880503144654088,0.029411764705882353,0.0,0.05555555555555555,0.12077294685990339,0.1568627450980392,0.09230769230769231,0.0,0.041666666666666664,0.0,0.047619047619047616,0.07712082262210797,0.04231311706629055,0.07092198581560284,0.08823529411764706,0.048,0.022988505747126436,0.05,0.05263157894736842,0.0,0.1875,0.047619047619047616,0.07142857142857142,0.12903225806451613,0.16901408450704225,0.2823529411764706,0.17886178861788618,0.4032258064516129,0.3611111111111111,0.2631578947368421,0.41379310344827586,0.21176470588235294,0.16279069767441862,0.14953271028037382,0.08955223880597014,0.09836065573770492,0.14414414414414414,0.07692307692307693,0.11023622047244094,0.2765957446808511,0.32,0.5208333333333334,0.19753086419753085,0.4146341463414634,0.38571428571428573,0.4,0.39094650205761317,0.38596491228070173,0.3125,0.16666666666666666,0.10714285714285714,0.10256410256410256,0.11666666666666667,0.047619047619047616,0.06,0.0900900900900901,0.043478260869565216,0.16666666666666666,0.28846153846153844,0.10309278350515463,0.12903225806451613,0.4444444444444444,0.6040268456375839,0.9230769230769231,0.6075949367088608,0.6190476190476191,0.6206896551724138,0.8387096774193549,0.8333333333333334,0.8214285714285714,0.09230769230769231,0.07017543859649122,0.12048192771084337,0.06024096385542168,0.18181818181818182,0.0,0.05163511187607573,0.03105590062111801,0.07058823529411765,0.03571428571428571,0.08130081300813008,0.06451612903225806,0.0625,0.08928571428571429,0.07042253521126761,0.11666666666666667,0.0,0.041666666666666664,0.0,0.5309734513274336,0.5722891566265059,0.5,0.6603773584905661,0.7142857142857143,0.6818181818181818,0.475,0.41666666666666663,0.5325443786982249,0.5707762557077626,0.5140186915887851,0.5755395683453237,0.4716981132075472,0.37142857142857144,0.3409090909090909,0.43269230769230765,0.5462184873949579,0.4435483870967742,0.5339805825242718,0.5232558139534884,0.2657218777679362,1.0
475422, intergenic, MOB_475422_475429_IS1_-1, sv,3.84612,9.999e-05,116,-1.0,0.0263158,111,0.9,0.6,PASS,0.0,0.0,0.0,0.0,0.0,0.0,0.0,0.0,0.0,0.0,,0.0,0.0,0.0,0.0,0.0,0.0,0.0,0.0,0.0,0.0,0.0,0.0,0.0,0.0,0.0,0.0,0.0,0.0,0.0,0.0,0.0,0.0,0.0,0.0,0.0,0.0,0.0,0.0,0.0,0.0,0.0,0.0,0.010309278350515464,0.047619047619047616,0.1702127659574468,0.21818181818181817,0.18181818181818182,0.16129032258064516,0.0,0.058823529411764705,0.07792207792207792,0.11363636363636363,0.06666666666666667,0.06153846153846154,0.0,0.0,0.0,0.0,0.0,0.0,0.0,0.0,0.0,0.0,0.0,0.023809523809523808,0.0,0.0,0.0,0.0,0.022727272727272728,0.0,0.0,0.0,0.0,0.0,0.0,0.0,0.0,0.0,0.0,0.0,0.0,0.0,0.0,0.0,0.0,0.0,0.0,0.0,0.0,0.0,0.0,0.0,0.0,0.0,0.0,0.0,0.0,0.0,0.0,0.0,0.0,0.0,0.0,0.0,0.0,0.0,0.0,0.0,0.0,0.0,0.0,0.0,0.0,0.0,0.0,0.0,0.0,0.0,0.0,0.02,0.0,0.0,0.0,0.0,0.0,0.0,0.0,0.0,0.0,0.0,0.0,0.0,0.0,0.0,0.0,0.0
484142, ybaS, C->T, missense,2.1355,9.999e-05,116,-1.0,0.705882,113,0.9,0.923077,PASS,0.0,0.0,0.0,0.0,0.0,0.0,0.0,0.0,0.0,0.0,0.0,0.0,0.0,0.0,0.0,0.0,0.0,0.0,0.0,0.0,0.02127659574468085,0.0,0.0,0.0,0.0,0.0,0.0,0.0,0.0,0.0,0.0,0.0,0.0,0.0,0.0,0.0,0.0,0.0,0.0,0.0,0.0,0.0,0.0,0.011363636363636364,0.0,0.0,0.0,0.0,0.0,0.0,0.02,0.0,0.0,0.0,0.0,0.0,0.0,0.0,0.0,0.0,0.0,0.0,0.0,0.0,0.0,0.0,0.0,0.013888888888888888,0.047619047619047616,0.017241379310344827,0.3829787234042553,0.2127659574468085,0.08695652173913043,0.42,0.1320754716981132,0.17567567567567569,0.15789473684210525,0.37037037037037035,0.6470588235294118,0.5526315789473685,0.2647058823529412,0.109375,0.8787878787878788,0.7543859649122807,0.2222222222222222,0.038461538461538464,0.0,0.02666666666666667,0.034482758620689655,0.02127659574468085,0.0,0.0784313725490196,0.3142857142857143,0.30666666666666664,0.3670886075949367,0.02564102564102564,0.023255813953488372,0.07352941176470588,0.043478260869565216,0.009174311926605505,0.0,0.0,0.0,0.0,0.0,0.0,0.01694915254237288,0.0,0.0,0.0,0.0,0.0,0.0,0.0,0.0,0.0,0.0,0.0,0.0,0.0,0.0,0.0,0.0,0.0,0.0,0.0,0.0,0.0,0.0,0.0,0.0,0.0,0.0,0.0,0.0,0.0,0.0,0.0,0.0
490283, ybbN, junction_490283_-1_IS150_start, sv,1.86775,0.00169983,116,-1.0,0.084507,115,0.9,0.102564,PASS,0.0,0.0,0.0,0.0,0.0,0.027002518720217836,0.0,0.04611418604651163,0.08569020172910663,0.0,0.0,0.0,0.0,0.0,0.0,0.0,0.0,0.0,0.0,0.0,0.0,0.0,0.0,0.0,0.0,0.0,0.0,0.0,0.0,0.011146067415730336,0.0,0.0,0.0,0.0,0.0,0.0,0.0,0.0,0.0,0.0,0.0,0.0,0.0,0.0,0.0,0.0,0.0,0.0,0.0,0.0,0.0,0.0,0.0,0.0,0.0,0.0,0.0,0.01680672881355932,0.0,0.0,0.029231159420289855,0.06112848484848485,0.0,0.0,0.0,0.11624775928297057,0.0691764705882353,0.010554973821989529,0.04416058394160584,0.063008125,0.038969371980676334,0.05602240740740741,0.05720652482269503,0.10828496644295302,0.015394351145038168,0.0,0.0,0.0,0.0,0.0,0.0,0.0,0.0,0.0,0.0,0.0,0.0,0.0,0.0,0.0,0.0,0.0,0.0,0.0,0.0,0.0,0.0,0.0,0.018195724770642203,0.0,0.0,0.0,0.0,0.0,0.0,0.0,0.0,0.0,0.0,0.0,0.0,0.0,0.0,0.0,0.0,0.0,0.0,0.0,0.0,0.0,0.0,0.0,0.0,0.0,0.0,0.0,0.0,0.0,0.0,0.0,0.0,0.0,0.0,0.0,0.0,0.0,0.0,0.0,0.0
490406, ybbN, C->T, synonymous,2.8146,0.0009999,116,-1.0,0.157895,115,0.9,0.0242915,PASS,0.0,0.0,0.0,0.008695652173913044,0.0,0.0,0.0,0.0,0.0,0.0,0.0,0.0,0.0,0.0,0.0,0.0,0.0,0.029850746268656716,0.0,0.0,0.019230769230769232,0.0,0.0,0.0,0.010752688172043012,0.008695652173913044,0.0,0.0,0.03,0.03125,0.0,0.024096385542168676,0.11842105263157894,0.13846153846153847,0.04054054054054054,0.022222222222222223,0.040983606557377046,0.0,0.0,0.0,0.0,0.0,0.0,0.0,0.0,0.0,0.0,0.0,0.0,0.0,0.0,0.0,0.0,0.0,0.0,0.0,0.0,0.0,0.0,0.0,0.0,0.014285714285714285,0.0,0.0,0.0,0.0,0.00980392156862745,0.0,0.0,0.0,0.0,0.0,0.0,0.0,0.01098901098901099,0.0,0.0,0.0,0.0,0.0,0.0,0.0,0.0,0.0,0.0,0.0,0.0,0.0,0.0,0.0,0.0,0.0,0.0,0.0,0.0,0.0,0.0,0.0,0.0,0.007246376811594203,0.0,0.0,0.0,0.0,0.0,0.0,0.0,0.0,0.0,0.0,0.0,0.0,0.0,0.0,0.0,0.0,0.0,0.0,0.0,0.0,0.0,0.0,0.0,0.0,0.0,0.0,0.0,0.0,0.0,0.0,0.0,0.0,0.0,0.0,0.0,0.0,0.0,0.007246376811594203,0.0
490479, ybbN, indel;+AC;-1, indel,2.47229,9.999e-05,116,-1.0,0.08,115,0.9,0.184615,PASS,0.0,0.0,0.0,0.0,0.0,0.0,0.0,0.0,0.0,0.0,0.0,0.0,0.0,0.0,0.0,0.0,0.0,0.0,0.009433962264150943,0.0,0.0,0.0,0.0,0.0,0.0,0.0,0.0,0.0,0.0,0.0,0.0,0.0,0.0,0.03389830508474576,0.0,0.0,0.0,0.0,0.0,0.0,0.0,0.008771929824561403,0.0,0.009345794392523364,0.0,0.0,0.0,0.05660377358490566,0.0,0.0,0.0,0.03896103896103896,0.0,0.0,0.0,0.009433962264150943,0.014925373134328358,0.03488372093023256,0.13636363636363635,0.05194805194805195,0.04838709677419355,0.2222222222222222,0.09615384615384616,0.08791208791208792,0.05063291139240506,0.16216216216216217,0.23148148148148148,0.15384615384615385,0.2987012987012987,0.1978021978021978,0.078125,0.014925373134328358,0.0,0.0,0.0,0.0,0.0,0.0,0.0,0.008333333333333333,0.0,0.0,0.0,0.0,0.0,0.0,0.0,0.0,0.0,0.0,0.0,0.0,0.0,0.0,0.0,0.0,0.0,0.0,0.0,0.0,0.0,0.0,0.0,0.0,0.0,0.0,0.0,0.0,0.0,0.0,0.0,0.0,0.007633587786259542,0.0,0.0,0.0,0.0,0.0,0.0,0.0,0.0,0.0,0.0,0.0,0.0,0.0,0.0,0.0,0.0,0.0,0.0,0.0,0.0,0.0,0.0,0.0,0.0,0.0,0.0
490481, ybbN, MOB_490481_490483_IS150_-1, sv,0.987624,9.999e-05,116,-1.0,0.1,116,0.9,0.3,PASS,0.0,0.0,0.0,0.0,0.0,0.0,0.0,0.0,0.0,0.0,0.0,0.0,0.6363820395738203,0.5004973544973546,0.6970487804878049,1.0,0.8891201117318436,0.9296625550660793,0.9148597672994488,0.9443549295774648,0.9309559139784946,1.0,1.0,1.0,1.0,0.9999219040535516,1.0,1.0,1.0,1.0,1.0,1.0,1.0,1.0,1.0,1.0,1.0002946375957573,1.0,1.0,1.0,1.0,1.0,1.0,1.0,1.0,1.0,1.0,1.0,1.0,1.0,1.0,1.0,1.0,1.0,1.0,1.0,1.0,1.0,1.0,1.0,1.0,1.0,1.0,1.0,1.0,0.9829116161616163,1.0,0.9889808666291502,1.0,1.0,1.0,1.0,1.0,1.0,1.0,1.0,1.0,1.0,1.0,1.0,1.0,1.0,1.0,1.0,1.0,1.0,1.0,1.0,1.0,1.0,0.9777667219458264,1.0,1.0,1.0,1.0,1.0,1.0,1.0,1.0,1.0,1.0,1.0,1.0,1.0,1.0,1.0,1.0,1.0,1.0,1.0,0.9916880962256326,1.0,1.0,1.0,1.0,1.0,1.0,0.0,0.0,0.0,0.0,0.0,0.0,0.0,0.0,0.0,0.0,1.0,1.0,1.0,1.0,1.0,1.0,1.0,1.0,1.0,1.0,1.0,1.0
490484, ybbN, G->T, noncoding,1.63997,0.01731,26,-5.51788,0.00637281,30,0.9,0.169014,PASS,0.0,0.0,0.0,0.0,0.017543859649122806,0.008403361344537815,0.03333333333333333,0.0,0.0,0.0,0.0,0.0,0.0,0.0,0.0,0.0,0.0,0.0,0.0,0.04477611940298507,0.03278688524590164,0.025,0.08064516129032258,0.13953488372093023,0.3229166666666667,0.43333333333333335,0.0,0.0,0.0,,0.0,,0.0,0.0,0.3972602739726027,0.0,0.0,0.0,,,,,,,0.0,,0.3333333333333333,,,,,0.0,,,,,,0.5,0.0,,1.0,1.0,0.0,,,0.0,,,,0.0,0.5,,,,,,,,,0.5,1.0,1.0,,1.0,1.0,,,,,,0.0,,,,,,1.0,1.0,0.5,1.0,,1.0,,,0.5,1.0,1.0,,,,0.0,,,,,,,0.0,0.02702702702702703,0.0,0.0,0.0,0.0,0.0,0.0,0.0,0.0,0.0,0.0,1.0,,,,,,,,,
493154, ybbP, MOB_493154_493161_IS186_1, sv,2.99699,0.00019998,116,-1.0,0.125,113,0.9,0.352941,PASS,0.0,0.0,0.0,0.0,0.0,0.0,0.0,0.0,0.0,0.0,0.0,0.0,0.0,0.0,0.0,0.0,0.0,0.0,0.0,0.0,0.0,0.0,0.0,0.0,0.0,0.0,0.0,0.0,0.0,0.0,0.0,0.0,0.0,0.0,0.0,0.0,0.0,0.0,0.0,0.0,0.0,0.0,0.0,0.0,0.0,0.0,0.0,0.0,0.0,0.0,0.0,0.0,0.0,0.0,0.0,0.0,0.0,0.0,0.0,0.0,0.0,0.0,0.0,0.0,0.0,0.0,0.0,0.0,0.0,0.0,0.0,0.0,0.0,0.0,0.0,0.0,0.0,0.0,0.0,0.0,0.0,0.0,0.042105263157894736,0.11764705882352941,0.08653846153846154,0.05263157894736842,0.018691588785046728,0.03571428571428571,0.016042780748663103,0.047872340425531915,0.0,0.14705882352941177,0.3739130434782609,0.3442622950819672,0.23853211009174313,0.04395604395604396,0.045454545454545456,0.05511811023622047,0.12698412698412698,0.02830188679245283,0.011834319526627219,0.0,0.0,0.0,0.0,0.0,0.0,0.0,0.0,0.0,0.0,0.0,0.0,0.0,0.0,0.0,0.0,0.0,0.0,0.0,0.0,0.0,0.0,0.0,0.0,0.0,0.0,0.0,0.0,0.0,0.0,0.0,0.0,0.0,0.0,0.0,0.0,0.0,0.0
502543, ybbB, MOB_502543_502545_IS150_1, sv,1.51459,9.999e-05,116,-1.0,0.545455,115,0.9,1.0,PASS,0.0,0.0,0.0,0.0,0.0,0.0,0.0,0.0,0.0,0.0,0.0,0.0,0.0,0.0,0.0,0.0,0.0,0.0,0.0,0.0,0.0,0.0,0.0,0.0,0.0,0.0,0.0,0.0,0.0,0.0,0.0,0.0,0.0,0.0,0.0,0.0,0.0,0.0,0.0,0.0,0.0,0.0,0.0,0.0,0.0,0.0,0.0,0.0,0.0,0.0,0.0,0.0,0.0,0.0,0.06896551724137931,0.0,0.0,0.0,0.0,0.0,0.0,0.0,0.0,0.0,0.0,0.0,0.0,0.0,0.0,0.0,0.0,0.0,0.0,0.0,0.0,0.0,0.0,0.0,0.0,0.0,0.0,0.0,0.0,0.0,0.0,0.0,0.0,0.024793388429752067,0.0,0.0761904761904762,0.45394736842105265,0.5384615384615384,0.7739130434782608,0.463768115942029,0.8235294117647058,0.9595959595959596,0.9789473684210527,0.9782608695652174,0.9436619718309859,0.9708029197080292,1.0,1.0,1.0,1.0,1.0,1.0,1.0,1.0,1.0,1.0,1.0,1.0,1.0,1.0,1.0,1.0,1.0,0.0,0.0,0.0,0.0,0.0,0.0,0.0,0.0,0.0,0.0,0.0,0.0,0.0,0.0,0.0,0.0,0.0,0.0,0.0,0.0,1.0,0.9661016949152542
533391, sfmD, MOB_533391_533399_IS1_-1, sv,2.44818,9.999e-05,116,-1.0,0.0140515,115,0.9,1.0,PASS,0.003134796238244514,0.0,0.0,0.0,0.0,0.0,0.0,0.0,0.0,0.0,0.0,0.0,0.0,0.0,0.0,0.0,0.0,0.0,0.0,0.0,0.0,0.0,0.0,0.0,0.0,0.0,0.0,0.0,0.0,0.0,0.0,0.0,0.0,0.0,0.0,0.0,0.0,0.0,0.0,0.0,0.0,0.0,0.0,0.0,0.0,0.0,0.0,0.0,0.0,0.0,0.0,0.0,0.0,0.0,0.0,0.0,0.0,0.0,0.0,0.0,0.026143790849673203,0.0,0.010309278350515464,0.0457516339869281,0.0,0.27956989247311825,0.06944444444444445,0.04477611940298507,0.047619047619047616,0.054187192118226604,0.035211267605633804,0.096,0.07954545454545454,0.0684931506849315,0.05333333333333334,0.0,0.009259259259259259,0.0,0.0,0.0,0.0,0.0,0.0,0.0,0.0,0.0,0.0,0.0,0.0,0.0,0.0,0.0,0.0,0.0,0.0,0.0,0.0,0.0,0.0,0.0,0.0,0.0,0.0,0.0,0.0,0.0,0.0,0.0,0.0,0.0,0.0,0.0,0.0,0.0,0.0,0.0,0.0,0.0,0.0,0.0,0.0,0.0,0.0,0.0,0.0,0.0,0.0,0.0,0.0,0.0,0.0,0.0,0.0,0.0,0.0,0.0,0.0,0.0,0.0
536150, fimZ, MOB_536150_536154_IS3_1, sv,2.72792,9.999e-05,116,-1.0,0.631579,111,0.9,0.24,PASS,0.0,0.0,0.0,0.0,0.0,0.0,0.0,0.0,0.0,0.0,0.0,0.0,0.0,0.0,0.0,0.0,0.0,0.0,0.0,0.0,0.0,0.0,0.0,0.0,0.0,0.0,0.0,0.0,0.0,0.0,0.0,0.0,0.0,0.0,0.0,0.0,0.0,0.0,0.0,0.0,0.0,0.008613264427217916,0.00946521533364884,0.017605633802816902,0.0830367734282325,0.1958041958041958,0.11479591836734693,0.2358490566037736,0.05039596832253419,0.11023622047244094,0.06666666666666667,0.058823529411764705,0.14150943396226415,0.039525691699604744,0.06756756756756756,0.11580775911986103,0.05338078291814947,0.08148148148148149,0.023446658851113716,0.02461033634126333,0.0,0.0,0.0,0.0,0.0,0.0,0.0,0.0,0.0,0.0,0.0,0.0,0.0,0.0,0.0,0.0,0.0,0.0,0.0,0.0,0.0,0.0,0.0,0.0,0.0,0.0,0.0,0.0,0.0,0.0,0.0,0.0,0.0,0.0,0.0,0.0,0.0,0.0,0.0,0.0,0.0,0.0,0.0,0.0,0.0,0.0,0.0,0.0,0.0,0.0,0.0,0.0,0.0,0.0,0.0,0.0,0.0,0.0,0.0,0.0,0.0,0.0,0.0,0.0,0.0,0.0,0.0,0.0,0.0,0.0,0.0,0.0,0.0,0.0,0.0,0.0,0.0,0.0,0.0
556534, ECB_00513, junction_556534_1_IS1_start, sv,2.0263,9.999e-05,116,-1.0,0.521739,113,0.9,0.173913,PASS,0.0,0.0,0.0,0.0,0.0,0.0,0.0,0.0,0.0,0.0,0.0,0.0,0.0,0.0,0.0,0.0,0.0,0.0,0.0,0.0,0.0,0.0,0.0,0.0,0.0,0.0,0.0,0.0,0.0,0.0,0.0,0.0,0.0,0.0,0.0,0.0,0.0,0.0,0.0,0.0,0.0,0.0,0.0,0.0,0.0,0.0,0.0,0.0,0.0,0.0,0.0,0.0,0.0,0.0,0.0,0.0,0.08333333333333333,0.1267605633802817,0.13157894736842105,0.11627906976744186,0.16,0.15053763440860216,0.1,0.04854368932038835,0.025423728813559324,0.18571428571428572,0.12658227848101267,0.1875,0.11538461538461539,0.07142857142857142,0.12359550561797752,0.125,0.1509433962264151,0.0958904109589041,0.027777777777777776,0.05714285714285714,0.04081632653061224,0.0,0.01639344262295082,0.0,0.04040404040404041,0.0,0.0,0.0,0.013333333333333334,0.0,0.0,0.0,0.0,0.0,0.0,0.0,0.0,0.0,0.0,0.0,0.0,0.0,0.0,0.0,0.0,0.0,0.0,0.0,0.0,0.0,0.0,0.0,0.0,0.0,0.0,0.0,0.0,0.0,0.0,0.0,0.0,0.0,0.0,0.0,0.0,0.0,0.0,0.0,0.0,0.0,0.0,0.0,0.0,0.0,0.0,0.0,0.0,0.0,0.0,0.0,1.0,0.0,0.0
557008, ECB_00513, C->T, missense,2.76282,0.010062,116,-1.0,0.0342857,115,0.9,0.444444,PASS,0.00881057268722467,0.0,0.0,0.0,0.0,0.005154639175257732,0.0,0.0,0.0,0.0,0.0,0.0,0.0,0.0,0.0,0.0,0.0,0.0,0.0,0.0,0.0,0.0,0.0,0.0,0.0,0.005847953216374269,0.02531645569620253,0.10638297872340426,0.06493506493506493,0.015384615384615385,0.011494252873563218,0.0,0.0,0.0,0.0,0.0,0.0,0.0,0.0,0.0,0.0,0.0,0.0,0.0,0.0,0.0,0.0,0.0,0.0,0.0,0.0,0.0,0.0,0.0,0.0,0.0,0.0,0.009523809523809525,0.0,0.011627906976744186,0.009345794392523364,0.0,0.0,0.0,0.0,0.0,0.0,0.0,0.0,0.0,0.0,0.010101010101010102,0.0,0.0,0.008620689655172414,0.007518796992481203,0.0,0.0,0.0,0.0,0.0,0.0,0.0,0.0,0.0,0.0,0.0,0.0,0.0,0.0,0.0,0.0,0.0,0.0,0.008130081300813009,0.01098901098901099,0.01694915254237288,0.0,0.0,0.0,0.0,0.0,0.0,0.0,0.0,0.0,0.0,0.0,0.004524886877828055,0.0,0.0,0.0,0.0,0.0,0.0,0.0,0.0,0.0,0.0,0.0,0.0,0.0,0.0,0.0,0.0,0.0,0.0,0.0,0.0,0.0,0.0,0.0,0.0,0.0,0.0,0.0,0.0,0.0,0.0
558783, intergenic, junction_558783_1_IS1_start, sv,4.88894,9.999e-05,116,-1.0,0.444444,107,0.9,0.24,PASS,0.0,0.0,0.0,0.0,0.0,0.0,0.0,0.0,0.0,0.0,0.0,0.0,0.0,0.0,0.0,0.0,0.0,0.0,0.0,0.0,0.0,0.0,0.0,0.0,0.0,0.0,0.0,0.0,0.0,0.0,0.0,0.0,0.16666666666666666,0.16666666666666666,0.16666666666666666,0.35294117647058826,0.15,0.0,0.0,0.0,0.0,0.0,0.0,0.0,0.0,0.047619047619047616,0.0,0.0,0.0,0.0,0.0,0.0,0.0,0.0,0.0,0.0,0.0,0.0,0.0,0.0,0.0,0.0,0.0,0.0,0.0,0.0,0.0,0.0,0.0,0.0,0.0,0.0,0.0,0.0,0.0,0.0,0.0,0.0,0.0,0.0,0.0,0.0,0.0,0.0,0.0,0.0,0.0,0.0,0.0,0.0,0.0,0.0,0.0,0.0,0.0,0.0,0.0,0.0,0.0,0.0,0.0,0.0,0.0,0.0,0.0,0.0,0.0,0.0,0.0,0.0,0.0,0.0,0.0,0.0,,0.0,0.0,0.0,0.0,0.0,0.0,0.0,0.0,0.0,0.0,0.0,0.0,0.0,0.0,0.0,0.0,0.0,0.0,0.0,0.0,0.0,0.0,0.0,0.0
559479, appY, junction_559479_1_IS1_start, sv,4.05992,0.00289971,116,-1.0,0.666667,109,0.9,0.029703,PASS,0.0,0.0,0.0,0.0,0.0,0.0,0.0,0.0,0.0,0.0,0.0,0.0,0.0,0.0,0.0,0.0,0.0,0.0,0.0,0.0,0.0,0.0,0.07692307692307693,0.07692307692307693,0.23529411764705882,0.11570247933884298,0.016129032258064516,0.0,0.0,0.0,0.0,0.0,0.0,0.0,0.0,0.0,0.0,0.0,0.0,0.0,0.0,0.0,0.0,0.0,0.0,0.0,0.0,0.0,0.0,0.0,0.0,0.0,0.0,0.0,0.0,0.0,0.0,0.0,0.0,0.0,0.0,0.0,0.0,0.0,0.0,0.0,0.0,0.0,0.0,0.0,0.0,0.0,0.0,0.0,0.0,0.0,0.0,0.0,0.0,0.0,0.0,0.0,0.0,0.0,0.0,0.0,0.0,0.0,0.0,0.0,0.0,0.0,0.0,0.0,0.0,0.0,0.0,0.0,0.0,0.0,0.0,0.0,0.0,0.0,0.0,0.0,0.0,0.0,0.0,0.0,0.0,0.0,0.0,0.0,0.0,0.0,0.0,0.0,0.0,0.0,0.0,0.0,0.0,0.0,0.0,0.0,0.0,0.0,0.0,0.0,0.0,0.0,0.0,0.0,0.0,0.0,0.0,0.0,0.0
581669, cusA, MOB_581669_581671_IS150_1, sv,2.6089,9.999e-05,116,-1.0,0.923077,113,0.9,0.6,PASS,0.0,0.0,0.0,0.0,0.0,0.0,0.0,0.0,0.0,0.0,0.0,0.0,0.0,0.0,0.0,0.0,0.0,0.0,0.0,0.0,0.0,0.0,0.0,0.0,0.0,0.0,0.0,0.0,0.0,0.0,0.0,0.0,0.0,0.0,0.0,0.0,0.0,0.0,0.0,0.0,0.0,0.0,0.0,0.0,0.0,0.0,0.0,0.0,0.0,0.0,0.0,0.0,0.0,0.0,0.0,0.0,0.0,0.0,0.0,0.0,0.0,0.0,0.0,0.0,0.0,0.0,0.0,0.0,0.0,0.0,0.0,0.0,0.0,0.0,0.0,0.0,0.0,0.009900990099009901,0.3350253807106599,0.2602739726027397,0.32666666666666666,0.1523809523809524,0.9314285714285714,0.7543859649122807,0.35964912280701755,0.0873015873015873,0.0,0.02054794520547945,0.004484304932735426,0.02575107296137339,0.0,0.12903225806451613,0.373015873015873,0.5562913907284768,0.3221476510067114,0.059322033898305086,0.09523809523809523,0.05844155844155844,0.04411764705882353,0.014285714285714285,0.011450381679389313,0.0,0.0,0.0,0.0,0.0,0.0,0.0,0.0,0.0,0.0,0.0,0.0,0.0,0.0,0.0,0.0,0.0,0.0,0.0,0.0,0.0,0.0,0.0,0.0,0.0,0.0,0.0,0.0,0.0,0.0,0.0,0.0,0.0,0.0,0.0,0.0,0.0,0.0
588490, intergenic, indel;A;+A;+CA;G;+AAA;+AA;+GA;T;+TA, indel,1.54753,9.999e-05,39,-3.86815,0.00530739,51,0.9,0.5,PASS,0.0,0.0,0.0,0.0,0.0,0.030303030303030304,0.0,0.0,0.0,0.0,0.0,0.1111111111111111,0.0,0.0,0.0,0.0,0.0,0.0,0.0,0.0,0.0,0.0,0.0,0.047619047619047616,0.012658227848101266,0.013422818791946308,0.14583333333333334,0.0967741935483871,0.2463768115942029,0.4489795918367347,0.5245901639344263,0.5625,0.37777777777777777,0.3333333333333333,0.1836734693877551,0.3684210526315789,0.3698630136986301,0.6666666666666666,0.7272727272727273,0.6428571428571429,0.5135135135135135,0.19047619047619047,0.2,0.0,0.2857142857142857,0.0,0.4444444444444444,0.2222222222222222,0.3333333333333333,1.0,0.8,0.5,,0.5,1.0,1.0,1.0,0.5,1.0,0.0,1.0,0.6666666666666666,1.0,1.0,1.0,1.0,1.0,,0.5,1.0,1.0,0.6666666666666666,0.0,0.8,0.6,0.6666666666666666,1.0,1.0,0.3333333333333333,0.8,0.5,0.6666666666666666,0.3333333333333333,0.5,0.6666666666666666,,0.75,,,1.0,0.0,1.0,1.0,1.0,1.0,0.8571428571428571,0.6666666666666666,0.6666666666666666,1.0,1.0,1.0,1.0,0.0,1.0,0.875,0.3333333333333333,1.0,1.0,1.0,,,,,1.0,,1.0,,0.027777777777777776,0.0,0.0,0.0,0.0,0.0,0.0,0.0,0.0,0.0,0.015873015873015872,0.01639344262295082,0.0,0.0,0.9864864864864865,1.0,1.0,0.88,1.0,1.0,1.0,
588490, intergenic, junction_588490_-1_IS150_start, sv,0.921213,9.999e-05,116,-1.0,0.116505,113,0.9,0.272727,PASS,0.0,0.0,0.0,0.0,0.0,0.0,0.0,0.0,0.0,0.0,0.0,0.0,0.0,0.0,0.0,0.0,0.0,0.0,0.0,0.0,0.0,0.0,0.0,0.0,0.0,0.0,0.0,0.0,0.0,0.0,0.0,0.0,0.0,0.0,0.0,0.0,0.0,0.07751937984496124,0.2576112412177986,0.5708661417322834,0.5700123915737298,0.7692307692307693,0.9634146341463414,0.916767189384801,0.8768267223382046,0.9555555555555556,0.8285163776493256,0.6810035842293907,0.8090614886731392,0.9565217391304348,0.8947368421052632,0.9574468085106383,1.0,0.9333333333333333,0.9473684210526315,0.975,0.9895833333333334,0.9807692307692307,0.975,0.9861111111111112,0.9365079365079365,0.958904109589041,0.9375,0.9166666666666666,0.9871794871794872,0.9811320754716981,0.9868421052631579,1.0,0.9861111111111112,0.9902912621359223,0.9375,0.95,1.0,0.9390243902439024,0.9382716049382716,0.9411764705882353,0.967741935483871,0.8695652173913043,0.9565217391304348,0.9565217391304348,0.9859154929577465,0.96,0.9876543209876543,0.9411764705882353,0.9833333333333333,1.0,0.9411764705882353,1.0,1.0,0.9859154929577465,0.9833333333333333,0.9508196721311475,0.9375,0.9859154929577465,0.9540229885057471,0.9047619047619048,0.9411764705882353,0.9545454545454546,0.9714285714285714,0.9913793103448276,0.9765625,0.9743589743589743,1.0,0.9285714285714286,0.9023485784919654,0.9761904761904762,0.9210526315789473,0.9807692307692307,0.9568965517241379,1.0,1.0,1.0,0.9895833333333334,0.9714285714285714,1.0,0.9666666666666667,0.8333333333333334,0.0,0.0,0.0,0.0,0.0,0.0,0.0,0.0,0.0,0.0,0.0,0.0,0.0,0.0,0.0,0.0,0.0,0.0,0.0,0.0,0.9746328437917222,1.0
596272, fes, junction_596272_1_IS150_end, sv,3.60213,0.00069993,116,-1.0,1.0,102,0.9,0.285714,PASS,0.0,0.0,0.0,0.0,0.0,0.0,0.0,0.0,0.0,0.0,0.0,0.0,0.0,0.0,0.0,0.0,0.0,0.0,0.0,0.0,0.0,0.0,0.0,0.0,0.0,0.0,0.0,0.0,0.0,0.0,0.05434782608695652,0.03225806451612903,0.0,0.11392405063291139,0.3466666666666667,0.2608695652173913,0.21649484536082475,0.0,0.0,0.0,0.0,0.0,0.0,0.0,0.0,0.0,0.0,0.0,0.0,0.0,0.0,0.0,0.0,0.0,0.0,0.0,0.0,0.0,0.0,0.0,0.0,0.0,0.0,0.0,0.0,0.0,0.0,0.0,0.0,0.0,0.0,0.0,0.0,0.0,0.0,0.0,0.0,0.0,0.0,0.0,0.0,0.0,0.0,0.0,0.0,0.0,0.0,0.0,0.0,0.0,0.0,0.0,0.0,0.0,0.0,0.0,0.0,0.0,0.0,0.0,0.0,0.0,0.0,0.0,0.0,0.0,0.0,0.0,0.0,0.0,0.0,0.0,0.0,0.0,0.0,0.0,0.0,0.0,0.0,0.0,0.0,0.0,0.0,0.0,0.0,0.0,0.0,,0.0,0.0,0.0,0.0,0.0,,0.0,,0.0,0.0,0.0
597567, entF, junction_597567_1_IS150_end, sv,2.41834,9.999e-05,116,-1.0,0.857143,107,0.9,0.631579,PASS,0.0,0.0,0.0,0.0,0.0,0.0,0.0,0.0,0.0,0.0,,0.0,0.0,0.0,0.0,0.0,0.0,0.0,0.0,0.0,0.0,0.0,0.0,0.0,0.0,0.0,0.0,0.0,0.0,0.0,0.0,0.0,0.0,0.0,0.0,0.0,0.0,0.0,0.0,0.0,0.0,0.0,0.0,0.0,0.0,0.0,0.0,0.0,0.0,0.0,0.0,0.0,0.0,0.0,0.0,0.0,0.0,0.0,0.0,0.0,0.0,0.0,0.0,0.0,0.0,0.0,0.0,0.0,0.0,0.0,0.0,0.0,0.0,0.11530193798449612,0.1760355029585799,0.4131666666666667,0.5994161073825504,0.601469696969697,0.9182743801652893,0.8560539568345324,0.500910606060606,1.0,0.8951327433628319,0.973798449612403,0.9015151515151516,0.7006424242424242,0.0,0.3076162790697674,0.5571932584269662,0.31849036697247707,0.0,0.10809100817438691,0.41007493540051676,0.6673119266055045,0.351104424778761,0.1498947103274559,0.068865625,0.0625,0.10808365122615804,0.0166630756302521,0.0,0.0,0.0,0.0,0.0,0.0,0.0,0.0,0.0,0.0,0.0,0.0,0.0,0.0,0.0,0.0,0.0,0.0,0.0,0.0,0.0,0.0,0.0,0.0,0.0,0.0,0.0,,0.0,0.0,0.0,0.0,0.0,,0.0,,0.0,0.0,0.0
601096, fepE, junction_601096_1_IS150_end, sv,1.36145,9.999e-05,116,-1.0,1.0,111,0.9,0.0382166,PASS,0.0,0.0,0.0,0.0,0.0,0.0,0.0,0.0,0.0,0.0,0.0,0.0,0.0,0.0,0.0,0.0,0.0,0.0,0.0,0.0,0.0,0.0,0.0,0.0,0.0,0.0,0.0,0.0,0.0,0.0,0.0,0.0,0.0,0.0,0.0,0.0,0.0,0.0,0.0,0.0,0.0,0.0,0.0,0.0,0.0,0.0,0.1590909090909091,0.0,0.06521739130434782,0.10344827586206896,0.07407407407407407,0.12121212121212122,0.09375,0.16129032258064516,0.14705882352941177,0.18571428571428572,0.16,0.10526315789473684,0.16,0.19642857142857142,0.46296296296296297,0.4868421052631579,0.625,0.5466666666666666,0.6455696202531646,0.4791666666666667,0.6103896103896104,0.5952380952380952,0.35064935064935066,0.2857142857142857,0.2727272727272727,0.4,0.32075471698113206,0.40963855421686746,0.5714285714285714,0.6052631578947368,0.3076923076923077,0.6,0.3125,0.5238095238095238,0.6235294117647059,0.8068181818181818,0.13725490196078433,0.27586206896551724,0.7,0.9178082191780822,0.5833333333333334,0.9,0.9102564102564102,0.6867469879518072,0.3,0.0,0.0,0.0,0.0,0.0,0.0,0.0,0.0,0.0,0.0,0.0,0.0,0.0,0.0,0.0,0.0,0.0,0.0,0.0,0.0,0.0,0.0,0.0,0.0,0.0,0.0,0.0,0.0,0.0,0.0,0.0,0.0,0.0,0.0,0.0,0.0,0.0,0.0,0.0,0.0,0.0,0.0,1.0,0.0,1.0,0.0,0.0,0.0
627114, rna, MOB_627114_627115_IS150_1, sv,2.47461,9.999e-05,116,-1.0,1.0,112,0.9,0.307692,PASS,0.0,0.0,0.0,0.0,0.0,0.0,0.0,0.011325028312570783,0.0,0.0,0.0,0.0,0.0,0.0,0.0,0.0,0.0,0.0,0.0,0.0,0.0,0.0,0.0,0.0,0.0,0.0,0.0,0.0,0.0,0.0,0.00819672131147541,0.00819672131147541,0.02293577981651376,0.12367491166077738,0.2691218130311615,0.24714828897338403,0.145791915175613,0.33582089552238803,0.19120458891013384,0.10773130544993662,0.1941747572815534,0.23391812865497075,0.12109623964308476,0.10032102728731943,0.10610079575596816,0.2423112767940354,0.19047619047619047,0.08264462809917356,0.09022556390977443,0.010845986984815618,0.008620689655172414,0.01964636542239686,0.010834236186348862,0.0,0.0,0.012594458438287152,0.0,0.0,0.0,0.0,0.0,0.0,0.009250693802035153,0.0,0.0,0.0,0.0,0.0,0.0,0.0,0.0,0.0,0.008244023083264633,0.0070921985815602835,0.0,0.0,0.0,0.0,0.0,0.0,0.0,0.0,0.0,0.0,0.0,0.0,0.0,0.0,0.0,0.0,0.0,0.0,0.0,0.00473260766682442,0.0,0.0,0.0,0.0,0.0,0.0,0.0,0.0,0.0,0.0,0.0,0.010080645161290322,0.0,0.0,0.0,0.0,0.0,0.0,0.0,0.0,0.0,0.0,0.0,0.0,0.0,0.0,0.0,0.0,0.0,0.0,0.0,0.0,0.0,0.0,0.0,0.0,0.0,0.0,0.0,0.0,0.0,0.0,0.0,0.0,0.0
627115, rna, MOB_627115_627118_IS150_1, sv,1.85544,9.999e-05,116,-1.0,1.0,112,0.9,0.48,PASS,0.0,0.0,0.0,0.0,0.0,0.0,0.0,0.0,0.0,0.0,0.0,0.09090909090909091,0.0,0.0,0.0,0.0,0.0,0.0,0.0,0.0,0.0,0.0,0.0,0.0,0.0,0.0,0.0,0.0,0.0,0.0,0.0,0.0,0.0,0.0,0.0,0.0,0.0,0.0,0.0,0.0,0.0,0.0,0.006289308176100629,0.007936507936507936,0.0,0.0,0.0,0.0,0.0,0.0,0.0,0.0064516129032258064,0.0,0.0,0.0,0.0125,0.034482758620689655,0.0,0.0,0.0,0.008771929824561403,0.0070921985815602835,0.0,0.03125,0.0335195530726257,0.0,0.0,0.012578616352201259,0.13138686131386862,0.3584905660377358,0.17777777777777778,0.3125,0.319672131147541,0.1773049645390071,0.3786407766990291,0.2757009345794392,0.44047619047619047,0.5058823529411764,0.2988505747126437,0.521505376344086,0.609375,0.7956989247311828,0.06282722513089005,0.22807017543859648,0.5279503105590062,0.8701298701298701,0.6595744680851063,0.6059113300492611,0.5853658536585366,0.5161290322580645,0.15723270440251572,0.0,0.0,0.0,0.0,0.0,0.0,0.007751937984496124,0.0,0.0,0.0,0.0,0.0,0.0,0.0,0.0,0.0,0.0,0.0,0.0,0.0,0.0,0.0,0.0,0.0,0.0,0.0,0.0,0.0,0.0,0.0,0.0,0.0,0.0,0.0,0.0,0.0,0.0,0.0,0.0,0.0,0.0,0.0,0.0,0.0,0.0,0.0,0.0,0.0
628696, citG, junction_628696_1_IS150_start, sv,3.63541,0.00019998,116,-1.0,1.0,112,0.9,0.631579,PASS,0.0,0.0,0.0,0.0,0.0,0.0,0.0,0.0,0.0,0.0,0.0,0.0,0.0,0.0,0.0,0.0,0.0,0.0,0.0,0.0,0.0,0.0,0.0,0.0,0.0,0.0,0.0,0.0,0.0,0.0,0.0,0.0,0.0,0.0,0.0,0.0,0.0,0.0,0.0,0.0,0.0,0.0,0.0,0.0,0.0,0.0,0.0,0.0,0.0,0.0,0.0,0.0,0.0,0.0,0.0,0.0,0.0,0.0,0.0,0.0,0.0,0.0,0.0,0.0,0.0,0.0,0.0,0.0,0.0,0.0,0.0,0.0,0.0,0.0,0.0,0.0,0.0,0.0,0.0,0.0,0.0,0.0,0.0,0.0,0.017241379310344827,0.16129032258064516,0.06976744186046512,0.13333333333333333,0.2876712328767123,0.34523809523809523,0.05084745762711865,0.0,0.0,0.0,0.0,0.0,0.0,0.0,0.0,0.0,0.0,0.0,0.0,0.0,0.0,0.0,0.0,0.0,0.0,0.0,0.0,0.0,0.0,0.0,0.0,0.0,0.0,0.0,0.0,0.0,0.0,0.0,0.0,0.0,0.0,0.0,0.0,0.0,0.0,0.0,0.0,0.0,0.0,0.0,0.0,0.0,0.0,0.0,0.0
651703, ybeB, indel;+GA;-1;+G;+GG, indel,1.35301,9.999e-05,115,-1.0,1.0,116,1.09387,1.0,PASS,0.0,0.0,0.0,0.0,0.0,0.0,0.0,0.011627906976744186,0.006802721088435374,0.0,0.0,0.0,0.0,0.012345679012345678,0.0,0.0,0.0,0.0,0.0,0.0,0.0,0.0,0.0,0.0,0.0,0.0,0.0,0.0,0.0,0.0,0.0,0.0,0.0,0.0,0.015873015873015872,0.0,0.005813953488372093,0.0,0.0,0.0,0.0,0.0,0.005208333333333333,0.0,0.008620689655172414,0.0,0.0,0.0,0.0,0.0,0.0,0.0,0.0,0.0,0.07801418439716312,0.007042253521126761,0.0,0.0,0.0,0.006211180124223602,0.0,0.0,0.0,0.0,0.0,0.06896551724137931,0.11666666666666667,0.045454545454545456,0.041916167664670656,0.027649769585253458,0.10843373493975904,0.052941176470588235,0.047337278106508875,0.12290502793296089,0.05389221556886228,0.10714285714285714,0.2926829268292683,0.2361111111111111,0.2962962962962963,0.20418848167539266,0.13513513513513514,0.029585798816568046,0.07643312101910828,0.07339449541284404,0.21678321678321677,0.08029197080291971,0.14285714285714285,0.09090909090909091,0.10096153846153846,0.18181818181818182,0.13043478260869565,0.0,0.0,0.0,0.0,0.010101010101010102,0.015384615384615385,0.0,0.0,0.004524886877828055,0.0,0.02358490566037736,0.02631578947368421,0.08,0.0845771144278607,0.08256880733944955,0.020202020202020204,0.07111111111111111,0.1572052401746725,0.009708737864077669,0.04519774011299435,0.017543859649122806,0.013513513513513514,0.0,0.0,0.018018018018018018,0.0,0.0,0.0,0.0,0.0,0.0,0.0,0.0,0.0,0.0,0.0,0.0,0.0,0.0,0.0,0.0,0.0,0.0,0.0,0.0,0.0,0.0,0.0
651703, ybeB, MOB_651703_651704_IS150_-1, sv,0.990748,9.999e-05,115,-1.0,1.0,116,1.22121,1.0,PASS,0.0,0.0,0.6319536423841059,0.9912398921832885,0.9998174706649283,1.0,1.0,0.9293467455621301,1.0,1.0,1.0,1.0,1.0,1.0,1.0,1.0,1.0,1.0,0.9318730627306273,1.0,1.0,1.0,1.0,1.0,1.0,1.0,1.0,1.0,0.9845340729001585,1.0,1.0,1.0,1.0,1.0,1.0,1.0,1.0,1.0,1.0,1.0,1.0,1.0,1.0,1.0,1.0,1.0,1.0,1.0,1.0,1.0,1.0,1.0,1.0,1.0,1.0,1.0,1.0,1.0,1.0,1.0,1.0,1.0,1.0,1.0,1.0,1.0,0.9997423771001868,1.0,1.0,1.0,0.9996494252873563,1.0,1.0,0.9999447131997237,0.9997832267235253,0.999974784339748,1.0,1.0,1.0,1.0000511440107671,1.0,1.0,1.0,1.0,0.9999716520039101,0.9997164328657314,1.0,1.0,1.0,1.0,1.0,1.0,1.0,1.0,1.0,1.0,1.0,1.0,1.0,1.0,1.0,1.0,1.0,1.0,1.0,1.0,1.0,1.0,1.0,1.0,1.0,1.0,1.0,1.0,1.0,1.0,1.0,0.0,0.0,0.0,0.0,0.0,0.0,0.0,1.0,1.0,1.0,1.0,1.0,1.0,1.0,1.0,1.0,1.0,1.0,1.0,1.0,0.9898376021798365,1.0
651820, intergenic, junction_651820_1_IS150_end, sv,2.0031,9.999e-05,116,-1.0,0.923077,112,0.9,0.545455,PASS,0.0,0.0,0.0,0.0,0.0,0.0,0.0,0.0,0.0,0.0,,0.0,0.0,0.0,0.0,0.0,0.0,0.0,0.0,0.0,0.0,0.0,0.0,0.0,0.0,0.0,0.0,0.0,0.0,0.0,0.0,0.0,0.0,0.0,0.0,0.0,0.0,0.0,0.0,0.0,0.0,0.0,0.0,0.0,0.0,0.0,0.0,0.0,0.0,0.0,0.0,0.0,0.0,0.0,0.0,0.0,0.0,0.0,0.0,0.0,0.0,0.0,0.0,0.0,0.0,0.0,0.0,0.0,0.0,0.0,0.0,0.0,0.0,0.026566666666666666,0.09363030303030305,0.3437432762836186,0.4302142857142857,0.5405092307692307,0.8623174846625767,0.5833033472803348,0.38795454545454544,0.16327073170731707,0.8707878228782288,0.9014812967581047,0.5316274509803921,0.21373738601823708,0.05609944134078213,0.0,0.07329306569343066,0.11702587412587413,0.0,0.243219723183391,0.3710739130434783,0.542204,0.2907149220489978,0.08065180722891567,0.0287730659025788,0.21140736842105265,0.301255,0.0,0.0,0.0,0.0,0.0,0.0,0.0,0.0,0.0,0.0,0.0,0.0,0.0,0.0,0.0,0.0,0.0,0.0,0.0,0.0,0.0,0.0,0.0,0.0,0.0,0.0,0.0,0.0,0.0,0.0,0.0,0.0,0.0,0.0,0.0,0.0,0.0,0.0,0.0,0.0
664681, intergenic, junction_664681_-1_IS150_start, sv,1.06671,0.013831,116,-1.0,0.75,116,0.9,0.631579,PASS,0.014940715630885122,0.0,0.0,0.0,0.017010120068610635,0.0,0.0,0.04226173184357542,0.03033969387755102,0.0,0.0,0.061724922118380064,0.0,0.0,0.0,0.0,0.01761188277087034,0.0,0.007606711915535446,0.010141359918200409,0.030880218068535824,0.0,0.0,0.0,0.0,0.02973257621040048,0.0,0.0,0.0094246465598492,0.010575234541577825,0.0318225139220366,0.012217007389162562,0.014118205128205129,0.0,0.0,0.0,0.0,0.0,0.0,0.0,0.018145094509450944,0.05349847677075399,0.1336303475935829,0.02794060984060984,0.05130343053173242,0.0,0.0,0.021092106382978724,0.0,0.024721421446384038,0.04106878850102669,0.0,0.018268084714548802,0.021847797356828194,0.01512603150787697,0.008903877917414722,0.009814386138613861,0.011423375576036867,0.0,0.0,0.014390087082728592,0.0,0.0,0.011040946547884189,0.010397190775681341,0.0,0.00884885816235504,0.0,0.012019636363636363,0.04451642728904847,0.0,0.0,0.0,0.009905584415584416,0.0,0.009807606330365974,0.0,0.0,0.0,0.0,0.0,0.0,0.0,0.0,0.0,0.009472782026768644,0.022333783783783784,0.0,0.0,0.0,0.0,0.0,0.0,0.00857238547968885,0.0,0.0,0.011918509615384614,0.014392162554426704,0.0,0.005835220718069452,0.010285010373443983,0.00596231046931408,0.0,0.0,0.0,0.008498354755784062,0.0,0.004836455387615797,0.010704371289800323,0.012020896426408238,0.007337433431952664,0.0,0.0,0.016382544052863438,0.0,0.0,0.0,0.0,0.14172166172106823,0.0,0.1231718954248366,0.11318928571428571,0.05762375757575757,0.044414153132250576,,0.07183666666666667,1.0,0.03237976271186441,0.07181992481203008,0.08853155190133608,0.11782765151515152,0.05800747474747475,0.05252994475138121,0.23731739130434779,0.1965440329218107,0.0,0.0,0.02712841225626741,0.016227931034482758
664684, intergenic, indel;-1;+T, indel,2.16296,9.999e-05,116,-1.0,0.571429,116,0.9,0.75,PASS,0.0,0.0,0.0,0.0,0.0,0.011764705882352941,0.018518518518518517,0.0273972602739726,0.009174311926605505,0.0,0.0,0.0,0.0,0.0,0.0,0.125,0.0,0.0,0.006578947368421052,0.022727272727272728,0.020618556701030927,0.0,0.0,0.0,0.016,0.0,0.015625,0.0,0.01834862385321101,0.0,0.0072992700729927005,0.030303030303030304,0.10619469026548672,0.1411764705882353,0.06557377049180328,0.08,0.0546875,0.125,0.0,0.0,0.0,0.006535947712418301,0.0,0.018072289156626505,0.022988505747126436,0.016260162601626018,0.0,0.0,0.0,0.0,0.0,0.0,0.0,0.0,0.0,0.0,0.008695652173913044,0.0,0.0,0.021739130434782608,0.0,0.00819672131147541,0.023529411764705882,0.017241379310344827,0.02564102564102564,0.011235955056179775,0.0,0.006622516556291391,0.0,0.0,0.0,0.0,0.0,0.00847457627118644,0.0,0.007936507936507936,0.0,0.0,0.014705882352941176,0.0,0.0,0.0,0.009615384615384616,0.0,0.0,0.0,0.0,0.0,0.0,0.0,0.0,0.0,0.0,0.0,0.0,0.0,0.0,0.0,0.0,0.0,0.0,0.0,0.0,0.0,0.0,0.0,0.0,0.0,0.0,0.0,0.0,0.0,0.0,0.005208333333333333,0.0,0.0,0.0,0.0,0.0,0.0,0.0,0.0,0.0,0.0,0.0,0.0,,0.0,0.0,0.0,0.0,0.0,0.0,0.0,0.0,0.0,0.0,0.0,0.0
670103, ECB_00624, MOB_670103_670106_IS150_-1, sv,1.92238,9.999e-05,116,-1.0,0.11215,112,0.9,0.315789,PASS,0.0,0.0,0.0,0.0,0.0,0.0,0.0,0.0,0.0,0.0,0.0,0.0,0.13337728285077952,0.07008222915042868,0.05304175531914893,0.055632506963788304,0.06694560669456066,0.09760798045602606,0.013175230566534914,0.08384725950782997,0.03012170854271357,0.0,0.0,0.0,0.0,0.005190832899531495,0.0,0.0,0.0,0.0,0.0,0.0,0.0,0.0,0.0,0.0,0.0,0.0,0.0,0.0,0.0,0.0,0.0,0.0,0.0,0.0,0.0,0.0,0.0,0.0,0.0,0.0,0.0,0.0,0.0,0.0,0.0,0.0,0.0,0.0,0.0,0.01532720644666155,0.09827688114387846,0.11183519900497511,0.10434564893088016,0.0508858688733291,0.17714758025874464,0.3400602053915276,0.15006696696696695,0.17011858325666973,0.1494070462633452,0.14254223454833598,0.09210952172005266,0.10622747342600163,0.08968213572854292,0.11728930202217873,0.07502564377682404,0.025252525252525252,0.009995002498750625,0.037587499999999996,0.03287695473251029,0.027051397655545536,0.0,0.0,0.0,0.00949667616334283,0.0,0.0,0.0,0.0,0.0,0.0,0.0,0.0,0.00802976650563607,0.0,0.0,0.0,0.0,0.0,0.0,0.0,0.0,0.0,0.0,0.0,0.0,0.0,0.0,0.0,0.0,0.0,0.0,0.0,0.0,0.0,0.0,0.0,0.0,0.0,0.0,0.0,0.0,0.0,0.0,0.0,0.0,0.0,0.0,0.0,0.0,0.0,0.0,0.0,0.0,0.0,1.0,0.0,0.0
670214, ECB_00624, indel;+A;-1;+AA, indel,0.770162,0.00069993,116,-1.0,0.375,113,0.9,0.461538,PASS,0.0,0.04081632653061224,0.0,0.030303030303030304,0.0,0.0,0.05714285714285714,0.0,0.039603960396039604,0.0,,0.0,0.0,0.0,0.0,0.0,0.010869565217391304,0.02564102564102564,0.02040816326530612,0.0,0.01282051282051282,0.0,0.0,0.0,0.0,0.0,0.01694915254237288,0.0,0.007194244604316547,0.0,0.0,0.0449438202247191,0.014084507042253521,0.0,0.0,0.09523809523809523,0.019417475728155338,0.15384615384615385,0.0,0.019801980198019802,0.0,0.015037593984962405,0.0392156862745098,0.024390243902439025,0.0,0.0,0.0,0.0,0.02564102564102564,0.0,0.016129032258064516,0.0,0.023809523809523808,0.0273972602739726,0.0,0.0,0.02702702702702703,0.0625,0.013513513513513514,0.0,0.04225352112676056,0.07575757575757576,0.1,0.07608695652173914,0.032,0.075,0.08527131782945736,0.14772727272727273,0.07317073170731707,0.04032258064516129,0.05063291139240506,0.0,0.017241379310344827,0.0,0.058823529411764705,0.014492753623188406,0.014492753623188406,0.0,0.0,0.020833333333333332,0.009433962264150943,0.03225806451612903,0.0,0.014705882352941176,0.02702702702702703,0.0,0.012658227848101266,0.03225806451612903,0.04032258064516129,0.008403361344537815,0.0,0.0,0.0,0.050505050505050504,0.02197802197802198,0.02666666666666667,0.028169014084507043,0.02564102564102564,0.009174311926605505,0.05161290322580645,0.00819672131147541,0.023255813953488372,0.07142857142857142,0.0,0.022727272727272728,0.011904761904761904,0.0,0.02040816326530612,0.01639344262295082,0.008620689655172414,0.028985507246376812,0.043478260869565216,0.0,0.0070921985815602835,0.0,0.01098901098901099,0.0,0.0,0.0,0.0,0.0,0.0,0.0,0.021739130434782608,0.0,0.0,0.0,0.0,0.0,0.0,0.0,0.0,0.0,0.0,0.0,0.03571428571428571,0.0,0.0,0.0
697676, ybfP, indel;A;C;-1;G, indel,2.2175,9.999e-05,116,-1.0,0.857143,115,0.9,0.923077,PASS,0.0,0.017241379310344827,0.02702702702702703,0.009708737864077669,0.0,0.0,0.0,0.0,0.0,0.0,,0.0,0.0,0.0,0.0,0.0,0.0,0.0,0.0,0.0,0.0,0.0,0.0,0.0,0.0,0.0,0.0,0.0,0.0,0.0,0.0,0.0,0.0,0.015151515151515152,0.0,0.0,0.0,0.0,0.0,0.0,0.0,0.0,0.0,0.0,0.0,0.0,0.0,0.0,0.0,0.0,0.0,0.0,0.0,0.0,0.0375,0.0,0.0,0.0,0.0,0.0,0.0,0.01098901098901099,0.0,0.0,0.0,0.0,0.0,0.0,0.011363636363636364,0.0,0.0,0.0,0.0,0.011904761904761904,0.0,0.0,0.0,0.0,0.0,0.0,0.0,0.015873015873015872,0.0,0.0,0.0,0.0,0.0,0.0,0.012987012987012988,0.0,0.0,0.0,0.0,0.013513513513513514,0.0,0.0,0.0,0.0,0.0,0.06870229007633588,0.2,0.3140495867768595,0.36363636363636365,0.07142857142857142,0.2777777777777778,0.3577981651376147,0.618421052631579,0.6415094339622641,0.6225165562913907,0.782608695652174,0.5308641975308642,0.868421052631579,0.8956521739130435,0.7297297297297297,0.5,0.6515151515151515,0.3333333333333333,0.0,0.0136986301369863,0.0,0.0,0.0,0.0,0.0,0.0,0.0,0.018867924528301886,0.0,0.0,0.0,0.0,0.0,0.0,0.0,0.02127659574468085,0.0,0.0,0.0,0.0
735660, intergenic, T->A, noncoding,1.43767,9.999e-05,113,-1.0,0.272727,112,0.9,0.387097,PASS,0.0,0.0,0.0,0.0,0.0,0.0,0.0,0.0,0.0,0.0,,0.0,0.0,0.0,0.0,0.0,0.0,0.0,0.0,0.0,0.0,0.0,0.0,0.0,0.0,0.0,0.0,0.0,0.0,0.0,0.0,0.0,0.0,0.0,0.0,0.0,0.0,0.0,0.0,0.0,0.0,0.0,0.0,0.0,0.0,0.0,0.0,0.0,0.0,0.0,0.0,0.0,0.0,0.0,0.010101010101010102,0.0,0.0,0.0,0.0,0.0,0.0,0.0,0.0,0.0,0.0,0.0,0.0,0.0,0.009615384615384616,0.08695652173913043,0.12962962962962962,0.2987012987012987,0.37623762376237624,0.09917355371900827,0.23776223776223776,0.20121951219512196,0.22535211267605634,0.027777777777777776,0.03731343283582089,0.0873015873015873,0.08333333333333333,0.05357142857142857,0.12142857142857143,0.039603960396039604,0.03546099290780142,0.09090909090909091,0.4111111111111111,0.11811023622047244,0.02877697841726619,0.25190839694656486,0.6853932584269663,0.8615384615384616,0.7007874015748031,0.5172413793103449,0.7440476190476191,0.9405940594059405,0.9736842105263158,0.9042553191489362,0.9404761904761905,0.9733333333333334,1.0,0.9905660377358491,1.0,0.9666666666666667,1.0,1.0,1.0,1.0,1.0,1.0,1.0,0.9523809523809523,1.0,0.9901960784313726,1.0,1.0,1.0,0.0,0.0,0.0,0.0,0.0,0.0,0.0,0.0,0.0,0.0,0.0,0.0,0.0,0.0,0.0,0.0,0.0,0.0,0.0,0.0,1.0,0.9459459459459459
738510, sdhB, junction_738510_1_739717_-1, sv,2.13338,9.999e-05,116,-1.0,0.0447761,116,0.9,0.428571,PASS,0.0,0.0,0.0,0.0,0.0,0.0,0.0,0.0,0.0,0.0,0.0,0.0,0.0,0.0,0.0,0.0,0.0,0.0,0.0,0.0,0.0,0.0,0.0,0.0,0.0,0.0,0.0,0.0,0.0,0.0,0.0,0.0,0.0,0.0,0.0,0.0,0.0,0.0,0.0,0.0,0.0,0.0,0.0,0.0,0.0,0.0,0.0,0.0,0.0,0.0,0.0,0.0,0.0,0.0,0.0,0.0,0.0,0.0,0.0,0.0,0.0,0.0,0.0,0.0,0.0,0.0,0.0,0.0,0.0,0.0,0.0,0.0,0.0,0.0,0.0,0.10914051841746249,0.14790468364831552,0.1870748299319728,0.31143552311435524,0.1543026706231454,0.11887072808320952,0.02867383512544803,0.39430449069003287,0.33112582781456956,0.16467065868263472,0.038880248833592534,0.02089864158829676,0.0066844919786096255,0.00946521533364884,0.04032258064516129,0.0,0.060790273556231005,0.12224938875305623,0.24113475177304963,0.13157894736842105,0.015444015444015444,0.024875621890547265,0.03460207612456748,0.04646840148698885,0.019984012789768187,0.0,0.0,0.0,0.0,0.0,0.0,0.0,0.0,0.0,0.0,0.0,0.0,0.0,0.0,0.0,0.0,0.0,0.0,0.0,0.0,0.0,0.0,0.0,0.0,0.0,0.0,0.0,0.0,0.0,0.0,0.0,0.0,0.0,0.0,0.0,0.0,0.0,0.0,0.0
796328, ECB_00737, indel;-2;-1;T;G;+T, indel,0.91431,9.999e-05,116,-1.0,0.923077,105,0.9,0.0394737,PASS,0.008928571428571428,0.0,0.0,0.0,0.06896551724137931,0.0,0.0,0.0,0.0,0.0,0.0,0.0,0.045454545454545456,0.05263157894736842,0.0,0.0,0.17647058823529413,0.13043478260869565,0.6521739130434783,0.7142857142857143,0.7,0.875,0.7368421052631579,0.9,0.9206349206349206,0.9337016574585635,0.8688524590163934,0.6666666666666666,0.8529411764705882,0.9411764705882353,0.8709677419354839,0.8135593220338984,0.9285714285714286,0.7878787878787878,0.7037037037037037,0.6923076923076923,0.8108108108108109,0.6,1.0,0.9076923076923077,0.9611650485436893,0.9743589743589743,0.9753086419753086,0.96,0.9285714285714286,0.9787234042553191,0.90625,0.9629629629629629,0.9803921568627451,0.9615384615384616,0.9782608695652174,1.0,1.0,1.0,0.9516129032258065,1.0,0.9782608695652174,0.9333333333333333,1.0,1.0,1.0,0.9696969696969697,0.9375,0.9759036144578314,0.9878048780487805,1.0,0.967741935483871,1.0,0.9682539682539683,0.9609375,1.0,0.9791666666666666,1.0,1.0,1.0,0.91,0.975609756097561,1.0,0.9473684210526315,0.9745762711864406,0.9767441860465116,0.9550561797752809,1.0,0.9787234042553191,0.9682539682539683,0.9649122807017544,1.0,0.9836065573770492,1.0,1.0,0.9848484848484849,1.0,0.9863013698630136,0.984375,0.9888888888888889,0.9761904761904762,1.0,0.9565217391304348,1.0,0.9711538461538461,0.9811320754716981,0.9647058823529412,0.9230769230769231,0.9,0.96875,0.9774436090225563,0.967741935483871,0.9818181818181818,0.9246575342465754,0.9358974358974359,0.9076923076923077,1.0,0.9494949494949495,0.9805825242718447,1.0,0.9642857142857143,1.0,0.0,0.0,0.0,0.0,0.0,0.0,0.0,0.0,0.0,0.0,0.6206896551724138,0.0,0.4722222222222222,0.7674418604651163,0.76,0.7307692307692307,0.64,0.6296296296296297,0.5416666666666666,0.6,0.7235772357723578,0.9642857142857143
801965, bioA, indel;+C;A;+A;C;-1;T, indel,2.84144,9.999e-05,116,-1.0,0.0348837,113,0.9,0.181818,PASS,0.0,0.0,0.0425531914893617,0.0,0.0,0.0,0.0,0.0,0.0,0.0,0.0,0.0,0.0,0.0625,0.0,0.0,0.0,0.0,0.0,0.0,0.0,0.0,0.0,0.0,0.0,0.0,0.0,0.0,0.0,0.0,0.0,0.0,0.0,0.0,0.0,0.0,0.0,0.0,0.0,0.0,0.0,0.0,0.0,0.0,0.0,0.0,0.0,0.0,0.0,0.0,0.0,0.075,0.0,0.0,0.0641025641025641,0.0,0.0,0.0,0.0,0.0,0.0,0.0,0.0,0.0,0.0,0.0,0.0,0.0,0.0,0.0136986301369863,0.0,0.0,0.0,0.041666666666666664,0.0,0.0,0.0,0.0,0.0,0.0,0.0,0.0,0.017543859649122806,0.0,0.0,0.0,0.0,0.0,0.0,0.0,0.0,0.0,0.0,0.0,0.0,0.0,0.0,0.03225806451612903,0.0,0.0,0.0,0.025,0.0,0.0,0.0,0.01694915254237288,0.05970149253731343,0.030612244897959183,0.05263157894736842,0.7317073170731707,0.37662337662337664,0.48148148148148145,0.8260869565217391,0.6565656565656566,0.0,0.6491228070175439,0.75,0.0,0.0,0.0,0.0,0.0,0.0,0.0,0.0,0.0,0.0,0.0,0.0,0.0,0.0,0.0,0.0,0.0,0.0,0.0,0.0,0.0,0.0
823528, rhlE, MOB_823528_823530_IS150_1, sv,3.80745,9.999e-05,116,-2.72498,0.00711322,113,0.9,0.75,PASS,0.0,0.0,0.0,0.0,0.0,0.0,0.0,0.0,0.0,0.0,0.0,0.0,0.0,0.0,0.0,0.0,0.0,0.0,0.0,0.0,0.0,0.0,0.0,0.0,0.0,0.0,0.0,0.0,0.0,0.0,0.0,0.0,0.0,0.0,0.0,0.0,0.0,0.0,0.0,0.0,0.0,0.0,0.0,0.0,0.0,0.0,0.0,0.0,0.0,0.0,0.0,0.0,0.0,0.0,0.0,0.0,0.0,0.0,0.0,0.0,0.0,0.0,0.0,0.008403361344537815,0.046632124352331605,0.0,0.010101010101010102,0.05806451612903226,0.17218543046357615,0.18055555555555555,0.07142857142857142,0.015625,0.027777777777777776,0.0,0.0,0.0,0.0,0.0,0.0,0.0,0.0,0.0,0.0,0.0,0.0,0.0,0.0,0.0,0.0,0.0,0.0,0.0,0.0,0.0,0.0,0.0,0.0,0.0,0.0,0.0,0.0,0.0,0.0,0.0,0.0,0.0,0.0,0.0,0.0,0.0,0.0,0.0,0.0,0.0,0.0,0.0,0.0,0.0,0.0,0.0,0.0,0.0,0.0,0.0,0.0,0.0,0.0,0.0,0.0,0.0,0.0,0.0,0.0,0.0,0.0,0.0,0.0,0.0,0.0
831855, ybiX, MOB_831855_831860_IS186_-1, sv,2.7267,0.00029997,116,-1.0,0.413793,115,0.9,0.206897,PASS,0.0,0.0,0.0,0.0,0.0,0.0,0.0,0.0,0.0,0.0,0.0,0.0,0.0,0.0,0.0,0.0,0.0,0.028169014084507043,0.011627906976744186,0.0,0.0,0.0,0.0,0.0,0.0,0.0,0.0,0.0,0.023255813953488372,0.0,0.0,0.0,0.0,0.0,0.0,0.0,0.0,0.1111111111111111,0.0,0.0,0.0,0.022058823529411766,0.09941520467836257,0.23243243243243245,0.19480519480519481,0.18421052631578946,0.008064516129032258,0.03389830508474576,0.0,0.0,0.0,0.0,0.0,0.0196078431372549,0.0,0.006493506493506494,0.0,0.0,0.017543859649122806,0.011111111111111112,0.0,0.0072992700729927005,0.0,0.0,0.00980392156862745,0.0,0.012195121951219513,0.0,0.011627906976744186,0.0,0.0,0.0,0.014705882352941176,0.013888888888888888,0.0,0.0,0.0,0.0,0.0,0.0,0.0,0.0,0.0,0.0,0.0,0.012048192771084338,0.02040816326530612,0.0,0.0,0.02631578947368421,0.016666666666666666,0.0,0.0,0.0,0.007751937984496124,0.0,0.0,0.023255813953488372,0.0,0.0,0.0,0.0,0.0,0.0,0.0,0.018404907975460124,0.023255813953488372,0.0,0.011904761904761904,0.0,0.0,0.0,0.004694835680751174,0.0,0.0,0.0,0.0,0.0,0.0,0.0,0.0,0.0,0.0,0.0,0.0,0.0,0.0,0.0,0.0,0.0,0.0,0.0,0.05,0.034482758620689655,0.0,0.0,0.0,0.0,0.0
833344, ybiL, MOB_833344_833346_IS150_1, sv,2.98988,0.00019998,116,-1.0,0.48,115,0.9,0.307692,PASS,0.0,0.0,0.0,0.0,0.0,0.0,0.027777777777777776,0.0,0.0,0.0,0.0,0.0,0.0,0.0,0.0,0.0,0.0,0.0,0.01020408163265306,0.0,0.0,0.0,0.0,0.0,0.0,0.0,0.0,0.0,0.011363636363636364,0.0,0.0,0.0,0.0,0.0,0.014285714285714285,0.0,0.0,0.0,0.0,0.01020408163265306,0.0,0.0,0.0,0.0,0.0,0.0,0.0,0.0,0.0,0.0,0.0,0.0,0.0,0.0,0.014492753623188406,0.0,0.018867924528301886,0.08235294117647059,0.01639344262295082,0.030612244897959183,0.08333333333333333,0.1623931623931624,0.12941176470588237,0.0425531914893617,0.05785123966942149,0.0,0.0,0.0,0.0,0.0,0.0,0.0,0.0,0.0,0.0,0.0,0.0,0.0,0.0,0.0,0.0,0.0,0.0,0.0,0.0,0.0,0.0,0.0,0.0,0.0,0.0,0.0,0.010526315789473684,0.0,0.0,0.0,0.0,0.0,0.0,0.0,0.0,0.0,0.0,0.0,0.0,0.0,0.0,0.0,0.0,0.0,0.0,0.0,0.0,0.0,0.0,0.0,0.0,0.0,0.0,0.0,0.0,0.0,0.0,0.0,0.0,0.0,0.0,0.0,0.0,0.0,0.0,0.0,0.02127659574468085,0.0,0.0,0.0,0.0,0.0,0.0
837967, ybiO, indel;-2;-1;+T, indel,1.70436,9.999e-05,116,-1.0,0.0731707,115,0.9,0.117647,PASS,0.008928571428571428,0.019230769230769232,0.03225806451612903,0.0,0.0,0.0,0.0,0.02702702702702703,0.029850746268656716,0.0,0.0,0.0,0.0,0.0,0.0,0.0,0.022727272727272728,0.0,0.014492753623188406,0.0,0.0,0.0,0.05,0.0,0.03225806451612903,0.0,0.0,0.0,0.0,0.0,0.03225806451612903,0.0,0.031746031746031744,0.016666666666666666,0.015625,0.0,0.0,0.0,0.0,0.01818181818181818,0.0,0.0,0.008928571428571428,0.0,0.047619047619047616,0.021739130434782608,0.0,0.034482758620689655,0.02702702702702703,0.037037037037037035,0.029411764705882353,0.030303030303030304,0.0,0.017543859649122806,0.024390243902439025,0.0,0.015384615384615385,0.0,0.027777777777777776,0.02857142857142857,0.0,0.0,0.022222222222222223,0.028169014084507043,0.0,0.0,0.0,0.0,0.0,0.010752688172043012,0.0,0.0,0.034482758620689655,0.0,0.0,0.018518518518518517,0.0,0.0,0.0,0.0,0.0,0.047619047619047616,0.014925373134328358,0.020833333333333332,0.0,0.15492957746478872,0.18181818181818182,0.16666666666666666,0.2,0.1643835616438356,0.10975609756097561,0.021739130434782608,0.05263157894736842,0.0,0.014492753623188406,0.0,0.0,0.045454545454545456,0.0,0.022988505747126436,0.011627906976744186,0.020618556701030927,0.0,0.0,0.0,0.0,0.0,0.03773584905660377,0.0,0.02857142857142857,0.0,0.0,0.0,0.00980392156862745,0.0,0.015625,0.0,0.0,0.0,0.0,0.0,0.03225806451612903,0.0,0.0,0.0,0.0,0.0,0.0,0.0,0.0,0.021739130434782608,0.02040816326530612,0.0,0.0,0.0,0.0,0.0,0.008333333333333333,0.020833333333333332
853758, ybiW, MOB_853758_853760_IS150_-1, sv,2.55842,0.00029997,116,-1.0,0.115385,115,0.9,0.0474308,PASS,0.0,0.0,0.0,0.0,0.0,0.0,0.0,0.0,0.0,0.0,0.0,0.0,0.0,0.0,0.0,0.0,0.0,0.0,0.0,0.0,0.0,0.0,0.0,0.0,0.0,0.0,0.0,0.0,0.0,0.0,0.0,0.0,0.0,0.0,0.0,0.0,0.0,0.0,0.0,0.0,0.0,0.0,0.0,0.0,0.0,0.0,0.0,0.0,0.0,0.0,0.0,0.0,0.0,0.0,0.0,0.0,0.0,0.0,0.0,0.0,0.0,0.0,0.0,0.0,0.0,0.0,0.0,0.0,0.0,0.0,0.0,0.0,0.0,0.0,0.021739130434782608,0.0,0.03636363636363636,0.06818181818181818,0.04395604395604396,0.11764705882352941,0.13636363636363635,0.1276595744680851,0.0,0.0,0.14634146341463414,0.03125,0.06521739130434782,0.1414141414141414,0.1981981981981982,0.06338028169014084,0.07272727272727272,0.0,0.0,0.0,0.0,0.0,0.0,0.0,0.0,0.0,0.0,0.0,0.0,0.0,0.0,0.0,0.0,0.0,0.0,0.0,0.0,0.0,0.0,0.0,0.0,0.0,0.0,0.0,0.0,0.0,0.0,0.0,0.0,0.0,0.0,0.0,0.0,0.0,0.0,0.0,0.0,0.0,0.0,0.0,0.0,0.0,0.0,0.0,0.0
853812, ybiW, junction_853812_1_IS150_end, sv,3.46065,9.999e-05,116,-1.0,0.046332,115,0.9,0.1875,PASS,0.0,0.0,0.0,0.0,0.0,0.0,0.0,0.0,0.0,0.0,0.0,0.0,0.0,0.0,0.0,0.0,0.0,0.0,0.0,0.0,0.0,0.0,0.0,0.0,0.0,0.0,0.0,0.0,0.0,0.0,0.0,0.0,0.0,0.0,0.0,0.0,0.0,0.0,0.0,0.0,0.0,0.0,0.0,0.0,0.0,0.0,0.0,0.0,0.0,0.0,0.0,0.0,0.0,0.0,0.0,0.0,0.0,0.0,0.0,0.0,0.0,0.0,0.0,0.0,0.0,0.0,0.0,0.0,0.0,0.0,0.0,0.0,0.0,0.0,0.0,0.0,0.0,0.0,0.0,0.0,0.0,0.0,0.0,0.043478260869565216,0.03571428571428571,0.03333333333333333,0.2,0.3076923076923077,0.2923076923076923,0.18666666666666668,0.23333333333333334,0.0,0.0,0.0,0.0,0.0,0.0,0.0,0.0,0.0,0.0,0.0,0.0,0.0,0.0,0.0,0.0,0.0,0.0,0.0,0.0,0.0,0.0,0.0,0.0,0.0,0.0,0.0,0.0,0.0,0.0,0.0,0.0,0.0,0.0,0.0,0.0,0.0,0.0,0.0,0.0,0.0,0.0,0.0,0.0,0.0,0.0,0.0,0.0
860324, yliA, C->T, missense,2.12615,9.999e-05,116,-1.14614,0.00947867,115,0.9,0.923077,PASS,0.0,0.0,0.0,0.0,0.0,0.0,0.0,0.0,0.0,0.0,0.0,0.0,0.0,0.0,0.03571428571428571,0.0,0.0,0.0,0.0,0.009259259259259259,0.0,0.0,0.012658227848101266,0.0,0.0,0.0,0.0,0.0,0.0,0.0,0.06666666666666667,0.0875,0.18666666666666668,0.09722222222222222,0.12087912087912088,0.07142857142857142,0.09649122807017543,0.35714285714285715,0.21739130434782608,0.1,0.11570247933884298,0.13286713286713286,0.07627118644067797,0.07563025210084033,0.046153846153846156,0.22666666666666666,0.1267605633802817,0.10638297872340426,0.04878048780487805,0.0,0.0,0.0,0.045454545454545456,0.0,0.009433962264150943,0.0,0.0,0.0,0.0,0.0,0.0,0.0,0.0,0.0,0.0,0.0,0.0,0.0,0.0,0.0,0.0,0.0,0.0,0.0,0.0,0.0,0.0,0.0,0.0,0.0,0.0,0.0,0.0,0.0,0.0,0.0,0.0,0.0,0.0,0.0,0.0,0.0,0.0,0.0,0.011764705882352941,0.0,0.0,0.0,0.010416666666666666,0.0,0.0,0.0,0.0,0.0,0.0,0.0,0.0,0.0,0.0,0.0,0.0,0.0,0.0,0.0,0.0,0.0,0.0,0.0,0.0,0.0,0.0,0.0,0.0,0.0,0.0,0.0,0.0,0.0,0.0,0.0,0.0,0.0,0.0,0.0,0.0,0.0,0.0,0.0,0.0
875094, deoR, G->C, missense,1.24653,0.00019998,116,-1.0,0.166667,115,0.9,0.190476,PASS,0.0,0.0,0.0,0.0,0.0,0.0,0.0,0.0,0.0,0.0,0.0,0.0,0.0,0.0,0.0,0.0,0.0,0.0,0.0,0.0,0.0,0.0,0.0,0.0,0.0,0.0,0.0,0.0,0.0,0.0,0.0,0.0,0.0,0.0,0.0,0.0,0.0,0.0,0.0,0.013888888888888888,0.0,0.0,0.0,0.0,0.0,0.0,0.0,0.0,0.0,0.0,0.0,0.09090909090909091,0.30303030303030304,0.3695652173913043,0.3148148148148148,0.4126984126984127,0.4117647058823529,0.2777777777777778,0.3673469387755102,0.6046511627906976,0.22727272727272727,0.2857142857142857,0.175,0.04477611940298507,0.06329113924050633,0.375,0.140625,0.3125,0.4583333333333333,0.42857142857142855,0.38461538461538464,0.375,0.44,0.28125,0.35294117647058826,0.2535211267605634,0.22857142857142856,0.17647058823529413,0.01694915254237288,0.11827956989247312,0.06557377049180328,0.04878048780487805,0.058823529411764705,0.0,0.1111111111111111,0.056338028169014086,0.2857142857142857,0.08888888888888889,0.039603960396039604,0.25,0.5901639344262295,0.8867924528301887,0.6825396825396826,0.4576271186440678,0.7796610169491526,0.9074074074074074,0.972972972972973,0.8857142857142857,0.9090909090909091,0.9591836734693877,1.0,1.0,1.0,1.0,1.0,1.0,1.0,1.0,1.0,1.0,1.0,0.972972972972973,1.0,1.0,1.0,1.0,1.0,0.0,0.0,0.0,0.0,0.0,0.0,0.0,0.0,0.047619047619047616,0.0,0.0,0.0,0.0,0.0,0.0,0.0,0.0,0.0,0.0,1.0,1.0,1.0
929574, hcp, MOB_929574_929576_IS150_-1, sv,1.18453,9.999e-05,116,-1.0,1.0,113,0.9,0.00352941,PASS,0.0,0.0,0.0,0.0,0.0,0.0,0.0,0.0,0.0,0.0,0.0,0.0,0.0,0.0,0.0,0.0,0.0,0.0,0.0,0.0,0.0,0.0,0.0,0.0,0.0,0.0,0.0,0.0,0.0,0.0,0.0,0.008771929824561403,0.03636363636363636,0.05333333333333334,0.01020408163265306,0.030303030303030304,0.006944444444444444,0.041666666666666664,0.0,0.0,0.0,0.0,0.0,0.005747126436781609,0.0,0.0,0.0,0.0,0.017543859649122806,0.0,0.0,0.0,0.0,0.0,0.08955223880597014,0.0,0.0,0.0,0.0,0.0,0.0,0.0,0.0,0.027777777777777776,0.015037593984962405,0.10784313725490197,0.12962962962962962,0.2777777777777778,0.4365079365079365,0.5627906976744186,0.205607476635514,0.5116279069767442,0.54421768707483,0.4020618556701031,0.4588235294117647,0.34177215189873417,0.2125,0.19230769230769232,0.11678832116788321,0.10416666666666667,0.26126126126126126,0.047619047619047616,0.06976744186046512,0.023529411764705882,0.024193548387096774,0.11818181818181818,0.31868131868131866,0.1693121693121693,0.04195804195804196,0.3783783783783784,0.7058823529411765,0.9428571428571428,0.831858407079646,0.564625850340136,0.7602739726027398,0.9586776859504132,1.0,0.9435483870967742,0.8817204301075269,0.9910313901345291,1.0,1.0,1.0,1.0,1.0,1.0,1.0,1.0,1.0,1.0,1.0,1.0,1.0,1.0,1.0,1.0,1.0,0.0,0.0,0.0,0.0,0.0,0.0,0.0,0.0,0.0,0.0,0.0,0.0,0.0,0.0,0.0,0.0,0.0,0.0,0.0,0.0,1.0,0.9803921568627451
943554, infA, A->C, noncoding,1.59923,9.999e-05,116,-1.0,1.0,113,0.9,0.6,PASS,0.0,0.0,0.047619047619047616,0.007142857142857143,0.0,0.007518796992481203,0.0,0.0,0.0,0.0,0.0,0.0,0.0,0.02040816326530612,0.0,0.047619047619047616,0.017241379310344827,0.0,0.0,0.0,0.0,0.0,0.0,0.0,0.0,0.012269938650306749,0.0,0.0,0.0,0.0,0.0,0.0,0.011904761904761904,0.0,0.0,0.0,0.0,0.0,0.009523809523809525,0.0,0.0,0.0,0.0,0.0,0.0,0.0,0.0,0.0,0.0,0.0,0.0,0.009615384615384616,0.0,0.0,0.04807692307692308,0.0,0.0,0.0,0.0,0.0,0.0,0.010638297872340425,0.0,0.0,0.007042253521126761,0.0,0.0,0.0,0.0,0.0,0.0,0.0,0.0,0.0,0.0,0.0,0.0,0.0,0.0,0.0,0.01818181818181818,0.009259259259259259,0.0,0.0,0.0,0.0,0.031578947368421054,0.061068702290076333,0.07874015748031496,0.32978723404255317,0.6982758620689655,0.8865979381443299,0.7126436781609196,0.47058823529411764,0.7307692307692307,0.9646017699115044,0.9666666666666667,0.9611650485436893,0.900990099009901,0.9771428571428571,0.9915966386554622,1.0,1.0,1.0,1.0,1.0,1.0,1.0,1.0,1.0,1.0,1.0,0.9943820224719101,0.9939393939393939,1.0,1.0,1.0,0.0,0.0,0.0,0.0,0.0,0.0,0.0,0.0,0.0,0.0,0.0,0.0,0.0,0.0,0.0,0.0,0.0,0.024390243902439025,0.0,0.02631578947368421,1.0,1.0
948127, intergenic, T->C, noncoding,2.58795,0.00639936,116,-1.0,0.00152381,113,0.9,0.444444,PASS,0.0,0.0,0.0,0.0,0.023809523809523808,0.0,0.0,0.0,0.0,0.0,0.0,0.0,0.0,0.0,0.0,0.0,0.041666666666666664,0.0,0.0,0.0,0.0,0.0,0.0,0.0,0.0,0.008695652173913044,0.0,0.0,0.0,0.0,0.0,0.0,0.0,0.0,0.0,0.0,0.0,0.0,0.0,0.0,0.0,0.0,0.0,0.0,0.0,0.016129032258064516,0.0,0.0,0.0,0.0,0.0,0.0,0.0,0.0,0.0,0.0,0.0,0.0,0.0,0.0,0.0,0.0,0.0,0.0,0.0,0.0,0.014084507042253521,0.016129032258064516,0.016666666666666666,0.030612244897959183,0.0,0.13559322033898305,0.07692307692307693,0.04,0.0,0.0,0.0,0.0,0.0,0.0,0.0,0.0,0.0,0.0,0.012195121951219513,0.0,0.0,0.0,0.0,0.0,0.0,0.0,0.0,0.0,0.0,0.0,0.0,0.0,0.0,0.0,0.0,0.0,0.0,0.0,0.0,0.0,0.0,0.0,0.0,0.0,0.0,0.0,0.0,0.0,0.0,0.0,0.0,0.0,0.0,0.0,0.0,0.0,0.0,0.0,0.0,0.0,0.0,0.0,0.0,0.0,0.0,0.0,0.0,0.0,0.0,0.0,0.0,0.0,0.0
950280, ftsK, T->G, noncoding,1.91318,9.999e-05,116,-1.0,0.0103717,115,0.9,0.0888889,PASS,0.0,0.0,0.0,0.008264462809917356,0.0,0.0,0.0,0.0,0.0,0.0,0.0,0.0,0.0,0.0,0.0,0.0,0.0,0.0,0.0,0.0,0.0,0.0,0.0,0.0,0.0070921985815602835,0.0,0.0,0.0,0.0,0.0,0.0,0.0,0.0,0.0,0.0,0.0,0.0,0.0,0.0,0.0,0.0,0.0,0.0,0.0,0.0,0.0,0.0,0.0,0.0,0.0,0.011235955056179775,0.0,0.0,0.0,0.01904761904761905,0.0,0.0,0.0,0.0,0.0,0.0,0.006944444444444444,0.0,0.0,0.0,0.0,0.0,0.0,0.0,0.0,0.0,0.0,0.008771929824561403,0.008928571428571428,0.0,0.007407407407407408,0.0,0.0,0.0,0.0,0.0,0.0,0.0,0.0136986301369863,0.0,0.0,0.0,0.0,0.0,0.0,0.0,0.0,0.009174311926605505,0.0072992700729927005,0.09401709401709402,0.15853658536585366,0.1262135922330097,0.045112781954887216,0.7525773195876289,0.9753086419753086,0.9905660377358491,0.9868421052631579,0.972972972972973,1.0,1.0,0.9929577464788732,1.0,1.0,0.9949238578680203,1.0,0.9931972789115646,1.0,0.9947916666666666,0.9949748743718593,1.0,1.0,1.0,0.0,0.0,0.0,0.0,0.0,0.0,0.0,0.0,0.0,0.0,0.0,0.0,0.0,0.0,0.0,0.0,0.0,0.0,0.0,0.0,0.9509803921568627,0.0
950808, ftsK, C->T, missense,3.09787,9.999e-05,116,-1.0,0.444444,116,0.9,0.352941,PASS,0.009216589861751152,0.0,0.0,0.0,0.0,0.0,0.0,0.0,0.0,0.0,0.0,0.0,0.0,0.0,0.0,0.0,0.0,0.0,0.0,0.0,0.0,0.0,0.0,0.0,0.0,0.0,0.0,0.0,0.021739130434782608,0.0,0.10638297872340426,0.12244897959183673,0.1527777777777778,0.10526315789473684,0.14925373134328357,0.13793103448275862,0.08064516129032258,0.1,0.0,0.0,0.0,0.0,0.0,0.0,0.0,0.010638297872340425,0.0,0.0,0.0,0.0,0.0,0.0,0.0,0.0,0.0,0.0,0.0,0.010526315789473684,0.0,0.0,0.0,0.0,0.0,0.0,0.0,0.0,0.0,0.0,0.0,0.0,0.015151515151515152,0.009900990099009901,0.010752688172043012,0.011363636363636364,0.0,0.0,0.0,0.0,0.0,0.0,0.0,0.0,0.0,0.0,0.0,0.0,0.0,0.0,0.0,0.0,0.0,0.0,0.0,0.010416666666666666,0.034782608695652174,0.0,0.0,0.0,0.0,0.0,0.0,0.0,0.0,0.0,0.0,0.0,0.0,0.0,0.0,0.0,0.0,0.0,0.0,0.00641025641025641,0.0,0.0,0.0,0.0,0.0,0.0,0.0,0.0,0.0,0.0,0.0,0.0,0.0,0.0,0.0,0.0,0.0,0.0,0.0,0.0,0.0,0.0,0.0,0.0,0.0
962002, intergenic, G->A, noncoding,1.55102,9.999e-05,116,-1.0,0.12,115,0.9,0.315789,PASS,0.0,0.0,0.0,0.0,0.0,0.008403361344537815,0.0,0.0,0.0,0.0,0.0,0.0,0.0,0.0,0.0,0.0,0.0,0.0,0.0,0.0,0.0,0.0,0.0,0.0,0.0,0.0,0.0,0.0,0.0,0.0,0.0,0.0,0.0,0.0,0.0,0.0,0.0,0.0,0.0,0.0,0.0,0.0,0.0,0.0,0.0,0.0,0.0,0.0,0.0,0.0,0.0,0.0,0.0,0.0,0.11475409836065574,0.0,0.0,0.0,0.0,0.0,0.0,0.0,0.0,0.0,0.0,0.0,0.0,0.0,0.0,0.0,0.0,0.0,0.0,0.0,0.0,0.0,0.0,0.0,0.0,0.0,0.0,0.0,0.0,0.0,0.0,0.0,0.21153846153846154,0.11538461538461539,0.0603448275862069,0.18803418803418803,0.65,0.8309859154929577,0.7924528301886793,0.5571428571428572,0.7777777777777778,0.9482758620689655,0.9591836734693877,0.9166666666666666,0.9024390243902439,0.9818181818181818,0.9928571428571429,1.0,1.0,1.0,0.9724770642201835,0.9901960784313726,0.99,1.0,0.9923664122137404,1.0,1.0,1.0,0.9927536231884058,1.0,1.0,1.0,1.0,0.0,0.0,0.0,0.0,0.0,0.0,0.0,0.0,0.0,0.0,0.0,0.0,0.0,0.0,0.0,0.0,0.0,0.0,0.0,0.0,0.9770114942528736,1.0
962005, intergenic, MOB_962005_962010_IS186_1, sv,1.39668,9.999e-05,116,-1.0,0.210526,115,0.9,0.315789,PASS,0.0,0.0,0.0,0.0,0.0,0.0,0.0,0.025,0.0,0.0,0.0,0.0,0.0,0.0,0.0,0.0,0.0,0.0,0.0,0.0,0.0,0.0,0.0,0.047619047619047616,0.0,0.0,0.0,0.0,0.010752688172043012,0.0,0.019230769230769232,0.0,0.007633587786259542,0.0,0.0,0.0,0.0,0.0,0.020833333333333332,0.03007518796992481,0.029069767441860465,0.09937888198757763,0.011494252873563218,0.005555555555555556,0.037037037037037035,0.1111111111111111,0.1566265060240964,0.11627906976744186,0.18421052631578946,0.1206896551724138,0.24285714285714285,0.2828282828282828,0.34615384615384615,0.1485148514851485,0.1557377049180328,0.15384615384615385,0.15441176470588236,0.1721311475409836,0.18421052631578946,0.22535211267605634,0.3629032258064516,0.391304347826087,0.6699029126213593,0.4807692307692308,0.6351351351351351,0.5895522388059702,0.5342465753424658,0.3841059602649007,0.28313253012048195,0.2392638036809816,0.1926605504587156,0.31313131313131315,0.3619047619047619,0.34615384615384615,0.5092592592592593,0.4550898203592814,0.6463414634146342,0.5873015873015873,0.42592592592592593,0.5283018867924528,0.6015037593984962,0.8726114649681529,0.11764705882352941,0.25274725274725274,0.7101449275362319,0.8461538461538461,0.7051282051282052,0.8958333333333334,0.9010416666666666,0.6797752808988764,0.3211009174311927,0.0,0.0,0.0,0.0,0.0,0.011363636363636364,0.0,0.0,0.0,0.0,0.0,0.0,0.0,0.0,0.0,0.0,0.0,0.0,0.0,0.0,0.0,0.0,0.0,0.0,0.0,0.0,0.0,0.0,0.0,0.0,0.0,0.0,0.0,0.0,0.0,0.0,0.0,0.0,0.0,0.0,0.0,0.0,0.9577464788732394,0.0,1.0,0.0,0.0,0.0
969836, pflB, MOB_969836_969838_IS150_-1, sv,0.956969,9.999e-05,116,-1.0,0.857143,116,0.9,0.571429,PASS,0.0,0.0,0.0,0.0,0.0,0.0,0.0,0.0,0.0,0.0,,0.08368200836820085,0.0,0.0,0.022271714922048998,0.0,0.016801870261162595,0.0,0.0,0.0,0.0,0.0,0.0,0.0,0.015217718940936863,0.0033433634236041455,0.009033423667570008,0.03653630806845966,0.02032857506361323,0.03315213296398892,0.01574580474934037,0.010388459530026109,0.035432700296735904,0.09255808049535605,0.08633268398268398,0.16238822055137844,0.38194102822580644,0.4746656084656085,0.770028818443804,0.9164335839598998,0.8029233365477337,0.739886690647482,0.8674679487179487,0.9230475782254608,0.888966565349544,0.7090042674253202,0.8872076271186441,0.8531381418092909,0.9350458015267176,1.0,1.0,0.9692679938744257,1.0,1.0,1.0,0.9761160120845922,1.0,1.0,1.0,1.0,1.0,1.0,1.0,1.0,1.0,1.0,1.0,1.0,1.0,1.0,0.9865862299465241,1.0,1.0,1.0,1.0,1.0,1.0,1.0,1.0,1.0,1.0,1.0,1.0,1.0,1.0,1.0,1.0,1.0,1.0,1.0,0.9398529411764706,1.0,1.0,1.0,1.0,1.0,1.0,1.0,1.0,1.0,1.0,1.0,1.0,1.0,1.0,1.0,1.0,0.9923912220961029,1.0,1.0,1.0,1.0,1.0,1.0,1.0,1.0,1.0,0.0,0.0,0.0,0.0,0.0,0.0,0.0,0.0,0.0,0.0,0.0,0.0,0.0,0.0,0.0,1.0,0.9885057471264368,1.0,1.0,1.0,0.9868557887610021,0.9813259668508288
982592, ycaI, C->T, missense,4.22439,0.00059994,116,-1.0,0.8,115,0.9,0.0309278,PASS,0.0,0.0,0.0,0.0,0.0,0.0,0.0,0.0,0.0,0.0,0.0,0.0,0.0,0.0,0.0,0.0,0.0,0.0,0.0,0.0,0.0,0.0,0.0,0.0,0.0,0.0,0.0,0.0,0.0,0.0,0.0,0.0,0.0,0.0,0.0,0.0,0.0,0.0,0.0,0.0,0.0,0.0,0.0,0.0,0.0,0.0,0.0,0.0,0.0,0.0,0.0,0.0,0.0,0.0,0.0,0.0,0.0,0.0,0.0,0.010309278350515464,0.0,0.0,0.0,0.0,0.0,0.0,0.0,0.0,0.11940298507462686,0.15384615384615385,0.08064516129032258,0.0,0.0,0.0,0.0,0.0,0.0,0.0,0.0,0.0,0.0,0.0,0.0,0.0,0.0,0.0,0.0,0.0,0.0,0.0,0.0,0.0,0.0,0.00980392156862745,0.013513513513513514,0.0,0.0,0.0,0.0,0.0,0.0,0.0,0.0,0.0,0.0,0.0,0.0,0.0,0.0,0.0,0.0,0.0,0.0,0.0,0.0,0.0,0.0,0.0,0.0,0.0,0.0,0.0,0.0,0.0,0.0,0.0,0.0,0.0,0.0,0.0,0.0,0.0,0.0,0.0,0.0,0.0,0.0,0.0,0.0
1006247, pncB, A->T, missense,2.76863,0.00959904,116,-1.0,0.193548,112,0.9,0.923077,PASS,0.0,0.0,0.0,0.011627906976744186,0.0,0.0,0.0,0.0,0.0,0.0,0.0,0.0,0.0,0.0,0.0,0.0,0.0,0.02702702702702703,0.0,0.0,0.0,0.0,0.0,0.0,0.0,0.0,0.0,0.0,0.0,0.0,0.0,0.0,0.0,0.0,0.0,0.0,0.0,0.0,0.0,0.0,0.0,0.0,0.0,0.0,0.0,0.0,0.0,0.0,0.025,0.0,0.0,0.0,0.0,0.0,0.0,0.0,0.0,0.0,0.0,0.0,0.0,0.0,0.03571428571428571,0.03773584905660377,0.031746031746031744,0.13333333333333333,0.0,0.0,0.0,0.0,0.0,0.0,0.04,0.0,0.0,0.0,0.0,0.0,0.0,0.0,0.0,0.0,0.0,0.0,0.0,0.0,0.0,0.0,0.0,0.0,0.0,0.0,0.0,0.0,0.0,0.0,0.0,0.0,0.0,0.0,0.0,0.0,0.0,0.0,0.0,0.0,0.0,0.0,0.0,0.0,0.0,0.0,0.0,0.0,0.0,0.0,0.0,0.0,0.0,0.0,0.0,0.0,0.0,0.0,0.0,0.0,0.0,0.0,0.0,0.0,0.0,0.0,0.0,0.0,0.0,0.0,0.0,0.0,0.0
1011667, ssuC, MOB_1011667_1011677_IS150_-1, sv,1.87491,9.999e-05,116,-1.0,0.705882,112,0.9,0.923077,PASS,0.0,0.0,0.0,0.0,0.0,0.0,0.0,0.0,0.0,0.0,,0.0,0.0,0.0,0.0,0.0,0.0,0.0,0.0,0.0,0.0,0.0,0.0,0.0,0.0,0.0,0.0,0.03249300653594771,0.0,0.0,0.0,0.0,0.0,0.0,0.0,0.0,0.029458814814814813,0.0,0.0,0.0,0.0,0.0,0.0,0.0,0.0,0.0,0.0,0.0,0.0,0.0,0.0,0.0,0.0,0.0,0.0,0.0,0.0,0.0,0.02491206896551724,0.0,0.0,0.04989531442663379,0.01832300724637681,0.0,0.0,0.0,0.0,0.012778508217446272,0.16630985915492957,0.22748724954462662,0.1939941592920354,0.2980063551401869,0.2725593220338983,0.24140688775510205,0.5003030888030888,0.3281217457886677,0.42826533742331285,0.6671899665551839,0.3291963302752293,0.6580254716981132,0.7294067924528301,0.9397260981912144,0.1233639175257732,0.34444098765432096,0.7884799588900309,0.7880115830115831,0.7860143369175627,0.9086473296500922,0.9444257362355953,0.6766628462273161,0.3013021978021978,0.0,0.0,0.0,0.0,0.0,0.0,0.0,0.0,0.0,0.0,0.0,0.0,0.0,0.0,0.0,0.01271874213836478,0.0,0.0,0.0,0.0,0.0,0.0,0.021791810344827585,0.0,0.0,0.0,0.0,0.0,0.0,0.0,0.0,0.0,0.0,0.0,0.0,0.0,0.0,0.0,0.0,0.0,0.0,0.0,0.0,0.0,0.0,0.0,0.0,0.0
1064557, ymcA, MOB_1064557_1064559_IS150_1, sv,1.83736,9.999e-05,116,-1.0,0.0789474,116,0.9,0.24,PASS,0.0,0.0,0.0,0.0,0.0,0.0,0.0,0.0,0.0,0.0,0.0,0.0,0.0,0.0,0.0,0.0,0.0,0.0,0.0,0.0,0.0,0.0,0.0,0.0,0.0,0.0,0.0,0.0,0.0,0.0,0.0,0.0,0.0,0.0,0.0,0.0,0.0,0.0,0.0,0.0,0.0,0.0,0.0,0.012121212121212121,0.0,0.0,0.0,0.0,0.0,0.0,0.0,0.0,0.0,0.0,0.0,0.0,0.0,0.022900763358778626,0.0,0.0,0.0,0.007936507936507936,0.009523809523809525,0.04516129032258064,0.13013698630136986,0.0,0.0,0.031746031746031744,0.05,0.08441558441558442,0.43609022556390975,0.16,0.09574468085106383,0.3819444444444444,0.15555555555555556,0.3931034482758621,0.4393939393939394,0.16071428571428573,0.6737588652482269,0.47368421052631576,0.312,0.17117117117117117,0.9044585987261147,0.6836734693877551,0.2802547770700637,0.075,0.0,0.04054054054054054,0.011049723756906077,0.05,0.0,0.16666666666666666,0.37383177570093457,0.43333333333333335,0.3611111111111111,0.015503875968992248,0.023529411764705882,0.11214953271028037,0.0821917808219178,0.00975609756097561,0.0,0.0,0.0,0.0,0.0,0.0,0.0,0.0,0.0,0.0,0.0,0.0,0.0,0.0,0.0,0.0,0.0,0.0,0.0,0.0,0.0,0.0,0.0,0.0,0.0,0.0,0.0,0.0,0.0,0.0,0.0,0.0,0.0,0.0,0.0,0.0,0.0,0.0,0.0
1073045, torT, MOB_1073045_1073047_IS150_1, sv,4.07134,9.999e-05,116,-1.0,1.0,115,0.9,0.857143,PASS,0.0,0.0,0.0,0.0,0.0,0.0,0.0,0.0,0.0,0.0,0.0,0.0,0.0,0.0,0.0,0.0,0.0,0.0,0.0,0.0,0.0,0.0,0.0,0.0,0.0,0.0,0.0,0.0,0.0,0.0,0.0,0.0,0.0,0.0,0.0,0.0,0.0,0.0,0.0,0.0,0.0,0.0,0.0,0.0,0.0,0.0,0.10888878842676313,0.12246210268948655,0.11934946120689656,0.15102982456140351,0.15615294117647058,0.19570027855153205,0.1278021186440678,0.03206685258964144,0.03520182456140351,0.0,0.0,0.0,0.0,0.0,0.0,0.0,0.0,0.0,0.0,0.023318049912942538,0.0,0.00644539641943734,0.0,0.0,0.0,0.0,0.0,0.0,0.0,0.0,0.0,0.0,0.0,0.0,0.0,0.0,0.0,0.0,0.0,0.0,0.0,0.0,0.0,0.0,0.0,0.0,0.0,0.0,0.0,0.0,0.0,0.0,0.0,0.0,0.0,0.0,0.0,0.0,0.0,0.0,0.0,0.0,0.0,0.0,0.0,0.0,0.0,0.0,0.0,0.0,0.0,0.0,0.0,0.0,0.0,0.0,0.0,0.0,0.0,0.0,0.0,0.0,0.0,0.0,0.0,0.0,0.0,0.0,0.0,0.0,0.0,0.0,0.0
1101262, phoH, MOB_1101262_1101264_IS150_1, sv,3.95717,0.00029997,116,-1.0,0.857143,113,0.9,0.923077,PASS,0.0,0.0,0.0,0.0,0.0,0.2513089005235602,0.14285714285714285,0.23255813953488372,0.1509433962264151,0.0,0.0,0.0,0.0,0.0,0.0,0.0,0.0,0.0,0.0,0.0,0.0,0.0,0.0,0.0,0.0,0.0,0.0,0.0,0.0,0.0,0.0,0.0,0.0,0.0,0.0,0.0,0.0,0.0,0.0,0.0,0.0,0.0,0.0,0.0,0.0,0.0,0.0,0.0,0.0,0.0,0.0,0.0,0.0,0.0,0.0,0.0,0.0,0.0,0.0,0.0,0.0,0.0,0.0,0.0,0.0,0.0,0.0,0.0,0.0,0.0,0.0,0.0,0.0,0.0,0.0,0.0,0.0,0.0,0.0,0.0,0.0,0.0,0.0,0.0,0.0,0.0,0.0,0.0,0.0,0.0,0.0,0.0,0.0,0.0,0.0,0.0,0.0,0.0,0.0,0.0,0.0,0.0,0.0,0.0,0.0,0.0,0.0,0.0,0.0,0.0,0.0,0.0,0.0,0.0,0.0,0.0,0.0,0.0,0.0,0.0,0.0,0.0,0.0,0.0,0.0,0.0,0.0,0.0,0.0,0.0,0.0,0.0,0.0,0.0,0.0,0.0,0.0,0.0,0.0
1101309, phoH, MOB_1101309_1101311_IS150_-1, sv,5.77807,0.00019998,116,-1.0,0.387097,115,0.9,0.705882,PASS,0.0,0.0,0.0,0.0,0.0,0.0,0.2289156626506024,0.23076923076923078,0.06338028169014084,0.05405405405405406,0.0,0.058823529411764705,0.0,0.0,0.0,0.0,0.0,0.0,0.0,0.0,0.0,0.0,0.0,0.0,0.0,0.0,0.0,0.0,0.0,0.0,0.0,0.0,0.0,0.0,0.0,0.0,0.0,0.0,0.0,0.0,0.0,0.0055248618784530384,0.00684931506849315,0.0,0.0,0.0,0.0,0.0,0.0,0.0,0.0,0.0,0.0,0.0,0.0,0.0,0.0,0.0,0.0,0.0,0.0,0.0,0.0,0.0,0.0,0.0,0.0,0.0,0.0,0.0,0.0,0.0,0.0,0.0,0.0,0.0,0.0,0.0,0.0,0.0,0.0,0.0,0.0,0.0,0.0,0.0,0.0,0.0,0.0,0.0,0.0,0.0,0.0,0.0,0.0,0.0,0.0,0.0,0.0,0.0,0.0,0.0,0.0,0.0,0.0,0.0,0.0,0.0,0.0,0.0,0.0,0.0,0.0,0.0,0.0,0.0,0.0,0.0,0.0,0.0,0.0,0.0,0.0,0.0,0.0,0.0,1.0,0.0,0.0,0.0,0.0,0.0,0.0,0.0,0.0,0.0,0.0,0.0,0.0
1101969, phoH, MOB_1101969_1101971_IS150_-1, sv,4.09962,9.999e-05,116,-1.0,0.75,115,0.9,0.666667,PASS,0.0,0.0,0.0,0.0,0.0,0.16379617072197847,0.33314953271028036,0.10307728613569322,0.08958062780269058,0.0,0.0,0.0,0.0,0.0,0.0,0.0,0.0,0.0,0.0,0.0,0.0,0.0,0.0,0.0,0.0,0.0,0.0,0.022408606741573033,0.0,0.0,0.0,0.0,0.0,0.0,0.0,0.0,0.0,0.0,0.0,0.0,0.0,0.0,0.0,0.0,0.0,0.0,0.0,0.0,0.0,0.0,0.0,0.0,0.0,0.0,0.0,0.0,0.0,0.0,0.0,0.0,0.0,0.0,0.0,0.0,0.0,0.0,0.0,0.0,0.0,0.0,0.0,0.0,0.0,0.0,0.0,0.0,0.0,0.0,0.0,0.0,0.0,0.0,0.0,0.0,0.0,0.0,0.0,0.0,0.0,0.0,0.0,0.0,0.0,0.0,0.0,0.0,0.0,0.0,0.0,0.0,0.0,0.0,0.0,0.0,0.0,0.0,0.0,0.0,0.0,0.0,0.0,0.0,0.0,0.0,0.0,0.0,0.0,0.0,0.0,0.0,0.0,0.0,0.0,0.0,0.0,0.0,0.0,0.0,0.0,0.0,0.0,0.0,0.0,0.0,0.0,0.0,0.0,0.0,0.0
1102032, phoH, MOB_1102032_1102034_IS150_1, sv,0.982749,9.999e-05,116,-1.0,0.0180995,116,0.9,9.999e-05,PASS,0.0,0.0,0.0,0.0,0.0,0.012063809138697937,0.25774823529411767,0.1352226594301221,0.714448350071736,0.9255227272727273,1.0,0.8834763313609468,1.0,1.0,1.0,1.0,0.8869830000000001,0.963923903312444,0.867586703601108,1.0,1.0,1.0,1.0,1.0,0.9948720283257462,1.0,1.0,1.0,1.0,1.0,1.0,0.9855272331154684,1.0,1.0,1.0,1.0,1.0,1.0,1.0,1.0,1.0,1.0,1.0,1.0,0.9885035377358492,1.0,0.9999837476099427,1.0,0.9945206786850477,1.0,1.0,0.9919166666666667,1.0,1.0,1.0,1.0,1.0,1.0,1.0,0.9998230647709322,1.0,0.9997530085959885,0.9996031746031746,1.0,1.0,1.0,1.0,1.0,1.0,1.0,1.0001298600311044,1.0,0.9920509181969951,0.9956881443298969,1.0,0.9943197360527894,1.0,1.0,1.0,0.9998771138669672,1.0,0.9999156214367161,1.0,0.9998469860896445,1.0,0.9913501805054152,0.9901652089407191,1.0,1.0,1.0,0.9887218130311615,1.0,1.0,0.9958222354340072,1.0,1.0,1.0,1.0,1.0,1.0,1.0,1.0,0.9720589970501476,1.0,1.0,1.0,1.0,1.0,1.0,1.0,1.0,1.0,1.0,1.0,1.0,1.0,1.0,0.0,0.0,0.0,0.0,0.0,0.0,0.0,0.0,1.0,0.009804580777096115,1.0,1.0,1.0,1.0,1.0,0.9823797468354432,1.0,1.0,1.0,1.0,1.0,1.0
1102034, phoH, indel;-1;-2, indel,1.18645,9.999e-05,116,-1.0,0.169014,111,0.9,0.375,PASS,0.0,0.0,0.0,0.0,0.0,0.0,0.0,0.0,0.0,0.05,0.0,0.0,0.0,0.0,0.0,0.0,0.03773584905660377,0.018518518518518517,0.0,0.0,0.0,0.0,0.0,0.0,0.043478260869565216,0.0,0.0,0.0,0.0,0.0,0.025974025974025976,0.019230769230769232,0.0,0.0,0.01639344262295082,0.05714285714285714,0.0410958904109589,0.0,0.0,0.015151515151515152,0.0,0.010869565217391304,0.0,0.0,0.018518518518518517,0.0,0.02702702702702703,0.0,0.02631578947368421,0.0,0.017543859649122806,0.018867924528301886,0.0,0.09090909090909091,0.12280701754385964,0.11538461538461539,0.1875,0.18333333333333332,0.0,0.0945945945945946,0.08433734939759036,0.14285714285714285,0.12727272727272726,0.2,0.175,0.1346153846153846,0.1935483870967742,0.29310344827586204,0.273972602739726,0.1919191919191919,0.3492063492063492,0.2222222222222222,0.037037037037037035,0.24675324675324675,0.19101123595505617,0.19736842105263158,0.20512820512820512,0.25925925925925924,0.0,0.1958762886597938,0.26373626373626374,0.1414141414141414,0.0,0.0,0.24285714285714285,0.037037037037037035,0.0,0.03333333333333333,0.0,0.05813953488372093,0.0,0.12903225806451613,0.30434782608695654,0.0,0.2087912087912088,0.0,0.04,0.04,0.0,0.013513513513513514,0.0,0.0,0.0,0.0,0.015384615384615385,0.0,0.0,0.0,0.0,0.0,0.0,0.0,0.012987012987012988,0.0,0.0,0.0,0.0,0.0,0.0,0.0,0.0,0.0,0.0,0.0,0.0,0.0,0.0,0.0,0.0,0.0,0.0,,0.0,0.0,,0.0,0.0,0.0,0.0
1102361, intergenic, C->T, noncoding,3.26994,0.00409959,116,-1.0,0.666667,115,0.9,0.363636,PASS,0.0,0.012987012987012988,0.0,0.0,0.0,0.0,0.11627906976744186,0.07142857142857142,0.012658227848101266,0.0,0.0,0.0,0.0,0.0,0.0,0.0,0.0,0.0,0.0,0.0,0.0,0.0,0.0,0.0,0.0,0.0078125,0.0,0.0,0.0,0.0,0.0,0.0,0.0,0.0,0.0,0.0,0.0,0.0,0.0,0.0,0.0,0.0,0.0,0.0,0.0,0.0,0.0,0.0,0.0,0.0,0.03636363636363636,0.0,0.0,0.0,0.009174311926605505,0.0,0.0,0.0,0.0,0.0,0.0,0.0,0.0,0.0,0.0,0.0,0.0,0.012345679012345678,0.0,0.009174311926605505,0.0,0.0,0.0,0.0,0.0,0.0,0.0,0.0,0.0,0.0,0.0,0.0,0.0,0.0,0.0,0.0,0.0,0.0,0.0,0.0,0.0,0.0,0.0,0.0,0.0,0.0,0.0,0.0,0.0,0.0,0.0,0.0,0.0,0.0,0.01020408163265306,0.0,0.0,0.0,0.0,0.0,0.0,0.0,0.0,0.0,0.0,0.0,0.0,0.0,0.0,0.0,0.0,0.0,0.0,0.0,0.0,0.0,0.0,0.0,0.0,0.0,0.0,0.0,0.0,0.0,0.0,0.0,0.0,0.0,0.0
1119532, csgC, MOB_1119532_1119534_IS150_1, sv,3.79622,9.999e-05,116,-1.0,0.0967742,113,0.9,0.0315789,PASS,0.0,0.0,0.0,0.0,0.0,0.0,0.0,0.0,0.0,0.0,0.0,0.0,0.0,0.0,0.0,0.0,0.0,0.0,0.0,0.0,0.0,0.0,0.0,0.0,0.0,0.0,0.0,0.03731343283582089,0.08695652173913043,0.07222222222222222,0.13445378151260504,0.07547169811320754,0.057692307692307696,0.1349206349206349,0.3235294117647059,0.23880597014925373,0.21120689655172414,0.15384615384615385,0.0,0.0,0.0,0.0,0.0,0.0,0.0,0.0,0.0,0.0,0.0,0.0,0.0,0.0,0.0,0.0,0.0,0.0,0.0,0.0,0.0,0.0,0.0,0.0,0.0,0.0,0.0,0.0,0.0,0.0,0.0,0.0,0.0,0.0,0.0,0.0,0.0,0.0,0.0,0.0,0.0,0.0,0.0,0.0,0.0,0.0,0.0,0.0,0.0,0.0,0.0,0.0,0.0,0.0,0.0,0.0,0.0,0.0,0.0,0.0,0.0,0.0,0.0,0.0,0.0,0.0,0.0,0.0,0.0,0.0,0.0,0.0,0.0,0.0,0.0,0.0,0.0,0.0,0.0,0.0,0.0,0.0,0.0,0.0,0.0,0.0,0.0,0.0,0.0,0.0,0.0,0.0,0.0,0.0,0.0,0.0,0.0,0.0,0.0,0.0,0.0
1127388, mdoH, G->T, missense,2.70448,9.999e-05,116,-1.0,1.0,115,0.9,0.363636,PASS,0.0,0.0,0.0,0.0,0.0,0.0,0.0,0.0,0.0,0.0,0.08333333333333333,0.0,0.0,0.0,0.0,0.0,0.0,0.0,0.0,0.0,0.0,0.0,0.0,0.0,0.0,0.0,0.0,0.0,0.0,0.0,0.0,0.0,0.010638297872340425,0.0,0.0,0.0,0.0,0.0,0.014925373134328358,0.0,0.0,0.0,0.0,0.0,0.015625,0.0,0.0,0.0,0.0,0.0,0.0,0.014492753623188406,0.0,0.0,0.015384615384615385,0.0,0.0,0.0,0.0,0.0,0.0,0.0,0.0,0.0,0.0,0.0,0.0,0.0,0.0,0.0,0.011494252873563218,0.0,0.015873015873015872,0.0,0.0,0.011111111111111112,0.0,0.0,0.0,0.0,0.0,0.0,0.0125,0.0,0.013888888888888888,0.013157894736842105,0.0,0.0,0.0,0.0,0.0,0.0,0.0,0.0,0.009433962264150943,0.0,0.0,0.0,0.0,0.0,0.008403361344537815,0.0,0.0,0.0,0.11320754716981132,0.345679012345679,0.4578313253012048,0.6589147286821705,0.609375,0.8686868686868687,0.75,0.8974358974358975,0.8909090909090909,0.7348484848484849,0.5,0.7974683544303798,0.5625,0.0,0.0,0.0,0.0,0.0,0.0,0.0,0.0,0.0,0.0,0.0,0.0,0.0,0.014705882352941176,0.0,0.0,0.0,0.0,0.0,0.0,0.0,0.0
1128109, yceK, MOB_1128109_1128121_IS4_-1, sv,3.26904,9.999e-05,116,-1.0,0.0105448,112,0.9,0.363636,PASS,0.0,0.0,0.0,0.0,0.0,0.0,0.0,0.0,0.0,0.0,0.0,0.0,0.0,0.0,0.0,0.0,0.0,0.0,0.0,0.0,0.0,0.0,0.0,0.0,0.0,0.0,0.0,0.033444816053511704,0.055020632737276476,0.011286681715575621,0.08576329331046313,0.10980392156862745,0.15719467956469166,0.03787878787878788,0.05341880341880342,0.1882845188284519,0.11583011583011583,0.09569377990430622,0.010245901639344263,0.0,0.0,0.0,0.0,0.0,0.0,0.0,0.0,0.0,0.0,0.0,0.0,0.0,0.0,0.0,0.0,0.0,0.0,0.0,0.0,0.0,0.0,0.0,0.0,0.0,0.0,0.0,0.0,0.0,0.0,0.0,0.0,0.0,0.0,0.0,0.0,0.0,0.0,0.0,0.0,0.00727802037845706,0.0,0.0,0.0,0.0,0.0,0.0,0.0,0.0,0.0,0.0,0.02840909090909091,0.0,0.007220216606498195,0.0,0.0,0.0,0.0,0.0,0.0,0.0,0.0,0.0,0.0,0.0,0.0,0.0,0.0,0.0,0.0,0.0,0.0,0.0,0.0,0.0,0.0,0.0,0.0,0.0,0.0,0.0,0.0,0.0,0.0,0.0,0.0,0.0,0.0,0.0,0.0,0.0,0.0,0.0,0.0,0.0,0.0,0.0,0.0,0.0,0.0
1136030, dinI, MOB_1136030_1136032_IS150_1, sv,1.59787,9.999e-05,116,-1.0,0.375,110,0.9,0.666667,PASS,0.0,0.0,0.0,0.018192439024390245,0.0,0.0062555208983156585,0.0,0.0,0.12388043478260868,0.06470532258064517,0.0,0.0,0.0,0.0,0.0,0.0,0.0,0.008447683235046334,0.014064936886395514,0.009818450148075024,0.026601591511936338,0.0,0.0,0.0,0.023962168674698796,0.009339681548548235,0.0197493545183714,0.021336382978723405,0.030247209653092005,0.032470946681175186,0.0,0.010554,0.008017217741935484,0.008260790774299835,0.06941256544502618,0.0,0.03413965811965812,0.0,0.0,0.0,0.028242535211267607,0.009224011039558418,0.016059583555792845,0.08438595476065229,0.04442901439645626,0.016714666666666666,0.015428153846153848,0.01550015455950541,0.0,0.03703698765432099,0.05633895184135977,0.0,0.016250405186385736,0.01440617816091954,0.04700330411328388,0.01393804605722261,0.017786001788908767,0.045657851239669416,0.05898882352941177,0.09460504017531045,0.060866225839267554,0.0752570253598355,0.054225760869565216,0.0709370182555781,0.05629047619047619,0.0,0.05183425605536333,0.0,0.0,0.02289260273972603,0.009460000000000001,0.0206527518172378,0.01719965694682676,0.0,0.013859847961299241,0.012823337595907928,0.02033529411764706,0.0,0.011936071428571428,0.02707371040723982,0.04353735507246377,0.06597324503311258,0.01538244392884764,0.0,0.0692043659043659,0.09375215759849907,0.1805598445595855,0.24714778694673667,0.36777914469830114,0.20169870550161814,0.07130126984126985,0.0,0.01748378378378378,0.0,0.0,0.0,0.018920000000000003,0.0,0.0,0.00639563137755102,0.0,0.0,0.0,0.0,0.0,0.005230672926447575,0.006821360544217687,0.0,0.0033390609390609393,0.0,0.0,0.0,0.0,0.0075830728173846736,0.0,0.0,0.0,0.02473365853658537,0.0,0.0,0.0,0.0,0.0,0.0,0.0,0.0,0.0,0.0,0.0,0.0,0.0,0.0,0.0,0.0,0.0,0.0,0.0,0.0,0.0
1164946, fabD, C->A, missense,3.55935,9.999e-05,116,-1.0,0.26087,115,0.9,0.048583,PASS,0.0,0.0,0.0,0.0,0.0,0.0,0.0,0.0,0.0,0.0,0.0,0.0,0.0,0.0,0.0,0.0,0.0,0.0,0.0,0.0,0.0,0.0,0.0,0.0,0.0,0.0,0.0,0.0,0.0,0.0,0.0,0.0,0.0,0.0,0.0,0.0,0.0,0.0,0.0,0.0,0.0,0.0,0.0,0.0,0.0,0.0,0.0,0.0,0.0,0.0,0.0,0.0,0.0,0.0,0.0,0.0,0.0,0.0,0.0,0.0,0.0,0.0,0.0,0.0,0.0,0.0,0.0,0.0,0.0,0.0,0.0,0.0,0.0,0.0,0.0,0.0,0.0,0.0,0.0,0.0,0.011904761904761904,0.0,0.012345679012345678,0.014492753623188406,0.07936507936507936,0.028985507246376812,0.11538461538461539,0.23404255319148937,0.37209302325581395,0.1282051282051282,0.1038961038961039,0.0,0.0,0.0,0.0,0.0,0.0,0.0,0.0,0.0,0.0,0.0,0.0,0.0,0.0,0.0,0.0,0.0,0.016666666666666666,0.0,0.0,0.0,0.0,0.0,0.0,0.0,0.0,0.0,0.012345679012345678,0.0,0.0,0.0,0.0,0.0,0.0,0.0,0.0,0.012048192771084338,0.0,0.0,0.0,0.0,0.0,0.0,0.0,0.0,0.0,0.0,0.0
1166129, acpP, T->C, noncoding,0.981478,9.999e-05,116,-1.0,0.705882,115,0.9,0.857143,PASS,0.0,0.0,0.03225806451612903,0.09615384615384616,1.0,0.9920634920634921,0.9032258064516129,0.8947368421052632,0.9871794871794872,1.0,1.0,1.0,1.0,1.0,1.0,1.0,0.9302325581395349,0.9523809523809523,0.9397590361445783,1.0,1.0,1.0,1.0,1.0,0.9868421052631579,0.9933333333333333,1.0,1.0,1.0,1.0,1.0,1.0,1.0,1.0,1.0,1.0,1.0,1.0,1.0,1.0,1.0,1.0,1.0,1.0,1.0,1.0,0.9821428571428571,1.0,1.0,1.0,1.0,0.9861111111111112,1.0,1.0,1.0,1.0,1.0,1.0,1.0,1.0,1.0,1.0,1.0,0.9797979797979798,1.0,1.0,1.0,1.0,1.0,1.0,1.0,1.0,1.0,1.0,0.9886363636363636,1.0,1.0,1.0,1.0,0.9912280701754386,1.0,1.0,0.9912280701754386,1.0,0.9864864864864865,1.0,1.0,1.0,1.0,1.0,1.0,1.0,0.9879518072289156,0.9885057471264368,1.0,1.0,1.0,0.9666666666666667,1.0,0.9931972789115646,1.0,1.0,1.0,1.0,0.9908256880733946,1.0,0.9888888888888889,1.0,1.0,0.9907407407407407,0.9893617021276596,1.0,1.0,1.0,1.0,1.0,1.0,0.0,0.0,0.0,0.0,0.0,0.0,0.0,0.0,1.0,1.0,1.0,1.0,1.0,1.0,1.0,1.0,1.0,1.0,1.0,0.9565217391304348,1.0,0.9615384615384616
1198086, potD, C->A, synonymous,2.3779,0.00119988,116,-1.0,1.0,116,0.9,1.0,PASS,0.0,0.0,0.0,0.0,0.0,0.006060606060606061,0.0,0.01818181818181818,0.0,0.0,0.0,0.0,0.0,0.0,0.0,0.0,0.0,0.0,0.0,0.0,0.0,0.0,0.0,0.0,0.0,0.0,0.0,0.0,0.0,0.0,0.0,0.0,0.0,0.0,0.0,0.0,0.0,0.0,0.06451612903225806,0.023809523809523808,0.22608695652173913,0.2112676056338028,0.07462686567164178,0.0625,0.018518518518518517,0.2,0.06578947368421052,0.05263157894736842,0.09302325581395349,0.0,0.015873015873015872,0.0273972602739726,0.0,0.015384615384615385,0.011363636363636364,0.012048192771084338,0.008695652173913044,0.012048192771084338,0.0,0.0,0.0,0.0,0.0,0.0,0.0,0.0,0.0,0.0,0.0,0.0,0.0,0.0,0.0,0.0,0.0,0.0,0.0,0.0,0.0,0.009345794392523364,0.009615384615384616,0.0,0.0,0.015625,0.0,0.0,0.0,0.0,0.0,0.0,0.0,0.0,0.0,0.0,0.0,0.0,0.0,0.0,0.0,0.0,0.007751937984496124,0.0,0.0,0.0,0.0,0.0,0.0,0.0,0.008620689655172414,0.0,0.0,0.0,0.0,0.0,0.0,0.0,0.0,0.0,0.0,0.0,0.0,0.0,0.0,0.0,0.012658227848101266,0.0,0.0,0.013513513513513514,0.0,0.0,0.0,0.0,0.0,0.0,0.0,0.0,0.0,0.0,0.0
1207861, ycfC, T->G, missense,0.984947,9.999e-05,116,-1.0,0.0754717,113,0.9,0.0402685,PASS,0.0,0.0,0.0,0.0136986301369863,0.0,0.010101010101010102,0.0,0.0,0.0,0.0,0.0,0.46153846153846156,0.6206896551724138,0.8928571428571429,1.0,1.0,0.8769230769230769,0.8571428571428571,0.9473684210526315,1.0,0.975609756097561,0.9655172413793104,1.0,1.0,1.0,1.0,0.9714285714285714,1.0,1.0,1.0,1.0,1.0,1.0,1.0,1.0,1.0,1.0,1.0,1.0,1.0,1.0,1.0,1.0,1.0,1.0,1.0,1.0,1.0,1.0,1.0,1.0,1.0,1.0,1.0,1.0,1.0,1.0,1.0,1.0,1.0,1.0,1.0,1.0,1.0,1.0,1.0,0.9761904761904762,1.0,1.0,1.0,1.0,1.0,1.0,1.0,0.9661016949152542,0.9866666666666667,1.0,1.0,1.0,1.0,1.0,1.0,1.0,1.0,0.9857142857142858,1.0,0.96,1.0,1.0,1.0,0.9772727272727273,1.0,1.0,0.9868421052631579,1.0,1.0,1.0,1.0,1.0,0.9913793103448276,1.0,1.0,1.0,1.0,1.0,1.0,1.0,0.9891304347826086,1.0,0.9893617021276596,1.0,1.0,0.9918032786885246,1.0,1.0,1.0,1.0,0.0,0.0,0.0,0.0,0.0,0.0,0.0,0.0,0.0,0.016666666666666666,1.0,1.0,1.0,1.0,1.0,1.0,1.0,1.0,1.0,1.0,1.0,1.0
1218697, ycgG, MOB_1218697_1218699_IS150_-1, sv,1.03703,9.999e-05,116,-1.0,0.545455,115,0.9,0.428571,PASS,0.0,0.0,0.0,0.0,0.0,0.0,0.0,0.0,0.0,0.0,0.0,0.0,0.0,0.0,0.0,0.0,0.0,0.0,0.0,0.0,0.0,0.0,0.0,0.0,0.0,0.0,0.0,0.0,0.0,0.0,0.0,0.0,0.0,0.0,0.0,0.0,0.0,0.0,0.0,0.0,0.0,0.0,0.0,0.0,0.0,0.0,0.0,0.16129032258064516,0.1780821917808219,0.018867924528301886,0.03333333333333333,0.09333333333333334,0.3793103448275862,0.38028169014084506,0.5,0.5370370370370371,0.4662576687116564,0.3302752293577982,0.6125,0.5163934426229508,0.432,0.18705035971223022,0.1518987341772152,0.19626168224299065,0.0963855421686747,0.2857142857142857,0.19672131147540983,0.524390243902439,0.38461538461538464,0.4472573839662447,0.2857142857142857,0.5652173913043478,0.5490196078431373,0.3235294117647059,0.38235294117647056,0.4296875,0.1927710843373494,0.21875,0.10569105691056911,0.12299465240641712,0.12244897959183673,0.02,0.064,0.013888888888888888,0.05042016806722689,0.10071942446043165,0.33707865168539325,0.1377245508982036,0.07563025210084033,0.3411764705882353,0.8978102189781022,0.912,0.8392857142857143,0.589041095890411,0.8083832335329342,0.9823008849557522,1.0,0.9705882352941176,0.9710144927536232,1.0,1.0,1.0,1.0,1.0,1.0,1.0,1.0,1.0,1.0,1.0,1.0,1.0,1.0,1.0,0.7777777777777778,1.0,1.0,0.0,0.0,0.0,0.0,0.0,0.0,0.0,0.0,0.0,0.0,0.0,0.0,0.0,0.0,0.0,0.0,0.0,0.0,0.0,1.0,1.0,1.0
1221930, intergenic, T->G, noncoding,1.43782,0.00029997,116,-1.0,1.0,116,0.9,1.0,PASS,0.0,0.0,0.0,0.009615384615384616,0.0,0.0,0.0,0.0,0.0,0.0,0.0,0.0,0.02702702702702703,0.0,0.0,0.0,0.0,0.0,0.0,0.0,0.0,0.0,0.0,0.0,0.0,0.006329113924050633,0.0,0.0,0.0,0.0,0.0,0.0,0.0,0.0,0.0,0.0,0.0,0.0,0.0,0.0,0.0,0.0,0.0,0.0,0.0,0.0,0.016129032258064516,0.0,0.0,0.09523809523809523,0.038461538461538464,0.09090909090909091,0.04,0.03333333333333333,0.09090909090909091,0.09900990099009901,0.20512820512820512,0.2,0.17857142857142858,0.2375,0.136986301369863,0.18947368421052632,0.18518518518518517,0.3225806451612903,0.1724137931034483,0.08974358974358974,0.22988505747126436,0.29213483146067415,0.34444444444444444,0.18518518518518517,0.3972602739726027,0.11842105263157894,0.07272727272727272,0.4186046511627907,0.23684210526315788,0.211864406779661,0.29411764705882354,0.40625,0.6136363636363636,0.40476190476190477,0.2558139534883721,0.07407407407407407,0.9113924050632911,0.7368421052631579,0.3333333333333333,0.06578947368421052,0.0,0.032520325203252036,0.008695652173913044,0.03418803418803419,0.0,0.08695652173913043,0.21428571428571427,0.4942528735632184,0.2345679012345679,0.05405405405405406,0.06557377049180328,0.05660377358490566,0.016129032258064516,0.027777777777777776,0.0,0.008849557522123894,0.0,0.0,0.0,0.0,0.009345794392523364,0.0,0.008130081300813009,0.0,0.0,0.0,0.0,0.0,0.0,0.0,0.0,0.0,0.0,0.0,0.0,0.0,0.0,0.0,0.0,0.0,0.019230769230769232,0.0,0.0,0.0,0.0,0.0,0.0,0.0,0.975609756097561,0.0,0.0,0.0,0.0
1227429, ycgK, MOB_1227429_1227437_IS1_-1, sv,3.89085,9.999e-05,116,-1.0,0.923077,115,0.9,0.206897,PASS,0.0,0.0,0.0,0.0,0.0,0.0,0.0,0.0,0.0,0.0,0.0,0.0,0.0,0.0,0.0,0.0,0.0,0.0,0.0,0.0,0.0,0.0,0.0,0.0,0.0,0.0,0.0,0.0,0.0,0.0,0.0,0.0,0.0,0.0,0.0,0.0,0.0,0.0,0.0,0.0,0.0,0.0,0.0,0.0,0.0,0.0,0.0,0.0,0.0,0.0,0.0,0.0,0.0,0.0,0.0,0.0,0.0,0.0,0.0,0.0,0.0,0.0,0.0,0.0,0.0,0.0,0.0,0.0,0.0,0.0,0.0,0.0,0.0,0.0,0.0,0.0,0.0,0.0,0.0,0.0,0.0,0.0,0.0,0.007633587786259542,0.06565656565656566,0.005208333333333333,0.12,0.15196078431372548,0.29767441860465116,0.12393162393162394,0.08695652173913043,0.0,0.0,0.0,0.0,0.0,0.0,0.0,0.0,0.0,0.0,0.0,0.0,0.0,0.0,0.0,0.0,0.0,0.0,0.0,0.0,0.0,0.0,0.0,0.0,0.0,0.0,0.0,0.0,0.0,0.0,0.0,0.0,0.0,0.0,0.0,0.0,0.0,0.0,0.0,0.0,0.0,0.0,0.0,0.0,0.0,0.0,0.0,0.0
1266230, prfA, T->C, missense,2.35132,0.018194,116,-1.0,0.923077,115,0.9,0.315789,PASS,0.0,0.0,0.0,0.0,0.0,0.0,0.0,0.024390243902439025,0.0,0.0,0.0,0.0,0.0,0.0,0.0,0.0,0.0,0.0,0.1518987341772152,0.044444444444444446,0.0,0.0,0.0,0.0,0.0,0.0,0.0,0.0,0.0,0.0,0.0,0.0,0.0,0.0,0.0,0.0,0.0,0.0,0.0,0.0,0.0,0.0,0.0,0.0,0.0,0.0,0.0,0.0,0.0,0.0,0.0,0.0,0.0,0.0,0.0,0.0,0.0,0.0,0.0,0.0,0.0,0.0,0.0,0.0,0.0,0.0,0.01639344262295082,0.0,0.0,0.0,0.0,0.0,0.0,0.0,0.0,0.0,0.0,0.0,0.03333333333333333,0.0,0.0,0.0,0.0,0.0,0.0,0.0,0.0,0.0,0.0,0.0,0.0,0.0,0.0,0.012658227848101266,0.0,0.0,0.017241379310344827,0.0,0.0,0.0,0.0,0.0,0.0,0.0,0.02127659574468085,0.0,0.0,0.0,0.0,0.0,0.0,0.0,0.0,0.0,0.0,0.0,0.0,0.0,0.0,0.0,0.0,0.0,0.0,0.0,0.0,0.0,0.0,0.0,0.0,0.0,0.0,0.01694915254237288,0.0,0.0,0.0,0.03125,0.0,0.0,0.0
1276698, narX, junction_1276698_1_IS150_start, sv,2.42322,9.999e-05,116,-1.0,0.8,115,0.9,0.5,PASS,0.0,0.0,0.0,0.0,0.0,0.0,0.0,0.0,0.0,0.0,0.0,0.0,0.0,0.0,0.0,0.0,0.0,0.0,0.0,0.0,0.0,0.0,0.0,0.0,0.0,0.0,0.0,0.0,0.0,0.0,0.0,0.0,0.0,0.0,0.0,0.0,0.0,0.0,0.0,0.0,0.0,0.0,0.006329113924050633,0.0,0.0,0.0,0.0,0.0,0.0,0.0,0.0,0.0,0.0,0.0,0.0,0.0,0.0,0.0,0.0,0.0,0.0,0.0,0.0,0.0,0.0,0.0,0.0,0.0,0.0,0.0,0.0,0.05333333333333334,0.3333333333333333,0.2247191011235955,0.23,0.3020833333333333,0.2807017543859649,0.3611111111111111,0.3394495412844037,0.573170731707317,0.6790123456790124,0.8777777777777778,0.03488372093023256,0.29850746268656714,0.609375,0.8363636363636363,0.7532467532467533,0.7702702702702703,0.9565217391304348,0.6587301587301587,0.13740458015267176,0.0,0.0,0.0,0.0,0.0,0.0,0.0,0.0,0.0,0.0,0.0,0.0,0.0,0.0,0.0,0.0,0.0,0.0,0.0,0.0,0.0,0.0,0.0,0.0,0.0,0.0,0.0,0.0,0.0,0.0,0.0,0.0,0.0,0.0,0.0,0.0,0.0,0.0,0.0,0.0,0.0,0.0,0.0,0.0,0.0,0.0,0.0,0.0
1277939, intergenic, T->C, noncoding,2.47442,9.999e-05,116,-1.0,0.375,115,0.9,0.184615,PASS,0.0,0.0,0.01694915254237288,0.0,0.0,0.0,0.0,0.0,0.0,0.0,0.0,0.0,0.0,0.0,0.0,0.0,0.0,0.0,0.0,0.0,0.0,0.0,0.0,0.0,0.0,0.0,0.0,0.0,0.0,0.0,0.0,0.0,0.0,0.0,0.0,0.0,0.0,0.0,0.0,0.0,0.0,0.0,0.0,0.0,0.0,0.0,0.0,0.0,0.0,0.0,0.0,0.0,0.0,0.0,0.0,0.0,0.0,0.0,0.0,0.0,0.0,0.0,0.0,0.0,0.0,0.0,0.0,0.0,0.0,0.0,0.0,0.0,0.0,0.0,0.0,0.0,0.0,0.0,0.304,0.29310344827586204,0.17094017094017094,0.08411214953271028,0.8473282442748091,0.7073170731707317,0.3167701863354037,0.052083333333333336,0.0,0.050724637681159424,0.006369426751592357,0.0410958904109589,0.0,0.0967741935483871,0.35964912280701755,0.36054421768707484,0.16901408450704225,0.02247191011235955,0.05970149253731343,0.15555555555555556,0.0847457627118644,0.030927835051546393,0.0,0.0,0.0,0.0,0.0,0.0,0.0,0.0,0.0,0.0,0.0,0.0,0.0,0.006802721088435374,0.0,0.0,0.0,0.0,0.0,0.0,0.0,0.0,0.0,0.0,0.0,0.0,0.0,0.0,0.0,0.0,0.0,0.0,0.0,0.0,0.0,0.0,0.0,0.0,0.0
1306035, cls, MOB_1306035_1306037_IS150_-1, sv,5.91479,0.00029997,116,-1.0,0.6,115,0.9,0.375,PASS,0.0,0.0,0.0,0.0,0.0,0.006211180124223602,0.20930232558139536,0.23728813559322035,0.09022556390977443,0.058823529411764705,0.0,0.0,0.0,0.0,0.0,0.0,0.0,0.0,0.0,0.0,0.0,0.0,0.0,0.0,0.0,0.0,0.0,0.0,0.0,0.0,0.0,0.0,0.0,0.0,0.0,0.0,0.0,0.0,0.0,0.0,0.0,0.0,0.0,0.0,0.0,0.0,0.0,0.0,0.0,0.0,0.0,0.0,0.0,0.0,0.0,0.0,0.0,0.0,0.0,0.0,0.0,0.0,0.0,0.0,0.0,0.0,0.0,0.0,0.0,0.0,0.0,0.0,0.0,0.0,0.0,0.0,0.0,0.0,0.0,0.0,0.0,0.0,0.0,0.0,0.0,0.0,0.0,0.0,0.0,0.0,0.0,0.0,0.0,0.0,0.0,0.0,0.0,0.0,0.0,0.0,0.0,0.0,0.0,0.0,0.0,0.0,0.0,0.0,0.0,0.0,0.0,0.0,0.0,0.0,0.0,0.0,0.0,0.0,0.0,0.0,0.0,0.0,0.0,0.0,0.0,0.0,0.0,0.0,0.0,0.0,0.0,0.0,0.0,0.0,0.0,0.0,0.0,0.0,0.0
1333191, cysB, C->T, missense,2.22324,9.999e-05,116,-1.0,0.105263,112,0.9,0.0764331,PASS,0.0,0.010526315789473684,0.0,0.005494505494505495,0.0,0.0,0.0,0.0,0.0,0.0,0.0,0.0,0.0,0.0,0.0,0.0,0.0,0.0,0.0,0.0,0.0,0.0,0.0136986301369863,0.0,0.0,0.004761904761904762,0.0,0.0196078431372549,0.0,0.0,0.0,0.0,0.0,0.0,0.019230769230769232,0.0,0.0,0.0,0.0,0.011111111111111112,0.0055248618784530384,0.08396946564885496,0.06666666666666667,0.07913669064748201,0.0392156862745098,0.07042253521126761,0.1111111111111111,0.02127659574468085,0.03529411764705882,0.0,0.0,0.0,0.0,0.0,0.0,0.006622516556291391,0.009900990099009901,0.0,0.0,0.010101010101010102,0.0,0.0,0.0,0.0,0.0,0.0,0.0,0.0,0.0,0.0,0.0,0.0,0.0,0.0,0.0,0.0,0.0,0.0,0.006711409395973154,0.0,0.006535947712418301,0.0,0.0,0.009345794392523364,0.0,0.0,0.0,0.0,0.006666666666666667,0.0,0.0,0.0,0.011235955056179775,0.0,0.006211180124223602,0.007462686567164179,0.0,0.009345794392523364,0.0,0.0,0.0,0.0,0.0,0.0,0.0,0.0,0.0,0.0,0.0049261083743842365,0.0,0.0,0.0,0.0,0.01775147928994083,0.0,0.0,0.0,0.0,0.0,0.0,0.0,0.0,0.0,0.0,0.0,0.0,0.0,0.0,0.0,0.0,0.0,0.0,0.0,0.0,0.0,0.0,0.0,0.0,0.0
1343489, yciR, G->A, synonymous,1.49996,9.999e-05,116,-1.0,1.0,116,0.9,1.0,PASS,0.0,0.0,0.0,0.0,0.0,0.0,0.0,0.0,0.0,0.0,0.0,0.0,0.029411764705882353,0.0,0.0,0.0,0.0,0.0,0.0,0.0,0.0,0.0,0.0,0.0,0.0,0.0,0.0,0.0,0.0,0.0,0.0,0.0,0.015873015873015872,0.0,0.0,0.0,0.0,0.0,0.0,0.0,0.0,0.0,0.0,0.0,0.0,0.0,0.0,0.0,0.0,0.0,0.0,0.0,0.0,0.0,0.060240963855421686,0.0,0.0,0.0,0.0,0.0,0.0,0.0,0.0,0.0,0.0,0.0,0.0,0.0,0.0,0.0,0.0,0.0,0.0,0.0125,0.04938271604938271,0.10784313725490197,0.038461538461538464,0.07692307692307693,0.014285714285714285,0.038834951456310676,0.07894736842105263,0.02631578947368421,0.07368421052631578,0.0,0.05747126436781609,0.0625,0.3157894736842105,0.16129032258064516,0.017699115044247787,0.26436781609195403,0.7471264367816092,0.8974358974358975,0.7530864197530864,0.6333333333333333,0.8235294117647058,0.9230769230769231,0.9344262295081968,0.9402985074626866,0.9298245614035088,0.9513888888888888,1.0,1.0,1.0,1.0,0.9908256880733946,1.0,1.0,1.0,1.0,1.0,1.0,1.0,1.0,1.0,1.0,1.0,1.0,0.0,0.0,0.0,0.0,0.0,0.0,0.0,0.0,0.0,0.0,0.0,0.0,0.0,0.0,0.0,0.0,0.0,0.0,0.0,0.0,1.0,1.0
1349566, intergenic, MOB_1349566_1349572_IS186_1, sv,1.9175,9.999e-05,115,-1.0,1.0,113,0.9,0.923077,PASS,0.0,0.017094017094017096,0.0,0.0,0.0,0.0,0.0,0.0,0.00625,0.0,0.0,0.0,0.0,0.0,0.0,0.0,0.0,0.007692307692307693,0.0,0.0,0.0,0.0,0.013793103448275862,0.011764705882352941,0.0125,0.042105263157894736,0.10679611650485436,0.10526315789473684,0.15476190476190477,0.1091703056768559,0.10714285714285714,0.16233766233766234,0.2653061224489796,0.2604166666666667,0.1590909090909091,0.30666666666666664,0.21333333333333335,0.0,0.23417721518987342,0.09202453987730061,0.2384937238493724,0.22033898305084745,0.1267605633802817,0.07377049180327869,0.1038961038961039,0.14912280701754385,0.1079136690647482,0.08602150537634409,0.13636363636363635,0.0,0.0,0.005263157894736842,0.0,0.0,0.0,0.014354066985645933,0.0,0.0,0.007575757575757576,0.0,0.0,0.0,0.0,0.005747126436781609,0.0051813471502590676,0.00641025641025641,0.0,0.010471204188481676,0.0,0.0,0.0,0.0,0.0,0.0,0.008,0.0,0.0,0.0,0.0,0.0,0.0,0.0,0.0,0.0,0.0,0.0,0.011299435028248588,0.0,0.003246753246753247,0.0,0.0,0.0,0.0,0.0,0.0,0.0,0.0,0.0,0.0,0.0,0.008928571428571428,0.0,0.0,0.0,0.0,0.0,0.0,0.0,0.0,0.0,0.0,0.0,0.0,0.0,0.0,0.0,0.0,0.0,0.0,0.0,0.0,0.0,0.0,0.0,0.0,0.0,0.0,0.0,0.0,0.0,0.0,0.0,0.0,0.0,0.0,0.0,0.0,0.0,0.0
1353846, sapA, junction_1353846_-1_IS150_end, sv,2.4285,9.999e-05,116,-1.0,0.26087,115,0.9,0.025974,PASS,0.0,0.0,0.0,0.0,0.0,0.0,0.0,0.0,0.0,0.0,0.0,0.0,0.0,0.0,0.0,0.0,0.0,0.0,0.0,0.0,0.0,0.0,0.0,0.0,0.0,0.0,0.0,0.0,0.0,0.0,0.0,0.0,0.0,0.0,0.0,0.0,0.0,0.0,0.0,0.0,0.0,0.0,0.0,0.0,0.0,0.0,0.0,0.0,0.0,0.0,0.0,0.0,0.0,0.0,0.0,0.0,0.0,0.0,0.0,0.07547169811320754,0.16666666666666666,0.25,0.4423076923076923,0.4186046511627907,0.26804123711340205,0.18333333333333332,0.3625,0.34285714285714286,0.08641975308641975,0.04878048780487805,0.015384615384615385,0.03571428571428571,0.03773584905660377,0.17647058823529413,0.3333333333333333,0.15714285714285714,0.1590909090909091,0.16129032258064516,0.020833333333333332,0.0,0.0,0.0,0.0,0.0,0.0,0.0,0.0,0.0,0.0,0.0,0.0,0.0,0.0,0.0,0.0,0.0,0.0,0.0,0.0,0.0,0.0,0.0,0.0,0.0,0.0,0.0,0.0,0.0,0.0,0.0,0.0,0.0,0.0,0.0,0.0,0.0,0.0,0.0,0.0,0.0,0.0,0.0,0.0,0.0,0.0,0.0,0.0,0.0,0.0,0.0,0.0,0.0,0.0,0.0,0.0,1.0,0.0,0.0,0.0
1354394, sapA, indel;-30, indel,1.99662,9.999e-05,36,-1.97264,0.0207612,80,0.9,0.444444,PASS,0.0,0.0,0.0,0.0,0.0,0.0,0.0,0.0,0.0,0.0,0.0,0.0,0.0,0.0,0.0,0.0,0.0,0.0,0.0,0.0,0.0,0.0,0.0,0.0,0.0,0.0,0.0,0.0,0.0,0.0,0.0,0.0,0.0,0.0,0.0,0.0,0.0,0.0,0.0,0.0,0.0,0.0,0.0,0.0,0.0,0.0,0.0,0.0,0.0,0.0,0.0,0.0,0.0,0.0,0.0,0.0,0.0,0.0,0.0,0.0,0.0,0.0,0.0,0.0,0.0,0.0,0.15384615384615385,0.4444444444444444,0.09523809523809523,0.13333333333333333,0.8333333333333334,0.56,0.3333333333333333,0.8947368421052632,0.625,0.8,0.8,0.8,0.9253731343283582,0.8,0.6938775510204082,0.45454545454545453,0.9863013698630136,0.9666666666666667,0.6976744186046512,0.34782608695652173,0.0,0.3333333333333333,0.0,0.3,0.0,0.14285714285714285,0.7391304347826086,0.8,0.6486486486486487,0.125,0.0,0.18181818181818182,0.2,0.17391304347826086,0.0,0.0,0.0,0.0,0.0,0.0,0.0,0.0,0.0,0.0,0.0,0.0,0.0,0.0,,0.0,,0.0,0.0,0.0,0.0,0.0,0.0,0.0,0.0,0.0,0.0,0.0,0.0,0.0,0.0,0.0,0.0,0.0,0.0,,0.0,0.0,0.0
1354425, sapA, MOB_1354425_1354427_IS150_1, sv,0.841296,9.999e-05,116,-1.0,1.0,112,0.9,0.923077,PASS,0.0,0.0,0.0,0.0,0.0,0.0,0.0,0.0,0.012121212121212121,0.0,0.0,0.0,0.0,0.0,0.0,0.0,0.0,0.0,0.0,0.0,0.0,0.0,0.0,0.0,0.0,0.0,0.0,0.0,0.0,0.25047380952380954,0.4612989851678376,0.48474027339642484,0.4317945402298851,0.40820246913580244,0.38605174488567995,0.44062637362637364,0.5031367521367522,0.6666666666666666,0.7749024024024025,0.8364673321234121,0.7483384267119413,0.7651252290775811,0.8604337090713902,0.8925716993051167,0.846265350877193,0.8758172790466733,0.829642857142857,0.8954885654885655,0.8841838235294118,0.9568726114649682,0.9746100307062435,0.9286140529531567,0.9433051948051947,0.9346278814489573,0.921300287356322,0.9275975049244911,0.9257016444792483,0.9692690735694822,0.9512790368271956,0.9299136960600376,0.954096399535424,0.9439113607990013,0.9426186359269932,0.9237005076142132,0.9406930623686055,0.9244705882352942,0.900787535410765,0.9285855096882898,0.9469961013645225,0.9721592821088054,0.8878910386965376,0.904239470517449,0.9183642311886586,0.9107052341597797,0.9143356997971602,0.8880289179104478,0.9285436720142601,0.7707789743589744,0.8641472081218274,0.9030687984496124,0.978155672823219,0.9487160068846815,0.5360107142857143,0.8011623529411764,0.9567974927675987,0.9105218508997429,0.9264180672268907,0.9273780568407137,0.9322464920486435,0.9175878378378379,0.9273205814843153,0.9426314779270634,0.9234808061420344,0.9430641158221302,0.920132798573975,0.9084624542124542,0.9058497652582159,0.8702940414507772,0.9015013227513228,0.9075023160061759,0.9674898125509372,0.9329860302677532,0.9110409090909091,0.9375023771790808,0.9308887896382313,0.9757028934368386,0.9618741217798593,0.9564856307842182,0.9395479066022544,0.9531952736318406,0.9742808924485126,0.947891891891892,0.9615765222161272,0.9474796710826862,0.9102818181818182,0.9464468503937009,0.9771009756097562,0.0,0.0,0.0,0.0,0.0,0.0,0.0,0.0,0.7096255144032921,0.0,0.0,0.0,0.0,0.0,0.8723118405627198,0.7754763636363637,0.8548825448613377,0.7709761606022585,0.6666666666666666,0.8722733644859814,0.9226140897755611,0.9484248291571754
1354427, sapA, indel;-1;-3;+T, indel,3.09342,0.00019998,116,-1.0,1.0,113,0.9,0.923077,PASS,0.0,0.0,0.0,0.0,0.0,0.0,0.0,0.0,0.0,0.0,0.0,0.0,0.0,0.0,0.0,0.0,0.0,0.0,0.0,0.0,0.0,0.0,0.0,0.0,0.0,0.0,0.0,0.0,0.0,0.0,0.0,0.0,0.0,0.0,0.023255813953488372,0.043478260869565216,0.02,0.0,0.0,0.0,0.0,0.02247191011235955,0.009345794392523364,0.01282051282051282,0.0,0.0,0.043478260869565216,0.12903225806451613,0.3023255813953488,0.15625,0.06521739130434782,0.08163265306122448,0.0,0.017857142857142856,0.0,0.022727272727272728,0.0,0.0,0.0,0.0,0.0,0.0,0.013333333333333334,0.0,0.0,0.0,0.021505376344086023,0.031746031746031744,0.0,0.0,0.0,0.0,0.0,0.0,0.0,0.0,0.0,0.0,0.0,0.0,0.0,0.0,0.0,0.0,0.0,0.0,0.0,0.02564102564102564,0.009900990099009901,0.0,0.0,0.0,0.0,0.0,0.015384615384615385,0.03333333333333333,0.0,0.0,0.0,0.0,0.0,0.0,0.0,0.0,0.008264462809917356,0.0,0.0,0.0,0.0,0.0,0.0,0.0,0.0,0.0,0.0,0.0,0.0,0.0,0.0,0.0,0.0,0.0,0.0,0.0,0.0,0.0,0.0,0.0,0.0,0.0,0.0,0.0,0.0,0.0,0.0,0.0,0.0,0.0,0.0
1355271, sapA, A->C, missense,2.16838,0.00509949,116,-1.0,0.036036,113,0.9,0.230769,PASS,0.0,0.0,0.0,0.0,0.0,0.008547008547008548,0.0,0.0,0.0,0.0,0.0,0.0,0.02040816326530612,0.0,0.0,0.0,0.0,0.0,0.0,0.0,0.0,0.0,0.0,0.0,0.0,0.0,0.0,0.0,0.0,0.0,0.0,0.0,0.0,0.0,0.0,0.0,0.0,0.0,0.0,0.010101010101010102,0.0,0.0,0.0,0.0,0.023255813953488372,0.10526315789473684,0.025974025974025976,0.05555555555555555,0.08108108108108109,0.0,0.034482758620689655,0.013157894736842105,0.0,0.0,0.0,0.010638297872340425,0.0,0.0,0.0,0.0,0.0,0.0,0.0,0.0,0.0,0.0,0.0,0.0,0.03225806451612903,0.0,0.0,0.0,0.0,0.0,0.0,0.0,0.017543859649122806,0.0,0.0,0.0,0.0,0.0,0.0,0.0,0.0,0.0,0.0,0.0,0.0,0.0,0.0,0.0,0.0,0.0,0.0,0.0,0.0,0.0,0.0,0.0,0.0,0.0,0.0,0.0,0.0,0.0,0.010869565217391304,0.0,0.0,0.0,0.0,0.0,0.0,0.0,0.0,0.0,0.0,0.0,0.0,0.0,0.0,0.0,0.0,0.0,0.0,0.0,0.0,0.0,0.0,0.0,0.0,0.0,0.0,0.0,0.0,0.0,0.0,0.0,0.0
1376383, ycjT, MOB_1376383_1376385_IS150_1, sv,3.08471,9.999e-05,116,-1.0,0.666667,116,0.9,0.705882,PASS,0.0,0.0,0.0,0.0,0.0,0.007692307692307693,0.0,0.023529411764705882,0.014705882352941176,0.0,0.0,0.06451612903225806,0.0,0.0,0.0,0.0,0.0,0.028037383177570093,0.008,0.017391304347826087,0.0,0.0,0.00819672131147541,0.0,0.0,0.00980392156862745,0.0,0.0,0.0,0.010869565217391304,0.0,0.008620689655172414,0.006944444444444444,0.0,0.0,0.0,0.0,0.0,0.0,0.0,0.0,0.0,0.0,0.004672897196261682,0.012048192771084338,0.0,0.0,0.014492753623188406,0.0,0.0,0.0,0.0,0.0,0.0,0.005128205128205128,0.0,0.0,0.009345794392523364,0.007575757575757576,0.0,0.006578947368421052,0.011695906432748537,0.00847457627118644,0.0,0.0,0.0,0.0,0.0,0.0,0.012121212121212121,0.0,0.0472972972972973,0.03571428571428571,0.14666666666666667,0.25,0.18666666666666668,0.14285714285714285,0.08,0.025157232704402517,0.0,0.011428571428571429,0.0,0.0,0.0,0.0,0.01,0.0,0.012345679012345678,0.004629629629629629,0.0,0.0,0.0,0.0,0.0,0.0,0.0,0.0,0.0,0.0,0.0,0.004807692307692308,0.0,0.0,0.0,0.0,0.0,0.0,0.0,0.0,0.0,0.0,0.0,0.0,0.004291845493562232,0.0,0.008333333333333333,0.0,0.0,0.0,0.0,0.0,0.0,0.0,0.0,0.0,0.0,0.0,0.0,0.0,0.0,0.0,0.0,0.0,0.0,0.0,1.0,0.0,0.0,0.0
1393179, mppA, junction_1393179_1_IS1_start, sv,5.35967,9.999e-05,116,-1.0,0.923077,115,0.9,0.923077,PASS,0.0,0.0,0.0,0.0,0.0,0.0,0.0,0.0,0.0,0.0,0.0,0.0,0.0,0.0,0.07765521235521236,0.0,0.13629248291571755,0.18643263288009887,0.0508322005097706,0.023801789976133653,0.0,0.0,0.0,0.0,0.0,0.0,0.0,0.0,0.0,0.0,0.0,0.0,0.0,0.0,0.0,0.0,0.0,0.0,0.0,0.0,0.0,0.0,0.0,0.0,0.0,0.0,0.0,0.0,0.0,0.0,0.0,0.0,0.0,0.0,0.0,0.0,0.0,0.0,0.0,0.0,0.0,0.0,0.0,0.0,0.0,0.0,0.0,0.0,0.0,0.0,0.0,0.0,0.0,0.0,0.0,0.0,0.0,0.0,0.0,0.0,0.0,0.0,0.0,0.0,0.0,0.0,0.0,0.0,0.0,0.0,0.0,0.0,0.0,0.0,0.0,0.0,0.0,0.0,0.0,0.0,0.0,0.0,0.0,0.0,0.0,0.0,0.0,0.0,0.0,0.0,0.0,0.0,0.0,0.0,0.0,0.0,0.0,0.0,0.0,0.0,0.0,0.0,0.0,0.0,0.0,0.0,0.0,0.0,0.0,0.0,0.0,0.0,0.0,0.0,0.0,0.0,0.0,0.0,0.0
1427203, ynaF, MOB_1427203_1427211_IS1_-1, sv,2.13661,9.999e-05,116,-1.0,0.923077,115,0.9,0.8,PASS,0.0,0.0,0.0,0.0,0.0,0.0,0.0,0.0,0.0,0.0,0.0,0.0,0.0,0.0,0.0,0.0,0.0,0.0,0.0,0.0,0.0,0.0,0.0,0.0,0.0,0.0,0.0,0.0,0.0,0.0,0.0,0.0,0.0,0.0,0.0,0.0,0.0,0.0,0.0,0.0,0.0,0.0,0.0,0.0,0.0,0.0,0.0,0.0,0.0,0.0,0.0,0.0,0.0,0.0,0.0,0.0,0.0,0.0,0.0,0.0,0.008300164609053497,0.00830823723228995,0.03962397151898734,0.007727739463601532,0.007022471910112359,0.0,0.0,0.0,0.14211924439197166,0.2448198645598194,0.1642776109215017,0.2615942513368984,0.3738947368421052,0.17745173501577288,0.35175250357653787,0.23284592592592593,0.3639521044992743,0.3671049284578697,0.2039232720355105,0.45923672971323976,0.7043942161339422,0.8637095010252904,0.07736425561797752,0.2224145519077196,0.681083519761372,0.8011825572801182,0.5810302631578947,0.8142974051896208,0.8691724137931034,0.6701756842775303,0.2154196275071633,0.0,0.0,0.0,0.0,0.0,0.0,0.0,0.0,0.0,0.0,0.0,0.0,0.0,0.0,0.0,0.0,0.0,0.0,0.0,0.0,0.0,0.0,0.0,0.0,0.0,0.0,0.0,0.0,0.0,0.0,0.0,0.0,0.0,0.0,0.0,0.0,0.0,0.0,0.0,0.0,0.0,0.0,0.0,0.0,0.0,0.0,0.0,0.0
1458658, aldA, MOB_1458658_1458666_IS1_-1, sv,3.21676,9.999e-05,116,-1.0,0.923077,115,0.9,0.923077,PASS,0.0,0.0,0.0,0.0,0.0,0.0,0.0,0.0,0.0,0.0,0.0,0.0,0.0,0.0,0.0,0.0,0.0,0.0,0.0,0.0,0.0,0.0,0.0,0.0,0.0,0.0,0.0,0.0,0.0,0.0,0.0,0.0,0.0,0.0,0.0,0.0,0.0,0.0,0.0,0.0,0.0,0.0,0.0,0.0,0.0,0.0,0.0,0.0,0.0,0.0,0.0,0.0,0.0,0.0,0.0,0.0,0.0,0.0,0.0,0.0,0.0,0.0,0.017624165202108962,0.06600758341759352,0.012054676258992805,0.04139664310954063,0.1100956979806848,0.10035056704469646,0.2173552960800667,0.14289678078691875,0.048304563650920736,0.056268454763811045,0.026495256916996047,0.0,0.0,0.0,0.0,0.0,0.0,0.0,0.0,0.0,0.0,0.0,0.0,0.0,0.0,0.0,0.0,0.0,0.0,0.0,0.0,0.0,0.0,0.0,0.0,0.0,0.0,0.0,0.0,0.0,0.0,0.0,0.0,0.0,0.0,0.0,0.0,0.0,0.0,0.0,0.0,0.0,0.0,0.0,0.0,0.0,0.0,0.0,0.0,0.0,0.0,0.0,0.0,0.0,0.0,0.0,0.0,0.0,0.0,0.0,0.0,0.0,0.0,0.0,0.0,0.0,0.0
1458755, aldA, junction_1458755_-1_IS150_end, sv,4.28439,0.00109989,116,-1.0,0.666667,115,0.9,0.292683,PASS,0.0,0.0,0.0,0.0,0.0,0.0,0.0,0.0,0.0,0.0,0.0,0.0,0.0,0.0,0.0,0.0,0.0,0.0,0.0,0.0,0.0,0.0,0.0,0.0,0.0,0.0,0.0,0.0,0.0,0.0,0.0,0.0,0.0,0.0,0.0,0.0,0.0,0.0,0.0,0.0,0.0,0.0,0.0,0.0,0.0,0.0,0.0,0.0,0.0,0.0,0.0,0.0,0.0,0.09302325581395349,0.14705882352941177,0.14545454545454545,0.0,0.0,0.0,0.045454545454545456,0.0,0.013888888888888888,0.0,0.0,0.0,0.0,0.0,0.0,0.0,0.0,0.0,0.0,0.0,0.0,0.0,0.0,0.0,0.0,0.0,0.0,0.0,0.045454545454545456,0.0,0.0,0.0,0.0,0.0,0.0,0.0,0.0,0.0,0.0,0.0,0.0,0.0,0.0,0.0,0.0,0.0,0.0,0.0,0.0,0.0,0.0,0.0,0.0,0.0,0.0,0.0,0.0,0.0,0.0,0.0,0.0,0.0,0.0,0.0,0.0,0.0,0.0,0.0,0.0,0.0,0.0,0.0,0.0,0.0,0.0,0.0,0.0,0.0,0.0,0.0,0.0,0.0,0.0,0.041666666666666664,0.0,0.0
1461979, intergenic, junction_1461979_1_IS1_end, sv,3.44232,9.999e-05,116,-1.0,1.0,113,0.9,0.521739,PASS,0.0,0.0,0.0,0.0,0.0,0.0,0.0,0.0,0.0,0.0,0.0,0.0,0.0,0.0,0.0,0.0,0.0,0.0,0.0,0.0,0.0,0.0,0.0,0.0,0.0,0.0,0.0,0.0,0.0,0.0,0.0,0.0,0.0,0.0,0.0,0.0,0.0,0.0,0.0,0.0,0.0,0.0,0.0,0.0,0.0,0.0,0.0,0.0,0.0,0.0,0.0,0.0,0.0,0.0,0.0,0.0,0.0,0.0,0.0,0.0,0.0,0.0,0.0,0.0,0.0,0.0,0.0,0.0,0.0,0.0,0.0,0.0,0.0,0.0,0.0,0.0,0.0,0.0,0.0,0.0,0.0,0.0,0.0,0.0,0.0,0.0,0.0,0.0,0.0,0.0,0.0,0.0,0.0,0.0,0.0,0.0,0.0,0.0,0.0,0.0,0.0,0.0,0.0,0.0,0.0,0.010638297872340425,0.0234375,0.015151515151515152,0.027522935779816515,0.024193548387096774,0.03636363636363636,0.08108108108108109,0.04854368932038835,0.08571428571428572,0.4,0.13333333333333333,0.25,0.0,0.0,0.0,0.0,0.0,0.0,0.0,0.0,0.0,0.0,0.0,0.0,0.0,0.0,0.0,0.0,0.0,0.0,0.0,,0.0,0.0
1462114, hokB, junction_1462114_-1_1462266_1, sv,3.91723,0.00219978,116,-1.0,0.1875,115,0.9,0.75,PASS,0.0,0.0,0.0,0.0,0.0,0.0,0.0,0.0,0.0,0.0,0.0,0.0,0.0,0.0,0.0,0.0,0.0,0.0,0.0,0.0,0.0,0.10309278350515463,0.08264462809917356,0.0,0.0,0.0,0.0,0.0,0.0,0.0,0.0,0.0,0.0,0.0,0.0,0.0,0.0,0.0,0.0,0.0,0.0,0.0,0.0,0.007704160246533127,0.0,0.0,0.022026431718061675,0.05305039787798408,0.0,0.0,0.0,0.0,0.0,0.02197802197802198,0.0,0.0,0.0,0.0,0.0,0.0,0.0,0.0,0.0,0.0,0.0,0.010050251256281407,0.0,0.0,0.0,0.0,0.0,0.0,0.0,0.0,0.0,0.0,0.0,0.0,0.0,0.0,0.0,0.0,0.0,0.0,0.0,0.0,0.0,0.0,0.0,0.0,0.0,0.0,0.0,0.0,0.0,0.0,0.0,0.0,0.0,0.0,0.0,0.0,0.0,0.0,0.0,0.0,0.0,0.0,0.0,0.0,0.0,0.0,0.0,0.0,0.0,0.0,0.0,0.0,0.0,0.0,0.0,0.0,0.0,0.0,0.0,0.0,0.0,0.0,0.0,0.0,0.0,0.0,0.0,0.0,0.0,0.0,,0.0,0.0
1462266, hokB, MOB_1462266_1462268_IS150_-1, sv,0.963958,9.999e-05,116,-1.0,0.571429,116,0.9,0.923077,PASS,0.008739033942558747,0.036451125,0.8256253731343283,0.978480044345898,1.0000547770700636,0.9999916974169741,1.0,1.0,0.9998610421836229,1.0,1.0,1.0,1.0,1.0,1.0,1.0,0.8733717391304348,0.963416126042632,0.9129847425301971,0.992271050521251,1.0,1.0,1.0,1.0,1.0003425925925926,1.0,1.0,1.0,0.9602944881889764,0.9655172413793104,0.9915254237288136,0.9801980198019802,1.0,0.9998208661417324,1.0,1.0,0.9916666666666667,1.0,1.0,1.0,0.9998642930856552,1.000033389926429,1.0,1.0,1.0002811881188118,1.0,1.0,1.0,1.0,1.0,1.0,1.0,0.987356014580802,1.0,0.9868421052631579,0.9660888290713324,0.9786354238456237,0.9915912408759124,0.9358974358974359,0.9312445604873802,0.8634361233480177,0.8674863387978142,0.9334565619223659,0.9744956195244054,0.9858681022880216,0.7845084409136047,0.9297177642501384,0.9637730690362268,0.957803081044876,0.9514925373134329,0.9833333333333333,0.8479020979020978,0.9129511677282377,0.9146681539319576,0.9553710493046778,0.9999715254237288,1.0,1.0,1.000195767195767,0.9997416445623343,1.0001533078880407,1.0001624365482233,1.000273545290942,1.000319266055046,1.000187708750835,1.0000629599345872,1.0,1.0,1.0001847879083374,0.9997085577498505,1.0,0.9996397889977393,1.000286639199529,1.0002827814569537,1.000255107386066,0.9998752260397831,1.0,0.9996964448495899,1.0,0.9999467518636849,1.0,1.0,1.0,1.0,1.0,1.0,1.0,1.0,1.0,1.0,1.0,1.0,1.0,1.0,1.0,1.0,1.0,0.0,0.0,0.017449999999999997,0.0,0.0,0.0,1.0,1.0,1.0,1.0,1.0,1.0,1.0,0.9998381962864721,1.0,1.0,1.0,1.0,1.0,1.0,1.0,1.0
1462267, hokB, MOB_1462267_1462268_IS150_-1, sv,1.59354,0.00049995,116,-1.0,0.8,103,0.9,0.857143,PASS,0.0,0.012818443579766537,0.0,0.0,0.0,0.0,0.0,0.0,0.0,0.0,,,,0.0,,0.0,0.0,0.01818583256669733,0.0,0.014590177252584933,0.0,,0.0,0.0,0.0,0.0,0.0,0.0,0.06770912806539509,0.055860521415270016,0.011336757369614512,0.03544377224199288,0.0,0.0,,,0.014640778267254038,,0.0,0.0,0.0,0.0,0.0,0.0,0.0,0.0,0.0,0.0,0.0,,0.0,,0.019449705882352942,0.0,0.025015636822194202,0.020761883468834688,0.02086070931849791,0.008680555555555556,0.1104066815144766,0.11628196480938416,0.1362397820163488,0.1317397069085834,0.06538778195488722,0.0250117054751416,0.01330671989354624,0.21160081053698077,0.06776022662889519,0.03480356145251397,0.04026138814016172,0.04713452041785375,0.030231554878048784,0.14914651368049425,0.0870195794053662,0.08244911504424779,0.043818284993694834,0.0,0.0,0.0,0.0,0.0,0.0,0.0,0.0,0.0,0.0,0.0,,0.0,0.0,0.0,0.0,0.0,0.0,0.0,0.0,0.0,0.0,0.0,0.0,0.0,0.0,0.0,,0.0,0.0,0.0,0.0,0.0,0.0,0.0,0.0,0.0,0.0,0.0,,0.0,0.0,0.0,0.0,0.05989754966887417,0.0,0.0,0.0,0.0,0.0,0.0,0.0,0.0,0.0,0.0,0.0,0.0,0.0,0.0,0.0,0.0,,0.0,
1462341, intergenic, junction_1462341_1_IS1_end, sv,3.3606,0.00259974,116,-1.0,0.0151134,112,0.9,0.137931,PASS,0.0,0.0,0.0,0.0,0.0,0.0,0.0,0.0,0.0,0.0,,0.0,0.0,0.0,0.0,0.0,0.0,0.0,0.0,0.0,0.0,0.0,0.0,0.0,0.0,0.0,0.0,0.0,0.0,0.0,0.0,0.0,0.0,0.0,0.08695652173913043,0.0,0.0,0.0,0.0,0.0,0.0,0.0,0.0,0.0,0.0,0.029411764705882353,0.06896551724137931,0.23076923076923078,0.08333333333333333,0.0,0.058823529411764705,0.0,0.0,0.0,0.03571428571428571,0.0,0.0,0.0,0.0,0.0,0.0,0.0,0.0,0.0,0.0,0.038461538461538464,0.0,0.0,0.0,0.0,0.0,0.0,0.0,0.0,0.0,0.0,0.0,0.0,0.0,0.0,0.0,0.0,0.0,0.0,0.0,0.0,0.0,0.0,0.0,0.0,0.0,0.0,0.0,0.0,0.0,0.0,0.0,0.0,0.0,0.0,0.0,0.0,0.0,0.0,0.0,0.0,0.0,0.0,0.0,0.03225806451612903,0.0,0.0,0.0,0.0,0.0,0.0,0.0,0.0,0.0,0.0,0.0,0.0,0.0,0.0,0.0,0.0,0.0,0.0,0.0,0.0,0.0,0.0,0.0,0.0,0.0,0.0,0.0,0.0,0.0
1463035, trg, junction_1463035_1_IS1_end, sv,4.29837,0.00089991,116,-1.0,0.666667,115,0.9,0.413793,PASS,0.0,0.0,0.0,0.0,0.0,0.0,0.0,0.0,0.0,0.0,0.0,0.0,0.0,0.0,0.0,0.0,0.0,0.0,0.0,0.0,0.0,0.0,0.0,0.0,0.0,0.0,0.0,0.0,0.0,0.0,0.0,0.02666666666666667,0.14285714285714285,0.09803921568627451,0.027777777777777776,0.10810810810810811,0.02666666666666667,0.0,0.0,0.0,0.0,0.0,0.0,0.0,0.0,0.0,0.0,0.0,0.0,0.0,0.0,0.0,0.0,0.0,0.0,0.0,0.0,0.0,0.0,0.0,0.0,0.0,0.0,0.0,0.0,0.0,0.0,0.0,0.0,0.0,0.0,0.0,0.0,0.0,0.0,0.0,0.0,0.0,0.0,0.0,0.0,0.0,0.0,0.0,0.0,0.0,0.0,0.0,0.0,0.0,0.0,0.0,0.0,0.0,0.0,0.0,0.0,0.0,0.0,0.0,0.0,0.0,0.0,0.0,0.0,0.0,0.0,0.0,0.0,0.0,0.0,0.0,0.0,0.0,0.0,0.0,0.0,0.0,0.0,0.0,0.0,0.0,0.0,0.0,0.0,0.0,0.0,0.0,0.0,0.0,0.0,0.0,0.0,0.0,0.0,0.0,0.0,0.0,0.0
1464088, trg, junction_1464088_1_IS150_start, sv,3.98404,0.00039996,116,-1.0,0.0418118,116,0.9,0.363636,PASS,0.0,0.0,0.0,0.0,0.0,0.0,0.0,0.0,0.0,0.0,0.0,0.0,0.0,0.0,0.0,0.0,0.0,0.0,0.0,0.0,0.0,0.0,0.0,0.0,0.0,0.0,0.0,0.0,0.0,0.0,0.0,0.0,0.0,0.0,0.0,0.0,0.0,0.0,0.0,0.0,0.0,0.0,0.0,0.0,0.0,0.0,0.0,0.0,0.0,0.0,0.0,0.015384615384615385,0.030303030303030304,0.13114754098360656,0.07462686567164178,0.044444444444444446,0.037037037037037035,0.0,0.0,0.0,0.0,0.0,0.0,0.0,0.0,0.0,0.0,0.0,0.0,0.0,0.0,0.0,0.0,0.0,0.0,0.0,0.0,0.0,0.0,0.0,0.0,0.0,0.0,0.0,0.0,0.0,0.0,0.0,0.0,0.0,0.0,0.0,0.0,0.0,0.0,0.0,0.0,0.0,0.0,0.0,0.0,0.0,0.0,0.0,0.0,0.0,0.0,0.0,0.0,0.0,0.0,0.0,0.0,0.0,0.0,0.0,0.0,0.0,0.0,0.0,0.0,0.0,0.0,0.0,0.0,0.0,0.0,0.0,0.0,0.0,0.0,0.0,0.0,0.0,0.0,0.0,0.0,0.0,0.0
1482484, ydcS, G->A, missense,4.80955,9.999e-05,116,-1.0,0.0316623,115,0.9,0.315789,PASS,0.0,0.0,0.0,0.0,0.0,0.0,0.14705882352941177,0.1724137931034483,0.16129032258064516,0.0,0.0,0.0,0.0,0.0,0.038461538461538464,0.0,0.0,0.0,0.0,0.0,0.0,0.0,0.0,0.0,0.0,0.0,0.0,0.0,0.0,0.0,0.0,0.0,0.012345679012345678,0.0,0.0,0.0,0.009433962264150943,0.0,0.0,0.0,0.0,0.0,0.0,0.0,0.0,0.0,0.0,0.0,0.0,0.0,0.0,0.0,0.0,0.0,0.0,0.0,0.0,0.0,0.0,0.0,0.0,0.01020408163265306,0.0,0.0,0.0,0.0,0.0,0.0,0.012345679012345678,0.0,0.0,0.0,0.0,0.0,0.0,0.0,0.0,0.0,0.0,0.0,0.0,0.0,0.0,0.0,0.0,0.0,0.0,0.0,0.0,0.0,0.0,0.0,0.0,0.0,0.0,0.011904761904761904,0.0,0.0,0.0,0.0,0.0,0.010309278350515464,0.0,0.0,0.0,0.0,0.0,0.0,0.0,0.0,0.0,0.0,0.007751937984496124,0.0,0.0,0.0,0.0,0.0,0.0,0.0,0.0,0.0,0.0,0.0,0.0,0.0,0.0,0.0,0.0,0.0,0.0,0.0,0.0,0.0,0.0,0.0,0.0,0.0,0.0
1507415, ydcE, junction_1507415_-1_1510126_1, sv,1.41175,9.999e-05,116,-1.0,0.857143,116,0.9,0.571429,PASS,0.0,0.0,0.0,0.0,0.0,0.0,0.0,0.0,0.0,0.0,0.0,0.0,0.0,0.0,0.0,0.0,0.0,0.0,0.0,0.0,0.0,0.0,0.0,0.0,0.0,0.0,0.0,0.0,0.0,0.0,0.0,0.0,0.0,0.0,0.0,0.0,0.0,0.0,0.0,0.0,0.0,0.00904977375565611,0.01990049751243781,0.015306122448979591,0.03260869565217391,0.050359712230215826,0.043478260869565216,0.10144927536231885,0.0898876404494382,0.36065573770491804,0.43333333333333335,0.3157894736842105,0.19047619047619047,0.23157894736842105,0.13580246913580246,0.20987654320987653,0.21333333333333335,0.30973451327433627,0.16666666666666666,0.21367521367521367,0.11214953271028037,0.35964912280701755,0.22115384615384615,0.21379310344827587,0.2,0.11764705882352941,0.21875,0.11864406779661017,0.203125,0.18579234972677597,0.29310344827586204,0.16666666666666666,0.03968253968253968,0.1743119266055046,0.05970149253731343,0.10810810810810811,0.1728395061728395,0.17857142857142858,0.5555555555555556,0.37857142857142856,0.14893617021276595,0.04477611940298507,0.7068965517241379,0.5909090909090909,0.15833333333333333,0.04878048780487805,0.0,0.061224489795918366,0.01293103448275862,0.020833333333333332,0.0,0.09734513274336283,0.19230769230769232,0.3,0.19047619047619047,0.029197080291970802,0.0,0.022988505747126436,0.0273972602739726,0.008130081300813009,0.0,0.0,0.0,0.0,0.0,0.0,0.0,0.0,0.0,0.0,0.0,0.0,0.0,0.0,0.0,0.0,0.0,0.0,0.0,0.0,0.0,0.0,0.0,0.0,0.0,0.0,0.0,0.0,0.0,0.0,0.0,0.0,0.0,0.0,1.0,0.0,0.0,0.0,0.0
1507499, yddH, MOB_1507499_1507507_IS1_-1, sv,1.97888,0.00019998,116,-1.0,0.15,110,0.9,0.12,PASS,0.0,0.0,0.0,0.0,0.0,0.0,0.0,0.0,0.0,0.0,0.0,0.0,0.0,0.0,0.0,0.0,0.0,0.0,0.0,0.0,0.0,0.0,0.0,0.0,0.0,0.0,0.0,0.0,0.0,0.0,0.0,0.0,0.0,0.0,0.0,0.0,0.0,0.0,0.0,0.0,0.0,0.0,0.0,0.0,0.0,0.0,0.0,0.0,0.0,0.0,0.0,0.0,0.0,0.0,0.0,0.0,0.0,0.0,0.0,0.0,0.0,0.0,0.0,0.0,0.0,0.0,0.0,0.0,0.0,0.0,0.0,0.0,0.0,0.0,0.0,0.0,0.0,0.0,0.033312608695652175,0.0,0.0,0.0,0.0,0.0,0.0,0.0,0.0,0.0,0.0,0.0,0.0,0.0,0.0,0.0,0.0,0.0,0.0,0.0,0.0,0.0,0.0,0.0,0.0,0.06694133333333332,0.06101591062965471,0.06426610576923077,0.06982979094076655,0.06862529469548134,0.10942497625830959,0.06970853174603175,0.0899673285198556,0.04126337448559671,0.09045217826740111,0.06726220145379025,0.0,0.1169585287846482,0.0,0.0,0.0,0.0,0.0,0.0,0.0,0.0,0.0,0.0,0.0,0.0,0.0,0.0,0.0,0.011788110709987967,0.0,0.0,,0.0,0.0,0.0,0.0
1507570, yddH, C->A, nonsense,4.07085,0.00039996,116,-1.0,0.1875,111,0.9,0.8,PASS,0.007575757575757576,0.0,0.0,0.0,0.0,0.0,0.0,0.0,0.0,0.0,0.0,0.0,0.0,0.0,0.0,0.0,0.0,0.0,0.0,0.0,0.0,0.0,0.0,0.0,0.0,0.0,0.0,0.0,0.0,0.0,0.0,0.0,0.0,0.0,0.0,0.0,0.0,0.0,0.0,0.0,0.0,0.0,0.0,0.0,0.0,0.0,0.0,0.0,0.0,0.0,0.0,0.0,0.0,0.0,0.0,0.0,0.02,0.0,0.0,0.0,0.020833333333333332,0.0,0.0,0.0,0.0,0.0,0.0,0.0,0.0,0.0,0.0,0.0,0.0,0.0,0.0,0.0,0.0,0.0,0.09523809523809523,0.10344827586206896,0.12903225806451613,0.0425531914893617,0.0,0.0,0.0,0.0,0.0,0.0,0.0,0.0,0.0,0.0,0.0,0.0,0.0,0.0,0.0,0.0,0.0,0.0,0.0,0.0,0.0,0.0,0.0,0.0,0.015625,0.0,0.0,0.0,0.0,0.0,0.0,0.0,0.0,0.0,0.0,0.0,0.0,0.0,0.0,0.0,0.0,0.0,0.0,0.0,0.0,0.0,0.0,0.0,0.0,0.0,0.0,0.0,,0.03571428571428571,0.0,0.0,0.0
1507875, yddH, indel;-5, indel,4.21986,0.00109989,116,-1.0,0.8,113,0.9,0.923077,PASS,0.0,0.0,0.0,0.0,0.0,0.0,0.0,0.0,0.0,0.0,0.0,0.0,0.0,0.0,0.0,0.0,0.0,0.0,0.0,0.0,0.0,0.0,0.0,0.0,0.0,0.0,0.0,0.0,0.0,0.0,0.0,0.1103448275862069,0.13333333333333333,0.046511627906976744,0.023809523809523808,0.0,0.03278688524590164,0.0,0.0,0.0,0.0,0.0,0.0,0.0,0.0,0.0,0.0,0.0,0.0,0.0,0.0,0.0,0.0,0.0,0.0,0.0,0.0,0.0,0.0,0.0,0.0,0.0,0.0,0.0,0.0,0.0,0.0,0.0,0.0,0.0,0.0,0.0,0.0,0.0,0.0,0.0,0.0,0.0,0.0,0.0,0.0,0.0,0.0,0.0,0.0,0.0,0.0,0.0,0.0,0.0,0.0,0.0,0.0,0.0,0.0,0.0,0.0,0.0,0.0,0.0,0.0,0.0,0.0,0.0,0.0,0.0,0.0,0.0,0.0,0.0,0.0,0.0,0.0,0.0,0.0,0.0,0.0,0.0,0.0,0.0,0.0,0.0,0.0,0.0,0.0,0.0,0.0,0.0,0.0,0.0,0.0,0.0,0.0,0.0,,0.0,0.0,0.0,0.0
1508041, yddH, MOB_1508041_1508049_IS1_1, sv,4.15621,0.00059994,116,-1.0,0.3,111,0.9,0.923077,PASS,0.0,0.0,0.0,0.0,0.0,0.0,0.0,0.0,0.0,0.0,0.0,0.0,0.0,0.0,0.0,0.0,0.0,0.0,0.0,0.0,0.0,0.0,0.0,0.0,0.0,0.0,0.0,0.0,0.0,0.0,0.0,0.0,0.0,0.0,0.0,0.0,0.0,0.0,0.0,0.0,0.0,0.0,0.0,0.0,0.0,0.0,0.0,0.0,0.0,0.0,0.0,0.0,0.0,0.0,0.0,0.0,0.0,0.0,0.0,0.0,0.0,0.0,0.0,0.0,0.0,0.0,0.0,0.0,0.0,0.0,0.0,0.0,0.0,0.0,0.0,0.0,0.0,0.0,0.0,0.0,0.0,0.0,0.0,0.0,0.0,0.0,0.0,0.0,0.0,0.0,0.0,0.0,0.0,0.0,0.0,0.0,0.0,0.0,0.0,0.0,0.0,0.0055248618784530384,0.19047619047619047,0.12,0.05,0.0547945205479452,0.0,0.013953488372093023,0.00784313725490196,0.0,0.0,0.0,0.0,0.0,0.0,0.0,0.0,0.0,0.0,0.0,0.0,0.0,0.0,0.0,0.0,0.0,0.0,0.0,0.0,0.0,0.0,0.0,0.0,0.0,,0.0,0.0,0.0,0.0
1509659, intergenic, MOB_1509659_1509661_IS150_-1, sv,4.7611,0.00019998,116,-1.0,0.0909091,111,0.9,0.5,PASS,0.0,0.0,0.0,0.0,0.0,0.0,0.0,0.0,0.0,0.0,,0.0,0.0,0.0,0.0,0.0,0.1320754716981132,0.13385826771653545,0.024630541871921183,0.03314917127071823,0.0,0.0,0.0,0.0,0.0,0.0,0.0,0.0,0.0,0.0,0.0,0.0,0.0,0.0,0.0,0.0,0.0,0.0,0.0,0.0,0.0,0.0,0.0,0.0,0.0,0.0,0.0,0.0,0.0,0.0,0.0,0.0,0.0,0.0,0.0,0.0,0.0,0.0,0.0,0.0,0.0,0.0,0.0,0.0,0.0,0.0,0.0,0.0,0.0,0.0,0.0,0.0,0.0,0.0,0.0,0.0,0.0,0.0,0.0,0.0,0.0,0.0,0.0,0.0,0.0,0.0,0.0,0.0,0.0,0.0,0.0,0.0,0.0,0.0,0.0,0.0,0.0,0.0,0.0,0.0,0.0,0.0,0.0,0.0,0.0,0.0,0.0,0.0,0.0,0.0,0.0,0.0,0.0,0.0,0.0,0.0,0.0,0.0,0.0,0.0,0.0,0.0,0.0,0.0,0.0,0.0,0.0,0.0,0.0,0.0,0.0,0.0,0.0,0.0,,0.0,0.0,0.0,0.0
1518958, yddK, G->A, missense,3.27895,0.00089991,116,-1.0,0.5,112,0.9,0.428571,PASS,0.0,0.0,0.0,0.0,0.0,0.0,0.0,0.0,0.0,0.0,0.0,0.0,0.0,0.0,0.0,0.0,0.0,0.0,0.0,0.0,0.0,0.0,0.0,0.0,0.0,0.0,0.0,0.0,0.0,0.0,0.0,0.0,0.0,0.0,0.0,0.0,0.0,0.0,0.0,0.0,0.0,0.013157894736842105,0.0,0.0,0.0,0.0,0.0,0.0,0.0,0.0,0.0,0.0,0.0,0.0,0.0,0.009174311926605505,0.0,0.0,0.0,0.0,0.0,0.0,0.0,0.0,0.0,0.0,0.0,0.015873015873015872,0.07692307692307693,0.11811023622047244,0.08450704225352113,0.014285714285714285,0.016129032258064516,0.010638297872340425,0.0,0.0,0.0,0.0,0.0,0.0,0.0,0.0,0.008333333333333333,0.015625,0.0,0.0,0.0,0.0,0.0,0.0,0.0,0.0,0.0,0.0,0.0,0.0,0.0,0.0,0.016129032258064516,0.0,0.0,0.0,0.0,0.0,0.0,0.0,0.009009009009009009,0.0,0.0,0.0,0.0,0.0,0.0,0.0,0.0,0.0,0.0,0.0,0.0,0.0,0.0,0.0,0.0,0.0,0.0,0.0,0.0,0.01818181818181818,0.0,0.0,0.0,0.0,0.0,0.0,0.0,0.0,0.0,0.0,0.0
1535224, yddS, T->C, missense,2.26638,9.999e-05,116,-1.0,0.705882,115,0.9,0.444444,PASS,0.0,0.0,0.0,0.0,0.0,0.0,0.0,0.0,0.0,0.02631578947368421,0.0,0.0,0.0,0.0,0.0,0.0,0.0,0.0,0.0,0.0,0.0,0.0,0.0,0.0,0.0,0.0,0.0,0.0,0.0,0.0,0.0,0.0,0.0,0.0,0.0,0.0,0.0,0.0,0.0,0.0,0.0,0.011111111111111112,0.0,0.0,0.0,0.0,0.0,0.0,0.0,0.0,0.0,0.0,0.0,0.0,0.0,0.0,0.0,0.0,0.0,0.0,0.0,0.010101010101010102,0.0,0.0,0.009708737864077669,0.0,0.0,0.0,0.16883116883116883,0.29,0.125,0.2037037037037037,0.3409090909090909,0.22857142857142856,0.19480519480519481,0.34782608695652173,0.21428571428571427,0.2857142857142857,0.1935483870967742,0.42028985507246375,0.547945205479452,0.8666666666666667,0.06097560975609756,0.15384615384615385,0.5757575757575758,0.7962962962962963,0.6071428571428571,0.8285714285714286,0.898989898989899,0.5402298850574713,0.23728813559322035,0.0,0.0,0.0,0.0,0.0,0.0,0.0,0.0,0.0,0.0,0.0,0.0,0.0,0.01680672268907563,0.0,0.0,0.0,0.0,0.0,0.0,0.0,0.0,0.0,0.0,0.0,0.0,0.0,0.0125,0.0,0.0,0.0,0.0,0.0,0.0,0.0,0.0,0.0,0.0,0.0,0.0,0.0,0.0,0.0,0.0,0.0,0.0,0.0,0.0
1549683, yddB, T->C, missense,2.51008,0.00019998,116,-1.0,1.0,116,0.9,0.923077,PASS,0.0,0.0,0.0,0.0,0.0,0.0,0.0,0.0,0.0,0.0,0.0,0.0,0.0,0.0,0.0,0.0,0.0,0.0,0.0,0.0,0.0,0.0,0.0,0.0,0.0,0.0,0.0,0.0,0.0,0.0,0.0,0.0,0.0,0.0,0.0,0.0,0.0,0.0,0.0,0.0,0.0,0.0,0.0,0.0,0.0,0.0,0.0,0.0,0.0,0.0,0.0,0.0,0.0,0.0,0.0,0.0,0.0,0.00909090909090909,0.0,0.007633587786259542,0.0,0.0423728813559322,0.06451612903225806,0.058823529411764705,0.07627118644067797,0.06818181818181818,0.1134020618556701,0.011494252873563218,0.10101010101010101,0.04790419161676647,0.042105263157894736,0.0,0.0,0.0,0.0,0.0,0.0,0.0,0.0,0.0,0.0,0.0,0.0,0.0,0.0,0.011235955056179775,0.0,0.0,0.0,0.0,0.0,0.0,0.0,0.0,0.0,0.0,0.0,0.0,0.0,0.0,0.0047169811320754715,0.0,0.0,0.0,0.0,0.006024096385542169,0.0,0.0,0.004032258064516129,0.0,0.0,0.0,0.004608294930875576,0.0,0.0,0.0,0.0,0.0,0.0,0.0,0.0,0.0,0.0,0.0,0.0,0.0,0.0,0.0,0.0,0.0,0.0,0.0,0.0,0.0,0.0,0.0,0.0,0.0,0.0
1566416, intergenic, T->G, noncoding,5.10221,0.00079992,116,-1.0,0.222222,112,0.9,0.375,PASS,0.0,0.0,0.0,0.0,0.0,0.009523809523809525,0.02702702702702703,0.0,0.0,0.0,0.0,0.0,0.0,0.0,0.0,0.0,0.0,0.0,0.0,0.0,0.0,0.0,0.0,0.0,0.0,0.0,0.0,0.0,0.0,0.0,0.0,0.0,0.0,0.0,0.0,0.0,0.0,0.0,0.0,0.0,0.0,0.0,0.0,0.0,0.0,0.0,0.0,0.0,0.0,0.0,0.0,0.017241379310344827,0.0,0.0,0.0,0.0,0.0,0.0,0.0,0.0,0.0,0.0,0.0,0.0,0.0,0.0,0.0,0.023255813953488372,0.0,0.0,0.0,0.0,0.0,0.0,0.0,0.0,0.0,0.0,0.0,0.0,0.0,0.0,0.0,0.0,0.0,0.0,0.0,0.0,0.0,0.0,0.0,0.0,0.0,0.0,0.0,0.0,0.0,0.0,0.0,0.0,0.0,0.0,0.0,0.0,0.0,0.010752688172043012,0.0,0.0,0.0,0.0,0.0,0.023809523809523808,0.0,0.024793388429752067,0.25,0.14925373134328357,0.42857142857142855,0.0,0.0,0.0,0.0,0.0,0.0,0.0,0.0,0.0,0.0,0.0,0.0,0.0,0.0,0.0,0.0,0.0,0.0,0.0,0.0,0.0,0.0
1570691, ydeZ, indel;+C;-1, indel,1.59157,0.00019998,116,-1.0,0.705882,116,0.9,0.5,PASS,0.0049261083743842365,0.0,0.0,0.008928571428571428,0.0,0.008064516129032258,0.0,0.0,0.0,0.0,0.0,0.0,0.0,0.0,0.0,0.0,0.0,0.0,0.05128205128205128,0.0,0.0,0.0,0.0,0.0,0.012195121951219513,0.005988023952095809,0.0,0.0,0.0,0.0,0.0,0.0,0.0,0.0,0.0,0.0,0.0,0.0,0.0,0.0,0.010869565217391304,0.0,0.0,0.0,0.02631578947368421,0.0,0.0,0.0,0.0,0.044444444444444446,0.0,0.011764705882352941,0.0,0.0125,0.0,0.0,0.0,0.028169014084507043,0.0,0.0,0.0,0.0,0.0,0.0,0.015873015873015872,0.0,0.0,0.010752688172043012,0.0,0.0,0.0,0.0,0.0,0.0,0.0,0.0,0.03508771929824561,0.0,0.0,0.0,0.0,0.010638297872340425,0.0,0.016666666666666666,0.03529411764705882,0.027777777777777776,0.06666666666666667,0.08737864077669903,0.064,0.1282051282051282,0.03669724770642202,0.034482758620689655,0.0,0.0,0.0,0.0,0.02857142857142857,0.0,0.0,0.005780346820809248,0.007194244604316547,0.017699115044247787,0.0,0.0,0.0,0.010416666666666666,0.028846153846153848,0.0,0.0,0.0,0.015151515151515152,0.05660377358490566,0.0,0.0125,0.0,0.0,0.0,0.0,0.0,0.0,0.0,0.0,0.0,0.0,0.0,0.0,0.0,0.0,0.0,0.0,0.0,0.0,0.0,0.0,0.0,0.0,0.0,0.010526315789473684,0.0
1619834, hokD, MOB_1619834_1619836_IS150_1, sv,0.982318,9.999e-05,116,-1.0,1.0,116,0.9,0.923077,PASS,0.0,0.0,0.045662100456621,0.022411474675033616,0.042134831460674156,0.04432321854756222,0.25329280648429586,0.5711206896551725,0.7740585774058577,0.90625,1.0,1.0,1.0,1.0,1.0,1.0,0.8823529411764706,0.9830508474576272,0.8683341198678621,1.0,1.0,1.0,1.0,1.0,1.0,1.0,1.0,1.0,1.0,1.0,1.0,1.0,1.0,1.0,1.0,1.0,1.0,1.0,1.0,1.0,1.0,1.0,1.0,1.0,1.0,1.0,1.0,1.0,1.0,1.0,1.0,1.0,1.0,1.0,1.0,1.0,1.0,1.0,1.0,1.0,1.0,1.0,1.0,1.0,1.0,1.0,1.0,1.0,1.0,1.0,1.0,1.0,1.0,1.0,1.0,1.0,1.0,1.0,1.0,1.0,1.0,1.0,1.0,0.9875,1.0,1.0,1.0,1.0,1.0,1.0,0.9902912621359223,1.0,1.0,1.0,1.0,1.0,1.0,0.991869918699187,1.0,1.0,1.0,1.0,1.0,1.0,1.0,1.0,1.0,0.9928825622775801,1.0,1.0,0.9803921568627451,1.0,1.0,1.0,1.0,1.0,1.0,0.0,0.0,0.0,0.0,0.017064846416382253,0.0,0.0,0.0,1.0,0.0,1.0,1.0,1.0,1.0,1.0,1.0,1.0,1.0,1.0,1.0,0.9871794871794872,0.9868421052631579
1619835, hokD, indel;-1;+T, indel,2.67235,0.00029997,116,-1.0,1.0,113,0.9,1.0,PASS,0.0,0.0,0.0,0.0,0.0,0.0,0.0,0.0,0.0,0.012345679012345678,0.0,0.0,0.0196078431372549,0.0,0.0,0.0,0.0,0.0,0.0,0.0,0.0,0.0,0.0,0.0,0.0,0.0,0.0,0.0,0.0,0.0,0.0,0.0,0.0,0.0,0.013422818791946308,0.0,0.0,0.0,0.0,0.0,0.0,0.0,0.0,0.0,0.0,0.0,0.0,0.0,0.0,0.0,0.0,0.015463917525773196,0.0,0.0,0.0,0.0,0.0,0.0,0.0,0.0,0.0,0.0,0.0,0.0,0.0,0.03870967741935484,0.14215686274509803,0.16091954022988506,0.04918032786885246,0.013574660633484163,0.026143790849673203,0.0,0.02054794520547945,0.030837004405286344,0.06701030927835051,0.07657657657657657,0.02608695652173913,0.08064516129032258,0.0,0.010471204188481676,0.012552301255230125,0.005154639175257732,0.0,0.0,0.0,0.0,0.0,0.0,0.0,0.0,0.0,0.0,0.0,0.0,0.0,0.0,0.0,0.0,0.0,0.0,0.0,0.0,0.0,0.031746031746031744,0.0,0.0,0.0,0.0,0.0,0.0,0.0,0.012422360248447204,0.0,0.0,0.0,0.005988023952095809,0.0,0.0,0.0,0.0,0.0,0.0,0.0,0.0,0.0,0.0,0.0,0.0,0.0,0.0,0.0,0.0,0.0,0.0,0.0,0.0,0.0,0.0,0.0
1621152, ECB_01534, junction_1621152_-1_IS3_start, sv,5.47191,9.999e-05,116,-1.0,1.0,113,0.9,0.75,PASS,0.0,0.0,0.0,0.0,0.0,0.0,0.0,0.0,0.0,0.0,0.0,0.0,0.0,0.0,0.0,0.0,0.03571428571428571,0.0,0.0,0.0,0.0,0.0,0.0,0.0,0.0,0.0,0.0,0.0,0.0,0.0,0.0,0.0,0.0,0.15517241379310345,0.21875,0.2222222222222222,0.1016949152542373,0.0,0.0,0.0,0.0,0.0,0.0,0.0,0.0,0.0,0.0,0.0,0.0,0.0,0.0,0.0,0.0,0.0,0.0,0.0,0.0,0.0,0.0,0.0,0.0,0.0,0.0,0.0,0.0,0.0,0.0,0.0,0.0,0.0,0.0,0.0,0.0,0.0,0.0,0.0,0.0,0.0,0.0,0.0,0.0,0.0,0.0,0.0,0.0,0.0,0.0,0.0,0.0,0.0,0.0,0.0,0.0,0.0,0.0,0.0,0.0,0.0,0.0,0.0,0.0,0.0,0.0,0.0,0.0,0.0,0.0,0.0,0.0,0.0,0.0,0.0,0.0,0.0,,0.0,0.0,0.0,0.0,0.0,0.0,0.0,0.0,0.0,0.0,0.0,0.0,0.0,0.0,0.0,0.0,0.0,0.0,0.0,0.0,0.0,0.0,0.0,0.0
1621436, ECB_01535, MOB_1621436_1621439_IS3_-1, sv,4.08616,9.999e-05,116,-1.0,1.0,115,0.9,0.387097,PASS,0.0,0.0,0.0,0.0,0.0,0.0,0.0,0.0,0.0,0.0,0.0,0.0,0.0,0.0,0.0,0.0,0.0,0.0,0.0,0.0,0.0,0.0,0.0,0.0,0.0,0.0,0.0,0.0,0.0,0.016597510373443983,0.05646173149309912,0.054901960784313725,0.1384083044982699,0.06622516556291391,0.0984251968503937,0.17301038062283738,0.04415011037527594,0.10050251256281408,0.0,0.0,0.0,0.0,0.0,0.0,0.0,0.0,0.0,0.0,0.0,0.0,0.0,0.0,0.0,0.0,0.0,0.0,0.0,0.0,0.0,0.0,0.0,0.0,0.0,0.0,0.0,0.0,0.0,0.0,0.0,0.0,0.0,0.0,0.0,0.0,0.0,0.0,0.0,0.0,0.0,0.0,0.0,0.0,0.0,0.0,0.0,0.0,0.0,0.0,0.0,0.0,0.0,0.0,0.0,0.0,0.0,0.0,0.0,0.0,0.0,0.0,0.0,0.0,0.0,0.0,0.0,0.0,0.0,0.0,0.0,0.0,0.0,0.0,0.0,0.0,0.0,0.0,0.0,0.0,0.0,0.0,0.0,0.0,0.0,0.0,0.0,0.0,0.0,0.0,0.0,0.0,0.0,0.0,0.0,0.0,0.0,0.0,0.0,0.0,0.0
1624017, ECB_01540, T->C, noncoding,1.9599,9.999e-05,116,-1.0,0.0530973,112,0.9,0.571429,PASS,0.0,0.0,0.0,0.0,0.0,0.0,0.0,0.0,0.0,0.0,0.0,0.0,0.0,0.0,0.0,0.0,0.0,0.0,0.0,0.0,0.0,0.0,0.0,0.0,0.0,0.0,0.0,0.0,0.0,0.0,0.0,0.0,0.0,0.0,0.0,0.0,0.0,0.0,0.0,0.0,0.0,0.0,0.0,0.0,0.0,0.0,0.0,0.0,0.0,0.0,0.0,0.0,0.0,0.0,0.0,0.0,0.0,0.0,0.0,0.0,0.0,0.0,0.0,0.0,0.0,0.0,0.0,0.0,0.01639344262295082,0.05263157894736842,0.5348837209302325,0.17857142857142858,0.19607843137254902,0.41304347826086957,0.16923076923076924,0.26506024096385544,0.2972972972972973,0.35,0.7142857142857143,0.43,0.22448979591836735,0.07317073170731707,0.8,0.7346938775510204,0.34375,0.04,0.05555555555555555,0.012195121951219513,0.0,0.0379746835443038,0.0,0.07017543859649122,0.27692307692307694,0.3492063492063492,0.23529411764705882,0.045454545454545456,0.0,0.08823529411764706,0.05714285714285714,0.014084507042253521,0.0,0.0,0.0,0.0,0.0,0.0,0.0,0.0,0.0,0.0,0.0,0.0,0.0,0.0,0.0,0.0,0.2,0.0,0.0,0.0,0.0,0.0,0.0,0.0,0.0,0.0,0.0,0.0,0.0,0.0,0.0,0.0,0.0,0.0,0.0,0.0,0.0,0.0,0.0
1625211, intergenic, indel;-1, indel,2.00738,9.999e-05,116,-1.0,0.315789,113,0.9,0.857143,PASS,0.0,0.0,0.0,0.0,0.0,0.0,0.0,0.0,0.0,0.0,0.0,0.0,0.0,0.05555555555555555,0.1111111111111111,0.0,0.2608695652173913,0.08333333333333333,0.041666666666666664,0.23809523809523808,0.03333333333333333,0.0,0.15789473684210525,0.06451612903225806,0.05555555555555555,0.0948905109489051,0.08333333333333333,0.0967741935483871,0.18604651162790697,0.09090909090909091,0.15,0.06451612903225806,0.125,0.08571428571428572,0.32608695652173914,0.2692307692307692,0.30357142857142855,0.07692307692307693,0.0,0.0,0.0,0.0,0.019230769230769232,0.0,0.0,0.0,0.02,0.0,0.0,0.0,0.0,0.0,0.0,0.0,0.0,0.0,0.0,0.0,0.0,0.0,0.0,0.0,0.0,0.0,0.0,0.0,0.015873015873015872,0.0,0.0,0.0,0.0,0.0,0.0,0.0,0.017543859649122806,0.0,0.0,0.0,0.0,0.0,0.0,0.0,0.0,0.0,0.0,0.0,0.0,0.0,0.0,0.0,0.0,0.0,0.0,0.0,0.0,0.0,0.0,0.0,0.0,0.0,0.0,0.0,0.0,0.0,0.0,0.0,0.0,0.0,0.0,0.0,0.0,0.0,0.0,0.0,0.0,0.0,0.0,0.0,0.0,0.0,0.0,0.0,0.0,0.0,0.0,0.0,0.0,0.0,0.0,0.0,0.0,0.0,0.0,0.0,0.0,0.0,0.0,0.0,0.0
1648745, asr, junction_1648745_-1_IS150_start, sv,2.88192,0.017691,116,-1.0,0.0023369,112,0.9,0.146341,PASS,0.0,0.0,0.0,0.0,0.0,0.0,0.0,0.0,0.0,0.0,0.0,0.0,0.0,0.0,0.0,0.0,0.0,0.0,0.0,0.0,0.0,0.0,0.0,0.0,0.0,0.0,0.0,0.0,0.0,0.0,0.0,0.0,0.0,0.0,0.0,0.0,0.0,0.0,0.0,0.02564102564102564,0.0,0.0,0.0,0.0,0.0,0.0,0.0,0.0,0.0,0.0,0.0,0.0,0.0,0.0,0.0,0.0,0.0,0.0,0.0,0.0,0.0,0.0,0.0,0.0,0.0,0.0,0.0,0.0,0.0851063829787234,0.10869565217391304,0.0,0.08823529411764706,0.0,0.0,0.0,0.0,0.0,0.0,0.03571428571428571,0.0,0.0,0.0,0.0,0.0,0.0,0.0,0.0,0.0,0.0,0.0,0.0,0.0,0.0,0.0,0.0,0.0,0.0,0.0,0.0,0.0,0.0,0.0,0.0,0.0,0.0,0.0,0.0,0.0,0.0,0.0,0.0,0.0,0.0,0.0,0.0,0.0,0.0,0.0,0.0,0.0,0.0,0.0,0.0,0.0,0.0,0.0,0.0,0.0,0.0,0.0,0.0,0.0,0.0,0.0,0.0,0.0,0.0,0.0,0.0
1651953, ydgG, MOB_1651953_1651955_IS150_-1, sv,2.92883,0.00239976,116,-1.0,0.666667,111,0.9,0.857143,PASS,0.0,0.0,0.0,0.0,0.0,0.0,0.0,0.0,0.00856968103448276,0.0,0.0,0.0,0.0,0.0,0.0,0.3333333333333333,0.2262331914893617,0.5044033722438391,0.029155657254138264,0.028644871794871796,0.0,0.0,0.0387578034682081,0.0,0.0,0.0,0.01869048872180451,0.0,0.0,0.0,0.0,0.0,0.0,0.0,0.0,0.0,0.0,0.0,0.0,0.0,0.006915629322268327,0.0,0.0,0.0,0.0,0.0,0.0,0.0,0.0,0.0,0.0,0.0,0.014735585185185186,0.0,0.008596447709593776,0.0,0.0,0.0,0.0,0.014817228017883757,0.017605633802816902,0.0,0.0,0.009416480446927375,0.0,0.022709988776655445,0.009310986964618248,0.04178272980501393,0.17331483253588517,0.14002481796116503,0.06526753528773073,0.0,0.0,0.009930486593843098,0.0,0.0,0.0,0.0,0.0,0.0,0.0,0.0,0.0,0.0,0.0,0.0,0.0,0.0,0.0,0.0,0.0,0.0,0.0,0.0,0.0,0.0,0.0,0.0,0.0,0.0,0.0,0.0,0.0,0.0,0.0,0.0,0.0,0.0,0.0,0.0,0.0,0.0,0.006055627283800245,0.0,0.0,0.0,0.0,0.0,0.0,0.0,0.0,0.0,0.0,0.0,0.0,0.0,0.0,0.0,1.0,0.0,0.0,0.0,0.0,0.0,0.0,0.0,0.0,0.0,0.0
1651954, ydgG, MOB_1651954_1651956_IS150_1, sv,1.873,9.999e-05,116,-1.0,0.342857,111,0.9,0.923077,PASS,0.0,0.0,0.0,0.0,0.0,0.0,0.01972386587771203,0.016870085324232082,0.0,0.0,0.0,0.0,0.0,0.0,0.0,0.0,0.0,0.0,0.009846484063745019,0.0,0.0,0.0,0.0,0.0,0.0,0.0,0.0,0.0,0.0,0.01951319526627219,0.0,0.0,0.0,0.0,0.0,0.0,0.0,0.0,0.0,0.0,0.0,0.01779359430604982,0.0,0.0,0.0,0.0,0.0,0.0,0.0,0.0,0.0,0.0,0.01497346846846847,0.0,0.0,0.0,0.0,0.0,0.0,0.031084591194968553,0.0,0.01301579634464752,0.0,0.018796992481203006,0.0,0.0,0.0,0.0,0.12451602316602317,0.3616753325272068,0.2394458515283843,0.3184219858156029,0.4237478764478765,0.29408777120315577,0.31783368794326244,0.2205063938618926,0.48543074581430745,0.47108141592920355,0.33401639722863746,0.599026874115983,0.7379992673992675,0.8989847161572052,0.12253206703910616,0.35782990430622014,0.7236051227321237,0.883083422459893,0.7806098639455782,0.8713726937269374,0.9686100313479624,0.7425603448275861,0.35784399641577064,0.013227513227513229,0.0,0.0,0.0,0.0,0.0,0.0,0.0,0.007558578987150415,0.0,0.009057971014492754,0.0,0.0,0.0,0.0,0.0,0.006321112515802782,0.0052609361702127665,0.0,0.0,0.0,0.0,0.0,0.0,0.0,0.0,0.0,0.0,0.0,0.0,0.0,0.0,0.0,0.0,0.0,0.0,0.0,,0.0,0.0,0.0,0.0,0.0,0.0,0.0,0.0,0.0,0.0
1670395, uidB, MOB_1670395_1670397_IS150_1, sv,3.14835,9.999e-05,116,-1.0,0.631579,115,0.9,0.75,PASS,0.0,0.0,0.0,0.0,0.0,0.0,0.0,0.0,0.0,0.0,0.0,0.0,0.0,0.0,0.0,0.0,0.0,0.0,0.0,0.009380863039399626,0.0,0.0,0.0,0.0,0.0,0.005029827498731609,0.11875697278911566,0.14746398026315788,0.0972860529986053,0.06435939524838014,0.1783556420233463,0.10628774422735347,0.08431769706336939,0.18217196347031964,0.45044481236203093,0.15565200892857142,0.20195955947136562,0.040160642570281124,0.0,0.0,0.0,0.0,0.0,0.0,0.0,0.0,0.0,0.0,0.0,0.0,0.0,0.0,0.0,0.0,0.0,0.0,0.0,0.0,0.0,0.0,0.0,0.0,0.0,0.0,0.0,0.0,0.0,0.0,0.0,0.0,0.00711332137733142,0.0,0.0,0.0,0.0,0.0,0.0,0.0,0.0,0.0,0.0,0.0,0.0,0.0,0.0,0.0,0.0,0.0,0.0,0.0,0.0,0.0,0.0,0.0,0.0,0.0,0.0,0.0,0.0,0.0,0.0,0.0,0.0,0.0,0.0,0.0,0.0,0.0,0.0,0.0,0.0,0.0,0.0,0.0,0.0,0.0,0.0,0.0,0.0,0.0,0.0,0.0,0.0,0.0,0.0,0.0,0.0,0.0,0.0,0.0,0.0,0.0,0.0,0.0,0.0,0.0,0.0,0.0,0.0
1689926, ydgR, A->C, noncoding,3.03545,0.00269973,116,-1.0,1.0,112,0.9,0.285714,PASS,0.0,0.0,0.0,0.008064516129032258,0.0,0.0,0.0,0.0,0.0,0.0,0.0,0.0,0.0,0.0,0.0,0.0,0.0,0.0,0.0,0.0,0.0,0.0,0.0,0.0,0.0,0.0,0.0,0.0,0.0,0.0,0.0,0.0,0.0,0.0,0.0,0.0,0.0,0.0,0.0,0.0,0.0,0.0,0.0,0.0,0.0,0.0,0.0,0.0,0.0,0.0,0.0196078431372549,0.0,0.0,0.0,0.0,0.0,0.0,0.0,0.0,0.0,0.0,0.0,0.0,0.0,0.016129032258064516,0.0,0.0,0.0,0.0,0.0,0.0,0.0,0.0,0.0,0.0,0.0,0.0,0.0,0.0,0.0,0.0,0.011904761904761904,0.0,0.0,0.015384615384615385,0.0,0.023809523809523808,0.0,0.0,0.0,0.0,0.0,0.0,0.0,0.0,0.0,0.0,0.0,0.0,0.006134969325153374,0.0,0.006535947712418301,0.0,0.0,0.006711409395973154,0.0,0.008620689655172414,0.0,0.0,0.03125,0.0,0.0,0.02564102564102564,0.14492753623188406,0.16666666666666666,0.10294117647058823,0.25,0.05,0.0,0.0,0.0,0.0,0.0,0.0,0.0,0.05,0.0,0.0,0.0,0.0,0.0,0.0,0.0,0.0,0.0,0.0,0.038461538461538464,0.0,0.0
1712480, sodB, MOB_1712480_1712492_IS4_-1, sv,3.05225,9.999e-05,116,-1.0,0.25,115,0.9,0.0402685,PASS,0.0,0.0,0.0,0.0,0.0,0.0,0.0,0.0,0.0,0.0,0.0,0.0,0.0,0.0,0.0,0.0,0.0,0.0,0.0,0.0,0.0,0.0,0.0,0.0,0.0,0.0,0.0,0.0,0.0,0.0,0.0,0.0,0.0,0.0,0.0,0.0,0.0,0.0,0.0,0.0,0.0,0.0,0.0,0.0,0.0,0.0,0.0,0.0,0.0,0.0,0.0,0.0,0.0,0.0,0.005420054200542005,0.0,0.0,0.0,0.0,0.0,0.0,0.0,0.0,0.0,0.0,0.0,0.0,0.0,0.0,0.0,0.0,0.0,0.0,0.0,0.0,0.0,0.0,0.0,0.0,0.0,0.0,0.0,0.0,0.0,0.0,0.0,0.0,0.0,0.0,0.0,0.0,0.0,0.0,0.0,0.0,0.0,0.0,0.0,0.0,0.0,0.0,0.0,0.0,0.0,0.0,0.004327131112072696,0.011498658489842852,0.02177293934681182,0.03797031411805316,0.03414425949637217,0.06715165081141579,0.04032258064516129,0.04504504504504504,0.10256410256410256,0.0,0.16652789342214822,0.15151515151515152,0.0,0.0,0.0,0.0,0.0,0.0,0.0,0.0,0.0,0.0,0.0,0.0,0.0,0.0,0.0,0.0,0.0,0.0,0.0,0.0,0.0,0.0
1725837, ydhS, A->C, missense,2.70329,0.00029997,116,-1.0,1.0,115,0.9,1.0,PASS,0.0,0.0,0.0,0.0,0.0,0.010101010101010102,0.0,0.0,0.0,0.0,0.0,0.0,0.0,0.0,0.0,0.0,0.0,0.0,0.0,0.0,0.0,0.0,0.0,0.0,0.0,0.0,0.0,0.0,0.0,0.0,0.0,0.0,0.0,0.0,0.0,0.0,0.0,0.0,0.0,0.0,0.0,0.0,0.0,0.0,0.0,0.0,0.0,0.0,0.0,0.0,0.0,0.0,0.0,0.0,0.0,0.0,0.0,0.0,0.0,0.0,0.1694915254237288,0.15492957746478872,0.043478260869565216,0.11538461538461539,0.3333333333333333,0.17647058823529413,0.2698412698412698,0.06,0.013333333333333334,0.011111111111111112,0.022222222222222223,0.014492753623188406,0.0,0.02857142857142857,0.0,0.013157894736842105,0.0,0.0,0.0,0.0,0.013513513513513514,0.0,0.0,0.023809523809523808,0.0,0.0,0.0,0.0,0.01098901098901099,0.0,0.0,0.0,0.0,0.0,0.0,0.02,0.0,0.0,0.030303030303030304,0.0,0.009433962264150943,0.0,0.0,0.058823529411764705,0.0,0.0,0.0,0.0,0.0,0.0,0.0,0.0,0.0,0.0,0.0,0.0,0.0,0.0,0.0,0.0,0.0,0.0,0.0,0.0,0.0,0.0,0.0,0.0,0.0,0.0,0.0,0.0,0.0,0.012987012987012988,0.0,0.0,0.0,0.0,0.0
1733647, pykF, MOB_1733647_1733649_IS150_1, sv,1.88212,9.999e-05,116,-1.0,0.08,112,0.9,0.352941,PASS,0.0,0.0,0.0,0.0,0.0,0.0,0.0,0.018867924528301886,0.0,0.0,0.0,0.0,0.0,0.0,0.0,0.0,0.0,0.0,0.0,0.0,0.0,0.0,0.0,0.0,0.0,0.0,0.0,0.0,0.0,0.0,0.0,0.0,0.0,0.0,0.0,0.0,0.0,0.0,0.0,0.0,0.0,0.0,0.0,0.0,0.0,0.0,0.0,0.0,0.0,0.0,0.0,0.0,0.0,0.0,0.0,0.0,0.0,0.0,0.0,0.012658227848101266,0.07894736842105263,0.0,0.029850746268656716,0.10606060606060606,0.08208955223880597,0.0,0.013513513513513514,0.03076923076923077,0.07692307692307693,0.03205128205128205,0.2571428571428571,0.3150684931506849,0.08928571428571429,0.4125,0.24705882352941178,0.3368421052631579,0.39705882352941174,0.696969696969697,0.7076923076923077,0.4642857142857143,0.4166666666666667,0.056818181818181816,0.8487394957983193,0.8591549295774648,0.31313131313131315,0.06060606060606061,0.0,0.0603448275862069,0.010526315789473684,0.04,0.0,0.10869565217391304,0.42718446601941745,0.5748031496062992,0.35344827586206895,0.012195121951219513,0.10638297872340426,0.15384615384615385,0.06779661016949153,0.007407407407407408,0.010256410256410256,0.0,0.0,0.0,0.0,0.0,0.0,0.0,0.0,0.0,0.0,0.0,0.0,0.0,0.0,0.0,0.0,0.0,0.0,0.0,0.0,0.0,0.0,0.0,0.0,0.0,0.0,0.0,0.0,0.0,0.0,0.0,0.0,0.0,0.0,0.0,0.0,0.0,0.0
1733668, pykF, MOB_1733668_1733670_IS150_1, sv,3.8838,0.00039996,116,-1.0,0.084507,111,0.9,0.857143,PASS,0.0,0.0,0.0,0.0,0.0,0.0,0.0,0.0,0.0,0.0,0.0,0.0,0.0,0.0,0.0,0.0,0.0,0.0,0.0,0.0,0.0,0.0,0.0,0.0,0.0,0.0,0.0,0.0,0.0,0.0,0.0,0.0,0.0,0.0,0.0,0.0,0.0,0.0,0.0,0.0,0.0,0.0,0.0,0.0,0.0,0.0,0.0,0.0,0.0,0.0,0.0,0.0,0.0,0.0,0.0,0.0,0.0,0.0,0.0,0.0,0.0,0.019880715705765408,0.0687757909215956,0.21505376344086022,0.06324110671936758,0.02911208151382824,0.011806375442739079,0.06578947368421052,0.0,0.0,0.0,0.0,0.0,0.0,0.0,0.0,0.0,0.0,0.0,0.0,0.0,0.0,0.0,0.0,0.0,0.0,0.0,0.0,0.0,0.0,0.0,0.0,0.0,0.0,0.0,0.0,0.0,0.0,0.0,0.0,0.0,0.0,0.0,0.0,0.0,0.0,0.0,0.0,0.0,0.0,0.0,0.0,0.0,0.0,0.0,0.0,0.0,0.0,0.0,0.0,0.0,0.0,0.0,0.0,0.0,0.0,0.0,0.0,0.0,0.0,0.0,0.0,0.0,0.0,0.0,0.0,0.0,0.0,0.0
1733865, pykF, G->T, missense,0.981628,9.999e-05,116,-1.0,0.0714286,115,0.9,0.0839161,PASS,0.0,0.04878048780487805,0.71875,0.9528301886792453,1.0,0.9595959595959596,1.0,1.0,1.0,1.0,1.0,1.0,1.0,1.0,1.0,1.0,1.0,1.0,0.88,1.0,1.0,0.9166666666666666,1.0,1.0,1.0,0.9910714285714286,1.0,1.0,1.0,1.0,1.0,1.0,1.0,1.0,0.9714285714285714,1.0,1.0,1.0,1.0,1.0,1.0,1.0,1.0,1.0,1.0,1.0,1.0,1.0,1.0,1.0,1.0,1.0,1.0,1.0,1.0,1.0,1.0,1.0,1.0,0.9649122807017544,1.0,0.9838709677419355,1.0,1.0,1.0,1.0,1.0,1.0,1.0,1.0,1.0,1.0,1.0,0.9636363636363636,1.0,1.0,0.9736842105263158,1.0,0.9852941176470589,1.0,1.0,1.0,0.9852941176470589,1.0,1.0,1.0,1.0,1.0,1.0,1.0,0.9538461538461539,1.0,1.0,1.0,0.984375,1.0,1.0,1.0,1.0,0.9906542056074766,1.0,0.9875,1.0,1.0,1.0,1.0,1.0,0.9894736842105263,0.9823008849557522,1.0,1.0,1.0,1.0,1.0,1.0,1.0,1.0,0.0,0.0,0.0,0.0,0.0,0.0,1.0,1.0,1.0,1.0,1.0,1.0,1.0,1.0,1.0,1.0,1.0,0.9803921568627451,1.0,1.0,0.9873417721518988,1.0
1745960, ydiJ, A->C, noncoding,3.74864,0.00139986,116,-1.0,0.133333,115,0.9,0.0628272,PASS,0.0,0.0,0.0,0.0,0.022727272727272728,0.016,0.2,0.2857142857142857,0.06329113924050633,0.12121212121212122,0.0,0.0,0.0,0.02564102564102564,0.0,0.0,0.0,0.0,0.0,0.0,0.0,0.0,0.0,0.0,0.0,0.0,0.0,0.0,0.0,0.0,0.0,0.0,0.02857142857142857,0.0,0.01639344262295082,0.0,0.0,0.0,0.0,0.0,0.0,0.0,0.0,0.0,0.02564102564102564,0.010309278350515464,0.0,0.0,0.0,0.0,0.016129032258064516,0.0,0.0,0.0,0.0,0.0,0.0,0.0,0.0,0.0,0.0,0.0,0.0,0.0,0.0,0.0,0.0,0.0,0.0,0.0,0.0,0.0,0.0,0.0,0.0,0.0,0.0,0.0,0.0,0.008264462809917356,0.0,0.0,0.0,0.0,0.0,0.0,0.0,0.0,0.0,0.0,0.0,0.0,0.0,0.0,0.0,0.015384615384615385,0.03076923076923077,0.0,0.0,0.0,0.0,0.0,0.0,0.0,0.0,0.01098901098901099,0.0,0.0,0.0,0.009259259259259259,0.0,0.0,0.0,0.0,0.0,0.0,0.0,0.0,0.0,0.0,0.0,0.0,0.0,0.015873015873015872,0.0,0.0,1.0,0.0,0.0,0.0,0.0,0.0,0.02857142857142857,0.022222222222222223,0.0,0.0,0.0,0.0,0.0
1746189, intergenic, G->A, noncoding,0.982117,9.999e-05,116,-1.0,0.0609137,115,0.9,0.226415,PASS,0.0,0.0,0.0,0.0,0.0,0.0,0.0,0.0,0.03333333333333333,0.4583333333333333,0.6666666666666666,0.35714285714285715,0.45454545454545453,0.75,0.9285714285714286,0.7272727272727273,0.8780487804878049,0.9210526315789473,0.9104477611940298,0.9019607843137255,1.0,1.0,1.0,1.0,1.0,1.0,1.0,1.0,1.0,1.0,1.0,1.0,1.0,1.0,1.0,1.0,1.0,1.0,1.0,1.0,1.0,1.0,1.0,1.0,1.0,1.0,1.0,0.9545454545454546,1.0,1.0,1.0,1.0,1.0,1.0,1.0,1.0,1.0,1.0,1.0,1.0,0.9827586206896551,0.9879518072289156,1.0,1.0,1.0,1.0,1.0,1.0,1.0,1.0,1.0,1.0,1.0,1.0,1.0,0.9887640449438202,1.0,0.9714285714285714,1.0,1.0,1.0,1.0,1.0,1.0,1.0,1.0,1.0,1.0,1.0,1.0,0.9622641509433962,1.0,1.0,0.9880952380952381,1.0,1.0,1.0,1.0,1.0,1.0,1.0,1.0,1.0,1.0,1.0,1.0,1.0,1.0,1.0,1.0,1.0,1.0,1.0,1.0,1.0,1.0,1.0,0.0,0.01639344262295082,0.0,0.0,0.0,0.0,0.0,0.0,0.0,0.014492753623188406,1.0,1.0,1.0,1.0,1.0,0.9803921568627451,1.0,0.9767441860465116,1.0,1.0,1.0,1.0
1749019, intergenic, G->A, noncoding,0.967967,9.999e-05,116,-1.0,0.255319,116,0.9,0.113208,PASS,0.0,0.0,0.0,0.0,0.0,0.0,0.0,0.0,0.0,0.0,0.0,0.0,0.0,0.0,0.0,0.0,0.0,0.0,0.005050505050505051,0.0,0.009708737864077669,0.0,0.008264462809917356,0.0,0.0,0.0,0.0,0.0,0.0,0.0,0.0,0.0,0.0,0.0,0.02027027027027027,0.0,0.3864734299516908,0.5454545454545454,0.8287671232876712,0.9081081081081082,0.8272727272727273,0.8370044052863436,0.9012345679012346,0.9035087719298246,0.8611111111111112,0.7832167832167832,0.8984375,0.9727272727272728,0.9556962025316456,0.975,0.9846153846153847,0.9893617021276596,1.0,1.0,0.9887005649717514,0.995,1.0,1.0,1.0,1.0,0.9885714285714285,1.0,0.9934640522875817,1.0,1.0,1.0,1.0,1.0,0.9935897435897436,0.9954337899543378,0.9932432432432432,0.9941176470588236,1.0,0.994413407821229,1.0,1.0,0.989247311827957,1.0,1.0,0.9858490566037735,1.0,1.0,1.0,1.0,1.0,1.0,1.0,1.0,1.0,1.0,0.9850746268656716,1.0,1.0,0.995260663507109,0.9955947136563876,1.0,0.9876543209876543,1.0,1.0,0.9956896551724138,0.9956896551724138,1.0,1.0,1.0,1.0,0.9894736842105263,1.0,1.0,1.0,1.0,1.0,1.0,1.0,0.9958677685950413,1.0,0.9935897435897436,1.0,0.0,0.0,0.0,0.0,0.0,0.0,0.0,0.0,0.0,0.0,0.0,0.0,0.0,0.0,0.0,1.0,1.0,1.0,1.0,1.0,0.9827586206896551,1.0
1757644, ydiQ, MOB_1757644_1757646_IS150_1, sv,1.16359,0.00019998,116,-1.0,0.00939702,116,0.9,0.857143,PASS,0.0028089887640449437,0.0,0.0,0.033816425120772944,0.03488372093023256,0.0,0.01098901098901099,0.02654867256637168,0.014184397163120567,0.015873015873015872,0.0,0.0,0.0,0.0,0.0,0.037037037037037035,0.00980392156862745,0.02027027027027027,0.02072538860103627,0.03278688524590164,0.05714285714285714,0.0,0.008620689655172414,0.07692307692307693,0.18787878787878787,0.13247863247863248,0.08333333333333333,0.0821917808219178,0.02242152466367713,0.0189873417721519,0.023529411764705882,0.01948051948051948,0.15432098765432098,0.2867647058823529,0.1171875,0.12,0.09230769230769231,0.05714285714285714,0.007246376811594203,0.0,0.029239766081871343,0.04,0.029556650246305417,0.0199203187250996,0.0196078431372549,0.04477611940298507,0.033707865168539325,0.07608695652173914,0.21621621621621623,0.0,0.03125,0.007633587786259542,0.016129032258064516,0.010416666666666666,0.025974025974025976,0.007042253521126761,0.043209876543209874,0.026785714285714284,0.04040404040404041,0.07650273224043716,0.0472972972972973,0.08333333333333333,0.07216494845360824,0.08673469387755102,0.078125,0.046357615894039736,0.08133971291866028,0.0625,0.045714285714285714,0.006024096385542169,0.0,0.03076923076923077,0.013422818791946308,0.008064516129032258,0.01020408163265306,0.010050251256281407,0.010526315789473684,0.05555555555555555,0.01015228426395939,0.008130081300813009,0.02631578947368421,0.00684931506849315,0.0070921985815602835,0.0,0.014492753623188406,0.018867924528301886,0.02040816326530612,0.005813953488372093,0.014285714285714285,0.015810276679841896,0.028985507246376812,0.009523809523809525,0.0,0.015957446808510637,0.0064516129032258064,0.011976047904191617,0.0,0.0,0.008695652173913044,0.003787878787878788,0.008,0.004784688995215311,0.044444444444444446,0.0,0.0,0.0,0.006024096385542169,0.008438818565400843,0.0,0.0,0.0,0.008849557522123894,0.0,0.004366812227074236,0.0,0.0,0.0,0.0,0.0,0.0,0.0,0.0,0.0,0.0,0.0,0.0,0.0,0.0,0.013513513513513514,0.0,0.0,0.0,0.0,1.0,0.0,0.0,0.0,0.0,0.0
1799557, osmE, C->A, noncoding,1.99083,9.999e-05,116,-1.0,0.0185759,116,0.9,0.5,PASS,0.0,0.0,0.0,0.0,0.02040816326530612,0.0,0.0,0.0,0.0,0.0,0.0,0.0,0.0,0.0,0.0,0.0,0.0,0.0,0.0,0.0,0.01818181818181818,0.0,0.0,0.0,0.0072992700729927005,0.0,0.0,0.0,0.0,0.0,0.0,0.0,0.0,0.0,0.0,0.017857142857142856,0.0,0.0,0.0,0.009708737864077669,0.0,0.0,0.007633587786259542,0.0064516129032258064,0.0,0.011904761904761904,0.0,0.0,0.0,0.0,0.015873015873015872,0.0,0.019230769230769232,0.0,0.0,0.0,0.0,0.0,0.0,0.010752688172043012,0.0,0.019230769230769232,0.0,0.029411764705882353,0.03355704697986577,0.0,0.00819672131147541,0.021739130434782608,0.03260869565217391,0.018518518518518517,0.3902439024390244,0.23076923076923078,0.056179775280898875,0.34782608695652173,0.11458333333333333,0.20512820512820512,0.28125,0.1568627450980392,0.4298245614035088,0.37373737373737376,0.22,0.11827956989247312,0.86,0.6951219512195121,0.2717391304347826,0.08080808080808081,0.0,0.019801980198019802,0.05128205128205128,0.016129032258064516,0.0,0.11842105263157894,0.2391304347826087,0.45,0.27450980392156865,0.024390243902439025,0.013157894736842105,0.05813953488372093,0.046153846153846156,0.0,0.0,0.0,0.0,0.038461538461538464,0.007633587786259542,0.0,0.0,0.0,0.005988023952095809,0.0,0.0,0.0,0.0,0.0,0.0,0.0,0.0,0.0,0.0,0.0,0.0,0.0,0.0,0.0,0.0,0.0,0.0,0.0,0.0,0.0,0.0,0.0,0.0,0.0,0.0,0.0,0.0,0.0,0.0
1800199, nadE, C->T, synonymous,4.87826,9.999e-05,116,-1.0,0.75,116,0.9,0.461538,PASS,0.0,0.0,0.0,0.0,0.0,0.0,0.0,0.0,0.0,0.029411764705882353,0.0,0.0,0.0,0.0,0.0,0.0,0.0,0.0,0.0,0.0,0.0,0.0,0.0,0.0,0.0,0.0,0.0,0.0,0.0,0.0,0.0,0.0,0.0,0.0,0.0,0.0,0.0,0.0,0.0,0.0,0.0,0.0,0.0,0.0,0.0,0.012195121951219513,0.06172839506172839,0.15873015873015872,0.19444444444444445,0.3142857142857143,0.11594202898550725,0.049019607843137254,0.0136986301369863,0.0,0.0,0.0,0.0,0.0,0.0,0.0,0.008620689655172414,0.0,0.0,0.0,0.0,0.0,0.0,0.008130081300813009,0.0,0.0,0.0,0.0,0.0,0.0,0.0,0.0,0.0,0.0,0.0,0.014285714285714285,0.0,0.0,0.0,0.00909090909090909,0.0,0.0,0.0,0.0,0.0,0.0,0.0,0.0,0.0,0.0,0.0,0.0,0.0,0.01020408163265306,0.0,0.0,0.0,0.0,0.0,0.0,0.006369426751592357,0.0,0.0,0.0,0.0,0.0,0.0,0.0,0.0,0.0055248618784530384,0.0,0.0,0.0,0.0,0.0,0.0,0.0,0.0,0.0,0.0,0.0,0.0,0.0,0.0,0.0,0.0,0.0,0.0,0.0,0.0,0.0,0.0,0.0,0.0,0.0
1803267, astE, MOB_1803267_1803275_IS1_-1, sv,2.73837,9.999e-05,116,-1.0,0.923077,113,0.9,1.0,PASS,0.0,0.0,0.0,0.0,0.0,0.0,0.0,0.0,0.0,0.0,0.0,0.0,0.0,0.0,0.0,0.0,0.0,0.0,0.0,0.0,0.0,0.0,0.0,0.0,0.0,0.0,0.0,0.0,0.0,0.0,0.0,0.0,0.0,0.0,0.0,0.0,0.0,0.0,0.0,0.0,0.0,0.0,0.0,0.0,0.0,0.0,0.0,0.0,0.0,0.0,0.0,0.0,0.0,0.0,0.0,0.0,0.0,0.0,0.0,0.0,0.0,0.0,0.0,0.0,0.0,0.0,0.0,0.0,0.0,0.0,0.0,0.0,0.0,0.007936507936507936,0.05442176870748299,0.0847457627118644,0.09722222222222222,0.0136986301369863,0.04285714285714286,0.075,0.0763888888888889,0.07547169811320754,0.0,0.0,0.0759493670886076,0.007407407407407408,0.10112359550561797,0.1813186813186813,0.3227848101265823,0.175,0.13513513513513514,0.0,0.0,0.0,0.0,0.0,0.0,0.0,0.0,0.0,0.0,0.0,0.0,0.0,0.0,0.0,0.0,0.0,0.0,0.0,0.0,0.0,0.0,0.0,0.0,0.0,0.0,0.0,0.0,0.0,0.0,0.0,0.0,0.0,0.0,0.0,0.0,0.0,0.0,0.0,0.0,0.0,0.0,0.0,0.0,0.0,0.0,0.0,0.0
1821482, ynjI, MOB_1821482_1821484_IS150_-1, sv,1.17694,9.999e-05,116,-1.0,0.631579,113,0.9,0.444444,PASS,0.0,0.0,0.0,0.005555727019498607,0.0,0.018214591883264932,0.0,0.0,0.04851938775510204,0.03194888178913738,0.0,0.0,0.0413919170984456,0.02824886685552408,0.0969051779935275,0.0,0.0,0.008686872822299652,0.013456950067476384,0.03240321081081081,0.0,0.0,0.0,0.0,0.044984941388638414,0.03742332916926921,0.008012820512820514,0.012686806615776083,0.016133255250403877,0.020833333333333332,0.014644933920704846,0.007235890014471781,0.023809523809523808,0.006683210455764075,0.0,0.018621973929236497,0.056178197908286404,0.12987012987012986,0.07240778008298755,0.0720366258111031,0.05822817406908928,0.03187415443522655,0.023039834024896268,0.05890880741677202,0.07515125628140704,0.08823812154696133,0.09746201171874999,0.19304046391752577,0.1086320754716981,0.3160938864628821,0.16726561576354682,0.09819765684051397,0.1384637781629116,0.06979495810055866,0.10526036542515811,0.034025894378194206,0.05677233712512927,0.08586798941798943,0.037617713567839196,0.045193180105501135,0.11174673304293715,0.13844130284130285,0.02356637863315004,0.028852890173410407,0.015080443548387097,0.23088835725677828,0.05559282622139765,0.08725007949125596,0.04835680718728404,0.08237515476681799,0.1920292532717475,0.157539780521262,0.12924447829398322,0.08604472361809044,0.06384776119402986,0.008419928330522766,0.04814983922829582,0.024271844660194174,0.03258537859007833,0.0,0.010353939865215137,0.01190065632458234,0.00903750564844103,0.008787346221441126,0.005950059665871122,0.013924301675977654,0.0,0.0,0.0061312078479460455,0.0,0.01107518045530261,0.02411305711987128,0.02640138888888889,0.016673663697104678,0.012493074676679183,0.008012820512820514,0.0,0.007803051643192488,0.0,0.0,0.0,0.021424324324324326,0.0,0.0,0.008533827723901882,0.0145569451189898,0.00499001996007984,0.003663003663003663,0.0,0.0,0.0,0.0106951871657754,0.002840977207977208,0.0038578452611218567,0.0,0.0,0.0,0.0,0.0,0.0,0.0,0.0,0.0,0.0,0.0,0.0,1.0,0.0,0.0,0.0,0.0,0.0,0.0,0.0,0.0,0.0,0.0,0.0,0.0
1836916, ydjK, MOB_1836916_1836919_IS150_-1, sv,5.30376,9.999e-05,116,-1.0,0.0275229,111,0.9,0.0451128,PASS,0.0,0.0,0.0,0.0,0.0,0.0,0.0,0.0,0.0,0.0,0.0,0.0,0.0,0.0,0.0,0.0,0.0,0.0,0.0,0.0,0.0,0.0,0.0,0.0,0.0,0.0,0.0,0.0,0.0,0.0,0.0,0.0,0.0,0.07198560287942413,0.2166294998407136,0.292772186642269,0.10355443604813881,0.2958579881656805,0.0,0.0,0.0,0.0,0.0,0.0,0.0,0.0,0.0,0.0,0.0,0.0,0.0,0.0,0.0,0.0,0.0,0.0,0.0,0.0,0.0,0.0,0.0,0.0,0.0,0.0,0.0,0.0,0.0,0.0,0.0,0.0,0.0,0.0,0.0,0.0,0.0,0.0,0.0,0.0,0.0,0.0,0.0,0.0,0.0,0.0,0.0,0.0,0.0,0.0,0.0,0.0,0.0,0.0,0.0,0.0,0.0,0.0,0.0,0.0,0.0,0.0,0.0,0.0,0.0,0.0,0.0,0.0,0.0,0.0,0.0,0.0,0.0,0.0,0.0,0.0,0.0,0.0,0.0,0.0,0.0,0.0,0.0,0.0,0.0,0.0,0.0,0.0,0.0,0.0,0.0,0.0,0.0,0.0,0.0,0.0,0.0,0.0,0.0,0.0,0.0
1848003, yeaI, indel;-1, indel,2.22625,0.00349965,116,-1.0,0.75,110,0.9,0.631579,PASS,0.0,0.0,0.0,0.0,0.0,0.0,0.0,0.0,0.0,0.0,0.0,0.0,0.0,0.0,0.0,0.0,0.0,0.0,0.0,0.0,0.0,0.0,0.0,0.0,0.0,0.0,0.0,0.0,0.0,0.0,0.0,0.0,0.0,0.0,0.0,0.0,0.0,0.0,0.0,0.0,0.0,0.0,0.0,0.0,0.0,0.0,0.0,0.0,0.0,0.0,0.0,0.0,0.0,0.0,0.0,0.0,0.0,0.0,0.0,0.0,0.0,0.0,0.0,0.0,0.0,0.0,0.0,0.0,0.0,0.0,0.0,0.0,0.0,0.0,0.0,0.0,0.0,0.0,0.0,0.0,0.0,0.0,0.0,0.0,0.0,0.0,0.0,0.0,0.0,0.0,0.0,0.0,0.0,0.0,0.0,0.0,0.0,0.0,0.0,0.0,0.0,0.0,0.0,0.1,0.03289473684210526,0.04672897196261682,0.06299212598425197,0.11494252873563218,0.17054263565891473,0.0,0.15714285714285714,0.0,0.0,0.0,0.0,0.0,0.0,0.0,0.0,0.0,0.0,0.0,0.0,0.0,0.0,0.0,0.0,0.0,0.0,0.0,0.0,0.0,0.0,0.0,0.0,0.0,0.0,0.0,0.0
1849559, yeaJ, MOB_1849559_1849561_IS150_1, sv,3.3887,9.999e-05,116,-1.0,0.705882,115,0.9,0.666667,PASS,0.0,0.0,0.0,0.0,0.0,0.0,0.0,0.0,0.0,0.0,0.0,0.0,0.0,0.0,0.0,0.0,0.0,0.0,0.0,0.0,0.0,0.0,0.0,0.0,0.0,0.003676470588235294,0.045454545454545456,0.09090909090909091,0.10362694300518134,0.035211267605633804,0.16568047337278108,0.07222222222222222,0.06504065040650407,0.17647058823529413,0.27692307692307694,0.2653061224489796,0.23648648648648649,0.10344827586206896,0.0,0.0,0.0,0.0,0.0,0.0,0.0,0.0,0.0,0.0,0.0,0.0,0.0,0.0,0.0,0.0,0.0,0.0,0.0,0.0,0.0,0.0,0.0,0.0,0.0,0.0,0.0,0.0,0.0,0.0,0.0,0.0,0.0,0.0,0.0,0.0,0.0,0.0,0.0,0.0,0.0,0.0,0.0,0.0,0.0,0.0,0.0,0.0,0.0,0.0,0.0,0.0,0.0,0.0,0.0,0.0,0.0,0.0,0.0,0.0,0.0,0.0,0.0,0.0,0.0,0.0,0.0,0.0,0.0,0.0,0.0,0.0,0.0,0.0,0.0,0.0,0.0,0.0,0.0,0.0,0.0,0.0,0.0,0.0,0.0,0.0,0.0,0.0,0.0,0.0,0.0,0.0,0.0,0.0,0.0,0.0,0.0,0.0,0.0,0.0,0.0
1859000, yeaS, MOB_1859000_1859002_IS150_1, sv,1.71333,9.999e-05,116,-1.0,1.0,113,0.9,0.923077,PASS,0.0,0.0,0.0,0.0049395634920634925,0.0,0.004210490486257928,0.0,0.0,0.0,0.027434842249657063,0.0,0.0,0.0,0.0,0.0,0.14285714285714285,0.0,0.009502061068702291,0.088611477488903,0.09476308016877637,0.14019228456913826,0.1798353470437018,0.12132978755690439,0.059940480961923844,0.30009591982820333,0.37957550274223034,0.2725983606557377,0.2250260651629073,0.23458486707566462,0.11470985221674877,0.1730956968529223,0.16108573853989813,0.2926115635179153,0.3027472426470588,0.3332534562211982,0.390759413202934,0.2582587646076795,0.36363636363636365,0.01926782273603083,0.0,0.005015186304128902,0.0,0.011146614437604925,0.008598452278589854,0.0,0.022833791523482246,0.010893246187363835,0.021228848614072496,0.011261261261261262,0.0,0.0,0.024217526273241714,0.010548523206751054,0.009153658088235294,0.014015416958654521,0.05255670767428237,0.07911730353280462,0.03730164547494391,0.13414424514200296,0.2109558823529412,0.3567219887955182,0.3426433076384023,0.5316389891696751,0.40729305135951666,0.5632694552529183,0.5251842105263158,0.7513962368566686,0.4524174120453191,0.12663576410906785,0.028814000000000003,0.03889980481457385,0.02237464472700075,0.03449640635798203,0.08977983301220295,0.20985679374389055,0.16904483074107962,0.08862205323193915,0.31621820580474935,0.007418397626112759,0.009050997732426303,0.011191941801902631,0.0,0.0,0.0,0.00572737686139748,0.0,0.009727626459143969,0.009407337723424272,0.005302226935312832,0.0063961785484906875,0.013917884481558803,0.0,0.0,0.0,0.0,0.0,0.0,0.0,0.0,0.0,0.005974857485748574,0.0,0.0,0.0,0.0,0.0,0.0,0.0,0.0,0.0,0.0,0.0,0.0,0.0,0.0,0.0,0.0,0.0,0.0,0.0,0.0,0.0,0.0,0.0,0.0,0.0,0.0,0.0,0.0,0.0,0.0,0.0,0.0,1.0,0.0,1.0,0.0,0.0,0.0
1866767, fadD, G->A, nonsense,4.4252,9.999e-05,116,-1.0,1.0,113,0.9,0.923077,PASS,0.0,0.0,0.0,0.0,0.0,0.0,0.0,0.0,0.0,0.0,0.0,0.0,0.0,0.0,0.0,0.0,0.0,0.0,0.0,0.0,0.0,0.0,0.0,0.0,0.0,0.0,0.0,0.0,0.0,0.0,0.0,0.0,0.0,0.0,0.0,0.0,0.0,0.0,0.0,0.0,0.0,0.0,0.0,0.0,0.0,0.0,0.0,0.0,0.0,0.0,0.0,0.0,0.0,0.0,0.0,0.0,0.0,0.0,0.0,0.02040816326530612,0.0,0.0,0.0,0.0,0.0,0.0,0.0,0.0,0.0,0.0,0.0,0.0,0.0,0.0,0.0,0.0,0.0,0.0,0.0,0.0,0.0,0.0,0.0,0.0,0.0,0.0,0.0,0.0,0.0,0.0,0.0,0.21621621621621623,0.3055555555555556,0.5217391304347826,0.1956521739130435,0.05,0.030303030303030304,0.030303030303030304,0.0,0.021739130434782608,0.0,0.0,0.0,0.0,0.0,0.0,0.0,0.0,0.0,0.0,0.0,0.0,0.0,0.0,0.0,0.0,0.0,0.0,0.0,0.0,0.0,0.0,0.0,0.0,0.0,0.0,0.0,0.0,0.0,0.0,0.0,0.0,0.0,0.0,0.0,0.0,0.0,0.0,0.0
1872600, yoaC, G->C, noncoding,3.00209,9.999e-05,116,-1.0,0.171429,113,0.9,0.0390879,PASS,0.0,0.0,0.0,0.005952380952380952,0.0,0.00546448087431694,0.0,0.0,0.0,0.0,0.0,0.0,0.0,0.0,0.0,0.0,0.0,0.0,0.0,0.0,0.0,0.0,0.0,0.03571428571428571,0.14285714285714285,0.1971153846153846,0.0958904109589041,0.046153846153846156,0.006711409395973154,0.03389830508474576,0.012195121951219513,0.0,0.07563025210084033,0.12598425196850394,0.09836065573770492,0.0,0.060240963855421686,0.07692307692307693,0.0,0.0,0.0,0.0,0.0,0.0,0.0,0.0,0.0,0.0,0.0,0.0,0.0,0.0,0.0,0.012658227848101266,0.0,0.0,0.0,0.0,0.0,0.0,0.0,0.0,0.017857142857142856,0.0,0.004807692307692308,0.0,0.0,0.0,0.0,0.0,0.0,0.0,0.0,0.0,0.0,0.0,0.0,0.0,0.0,0.0,0.0,0.0,0.0,0.0,0.0,0.0,0.0,0.0,0.0,0.0,0.0,0.0,0.0,0.0,0.0,0.0,0.0,0.0,0.0,0.0,0.0,0.0,0.0,0.0,0.0,0.0,0.0,0.0,0.0,0.0,0.0,0.0,0.0,0.0,0.0,0.0,0.0,0.0,0.0,0.0,0.0,0.0,0.0,0.0,0.0,0.0,0.0,0.0,0.0,0.0,0.0,0.0,0.0,0.0,0.019230769230769232,0.0,0.0,0.0,0.0
1876835, sdaA, junction_1876835_-1_1883169_1, sv,2.47942,9.999e-05,116,-1.0,0.00079992,116,0.9,0.5,PASS,0.0,0.0,0.0,0.0,0.0,0.0,0.0,0.0,0.0,0.0,0.0,0.0,0.0,0.0,0.0,0.0,0.0,0.0,0.0,0.0,0.0,0.041666666666666664,0.06285714285714286,0.04950495049504951,0.05504587155963303,0.05217391304347826,0.02586206896551724,0.07142857142857142,0.07657657657657657,0.018292682926829267,0.10396039603960396,0.0738255033557047,0.05405405405405406,0.05128205128205128,0.26582278481012656,0.09859154929577464,0.10526315789473684,0.1111111111111111,0.0,0.0,0.0,0.0,0.0,0.0,0.0,0.0,0.0,0.0,0.0,0.0,0.0,0.0,0.0,0.0,0.0,0.0,0.0,0.0,0.0,0.0,0.0,0.0,0.0,0.0,0.0,0.0,0.0,0.0,0.0,0.0,0.0,0.0,0.0,0.0,0.0,0.0,0.0,0.0,0.0,0.0,0.0,0.0,0.0,0.0,0.0,0.0,0.0,0.0,0.0,0.0,0.0,0.0,0.0,0.0,0.0,0.0,0.0,0.0,0.0,0.0,0.0,0.0,0.0,0.0,0.0,0.0,0.0,0.0,0.0,0.0,0.0,0.0,0.0,0.0,0.0,0.0,0.0,0.0,0.0,0.0,0.0,0.0,0.0,0.0,0.0,0.0,0.0,0.0,0.0,0.0,0.0,0.0,0.0,0.0,0.0,0.0,0.0,0.0,0.0
1879026, yoaE, T->A, missense,0.95295,9.999e-05,116,-1.0,1.0,115,0.9,1.0,PASS,0.0,0.0,0.0,0.0,0.0,0.0,0.0,0.0,0.0,0.0,,0.0,0.0,0.0,0.0,0.0,0.0,0.0,0.0,0.0,0.0,0.0,0.0,0.0,0.0,0.0,0.0,0.0,0.0,0.0,0.0,0.019230769230769232,0.03125,0.07142857142857142,0.3870967741935484,0.34782608695652173,0.6190476190476191,1.0,0.7647058823529411,0.9111111111111111,0.703125,0.7922077922077922,0.8421052631578947,0.8979591836734694,0.8620689655172413,0.7142857142857143,0.8444444444444444,0.8260869565217391,0.8518518518518519,1.0,0.9696969696969697,1.0,0.9545454545454546,0.9607843137254902,1.0,1.0,1.0,1.0,1.0,1.0,1.0,1.0,1.0,0.9838709677419355,1.0,1.0,1.0,1.0,1.0,1.0,1.0,1.0,1.0,1.0,1.0,1.0,1.0,1.0,1.0,1.0,1.0,1.0,1.0,1.0,0.9545454545454546,1.0,1.0,1.0,1.0,1.0,0.9811320754716981,1.0,1.0,1.0,1.0,1.0,1.0,1.0,0.9642857142857143,1.0,1.0,1.0,1.0,1.0,1.0,1.0,1.0,1.0,1.0,1.0,1.0,1.0,1.0,0.989247311827957,1.0,1.0,1.0,0.0,0.0,0.0,0.0,0.0,0.0,0.0,0.0,0.0,0.0,0.0,0.0,0.0,0.0,0.0,1.0,1.0,0.9772727272727273,0.9696969696969697,1.0,1.0,0.9818181818181818
1902269, yebY, indel;A;+A;+G;G;+TT;-1;T;+T, indel,0.836732,9.999e-05,116,-1.0,0.375,115,0.9,0.15,PASS,0.0,0.0,0.0,0.0,0.019230769230769232,0.01639344262295082,0.02702702702702703,0.0,0.01639344262295082,0.04,,0.0,0.0,0.0,0.0,0.0,0.05084745762711865,0.075,0.6585365853658537,0.6774193548387096,0.6428571428571429,0.7096774193548387,0.75,0.967741935483871,0.7878787878787878,0.7982456140350878,0.8043478260869565,0.8085106382978723,0.8314606741573034,0.9019607843137255,0.7162162162162162,0.8701298701298701,0.8615384615384616,0.75,0.6153846153846154,0.7058823529411765,0.8554216867469879,0.7272727272727273,0.971830985915493,0.927536231884058,0.9230769230769231,0.9518072289156626,0.92,0.975609756097561,1.0,0.9245283018867925,0.9545454545454546,1.0,0.95,0.975609756097561,0.9814814814814815,0.9466666666666667,0.9428571428571428,0.9242424242424242,0.975,0.9397590361445783,1.0,0.9166666666666666,0.9166666666666666,0.9384615384615385,0.9166666666666666,0.9452054794520548,0.9636363636363636,0.9178082191780822,0.948051948051948,0.90625,0.9292929292929293,0.8787878787878788,0.8983050847457628,0.9204545454545454,0.925,0.95,0.9047619047619048,0.9130434782608695,0.9,0.948051948051948,0.9428571428571428,0.92,0.922077922077922,0.855072463768116,0.95,0.8823529411764706,0.9130434782608695,0.9,0.9493670886075949,0.9682539682539683,0.9444444444444444,0.8857142857142857,0.9405940594059405,0.9634146341463414,0.9117647058823529,0.9428571428571428,0.9529411764705882,0.8723404255319149,0.9452054794520548,0.9104477611940298,0.9090909090909091,0.9830508474576272,0.9722222222222222,0.9195402298850575,0.9495798319327731,0.8958333333333334,0.9230769230769231,0.9523809523809523,0.9186046511627907,0.9139784946236559,0.9418604651162791,1.0,0.9393939393939394,0.9423076923076923,0.9361702127659575,0.9777777777777777,0.9008264462809917,0.9482758620689655,0.5,0.9666666666666667,0.8888888888888888,0.0,0.0,0.0,0.03571428571428571,0.0,0.0,0.0,0.0,0.0,0.0,0.8235294117647058,0.0,0.6666666666666666,0.6956521739130435,0.6578947368421053,0.6,0.6944444444444444,0.6363636363636364,0.6551724137931034,0.7777777777777778,0.7768595041322314,0.8064516129032258
1914065, zwf, G->C, missense,3.17913,0.00019998,116,-1.0,0.0784314,115,0.9,0.0662983,PASS,0.0,0.0,0.0,0.0,0.02631578947368421,0.0,0.0,0.0,0.0,0.0,0.0,0.0,0.0,0.0,0.0,0.0,0.0,0.0,0.0,0.0,0.0,0.0,0.0,0.0,0.0,0.0,0.0,0.0,0.0,0.0,0.0,0.0,0.0,0.0,0.0,0.0,0.0,0.0,0.0,0.0,0.0,0.0,0.0,0.0,0.0,0.0,0.0,0.0,0.0,0.0,0.0,0.0,0.0,0.0,0.0,0.0,0.016666666666666666,0.0,0.0,0.0,0.0,0.0,0.0,0.0,0.0,0.0,0.0,0.0,0.028169014084507043,0.0,0.0,0.0,0.0,0.0,0.0,0.0,0.0,0.0,0.0,0.0,0.0,0.0,0.030303030303030304,0.07142857142857142,0.07142857142857142,0.015873015873015872,0.0,0.03278688524590164,0.0,0.05405405405405406,0.0,0.08955223880597014,0.2727272727272727,0.43661971830985913,0.21428571428571427,0.046875,0.022222222222222223,0.07462686567164178,0.0,0.02197802197802198,0.0,0.0,0.0,0.0,0.0,0.0,0.010101010101010102,0.0,0.0,0.0,0.0,0.0,0.0,0.0,0.0,0.0,0.0,0.0,0.0,0.0,0.0,0.0,0.0,0.0,0.0,0.0,0.0,0.0,0.0,0.0,0.0,0.0,0.0,0.0,0.0,0.0,0.02631578947368421,0.0,0.0
1915100, intergenic, indel;A;C;+AA;+A;-1;T, indel,0.903441,9.999e-05,116,-1.0,0.00154044,112,0.9,0.428571,PASS,0.0,0.0,0.0,0.017699115044247787,0.0,0.03007518796992481,0.0,0.0,0.0,0.0,0.0,0.0,0.08,0.0,0.0,0.0,0.03333333333333333,0.0,0.0,0.0,0.0,0.0,0.0,0.0,0.0,0.0,0.023255813953488372,0.0,0.0,0.0,0.0,0.034482758620689655,0.046511627906976744,0.038461538461538464,0.0,0.0,0.0,0.0,0.0,0.04081632653061224,0.11842105263157894,0.028169014084507043,0.0,0.0,0.0,0.0,0.1111111111111111,0.13636363636363635,0.13333333333333333,0.0,0.13793103448275862,0.09302325581395349,0.23529411764705882,0.5483870967741935,0.23255813953488372,0.4222222222222222,0.3611111111111111,0.4,0.5,0.5,0.2631578947368421,0.22413793103448276,0.10638297872340426,0.171875,0.03076923076923077,0.391304347826087,0.2777777777777778,0.4,0.32075471698113206,0.4868421052631579,0.1794871794871795,0.5128205128205128,0.42105263157894735,0.2982456140350877,0.2553191489361702,0.34146341463414637,0.2571428571428571,0.16666666666666666,0.11428571428571428,0.3125,0.35294117647058826,0.6896551724137931,0.09090909090909091,0.375,0.4642857142857143,0.6428571428571429,0.90625,0.8148148148148148,0.6666666666666666,0.6785714285714286,0.7272727272727273,0.6282051282051282,0.6379310344827587,0.42857142857142855,0.676923076923077,0.71875,0.7142857142857143,0.8703703703703703,0.6585365853658537,0.9615384615384616,0.868421052631579,0.8679245283018868,0.9333333333333333,0.9166666666666666,0.9310344827586207,0.9242424242424242,0.8717948717948718,0.8426966292134831,0.8414634146341463,0.8082191780821918,0.8723404255319149,0.6875,0.8433734939759037,0.8390804597701149,0.8571428571428571,0.9111111111111111,1.0,0.0,0.0,0.0,0.05,0.0,0.0,0.0,0.0,0.0,0.0,0.0,0.0,0.0,0.0,0.0,0.0,0.0,0.0,0.0,0.625,0.8108108108108109,0.8493150684931506
1915406, yebK, MOB_1915406_1915414_IS1_-1, sv,4.01471,9.999e-05,116,-1.0,0.444444,113,0.9,0.857143,PASS,0.0,0.0,0.0,0.0,0.0,0.0,0.0,0.0,0.0,0.0,0.0,0.0,0.0,0.0,0.0,0.0,0.0,0.0,0.0,0.0,0.0,0.0,0.0,0.0,0.0,0.0,0.0,0.0,0.0,0.0,0.0,0.0,0.0,0.0,0.0,0.0,0.0,0.0,0.0,0.0,0.0,0.0,0.0,0.0,0.0,0.0,0.0,0.0,0.0,0.0,0.0,0.0,0.0,0.0,0.0,0.0,0.0,0.0,0.0,0.0,0.0,0.0,0.0,0.0,0.0,0.0,0.0,0.0,0.0,0.0,0.0,0.02962962962962963,0.010416666666666666,0.09523809523809523,0.20155038759689922,0.11538461538461539,0.057971014492753624,0.15254237288135594,0.008928571428571428,0.0,0.0,0.0,0.0,0.0,0.0,0.0,0.0,0.0,0.0,0.0,0.0,0.0,0.0,0.0,0.0,0.0,0.0,0.0,0.0,0.0,0.0,0.0,0.0,0.0,0.0,0.0,0.0,0.0,0.0,0.0,0.0,0.0,0.0,0.0,0.0,0.0,0.0,0.0,0.0,0.0,0.0,0.01818181818181818,0.0,0.0,0.0,0.0,0.0,0.0,0.0,0.0,0.0,0.0,0.0,0.0,0.0,0.8771929824561403,0.0,0.0,0.0
1916109, intergenic, A->G, noncoding,1.38929,9.999e-05,116,-1.0,0.705882,115,0.9,0.292683,PASS,0.0,0.0,0.0,0.0,0.0,0.0,0.0,0.0,0.0,0.03571428571428571,0.0,0.0,0.0,0.0,0.0,0.0,0.0,0.0,0.0,0.0,0.0,0.0,0.0,0.0,0.0,0.0,0.0,0.0,0.0,0.0,0.0,0.017857142857142856,0.0,0.017857142857142856,0.0,0.0,0.0,0.0,0.0,0.0,0.0,0.0,0.009523809523809525,0.0,0.0,0.0,0.0,0.0,0.0,0.0,0.0,0.0,0.0,0.0,0.015625,0.0,0.0,0.0,0.0,0.0,0.0,0.012987012987012988,0.0,0.011627906976744186,0.03125,0.03773584905660377,0.04878048780487805,0.2222222222222222,0.28125,0.34375,0.14,0.2909090909090909,0.2923076923076923,0.16483516483516483,0.18421052631578946,0.16417910447761194,0.2,0.16,0.06578947368421052,0.14285714285714285,0.09859154929577464,0.01694915254237288,0.10256410256410256,0.06976744186046512,0.01639344262295082,0.0,0.3275862068965517,0.08974358974358974,0.010638297872340425,0.2727272727272727,0.7397260273972602,0.8545454545454545,0.7631578947368421,0.550561797752809,0.7878787878787878,0.9811320754716981,0.9743589743589743,0.9137931034482759,0.9846153846153847,1.0,1.0,1.0,1.0,1.0,1.0,1.0,1.0,1.0,1.0,1.0,1.0,0.9310344827586207,0.9908256880733946,1.0,1.0,1.0,1.0,0.0,0.0,0.0,0.0,0.0,0.0,0.0,0.0,0.0,0.0,0.0,0.0,0.0,0.0,0.0,0.0,0.0,0.0,0.0,0.0,0.990909090909091,0.9827586206896551
1930575, yecE, C->A, missense,0.979075,9.999e-05,116,-1.0,0.137931,112,0.9,0.206897,PASS,0.0,0.0,0.0,0.01020408163265306,0.0,0.0,0.0,0.0,0.0,0.0,0.0,0.0,0.041666666666666664,0.631578947368421,0.7777777777777778,0.6923076923076923,0.873015873015873,0.8222222222222222,0.9565217391304348,0.9682539682539683,0.84375,1.0,1.0,1.0,1.0,0.9826086956521739,1.0,1.0,1.0,1.0,1.0,1.0,1.0,1.0,1.0,1.0,1.0,1.0,1.0,0.98,1.0,1.0,1.0,1.0,1.0,1.0,1.0,1.0,1.0,1.0,0.9838709677419355,1.0,1.0,1.0,1.0,1.0,0.9743589743589743,1.0,1.0,1.0,0.9824561403508771,1.0,0.975,1.0,1.0,1.0,1.0,1.0,1.0,0.9836065573770492,0.9833333333333333,1.0,1.0,1.0,0.9818181818181818,1.0,1.0,1.0,1.0,1.0,0.9873417721518988,1.0,0.9705882352941176,0.9454545454545454,0.9821428571428571,1.0,1.0,1.0,1.0,1.0,0.9714285714285714,1.0,1.0,1.0,1.0,0.9868421052631579,0.9818181818181818,0.9876543209876543,1.0,1.0,1.0,1.0,1.0,1.0,1.0,1.0,1.0,1.0,0.9876543209876543,1.0,1.0,1.0,1.0,1.0,1.0,0.984375,1.0,0.0,0.0,0.0,0.0,0.0,0.0,0.019230769230769232,0.015873015873015872,0.0,0.017543859649122806,1.0,1.0,1.0,1.0,1.0,1.0,1.0,0.9714285714285714,1.0,1.0,0.9911504424778761,0.9710144927536232
1931401, yecN, G->T, missense,2.3534,9.999e-05,116,-1.0,1.0,113,0.9,0.103448,PASS,0.0,0.0,0.0,0.0,0.0,0.020689655172413793,0.0,0.0,0.0,0.0,0.0,0.0,0.0,0.0,0.0,0.0,0.0,0.0,0.0,0.0,0.0,0.0,0.0,0.0,0.0,0.0,0.0,0.0,0.0,0.0,0.0,0.0,0.0,0.0,0.0,0.0,0.0,0.0,0.0,0.0,0.0,0.0,0.0,0.0,0.0,0.0,0.0,0.0,0.0,0.0,0.0,0.0,0.0,0.0,0.0,0.0,0.03278688524590164,0.0,0.045454545454545456,0.03636363636363636,0.014492753623188406,0.10294117647058823,0.05454545454545454,0.12987012987012986,0.125,0.13559322033898305,0.26506024096385544,0.08571428571428572,0.29850746268656714,0.1797752808988764,0.06779661016949153,0.0,0.02702702702702703,0.0,0.0,0.012987012987012988,0.0,0.0,0.0,0.011764705882352941,0.0,0.012658227848101266,0.0,0.030303030303030304,0.0,0.018867924528301886,0.0,0.0,0.0,0.0,0.0,0.01818181818181818,0.0,0.0,0.0,0.0,0.0,0.0,0.0,0.0,0.0,0.0,0.0,0.0,0.0,0.008695652173913044,0.0,0.0,0.018018018018018018,0.0,0.0,0.0,0.0,0.0,0.0,0.0,0.0,0.0,0.0,0.0,0.0,0.0,0.0,0.0,0.0,0.0,0.0,0.0,0.0,0.0,0.0,0.0,0.0,0.0,0.0,0.0,0.0,0.008849557522123894,0.0
1934911, torZ, G->A, synonymous,2.98799,0.00239976,116,-1.0,0.012024,116,0.9,0.857143,PASS,0.0,0.0,0.0,0.0,0.0,0.0,0.0,0.0,0.0,0.0,0.0,0.0,0.0,0.0,0.0,0.0,0.0,0.0,0.0,0.0,0.0,0.0,0.0,0.0,0.0,0.0,0.0,0.0,0.0,0.0,0.0,0.0,0.0,0.0,0.0,0.0,0.0,0.0,0.0,0.0,0.0,0.0,0.0,0.0,0.0,0.0,0.0,0.0,0.022727272727272728,0.1111111111111111,0.04918032786885246,0.04838709677419355,0.0,0.0,0.012345679012345678,0.043478260869565216,0.0,0.0,0.0,0.023809523809523808,0.0,0.0,0.01694915254237288,0.0,0.0,0.0,0.0,0.0,0.0,0.0,0.0,0.0,0.0,0.0,0.0,0.0,0.0,0.0,0.0,0.0,0.0,0.0,0.0,0.0,0.0,0.0,0.0,0.0,0.0,0.0,0.0,0.0,0.0,0.0,0.0,0.0,0.0,0.0,0.0,0.0,0.0,0.0,0.0,0.0,0.0,0.0,0.0,0.0,0.0,0.0,0.0,0.0,0.0,0.0,0.0,0.0,0.0,0.0,0.0,0.0,0.0,0.0,0.0,0.0,0.0,0.0,0.0,0.0,0.0,0.0,0.0,0.0,0.0,0.0,0.0,0.0,0.0,0.0,0.0
1948728, tap, T->C, missense,1.67204,9.999e-05,116,-1.0,0.0310078,115,0.9,0.3,PASS,0.0,0.0,0.027777777777777776,0.0,0.0,0.0,0.0,0.0,0.0,0.0,0.0,0.0,0.0,0.0,0.0,0.0,0.0,0.0,0.0,0.0,0.0,0.0,0.0,0.0,0.0,0.0,0.0,0.0,0.0,0.0,0.0,0.0,0.0,0.0,0.0,0.0,0.0,0.0,0.0,0.0,0.0,0.0,0.0,0.0,0.0,0.0,0.0,0.0,0.0,0.0,0.0,0.0,0.0,0.0,0.047619047619047616,0.0,0.0,0.0,0.0,0.0,0.0,0.0,0.0,0.0,0.0,0.0,0.0,0.0,0.0,0.0,0.0,0.0,0.03125,0.075,0.07017543859649122,0.022727272727272728,0.0,0.029411764705882353,0.034482758620689655,0.014492753623188406,0.043478260869565216,0.012658227848101266,0.05405405405405406,0.0,0.03389830508474576,0.028985507246376812,0.41379310344827586,0.1282051282051282,0.05185185185185185,0.33663366336633666,0.6875,0.8596491228070176,0.6666666666666666,0.5657894736842105,0.7761194029850746,0.9850746268656716,0.958904109589041,0.9295774647887324,0.9487179487179487,0.9714285714285714,1.0,1.0,1.0,1.0,1.0,1.0,1.0,1.0,1.0,1.0,1.0,1.0,1.0,0.9912280701754386,1.0,1.0,1.0,0.0,0.0,0.0,0.0,0.0,0.0,0.0,0.0,0.0,0.0,0.0,0.0,0.0,0.0,0.0,0.0,0.0,0.0,0.0,0.0,1.0,1.0
1955423, motA, MOB_1955423_1955426_IS150_-1, sv,3.30769,0.00029997,116,-1.38267,0.00649702,113,0.9,0.097561,PASS,0.0,0.0,0.0,0.0,0.0,0.0,0.0,0.0,0.0,0.0,0.0,0.0,0.0,0.0,0.0,0.0,0.0,0.0,0.0,0.0,0.0,0.0,0.0,0.0,0.0,0.0,0.0,0.0,0.02,0.11570247933884298,0.09649122807017543,0.0297029702970297,0.023809523809523808,0.009259259259259259,0.0,0.0,0.0,0.0,0.0,0.0,0.0,0.0,0.0,0.0053475935828877,0.0,0.0,0.0,0.0,0.0,0.0,0.015384615384615385,0.0,0.0,0.0,0.0078125,0.010526315789473684,0.0,0.0,0.0,0.010526315789473684,0.0,0.0,0.0,0.0,0.0,0.0,0.0,0.0,0.0,0.0,0.0,0.0,0.0,0.030612244897959183,0.0,0.0,0.0,0.0,0.0,0.0,0.0,0.0,0.0,0.0,0.01,0.0,0.0,0.0,0.007352941176470588,0.0,0.0,0.017857142857142856,0.0,0.0,0.0,0.0,0.0,0.0,0.0,0.0,0.0,0.0,0.0,0.0,0.0,0.0,0.0,0.0,0.0,0.0,0.0,0.0,0.0,0.0,0.0,0.0,0.0,0.0,0.0,0.07692307692307693,0.0,0.0,0.0,0.0,0.0,0.0,0.0,0.0,0.0,0.0,0.0,0.0,0.0,0.0,0.0,0.0,0.0,0.0,0.0
1974722, intergenic, junction_1974722_1_IS1_end, sv,3.46953,0.00249975,90,-3.84152,9.999e-05,89,0.9,0.545455,PASS,0.0,0.0,0.0,0.0,0.0,0.0,0.0,0.0,0.0,0.0,0.0,0.0,0.0,0.0,0.0,0.0,0.0,0.0,0.0,0.0,0.0,0.0,0.0,0.0,0.0,0.0,0.0,0.0,0.0,0.0,0.0,0.0,0.0,0.0,0.0,0.0,0.0,0.0,0.0,0.0,0.0,0.0,0.0,0.0,0.0,0.0,0.0,0.0,0.0,0.0,0.0,0.0,0.0,0.0,0.0,0.0,0.0,0.0,0.0,0.0,0.0,0.0,0.0,0.0,0.0,0.0,0.0,0.0,0.0,0.0,0.0,0.0,0.0,0.0,0.0,0.0,0.0,0.03125,0.0,0.08536585365853659,0.1323529411764706,0.0945945945945946,0.0,0.0,0.0,0.0,0.0,0.0,0.0,0.0,0.0,0.0,0.0,0.0,0.0,,,0.0,,0.0,,,,,,,,,,,,,,,,1.0,,0.0,0.0,0.0,0.0,0.0,0.0,0.0,0.0,0.0,0.0,0.0,0.0,0.0,0.0,0.0,0.0,0.0,0.0,0.0,,,
1980494, yodB, junction_1980494_1_IS1_end, sv,3.33992,0.00049995,90,-3.73461,9.999e-05,91,0.9,0.6,PASS,0.0,0.0,0.0,0.0,0.0,0.0,0.0,0.0,0.0,0.0,0.0,0.0,0.0,0.0,0.0,0.0,0.0,0.0,0.0,0.0,0.0,0.0,0.0,0.0,0.0,0.0,0.0,0.0,0.0,0.0,0.0,0.0,0.0,0.0,0.0,0.0,0.0,0.0,0.0,0.0,0.0,0.0,0.0,0.0,0.0,0.0,0.0,0.0,0.0,0.0,0.0,0.0,0.0,0.0,0.0,0.0,0.0,0.0,0.0,0.0,0.0,0.0,0.019230769230769232,0.014285714285714285,0.027522935779816515,0.014705882352941176,0.13333333333333333,0.04081632653061224,0.3064516129032258,0.24,0.08163265306122448,0.023809523809523808,0.0,0.0,0.0,0.0,0.0,0.0,0.0,0.0,0.0,0.0,0.0,0.0,0.0,0.0,0.0,0.0,0.0,0.0,0.0,0.0,0.0,0.0,0.0,0.0,0.0,0.0,0.0,0.0,,,,,,,,,,,,,,,,,,0.0,0.0,0.0,0.0,0.0,0.0,0.0,0.0,0.0,0.0,0.0,0.0,0.0,0.0,0.0,0.0,0.0,0.0,0.0,,,
1982313, yeeI, junction_1982313_1_IS1_end, sv,0.952446,9.999e-05,116,-1.0,0.545455,111,0.9,0.705882,PASS,0.0,0.0,0.0,0.0,0.0,0.0,0.0,0.0,0.0,0.0,0.0,0.0,0.0,0.0,0.0,0.0,0.0,0.0,0.0,0.0,0.0,0.0,0.0,0.0,0.0,0.0,0.0,0.0,0.0,0.0,0.0,0.0,0.0,0.0,0.0,0.0,0.0,0.0,0.42105263157894735,0.44,0.5,0.27906976744186046,0.09523809523809523,0.07692307692307693,0.0,0.0,0.30303030303030304,0.47619047619047616,0.5625,0.047619047619047616,0.0,0.10714285714285714,0.35714285714285715,0.64,0.42105263157894735,0.5,0.32,0.45652173913043476,0.6428571428571429,0.43902439024390244,0.2682926829268293,0.265625,0.07407407407407407,0.2,0.1016949152542373,0.39285714285714285,0.2391304347826087,0.42105263157894735,0.4222222222222222,0.5,0.39215686274509803,0.5111111111111111,0.53125,0.3333333333333333,0.3508771929824561,0.359375,0.08823529411764706,0.0,0.0625,0.13793103448275862,0.0847457627118644,0.05084745762711865,0.02127659574468085,0.0,0.047619047619047616,0.11363636363636363,0.44,0.15217391304347827,0.10256410256410256,0.2571428571428571,0.84375,0.8297872340425532,0.7758620689655172,0.42,0.8,0.972972972972973,0.9393939393939394,0.8518518518518519,0.8947368421052632,0.9795918367346939,1.0,1.0,1.0,1.0,1.0,1.0,1.0,1.0,1.0,1.0,1.0,1.0,1.0,1.0,1.0,1.0,1.0,0.0,0.0,0.0,0.0,0.0,0.0,0.0,0.0,0.0,0.0,0.0,0.0,0.0,0.0,0.0,0.0,0.05,0.0,0.0,1.0,1.0,1.0
1982354, yeeI, G->A, nonsense,4.87353,0.00059994,116,-1.0,0.705882,110,0.9,0.307692,PASS,0.0,0.0,0.0,0.0,0.0,0.0,0.0,0.0,0.0,0.0,0.0,0.0,0.0,0.0,0.0,0.0,0.0,0.0,0.0,0.0,0.0,0.0,0.0,0.0,0.0,0.0,0.0,0.0,0.034482758620689655,0.25925925925925924,0.09523809523809523,0.07142857142857142,0.0,0.0,0.0,0.0,0.0,0.0,0.0,0.0,0.0,0.02,0.0,0.0,0.0,0.0,0.0,0.0,0.0,0.0,0.0,0.0,0.0,0.0,0.0,0.0,0.0,0.0,0.0,0.0,0.0,0.0,0.0,0.0,0.0,0.0,0.02127659574468085,0.0,0.0,0.0,0.0,0.0,0.0,0.0,0.0,0.0,0.0,0.0,0.0,0.0,0.0,0.0,0.0,0.0,0.0,0.0,0.0,0.0,0.0,0.0,0.0,0.0,0.0,0.0,0.0,0.0,0.0,0.0,0.0,0.0,0.0,0.0,0.0,0.0,0.0,0.0,0.0,0.0,0.0,0.0,0.0,0.0,0.0,0.0,0.0,0.0,0.0,0.0,0.0,0.0,0.0,0.0,0.0,0.0,0.0,0.0,0.0,0.0,0.0,0.0,1.0,0.0,0.0,0.0,0.0,0.0,0.0,0.0,0.0
1996115, intergenic, A->G, noncoding,2.65238,0.010567,116,-1.0,0.352941,113,0.9,0.48,PASS,0.0,0.0,0.0,0.0,0.0,0.0,0.0,0.0,0.0,0.0,0.0,0.0,0.047619047619047616,0.0,0.0,0.0,0.0,0.0,0.0,0.0,0.0,0.0,0.0,0.0,0.0,0.0,0.0851063829787234,0.10714285714285714,0.0,0.0,0.0,0.0,0.0,0.0,0.0,0.0,0.0,0.0,0.0,0.0,0.0,0.0,0.0,0.0,0.0,0.0,0.0,0.0,0.0,0.0,0.0,0.0,0.0,0.0,0.0,0.0,0.0,0.0,0.0,0.0,0.0,0.0,0.0,0.0,0.0,0.0,0.025,0.0,0.0,0.0,0.0,0.0,0.0,0.0,0.02040816326530612,0.0,0.0,0.0,0.0,0.0,0.0,0.0,0.0,0.0,0.0,0.0,0.0,0.017543859649122806,0.0,0.0,0.0,0.0,0.0,0.0,0.0,0.0,0.0,0.0,0.0,0.0,0.0,0.013513513513513514,0.0,0.058823529411764705,0.0,0.0,0.0,0.0,0.0,0.0,0.03389830508474576,0.038461538461538464,0.0,0.0,0.0,0.0,0.0,0.0,0.0,0.0,0.0,0.0,0.0,0.0,0.0,0.0,0.0,0.0,0.0,0.0,0.0,0.0,0.0,0.0,0.0,0.0,0.0,0.0,0.0
2002475, cobT, C->A, noncoding,3.46314,0.00019998,116,-1.0,1.0,115,0.9,0.3,PASS,0.0,0.0,0.0,0.0,0.0,0.006211180124223602,0.0,0.0,0.0,0.0,0.0,0.0,0.0,0.0,0.0,0.0,0.0,0.0,0.0,0.0,0.0,0.0,0.0,0.0,0.0,0.007633587786259542,0.020833333333333332,0.023255813953488372,0.0,0.0,0.0,0.0,0.0,0.0,0.0,0.0,0.009900990099009901,0.0,0.0,0.0,0.0,0.0,0.0,0.0,0.0,0.0,0.0,0.0,0.0,0.0,0.015384615384615385,0.0,0.0,0.0,0.0,0.0,0.0,0.0,0.0,0.0,0.01098901098901099,0.0,0.017543859649122806,0.0,0.0,0.0,0.0,0.0,0.0,0.0,0.0,0.014492753623188406,0.0273972602739726,0.09195402298850575,0.2,0.13131313131313133,0.03333333333333333,0.058823529411764705,0.0,0.009523809523809525,0.0,0.0,0.0,0.0,0.011363636363636364,0.0,0.0,0.0,0.0,0.0,0.0,0.0,0.0,0.0,0.0,0.0,0.0,0.0,0.0,0.0,0.0,0.0,0.0,0.0,0.0,0.009345794392523364,0.0,0.0,0.015037593984962405,0.0,0.0,0.0,0.0,0.0,0.0,0.0,0.0,0.0,0.0,0.0,0.0,0.0,0.0,0.0,0.0,0.0,0.0,0.0,0.0,0.0,0.0,0.0,0.0,0.0,0.0,1.0,0.0,0.0,0.0
2016836, yeeF, A->G, missense,2.3348,9.999e-05,116,-1.0,0.857143,115,0.9,0.923077,PASS,0.0,0.0,0.0,0.0,0.0,0.0,0.0,0.0,0.0,0.0,0.0,0.0,0.0,0.0,0.0,0.0,0.0,0.0,0.0,0.0,0.022222222222222223,0.0,0.0,0.0,0.0,0.0,0.0,0.0,0.012345679012345678,0.0,0.0,0.0,0.0,0.0,0.0,0.0,0.0,0.0,0.0,0.0,0.0,0.0,0.0,0.0,0.0,0.0,0.0,0.0,0.0,0.0,0.0,0.028169014084507043,0.0,0.0,0.0,0.0,0.0,0.01818181818181818,0.0,0.0,0.0,0.020833333333333332,0.017241379310344827,0.045454545454545456,0.023529411764705882,0.0,0.0,0.05084745762711865,0.1111111111111111,0.16666666666666666,0.09615384615384616,0.10638297872340426,0.26785714285714285,0.20967741935483872,0.17543859649122806,0.09375,0.2564102564102564,0.625,0.296875,0.6301369863013698,0.6714285714285714,0.8222222222222222,0.09375,0.125,0.7142857142857143,0.8490566037735849,0.7142857142857143,0.782608695652174,0.8383838383838383,0.6447368421052632,0.1724137931034483,0.0,0.0,0.0,0.0,0.0,0.0,0.0,0.0196078431372549,0.0,0.0,0.0,0.0,0.0,0.0,0.012048192771084338,0.0,0.0,0.0,0.0,0.0,0.0,0.0,0.0,0.0,0.0,0.0,0.0,0.0,0.0,0.0,0.0,0.0,0.0,0.0,0.0,0.0,0.0,0.0,0.0,0.0,0.0,0.0,0.0,0.0,0.0,0.0,0.0,0.0
2017180, yeeF, G->T, missense,2.26509,9.999e-05,116,-1.58659,0.00524705,113,0.9,0.2,PASS,0.0,0.016666666666666666,0.0,0.0,0.0,0.0,0.0,0.0,0.0,0.0,0.0,0.0,0.0,0.0,0.0,0.05555555555555555,0.0,0.0,0.0,0.0,0.0,0.0,0.0,0.0,0.0,0.0,0.0,0.0,0.0,0.0,0.0,0.0,0.0,0.0,0.0,0.0,0.010752688172043012,0.0,0.0,0.0,0.0,0.0,0.0,0.0,0.0,0.0,0.0,0.0,0.0,0.0,0.0,0.0,0.0,0.0,0.0,0.0,0.0,0.0,0.0,0.03225806451612903,0.015873015873015872,0.013333333333333334,0.01639344262295082,0.0,0.009345794392523364,0.11940298507462686,0.03614457831325301,0.04807692307692308,0.08955223880597014,0.04504504504504504,0.08333333333333333,0.1282051282051282,0.05714285714285714,0.14285714285714285,0.013157894736842105,0.0,0.0,0.0,0.0,0.011494252873563218,0.0,0.0,0.0,0.0,0.0,0.0,0.0,0.0,0.0,0.0,0.0,0.0,0.0,0.0,0.0,0.0,0.0,0.0,0.0,0.0,0.0,0.0,0.0,0.0625,0.0,0.0,0.0,0.0,0.0,0.0,0.0,0.0,0.0,0.0,0.0,0.0,0.0,0.0,0.0,0.0,0.0,0.0,0.0,0.0,0.0,0.0,0.0,0.0,0.0,0.0,0.0,0.0,0.0,0.02,0.0,0.0,0.0,0.0,0.0
2019805, intergenic, MOB_2019805_2019807_IS150_1, sv,2.94991,9.999e-05,116,-1.0,1.0,113,0.9,0.923077,PASS,0.0,0.0,0.0,0.0,0.0,0.0,0.0,0.0,0.0,0.0,,0.0,0.0,0.0,0.0,0.0,0.0,0.0,0.0,0.0,0.0,0.0,0.0,0.0,0.0,0.0,0.0,0.0,0.0,0.0,0.0,0.0,0.0,0.0,0.0,0.0,0.0,0.0,0.0,0.0,0.0,0.0,0.0,0.0,0.0,0.0,0.0,0.0,0.0,0.0,0.0,0.0,0.0,0.0,0.0,0.0,0.0,0.0,0.0,0.0,0.0,0.0,0.0,0.0,0.0,0.04184561586638832,0.22223869171885877,0.20910601092896175,0.1490763131813677,0.04262333980582524,0.0,0.01972927308447937,0.04701076779026217,0.11352397137745976,0.26073179838207844,0.22589590361445783,0.11263350357507661,0.16984298921417565,0.013687593728698023,0.009775171065493646,0.0,0.0,0.0,0.0,0.0,0.0,0.0,0.0,0.0,0.0,0.0,0.0,0.0,0.0,0.0,0.0,0.0,0.0,0.0,0.0,0.0,0.0,0.0,0.0,0.0,0.0,0.0,0.0,0.0,0.0,0.0,0.0,0.0,0.0,0.0,0.0,0.0,0.0,0.0,0.0,0.0,0.0,0.0,0.0,0.0,0.0,0.0,0.0,0.0,0.0,0.0,0.0,0.0,0.0,0.0,1.0,0.0,0.0,0.0
2020021, hisL, indel;-9, indel,2.55839,9.999e-05,116,-1.0,0.5,113,0.9,0.387097,PASS,0.0,0.0,0.0,0.0,0.0,0.0,0.0,0.0,0.0,0.0,0.0,0.0,0.0,0.0,0.0,0.0,0.0,0.0,0.0,0.0,0.05555555555555555,0.06896551724137931,0.2694610778443114,0.5853658536585366,0.0954653937947494,0.03233629749393695,0.0,0.1016949152542373,0.02178649237472767,0.02444987775061125,0.01669449081803005,0.0,0.015772870662460567,0.0,0.0,0.0,0.0,0.0,0.0,0.0,0.0,0.0,0.0,0.0,0.0,0.0,0.0,0.0,0.0,0.0,0.0,0.0,0.0,0.0,0.035398230088495575,0.0,0.0,0.0,0.0,0.0,0.0,0.0,0.0,0.0,0.0,0.0,0.0,0.0,0.0,0.0,0.0,0.0,0.0,0.0,0.0,0.0,0.0,0.0,0.0,0.0,0.0,0.0,0.015082956259426848,0.0,0.0,0.0,0.0,0.0,0.0,0.0,0.0,0.0,0.0,0.0,0.0,0.0,0.0,0.0,0.0,0.0,0.0,0.0,0.0,0.0,0.08875739644970414,0.41894353369763204,0.6363636363636364,0.5930232558139535,0.5700934579439252,0.9047619047619048,0.6915887850467289,0.847457627118644,0.945054945054945,0.8834355828220859,1.0,0.9203539823008849,1.0,0.0,0.0,0.0,0.0,0.0,0.0,0.0,0.0,0.0,0.0,0.0,0.0,0.0,0.0,0.0,0.0,0.0,0.0,0.0,0.0,0.0,0.0
2020130, hisG, MOB_2020130_2020132_IS150_-1, sv,1.6484,9.999e-05,116,-1.0,0.8,110,0.9,0.1875,PASS,0.0,0.0,0.012345679012345678,0.0,0.07407407407407407,0.026595744680851064,0.11764705882352941,0.012578616352201259,0.043010752688172046,0.0,,0.0,0.0,0.04,0.0,0.0,0.0,0.0,0.025974025974025976,0.017857142857142856,0.0,0.0,0.0,0.0,0.014184397163120567,0.0,0.0,0.0,0.0,0.0,0.0136986301369863,0.029411764705882353,0.0,0.020833333333333332,0.0,0.0392156862745098,0.013333333333333334,0.0,0.0,0.0,0.0,0.0,0.0,0.007194244604316547,0.0,0.017543859649122806,0.04878048780487805,0.0,0.034782608695652174,0.0,0.0196078431372549,0.03076923076923077,0.04,0.05084745762711865,0.018691588785046728,0.030612244897959183,0.0,0.013986013986013986,0.034482758620689655,0.0,0.0,0.018604651162790697,0.01639344262295082,0.1509433962264151,0.17796610169491525,0.11764705882352941,0.0,0.01818181818181818,0.042105263157894736,0.027586206896551724,0.0,0.0,0.0,0.011904761904761904,0.02877697841726619,0.060085836909871244,0.06060606060606061,0.058823529411764705,0.010752688172043012,0.15023474178403756,0.28125,0.4722222222222222,0.10638297872340426,0.375,0.574468085106383,0.6153846153846154,0.5,0.327683615819209,0.5135135135135135,0.35424354243542433,0.12154696132596685,0.0,0.009345794392523364,0.0,0.009900990099009901,0.008547008547008548,0.0,0.0,0.0,0.0,0.007246376811594203,0.0,0.0,0.0,0.0,0.0,0.010309278350515464,0.1032258064516129,0.11206896551724138,0.08064516129032258,0.17105263157894737,0.047619047619047616,0.1078838174273859,0.14705882352941177,0.0,0.3333333333333333,0.14285714285714285,0.0,0.0,0.0,0.0,0.0,0.0,0.0,0.0,0.0,0.0,0.0,0.0,0.0,0.0,0.0,0.0,0.0,0.0,0.0,0.03508771929824561,0.0,0.0
2031631, manB, A->G, synonymous,2.23204,0.00179982,116,-1.0,0.571429,113,0.9,0.131868,PASS,0.0,0.0,0.0,0.0,0.0,0.0,0.0,0.0,0.0,0.0,0.0,0.0,0.0,0.0,0.0,0.0,0.0,0.0,0.0,0.0,0.0,0.0,0.0,0.0,0.0,0.0,0.0,0.0,0.0,0.0,0.0,0.0,0.0,0.05555555555555555,0.0,0.045454545454545456,0.02631578947368421,0.0,0.02631578947368421,0.125,0.06557377049180328,0.06329113924050633,0.0,0.017241379310344827,0.11904761904761904,0.045454545454545456,0.125,0.1,0.06896551724137931,0.0,0.0,0.02631578947368421,0.0,0.0,0.0,0.0,0.0,0.0,0.0,0.0,0.0,0.0,0.0,0.0,0.0,0.0,0.0,0.0,0.0,0.0,0.0,0.0,0.0,0.0,0.0,0.0,0.0,0.0,0.0,0.0,0.0,0.0,0.0,0.0,0.0,0.0,0.0,0.0,0.0,0.0,0.0,0.0,0.0,0.0,0.0,0.0,0.0,0.0,0.03333333333333333,0.0,0.0,0.0,0.0,0.0,0.0,0.0,0.0,0.0,0.0,0.0,0.0,0.0,0.0,0.0,0.0,0.0,0.0,0.0,0.0,0.0,0.0,0.0,0.0,0.0,0.0,0.0,0.0,0.0,0.0,0.0,0.0,0.0,0.0,0.0,0.0,0.0,0.0,0.0,0.0
2039731, vioB, junction_2039731_1_IS1_start, sv,2.78411,0.00059994,29,-4.93838,0.0135135,32,0.9,0.00666297,PASS,0.0,0.0,0.0,0.0,0.0,0.0,0.0,0.0,0.0,0.0,0.0,0.0,0.0,0.0,0.0,0.0,0.0,0.0,0.0,0.0,0.0,0.0,0.0,0.0,0.0,0.0,0.0,0.0,0.05133762886597939,0.15382471042471044,0.12834845360824743,0.10623862433862434,0.07697886597938144,0.07755135135135134,0.09129636363636363,0.0,0.0,0.0,,,,,,,,,,,,,,,,,,,,,,,,,,,,,,,,,,,,,,,,,,,,,,,0.0,,,,,,0.0,,,,,,,,,,,,,,,,,,,,,,,,,,,0.0,0.0,0.0,0.0,0.0,0.0,0.0,0.0,0.0,0.0,0.0,0.0,0.0,0.0,,,,,,,,0.0
2071777, yegH, A->G, missense,0.634514,0.01719,116,-1.0,0.0722892,113,0.9,0.190476,PASS,0.0,0.02702702702702703,0.04,0.07246376811594203,0.0,0.022988505747126436,0.07142857142857142,0.0,0.0,0.0,0.0,0.0,0.0,0.0,0.09090909090909091,0.0,0.0,0.0,0.0,0.0,0.04,0.0,0.0,0.058823529411764705,0.021739130434782608,0.02857142857142857,0.0,0.0,0.034482758620689655,0.0,0.0,0.0,0.044444444444444446,0.0,0.04,0.03571428571428571,0.0,0.0,0.014705882352941176,0.023255813953488372,0.0,0.0,0.0,0.0,0.09523809523809523,0.018867924528301886,0.0,0.05263157894736842,0.0,0.0,0.02631578947368421,0.0,0.0,0.0,0.0,0.0,0.0,0.02,0.06451612903225806,0.0,0.0,0.0,0.0,0.02531645569620253,0.0,0.0,0.0,0.0,0.0,0.05084745762711865,0.025,0.0,0.0196078431372549,0.02127659574468085,0.018518518518518517,0.01694915254237288,0.0,0.0,0.0,0.0,0.01282051282051282,0.04,0.013513513513513514,0.047619047619047616,0.05555555555555555,0.02040816326530612,0.06896551724137931,0.0,0.0,0.0,0.0,0.07407407407407407,0.07547169811320754,0.07142857142857142,0.08163265306122448,0.044444444444444446,0.061224489795918366,0.04878048780487805,0.12121212121212122,0.0,0.008849557522123894,0.015873015873015872,0.0,0.0,0.05128205128205128,0.0,0.0,0.010309278350515464,0.023255813953488372,0.0,0.015384615384615385,0.0,0.0,0.044444444444444446,0.0,0.0,0.0,0.0,0.0,0.0,0.0,0.0,0.0,0.0,0.0,0.0,0.0,0.0,0.0,0.0,0.0,0.0,0.0,0.0,0.0,0.0,0.0,0.0,0.0
2093027, yegO, MOB_2093027_2093029_IS150_-1, sv,0.937197,9.999e-05,116,-1.0,0.0714286,111,0.9,0.375,PASS,0.0,0.0,0.0,0.0,0.0,0.02107345225603358,0.0,0.0,0.0,0.025062656641604012,,0.0,0.0,0.0,0.0,0.0,0.0,0.0,0.004814285714285714,0.0,0.0,0.06710445434298441,0.1482858930602958,0.018214936247723135,0.30470422535211267,0.34940308747855914,0.7441307692307693,0.7719770833333334,0.6444664031620553,0.7328465499485068,0.4799025641025641,0.7113061760841,0.5743507917174179,0.39684651162790696,0.2624553846153846,0.39443214285714284,0.5334075124025515,1.0,1.0,1.0,0.9882352941176471,1.0,1.0,1.0,1.0,1.0,0.960439453125,1.0,1.0,1.0,1.0,1.0,1.0,1.0,1.0,1.0,1.0,1.0,1.0,1.0,1.0,1.0,1.0,1.0,1.0,1.0,1.0,1.0,1.0,1.0,1.0,1.0,1.0,1.0,0.979149377593361,1.0,1.0,1.0,1.0,1.0,0.9821572052401746,1.0,1.0,1.0,1.0,1.0,1.0,1.0,1.0,1.0,0.9160288115246099,1.0,1.0,1.0,1.0,1.0,1.0,1.0,1.0,1.0,1.0,1.0,1.0,1.0,1.0,1.0,1.0,1.0,1.0,1.0,1.0,1.0,1.0,1.0,1.0,1.0,1.0,0.0,0.0,0.0,0.0,0.0,0.0,0.0,0.0,,0.0,0.0,0.0,0.9863013698630136,1.0,1.0,1.0,1.0,1.0,1.0,1.0,1.0,0.9275732368896926
2098365, yegP, MOB_2098365_2098367_IS150_-1, sv,2.18022,9.999e-05,116,-1.0,0.235294,115,0.9,0.0120968,PASS,0.0,0.0,0.0,0.0,0.023255813953488372,0.0,0.0,0.0,0.008695652173913044,0.0,0.0,0.0,0.015625,0.0,0.0,0.058823529411764705,0.009259259259259259,0.008130081300813009,0.0,0.02654867256637168,0.0,0.0,0.0,0.0,0.016666666666666666,0.13846153846153847,0.24468085106382978,0.2962962962962963,0.3275862068965517,0.34444444444444444,0.1320754716981132,0.12195121951219512,0.053763440860215055,0.041666666666666664,0.049019607843137254,0.1076923076923077,0.038834951456310676,0.15384615384615385,0.04838709677419355,0.056179775280898875,0.15384615384615385,0.14285714285714285,0.04093567251461988,0.031055900621118012,0.05454545454545454,0.1328125,0.059322033898305086,0.04081632653061224,0.060240963855421686,0.015151515151515152,0.0,0.011111111111111112,0.0,0.011764705882352941,0.009900990099009901,0.02,0.0,0.0,0.0,0.0,0.0,0.006493506493506494,0.0,0.0,0.0,0.0,0.0,0.0,0.0,0.013513513513513514,0.0,0.0,0.009615384615384616,0.0,0.0,0.00819672131147541,0.0,0.0,0.0,0.006944444444444444,0.0,0.0,0.0,0.010416666666666666,0.0,0.0,0.0,0.0,0.006211180124223602,0.0,0.0,0.0,0.0,0.008547008547008548,0.0,0.0,0.0,0.0,0.0,0.004366812227074236,0.0,0.0,0.0,0.0,0.0,0.0,0.0,0.014084507042253521,0.0,0.04201680672268908,0.0,0.0,0.0,0.0,0.0,0.0,0.0,0.0,0.0,0.0,0.0,0.0,0.0,0.0,0.0,0.0,0.0,0.0,0.0,1.0,1.0,0.0,0.0,0.0,0.0,0.0,0.0,0.0,0.0
2100285, intergenic, junction_2100285_1_2122430_-1, sv,0.308725,0.00429957,116,-1.0,0.857143,110,0.9,0.666667,PASS,0.00819000819000819,0.008051529790660225,0.02551020408163265,0.02964845404489623,0.019120458891013385,0.0,0.03937007874015748,0.0331858407079646,0.028030833917309043,0.0,0.0,0.046511627906976744,0.06361323155216285,0.2594594594594595,0.05758157389635316,0.023419203747072598,0.10405827263267431,0.0484027105517909,0.063441712926249,0.06662628709872805,0.04836759371221282,0.08968609865470852,0.08827238335435057,0.18151815181518152,0.04389173372348208,0.028392958546280524,0.07853403141361257,0.049019607843137254,0.11180124223602485,0.08333333333333333,0.06781750924784218,0.11863224005582693,0.11822660098522167,0.05997001499250375,0.0,0.1851851851851852,0.09950248756218906,0.10526315789473684,0.045662100456621,0.039318479685452164,0.07341373885684321,0.058027079303675046,0.029985007496251874,0.08849557522123894,0.02785515320334262,0.08341056533827618,0.0641025641025641,0.08324661810613944,0.14120667522464697,0.032520325203252036,0.05199306759098787,0.10695187165775401,0.024906600249066005,0.07407407407407407,0.08602150537634409,0.044444444444444446,0.08830022075055187,0.040096230954290296,0.10806317539484622,0.013642564802182811,0.04198740377886634,0.05471956224350206,0.02744739249771272,0.1,0.12773722627737227,0.030864197530864196,0.061770761839396025,0.08081896551724138,0.06701414743112434,0.035523978685612786,0.06802721088435373,0.11591148577449947,0.10480887792848335,0.04424778761061947,0.04971590909090909,0.06622516556291391,0.15463917525773196,0.11516314779270632,0.07905138339920947,0.04690431519699813,0.04668534080298786,0.06108202443280977,0.19607843137254902,0.09828009828009827,0.12232415902140671,0.09966777408637874,0.1750841750841751,0.0746268656716418,0.07009345794392524,0.07078507078507078,0.023900573613766733,0.055944055944055944,0.041631973355537054,0.1286549707602339,0.05227781926811053,0.11737089201877934,0.10181818181818182,0.19249753208292203,0.19130434782608696,0.10765550239234449,0.07672634271099744,0.13124684502776376,0.10471204188481674,0.18867924528301888,0.056935817805383024,0.09960159362549802,0.08552229688454491,0.0539568345323741,0.0791765637371338,0.07309941520467837,0.1053911633563032,0.06822612085769982,0.1068566340160285,0.0784313725490196,0.0,0.08442776735459663,0.12605042016806722,0.0,0.0,0.0,0.0,0.0,0.0,0.0,0.0,0.0,0.0,0.0,0.0,0.0,0.0,,0.0,0.0,,0.0,0.0,0.0,0.011614401858304297
2100307, intergenic, junction_2100307_-1_2122454_1, sv,1.25799,9.999e-05,116,-1.0,0.631579,113,0.9,0.173913,PASS,0.0,0.0,0.0,0.008624407072013798,0.0,0.0034482758620689655,0.0,0.0,0.0,0.0,0.0,0.0,0.0,0.014388489208633094,0.05671077504725898,0.0449438202247191,0.06514657980456026,0.09233610341643583,0.155257586450247,0.025300442757748263,0.0,0.0,0.013642564802182811,0.0,0.044150110375275935,0.028392958546280524,0.07853403141361257,0.09345794392523364,0.13788968824940048,0.046948356807511735,0.15625,0.1233721727210418,0.16498625114573787,0.20330368487928843,0.3480040941658137,0.23076923076923078,0.20497803806734993,0.19801980198019803,0.0,0.0,0.0,0.010121457489878543,0.00508130081300813,0.02276867030965392,0.06544502617801047,0.0,0.03766478342749529,0.0,0.029368575624082235,0.032520325203252036,0.03502626970227671,0.056242969628796394,0.012484394506866418,0.025795356835769563,0.02883506343713956,0.02837684449489217,0.02320185614849188,0.03278688524590164,0.03568242640499554,0.033602150537634407,0.09277667329357189,0.07333333333333333,0.060085836909871244,0.173841059602649,0.16579406631762653,0.19491525423728814,0.11003236245954692,0.08611410118406888,0.060015003750937726,0.058411214953271035,0.21113243761996162,0.19102196752626552,0.07006369426751592,0.19882179675994108,0.0823045267489712,0.15885022692889564,0.1854974704890388,0.18115942028985507,0.47404063205417607,0.29598308668076106,0.2165506573859242,0.23876404494382023,0.8038277511961722,0.6426484907497566,0.7641741988496302,0.49074074074074076,0.046118370484242895,0.06296508299942759,0.1919191919191919,0.13285024154589373,0.05550416281221092,0.10652463382157125,0.19108280254777069,0.3688181056160939,0.16361256544502617,0.03168567807351077,0.023255813953488372,0.08908685968819599,0.05453306066803,0.021929824561403508,0.005485463521667581,0.022714366837024418,0.029069767441860465,0.06521739130434782,0.0522466039707419,0.061898211829436035,0.04490057729313662,0.009310986964618248,0.012647554806070826,0.02059732234809475,0.017801513128615932,0.010183299389002037,0.07414272474513438,0.050505050505050504,0.0,0.04873294346978558,0.0,0.0,0.0,0.0,0.0,0.0,0.0,0.0,0.0,0.0,0.0,0.0,0.0,0.0,0.0,,0.0,0.0,,0.0,0.0,0.0,0.0
2103887, ECB_01992, indel;+67;+63;+23;+47;+27;+43;+CAGC;+11;+71;-12;+75;+79;+35;+55;+CAGCCAGC;+31;+15;+19;+39;+51;-4;+CAGCCAGCCAGC;-8, indel,0.750513,9.999e-05,78,-1.0,0.011811,104,0.9,0.666667,PASS,0.04337050805452292,0.038834951456310676,0.2990033222591362,0.14450867052023122,0.06369426751592357,0.3048780487804878,0.36253776435045315,0.5333333333333333,0.32411820781696854,0.3888888888888889,,0.2727272727272727,0.22140221402214022,0.24615384615384617,0.0,0.0,0.2,0.24,0.3425559947299077,0.31746031746031744,0.3349282296650718,0.20512820512820512,0.2,0.3333333333333333,0.22556390977443608,0.31728045325779036,0.34782608695652173,0.5714285714285714,0.23310023310023312,0.48,0.20689655172413793,0.273972602739726,0.2785515320334262,0.31835205992509363,0.3333333333333333,0.14285714285714285,0.33043478260869563,0.5,0.096,0.13266998341625208,0.182648401826484,0.2590673575129534,0.2032520325203252,0.3055555555555556,0.395778364116095,0.3816793893129771,0.5185185185185185,0.6666666666666666,0.6567164179104478,0.6,0.8181818181818182,0.8333333333333334,0.7575757575757576,0.8405797101449275,0.9375,0.9295774647887324,0.8983957219251337,0.9523809523809523,0.8846153846153846,0.989247311827957,1.0,0.9848484848484849,1.0,0.9761904761904762,1.0,0.9714285714285714,0.926829268292683,1.0,1.0,0.9947643979057592,0.96,1.0,1.0,1.0,0.9767441860465116,0.9629629629629629,0.9473684210526315,1.0,0.9444444444444444,1.0,0.9428571428571428,1.0,1.0,1.0,1.0,1.0,1.0,1.0,0.9642857142857143,1.0,1.0,1.0,0.9512195121951219,0.975609756097561,0.967741935483871,0.9824561403508771,0.8571428571428571,0.9,0.7777777777777778,0.9941520467836257,0.9904761904761905,0.993006993006993,1.0,1.0,0.971830985915493,0.990990990990991,0.9772727272727273,0.9375,0.9888888888888889,1.0,0.9375,0.9302325581395349,0.9685534591194969,1.0,0.8571428571428571,0.8979591836734694,0.8571428571428571,,0.0,0.0,,,0.0,0.5,0.14285714285714285,0.0,1.0,0.6666666666666666,0.0,,1.0,0.0,,1.0,1.0,,0.0,1.0,1.0
2170675, yehZ, junction_2170675_1_IS150_end, sv,3.8798,0.00059994,116,-1.0,0.176471,115,0.9,0.48,PASS,0.0,0.0,0.0,0.0,0.0,0.0,0.0,0.0,0.0,0.0,0.0,0.0,0.0,0.0,0.0,0.0,0.0,0.0,0.0,0.0,0.0,0.0,0.0,0.0,0.0,0.0,0.0,0.0,0.0,0.0,0.0,0.0,0.0,0.0,0.0,0.0,0.0,0.0,0.0,0.0,0.0,0.0,0.013888888888888888,0.0,0.0,0.0,0.0,0.0,0.0,0.0,0.0,0.0,0.0,0.0,0.0,0.0,0.0,0.0,0.0,0.0,0.0,0.0,0.0,0.0,0.0,0.0,0.0,0.0,0.0,0.0,0.0,0.0,0.0,0.0,0.0,0.0,0.0,0.0,0.0,0.0410958904109589,0.06557377049180328,0.0,0.08163265306122448,0.15555555555555556,0.10810810810810811,0.0,0.0,0.0,0.0,0.0,0.0,0.0,0.0,0.0,0.0,0.0,0.0,0.0,0.0,0.0,0.0,0.0,0.0,0.0,0.0,0.0,0.0,0.0,0.0,0.0,0.0,0.0,0.0,0.0,0.0,0.0,0.0,0.0,0.0,0.0,0.0,0.0,0.0,0.0,0.0,0.0,0.0,0.0,0.0,0.0,0.0,0.0,0.0,0.0,0.0,0.0,0.0,0.0,0.0
2196653, cirA, MOB_2196653_2196655_IS150_-1, sv,1.04358,9.999e-05,116,-1.0,0.631579,116,0.9,0.666667,PASS,0.0,0.0,0.019553496093749997,0.005330977683315622,0.0,0.003943867924528301,0.0,0.047924019138755984,0.10292258273848151,0.013002849673202614,0.0,0.3678402777777778,0.3360293846153846,0.14965062344139649,0.07908427440633246,0.0,0.05349710610932476,0.10814808259587019,0.0,0.007145584045584044,0.0,0.0,0.0073144756277695715,0.06266607594936709,0.06096216666666667,0.3048057580174927,0.12061519114688128,0.05443080272108844,0.037857894736842104,0.05405671776375112,0.04470282051282051,0.05613570093457944,0.10511205717837166,0.10012604316546762,0.09862027027027026,0.09778678629690049,0.1097419216646267,0.15658181818181818,0.0,0.020041278295605862,0.0,0.0,0.009644431599229288,0.014029887218045113,0.0,0.006271625,0.03166033755274261,0.040196941489361704,0.09431964285714285,0.45493831932773104,0.6009641025641026,0.4594777327935223,0.1979326429980276,0.2688219983207389,0.41312354152367886,0.2435050709939148,0.2910499479708637,0.4458984126984127,0.1819233031674208,0.2896355255070682,0.23360607168983177,0.288958560523446,0.23716924476797088,0.3957909604519774,0.32211054709531867,0.2179505016722408,0.2307121264367816,0.28410830704521556,0.2989324055666004,0.2654408112582781,0.5243621867881549,0.16423315047021944,0.16542883275261325,0.411482683982684,0.1636874591770085,0.3068030674846626,0.3565413105413105,0.3799783393501805,0.6195903207653349,0.45053023909985934,0.17286363636363639,0.1260071566731141,0.7773131370328427,0.718872437357631,0.32751955307262576,0.06748839340256568,0.022600169300225733,0.04985854114713217,0.005092661207778915,0.05096830878618588,0.0,0.08626410086264101,0.23558887614678897,0.4506640045636052,0.23137788853647487,0.04138881578947368,0.025902327586206895,0.07481116666666666,0.10266813509544788,0.015239168256390689,0.0,0.0,0.0,0.0,0.0,0.0,0.0,0.0,0.0038124285169653066,0.0,0.0,0.0,0.0,0.0,0.0,0.0,0.0,0.0,0.0,0.0,0.0,0.0,0.021903655913978498,0.0,0.0,0.0,0.0,0.0,0.0,0.0,0.0,0.0,0.0,0.0,0.812704641350211,0.0,0.33993700787401576,0.0,0.0
2196656, cirA, MOB_2196656_2196658_IS150_1, sv,1.02922,9.999e-05,116,-1.0,1.0,116,0.9,1.0,PASS,0.0,0.0,0.0,0.0,0.0,0.0,0.0,0.019197056030389365,0.0,0.0,0.0,0.0,0.0,0.0,0.0,0.0,0.0,0.009974037512339586,0.0,0.014380071174377224,0.02395109223300971,0.0,0.0,0.0,0.0,0.0036273906651966186,0.03044933198380567,0.0,0.0,0.0,0.0,0.0,0.0,0.0,0.0,0.0,0.0,0.0,0.13313293253173014,0.14051206434316355,0.087682125,0.0492159650082012,0.024058792011690207,0.014028111689540936,0.0,0.03745954631379962,0.2132315565031983,0.28606775956284153,0.38476766595289075,0.05039430485762144,0.04053061224489796,0.11503162917518746,0.21650967423494571,0.3864175084175084,0.36185048678720444,0.49693849308047155,0.3913181580324438,0.39411195928753184,0.6549976958525345,0.5516203241895262,0.33070022042615727,0.2364599780701754,0.1846046961325967,0.13054292211483795,0.11838042865200224,0.32441974248927036,0.16074621168305378,0.2801323451561673,0.35956029313790805,0.473608153078203,0.22875401069518714,0.5100843183609141,0.5271694616063548,0.33813997113997113,0.4045564304461942,0.28905052372150336,0.32475925925925925,0.14660620437956204,0.04006646958499147,0.08491197916666667,0.1543721828718609,0.04858462291870715,0.03432116371933827,0.05668754285714286,0.04820913461538461,0.09162501532801962,0.39431447963800903,0.1749020586400499,0.04635926310326933,0.30645199182839633,0.7815348204570184,0.9133646742780389,0.7471319000581058,0.5191001157407408,0.746154411764706,0.9533680672268907,0.9545049063336307,0.905650643776824,0.8970588235294118,0.9648594847775176,0.9886178861788618,0.9723986194995685,0.9853896457765667,0.9911081593927893,0.9868667917448405,0.9864786169244768,0.9819447144592952,0.9748829953198129,0.9783889980353635,0.9794812956204381,0.9880989226248776,0.9628372530573848,0.99142151675485,0.9851605675877521,0.9284753846153847,0.9706661710037174,1.0,0.0,0.0,0.0,0.0,0.0,0.0,0.0,0.0,0.0,0.0,0.0,0.0,0.0,0.0,0.0,0.0,0.0,0.0,0.0,0.3617021276595745,0.9690721649484536,0.931263670411985
2202927, nfo, G->A, missense,1.99311,0.00919908,116,-1.0,0.0731707,112,0.9,0.375,PASS,0.0,0.0,0.0,0.0,0.0,0.0,0.0,0.0,0.0,0.0,0.0,0.0,0.0,0.0,0.0,0.0,0.0,0.0,0.0,0.0,0.0,0.0,0.0,0.0,0.0,0.0078125,0.0,0.0,0.0,0.0,0.0,0.0,0.0,0.0,0.0,0.0,0.02040816326530612,0.0,0.0,0.0,0.0,0.0,0.0,0.0,0.0,0.0,0.0,0.0,0.0,0.0,0.0,0.0,0.0,0.0,0.0,0.0,0.0,0.0,0.0,0.02631578947368421,0.0,0.014084507042253521,0.02857142857142857,0.11666666666666667,0.06153846153846154,0.024390243902439025,0.14925373134328357,0.08771929824561403,0.03636363636363636,0.07526881720430108,0.02127659574468085,0.02127659574468085,0.0,0.0,0.0,0.0,0.0,0.0,0.0,0.0,0.0,0.0,0.0,0.0,0.0,0.0,0.0,0.0,0.0,0.0,0.0,0.0,0.0,0.0,0.0,0.0,0.0,0.0,0.0,0.0,0.0,0.0,0.04,0.0,0.008,0.0,0.0,0.0,0.0,0.0,0.0,0.0,0.0,0.008928571428571428,0.0,0.0,0.0,0.0,0.0,0.0,0.0,0.0,0.0,0.0,0.0,0.0,0.0,0.0,0.0,0.0,0.0,0.0,0.0,0.0,0.0,0.0,0.0,0.007874015748031496,0.0
2219638, yeiR, T->G, missense,4.35493,9.999e-05,116,-1.0,0.923077,116,0.9,1.0,PASS,0.0,0.0,0.0,0.01098901098901099,0.0,0.0,0.0,0.0,0.0,0.0,0.0,0.0,0.0,0.0,0.0,0.0,0.0,0.0,0.0,0.0,0.0,0.0,0.0,0.0,0.0,0.0,0.0,0.0,0.0,0.0,0.0,0.0,0.0,0.0,0.0,0.0,0.0,0.0,0.0,0.0,0.0,0.0,0.0,0.0,0.0,0.0,0.0,0.0,0.0,0.0,0.0,0.0,0.0,0.0,0.0,0.0,0.0,0.0,0.0,0.0,0.0,0.0,0.0,0.0,0.0,0.0,0.0,0.0,0.0,0.0,0.019230769230769232,0.0,0.0,0.125,0.2916666666666667,0.34285714285714286,0.08333333333333333,0.14814814814814814,0.0,0.0,0.0,0.0,0.0,0.0,0.0,0.0,0.029411764705882353,0.0,0.0,0.0,0.0,0.0,0.0,0.0,0.0,0.0,0.0,0.0,0.0,0.0,0.0,0.0,0.0,0.0,0.0,0.0,0.0,0.0,0.0,0.0,0.0,0.0,0.0,0.0,0.0,0.0,0.0,0.0,0.0,0.0,0.0,0.0,0.0,0.0,0.0,0.0,0.0,0.0,0.0,0.0,0.0,0.0,0.0,0.0,0.0,1.0,0.0,0.0,0.0
2221714, spr, G->A, missense,3.86397,9.999e-05,116,-1.0,1.0,115,0.9,0.923077,PASS,0.0,0.0,0.0,0.0,0.0,0.0,0.0,0.0,0.0,0.0,0.0,0.0,0.0,0.0,0.0,0.0,0.0,0.0,0.0,0.0,0.0,0.0,0.0,0.0,0.0,0.0,0.0,0.0,0.0,0.0,0.0,0.0,0.0,0.0,0.0,0.0,0.0,0.0,0.0,0.0,0.0,0.0,0.0,0.0,0.0,0.0,0.0,0.0,0.0,0.0,0.023255813953488372,0.0,0.0,0.0,0.0,0.0,0.0,0.0,0.0,0.0,0.0,0.0,0.01818181818181818,0.0,0.0,0.0,0.0,0.0,0.0,0.0,0.0,0.0,0.0,0.0,0.0,0.0,0.0,0.0,0.0,0.0,0.0,0.0,0.0,0.0,0.0,0.0,0.0,0.015625,0.0136986301369863,0.027777777777777776,0.0,0.041666666666666664,0.2077922077922078,0.3956043956043956,0.20408163265306123,0.05970149253731343,0.0,0.023255813953488372,0.06896551724137931,0.012121212121212121,0.0,0.0,0.0,0.0,0.0,0.0,0.0,0.0,0.0,0.0,0.0,0.0,0.0,0.0,0.0,0.0,0.0,0.0,0.0,0.0,0.0,0.0,0.0,0.0,0.0,0.0,0.0,0.0,0.0,0.0,0.0,0.0,0.0,0.0,0.0,0.0,0.0,0.0,0.0
2237496, intergenic, MOB_2237496_2237506_IS4_-1, sv,5.33805,0.00059994,116,-1.0,0.923077,112,0.9,0.363636,PASS,0.0,0.0,0.0,0.0,0.0,0.0,0.0,0.0,0.0,0.0,0.0,0.0,0.0,0.0,0.0,0.0,0.0,0.0,0.0,0.0,0.0,0.0,0.0,0.0,0.0,0.0,0.0,0.0,0.0,0.0,0.0,0.0,0.06472491909385114,0.15247776365946633,0.07399577167019028,0.02183406113537118,0.02063273727647868,0.0,0.0,0.0,0.0,0.0,0.0,0.0,0.0,0.0,0.0,0.0,0.0,0.0,0.0,0.0,0.0,0.0,0.0,0.0,0.0,0.0,0.0,0.0,0.0,0.0,0.0,0.0,0.0,0.0,0.0,0.0,0.0,0.0,0.0,0.0,0.0,0.0,0.0,0.0,0.0,0.0,0.0,0.0,0.0,0.0,0.0,0.0,0.0,0.0,0.0,0.0,0.0,0.0,0.0,0.0,0.0,0.0,0.0,0.0,0.0,0.0,0.0,0.0,0.0,0.0,0.0,0.0,0.0,0.0,0.0,0.0,0.0,0.0,0.0,0.0,0.0,0.0,0.0,0.0,0.0,0.0,0.0,0.0,0.0,0.0,0.0,0.0,0.0,0.0,0.0,0.0,0.0,0.0,0.0,0.0,0.0,0.0,0.0,0.0,0.0,0.0,0.0
2251393, napA, G->A, synonymous,3.10361,0.00409959,116,-1.0,0.210526,115,0.9,0.1875,PASS,0.0,0.0,0.0,0.0,0.0,0.0,0.017543859649122806,0.06349206349206349,0.0,0.0,0.0,0.0,0.0,0.0,0.0,0.0,0.1134020618556701,0.08571428571428572,0.0,0.0,0.0,0.0,0.0,0.0,0.0,0.0,0.0,0.0,0.0,0.0,0.015748031496062992,0.0,0.0,0.0,0.024096385542168676,0.0,0.006711409395973154,0.0,0.0,0.0,0.0,0.0,0.0,0.0,0.0,0.0,0.0,0.0,0.0,0.0,0.0,0.0,0.0,0.0,0.0,0.0,0.0,0.0,0.0,0.0,0.0,0.0,0.0,0.0,0.0,0.0,0.0,0.0,0.0,0.0,0.0,0.0,0.0,0.0,0.0,0.0,0.0,0.0,0.0,0.0,0.0,0.0,0.0,0.0,0.0,0.0,0.0,0.0,0.0,0.0,0.0,0.0,0.0,0.0,0.0,0.0,0.0,0.0,0.0,0.0,0.0,0.0,0.0,0.0,0.0,0.0,0.0,0.0,0.01639344262295082,0.006993006993006993,0.0,0.0,0.0,0.0,0.0,0.0,0.0,0.0,0.0,0.0,0.0,0.0,0.0,0.0,0.0,0.0,0.0,0.0,0.0,0.0,0.0,0.0,0.0,0.0,0.0,0.0,0.0,0.04854368932038835,0.0
2265632, rcsC, junction_2265632_1_IS1_start, sv,1.30348,9.999e-05,91,-1.00285,9.999e-05,108,0.9,0.122449,PASS,0.0,0.0,0.0,0.0,0.0,0.0,0.0,0.0,0.0,0.0,0.0,0.0,0.0,0.0,0.0,0.0,0.0,0.0,0.0,0.0,0.0,0.0,0.0,0.0,0.0,0.0,0.0,0.0,0.0,0.0,0.0,0.0,0.0,0.0,0.0,0.0,0.0,0.0,0.0,0.0,0.0,0.0,0.0,0.0,0.0,0.0,0.0,0.0,0.0,0.0,0.0,0.021739130434782608,0.041666666666666664,0.08888888888888889,0.15294117647058825,0.14492753623188406,0.23076923076923078,0.36666666666666664,0.18518518518518517,0.2682926829268293,0.15625,0.25882352941176473,0.18604651162790697,0.29850746268656714,0.2857142857142857,0.18,0.3064516129032258,0.27419354838709675,0.23333333333333334,0.19672131147540983,0.4246575342465753,0.2545454545454545,0.2222222222222222,0.20588235294117646,0.17777777777777778,0.25301204819277107,0.4722222222222222,0.4444444444444444,0.7101449275362319,0.5151515151515151,0.3333333333333333,0.125,0.7536231884057971,0.8108108108108109,0.2549019607843137,0.037037037037037035,0.0,0.03571428571428571,0.0375,0.1,0.0,0.22580645161290322,0.65,0.8709677419354839,0.75,0.23076923076923078,0.1111111111111111,0.75,0.0,0.023809523809523808,0.0,0.0,0.0,0.0,0.0,0.0,0.0,0.0,0.0,0.0,0.0,0.0,0.0,0.0,0.0,0.0,0.0,0.0,0.0,0.0,0.0,0.0,0.0,0.0,0.0,0.0,0.0,0.0,0.0,0.0,0.0,0.0,0.0,0.0,1.0,0.0,0.0,0.0,0.0
2266853, atoS, junction_2266853_1_IS1_start, sv,2.43899,9.999e-05,115,-1.0,1.0,110,0.9,0.0314961,PASS,0.0,0.0,0.0,0.0,0.0,0.0,0.0,0.0,0.0,0.0,0.0,0.0,0.0,0.0,0.0,0.0,0.0,0.0,0.0,0.0,0.0,0.0,0.0,0.0,0.0,0.0,0.0,0.0,0.0,0.0,0.0,0.0,0.0,0.0,0.0,0.0,0.0,0.0,0.0,0.0,0.0,0.0,0.0,0.0,0.0,0.0,0.0,0.0,0.0,0.0,0.0,0.0,0.0,0.0,0.0,0.0,0.0,0.0,0.0,0.0,0.0,0.0,0.0,0.0,0.0,0.0,0.0,0.0,0.0,0.0,0.0,0.0,0.0,0.0,0.0,0.0,0.0,0.0,0.0,0.0,0.0,0.0,0.0,0.0,0.0,0.0,0.0,0.0,0.0,0.0,0.0,0.0,0.0,0.0,0.0,0.0,0.0,0.0,0.0,0.1386442396313364,0.2816950240770466,0.37148611111111113,0.5014416666666667,0.80221,0.29098790810157193,0.16776833976833977,0.06868230593607307,0.17861376518218625,0.14281934032983506,0.008687608318890814,0.17051870748299322,0.02289315068493151,0.029868428890543558,0.169242194092827,0.33431000000000005,0.11715046728971963,0.0560296089385475,0.0,0.0,0.0,0.0,0.0,0.0,0.0,0.0,0.0,0.0,0.0,0.0,0.0,0.0,0.0,0.0,0.0,0.0,0.0,0.0,0.0,
2267039, atoS, junction_2267039_1_IS1_start, sv,4.18661,9.999e-05,116,-1.0,0.8,115,0.9,0.705882,PASS,0.0,0.0,0.0,0.0,0.0,0.0,0.0,0.0,0.0,0.0,0.0,0.0,0.0,0.0,0.0,0.0,0.0,0.0,0.0,0.0,0.0,0.0,0.0,0.0,0.0,0.0,0.0,0.0,0.0,0.0,0.0,0.0,0.0,0.0,0.0,0.0,0.0,0.0,0.0,0.0,0.0,0.0,0.0,0.0,0.0,0.0,0.0,0.0,0.0,0.0,0.0,0.0,0.0,0.0,0.0,0.0,0.0,0.0,0.0,0.0,0.0,0.0,0.0,0.0,0.0,0.0,0.0,0.0,0.0,0.0,0.0,0.0,0.0,0.0,0.0,0.0,0.0,0.0,0.0,0.0,0.0,0.0,0.0,0.0,0.0,0.0,0.0,0.0,0.0,0.0,0.0,0.23636363636363636,0.32142857142857145,0.4838709677419355,0.5352112676056338,0.7543859649122807,0.8285714285714286,0.868421052631579,0.03333333333333333,0.0072992700729927005,0.0,0.0,0.0,0.0,0.0,0.0,0.0,0.0,0.0,0.0,0.0,0.0,0.0,0.0,0.0,0.0,0.0,0.0,0.0,0.0,0.0,0.0,0.0,0.0,0.0,0.0,0.0,0.0,0.0,0.0,0.0,0.0,0.0,0.0,0.0,0.0,0.0,0.0,1.0
2268140, atoS, MOB_2268140_2268142_IS150_1, sv,4.3403,0.00019998,116,-1.0,0.413793,115,0.9,0.0163711,PASS,0.0,0.0,0.0,0.0,0.0,0.0,0.0,0.0,0.0,0.0,0.0,0.0,0.0,0.0,0.0,0.0,0.0,0.0,0.0,0.0,0.0,0.0,0.0,0.0,0.0,0.0,0.0,0.0,0.0,0.0,0.0,0.0,0.0,0.0,0.0,0.0,0.0,0.0,0.0,0.0,0.0,0.0,0.0,0.0,0.0,0.0,0.0,0.0,0.0,0.0,0.0,0.0,0.0,0.0,0.0,0.0,0.0,0.0,0.0,0.0,0.0,0.0,0.0,0.0,0.0,0.0,0.0,0.0,0.0,0.0,0.0,0.0,0.0,0.0,0.0,0.0,0.0,0.0,0.0,0.0,0.0,0.0,0.0,0.0,0.0,0.0,0.0,0.0,0.013333333333333334,0.05150214592274678,0.13450292397660818,0.3821656050955414,0.013953488372093023,0.02032520325203252,0.005405405405405406,0.0,0.0,0.0,0.0,0.0,0.0,0.0,0.0,0.0,0.0,0.0,0.0,0.0,0.0,0.0,0.0,0.0,0.0,0.0,0.0,0.0,0.0,0.0,0.0,0.0,0.0,0.0,0.0,0.0,0.0,0.0,0.0,0.0,0.0,0.0,0.0,0.0,0.0,0.0,0.0,0.0,0.0,0.0,0.0
2268951, atoC, T->G, missense,1.50918,9.999e-05,116,-1.0,0.0863309,115,0.9,0.222222,PASS,0.0,0.0,0.0,0.0,0.014492753623188406,0.0,0.0,0.0,0.012987012987012988,0.0,,0.0,0.0,0.0,0.0,0.0,0.0,0.0,0.0,0.0,0.0,0.0,0.0,0.0,0.0,0.007874015748031496,0.022727272727272728,0.029411764705882353,0.0,0.0,0.0,0.0,0.02247191011235955,0.0,0.016129032258064516,0.0,0.0,0.0,0.0,0.0,0.0,0.0,0.0,0.0,0.0,0.0,0.0,0.0,0.0,0.0,0.0,0.0,0.0,0.0,0.06557377049180328,0.0136986301369863,0.0,0.0,0.0,0.0,0.013333333333333334,0.012345679012345678,0.0,0.03076923076923077,0.013513513513513514,0.05555555555555555,0.1095890410958904,0.21176470588235294,0.24489795918367346,0.3829787234042553,0.38636363636363635,0.4107142857142857,0.5192307692307693,0.1643835616438356,0.21818181818181817,0.1411764705882353,0.1875,0.06666666666666667,0.0410958904109589,0.10227272727272728,0.125,0.05263157894736842,0.033707865168539325,0.0,0.05084745762711865,0.04225352112676056,0.32432432432432434,0.0821917808219178,0.04950495049504951,0.27586206896551724,0.8507462686567164,0.9024390243902439,0.6571428571428571,0.44,0.7926829268292683,0.9859154929577465,0.9285714285714286,0.9782608695652174,0.9444444444444444,0.97,0.9861111111111112,1.0,1.0,1.0,1.0,1.0,1.0,1.0,0.9897959183673469,1.0,1.0,0.967741935483871,1.0,1.0,1.0,1.0,1.0,0.0,0.015384615384615385,0.0,0.0,0.0,0.0,0.0,0.017543859649122806,0.0,0.0,0.0,0.0,0.0,0.0,0.0,0.0,0.046511627906976744,0.0,0.0,0.0,1.0,0.9827586206896551
2268983, atoC, T->A, missense,1.97341,0.00029997,116,-1.0,0.8,115,0.9,0.857143,PASS,0.0,0.0,0.0,0.0,0.0,0.007352941176470588,0.0,0.0,0.0,0.0,,0.0,0.030303030303030304,0.0,0.0,0.0,0.0,0.0,0.0,0.0,0.0,0.0,0.10909090909090909,0.0,0.10309278350515463,0.08333333333333333,0.0,0.09375,0.140625,0.03076923076923077,0.10126582278481013,0.11475409836065574,0.11688311688311688,0.06896551724137931,0.047619047619047616,0.09375,0.08108108108108109,0.125,0.0,0.0,0.0,0.0,0.0,0.0,0.0,0.0,0.0,0.0,0.0,0.0,0.0,0.0,0.0,0.0,0.0,0.0,0.0,0.0,0.0,0.0,0.0,0.0,0.0,0.017857142857142856,0.0,0.0,0.0,0.0,0.0,0.0,0.0,0.0,0.0,0.0,0.0,0.0,0.0,0.0,0.0,0.0,0.0,0.0,0.0,0.0,0.0,0.0,0.0,0.0,0.0,0.0,0.0,0.0,0.0,0.0,0.0,0.0,0.0,0.0,0.0,0.0,0.011904761904761904,0.0,0.0,0.0,0.0,0.0,0.0,0.0,0.0,0.0,0.0,0.0,0.0,0.0,0.0,0.0,0.0,0.0,0.0,0.0,0.0,0.0,0.0,0.0,0.0,0.0,0.0,0.0,0.0,0.0,0.0,0.0,0.0,0.0,0.0,0.0,0.0,0.0,0.0
2269773, atoC, MOB_2269773_2269784_IS4_1, sv,3.24624,0.0009999,116,-1.0,0.00403361,113,0.9,0.272727,PASS,0.0,0.0,0.0,0.0,0.0,0.0,0.0,0.0,0.0,0.0,0.0,0.0,0.0,0.0,0.0,0.0,0.0,0.0,0.0,0.0,0.0,0.0,0.0,0.0,0.0,0.0,0.0,0.0,0.0,0.0,0.0,0.0,0.0,0.0,0.0,0.0,0.0,0.0,0.0,0.0,0.0,0.0,0.0,0.0,0.0,0.0,0.0,0.0,0.0,0.0,0.0,0.0,0.0,0.0,0.0,0.0,0.0,0.0,0.0,0.0,0.0,0.0,0.0,0.0,0.0,0.0,0.0,0.0,0.0,0.0,0.0,0.0,0.0,0.0,0.0,0.0,0.0,0.0,0.0,0.0,0.0,0.0,0.013271400132714002,0.0,0.0,0.0,0.0,0.0,0.0,0.0,0.0,0.0,0.0,0.0,0.0,0.0,0.0,0.0,0.0,0.04470938897168405,0.08326029798422437,0.19451812555260833,0.0,0.05602240896358543,0.03625815808556925,0.01680672268907563,0.029651593773165306,0.0,0.0,0.0,0.0,0.0,0.0,0.0,0.0,0.0,0.0,0.0,0.0,0.0,0.0,0.0,0.0,0.0,0.0,0.0,0.0,0.0,0.0,0.0,0.0,0.0,0.0,0.0,0.0,0.0,0.0,0.0,0.0
2269886, atoC, G->T, missense,2.27718,9.999e-05,116,-1.0,0.190476,115,0.9,0.363636,PASS,0.0,0.0,0.0,0.0,0.0,0.0,0.0,0.0,0.0,0.0,0.0,0.0,0.0,0.02702702702702703,0.0,0.0,0.0,0.0,0.0,0.0,0.0,0.0,0.0,0.0,0.0,0.0,0.0,0.0,0.0,0.0,0.0,0.0,0.0,0.0,0.0,0.0,0.0,0.0,0.0,0.0,0.0,0.0,0.0,0.0,0.0,0.0,0.0,0.0,0.0,0.0,0.0,0.0,0.0,0.0,0.039473684210526314,0.0,0.0,0.0,0.0,0.0,0.0,0.0,0.0,0.0,0.0,0.0,0.0,0.0,0.0,0.0,0.0,0.0,0.0,0.0,0.015625,0.0,0.0,0.0,0.0,0.0,0.0,0.0,0.0,0.0,0.0,0.0,0.0,0.0,0.0,0.0,0.0,0.0,0.0,0.0,0.0,0.0,0.0,0.0,0.0,0.08849557522123894,0.23140495867768596,0.3504273504273504,0.23076923076923078,0.23076923076923078,0.5428571428571428,0.65,0.7674418604651163,0.7419354838709677,0.7588652482269503,0.912,0.8133333333333334,0.88,0.9285714285714286,0.891156462585034,1.0,0.8783783783783784,0.7,0.0,0.0,0.0,0.0,0.0,0.0,0.0,0.0,0.0,0.0,0.0,0.0,0.0,0.0,0.0,0.0,0.0,0.0,0.0,0.0,0.0,0.0
2275847, yfaQ, junction_2275847_1_IS1_start, sv,2.97223,0.00019998,116,-1.0,0.6,113,0.9,0.125,PASS,0.0,0.0,0.0,0.0,0.0,0.0,0.0,0.0,0.0,0.0,0.0,0.0,0.0,0.0,0.0,0.0,0.0,0.0,0.0,0.0,0.0,0.0,0.0,0.0,0.0,0.0,0.0,0.0,0.0,0.0,0.0,0.0,0.0,0.0,0.0,0.0,0.0,0.0,0.0,0.0,0.0,0.0,0.0,0.0,0.0,0.0,0.0,0.0,0.0,0.0,0.0,0.0,0.0,0.0,0.0,0.0,0.0,0.0,0.0,0.0,0.0,0.0,0.0,0.0,0.0,0.0,0.0,0.0,0.0,0.0,0.0,0.0,0.0,0.0,0.0,0.0,0.0,0.0,0.0,0.0,0.0,0.0,0.0,0.0,0.0,0.0,0.0,0.0,0.0,0.0,0.0,0.0,0.0,0.0,0.0,0.0,0.0,0.0,0.013812654745529574,0.0489421052631579,0.08851066666666667,0.10770216383307572,0.13757945205479452,0.0,0.10069255014326647,0.09722719665271966,0.07754054054054053,0.047538636363636366,0.01146255707762557,0.0,0.0,0.0,0.0,0.0,0.0,0.0,0.0,0.0,0.0,0.0,0.0,0.0,0.0,0.0,0.0,0.0,0.0,0.0,0.0,0.0,0.0,0.0,0.0,0.0,0.0,0.0,0.0,0.0,0.0
2278137, yfaS, junction_2278137_1_IS1_start, sv,3.66714,0.00249975,115,-1.0,0.105263,115,0.9,0.8,PASS,0.0,0.0,0.0,0.0,0.0,0.0,0.0,0.0,0.0,0.0,,0.0,0.0,0.0,0.0,0.0,0.0,0.0,0.0,0.0,0.0,0.0,0.0,0.0,0.0,0.0,0.0,0.0,0.0,0.0,0.0,0.0,0.0,0.0,0.0,0.0,0.0,0.0,0.0,0.0,0.0,0.0,0.0,0.0,0.0,0.0,0.0,0.0,0.0,0.0,0.0,0.0,0.0,0.0,0.0,0.0,0.0,0.0,0.0,0.0,0.0,0.0,0.0,0.0,0.0,0.0,0.0,0.0,0.0,0.0,0.0,0.0,0.0,0.0,0.0,0.0,0.0,0.0,0.0,0.0,0.0,0.0,0.0,0.0,0.0,0.0,0.0,0.0,0.0,0.0,0.0,0.0,0.0,0.0,0.0,0.0,0.0,0.0,0.0,0.06979521028037383,0.12595667046750286,0.03666003649635037,0.0,0.0,0.014404878048780486,0.015158569254185692,0.0,0.0,0.0,0.0,0.0,0.0,0.0,0.0,0.0,0.0,0.0,0.0,0.0,0.0,0.0,0.0,0.0,0.0,0.0,0.0,0.0,0.0,0.0,0.0,0.0,0.0,0.0,0.0,0.0,0.0,0.0,0.0,0.0
2281098, yfaS, junction_2281098_1_IS1_start, sv,2.20161,9.999e-05,116,-1.0,0.923077,115,0.9,0.521739,PASS,0.0,0.0,0.0,0.0,0.0,0.0,0.0,0.0,0.0,0.0,0.0,0.0,0.0,0.0,0.0,0.0,0.0,0.0,0.0,0.0,0.0,0.0,0.0,0.0,0.0,0.0,0.0,0.0,0.0,0.0,0.0,0.0,0.0,0.0,0.0,0.0,0.0,0.0,0.0,0.0,0.0,0.0,0.0,0.0,0.0,0.0,0.0,0.0,0.0,0.0,0.0,0.0,0.0,0.0,0.0,0.0,0.0,0.0,0.0,0.0,0.0,0.0,0.0,0.0,0.0,0.0,0.0,0.0,0.0,0.0,0.0,0.0,0.0,0.0,0.0,0.0,0.0,0.0,0.0,0.0,0.0,0.0,0.0,0.0,0.0,0.0,0.0,0.0,0.0,0.0,0.0,0.0,0.0,0.0,0.0,0.0,0.0,0.0,0.0,0.0,0.0,0.0,0.0,0.043478260869565216,0.11494252873563218,0.11267605633802817,0.11904761904761904,0.125,0.14736842105263157,0.05555555555555555,0.09859154929577464,0.04878048780487805,0.09401709401709402,0.12371134020618557,0.2,0.0784313725490196,0.1,0.0,0.0,0.0,0.0,0.0,0.0,0.0,0.0,0.0,0.0,0.0,0.0,0.0,0.0,0.0,0.0,0.0,0.0,0.0,0.0,0.0,0.0
2281825, yfaA, junction_2281825_1_IS1_start, sv,2.6792,0.012153,116,-1.0,0.324324,116,0.9,0.230769,PASS,0.0,0.0,0.0,0.0,0.0,0.0,0.0,0.0,0.0,0.0,0.0,0.0,0.0,0.0,0.0,0.0,0.0,0.0,0.0,0.0,0.0,0.0,0.0,0.0,0.0,0.0,0.0,0.0,0.0,0.0,0.0,0.0,0.0,0.0,0.0,0.0,0.0,0.0,0.0,0.0,0.0,0.0,0.0,0.0,0.0,0.0,0.0,0.0,0.0,0.0,0.0,0.0,0.0,0.0,0.0,0.0,0.0,0.0,0.0,0.0,0.0,0.0,0.0,0.0,0.0,0.0,0.0,0.0,0.0,0.0,0.0,0.0,0.0,0.0,0.0,0.0,0.0,0.0,0.0,0.0,0.0,0.0,0.0,0.0,0.0,0.0,0.0,0.0,0.0,0.0,0.0,0.0,0.0,0.0,0.0,0.0,0.0,0.0,0.0,0.036231884057971016,0.03305785123966942,0.08620689655172414,0.0,0.28,0.04,0.052083333333333336,0.0,0.0,0.0,0.0,0.0,0.0,0.0,0.0,0.0,0.0,0.0,0.0,0.0,0.0,0.0,0.0,0.0,0.0,0.0,0.0,0.0,0.0,0.0,0.0,0.0,0.0,0.0,0.0,0.0,0.0,0.0,0.0,0.0
2283472, intergenic, MOB_2283472_2283474_IS150_1, sv,1.45225,9.999e-05,116,-1.0,0.923077,115,0.9,0.6,PASS,0.0,0.0,0.0,0.0,0.0,0.0,0.0,0.0,0.0,0.0,,0.0,0.0,0.0,0.0,0.0,0.0,0.0,0.0,0.0,0.0,0.0,0.0,0.0,0.0,0.0,0.0,0.0,0.0,0.0,0.0,0.0,0.0,0.0,0.0,0.0,0.0,0.0,0.0,0.0,0.0,0.04,0.012987012987012988,0.00909090909090909,0.0,0.0,0.0,0.01818181818181818,0.024096385542168676,0.04081632653061224,0.024096385542168676,0.07766990291262135,0.288135593220339,0.017241379310344827,0.037037037037037035,0.14166666666666666,0.23958333333333334,0.09243697478991597,0.16216216216216217,0.2595419847328244,0.33613445378151263,0.445859872611465,0.6666666666666666,0.6041666666666666,0.6982248520710059,0.5666666666666667,0.42857142857142855,0.4380952380952381,0.25510204081632654,0.4473684210526316,0.16304347826086957,0.2767857142857143,0.3132530120481928,0.379746835443038,0.45588235294117646,0.4121212121212121,0.4077669902912621,0.7162162162162162,0.3082191780821918,0.5166666666666667,0.7071428571428572,0.8897058823529411,0.10897435897435898,0.3333333333333333,0.5944055944055944,0.9137931034482759,0.6767676767676768,0.8620689655172413,0.9458128078817734,0.5706214689265536,0.24096385542168675,0.0,0.0,0.0,0.0,0.0,0.0,0.0,0.0,0.0,0.0,0.0,0.0,0.0,0.0,0.0,0.0,0.0,0.005128205128205128,0.0,0.0,0.0,0.0,0.0,0.0,0.0,0.0,0.0,0.0,0.0,0.0,0.0,0.0,0.0,0.0,0.0,0.0,0.0,0.0,0.0,0.0,0.0,0.0,1.0,0.0,1.0,0.0,0.0,0.0
2288897, yfaL, MOB_2288897_2288899_IS150_-1, sv,3.15886,0.00019998,116,-1.0,0.48,115,0.9,0.571429,PASS,0.0,0.0,0.0,0.0,0.0,0.0,0.0,0.0,0.019230769230769232,0.0,,0.0,0.0,0.031746031746031744,0.0,0.0,0.0,0.0,0.006896551724137931,0.0,0.0,0.0,0.0,0.0,0.0,0.0,0.0,0.0,0.0,0.0,0.00546448087431694,0.007352941176470588,0.0,0.0,0.0,0.0,0.0058823529411764705,0.0,0.0,0.0,0.0,0.0,0.0,0.0,0.024691358024691357,0.0,0.0,0.0,0.018867924528301886,0.0,0.0,0.0,0.0,0.045454545454545456,0.03289473684210526,0.21195652173913043,0.28346456692913385,0.053763440860215055,0.09210526315789473,0.0625,0.027586206896551724,0.00819672131147541,0.010752688172043012,0.0,0.0,0.008130081300813009,0.00641025641025641,0.0,0.0,0.0078125,0.0,0.0,0.0,0.0,0.0,0.0,0.0,0.0,0.0,0.0,0.0,0.0,0.0,0.0,0.0,0.0,0.0,0.0,0.0051813471502590676,0.0,0.007518796992481203,0.0,0.0,0.0,0.0,0.0,0.0,0.0,0.0,0.0,0.0,0.0,0.0,0.0,0.0,0.0,0.0,0.0,0.0,0.0,0.0,0.0,0.0,0.0,0.0,0.0,0.0,0.0,0.0,0.0,0.0,0.0,0.0,0.0,0.0,0.0,0.0,0.0,0.0,0.0,0.0,0.0,0.0,0.0,0.0,0.0,0.0,0.0,0.0
2322340, menC, MOB_2322340_2322346_IS186_-1, sv,1.79694,9.999e-05,116,-1.0,0.307692,112,0.9,0.218182,PASS,0.0,0.0,0.0,0.0,0.0,0.0,0.039473684210526314,0.01694915254237288,0.0,0.0,0.0,0.0,0.02857142857142857,0.015037593984962405,0.0,0.0,0.0,0.013986013986013986,0.006472491909385114,0.005263157894736842,0.006944444444444444,0.0,0.0,0.0,0.0,0.005934718100890208,0.012738853503184714,0.0,0.0035650623885918,0.005390835579514825,0.02977667493796526,0.03289473684210526,0.02867383512544803,0.0,0.007246376811594203,0.014925373134328358,0.009501187648456057,0.0,0.013888888888888888,0.018018018018018018,0.005405405405405406,0.0,0.0049504950495049506,0.01015228426395939,0.043795620437956206,0.009389671361502348,0.00966183574879227,0.011695906432748537,0.011560693641618497,0.043478260869565216,0.05982905982905983,0.14468085106382977,0.11570247933884298,0.0970873786407767,0.07142857142857142,0.08870967741935484,0.013422818791946308,0.053475935828877004,0.0,0.0639269406392694,0.0,0.05405405405405406,0.06611570247933884,0.09523809523809523,0.09120521172638436,0.01775147928994083,0.08902077151335312,0.1016949152542373,0.03980099502487562,0.006600660066006601,0.043010752688172046,0.020833333333333332,0.028169014084507043,0.027522935779816515,0.0,0.0,0.0,0.0,0.0103359173126615,0.01639344262295082,0.0425531914893617,0.009216589861751152,0.08441558441558442,0.02666666666666667,0.0,0.020905923344947737,0.0136986301369863,0.029154518950437316,0.0,0.005128205128205128,0.026058631921824105,0.06315789473684211,0.24210526315789474,0.3669064748201439,0.5247148288973384,0.6102941176470589,0.7614678899082569,0.8461538461538461,0.11158798283261803,0.044444444444444446,0.013513513513513514,0.01092896174863388,0.07894736842105263,0.0851063829787234,0.22784810126582278,0.1390728476821192,0.2716049382716049,0.14634146341463414,0.215,0.05867970660146699,0.13670886075949368,0.06694560669456066,0.09852216748768473,0.1531322505800464,0.3333333333333333,0.13445378151260504,0.0625,0.0,0.0,0.0,0.0,0.0,0.0,0.0,0.0,0.0,0.0,0.0,0.0,0.0,0.0,0.0,0.0,0.0,0.0,0.0,0.0,0.0,0.9808917197452229
2323543, yfbB, T->A, missense,1.57143,9.999e-05,115,-1.0,1.0,116,1.04491,1.0,PASS,0.0,0.0,0.0,0.0,0.0,0.0,0.0,0.0,0.0,0.0,0.0,0.0,0.0,0.0,0.0,0.0,0.0,0.0,0.0,0.0,0.0,0.0,0.0,0.0,0.0,0.0,0.0,0.0,0.0,0.0,0.0,0.0,0.0,0.0,0.0,0.0,0.0,0.0,0.0,0.0,0.0,0.0,0.0,0.0,0.0,0.0,0.0,0.0,0.0,0.0,0.03333333333333333,0.08,0.11764705882352941,0.0,0.05,0.17647058823529413,0.06666666666666667,0.11428571428571428,0.09090909090909091,0.3235294117647059,0.5,0.41379310344827586,0.6666666666666666,0.391304347826087,0.5333333333333333,0.5384615384615384,0.6216216216216216,0.25,0.36585365853658536,0.2972972972972973,0.3548387096774194,0.35294117647058826,0.3157894736842105,0.3076923076923077,0.4418604651162791,0.36538461538461536,0.36363636363636365,0.5714285714285714,0.18604651162790697,0.5263157894736842,0.8809523809523809,0.8604651162790697,0.07894736842105263,0.3333333333333333,0.8048780487804879,0.92,0.3684210526315789,0.9166666666666666,0.9375,0.6610169491525424,0.18181818181818182,0.0,0.0,0.0,0.0,0.0,0.0,0.0,0.0,0.0,0.0,0.0,0.0,0.0,0.0,0.0,0.0,0.0,0.0,0.0,0.0,0.0,0.0,0.0,0.0,0.0,0.0,0.0,0.0,0.0,0.0,0.0,0.0,0.0,0.0,0.0,0.0,0.0,0.0,0.0,0.0,0.0,0.0,1.0,0.0,1.0,0.0,0.0,0.0
2341957, nuoG, A->T, synonymous,2.83086,0.00239976,116,-1.0,0.705882,115,0.9,0.75,PASS,0.0,0.0,0.0,0.0,0.0,0.007633587786259542,0.0,0.0,0.0,0.0,0.0,0.0,0.0,0.0,0.0,0.09090909090909091,0.0,0.0,0.0,0.0,0.0,0.0,0.0,0.0,0.0,0.0,0.0,0.0,0.0,0.0,0.0,0.0,0.0,0.0,0.0,0.0,0.0,0.0,0.0,0.0,0.0,0.0,0.0,0.0,0.0,0.0,0.0,0.0,0.0,0.0,0.0,0.0,0.0,0.0,0.0,0.0,0.0,0.0,0.0,0.0,0.0,0.0,0.0,0.012195121951219513,0.0,0.0,0.010101010101010102,0.0898876404494382,0.061224489795918366,0.08571428571428572,0.013157894736842105,0.1111111111111111,0.07692307692307693,0.0,0.0,0.0,0.0,0.0,0.0,0.0,0.0,0.0,0.0,0.0,0.0,0.0,0.0,0.0,0.0,0.0,0.0,0.0,0.0,0.0,0.0,0.0,0.0,0.0,0.0,0.0,0.0,0.0,0.0,0.0,0.0,0.0,0.0,0.0,0.0,0.0,0.0136986301369863,0.0,0.0,0.0,0.0,0.0,0.0,0.0,0.0,0.0,0.0,0.0,0.0,0.0,0.0,0.0,0.0,0.0,0.0,0.0,0.0,0.0,0.0,0.0,0.0,0.0,0.0,0.0,0.0
2350917, intergenic, indel;+A;-1, indel,2.12964,0.00029997,115,-1.0,0.0165746,110,0.9,0.48,PASS,0.0,0.0,0.0,0.0,0.0,0.0,0.0,0.0,0.0,0.0,0.0,0.0,0.0,0.0,0.0,0.0,0.014285714285714285,0.0,0.0,0.0,0.024390243902439025,0.0,0.0,0.0,0.0,0.0,0.0,0.0,0.0,0.0,0.03636363636363636,0.0,0.034482758620689655,0.0,0.0,0.0,0.0,0.0,0.0,0.0,0.0064516129032258064,0.010101010101010102,0.0,0.0,0.0,0.01694915254237288,0.0,0.0,0.0,0.0,0.0,0.013157894736842105,0.0,0.0,0.0,0.0,0.0,0.0,0.0,0.0,0.0,0.008333333333333333,0.0,0.0,0.0,0.03278688524590164,0.011111111111111112,0.0,0.011111111111111112,0.0,0.02531645569620253,0.0,0.0,0.0,0.038834951456310676,0.11678832116788321,0.10909090909090909,0.07407407407407407,0.017699115044247787,0.032520325203252036,0.027972027972027972,0.022727272727272728,0.014705882352941176,0.0,0.0,0.0,0.0,0.0,0.0,0.0,0.0,0.0,0.0,0.0,0.0,0.019417475728155338,0.0,0.0,0.0,0.0,0.0,0.0,0.0,0.0,0.0,0.0,0.0,0.011235955056179775,0.009174311926605505,0.0,0.0,0.0,0.0,0.0,0.0,0.0,0.0,0.0,0.0,0.0,0.0,0.0,0.0,0.0,0.0,0.0,0.0,0.0,0.0,0.0,0.0,0.0,0.0,0.0,0.0,0.0,0.0,0.0,0.0
2393568, yfcO, junction_2393568_-1_IS150_end, sv,4.92656,0.00019998,116,-1.0,0.0250522,115,0.9,0.324324,PASS,0.0,0.0,0.0,0.0,0.0,0.0,0.0,0.0,0.0,0.0,0.0,0.0,0.0,0.0,0.0,0.0,0.0,0.0,0.0,0.0,0.0,0.0,0.0,0.0,0.0,0.0,0.0,0.03225806451612903,0.09278350515463918,0.17647058823529413,0.06818181818181818,0.008333333333333333,0.0,0.0,0.0,0.0,0.0,0.0,0.0,0.0,0.0,0.020134228187919462,0.0,0.0,0.0,0.0,0.0,0.0,0.0,0.0,0.0,0.0,0.0,0.0,0.0,0.0,0.0,0.0,0.0,0.0,0.0,0.0,0.0,0.0,0.0,0.0,0.0,0.0,0.0,0.0,0.0,0.0,0.0,0.0,0.0,0.0,0.0,0.0,0.0,0.0,0.0,0.0,0.0,0.0,0.0,0.0,0.0,0.0,0.0,0.0,0.0,0.0,0.0,0.0,0.0,0.0,0.0,0.0,0.0,0.0,0.0,0.0,0.0,0.0,0.0,0.0,0.0,0.0,0.0,0.0,0.0,0.0,0.0,0.0,0.0,0.0,0.0,0.0,0.0,0.0,0.0,0.0,0.0,0.0,0.0,0.0,0.0,0.0,0.0,1.0,1.0,0.0,0.0,0.0,0.0,0.0,0.0,0.0,0.0
2397040, yfcTU, junction_2397040_-1_IS150_end, sv,2.36909,9.999e-05,116,-1.0,0.166667,116,0.9,0.1875,PASS,0.0,0.0,0.0,0.0,0.0,0.0,0.0,0.0,0.0,0.0,0.0,0.0,0.0,0.0,0.0,0.0,0.0,0.0,0.0,0.0,0.0,0.0,0.0,0.0,0.0,0.0,0.0,0.0,0.0,0.0,0.0,0.0,0.0,0.0,0.0,0.0,0.0,0.0,0.0,0.0,0.0,0.0,0.0,0.0,0.0,0.0,0.0,0.0,0.0,0.0,0.0,0.0,0.0,0.0,0.007520973782771536,0.0,0.0,0.0,0.0,0.0,0.0,0.0,0.0,0.0,0.0,0.0,0.0,0.0,0.0,0.0,0.0,0.0,0.0,0.0,0.011463242009132422,0.06133979057591623,0.11950374149659865,0.09146264236902049,0.44178774805867127,0.3652646288209607,0.2424964221824687,0.06986888667992049,0.9230066445182724,0.7276441223832528,0.28458704453441297,0.09413601070950468,0.0,0.04032068273092369,0.043430622837370245,0.0262848167539267,0.0,0.17263323782234957,0.3506682188591385,0.41072062663185377,0.20311257695690413,0.041578260869565224,0.039277053455019556,0.03535862676056339,0.03056879756468798,0.006384551811824538,0.0,0.0,0.0,0.0,0.0,0.0,0.0,0.0,0.0,0.0,0.0,0.0,0.0,0.0,0.0,0.0,0.0,0.0,0.0,0.0,0.0,0.0,0.0,0.0,0.0,0.0,0.0,0.0,0.0,,,0.0,0.0,0.0,0.0,0.0,0.0,0.0,0.0
2397528, yfcTU, MOB_2397528_2397543_IS150_-1, sv,0.982654,9.999e-05,116,-1.0,0.315789,116,0.9,0.137931,PASS,0.0,0.0,0.0,0.014845555555555556,0.009950248756218905,0.009847364975450083,0.16765894273127752,0.3090127659574468,0.709447898675878,0.8888891129032258,0.8523255319148936,1.0010337037037036,0.979704309063893,0.9998525730180805,1.0,0.8696067741935484,0.8946213080168777,0.9829938440492476,0.89102538071066,0.9857372159090908,1.0,1.0,1.0,1.0,1.0,1.0,0.9920315789473685,1.0,1.0,1.0,1.0,1.0,1.0,1.0,1.0,1.0,1.0,1.0,1.0,1.0,1.0,1.0,1.0,1.0,1.0,1.0,1.0,1.0,1.0,1.0,1.0,1.0,1.0,1.0,1.0,1.0,1.0,1.0,1.0,1.0,1.0,1.0,1.0,1.0,1.0,1.0,1.0,1.0,1.0,1.0,1.0,1.0,1.0,1.0,1.0,0.9889950467804073,1.0,1.0,1.0,1.0,1.0,1.0,1.0,1.0,1.0,1.0,1.0,1.0,1.0,1.0,0.988125974805039,1.0,1.0,1.0,1.0,1.0,1.0,1.0,1.0,1.0,1.0,1.0,1.0,1.0,1.0,1.0,1.0,1.0,1.0,1.0,1.0,1.0,1.0,1.0,1.0,1.0,1.0,0.0,0.0,0.0,0.0,0.0,0.0,0.0,0.0,0.8318649635036497,0.0,1.0,1.0,1.0,1.0,1.0,1.0,1.0,1.0,1.0,1.0,1.0,1.0
2403226, yfcY, junction_2403226_-1_2405143_1, sv,4.10896,9.999e-05,90,-1.03379,9.999e-05,111,0.9,0.857143,PASS,0.0,0.0,0.0,0.0,0.0,0.0,0.0,0.0,0.0,0.0,0.0,0.0,0.0,0.0,0.0,0.0,0.0,0.0,0.0,0.0,0.0,0.0,0.0,0.0,0.0,0.0,0.0,0.0,0.0,0.0,0.0,0.0,0.0,0.0,0.0,0.0,0.0,0.0,0.0,0.0,0.0,0.0,0.0,0.0,0.0,0.0,0.0,0.0,0.0,0.0,0.0,0.0,0.0,0.0,0.0,0.0,0.0,0.0,0.0,0.0,0.0,0.0,0.0,0.0,0.0,0.0,0.0,0.0,0.0,0.0,0.0,0.0,0.0,0.0,0.0,0.0,0.0,0.0,0.0,0.0,0.0,0.0,0.0,0.0,0.0,0.0,0.05555555555555555,0.14965986394557823,0.1945945945945946,0.16666666666666666,0.09803921568627451,0.0,0.0,0.0,0.0,0.0,0.0,0.0,0.0,0.0,0.0,0.0,0.0,0.0,0.0,0.0,0.0,0.0,0.0,0.0,0.0,0.0,0.0,0.0,,0.0,0.0,0.0,0.0,0.0,0.0,0.0,0.0,0.0,0.0,0.0,0.0,0.0,0.0,0.0,0.0,0.0,0.0,0.0,0.0,0.0,0.0,0.0,0.0
2404873, fadL, G->A, noncoding,2.85117,0.0039996,116,-1.0,0.545455,115,0.9,0.333333,PASS,0.0,0.0,0.0,0.0,0.015384615384615385,0.0,0.0,0.0,0.0,0.0,0.0,0.0,0.0,0.0,0.0,0.0,0.0,0.0,0.0,0.0,0.0,0.0,0.0,0.0,0.0,0.0,0.0,0.0,0.0,0.0,0.0,0.0,0.0,0.0,0.0,0.0,0.0,0.0,0.02564102564102564,0.0,0.0,0.0,0.0,0.0,0.017241379310344827,0.0,0.0,0.0,0.0,0.0,0.0,0.0,0.0,0.0,0.0,0.0,0.0,0.0,0.0,0.0,0.0,0.0,0.0,0.0,0.0,0.0,0.0,0.0,0.0,0.0,0.0,0.0,0.0,0.0,0.0,0.0,0.0,0.03125,0.0,0.0,0.0,0.0,0.0,0.0,0.0,0.0,0.0,0.030303030303030304,0.06896551724137931,0.13580246913580246,0.012345679012345678,0.0,0.0,0.020202020202020204,0.0,0.012345679012345678,0.0,0.0,0.0,0.0,0.006134969325153374,0.0070921985815602835,0.0,0.0,0.0,0.0,0.0,0.0,0.0,0.0,0.0,0.0,0.0,0.0,0.0,0.0,0.0,0.0,0.0,0.0,0.0,0.0,0.0,0.0,0.0,0.0,0.0,0.0,0.0,0.0,0.0,0.0,0.0,0.0,0.0,0.0,0.0,0.0,0.0
2405131, fadL, MOB_2405131_2405139_IS1_1, sv,1.77827,9.999e-05,111,-1.0,0.013468,115,0.9,0.444444,PASS,0.0,0.0,0.0,0.0,0.0,0.0,0.0,0.0,0.0,0.0,0.0,0.0,0.0,0.0,0.0,0.0,0.0,0.0,0.0,0.0,0.0,0.0,0.0,0.0,0.0,0.0,0.0,0.0,0.0,0.0,0.0,0.0,0.0,0.0,0.0,0.0,0.0,0.0,0.0,0.0,0.0,0.0,0.0,0.0,0.0,0.0,0.0,0.0,0.0,0.0,0.0,0.0,0.0,0.0,0.018292682926829267,0.0,0.0,0.0,0.0,0.0,0.0,0.0,0.0,0.0,0.0,0.0,0.0,0.0,0.0,0.0,0.0,0.0,0.0,0.0,0.0,0.01990049751243781,0.0,0.0,0.022099447513812154,0.03225806451612903,0.04390243902439024,0.013513513513513514,0.07731958762886598,0.015384615384615385,0.018292682926829267,0.0851063829787234,0.3829787234042553,0.1554054054054054,0.06172839506172839,0.4066666666666667,0.7307692307692307,0.9147286821705426,0.6992481203007519,0.49411764705882355,0.7942857142857143,0.9256756756756757,0.967479674796748,0.819672131147541,0.925,0.9825174825174825,0.9806949806949807,0.9823008849557522,1.0,0.9803921568627451,0.9777777777777777,0.9440559440559441,0.9696969696969697,0.968944099378882,0.966183574879227,0.9685534591194969,0.9758064516129032,0.9857142857142858,0.9669421487603306,0.9880239520958084,1.0,0.9611650485436893,0.9473684210526315,0.0,0.0,0.0,0.0,0.0,0.0,0.0,0.0,0.0,0.0,0.0,0.0,0.0,0.0,0.0,0.0,0.0,0.0,0.0,0.0,0.9023255813953488,0.9343065693430657
2405400, fadL, G->A, missense,2.00431,0.00079992,104,-1.54425,9.999e-05,111,0.9,1.0,PASS,0.0,0.0,0.0,0.0,0.0,0.0,0.0,0.0,0.009174311926605505,0.06451612903225806,0.0,0.0,0.0,0.0,0.0,0.0,0.0,0.0,0.0,0.0,0.016129032258064516,0.0,0.013888888888888888,0.0,0.0,0.0,0.0,0.0,0.0,0.0,0.0,0.0,0.0,0.0,0.0,0.0,0.0,0.0,0.009345794392523364,0.0,0.0,0.0,0.006493506493506494,0.0,0.0,0.0,0.0,0.0,0.04938271604938271,0.13725490196078433,0.03333333333333333,0.02,0.034482758620689655,0.041666666666666664,0.017094017094017096,0.02247191011235955,0.00909090909090909,0.0,0.03278688524590164,0.011235955056179775,0.02666666666666667,0.02197802197802198,0.0,0.0,0.010416666666666666,0.0,0.0,0.0,0.0,0.0,0.0,0.0,0.0,0.0,0.01020408163265306,0.0,0.0,0.0,0.0,0.010416666666666666,0.0,0.0,0.0,0.0,0.0,0.0,0.0,0.0,0.0,0.0,0.0,0.0,0.0,0.008849557522123894,0.009174311926605505,0.0,0.0,0.0,0.0,0.0,0.0,0.0,0.0,0.0,0.0,0.0,0.0,0.0,0.0,0.0,0.0,0.0,0.0,0.0,,0.0,0.0,0.0,0.0,0.0,0.0,0.0,0.0,0.0,0.0,0.0,0.0,0.0,0.0,0.0,0.0,0.0,0.0,0.0,0.0,0.06666666666666667,0.0,0.0,0.0
2406041, fadL, junction_2406041_-1_IS150_end, sv,2.54184,0.00469953,104,-1.83032,9.999e-05,108,0.9,0.272727,PASS,0.0,0.0,0.0,0.005626468926553672,0.0,0.0,0.0,0.0,0.0,0.0,0.0,0.0,0.0,0.0,0.0,0.0,0.0,0.0,0.0,0.0,0.0,0.0,0.0,0.0,0.0,0.014536423357664233,0.04064408163265306,0.11188539325842697,0.0468683137254902,0.0,0.008297685950413223,0.0,0.0,0.0,0.01118814606741573,0.0,0.0,0.0,0.0,0.0,0.0,0.02616247557003257,0.06768434456928839,0.04542633484162896,0.0,0.0,0.0,0.0,0.0,0.0,0.0,0.0,0.0,0.0,0.0,0.0,0.0,0.0,0.0,0.0,0.0,0.0,0.0,0.0,0.0,0.0,0.0,0.0,0.0,0.0,0.0,0.0,0.0,0.0,0.0,0.0,0.0,0.0,0.0,0.0,0.0,0.0,0.0,0.0,0.0,0.010262628865979381,0.0,0.01593579365079365,0.014658102189781023,0.0,0.0,0.0,0.0,0.0,0.0,0.0,0.0,0.0,0.0,0.0,0.0,0.0,0.0,0.0,0.0,0.0,0.0,0.0,0.0,0.0,0.0,0.0,0.0,0.0,,0.0,0.0,0.0,0.0,0.0,0.0,0.0,0.0,0.0,0.0,0.0,0.0,0.0,0.0,0.0,0.0,0.0,0.0,0.0,0.0,0.0,0.0,0.0,0.0
2406099, fadL, MOB_2406099_2406101_IS150_1, sv,2.19874,9.999e-05,105,-1.97708,9.999e-05,109,0.9,0.315789,PASS,0.0,0.0,0.0,0.0,0.0,0.0,0.0,0.05660377358490566,0.11822660098522167,0.03296703296703297,0.0,0.0,0.0,0.0,0.0,0.0,0.0,0.0,0.003257328990228013,0.00510204081632653,0.0,0.0,0.0,0.0,0.0,0.0031645569620253164,0.013157894736842105,0.15625,0.09433962264150944,0.062111801242236024,0.1518324607329843,0.08673469387755102,0.049689440993788817,0.1506849315068493,0.23595505617977527,0.12280701754385964,0.19444444444444445,0.13953488372093023,0.0,0.0,0.007407407407407408,0.0449438202247191,0.2094017094017094,0.5882352941176471,0.4369747899159664,0.2076923076923077,0.022388059701492536,0.0,0.0,0.0,0.0,0.0,0.0,0.0,0.0,0.0,0.0,0.0,0.0,0.0,0.0,0.0,0.0,0.0,0.0,0.0,0.0,0.0,0.0,0.0,0.0,0.005025125628140704,0.0196078431372549,0.018867924528301886,0.09815950920245399,0.14027149321266968,0.12605042016806722,0.061224489795918366,0.008438818565400843,0.03389830508474576,0.029411764705882353,0.014925373134328358,0.008928571428571428,0.0,0.0,0.0,0.0,0.0,0.0,0.0,0.0,0.0,0.005988023952095809,0.0,0.004807692307692308,0.0,0.0,0.0,0.0,0.0,0.0,0.0,0.0,0.0,0.0,0.0,0.0,0.0,0.0,0.0,0.0,0.0,0.0,0.0,,0.0,0.0,0.0,0.0,0.0,0.0,0.0,0.0,0.0,0.0,0.0,0.0,0.0,0.0,0.0,0.0,0.0,0.0,0.0,0.0,0.0,0.0,0.0,0.0
2406268, fadL, junction_2406268_-1_IS150_end, sv,3.96163,0.00119988,106,-1.85732,9.999e-05,108,0.9,0.923077,PASS,0.0,0.0,0.0,0.0,0.0,0.0,0.0,0.0,0.0,0.0,0.0,0.0,0.0,0.0,0.0,0.0,0.0,0.0,0.0,0.0,0.0,0.0,0.0,0.0,0.0,0.0,0.0,0.0,0.0,0.05659185606060606,0.08747666248431618,0.07014419014084507,0.054035006784260514,0.10901916058394161,0.0,0.0,0.0,0.0,0.0,0.0,0.0,0.0,0.0,0.0,0.0,0.0,0.0,0.0,0.0,0.0,0.0,0.0,0.0,0.0,0.0,0.0,0.0,0.0,0.0,0.0,0.0,0.0,0.0,0.0,0.0,0.0,0.0,0.0,0.0,0.0,0.0,0.0,0.0,0.0,0.0,0.0,0.0,0.0,0.0,0.0,0.0,0.0,0.0,0.0,0.0,0.0,0.0,0.0,0.0,0.0,0.0,0.0,0.0,0.0,0.0,0.0,0.0,0.0,0.0,0.0,0.0,0.0,0.0,0.0,0.0,0.0,0.0,0.0,0.0,0.0,0.0,0.0,0.0,0.0,,0.0,0.0,0.0,0.0,0.0,0.0,0.0,0.0,0.0,0.0,0.0,0.0,0.0,0.0,0.0,0.0,0.0,0.0,0.0,0.0,0.0,0.0,0.0,0.0
2417949, evgA, A->C, noncoding,2.64495,0.00029997,116,-1.0,0.666667,112,0.9,0.545455,PASS,0.0,0.0,0.0,0.0,0.0,0.0,0.0,0.0,0.0,0.0,0.0,0.0,0.0,0.0,0.0,0.0,0.0,0.0,0.010869565217391304,0.0,0.02564102564102564,0.0,0.0,0.0,0.0,0.0048543689320388345,0.0,0.0,0.0,0.0,0.0,0.0,0.0,0.0,0.0,0.0,0.0,0.0,0.0,0.014925373134328358,0.0,0.0,0.0,0.0,0.0,0.0,0.0,0.0,0.0,0.0,0.0,0.0,0.0,0.0,0.0,0.0,0.0,0.012658227848101266,0.0,0.0,0.0,0.0,0.0,0.0,0.0,0.0,0.0,0.0,0.0,0.0,0.015384615384615385,0.0,0.0,0.0,0.0,0.007407407407407408,0.0,0.0,0.0,0.014285714285714285,0.0,0.0,0.0,0.0,0.0,0.0,0.0,0.0,0.0,0.0,0.01282051282051282,0.0,0.0,0.0,0.007751937984496124,0.0,0.0,0.0,0.0,0.0,0.0,0.0,0.0,0.0,0.0,0.005917159763313609,0.00684931506849315,0.010050251256281407,0.027472527472527472,0.023809523809523808,0.0660377358490566,0.09210526315789473,0.05844155844155844,0.1702127659574468,0.25,0.10126582278481013,0.2857142857142857,0.02631578947368421,0.0,0.0,0.0,0.0,0.0,0.0,0.0,0.0,0.0,0.0,0.0,0.0,0.0,0.0,0.0,0.0,0.0,0.0,0.0,0.0,0.0
2434372, ypdA, G->A, missense,1.94708,0.0009999,116,-1.0,0.09375,116,0.9,0.444444,PASS,0.0,0.0,0.0,0.0,0.0,0.0,0.0,0.0,0.0,0.0,0.0,0.0,0.0,0.0,0.0,0.0,0.0,0.0,0.0,0.0,0.0,0.0,0.012987012987012988,0.0,0.0,0.0,0.0,0.0,0.00847457627118644,0.0,0.0,0.0,0.0,0.0,0.0,0.0,0.0,0.0,0.0,0.011627906976744186,0.0,0.0,0.0,0.0,0.0,0.0,0.0,0.0,0.0,0.0,0.0,0.0,0.0,0.0,0.0,0.0,0.03,0.0,0.0,0.02857142857142857,0.09278350515463918,0.043859649122807015,0.0273972602739726,0.0,0.017391304347826087,0.1625,0.04032258064516129,0.038461538461538464,0.022988505747126436,0.04310344827586207,0.021739130434782608,0.07246376811594203,0.023809523809523808,0.0759493670886076,0.0,0.0,0.0,0.0,0.0,0.0,0.0,0.0,0.0,0.0,0.0,0.0,0.0,0.0,0.0,0.0,0.0,0.0,0.0,0.0,0.0,0.0,0.0,0.0,0.0,0.0,0.0,0.0,0.0,0.0,0.0,0.0,0.0,0.0,0.0,0.0,0.0,0.0,0.0,0.0,0.0,0.0,0.0,0.0,0.0,0.0,0.0,0.0,0.0,0.0,0.0,0.0,0.0,0.0,0.0,0.010416666666666666,0.0,0.0,0.0,0.0,0.0,0.0,0.0,0.0,0.0
2446999, mntH, C->T, noncoding,3.32838,9.999e-05,116,-1.0,0.521739,113,0.9,0.0362538,PASS,0.0,0.0,0.0,0.0,0.0,0.0,0.0,0.0,0.0,0.0,0.0,0.0,0.0,0.0,0.0,0.0,0.0,0.0,0.0,0.0,0.0,0.0,0.0,0.0,0.0,0.0,0.0,0.0,0.0,0.0,0.0,0.0,0.0,0.0,0.0,0.0,0.009708737864077669,0.0,0.0,0.0,0.0,0.0,0.0,0.0,0.0,0.0,0.0,0.0,0.0,0.0,0.0,0.0,0.0,0.0,0.06741573033707865,0.0,0.0,0.0,0.01694915254237288,0.0,0.0,0.009259259259259259,0.0,0.0,0.0,0.0,0.0,0.0,0.0,0.0,0.0,0.0,0.0,0.0,0.0,0.0,0.0,0.0,0.0,0.0,0.0,0.0,0.0,0.0,0.0,0.0,0.0,0.0,0.009174311926605505,0.0,0.0,0.0,0.0,0.0,0.0,0.0,0.0,0.0,0.0,0.0,0.0,0.0,0.0,0.0,0.0,0.0,0.0,0.00684931506849315,0.03755868544600939,0.803921568627451,0.4642857142857143,0.8596491228070176,0.8104575163398693,0.7478260869565218,1.0,0.7333333333333333,0.8461538461538461,0.0,0.0,0.0,0.0,0.0,0.0,0.0,0.0,0.0,0.0,0.0,0.0,0.0,0.0,0.0,0.0,0.0,0.0,0.0,0.0,0.0,0.0
2448493, intergenic, MOB_2448493_2448498_IS186_1, sv,0.978802,9.999e-05,116,-1.0,0.0080591,116,0.9,0.666667,PASS,0.0,0.0,0.0,0.0042643923240938165,0.017123287671232876,0.021545575084798027,0.025326713197969544,0.03094662190082645,0.10457666417352282,0.3623851744186046,0.6,0.4647605734767025,0.6569585121602288,0.9118546168958743,0.9219332023575639,0.81156125,0.9680190779014308,0.9611793265465935,0.9072981427174975,1.0,0.9657801358234296,1.0,0.9538723241590212,1.0,0.994475138121547,0.9891534008683068,1.0,1.0,1.0,1.0,0.9851598196392786,1.0,1.0,1.0,1.0,1.0,0.9906924510717614,1.0,1.0,1.0,1.0,1.0,0.982847399829497,1.0,1.0,0.9919354838709677,1.0,1.0,0.99,1.0,0.9921259842519685,1.0,1.0,1.0,1.0,1.0,1.0,1.0,0.9933774834437086,0.993006993006993,0.9875058750773037,0.9936708860759493,1.0,1.0,1.0,0.9935491216655823,1.0,1.0,1.0,1.0,0.986914304548451,1.0,0.9931506849315068,1.0,0.9852628062360803,0.9950542797494781,1.0,0.9903206412825651,1.0,0.9941025641025641,0.9932617007251153,0.9865413584398118,1.0,1.0,0.9847078477078478,1.0,0.9931542056074765,1.0,1.0,1.0,0.978467767714438,1.0,1.0,1.0,1.0,0.9929411764705883,1.0,0.9943039723661486,1.0,1.0,1.0,1.0,1.0,0.9813450834879407,1.0,1.0,0.9891938997821352,1.0,0.9931361149110807,1.0,0.991485485906605,1.0,0.9841886051080551,0.9962428160919541,1.0,1.0,1.0,0.0,0.9732081575246132,0.0,0.0,0.0,0.0,0.0,0.0,0.0,0.0,0.9838364249578416,0.9521353996737358,0.9883725,0.9712720588235293,0.9338986486486487,0.9189191489361702,0.9495996503496503,1.0,1.0,0.9795623678646935,0.9894832179009058,0.9898790560471976
2483930, eutC, MOB_2483930_2483932_IS150_-1, sv,2.87794,0.0029997,116,-2.62724,0.0103806,112,0.9,0.0662983,PASS,0.0,0.0,0.0,0.0,0.0,0.0,0.0,0.0,0.0,0.0,0.0,0.0,0.0,0.0,0.0,0.0,0.0,0.0,0.0,0.0,0.0,0.0,0.0,0.0,0.0,0.0,0.0,0.0,0.0,0.0,0.0,0.0,0.0,0.0,0.0,0.0,0.0,0.0,0.010869565217391304,0.0,0.0,0.0,0.0,0.0,0.0,0.0,0.0,0.0,0.0,0.0,0.0,0.0,0.0,0.0,0.0,0.0,0.0,0.0,0.0,0.0,0.0,0.0,0.012048192771084338,0.1623931623931624,0.045871559633027525,0.07142857142857142,0.03225806451612903,0.0,0.058823529411764705,0.0,0.0,0.0,0.0,0.0,0.0,0.0,0.0,0.0,0.0,0.0,0.0,0.0,0.0,0.0,0.0,0.0,0.0,0.0,0.0,0.0,0.0,0.0,0.0,0.0,0.0,0.0,0.0,0.0,0.0,0.0,0.0,0.0,0.0,0.0,0.0,0.0,0.0,0.0,0.0,0.0,0.0,0.0,0.0,0.0,0.0,0.0,0.0,0.0,0.0,0.0,0.0,0.0,0.0,0.0,0.0,0.0,0.0,0.0,0.0,0.0,0.0,0.0,0.0,0.0,0.0,0.0,0.0,0.0,0.0
2487308, eutA, MOB_2487308_2487310_IS150_-1, sv,2.26802,9.999e-05,116,10000000000.0,0.00441826,116,10000000000.0,1.0,PASS,0.0,0.0,0.0,0.0,0.0,0.0,0.0,0.0,0.0,0.0,0.0,0.0,0.0,0.0,0.0,0.0,0.0,0.0,0.0,0.0,0.0,0.0,0.0,0.0,0.0,0.0,0.0,0.0,0.0,0.0,0.0,0.0,0.0,0.0,0.0,0.0,0.0,0.0,0.0,0.0,0.0,0.029197080291970802,0.0410958904109589,0.021739130434782608,0.07352941176470588,0.14736842105263157,0.09722222222222222,0.10256410256410256,0.08064516129032258,0.17142857142857143,0.08771929824561403,0.08695652173913043,0.0,0.06944444444444445,0.06741573033707865,0.096,0.1188118811881188,0.07228915662650602,0.0,0.009900990099009901,0.011235955056179775,0.0,0.0,0.015625,0.0,0.0,0.0,0.022727272727272728,0.0,0.0,0.0,0.0,0.0,0.0,0.0,0.0,0.0,0.0,0.0,0.0,0.0,0.0,0.0,0.0,0.0,0.0,0.0,0.0,0.0,0.0,0.0,0.0,0.0,0.010526315789473684,0.0,0.0,0.0,0.0,0.0,0.0,0.0,0.0,0.0,0.0,0.0,0.0,0.0,0.0,0.0,0.0,0.0,0.034482758620689655,0.0,0.0,0.0,0.0,,0.0,0.0,0.0,0.0,0.0,0.0,0.0,0.0,0.0,0.0,0.0,0.0,0.0,0.0,0.0,0.0,0.0,0.0,0.0,0.0,0.0,0.0
2522612, hyfA, MOB_2522612_2522617_IS186_-1, sv,2.355,9.999e-05,116,-1.0,0.857143,1,0.945145,1.0,PASS,0.0,0.0,0.0,0.0,0.0,0.0,0.0,0.0,0.0,0.0,0.0,0.0,0.0,0.05660377358490566,0.0,0.0,0.010416666666666666,0.0,0.0,0.0,0.0,0.02564102564102564,0.0,0.0,0.0,0.0,0.012658227848101266,0.0,0.0,0.0,0.0,0.0,0.0,0.0,0.0,0.0,0.008928571428571428,0.0,0.0,0.0,0.0,0.01,0.0,0.005291005291005291,0.0,0.0,0.1111111111111111,0.16666666666666666,0.05,0.05084745762711865,0.0,0.0,0.0,0.019230769230769232,0.0,0.0,0.007575757575757576,0.0,0.0,0.0,0.0,0.0,0.0,0.0,0.0,0.0,0.014084507042253521,0.0,0.0,0.0,0.0,0.0,0.0,0.0,0.0,0.0,0.0,0.022222222222222223,0.0,0.0,0.008928571428571428,0.049019607843137254,0.008,0.0,0.010309278350515464,0.0,0.0,0.0,0.006329113924050633,0.0189873417721519,0.006993006993006993,0.0,0.0,0.0,0.0,0.0,0.0,0.0,0.0,0.0,0.0,0.0,0.0,0.06896551724137931,0.025974025974025976,0.031007751937984496,0.013157894736842105,0.0,0.0,0.0,0.0,0.030303030303030304,0.0,0.0,0.0,0.0,0.0,0.0,0.0,0.0,0.0,0.0,0.0,0.0,0.0,0.0,0.0,0.0,0.0,0.0,0.0,0.0,0.0,0.0,0.0,0.0,0.0,0.0,0.0
2522900, hyfB, MOB_2522900_2522902_IS150_1, sv,1.12414,9.999e-05,116,-1.0,0.705882,115,0.9,0.705882,PASS,0.0,0.0,0.0,0.0,0.0,0.0,0.0,0.0,0.0,0.0,,0.0,0.0,0.0,0.0,0.0,0.0,0.0,0.0,0.0,0.0,0.0,0.0,0.0,0.0,0.007692307692307693,0.0,0.0,0.0,0.0,0.0,0.0,0.0,0.0,0.01694915254237288,0.0,0.0,0.0,0.0,0.0,0.006134969325153374,0.0,0.0,0.0,0.0,0.0,0.0,0.0,0.0,0.0,0.0,0.016129032258064516,0.034482758620689655,0.1951219512195122,0.21348314606741572,0.34415584415584416,0.3806818181818182,0.3302752293577982,0.3333333333333333,0.25735294117647056,0.24770642201834864,0.13157894736842105,0.13333333333333333,0.07633587786259542,0.07407407407407407,0.15625,0.12903225806451613,0.20512820512820512,0.3130434782608696,0.3670212765957447,0.22340425531914893,0.41904761904761906,0.5853658536585366,0.2302158273381295,0.38613861386138615,0.2826086956521739,0.18181818181818182,0.30612244897959184,0.057692307692307696,0.06611570247933884,0.12582781456953643,0.018691588785046728,0.07236842105263158,0.09859154929577464,0.11428571428571428,0.1,0.6888888888888889,0.2361111111111111,0.06707317073170732,0.3939393939393939,0.7672955974842768,0.9557522123893806,0.7794117647058824,0.676923076923077,0.8108108108108109,0.9338842975206612,1.0,0.9381443298969072,0.9436619718309859,0.966542750929368,1.0,1.0,1.0,1.0,0.9952830188679245,1.0,1.0,1.0,1.0,1.0,1.0,0.9861111111111112,1.0,1.0,1.0,1.0,1.0,0.0,0.0,0.0,0.0,0.0,0.0,0.0,0.0,0.0,0.0,0.0,0.0,0.0,0.0,0.0,0.0,0.0,0.0,0.0,0.0,1.0,1.0
2546387, ppx, G->A, missense,1.86848,9.999e-05,116,-1.0,0.666667,112,0.9,0.545455,PASS,0.0,0.0,0.0,0.0,0.0,0.0,0.0,0.0,0.0,0.0,0.0,0.0,0.0,0.0,0.0,0.0,0.0,0.0,0.0,0.0,0.0,0.0,0.0,0.0,0.0,0.0,0.0,0.0,0.0,0.0,0.0,0.0,0.0,0.0,0.0,0.0,0.0,0.0,0.0,0.0,0.0,0.0,0.0,0.0,0.0,0.0,0.0,0.0,0.0,0.0,0.0,0.0,0.0,0.0,0.0,0.023255813953488372,0.018518518518518517,0.0,0.1,0.02564102564102564,0.025,0.07575757575757576,0.023809523809523808,0.1702127659574468,0.08,0.07894736842105263,0.044444444444444446,0.1702127659574468,0.0,0.06153846153846154,0.34782608695652173,0.25,0.07894736842105263,0.24390243902439024,0.23404255319148937,0.48717948717948717,0.375,0.21428571428571427,0.6976744186046512,0.425531914893617,0.22388059701492538,0.18604651162790697,0.9285714285714286,0.8205128205128205,0.34210526315789475,0.05263157894736842,0.03225806451612903,0.09090909090909091,0.0,0.017241379310344827,0.0,0.12121212121212122,0.3076923076923077,0.5918367346938775,0.19607843137254902,0.027777777777777776,0.0,0.08108108108108109,0.0,0.0136986301369863,0.0,0.0,0.0,0.0,0.0,0.0,0.0,0.0,0.0,0.0,0.0,0.0,0.0,0.0,0.0,0.0,0.0,0.0,0.0,0.0,0.0,0.0,0.0,0.0,0.0,0.0,0.0,0.0,0.0,0.0,0.0,0.0,0.0,0.0,0.0,0.0,0.0,0.0,0.0
2556746, yfgK, C->T, missense,2.76013,9.999e-05,116,-1.0,0.705882,113,0.9,1.0,PASS,0.0,0.0,0.0,0.0,0.0,0.0,0.0,0.0,0.0,0.0,0.0,0.0,0.0,0.0,0.0,0.0,0.0,0.0,0.0,0.0,0.0,0.0,0.0,0.0,0.0,0.0,0.0,0.0,0.0,0.0,0.0,0.0,0.0,0.0,0.03125,0.0,0.0,0.0,0.0,0.0,0.009433962264150943,0.0,0.0,0.008264462809917356,0.0,0.0,0.0,0.0,0.0,0.0,0.0,0.0,0.0,0.0,0.0,0.012658227848101266,0.0,0.0,0.0,0.0,0.0,0.0,0.0,0.0,0.0,0.01694915254237288,0.0,0.0,0.0,0.0,0.0,0.0,0.02127659574468085,0.0,0.0,0.0,0.0,0.0,0.0,0.07407407407407407,0.1,0.2916666666666667,0.0,0.0,0.1,0.41379310344827586,0.1875,0.4794520547945205,0.328125,0.16049382716049382,0.030303030303030304,0.0,0.0,0.011235955056179775,0.0,0.0,0.0,0.0,0.0,0.0,0.0,0.0,0.0,0.0,0.0,0.0,0.0,0.0,0.0,0.0,0.011494252873563218,0.0,0.006756756756756757,0.0,0.0,0.0,0.0,0.0,0.0,0.0,0.0,0.0,0.0,0.0,0.0,0.0,0.0,0.0,0.0,0.0,0.0,0.0,0.0,0.0,0.0,0.0,0.0,0.0,0.0
2591647, hcaC, indel;+G;+TG;-1;+GG, indel,1.88774,9.999e-05,116,-1.0,0.039604,116,0.9,0.521739,PASS,0.0,0.0,0.0,0.0,0.0,0.0,0.0,0.0,0.0,0.0,0.0,0.0,0.0,0.0,0.0,0.0,0.0,0.0,0.0,0.0,0.0,0.0,0.0,0.0,0.0,0.0,0.0,0.0,0.0,0.0,0.0,0.0,0.0,0.0,0.0,0.0,0.0,0.0,0.0,0.0,0.0,0.0,0.0,0.0,0.0,0.0,0.0,0.0,0.0,0.0,0.0,0.0,0.0,0.0,0.017241379310344827,0.0,0.0,0.0,0.013513513513513514,0.021505376344086023,0.05154639175257732,0.040983606557377046,0.078125,0.11320754716981132,0.08130081300813008,0.15625,0.1724137931034483,0.11965811965811966,0.0898876404494382,0.03389830508474576,0.06521739130434782,0.03260869565217391,0.022988505747126436,0.1111111111111111,0.13186813186813187,0.1951219512195122,0.03389830508474576,0.06666666666666667,0.018018018018018018,0.01834862385321101,0.06140350877192982,0.031496062992125984,0.019417475728155338,0.013333333333333334,0.14634146341463414,0.16666666666666666,0.06666666666666667,0.018518518518518517,0.0,0.0,0.0,0.0,0.0,0.0,0.0,0.0,0.0,0.0,0.0,0.0,0.0,0.0,0.0,0.0,0.0,0.0,0.0,0.0,0.0,0.0,0.0,0.0,0.0,0.0,0.0,0.0,0.0,0.0,0.0,0.0,0.0,0.0,0.0,0.0,0.0,0.0,0.0,0.0,0.0,0.0,0.0,0.0,0.0,0.0,0.0,0.0,0.0,0.0,0.0
2591648, hcaC, MOB_2591648_2591650_IS150_-1, sv,1.51748,9.999e-05,116,-1.0,0.00348331,116,0.9,0.705882,PASS,0.0,0.0,0.0,0.003283431565160446,0.0,0.003202049311559398,0.0,0.0,0.005575097276264591,0.0,0.0,0.020366598778004074,0.0,0.0,0.0,0.0,0.009099909255898367,0.0,0.008912655971479501,0.0,0.0,0.0,0.0,0.0,0.009229349330872175,0.013923741756334604,0.05269126315789474,0.03864646074646074,0.003958828186856691,0.0,0.007928345209817894,0.0058823529411764705,0.005415550755939525,0.028964234104046242,0.06680546448087432,0.087508442503639,0.040770194482134786,0.045793607305936075,0.06554440807419532,0.005277044854881266,0.004766444232602478,0.006749747559744193,0.007636502481863307,0.003560475852272727,0.00761586940015186,0.03940694171578258,0.007927747035573123,0.032533911159263275,0.05896669470142977,0.023923444976076555,0.016783849372384935,0.14772300469483568,0.17580058548009367,0.07262442833240379,0.047068468045112784,0.14410701956271577,0.08948554913294797,0.12286602067183461,0.1327820592823713,0.26007589880159787,0.35235856573705177,0.32883575786015956,0.5757399141630901,0.5203752735229759,0.597564379699248,0.5587130594727161,0.48204346060113734,0.43037763609612556,0.19913916500994036,0.2941244755244755,0.289360472751149,0.3431389593908629,0.40839728096676736,0.39336869679109365,0.49805293367346937,0.48197803738317757,0.30221875,0.47788824214202563,0.20344992743105952,0.6034460070316424,0.7975077498663816,0.8874887133182845,0.09788728769943386,0.25115203761755484,0.644132952108649,0.8326714628297363,0.6874084745762712,0.8048838235294118,0.9611900117050332,0.5687064000000001,0.21621546961325966,0.0,0.0,0.0,0.0,0.0,0.020158081824279007,0.005753241537578887,0.0,0.007554463276836159,0.0,0.0,0.0,0.0,0.012270944013077238,0.0,0.0,0.002984136904761905,0.009071777844853607,0.010561202954625395,0.01943977659057795,0.0,0.005750431282346175,0.0032320620555914676,0.0,0.0,0.0,0.0,0.0,0.0,0.14925373134328357,0.0,0.0,0.0,0.0,0.0,0.0,0.0,0.0,0.0,0.0,0.0,0.0,1.0,0.0,1.0,0.0,0.0,0.0
2598792, yphE, A->C, missense,1.96201,0.00469953,116,-1.0,0.923077,115,0.9,0.923077,PASS,0.0,0.0,0.0,0.022988505747126436,0.0,0.0,0.12,0.13333333333333333,0.07954545454545454,0.05555555555555555,0.0,0.0,0.0,0.0,0.0,0.0,0.0,0.0,0.0,0.0,0.0,0.0,0.0,0.0,0.0,0.0,0.0,0.047619047619047616,0.0,0.0,0.0,0.0,0.0,0.0,0.017857142857142856,0.0,0.0,0.0,0.0,0.0,0.0,0.0,0.0,0.015151515151515152,0.0,0.0,0.0,0.0,0.07142857142857142,0.0,0.0,0.03278688524590164,0.0,0.0,0.0,0.0,0.0,0.0,0.0,0.04081632653061224,0.0,0.014285714285714285,0.022222222222222223,0.0,0.014084507042253521,0.0,0.0,0.0,0.0,0.0,0.0,0.0,0.0,0.019230769230769232,0.0,0.0,0.0,0.0,0.0,0.0,0.0,0.02,0.017543859649122806,0.0,0.018867924528301886,0.0,0.0,0.0,0.0,0.0,0.0,0.0,0.03125,0.0,0.0,0.0,0.0,0.0,0.029411764705882353,0.010101010101010102,0.0,0.011111111111111112,0.0,0.0,0.0,0.0,0.0,0.0,0.0,0.0,0.0,0.0,0.0,0.0,0.0,0.01639344262295082,0.0,0.0,0.0,0.0,0.0,0.0,0.0,0.0,0.0,0.0,1.0,0.0,0.0,0.0,0.0,0.0,0.0,0.0,0.0,0.0,0.0,0.0,0.0
2614425, purL, C->A, missense,3.1982,0.00019998,116,-1.0,0.8,115,0.9,0.631579,PASS,0.0,0.0,0.022727272727272728,0.009174311926605505,0.0,0.0,0.0,0.0,0.0,0.0,0.0,0.0,0.0,0.0,0.0,0.0,0.0,0.0,0.014925373134328358,0.0,0.0,0.0,0.0,0.0,0.0,0.0,0.0,0.0,0.0,0.0,0.0,0.0,0.0,0.0,0.0,0.0,0.0,0.0,0.0,0.0,0.0,0.0,0.0,0.0,0.0,0.0,0.0,0.0,0.0,0.0,0.0,0.0,0.0,0.0,0.0,0.0,0.0,0.0,0.0,0.0,0.0,0.010416666666666666,0.0,0.0,0.0,0.1509433962264151,0.3037974683544304,0.3333333333333333,0.20930232558139536,0.05747126436781609,0.03389830508474576,0.0,0.0,0.15517241379310345,0.3392857142857143,0.18032786885245902,0.05128205128205128,0.022727272727272728,0.0,0.0,0.0,0.0,0.0,0.0,0.0,0.0,0.0,0.0,0.0,0.0,0.0,0.0,0.0,0.0,0.0,0.0,0.0,0.0,0.0,0.0,0.0,0.0,0.0,0.0,0.0,0.0,0.0,0.0,0.0,0.0,0.0,0.0,0.0,0.0,0.0,0.0,0.0,0.0,0.0,0.0,0.0,0.0,0.0,0.0,0.0,0.0,0.012987012987012988,0.0,0.0,0.0,0.0,0.0,0.0,0.0,0.0,1.0,0.0,0.0,0.0
2625327, rncS, G->A, missense,2.4323,9.999e-05,116,-2.37101,0.0077821,113,0.9,0.190476,PASS,0.0,0.0,0.0,0.0,0.0,0.0,0.0,0.0,0.0,0.0,0.0,0.0,0.0,0.0,0.0,0.0,0.0,0.0,0.02564102564102564,0.13095238095238096,0.1590909090909091,0.058823529411764705,0.22033898305084745,0.0,0.08955223880597014,0.09448818897637795,0.045454545454545456,0.09375,0.17582417582417584,0.029411764705882353,0.1791044776119403,0.08695652173913043,0.017543859649122806,0.32727272727272727,0.4603174603174603,0.2564102564102564,0.1527777777777778,0.35714285714285715,0.0,0.0,0.0,0.011627906976744186,0.0,0.0,0.0,0.0,0.0,0.0,0.0,0.0,0.0,0.0,0.0,0.0,0.0,0.0,0.0,0.0,0.0,0.0,0.0,0.0,0.0,0.0,0.0,0.0,0.0,0.0,0.0,0.0,0.0,0.0,0.0,0.0,0.0,0.0,0.0,0.0,0.0,0.0,0.0,0.0,0.0,0.0,0.0,0.0,0.0,0.0,0.0,0.0,0.0,0.0,0.0,0.0,0.0,0.0,0.0,0.0,0.0,0.0,0.0,0.0,0.0,0.0,0.0,0.0,0.0,0.0,0.0,0.0,0.0,0.0,0.0,0.0,0.0,0.0,0.0,0.0,0.0,0.0,0.0,0.0,0.0,0.0,0.0,0.0,0.0,0.0,0.0,0.0,0.0,0.0,0.0,0.0,0.0,0.0,0.0,0.0,0.0
2632798, nadB, G->A, missense,1.87208,9.999e-05,116,-1.0,0.545455,113,0.9,0.184615,PASS,0.0,0.0,0.0,0.0,0.0,0.0,0.0,0.0,0.0,0.0,0.0,0.0,0.0,0.0,0.0,0.0,0.0,0.0,0.0,0.0,0.0,0.0,0.0,0.0,0.0,0.0,0.0,0.0,0.0,0.0,0.0,0.0,0.0,0.0,0.0,0.0,0.0,0.0,0.0,0.0,0.0,0.0,0.0,0.0,0.0,0.0,0.0,0.0,0.0,0.0,0.0,0.0,0.0,0.021739130434782608,0.0,0.0,0.016666666666666666,0.0392156862745098,0.0,0.11538461538461539,0.018867924528301886,0.018518518518518517,0.05454545454545454,0.12658227848101267,0.1702127659574468,0.02631578947368421,0.0,0.046875,0.14814814814814814,0.041666666666666664,0.30612244897959184,0.2391304347826087,0.044444444444444446,0.373134328358209,0.24,0.2857142857142857,0.40816326530612246,0.48,0.704225352112676,0.3728813559322034,0.19387755102040816,0.09090909090909091,0.9230769230769231,0.7692307692307693,0.37037037037037035,0.02040816326530612,0.0,0.015625,0.0,0.012658227848101266,0.0,0.17857142857142858,0.27419354838709675,0.44285714285714284,0.21621621621621623,0.04,0.015384615384615385,0.03278688524590164,0.08620689655172414,0.0196078431372549,0.0,0.0,0.0,0.0,0.0,0.0,0.0,0.009523809523809525,0.0,0.0,0.0,0.0,0.0,0.0,0.0,0.023809523809523808,0.0,0.0,0.0,0.0,0.0,0.0,0.0,0.0,0.0,0.0,0.0,0.0,0.0,0.0,0.0,0.0,0.0,0.0,0.0,0.0,0.0,0.0,0.0
2655704, intergenic, junction_2655704_-1_IS150_start, sv,1.09256,9.999e-05,116,-1.0,0.8,107,0.9,0.0875912,PASS,0.0,0.0,0.0,0.0,0.0,0.0,0.0,0.0,0.0,0.0,0.0,0.0,0.0,0.0,0.0,0.0,0.0,0.0,0.0,0.0,0.0,0.0,0.0,0.0,0.0,0.0,0.0,0.0,0.0,0.0,0.0,0.0,0.0,0.0,0.0,0.0,0.0,0.0,0.0,0.0,0.0,0.0,0.0,0.0,0.0,0.0,0.0,0.0,0.0,0.0,0.0,0.0,0.0,0.0,0.09433962264150944,0.0,0.0,0.0,0.0,0.024390243902439025,0.02702702702702703,0.018518518518518517,0.0,0.0,0.019230769230769232,0.2,0.05555555555555555,0.3142857142857143,0.40350877192982454,0.5294117647058824,0.17142857142857143,0.5576923076923077,0.5,0.3953488372093023,0.2558139534883721,0.3698630136986301,0.40625,0.3157894736842105,0.1111111111111111,0.0,0.23809523809523808,0.0392156862745098,0.3018867924528302,0.1,0.06666666666666667,0.2631578947368421,0.5,0.18867924528301888,0.11764705882352941,0.4576271186440678,0.8717948717948718,1.0,0.8867924528301887,0.65,0.8888888888888888,0.9696969696969697,0.9791666666666666,0.9318181818181818,0.9310344827586207,0.9722222222222222,0.9932432432432432,1.0,1.0,1.0,1.0,1.0,0.9904761904761905,1.0,1.0,1.0,1.0,1.0,1.0,0.9928057553956835,1.0,1.0,1.0,0.0,0.0,0.0,0.0,0.0,0.0,0.0,0.0,0.0,0.0,0.0,0.0,0.0,0.0,0.0,0.0,0.0,0.0,0.0,0.0,0.9846153846153847,1.0
2655708, intergenic, A->G, noncoding,3.84404,0.00429957,90,-3.84784,9.999e-05,90,0.9,0.428571,PASS,0.0,0.0,0.0,0.0,0.0,0.0,0.0,0.017543859649122806,0.0,0.0,0.0,0.0,0.0,0.0,0.0,0.0,0.029411764705882353,0.0,0.0,0.0,0.0,0.0,0.0,0.0,0.0,0.0,0.0,0.0,0.0,0.0,0.0,0.0,0.0,0.0,0.0,0.0,0.0,0.0,0.0,0.0,0.0,0.0,0.0,0.0,0.0,0.0,0.0,0.0,0.0,0.0,0.0,0.13559322033898305,0.1346153846153846,0.0,0.024096385542168676,0.010869565217391304,0.0,0.0,0.0,0.0,0.0,0.0,0.0,0.0,0.0,0.0,0.0,0.0,0.0,0.0,0.0,0.0,0.0,0.0,0.0,0.0,0.0,0.0,0.0,0.0,0.0,0.0,0.0,0.0,0.0,0.0,0.0,0.0,0.0,0.0,0.0,0.0,0.0,0.0,0.0,0.14285714285714285,0.0,0.0,0.0,0.0,0.0,,,,,,0.0,,,,,0.0,,0.0,,,,0.0,0.0,0.0,0.0,0.0,0.0,0.0,0.0,0.0,0.0,0.0,0.0,0.0,0.0,0.0,0.0,0.0,0.0,0.0,0.0,0.0,
2655746, yfiH, junction_2655746_1_IS150_end, sv,4.41027,0.00249975,50,-2.44829,0.0205479,74,0.9,0.26087,PASS,0.0,0.0,0.0,0.0,0.0,0.0,0.0,0.0,0.0,0.0,0.0,0.0,0.0,0.0,0.0,0.0,0.0,0.0,0.0,0.0,0.0,0.0,0.0,0.0,0.0,0.0,0.0,0.0,0.0,0.0,0.0,0.0,0.0,0.0,0.0,0.0,0.0,0.0,0.0,0.0,0.0,0.0,0.0,0.0,0.0,0.0,0.018867924528301886,0.1875,0.16666666666666666,0.1,0.05555555555555555,0.0,0.0,0.0,0.0,0.0,0.0,0.0,0.0,0.0,0.0,0.0,0.0,0.0,0.0,0.0,0.0,0.0,0.0,0.0,0.0,0.0,0.0,0.0,0.0,0.0,0.0,0.0,0.0,0.0,0.0,0.0,0.0,0.0,0.0,0.0,0.0,0.0,0.0,0.0,0.0,,0.0,0.0,0.0,0.0,0.0,0.0,0.0,0.0,0.0,,,,,0.0,0.0,,0.0,,,,,,,,,0.0,0.0,0.0,0.0,0.0,0.0,0.0,0.0,0.0,0.0,0.0,0.0,0.0,0.0,0.0,0.0,0.0,0.0,0.0,0.0,0.0,0.0
2655781, yfiH, MOB_2655781_2655783_IS150_-1, sv,1.34197,9.999e-05,81,-1.0,9.999e-05,108,0.9,0.6,PASS,0.0,0.0,0.0,0.011409013120365089,0.0,0.004805382027871216,0.0,0.0,0.0,0.0,0.0,0.0,0.0,0.0,0.0,0.0,0.0,0.0,0.0,0.0,0.0,0.0,0.0,0.0,0.0,0.00768248395620989,0.0,0.0,0.02551229611041405,0.0,0.0,0.02240926130099228,0.1821167487684729,0.17266369193154035,0.051903114186851215,0.03785055762081785,0.06780996254681648,0.0,0.0,0.0,0.0,0.0,0.0,0.0,0.0,0.0,0.03444680365296804,0.056360335195530735,0.04530489977728286,0.03783271375464684,0.02358490566037736,0.10190220588235294,0.5025009596928982,0.5348615136876006,0.5228709677419355,0.3736512859304085,0.41308199871877005,0.35369774919614144,0.6239737274220033,0.5534709193245779,0.29116465863453816,0.14171833480956597,0.14553014553014554,0.05008347245409015,0.13173251708428246,0.15669515669515668,0.14947683109118085,0.19108280254777069,0.3767123287671233,0.29515272136474413,0.20460358056265984,0.19390543175487465,0.37037037037037035,0.2319109461966605,0.17692307692307693,0.23627519110493397,0.09584664536741214,0.06315789473684211,0.1111111111111111,0.05384615384615385,0.037341299477221805,0.047619047619047616,0.06504065040650407,0.09584664536741214,0.08532423208191126,0.20876826722338204,0.2150537634408602,0.19108280254777069,0.06147540983606558,0.16474464579901152,0.6122132998745294,0.8936170212765957,0.6653225806451613,0.6140350877192983,0.775,0.8797323943661972,1.0,0.943952802359882,1.0,1.0,1.0,0.9902912621359223,1.0,1.0,1.0,0.9670115702479338,1.0,1.0,0.9789649681528663,1.0,1.0,0.9722222222222222,1.0,1.0,1.0,1.0,1.0,0.0,0.0,0.0,0.0,0.0,0.0,0.0,0.0,0.0,0.0,0.0,0.0,0.0,0.0,0.0,0.0,,,,1.0,1.0,0.9655375218150087
2655781, yfiH, MOB_2655781_2655783_IS150_1, sv,0.818199,9.999e-05,94,-1.30089,9.999e-05,105,0.9,0.0821918,PASS,0.0,0.0,0.0,0.0,0.0,0.0,0.023788771084337346,0.03988367346938775,0.5972074425969913,0.36463257731958765,0.7474410256410257,0.5989296943231441,0.3856217857142857,0.27078867403314916,0.21840391061452516,0.0,0.06893635087719298,0.017007965217391303,0.0,0.13153302139037434,0.0,0.0,0.0,0.0,0.0,0.008387553648068669,0.0,0.0,0.0,0.0,0.0,0.023362529832935564,0.0,0.013245422818791945,0.0,0.0,0.0,0.0,0.009920314720812182,0.0422643598615917,0.2118267657992565,0.0,0.0,0.0,0.0,0.0243605359317905,0.05069016817593791,0.16603539325842695,0.2679691577698695,0.5854075546719683,0.7720439952437574,0.5894957825679475,0.38319101562499996,0.42994051446945336,0.39314000000000004,0.5460218045112782,0.5682303732303732,0.6281455252918288,0.35176472392638036,0.425531914893617,0.6603235014272123,0.802676276771005,0.8161798418972331,0.8778940905602455,0.8467370812038615,0.7771825293350717,0.8199842293906809,0.7643083832335329,0.6104328523862376,0.656416935483871,0.7563025210084033,0.7716990154711675,0.6130058892815076,0.7277033158813264,0.7845526897568166,0.7322320954907161,0.8823529411764707,0.9278350515463918,0.9166116420503909,0.9178386380458919,0.9244471428571428,0.9624922413793103,0.9435471063257066,0.9210970873786406,0.9357058823529412,0.878080372250423,0.8982035928143712,0.8703071672354948,0.9202371541501976,0.8784083044982699,0.27760453987730066,0.1974135379061372,0.4979811574697174,0.6324972737186477,0.3584905660377358,0.07656751467710371,0.36363636363636365,0.15075376884422112,0.07090330882352941,0.40404040404040403,0.0,0.008322151898734177,,,0.0,0.0,0.0,0.0,0.0,0.0,0.0,0.25,0.0,0.0,0.0,0.0,,0.0,0.0,0.0,0.0,0.0,0.0,0.0,0.0,0.0,0.0,0.0,0.0,0.0,0.0,0.0,0.0,0.9232902208201893,0.8795272727272727,0.8508895966029724,0.0,0.0,0.0
2660106, pheA, C->A, missense,2.81996,9.999e-05,116,-1.0,0.48,116,0.9,0.26087,PASS,0.0,0.0,0.0,0.0,0.0,0.0070921985815602835,0.0,0.0,0.0,0.0,0.0,0.0,0.0,0.0,0.0,0.0,0.0,0.0,0.0,0.0,0.021739130434782608,0.0,0.0,0.0,0.0,0.0,0.0,0.020833333333333332,0.04819277108433735,0.027777777777777776,0.013333333333333334,0.1111111111111111,0.07352941176470588,0.08,0.08450704225352113,0.14285714285714285,0.06818181818181818,0.13333333333333333,0.0,0.0,0.0,0.0,0.0,0.0,0.0,0.012195121951219513,0.0,0.03225806451612903,0.0,0.0,0.0,0.0,0.0,0.0,0.0,0.0,0.0,0.0,0.0,0.0,0.0,0.0,0.0,0.0,0.0,0.0,0.0,0.0,0.0,0.0,0.0,0.0,0.0,0.0,0.0,0.0,0.0,0.0,0.0,0.011904761904761904,0.011904761904761904,0.0,0.0,0.0,0.0,0.0,0.0,0.0,0.0,0.0,0.0,0.0,0.0,0.0,0.0,0.0,0.0,0.0,0.0,0.0,0.0,0.0,0.0,0.0,0.0,0.0,0.0,0.0,0.0,0.0,0.0,0.0,0.00558659217877095,0.00684931506849315,0.0,0.0,0.0,0.0,0.0,0.0,0.0,0.0,0.0,0.0,0.0,0.0,0.0,0.0,0.0,0.0,0.0,0.0,0.0,0.0,0.015625,0.0,0.0,0.0,0.0
2702361, proX, G->A, missense,0.936503,9.999e-05,116,-1.0,0.307692,113,0.9,0.375,PASS,0.0,0.0,0.0,0.006711409395973154,0.0,0.0,0.0,0.0,0.0,0.0,0.0,0.0,0.018867924528301886,0.0,0.0,0.0,0.0,0.0,0.0,0.0,0.0,0.0,0.0,0.0,0.3310344827586207,0.3416666666666667,0.6111111111111112,0.6842105263157895,0.7398843930635838,0.8762886597938144,0.684931506849315,0.6979166666666666,0.7107438016528925,0.48717948717948717,0.4787234042553192,0.46875,0.5510204081632653,0.3333333333333333,1.0,1.0,1.0,0.9940828402366864,1.0,1.0,1.0,1.0,1.0,0.9795918367346939,1.0,1.0,1.0,0.99,0.9818181818181818,1.0,1.0,1.0,1.0,1.0,0.9887640449438202,0.9903846153846154,0.9855072463768116,0.978494623655914,1.0,1.0,1.0,1.0,1.0,0.9923664122137404,0.989010989010989,1.0,1.0,1.0,1.0,0.9891304347826086,0.9885057471264368,0.9789473684210527,0.984375,1.0,1.0,0.9722222222222222,1.0,1.0,1.0,1.0,1.0,1.0,1.0,1.0,1.0,0.9938650306748467,0.9818181818181818,1.0,1.0,0.9905660377358491,0.9777777777777777,1.0,0.99,0.9913793103448276,1.0,1.0,1.0,0.9911504424778761,0.9705882352941176,1.0,0.991304347826087,1.0,0.971830985915493,1.0,1.0,1.0,1.0,1.0,1.0,0.9934640522875817,1.0,1.0,1.0,0.0,0.0,0.0,0.0,0.0,0.0,0.0,0.0,0.0,0.0,0.0,0.0,1.0,1.0,1.0,1.0,1.0,0.9782608695652174,1.0,1.0,1.0,1.0
2706902, emrA, T->A, missense,2.23447,9.999e-05,116,-1.0,0.75,115,0.9,0.342857,PASS,0.0,0.0,0.0,0.0,0.013888888888888888,0.015267175572519083,0.0,0.0,0.0,0.03571428571428571,0.0,0.0,0.0,0.0,0.0,0.0,0.0,0.0,0.0,0.0,0.0,0.0,0.0,0.0,0.009259259259259259,0.0,0.0,0.0,0.013888888888888888,0.0,0.0,0.0,0.013333333333333334,0.0,0.0,0.0,0.0,0.0,0.0,0.0,0.0,0.0,0.0,0.0,0.0,0.0,0.0,0.0,0.0,0.0,0.0,0.0,0.0,0.0,0.0,0.0,0.0,0.0,0.0,0.013888888888888888,0.025,0.0,0.05,0.02702702702702703,0.02666666666666667,0.0,0.0,0.0,0.08695652173913043,0.24242424242424243,0.06896551724137931,0.3230769230769231,0.3125,0.16981132075471697,0.33962264150943394,0.44285714285714284,0.36363636363636365,0.125,0.24691358024691357,0.5492957746478874,0.6904761904761905,0.8909090909090909,0.1,0.16666666666666666,0.6323529411764706,0.90625,0.6792452830188679,0.7647058823529411,0.926605504587156,0.5869565217391305,0.24691358024691357,0.0,0.0,0.0,0.0,0.0,0.0,0.0,0.0,0.0,0.0,0.0,0.0,0.0,0.0,0.0,0.0,0.0,0.0,0.0,0.0,0.0,0.0,0.0,0.0,0.0,0.0,0.0,0.0,0.0,0.0,0.0,0.0,0.0,0.0,0.0,0.0,0.0,0.0,0.0,0.0,0.0,0.0,0.0,0.0,0.0,0.0,0.0,0.0
2735606, ascF, indel;-30, indel,3.6511,9.999e-05,116,-1.0,0.571429,12,1.27668,0.923077,PASS,0.0,0.0,0.0,0.0,0.0,0.0,0.0,0.0,0.0,0.0,0.0,0.0,0.0,0.0,0.0,0.0,0.0,0.0,0.0,0.0,0.0,0.0,0.0,0.0,0.0,0.0,0.0,0.0,0.0,0.0,0.0,0.0,0.0,0.0,0.0,0.0,0.0,0.0,0.0,0.0,0.0,0.0,0.0,0.0,0.0,0.0,0.0,0.0,0.0,0.0,0.0,0.0,0.0,0.0,0.0,0.0,0.0,0.0,0.0,0.026954177897574125,0.008968609865470852,0.06125574272588055,0.0975609756097561,0.07659574468085106,0.16046681254558717,0.21621621621621623,0.05635566687539136,0.006510416666666667,0.0,0.0,0.0,0.0,0.0,0.0,0.0,0.0,0.0,0.0,0.0,0.0,0.0,0.0,0.0,0.0,0.0,0.0,0.0,0.0,0.0,0.0,0.0,0.0,0.0,0.0,0.0,0.0,0.0,0.0,0.0,0.0,0.0,0.0,0.0,0.0,0.0,0.0,0.0,0.0,0.0,0.0,0.0,0.0,0.0,0.0,0.0,0.0,0.0,0.0,0.0,0.0,0.0,0.0,0.0,0.0,0.0,0.0,0.0,0.0,0.0,0.0,0.0,0.0,0.0,0.0,0.0,0.0,0.0,0.0,0.0
2745458, hypA, C->T, noncoding,2.14233,9.999e-05,116,-1.0,0.923077,13,1.06545,1.0,PASS,0.0,0.0,0.0,0.0,0.0,0.0,0.0,0.0,0.0,0.0,0.0,0.0,0.0,0.0,0.0,0.0,0.0,0.0,0.0,0.0,0.0,0.034482758620689655,0.06329113924050633,0.044444444444444446,0.17094017094017094,0.18723404255319148,0.36752136752136755,0.27586206896551724,0.33858267716535434,0.225,0.1308411214953271,0.07228915662650602,0.11627906976744186,0.05405405405405406,0.04854368932038835,0.08108108108108109,0.07236842105263158,0.0,0.109375,0.02,0.10897435897435898,0.10795454545454546,0.03289473684210526,0.03333333333333333,0.15294117647058825,0.09558823529411764,0.07042253521126761,0.1,0.046875,0.016129032258064516,0.0,0.0,0.0,0.0,0.0,0.0,0.0,0.0,0.0,0.0,0.0,0.0,0.0,0.0,0.0,0.0,0.0,0.0,0.0,0.0,0.0,0.0,0.0,0.0,0.0,0.0,0.0,0.0,0.0,0.006993006993006993,0.0,0.0,0.0,0.0,0.0,0.0,0.010309278350515464,0.0,0.0,0.0,0.0,0.0,0.0,0.0,0.0,0.0,0.0,0.0,0.0,0.0,0.0,0.0,0.0,0.0,0.0,0.0,0.0125,0.0,0.0,0.0,0.0,0.0,0.0,0.0,0.0,0.0,0.0,0.0,0.0,0.0,0.0,0.0,0.0,0.0,0.0,0.0,0.0,0.0,0.0,0.44,1.0,0.0,0.0,0.0,0.0,0.0,0.0,0.0,0.0
2758314, ygbK, A->C, missense,1.4939,9.999e-05,116,-1.0,1.0,13,1.30201,1.0,PASS,0.0,0.02,0.0,0.0,0.0,0.007874015748031496,0.0,0.0,0.0,0.0,0.0,0.0,0.0,0.0,0.0,0.0,0.0,0.0,0.0,0.0,0.0,0.0,0.00641025641025641,0.0,0.0,0.00425531914893617,0.0,0.0,0.0,0.0,0.0,0.0,0.006666666666666667,0.008264462809917356,0.0,0.0,0.0,0.0,0.005,0.004761904761904762,0.0,0.0,0.0,0.0,0.0,0.0,0.006993006993006993,0.0,0.0,0.0,0.0,0.0,0.0,0.0,0.04371584699453552,0.0,0.006535947712418301,0.0,0.0,0.00847457627118644,0.0,0.0,0.0,0.0,0.0,0.0,0.0,0.0,0.0,0.005208333333333333,0.015503875968992248,0.015037593984962405,0.05319148936170213,0.04,0.12686567164179105,0.05670103092783505,0.021505376344086023,0.08333333333333333,0.04516129032258064,0.09248554913294797,0.0915032679738562,0.022556390977443608,0.096045197740113,0.015037593984962405,0.05223880597014925,0.10638297872340426,0.43356643356643354,0.10215053763440861,0.06103286384976526,0.38857142857142857,0.7891566265060241,0.896551724137931,0.7687074829931972,0.5974842767295597,0.7717391304347826,0.9367816091954023,0.9615384615384616,0.9045226130653267,0.9651162790697675,0.9683257918552036,0.9864864864864865,0.9954337899543378,1.0,1.0,1.0,1.0,0.9951219512195122,1.0,0.9912663755458515,1.0,1.0,0.984251968503937,0.9906976744186047,0.9957264957264957,1.0,0.9945945945945946,1.0,0.0,0.0,0.0,0.0,0.0,0.0,0.0,0.0,0.0,0.0,0.0,0.0,0.0,0.0,0.0,0.0,0.0,0.0,0.0,0.0,1.0,0.9733333333333334
2775881, intergenic, indel;-1;-2, indel,2.18383,0.0009999,116,-1.0,0.0736196,115,0.9,0.118812,PASS,0.0,0.0,0.0,0.0,0.0,0.0,0.0,0.0,0.0,0.0,0.0,0.0,0.0,0.0,0.0,0.0,0.0,0.0,0.0,0.0,0.0,0.0,0.0,0.03125,0.0,0.0,0.016129032258064516,0.0,0.011111111111111112,0.043478260869565216,0.11702127659574468,0.08064516129032258,0.04285714285714286,0.034482758620689655,0.0,0.05405405405405406,0.0,0.0,0.0,0.0,0.019801980198019802,0.0,0.05825242718446602,0.008547008547008548,0.0,0.0,0.030303030303030304,0.0,0.0,0.022727272727272728,0.0,0.0,0.0,0.038461538461538464,0.041666666666666664,0.02459016393442623,0.0,0.0,0.0,0.0,0.0125,0.0,0.0,0.0,0.0,0.0,0.0,0.0,0.0,0.0,0.0,0.0,0.0,0.0,0.0,0.0,0.017543859649122806,0.0,0.0,0.0,0.0,0.0,0.0,0.014285714285714285,0.0,0.0,0.0,0.0,0.0,0.0,0.0,0.0,0.0,0.0,0.0,0.0,0.0,0.0,0.0,0.0,0.0,0.0,0.0,0.0,0.0,0.0,0.0,0.0,0.0,0.0,0.0,0.0,0.0,0.0,0.0,0.0,0.0,0.0,0.0,0.0,0.0,0.0,0.0,0.0,0.0,0.0,0.0,0.0,0.0,0.0,0.0,0.0,0.0,0.0,0.0,0.0,0.0,0.0,0.0
2775886, intergenic, indel;+A;+TA, indel,2.53729,9.999e-05,116,-1.0,0.0909091,115,0.9,0.0731707,PASS,0.0,0.0,0.0,0.0,0.0,0.0,0.017543859649122806,0.0,0.0,0.0,0.0,0.0,0.02127659574468085,0.0,0.13333333333333333,0.0,0.0,0.0,0.0,0.0125,0.04,0.0,0.04878048780487805,0.05714285714285714,0.017699115044247787,0.12751677852348994,0.04918032786885246,0.037037037037037035,0.0967741935483871,0.02040816326530612,0.11827956989247312,0.05970149253731343,0.05714285714285714,0.1774193548387097,0.2708333333333333,0.21621621621621623,0.11392405063291139,0.0,0.0,0.0,0.0,0.0,0.0,0.0,0.0,0.0,0.0,0.0,0.0,0.0,0.0,0.0,0.0,0.0,0.0,0.0,0.0,0.0,0.0,0.0,0.0,0.0,0.0,0.0,0.0,0.0,0.0,0.0,0.0,0.0,0.0,0.0,0.0,0.0,0.0,0.0,0.0,0.0,0.0,0.0,0.0,0.0,0.0,0.0,0.0,0.0,0.0,0.0,0.0,0.0,0.0,0.0,0.0,0.0,0.0,0.0,0.0,0.0,0.0,0.0,0.0,0.0,0.0,0.0,0.0,0.0,0.0,0.0,0.0,0.0,0.0,0.0,0.0,0.0,0.0,0.0,0.0,0.0,0.0,0.0,0.0,0.0,0.0,0.0,0.0,0.0,0.0,0.0,0.0,0.0,0.0,0.0,0.0,0.0,0.0,0.0,0.0,0.0,0.0
2775894, intergenic, G->A, noncoding,2.45646,9.999e-05,116,-1.0,0.09375,115,0.9,0.307692,PASS,0.0,0.0,0.019230769230769232,0.007751937984496124,0.0,0.0,0.017857142857142856,0.0,0.0,0.0,0.0,0.0,0.06382978723404255,0.0,0.13333333333333333,0.0,0.0,0.0,0.0,0.0,0.03571428571428571,0.0,0.047619047619047616,0.05555555555555555,0.017241379310344827,0.12578616352201258,0.04918032786885246,0.07142857142857142,0.09473684210526316,0.02,0.14736842105263157,0.07042253521126761,0.056338028169014086,0.171875,0.28846153846153844,0.2222222222222222,0.11392405063291139,0.0,0.0,0.0,0.0,0.0,0.0,0.0,0.0,0.0,0.0,0.0,0.0,0.0,0.0,0.0,0.0,0.0,0.0,0.0,0.0,0.0,0.0,0.0,0.012048192771084338,0.0,0.0,0.0,0.0,0.0,0.0,0.0,0.0,0.0,0.0,0.0,0.0,0.0,0.0,0.0,0.0,0.0,0.0,0.0,0.0,0.0,0.0,0.0,0.0,0.0,0.0,0.0,0.0,0.0,0.0,0.0,0.0,0.0,0.0,0.0,0.0,0.0,0.0,0.0,0.007874015748031496,0.0,0.0,0.0,0.0,0.0,0.0,0.0,0.0,0.0,0.0,0.0,0.0,0.0,0.0,0.0,0.0,0.0,0.0,0.0,0.0,0.0,0.0,0.0,0.0,0.0,0.0,0.0,0.0,0.0,0.0,0.0,0.0,0.0,0.0,0.0,0.0,0.0,0.0
2775896, intergenic, C->T, noncoding,2.39811,9.999e-05,116,-1.0,0.210526,115,0.9,0.285714,PASS,0.0,0.0,0.019230769230769232,0.0,0.0,0.0,0.017857142857142856,0.0,0.0,0.0,0.0,0.0,0.020833333333333332,0.0,0.125,0.0,0.0,0.0,0.011904761904761904,0.0,0.03508771929824561,0.0,0.047619047619047616,0.05555555555555555,0.017241379310344827,0.12025316455696203,0.04918032786885246,0.07142857142857142,0.09473684210526316,0.0196078431372549,0.125,0.07042253521126761,0.056338028169014086,0.171875,0.28846153846153844,0.2222222222222222,0.11392405063291139,0.0,0.0,0.0,0.0,0.0,0.0,0.0,0.0,0.015873015873015872,0.0,0.027777777777777776,0.0,0.0,0.0,0.0,0.0,0.0,0.0,0.0,0.0,0.028985507246376812,0.0,0.0,0.0,0.0,0.0,0.0,0.0,0.0,0.0,0.0,0.0,0.0,0.0,0.0,0.0,0.0,0.0,0.0,0.0,0.0,0.0,0.008620689655172414,0.0,0.0,0.008403361344537815,0.0,0.0,0.0,0.0,0.0,0.0,0.0,0.0,0.013513513513513514,0.01098901098901099,0.0,0.0,0.0,0.0,0.0,0.0,0.0,0.0,0.0,0.05,0.0,0.0,0.0,0.0,0.0,0.0,0.0,0.0,0.0,0.0,0.0,0.0,0.0,0.0,0.0,0.0,0.0,0.0,0.0,0.0,0.0,0.0,0.0,0.0,0.0,0.0,0.0,0.0,0.029411764705882353,0.0,0.0,0.0,0.0,0.0,0.0,0.0
2775897, intergenic, T->C, noncoding,2.4976,9.999e-05,116,-1.0,0.244898,115,0.9,0.292683,PASS,0.0,0.0,0.0,0.0,0.0,0.0,0.017857142857142856,0.0,0.0,0.0,0.0,0.0,0.02127659574468085,0.0,0.125,0.0,0.0,0.0,0.0,0.0,0.03508771929824561,0.0,0.047619047619047616,0.05555555555555555,0.017241379310344827,0.125,0.04918032786885246,0.07142857142857142,0.09473684210526316,0.0196078431372549,0.125,0.07042253521126761,0.056338028169014086,0.171875,0.28846153846153844,0.22857142857142856,0.11392405063291139,0.0,0.0,0.0,0.0,0.0,0.0,0.0,0.0,0.0,0.0,0.0,0.0,0.0,0.0,0.0,0.0,0.0,0.0,0.0,0.0,0.014492753623188406,0.0,0.0,0.0,0.0,0.0,0.0,0.0,0.0,0.0,0.012658227848101266,0.0,0.0,0.0,0.0,0.0,0.0,0.0,0.01639344262295082,0.0,0.0,0.0,0.0,0.0,0.0,0.0,0.0,0.0,0.0,0.0,0.0,0.0,0.0,0.0,0.013513513513513514,0.0,0.0,0.0,0.0,0.0,0.0,0.0,0.0,0.0,0.0,0.0,0.0,0.0,0.0,0.0,0.0,0.0,0.0,0.0,0.0,0.0,0.005988023952095809,0.0,0.0,0.0,0.0,0.0,0.0,0.0,0.0,0.0,0.0,0.0,0.0,0.0,0.0,0.0,0.0,0.0,0.0,0.04,0.0,0.0,0.0,0.0,0.0,0.0
2801470, relA, A->C, missense,2.30687,0.00019998,116,-1.0,1.0,115,0.9,0.923077,PASS,0.0,0.0,0.0,0.0,0.0,0.023809523809523808,0.0,0.0,0.0,0.0,0.0,0.0,0.0,0.0,0.0,0.0,0.0,0.0,0.0,0.0,0.0,0.0,0.0,0.0,0.0,0.008,0.0,0.0,0.0,0.0,0.0,0.0,0.0,0.0,0.0,0.0,0.0,0.05263157894736842,0.0,0.0,0.0,0.0,0.009615384615384616,0.0,0.03125,0.028985507246376812,0.0,0.041666666666666664,0.024390243902439025,0.0625,0.10256410256410256,0.10344827586206896,0.0,0.0851063829787234,0.07936507936507936,0.13953488372093023,0.0684931506849315,0.1388888888888889,0.022222222222222223,0.0,0.0,0.0,0.0,0.0,0.0,0.0,0.0,0.0,0.0,0.0,0.0,0.0,0.0,0.0,0.0,0.0,0.0,0.0,0.0,0.0,0.0,0.023255813953488372,0.0,0.0,0.0,0.0,0.029411764705882353,0.0,0.0,0.0,0.0,0.0,0.0,0.0,0.0,0.0,0.0,0.0,0.0,0.007246376811594203,0.0,0.0,0.0,0.0,0.007692307692307693,0.0,0.0,0.0,0.0,0.0,0.0,0.0,0.0,0.0,0.0,0.0,0.0,0.0,0.0,0.0,0.0,0.0,0.0,0.0,0.0,0.0,0.0,0.0,0.0,0.0,0.0,0.0,0.0,0.0,0.0,0.0,0.0,0.0,0.0
2803568, rumA, MOB_2803568_2803570_IS150_-1, sv,2.97638,9.999e-05,116,-1.0,0.0701754,115,0.9,0.166667,PASS,0.0,0.0,0.0,0.0,0.0,0.0,0.0,0.0,0.0,0.0,0.0,0.0,0.0,0.0,0.0,0.0,0.0,0.0,0.0,0.0,0.0,0.0,0.0,0.0,0.0,0.0,0.0,0.10380622837370243,0.099644128113879,0.07470651013874066,0.17045454545454547,0.1384083044982699,0.08879781420765027,0.162748643761302,0.4010025062656642,0.14957264957264957,0.2679938744257274,0.14285714285714285,0.0,0.0,0.0,0.0,0.0,0.0,0.0,0.0,0.0,0.0,0.0,0.0,0.0,0.0,0.0,0.0,0.0,0.0,0.0,0.0,0.0,0.0,0.0,0.0,0.0,0.0,0.0,0.0,0.0,0.0,0.0,0.0,0.0,0.0,0.0,0.0,0.0,0.0,0.0,0.0,0.0,0.0,0.0,0.0,0.0,0.0,0.0,0.0,0.0,0.0,0.0,0.0,0.0,0.0,0.0,0.0,0.0,0.0,0.0,0.0,0.0,0.0,0.0,0.0,0.0,0.0,0.0,0.0,0.0,0.0,0.0,0.0,0.0,0.0,0.0,0.0,0.0,0.0,0.0,0.0,0.0,0.0,0.0,0.0,0.0,0.0,0.0,0.0,0.0,0.0,0.0,0.0,0.0,0.0,0.0,0.0,0.0,0.0,0.0,0.0,0.0
2803703, rumA, MOB_2803703_2803705_IS150_-1, sv,3.2912,9.999e-05,116,-1.0,0.8,115,0.9,0.705882,PASS,0.0,0.0,0.0,0.0,0.0,0.0,0.0,0.0,0.0,0.0,0.0,0.0,0.0,0.0,0.0,0.0,0.0,0.0,0.0,0.0,0.0,0.0,0.0,0.0,0.0,0.0,0.0,0.0,0.0,0.0,0.0,0.0,0.0,0.0,0.0,0.0,0.0,0.0,0.0,0.0,0.0,0.006944444444444444,0.0,0.006172839506172839,0.046511627906976744,0.0594059405940594,0.14285714285714285,0.04838709677419355,0.07272727272727272,0.03333333333333333,0.0379746835443038,0.21875,0.20588235294117646,0.011764705882352941,0.0297029702970297,0.014705882352941176,0.0,0.0,0.014084507042253521,0.0,0.0,0.0,0.0,0.0,0.0,0.012048192771084338,0.025423728813559324,0.0,0.0,0.0,0.0,0.0,0.0,0.0,0.0,0.0,0.0,0.0,0.0,0.0,0.0,0.0,0.0,0.0,0.0,0.0,0.0,0.0,0.0,0.0,0.0,0.0,0.0,0.0,0.0,0.0,0.0,0.0,0.0,0.0,0.0,0.0,0.0,0.0,0.0,0.0,0.0,0.0,0.0,0.0,0.0,0.0,0.0,0.0,0.0,0.0,0.0,0.0,0.0,0.0,0.0,0.0,0.0,0.0,0.0,0.0,0.0,0.0,0.0,0.0,0.0,0.0,0.0,0.0,0.0,0.0,0.0,0.0,0.0
2830450, fucI, MOB_2830450_2830452_IS150_1, sv,1.80104,0.00029997,116,-1.0,1.0,113,0.9,0.923077,PASS,0.0,0.0,0.0,0.1592920353982301,0.0,0.0,0.0,0.01639344262295082,0.0,0.0,0.0,0.07692307692307693,0.0,0.0,0.0,0.0,0.0,0.0,0.0,0.0,0.019230769230769232,0.0,0.022727272727272728,0.0,0.0,0.0,0.0,0.0,0.0,0.0,0.0,0.0,0.0,0.03896103896103896,0.0196078431372549,0.058823529411764705,0.03875968992248062,0.0,0.0,0.008130081300813009,0.0,0.022388059701492536,0.013888888888888888,0.006944444444444444,0.0,0.023529411764705882,0.0,0.0,0.023255813953488372,0.03773584905660377,0.01,0.0,0.0,0.06,0.0,0.0,0.0,0.029850746268656716,0.045454545454545456,0.0,0.0,0.0,0.0,0.06315789473684211,0.014814814814814815,0.0,0.013888888888888888,0.009615384615384616,0.0,0.0,0.0,0.05714285714285714,0.07339449541284404,0.37606837606837606,0.23404255319148937,0.288135593220339,0.2571428571428571,0.21428571428571427,0.7115384615384616,0.5153846153846153,0.27058823529411763,0.04878048780487805,0.9295774647887324,0.6886792452830188,0.39603960396039606,0.09090909090909091,0.0,0.10434782608695652,0.061855670103092786,0.17218543046357615,0.029411764705882353,0.14285714285714285,0.5280898876404494,0.49,0.3684210526315789,0.11538461538461539,0.05970149253731343,0.06796116504854369,0.05813953488372093,0.0440251572327044,0.0,0.0,0.0,0.0,0.0,0.0,0.0,0.011627906976744186,0.0,0.0,0.0,0.0,0.0,0.006578947368421052,0.0,0.008130081300813009,0.0,0.0,0.0,0.0,0.0,0.0,0.0,0.0,0.0,0.0,0.0,0.0,0.0,0.0,0.0,0.0,0.0,0.0,0.0,0.0,0.0,0.0,0.0
2877312, kduD, MOB_2877312_2877315_IS150_-1, sv,0.788364,9.999e-05,116,-1.0,0.0693642,116,0.9,0.210526,PASS,0.0,0.0,0.010787486515641855,0.007596924248191854,0.0,0.006441817301484829,0.03199099279423539,0.0,0.0,0.0,0.0,0.0,0.050735641547861504,0.02288735632183908,0.018574608208955224,0.0,0.06967105492589364,0.013439138047138047,0.012011066559743383,0.03942423494570583,0.1344828813559322,0.38725244299674266,0.2646486937187326,0.34326781857451405,0.34034554767533487,0.29141430745814306,0.5489049773755657,0.506024154589372,0.5433197194719472,0.3798915537017727,0.22742636746143058,0.18473527762198538,0.230460668633235,0.08891742112482852,0.1679186991869919,0.09434607379375591,0.10971315442146941,0.18768826291079813,0.19081831907398086,0.09646192679848549,0.19690661990355107,0.21672759022118745,0.13446887034659818,0.10550153531218014,0.19139616346955796,0.210654990403071,0.22861085626911312,0.19493885057471264,0.4020262417994377,0.268422695035461,0.2427787610619469,0.21458241042345277,0.32859680638722555,0.14186781268524007,0.3538687943262412,0.29437848766680147,0.2772843080486393,0.2560848611838659,0.23576025236593062,0.25008813559322035,0.5423881019830028,0.5614268001907488,0.6609979455572677,0.5499068582020389,0.7358119205298013,0.43275147295125876,0.6333082311733801,0.44086572438162536,0.327146934460888,0.39591166745394424,0.21489520958083835,0.2667313953488372,0.33580976430976434,0.4085376854599406,0.48853309796999117,0.49004193138500635,0.3800248640248641,0.5280473537604456,0.24234160206718344,0.6095694581280788,0.6413864013266999,0.8966731802638007,0.07299536359199608,0.18725220228384992,0.6534555831265508,0.9150402726146221,0.7404483450351053,0.7705374887082205,0.8671338757396451,0.5892485131690739,0.21355979857322702,0.0,0.005238344683080147,0.0,0.00957946127946128,0.0,0.015404951005673026,0.04504771897810219,0.834687707641196,0.940891089108911,1.0,1.0,1.0,1.0,0.9971087613293051,1.0001164100638378,1.0,1.0,1.0,1.0,1.0,1.0,1.0,1.0,1.0,1.0,1.0,0.0,0.0,0.0,0.0,0.0,0.0,0.0,0.0,0.0,0.0,0.0,0.0,1.0,1.0,0.0,0.0,1.0,0.0,1.0,0.0,0.0,0.0
2877355, kduD, MOB_2877355_2877357_IS150_1, sv,1.58578,0.00619938,98,-1.20022,9.999e-05,109,0.9,0.428571,PASS,0.00195877375122429,0.0,0.0,0.0,0.010876914778856526,0.0,0.02466262984336356,0.028490038314176243,0.0,0.03154621451104101,0.0,0.0,0.0,0.0,0.0,0.0,0.0,0.0,0.013401305122494432,0.010941028446389497,0.0,0.0,0.0,0.0,0.0,0.0,0.04259757127771911,0.013555107526881719,0.05245292066259808,0.0281218993621545,0.004089803680981595,0.006418215661103979,0.005851972157772622,0.014695290227773697,0.0,0.0,0.015452455059065229,0.0,0.0,0.0,0.06684297362110311,0.013874125874125873,0.0,0.0,0.020613585291113377,0.012008540278619018,0.027365697247706423,0.036301929611650484,0.0764781798245614,0.027819944598337948,0.018481360671015842,0.023226319875776398,0.037778030303030306,0.007497619047619047,0.0,0.021764893033461328,0.012585402370555209,0.014588088986141504,0.0,0.005932848593656493,0.027958411214953273,0.0,0.011678739693757361,0.0,0.02829055191768007,0.0,0.0,0.008351284175642088,0.14141826189078097,0.200370709382151,0.00753563829787234,0.012979319371727747,0.007223131828113619,0.006916529492455418,0.0,0.0,0.0,0.0,0.0,0.0,0.0,0.02059693564862104,0.0,0.0,0.0,0.0,0.0,0.0,0.0,0.0,0.0,0.0,0.0,0.0,0.0048655888030888035,0.0,0.0,0.0,0.0,0.0,0.0,0.0,0.0,0.0,0.0,0.0,0.0,0.0,0.0,0.0,0.0,0.0,0.0,0.0,0.0,0.0,0.0,0.0,0.0,0.0,0.0,0.0,0.0,0.0,0.0,0.0,0.0,0.0,0.0,0.0,0.0,0.0,0.0,0.0,0.0,0.0,0.0,0.0,0.0
2899574, yqeB, MOB_2899574_2899576_IS150_-1, sv,2.47172,0.00049995,116,-1.0,0.222222,115,0.9,0.333333,PASS,0.0,0.0,0.0,0.0,0.0,0.005970149253731343,0.022988505747126436,0.013333333333333334,0.006711409395973154,0.0,0.0,0.0,0.0,0.012987012987012988,0.0,0.0,0.0,0.0,0.0,0.022222222222222223,0.014184397163120567,0.0,0.0,0.0,0.00966183574879227,0.008968609865470852,0.0,0.0,0.005555555555555556,0.0,0.0047169811320754715,0.006493506493506494,0.0,0.0,0.0,0.0,0.0,0.0,0.0,0.0045662100456621,0.0,0.0,0.003745318352059925,0.01293103448275862,0.02727272727272727,0.0,0.0,0.0,0.0,0.0,0.01020408163265306,0.015503875968992248,0.01098901098901099,0.02158273381294964,0.025510204081632654,0.016304347826086956,0.0,0.006329113924050633,0.0,0.01935483870967742,0.022222222222222223,0.03529411764705882,0.0072992700729927005,0.0,0.0,0.0,0.0,0.0,0.007142857142857143,0.0047169811320754715,0.02586206896551724,0.0,0.0,0.010526315789473684,0.007633587786259542,0.0,0.03125,0.0,0.01282051282051282,0.0,0.0,0.0,0.2037037037037037,0.3157894736842105,0.12686567164179105,0.01818181818181818,0.0,0.022222222222222223,0.008368200836820083,0.0,0.0,0.0661764705882353,0.1830065359477124,0.2222222222222222,0.16058394160583941,0.008064516129032258,0.028985507246376812,0.058823529411764705,0.013157894736842105,0.010638297872340425,0.0,0.009900990099009901,0.0,0.0,0.0,0.0,0.0,0.0,0.004048582995951417,0.0,0.0,0.0,0.0,0.0,0.0,0.0,0.0,0.0,0.0,0.0,0.0,0.0,0.0,0.0,0.0,0.0,0.0,0.0,0.0,0.0,0.0,0.0,0.0,0.0,0.0,0.0,0.0,0.0,0.0
2899615, yqeB, MOB_2899615_2899617_IS150_-1, sv,2.11328,9.999e-05,116,-1.0,1.0,116,0.9,1.0,PASS,0.0,0.0,0.012025748502994014,0.0,0.016597520661157026,0.0,0.0,0.0,0.00803552,0.0,0.0,0.028300000000000002,0.0,0.0,0.0,0.0,0.0,0.00888628318584071,0.0,0.026456706270627062,0.0,0.0,0.005124132653061224,0.0,0.0,0.013299358123063303,0.025640595744680854,0.0,0.00622469375,0.011474457142857143,0.004691822429906543,0.0,0.011388265306122448,0.0,0.0,0.0,0.03603086419753086,0.0,0.0,0.0,0.028578802850356293,0.004183416666666666,0.0,0.018714466885861907,0.0,0.0,0.007357216117216117,0.0,0.0,0.0,0.019885544554455445,0.02235686567164179,0.0,0.015090151515151515,0.0,0.02095538057742782,0.013152840158520475,0.01380287094547964,0.008197714285714286,0.025182649842271292,0.030781226053639844,0.011252773109243698,0.0,0.0077247692307692295,0.005743662053056517,0.0,0.008472447257383966,0.011128324022346368,0.052797811320754715,0.027374575342465755,0.41707913669064745,0.14110807843137255,0.07788493506493507,0.4321613636363636,0.2119243281471004,0.2210862831858407,0.41795696202531646,0.32862142857142856,0.6963496551724138,0.38175772906127037,0.2790366492146597,0.1301840390879479,0.9072792332268371,0.742595459236326,0.28947056514913655,0.04536506493506494,0.0,0.012296481481481481,0.016393168724279837,0.015500661478599222,0.0051472041343669245,0.03486200873362445,0.15946288209606985,0.2737920962199312,0.1177210401891253,0.00869768558951965,0.04219559322033898,0.03740150234741784,0.06223854166666667,0.014729400887573966,0.0,0.0,0.0,0.0,0.0,0.0,0.0,0.003544540925266904,0.0,0.0,0.0,0.0,0.0,0.0,0.0,0.0,0.0,0.0,0.0,0.0,0.0,0.0,0.0,0.0,0.0,0.0,0.0,0.0,0.0,,0.0,0.0,0.0,0.0,0.0,0.0,0.03113942675159236,0.0,0.0
2899615, yqeB, MOB_2899615_2899617_IS150_1, sv,0.669717,0.00039996,116,-1.0,1.0,116,0.9,0.923077,PASS,0.0,0.0,0.046758079625292735,0.019450194363459666,0.024537601957585645,0.01833551829268293,0.0,0.03944039215686274,0.02366219512195122,0.03392146507666099,0.0,0.0,0.0166787728026534,0.0,0.03297284768211921,0.06749228187919463,0.09172548120989919,0.14028940455341504,0.04243852342640795,0.05245484293193717,0.05902335581787521,0.0,0.025309550277918137,0.013363691275167785,0.04090433231396534,0.061331233595800526,0.0924629411764706,0.0963367469879518,0.024774937810945273,0.034001131968145616,0.060190988909426986,0.044996632996633,0.07212026726057906,0.009279664492078286,0.008332477216238608,0.03221698717948718,0.05093219213081247,0.0,0.0,0.037743952483801295,0.02362141242937853,0.028994166666666665,0.004176167714884696,0.04177422345850719,0.08746078860898139,0.06024197868087941,0.007261588447653429,0.03415508532423208,0.052847539543058,0.014950570570570573,0.03922734374999999,0.036781231671554254,0.06424412291933419,0.06014894419306184,0.06181493288590603,0.05251287284144427,0.05867364290385873,0.054246811397557666,0.06514117168429617,0.037441536539662715,0.06063350983358549,0.07206373200442967,0.09053693388429752,0.0841858454475899,0.0797730330672748,0.022459992531740105,0.012492055996656915,0.03329992217898833,0.014897555555555555,0.021754347826086956,0.0,0.031012810559006208,0.01721815068493151,0.007487338345864662,0.020857967988865696,0.013125878734622145,0.012546440251572328,0.0,0.0,0.01120117122141662,0.02848735697940503,0.013049155844155844,0.0063637970644543716,0.01031323076923077,0.007777184841453982,0.012740770210057288,0.0,0.018322285191956125,0.008152374745417516,0.0038632699767261443,0.005110230887634684,0.0,0.007249098774333093,0.008505132365499574,0.015451364341085272,0.0085855,0.0,0.02786893656716418,0.0,0.03649660831509847,0.06781446899501069,0.03065061162079511,0.0,0.1382016620498615,0.04153416149068323,0.04122210256410256,0.0,0.014122161210841252,0.037854511120436425,0.01920673595073133,0.0,0.01086972972972973,0.0032747639205470526,0.0,0.0,0.0,0.07347859778597786,0.0,0.0,0.0,0.0,0.0,0.0,0.0,0.0,0.0,0.0,0.0,0.0,1.0,0.0,0.0,0.022258405172413797,0.0,0.0,0.0,0.0,0.0,0.01264504391468005
2999596, flu, junction_2999596_-1_IS150_end, sv,0.941695,9.999e-05,116,-1.0,0.096,115,0.9,0.101695,PASS,0.0,0.0,0.0,0.0,0.0,0.0,0.0,0.0,0.0,0.0,0.0,0.0,0.0,0.0,0.0,0.0,0.0,0.0,0.0,0.0,0.0,0.0,0.0,0.0,0.0,0.0,0.0,0.0,0.19437732342007435,0.486780303030303,0.5126893617021276,0.5453567901234568,0.4859944211994421,0.5086675324675325,0.28442919389978216,0.2915171503957784,0.617212548015365,0.8608214285714286,0.870416589002796,0.9242201138519924,0.8174656907593779,0.8022301255230126,0.9296156862745097,0.8803818953323904,0.8851781609195402,0.7376421845574387,0.9180166204986149,0.8396012861736334,0.941389880952381,0.9538317757009346,0.9669003378378378,1.0,1.0,1.0,1.0,1.0,1.0,1.0,1.0,1.0,1.0,1.0,1.0,1.0,1.0,1.0,1.0,1.0,1.0,1.0,1.0,1.0,1.0,1.0,1.0,1.0,1.0,1.0,1.0,1.0,1.0,1.0,1.0,1.0,1.0,1.0,1.0,1.0,1.0,1.0,0.9716283309957925,1.0,1.0,1.0,1.0,1.0,1.0,1.0,1.0,1.0,1.0,1.0,1.0,1.0,1.0,1.0,1.0,1.0,1.0,1.0,1.0,1.0,1.0,1.0,1.0,1.0,1.0,0.0,0.0,0.0,0.0,0.0,0.0,0.0,0.0,0.0,0.0,0.0,0.0,0.0,0.0,1.0,1.0,1.0,1.0,1.0,1.0,0.9916916299559472,1.0
3002908, yeeR, junction_3002908_-1_IS150_end, sv,1.00389,9.999e-05,29,-4.10058,0.00283688,39,0.9,0.315789,PASS,0.0,0.0,0.0,0.0,0.0,0.0,0.0,0.0,0.06818181818181818,0.5789473684210527,0.16666666666666666,0.09090909090909091,0.6,0.90625,0.8125,0.6,0.8717948717948718,0.8703703703703703,0.9210526315789473,0.984375,0.975,1.0,0.9787234042553191,1.0,1.0,1.0,1.0,1.0,0.9347826086956522,1.0,1.0,1.0,1.0,1.0,1.0,1.0,1.0,1.0,1.0,1.0,1.0,1.0,1.0,1.0,1.0,1.0,1.0,,1.0,,,,1.0,,,1.0,,,,,,,,,,,,,,,,,,,,,,,,,,,,,,,,,,,0.0,,,,,,,,,,,,,,0.0,,,,,,,,,,,,,0.0,0.0,0.0,0.0,0.0,0.0,0.0,0.0,0.0,0.0,1.0,1.0,1.0,1.0,,,,,,,0.0,
3008938, yeeU, MOB_3008938_3035123_IS150_-1, sv,2.63211,0.00169983,12,-6.75884,0.00137221,14,0.9,0.0240964,PASS,0.0,0.0,0.0,0.0,0.0,0.0,0.0,0.0,0.7187017353579176,1.0,1.0,0.9359689440993788,1.0,1.0,0.50211,1.0,0.37656875,0.5,0.0,,,,,,,,,,,,,,,,,,,,,,,,,,,,,,,,,,,,,,,,,,,,,,,,,,,,,,,,,,,,0.0,,,,,,,,,,,,0.0,,,,,,,,,,,,,,,,,,,,,,,0.0,,,,0.0,0.0,0.0,0.0,0.0,0.0,0.0,0.0,1.0,0.0,,,,,,,,,,,,1.0
3048488, intergenic, junction_3048488_1_IS150_start, sv,0.985551,9.999e-05,116,-1.0,0.0366972,113,0.9,0.444444,PASS,0.0,0.0,0.0,0.0,0.0,0.0136986301369863,0.06315789473684211,0.34210526315789475,0.6410256410256411,0.8275862068965517,,0.8571428571428571,0.96,0.9655172413793104,1.0,1.0,1.0,1.0,0.9285714285714286,1.0,1.0,1.0,1.0,1.0,1.0,1.0,1.0,1.0,1.0,1.0,1.0,1.0,1.0,1.0,1.0,1.0,1.0,1.0,1.0,1.0,1.0,1.0,1.0,1.0,1.0,1.0,1.0,1.0,1.0,1.0,1.0,1.0,1.0,1.0,1.0,1.0,1.0,1.0,1.0,1.0,1.0,1.0,1.0,1.0,1.0,1.0,1.0,1.0,1.0,1.0,1.0,1.0,1.0,1.0,1.0,1.0,1.0,1.0,1.0,1.0,1.0,1.0,1.0,1.0,1.0,1.0,1.0,1.0,1.0,1.0,1.0,1.0,1.0,1.0,1.0,1.0,1.0,1.0,1.0,1.0,1.0,1.0,1.0,1.0,1.0,1.0,1.0,1.0,1.0,1.0,1.0,1.0,1.0,1.0,1.0,1.0,1.0,0.0,0.0,0.0,0.0,0.0,0.0,0.0,0.0,1.0,0.0,1.0,1.0,1.0,1.0,1.0,1.0,1.0,1.0,1.0,1.0,1.0,1.0
3067926, yghS, G->A, missense,0.960166,9.999e-05,116,-1.0,0.705882,113,0.9,0.0362538,PASS,0.0,0.0,0.0,0.0,0.0,0.0,0.0,0.0,0.0,0.0,0.0,0.0,0.027777777777777776,0.0,0.0,0.0,0.0,0.0,0.0,0.0,0.0,0.0,0.0,0.0,0.0,0.005952380952380952,0.0,0.0,0.0,0.0,0.0,0.01694915254237288,0.0,0.0,0.0,0.0,0.0,0.0,0.22950819672131148,0.4461538461538462,0.37037037037037035,0.15853658536585366,0.20930232558139536,0.03496503496503497,0.0,0.05128205128205128,0.4492753623188406,0.425,0.54,0.16129032258064516,0.13559322033898305,0.04,0.42857142857142855,0.5357142857142857,0.39759036144578314,0.43617021276595747,0.4752475247524752,0.41975308641975306,0.6190476190476191,0.4691358024691358,0.3409090909090909,0.21839080459770116,0.18867924528301888,0.07246376811594203,0.08547008547008547,0.2903225806451613,0.2,0.32608695652173914,0.411214953271028,0.45384615384615384,0.3023255813953488,0.5641025641025641,0.6290322580645161,0.3409090909090909,0.31343283582089554,0.27927927927927926,0.29310344827586204,0.34782608695652173,0.03389830508474576,0.14285714285714285,0.1619047619047619,0.03614457831325301,0.06976744186046512,0.0975609756097561,0.03896103896103896,0.044444444444444446,0.4,0.11538461538461539,0.04395604395604396,0.23943661971830985,0.7142857142857143,0.863013698630137,0.7721518987341772,0.6666666666666666,0.7474747474747475,0.9841269841269841,0.925,0.92,0.975,0.9714285714285714,1.0,1.0,1.0,0.9285714285714286,1.0,1.0,1.0,1.0,1.0,1.0,1.0,1.0,1.0,1.0,1.0,1.0,1.0,0.0,0.0,0.0,0.0,0.0,0.0,0.0,0.0,0.0,0.0,0.0,0.0,0.0,0.0,0.0,0.0,0.0,0.0,0.0,1.0,0.9913793103448276,0.9868421052631579
3093020, yqhH, T->G, missense,0.940598,9.999e-05,116,-1.0,0.387097,115,0.9,0.857143,PASS,0.0,0.0,0.05263157894736842,0.0,0.0,0.0,0.0,0.0,0.0,0.0,,0.0,0.0,0.0,0.0,0.0,0.0,0.0,0.0,0.06818181818181818,0.36363636363636365,0.5833333333333334,0.5142857142857142,0.34615384615384615,0.2727272727272727,0.37894736842105264,0.8857142857142857,0.8095238095238095,0.8085106382978723,0.7741935483870968,0.7966101694915254,0.9428571428571428,0.8,0.6551724137931034,0.5789473684210527,0.625,0.6304347826086957,1.0,0.9642857142857143,1.0,1.0,1.0,0.9846153846153847,1.0,1.0,1.0,1.0,1.0,1.0,1.0,1.0,1.0,1.0,1.0,0.9827586206896551,0.9818181818181818,1.0,1.0,1.0,1.0,1.0,1.0,1.0,1.0,1.0,1.0,1.0,1.0,1.0,1.0,1.0,1.0,0.9743589743589743,1.0,1.0,1.0,0.972972972972973,1.0,1.0,1.0,1.0,1.0,1.0,1.0,1.0,1.0,0.9166666666666666,1.0,1.0,1.0,1.0,1.0,1.0,1.0,1.0,1.0,1.0,1.0,1.0,1.0,1.0,0.9846153846153847,1.0,1.0,0.9879518072289156,0.9850746268656716,1.0,0.9888888888888889,0.9885057471264368,0.9841269841269841,0.9583333333333334,1.0,1.0,1.0,1.0,0.9833333333333333,1.0,0.0,0.0,0.0,0.0,0.0,0.0,0.0,0.0,0.0,0.0,0.0,0.0,1.0,1.0,1.0,1.0,1.0,1.0,1.0,1.0,0.9917355371900827,1.0
3095121, ygiQ, G->T, nonsense,2.03889,9.999e-05,116,-1.0,0.2,116,0.9,0.48,PASS,0.0,0.0,0.0,0.0,0.0,0.009523809523809525,0.0,0.0,0.0,0.0,0.0,0.0,0.0,0.0,0.0,0.0,0.0,0.0,0.0,0.0,0.0,0.0,0.0,0.0,0.0,0.0,0.0,0.0,0.0,0.0,0.0,0.0,0.0,0.0,0.0,0.0,0.0,0.0,0.0,0.0,0.0,0.0,0.0,0.0,0.0,0.014705882352941176,0.0,0.0,0.0,0.0,0.0,0.0,0.0,0.0,0.03278688524590164,0.0,0.0,0.0,0.0,0.0,0.0,0.0,0.0,0.0,0.0,0.0,0.0,0.0,0.0,0.0,0.0,0.0,0.0,0.0,0.0,0.0,0.0,0.0,0.0,0.0,0.0,0.0,0.0,0.0,0.0,0.0,0.0,0.0,0.0,0.0,0.0,0.0,0.0,0.0,0.0625,0.08,0.06779661016949153,0.058823529411764705,0.7843137254901961,0.97,0.9823008849557522,1.0,1.0,1.0,1.0,1.0,1.0,1.0,1.0,1.0,1.0,1.0,0.9902912621359223,1.0,1.0,1.0,1.0,0.0,0.0,0.0,0.0,0.0,0.0,0.011627906976744186,0.013513513513513514,0.0,0.0,0.0,0.0,0.0,0.0,0.0,0.0,0.0,0.0,0.0,0.0,1.0,0.0
3103274, ygiV, MOB_3103274_3103277_IS150_1, sv,1.92229,9.999e-05,116,-1.0,0.0019151,115,0.9,0.5,PASS,0.0,0.0,0.0,0.0,0.0,0.009727995414346545,0.0,0.0,0.0,0.0,0.0,0.0,0.0,0.0,0.0,0.0,0.0,0.0,0.0,0.0,0.0,0.0,0.0,0.0,0.005777007510109763,0.0,0.0,0.0,0.007183908045977012,0.0,0.0,0.0,0.0,0.0,0.008771929824561403,0.0,0.0,0.0,0.0,0.0,0.0,0.0,0.008437819287576021,0.014404556471158505,0.0,0.0,0.0,0.0,0.0,0.0,0.010940919037199124,0.010881392818280738,0.0,0.0,0.005967756607252612,0.0,0.03194888178913738,0.04171011470281543,0.09757679222357231,0.07756842105263158,0.06837471029311522,0.12134774305555554,0.04415383759733037,0.08913431372549019,0.038953811908736785,0.2817690531177829,0.08892042772861358,0.06545610534716681,0.03530565552699229,0.07179978647686833,0.02311246223564955,0.0833903007518797,0.048792908653846154,0.047871750972762646,0.05935257731958762,0.0,0.0,0.0,0.0,0.0,0.0,0.0,0.0,0.0,0.0,0.0,0.0,0.0,0.0,0.0,0.008577332155477032,0.0,0.0,0.0,0.0,0.0,0.0,0.0,0.0,0.0,0.0,0.0,0.0,0.0,0.0,0.0,0.0,0.0,0.0,0.0,0.0,0.0,0.0,0.0,0.0,0.0,0.0,0.0,0.0,0.0,0.0,0.0,0.0,0.0,0.0,0.0,0.0,0.0,0.0,0.0,0.0,0.0,0.0,0.0,0.0,0.0,0.0,0.0,0.0
3103279, ygiV, T->G, missense,1.05933,0.00539946,116,-1.0,0.0009999,115,0.9,0.705882,PASS,0.0,0.0,0.0,0.015503875968992248,0.0,0.0106951871657754,0.0,0.0,0.0,0.0,0.0,0.0,0.0,0.0,0.0,0.0,0.0,0.0,0.0,0.0,0.0,0.0,0.0,0.0,0.0,0.0,0.0,0.0,0.0,0.0,0.0,0.0,0.0,0.0,0.0,0.0,0.011627906976744186,0.0,0.0,0.0,0.0,0.009345794392523364,0.0,0.0,0.0,0.0,0.0,0.0,0.0,0.0,0.0,0.0,0.0,0.0,0.0,0.0,0.012987012987012988,0.01639344262295082,0.11320754716981132,0.010638297872340425,0.04040404040404041,0.03636363636363636,0.018518518518518517,0.06153846153846154,0.0,0.23300970873786409,0.033707865168539325,0.09210526315789473,0.0547945205479452,0.03296703296703297,0.038461538461538464,0.05263157894736842,0.03508771929824561,0.07317073170731707,0.019230769230769232,0.011904761904761904,0.0,0.0,0.0,0.0,0.010526315789473684,0.0,0.0,0.0,0.0,0.0,0.01818181818181818,0.0,0.0,0.01,0.0,0.0,0.03571428571428571,0.01282051282051282,0.0,0.0,0.0,0.0,0.0,0.0,0.0,0.0,0.0,0.0,0.0,0.0,0.0,0.007936507936507936,0.0,0.0,0.0,0.0,0.0,0.0,0.0,0.0,0.0,0.0,0.0,0.0,0.0,0.0,0.0,0.0,0.0,0.0,0.0,0.0,0.0,0.0,0.0,0.0,0.0,0.0,0.0,0.0,0.0,0.0,0.0
3119610, ygiL, C->T, missense,2.47154,9.999e-05,116,-1.0,0.1,111,0.9,0.444444,PASS,0.0,0.0,0.0,0.0,0.0,0.0,0.0,0.0,0.0,0.0,0.0,0.0,0.0,0.0,0.0,0.0,0.0,0.0,0.0,0.0,0.0,0.0,0.0,0.08333333333333333,0.012195121951219513,0.058823529411764705,0.013333333333333334,0.0967741935483871,0.05172413793103448,0.0,0.05333333333333334,0.1276595744680851,0.06,0.19607843137254902,0.10869565217391304,0.1724137931034483,0.0273972602739726,0.07142857142857142,0.0,0.0,0.0,0.0,0.0,0.0,0.018867924528301886,0.0,0.0,0.0,0.0,0.0,0.015625,0.0,0.0,0.0,0.0,0.0,0.0,0.0,0.0,0.010526315789473684,0.0,0.0,0.0,0.0,0.0,0.0,0.0,0.0,0.0,0.0,0.0,0.0,0.0,0.0,0.0,0.0,0.0,0.030303030303030304,0.0,0.0,0.008849557522123894,0.0,0.0,0.0,0.0,0.0,0.0,0.0,0.0,0.0,0.0,0.0,0.0,0.0,0.0,0.0,0.02631578947368421,0.0,0.0,0.005319148936170213,0.005747126436781609,0.0,0.0,0.0,0.0,0.0,0.0,0.0,0.0,0.0,0.0,0.0,0.0,0.0,0.0,0.0,0.0,0.0,0.0,0.0,0.0,0.0,0.0,0.0,0.0,0.0,0.0,0.0,0.0,0.0,0.0,0.0,0.0,0.0,0.0,0.0,0.0,0.0,0.0
3152331, ygjG, C->A, missense,4.19795,0.00349965,116,-1.0,1.0,115,0.9,0.923077,PASS,0.0,0.0,0.0,0.0,0.0,0.0078125,0.0,0.0,0.0,0.0,0.0,0.0,0.0,0.0,0.0,0.0,0.0,0.0,0.0,0.0,0.0,0.0,0.0,0.0,0.0,0.0,0.0,0.0,0.0,0.0,0.0,0.0,0.0,0.0,0.014705882352941176,0.0,0.0,0.0,0.0,0.0,0.0,0.0,0.0,0.0,0.0,0.0,0.0,0.0,0.0,0.034482758620689655,0.0,0.0,0.0,0.0,0.0,0.0,0.0,0.0,0.0,0.0,0.0,0.013513513513513514,0.0,0.0,0.0,0.0,0.0,0.0,0.0,0.0,0.0,0.0,0.012658227848101266,0.0,0.0,0.0,0.0,0.0,0.0,0.0,0.010638297872340425,0.0,0.0,0.0,0.0,0.0,0.0,0.0,0.0,0.0,0.0,0.0,0.0,0.0,0.011111111111111112,0.0,0.0,0.0,0.014285714285714285,0.007042253521126761,0.0,0.0,0.0,0.0,0.0,0.0,0.0,0.0,0.0,0.0,0.0,0.0,0.0,0.015384615384615385,0.0,0.3076923076923077,0.2222222222222222,0.0,0.0,0.0,0.0,0.0,0.0,0.0,0.0,0.0,0.0,0.0,0.014084507042253521,0.0,0.0,0.0,0.0,0.0,0.0,0.0,0.0,0.0,0.0
3172876, intergenic, indel;+C, indel,3.51527,9.999e-05,116,-1.0,0.218182,115,0.9,0.0983607,PASS,0.0,0.0,0.0,0.0,0.0,0.0,0.0,0.0,0.0,0.0,0.0,0.0,0.0,0.0,0.0,0.0,0.0,0.0,0.0,0.0,0.0,0.0,0.0,0.0,0.0,0.0,0.0,0.0,0.0,0.0,0.0,0.0,0.0,0.0,0.0,0.0,0.0,0.0,0.0,0.0,0.0,0.0,0.0,0.0,0.0,0.0,0.0,0.0,0.0,0.0,0.0,0.0,0.0,0.0,0.0,0.0,0.0,0.041237113402061855,0.03333333333333333,0.047058823529411764,0.07291666666666667,0.1834862385321101,0.04081632653061224,0.03424657534246575,0.032679738562091505,0.0,0.0,0.0,0.0,0.0,0.0,0.0,0.0,0.0,0.0,0.0,0.0,0.0,0.0,0.0,0.0,0.0,0.0,0.0,0.0,0.0,0.0,0.0,0.0,0.0,0.0,0.0,0.0,0.0,0.0,0.0,0.0,0.0,0.0,0.0,0.0,0.0,0.0,0.0,0.0,0.0,0.0,0.0,0.0,0.0,0.0,0.0,0.0,0.0,0.0,0.0,0.0,0.0,0.0,0.0,0.0,0.0,0.0,0.0,0.0,0.0,0.0,0.0,0.0,0.0,0.0,0.0,0.0,0.0,0.0,0.0,0.0,0.0,0.0
3173611, ygjU, MOB_3173611_3173613_IS150_-1, sv,4.82582,9.999e-05,116,-1.0,0.857143,115,0.9,0.857143,PASS,0.0,0.0,0.0,0.0,0.0,0.0,0.0,0.0,0.0,0.0,0.0,0.0,0.0,0.0,0.0,0.0,0.0,0.0,0.0,0.0,0.0,0.0,0.0,0.0,0.0,0.0,0.0,0.0,0.0,0.0,0.0,0.0,0.0,0.0,0.0,0.0,0.0,0.0,0.0,0.0,0.0,0.0,0.0,0.0,0.0,0.0,0.0,0.0,0.0,0.0,0.0,0.0,0.0,0.0,0.0,0.0,0.0,0.0,0.0,0.0,0.0,0.0,0.0,0.0,0.0,0.0,0.0,0.0,0.0,0.0,0.0,0.0,0.0,0.0,0.0,0.0,0.0,0.0,0.0,0.0,0.0,0.0,0.0,0.0,0.0,0.0,0.0,0.0,0.0,0.0,0.0,0.0642570281124498,0.15177065767284992,0.29850746268656714,0.12203389830508475,0.005675368898978434,0.014245014245014245,0.0,0.0,0.0,0.0,0.0,0.0,0.0,0.0,0.0,0.0,0.0,0.0,0.0,0.0,0.0,0.0,0.0,0.0,0.0,0.0,0.0,0.0,0.0,0.0,0.0,0.0,0.0,0.0,0.0,0.0,0.0,0.0,0.0,0.0,0.0,0.0,0.0,0.0,0.0,0.0,0.0,0.0
3181052, yqjA, MOB_3181052_3181053_IS150_1, sv,2.16056,9.999e-05,116,-1.0,0.166667,116,0.9,0.222222,PASS,0.0,0.0,0.0,0.0,0.0,0.0,0.0,0.0,0.0,0.0,0.0,0.0,0.0,0.0,0.0,0.0,0.0,0.0,0.0,0.0,0.0,0.0,0.0,0.0,0.0,0.0,0.0,0.0,0.0,0.0,0.0,0.0,0.0,0.0,0.0,0.0,0.0,0.0,0.0,0.0,0.0,0.007769235569422777,0.0,0.0,0.0,0.0,0.0,0.0,0.0,0.0,0.0,0.0,0.0,0.0,0.014425502873563222,0.0,0.0,0.0,0.0,0.0,0.0,0.0,0.0,0.0,0.0,0.0,0.0,0.0,0.0,0.0,0.0,0.0,0.0,0.0,0.0,0.0,0.0,0.0,0.0,0.0,0.0,0.0,0.0,0.0,0.0,0.0,0.0,0.0,0.0,0.0,0.0,0.0,0.0,0.0,0.0,0.0,0.0,0.008710801393728223,0.0,0.025475357873210636,0.1289172029172029,0.29917271662763467,0.12145009118541034,0.33305900000000005,0.41264647641234714,0.49159408432976714,0.7420424155283969,0.7107745825602968,0.7056355748373102,0.8999197080291972,0.8297024147727272,0.8906141154903758,0.9156081994928149,0.7891272814601346,0.5394692307692307,0.7676477428180575,0.5938866666666667,0.0,0.0,0.0,0.0,0.0,0.0,0.0,0.0,0.0,0.0,0.0,0.0,0.0,0.0,0.0,0.0,0.0,0.0,0.0,0.0,0.0,0.0
3213724, agaW, indel;-15, indel,2.24984,9.999e-05,116,-1.0,0.75,115,0.9,0.179104,PASS,0.0,0.0,0.0,0.0,0.0,0.0,0.0,0.0,0.0,0.0,0.0,0.0,0.0,0.0,0.0,0.0,0.0,0.0,0.0,0.0,0.0,0.0,0.0,0.0,0.0,0.0,0.0,0.0,0.0,0.0,0.0,0.0,0.0,0.0,0.0,0.0,0.0,0.0,0.0,0.0,0.0,0.0,0.0,0.0,0.0,0.0,0.0,0.0,0.0,0.0,0.0,0.0,0.0,0.0,0.0,0.0,0.0,0.0,0.0,0.0,0.0,0.0,0.0,0.0,0.00980392156862745,0.0,0.0,0.023980815347721823,0.058394160583941604,0.014619883040935672,0.47368421052631576,0.1951219512195122,0.11347517730496454,0.16363636363636364,0.18518518518518517,0.14035087719298245,0.30303030303030304,0.4666666666666667,0.631578947368421,0.36220472440944884,0.28169014084507044,0.031496062992125984,0.8292682926829268,0.75,0.2809917355371901,0.13157894736842105,0.0,0.012345679012345678,0.0,0.0234375,0.0,0.12371134020618557,0.34545454545454546,0.42201834862385323,0.23076923076923078,0.047619047619047616,0.06493506493506493,0.02652519893899204,0.02,0.009389671361502348,0.0,0.0,0.0,0.0,0.0,0.0,0.0,0.0,0.0,0.0,0.0,0.0,0.0,0.0,0.0,0.0,0.0,0.0,0.0,0.0,0.06993006993006992,0.0,0.0,0.0,0.0,0.0,0.0,0.0,0.0,0.0,0.0,0.0,0.0,0.0,0.0,0.0,0.0,0.0,0.0
3216597, agaA, C->T, synonymous,2.08694,0.00019998,116,-1.0,0.352941,113,0.9,0.363636,PASS,0.005076142131979695,0.0,0.0,0.0,0.016129032258064516,0.0,0.0,0.0,0.0,0.0,,0.0,0.0,0.0,0.0,0.0,0.0,0.0,0.008264462809917356,0.0,0.0,0.0,0.0,0.0,0.0,0.0,0.0,0.0,0.0,0.0,0.0,0.0,0.0,0.0,0.0,0.0,0.0,0.0,0.0,0.0,0.0,0.0,0.0,0.0,0.0,0.0,0.0,0.0,0.0,0.0,0.0,0.0,0.0,0.0,0.023529411764705882,0.0,0.0,0.0,0.0,0.0,0.0,0.0,0.0,0.0,0.0,0.0,0.0,0.0,0.0,0.0,0.0,0.0,0.0,0.0,0.0,0.0,0.0,0.0,0.0,0.0,0.0,0.019230769230769232,0.0,0.0,0.0,0.0,0.0,0.0,0.0,0.0,0.0,0.0,0.0,0.0,0.0,0.0,0.0,0.0,0.0,0.0,0.0,0.0,0.0,0.0,0.05102040816326531,0.054945054945054944,0.08196721311475409,0.12258064516129032,0.07964601769911504,0.07017543859649122,0.10526315789473684,0.04938271604938271,0.07407407407407407,0.0958904109589041,0.0,0.09090909090909091,0.1,0.0,0.0,0.0,0.0,0.0,0.0,0.0,0.0,0.0,0.00847457627118644,0.0,0.0,0.0,0.0,0.0,0.0,0.0,0.0,0.0,0.0,0.0,0.0
3223670, yraI, indel;-1, indel,2.94283,0.00019998,116,-1.0,0.6,113,0.9,0.6,PASS,0.0,0.0,0.0,0.0,0.0,0.0,0.0,0.0,0.0,0.0,0.0,0.0,0.0,0.0,0.0,0.0,0.0,0.0,0.0,0.0,0.0,0.0,0.018518518518518517,0.0,0.0,0.0,0.0,0.0,0.0,0.0,0.0,0.0,0.0,0.0,0.0,0.0,0.0,0.0,0.0,0.0,0.0,0.0,0.008064516129032258,0.0,0.0,0.0,0.0,0.0,0.0,0.0,0.0,0.0,0.0,0.0,0.0,0.0,0.0,0.0,0.0,0.0,0.0449438202247191,0.0297029702970297,0.012195121951219513,0.047619047619047616,0.07627118644067797,0.09803921568627451,0.09803921568627451,0.15463917525773196,0.03409090909090909,0.03825136612021858,0.04597701149425287,0.0,0.0,0.0,0.0,0.0,0.0,0.0,0.0,0.0,0.0,0.0,0.0,0.0,0.0,0.0,0.0,0.0,0.0,0.0,0.0,0.0,0.0,0.0,0.0,0.0,0.0,0.0,0.0,0.0,0.0,0.0,0.0,0.0,0.0,0.0,0.0,0.0,0.0,0.0,0.0,0.0,0.0,0.0,0.0,0.0,0.0,0.0,0.0,0.0,0.0,0.0,0.0,0.0,0.0,0.0,0.0,0.0,0.0,0.0,0.0,0.0,0.0,0.0,0.0,0.0,0.0,0.0,0.0
3251785, nusA, G->T, missense,2.91514,9.999e-05,116,-1.0,1.0,115,0.9,0.705882,PASS,0.0,0.0,0.0,0.0,0.0,0.0,0.0,0.0,0.0,0.0,0.0,0.0,0.0,0.0,0.0,0.0,0.0,0.0,0.0,0.0,0.0,0.0,0.0,0.0,0.0,0.0,0.0,0.0,0.0,0.0,0.0,0.0,0.0,0.0,0.0,0.0,0.0,0.0,0.0,0.0,0.0,0.0,0.0,0.0,0.0,0.0,0.0,0.0,0.0,0.0,0.0,0.0,0.0,0.0,0.0,0.0,0.0,0.0,0.0,0.0,0.0,0.0,0.0,0.0,0.0,0.0,0.0,0.0,0.0,0.0,0.0,0.0,0.0,0.0,0.018518518518518517,0.0,0.0,0.0,0.0,0.0,0.0,0.0,0.11627906976744186,0.275,0.29411764705882354,0.020833333333333332,0.022222222222222223,0.03571428571428571,0.021505376344086023,0.03125,0.0,0.10909090909090909,0.18867924528301888,0.3783783783783784,0.2777777777777778,0.09230769230769231,0.09259259259259259,0.11904761904761904,0.16666666666666666,0.008695652173913044,0.009433962264150943,0.0,0.0,0.0,0.008264462809917356,0.0,0.013333333333333334,0.0,0.0,0.0,0.0,0.0,0.0,0.0,0.0,0.0,0.0,0.0,0.0,0.0,0.0,0.0,0.0,0.0,0.0,0.0,0.0,0.0,0.0,0.0,0.0,0.0,0.0,0.0,0.0,0.0,0.0,0.0,0.0
3253317, yhbC, C->T, noncoding,4.31101,0.00139986,116,-1.0,0.0254237,115,0.9,0.75,PASS,0.0,0.0,0.024390243902439025,0.0,0.0,0.0,0.0,0.0,0.0,0.0,0.0,0.0,0.0,0.0,0.0,0.0,0.0,0.0,0.18421052631578946,0.1320754716981132,0.0,0.0,0.0,0.0,0.0,0.017094017094017096,0.0,0.0,0.0,0.0,0.0,0.0,0.0,0.0,0.0,0.0,0.0,0.0,0.0,0.0,0.0,0.0,0.0,0.0,0.0,0.0,0.0,0.0,0.0,0.0,0.018518518518518517,0.0,0.0,0.0,0.0,0.0,0.0,0.0,0.0,0.0,0.0,0.0,0.0,0.0,0.009615384615384616,0.0,0.0,0.0,0.0,0.0,0.0,0.0,0.0,0.0,0.0,0.0,0.0,0.0,0.0,0.0,0.0,0.0,0.0,0.0,0.0,0.0,0.0,0.0,0.0,0.0,0.0,0.0,0.0,0.0,0.0,0.0,0.0,0.0,0.0,0.0,0.0,0.0,0.0,0.0,0.0,0.0,0.0,0.0,0.0,0.0,0.0,0.0,0.0,0.0,0.0,0.0,0.0,0.0,0.0,0.0,0.0,0.0,0.0,0.0,0.0,0.0,0.0,0.0,0.0,0.0,0.0,0.0,0.0,0.0,0.0,0.0,0.0,0.0,0.0
3255522, yhbX, MOB_3255522_3255524_IS150_1, sv,3.93972,0.00029997,116,-1.0,1.0,115,0.9,0.666667,PASS,0.0,0.0,0.0,0.0,0.0,0.0,0.0,0.0,0.0,0.0,0.0,0.0,0.0,0.0,0.0,0.0,0.0,0.0,0.0,0.0,0.0,0.0,0.0,0.0,0.0,0.0,0.0,0.0125,0.04390243902439024,0.11734693877551021,0.024242424242424242,0.028901734104046242,0.0,0.0,0.0,0.0,0.0,0.0,0.0,0.0,0.0,0.0038314176245210726,0.0,0.0,0.0,0.0,0.0,0.0,0.0,0.0,0.0,0.0,0.0,0.0,0.0,0.0,0.0,0.0,0.0,0.0,0.0,0.0,0.0,0.0,0.0,0.0,0.0,0.0,0.0,0.0,0.0,0.0,0.0,0.0,0.0,0.0,0.0,0.0,0.0,0.0,0.0,0.0,0.004366812227074236,0.0,0.005649717514124294,0.0,0.0,0.0,0.008298755186721992,0.0,0.0,0.0,0.0,0.0,0.0,0.0,0.0,0.0,0.0,0.0,0.0,0.0,0.0,0.0,0.0,0.0,0.0,0.0,0.0,0.0,0.0,0.0,0.0,0.0,0.0,0.0,0.0,0.0,0.0,0.0,0.0,0.0,0.0,0.0,0.0,0.0,0.0,0.0,0.0,0.0,0.0,0.0,0.0,0.0,0.0,0.0,0.0,0.0,0.0
3260593, hflB, A->C, missense,1.54174,9.999e-05,116,-1.0,0.108108,115,0.9,0.387097,PASS,0.0,0.0,0.0,0.013513513513513514,0.0,0.011363636363636364,0.0,0.0,0.0,0.0,0.0,0.0,0.0,0.0,0.0,0.0,0.0,0.0,0.0,0.0,0.0,0.0,0.0,0.0,0.009523809523809525,0.0,0.0,0.0,0.0,0.0,0.0,0.0,0.0,0.0,0.0,0.0,0.0,0.0,0.011904761904761904,0.0,0.0,0.0,0.0,0.0,0.0,0.0,0.0,0.0,0.0,0.0,0.0,0.0,0.019230769230769232,0.08196721311475409,0.1509433962264151,0.144,0.16666666666666666,0.27906976744186046,0.25,0.27906976744186046,0.11428571428571428,0.21100917431192662,0.2,0.3333333333333333,0.1926605504587156,0.136986301369863,0.30612244897959184,0.25925925925925924,0.29473684210526313,0.20481927710843373,0.31343283582089554,0.1,0.05333333333333334,0.25609756097560976,0.1346153846153846,0.2,0.37209302325581395,0.45714285714285713,0.7341772151898734,0.36893203883495146,0.24193548387096775,0.08860759493670886,0.8192771084337349,0.7906976744186046,0.28,0.0375,0.0,0.0392156862745098,0.009615384615384616,0.010752688172043012,0.0,0.13043478260869565,0.25274725274725274,0.4375,0.2818181818181818,0.03773584905660377,0.045454545454545456,0.07352941176470588,0.08108108108108109,0.0,0.016574585635359115,0.0,0.0,0.0,0.0,0.0,0.0,0.0,0.0,0.0,0.0,0.0,0.0,0.0,0.0,0.0,0.0,0.0,0.0,0.0,0.0,0.0,0.0,0.0,0.0,0.0,0.0,0.0,0.0,0.0,0.0,0.0,0.0,0.0,1.0,0.0,0.0,0.0,0.0
3270443, intergenic, MOB_3270443_3270446_IS150_1, sv,1.19845,9.999e-05,116,-1.0,0.923077,116,0.9,0.857143,PASS,0.0,0.0,0.0,0.005154639175257732,0.07207207207207207,0.12275449101796407,0.0898876404494382,0.15789473684210525,0.031746031746031744,0.0,0.0,0.03333333333333333,0.0125,0.0,0.0,0.0,0.0,0.0,0.0,0.0,0.0,0.0,0.0,0.0,0.0,0.007352941176470588,0.0,0.0,0.004975124378109453,0.0,0.030303030303030304,0.016129032258064516,0.0,0.008928571428571428,0.0,0.0,0.010256410256410256,0.0,0.0,0.006097560975609756,0.009302325581395349,0.003389830508474576,0.004608294930875576,0.004291845493562232,0.0,0.01764705882352941,0.02112676056338028,0.016129032258064516,0.01639344262295082,0.0,0.0196078431372549,0.024844720496894408,0.03333333333333333,0.06060606060606061,0.08176100628930817,0.024096385542168676,0.0,0.0,0.028169014084507043,0.04895104895104895,0.08609271523178808,0.06735751295336788,0.08875739644970414,0.10759493670886076,0.07058823529411765,0.09313725490196079,0.12,0.35185185185185186,0.38513513513513514,0.45454545454545453,0.24242424242424243,0.44680851063829785,0.5031847133757962,0.3925925925925926,0.4032258064516129,0.3005464480874317,0.18478260869565216,0.14473684210526316,0.06,0.12258064516129032,0.1793103448275862,0.03496503496503497,0.1048951048951049,0.058823529411764705,0.10344827586206896,0.12307692307692308,0.37362637362637363,0.2085889570552147,0.043668122270742356,0.27876106194690264,0.7837837837837838,0.9431818181818182,0.7792207792207793,0.6702702702702703,0.8723404255319149,0.9682539682539683,0.9568345323741008,0.9716312056737588,0.963302752293578,0.9863945578231292,0.9885386819484241,1.0,1.0,1.0,1.0,1.0,1.0,1.0,1.0,1.0,1.0,0.968,1.0,1.0,1.0,1.0,1.0,0.0,0.0,0.0,0.0,0.0,0.0,0.0,0.0,0.0,0.0,0.0,0.0,0.0,0.0,0.0,0.0,0.0,0.0,0.0,1.0,1.0,0.9848484848484849
3271926, yrbA, T->C, missense,0.953436,9.999e-05,116,-1.0,0.3,116,0.9,0.444444,PASS,0.0,0.0,0.0,0.0,0.0,0.006622516556291391,0.0,0.0,0.0,0.0,0.0,0.0,0.0,0.0,0.0,0.0,0.0,0.012658227848101266,0.0,0.0,0.0,0.0,0.0,0.0,0.0,0.0125,0.0,0.0,0.0,0.0,0.0,0.0,0.0136986301369863,0.014925373134328358,0.0,0.0,0.0,0.0,0.32558139534883723,0.6741573033707865,0.4742268041237113,0.6694915254237288,0.8307692307692308,0.8962264150943396,0.9104477611940298,0.7704918032786885,0.7808219178082192,0.8125,0.9302325581395349,1.0,0.9130434782608695,0.9824561403508771,0.9361702127659575,0.9852941176470589,1.0,0.9891304347826086,1.0,0.9887640449438202,0.9803921568627451,1.0,0.9848484848484849,1.0,1.0,0.975609756097561,1.0,1.0,1.0,0.9859154929577465,0.9878048780487805,1.0,1.0,0.9682539682539683,1.0,0.9836065573770492,0.9866666666666667,1.0,1.0,1.0,1.0,1.0,1.0,0.9807692307692307,1.0,1.0,1.0,1.0,1.0,1.0,1.0,1.0,1.0,1.0,1.0,0.9878048780487805,1.0,1.0,1.0,1.0,1.0,1.0,1.0,1.0,1.0,1.0,1.0,1.0,1.0,1.0,0.9943502824858758,1.0,1.0,1.0,1.0,1.0,1.0,1.0,1.0,0.0,0.0,0.0,0.0,0.0,0.0,0.0,0.0,0.0,0.0,0.0,0.0,0.0,0.011363636363636364,0.0,0.0,1.0,1.0,1.0,1.0,1.0,0.9818181818181818
3287483, arcB, T->C, missense,1.65961,9.999e-05,116,-1.0,1.0,115,0.9,0.0153846,PASS,0.0,0.0,0.0,0.0,0.0,0.0,0.0,0.0,0.0,0.0,0.0,0.0,0.0,0.0,0.0,0.0,0.0,0.0,0.0,0.0,0.0,0.0,0.014084507042253521,0.0,0.0,0.007751937984496124,0.0,0.0,0.0,0.0,0.0,0.0,0.0,0.0,0.0,0.0,0.0,0.0,0.0,0.0,0.0,0.0,0.0,0.0,0.0,0.0,0.015625,0.0,0.0,0.0,0.0,0.0,0.0,0.0,0.030927835051546393,0.0,0.0,0.0,0.0,0.0,0.0,0.0,0.0,0.0,0.0,0.0,0.009009009009009009,0.0,0.0,0.0,0.0,0.0,0.0,0.0,0.0,0.0,0.0,0.0,0.0,0.0,0.0,0.0,0.06097560975609756,0.012195121951219513,0.021739130434782608,0.10666666666666667,0.43548387096774194,0.24468085106382978,0.015151515151515152,0.30708661417322836,0.6581196581196581,0.8636363636363636,0.6909090909090909,0.4418604651162791,0.7439024390243902,0.9166666666666666,0.9710144927536232,0.863013698630137,1.0,0.9821428571428571,1.0,1.0,0.9523809523809523,1.0,1.0,1.0,0.9876543209876543,1.0,0.9918032786885246,1.0,1.0,1.0,1.0,1.0,1.0,1.0,1.0,0.0,0.0,0.0,0.0,0.0,0.0,0.0,0.0,0.0,0.0,0.0,0.0,0.0,0.0,0.0,0.0,0.0,0.0,0.0,0.0,1.0,0.9803921568627451
3308106, yhcB, G->A, synonymous,0.958129,9.999e-05,116,-1.0,0.230769,115,0.9,0.0328767,PASS,0.0,0.0,0.0,0.0,0.0,0.0,0.0,0.0,0.0,0.0,0.0,0.0,0.0,0.0,0.0,0.0,0.0,0.022727272727272728,0.0,0.0,0.0,0.0,0.0,0.0,0.0,0.0,0.0,0.0,0.0,0.0,0.0,0.0,0.0,0.0,0.0,0.0,0.2631578947368421,0.5,0.7567567567567568,0.935064935064935,0.7157894736842105,0.79,0.8901098901098901,0.9306930693069307,0.8958333333333334,0.7384615384615385,0.875,0.8235294117647058,1.0,1.0,0.98,1.0,1.0,0.9855072463768116,1.0,1.0,1.0,1.0,1.0,0.9850746268656716,0.9852941176470589,0.9651162790697675,1.0,1.0,1.0,1.0,0.9883720930232558,1.0,1.0,1.0,1.0,1.0,0.9714285714285714,1.0,0.9642857142857143,1.0,1.0,1.0,1.0,0.9761904761904762,0.9857142857142858,0.9859154929577465,0.9746835443037974,0.98,1.0,1.0,0.9767441860465116,1.0,1.0,1.0,0.9642857142857143,1.0,0.9846153846153847,0.9818181818181818,0.989247311827957,1.0,1.0,1.0,1.0,1.0,1.0,1.0,1.0,1.0,1.0,1.0,1.0,1.0,1.0,1.0,1.0,0.9705882352941176,1.0,1.0,1.0,1.0,1.0,0.0,0.0,0.0,0.0,0.0,0.0,0.0,0.0,0.0,0.0,0.0,0.0,0.0,0.0,0.0,1.0,1.0,1.0,1.0,1.0,1.0,0.9852941176470589
3312775, argR, G->A, missense,1.66036,9.999e-05,116,-1.0,0.244898,116,0.9,0.0983607,PASS,0.0,0.012658227848101266,0.0,0.007142857142857143,0.0,0.0,0.0,0.0,0.0,0.0,0.0,0.03125,0.0,0.0,0.0,0.0,0.0,0.0,0.0,0.0,0.0,0.0,0.0,0.0,0.0,0.0,0.0,0.0,0.0,0.012345679012345678,0.0,0.012987012987012988,0.010869565217391304,0.0,0.0,0.0,0.0,0.0,0.0,0.0,0.0,0.0,0.0,0.0,0.0,0.012987012987012988,0.0,0.0,0.0,0.0,0.015625,0.00847457627118644,0.0,0.0,0.0392156862745098,0.0,0.0,0.011904761904761904,0.0,0.0,0.0,0.0,0.0,0.0,0.0,0.0,0.0,0.0,0.0,0.0,0.0,0.011111111111111112,0.0,0.0,0.0,0.0,0.0,0.0,0.0,0.0,0.0,0.0,0.0,0.0,0.0,0.012048192771084338,0.0,0.0,0.0,0.09929078014184398,0.27884615384615385,0.4189189189189189,0.6973684210526315,0.532608695652174,0.6448598130841121,0.922077922077922,1.0,0.9305555555555556,0.9210526315789473,0.9683544303797469,1.0,1.0,1.0,1.0,0.9938650306748467,0.981651376146789,1.0,0.9937106918238994,1.0,1.0,1.0,0.9807692307692307,0.9875776397515528,0.994475138121547,1.0,1.0,0.9166666666666666,0.0,0.0,0.0,0.0,0.0,0.0,0.0,0.0,0.027777777777777776,0.0,0.0,0.0,0.0,0.0,0.0,0.0,0.0,0.0,0.0,0.0,1.0,1.0
3312846, argR, A->C, missense,3.99185,9.999e-05,116,-1.0,0.1875,116,0.9,0.0659341,PASS,0.0,0.0,0.0,0.0,0.0,0.0,0.0,0.0,0.0,0.0,0.0,0.0,0.02,0.017857142857142856,0.0,0.0,0.0,0.0,0.0,0.0,0.0,0.0,0.0,0.0,0.0,0.0,0.0,0.02631578947368421,0.0,0.0,0.0,0.0,0.0,0.0,0.0,0.0,0.007407407407407408,0.0,0.008695652173913044,0.0,0.0,0.0,0.0,0.0,0.0,0.0,0.014925373134328358,0.0,0.0,0.0,0.0,0.0,0.0,0.0,0.0,0.0,0.0,0.011363636363636364,0.0,0.0,0.022222222222222223,0.0,0.0,0.0,0.0,0.0,0.008064516129032258,0.0,0.0,0.0,0.0,0.0125,0.0,0.0,0.0,0.008064516129032258,0.0,0.0,0.0,0.009900990099009901,0.008,0.0,0.0,0.0,0.0,0.0,0.0,0.0,0.0,0.0,0.0,0.07575757575757576,0.2328767123287671,0.5274725274725275,0.27,0.02531645569620253,0.05357142857142857,0.06097560975609756,0.02564102564102564,0.017964071856287425,0.005747126436781609,0.0,0.0,0.0,0.006289308176100629,0.0,0.0,0.0,0.0,0.0,0.0,0.0,0.0,0.0,0.0,0.0,0.0,0.0,0.0,0.0,0.0,0.0,0.0,0.0,0.0,0.0,0.0,0.0,0.0,0.0,0.0,0.0,0.0,0.0,0.0,0.0,0.0,0.0,0.0
3312945, argR, G->A, missense,3.52392,0.00219978,116,-1.0,0.545455,116,0.9,0.571429,PASS,0.0,0.0,0.0,0.0072992700729927005,0.0,0.0,0.0,0.0,0.0,0.0,0.0,0.0,0.0,0.0,0.03571428571428571,0.0,0.0,0.0,0.0,0.0,0.015625,0.0,0.0,0.0,0.0,0.0,0.0,0.0,0.0,0.0,0.0,0.0,0.0,0.0,0.0,0.0,0.0,0.0,0.0,0.0,0.0,0.0,0.0,0.0,0.0,0.0,0.0,0.0,0.0,0.0,0.017241379310344827,0.0,0.0,0.013513513513513514,0.0,0.0,0.0,0.012345679012345678,0.0,0.0,0.0,0.0,0.0,0.0,0.0,0.0,0.0,0.0,0.0,0.0,0.0125,0.0,0.0,0.013513513513513514,0.0,0.0,0.0,0.0,0.0,0.0,0.010309278350515464,0.0,0.0,0.013888888888888888,0.0,0.0,0.0,0.02,0.35789473684210527,0.14285714285714285,0.03614457831325301,0.0,0.0,0.0,0.0,0.0,0.014492753623188406,0.0,0.0,0.0,0.0,0.013888888888888888,0.0,0.0,0.0,0.0,0.0,0.0,0.0,0.0,0.0,0.0,0.0,0.0,0.0,0.0,0.0,0.0,0.0,0.0,0.0,0.0,0.0,0.0,0.0,0.0,0.013333333333333334,0.0,0.0,0.0,0.0,0.0,0.0,0.0,0.0,0.0,0.0,0.0,0.0
3313721, intergenic, MOB_3313721_3313732_IS150_-1, sv,3.97678,0.00029997,116,-1.0,0.857143,111,0.9,0.155844,PASS,0.0,0.0,0.0,0.0,0.0,0.0,0.0,0.0,0.0,0.0,0.0,0.0,0.0,0.0,0.0,0.0,0.0,0.0,0.0,0.0,0.0,0.0,0.0,0.0,0.0,0.0,0.0,0.0,0.0,0.0,0.0,0.0,0.0,0.0,0.0,0.0,0.0,0.0,0.0,0.0,0.0,0.0,0.0,0.0,0.018867924528301886,0.0,0.0,0.0,0.0,0.0,0.0,0.0,0.0,0.0,0.0,0.0,0.01,0.0,0.0,0.0,0.0,0.017777777777777778,0.0875,0.11363636363636363,0.096,0.06779661016949153,0.0,0.0,0.03592814371257485,0.0,0.0,0.0,0.0,0.0,0.0,0.0,0.0,0.0,0.0,0.0,0.0,0.0,0.0,0.0,0.0,0.0,0.0,0.0,0.0,0.0,0.0,0.0,0.0,0.0,0.0,0.0,0.0,0.0,0.0,0.0,0.0,0.0,0.0,0.0,0.0,0.0,0.0,0.0,0.0,0.0,0.0,0.0,0.0,0.0,0.0,0.0,0.0,0.0,0.0,0.0,0.0,0.0,0.0,0.0,0.0,0.0,0.0,0.0,0.0,0.0,0.0,0.0,0.0,0.0,0.0,0.0,0.0,0.0,0.0
3328272, mreB, A->G, missense,1.65989,9.999e-05,116,-1.0,0.8,113,0.9,0.387097,PASS,0.0,0.0,0.0,0.0,0.0,0.0,0.0,0.0,0.0,0.0,0.0,0.0,0.0,0.0,0.0,0.0,0.023529411764705882,0.0,0.0,0.0,0.0,0.0,0.0,0.0,0.0,0.00684931506849315,0.0,0.0,0.0,0.0,0.0,0.0,0.0,0.0,0.0,0.0,0.0,0.0,0.0,0.0,0.0,0.006060606060606061,0.0,0.007575757575757576,0.0,0.0,0.0,0.0,0.0,0.0,0.0,0.0,0.0,0.0,0.047619047619047616,0.0,0.0,0.0,0.0,0.0,0.0,0.0,0.0,0.011235955056179775,0.0,0.0,0.0,0.0,0.0,0.0,0.0,0.0,0.0,0.0,0.0,0.0,0.0,0.0,0.0,0.0,0.0,0.0,0.0,0.012195121951219513,0.0,0.029850746268656716,0.2967032967032967,0.13861386138613863,0.02564102564102564,0.2845528455284553,0.6991150442477876,0.9493670886075949,0.6075949367088608,0.5670103092783505,0.7066666666666667,0.9479166666666666,0.9859154929577465,0.9801980198019802,0.956989247311828,0.9634146341463414,0.9928571428571429,1.0,1.0,1.0,0.9844961240310077,0.989010989010989,1.0,1.0,1.0,1.0,1.0,1.0,1.0,0.9942528735632183,1.0,1.0,1.0,0.0,0.0,0.0,0.0,0.0,0.0,0.0,0.0,0.0,0.0,0.0,0.0,0.0,0.0,0.0,0.02564102564102564,0.0,0.0,0.0,0.0,0.9913793103448276,0.9841269841269841
3328402, mreB, G->A, missense,2.41032,0.00669933,116,-1.0,1.0,115,0.9,0.923077,PASS,0.0,0.0,0.02040816326530612,0.0,0.0,0.0,0.0,0.029850746268656716,0.030303030303030304,0.0,0.0,0.0,0.0,0.0,0.0,0.0,0.10476190476190476,0.09375,0.0,0.0,0.0,0.0,0.0,0.0,0.0,0.0,0.0,0.0,0.006172839506172839,0.0,0.0,0.0,0.0,0.0,0.0,0.0,0.0,0.0,0.0,0.0,0.0,0.0,0.0,0.0,0.0,0.0,0.0,0.0,0.0,0.0,0.010752688172043012,0.0,0.0,0.013333333333333334,0.0,0.02197802197802198,0.0,0.0,0.0,0.0,0.0,0.0,0.0,0.0,0.0,0.0,0.0,0.0,0.0,0.008620689655172414,0.0,0.0,0.009345794392523364,0.0,0.0,0.0,0.0,0.0,0.0,0.0,0.0,0.0,0.009009009009009009,0.009615384615384616,0.0,0.0,0.0,0.0,0.0,0.0,0.0,0.0,0.012345679012345678,0.009433962264150943,0.0,0.0,0.020618556701030927,0.0,0.0,0.0,0.0,0.0,0.0,0.0,0.0,0.023255813953488372,0.0,0.0,0.0,0.0,0.0,0.0,0.012195121951219513,0.006666666666666667,0.0,0.0,0.0,0.0,0.0,0.0,0.0,0.0,0.0,0.0,0.0,0.0,0.0,0.0,0.0,0.0,0.0,0.0,0.0,0.0,0.0,0.0,0.0,0.0,0.0
3338108, yhdG, T->G, noncoding,0.94429,9.999e-05,116,-1.0,0.5,112,0.9,0.545455,PASS,0.0,0.0,0.0,0.0,0.0,0.0,0.0,0.0,0.0,0.0,0.0,0.0,0.0,0.0,0.0,0.0,0.0,0.0,0.0,0.03225806451612903,0.0,0.0,0.0,0.07142857142857142,0.359375,0.5185185185185185,0.576271186440678,0.9230769230769231,0.631578947368421,0.8857142857142857,0.6538461538461539,0.8148148148148148,0.6071428571428571,0.5,0.29411764705882354,0.4,0.6506024096385542,0.75,1.0,1.0,1.0,1.0,1.0,1.0,1.0,1.0,1.0,1.0,1.0,1.0,1.0,1.0,1.0,1.0,1.0,1.0,1.0,0.9850746268656716,1.0,1.0,1.0,1.0,0.9848484848484849,1.0,1.0,1.0,1.0,1.0,1.0,0.9929577464788732,1.0,1.0,0.9523809523809523,1.0,1.0,1.0,1.0,1.0,1.0,0.9886363636363636,1.0,1.0,1.0,1.0,1.0,1.0,1.0,1.0,1.0,1.0,0.9857142857142858,1.0,1.0,1.0,1.0,0.9836065573770492,0.9795918367346939,1.0,1.0,1.0,1.0,1.0,1.0,1.0,1.0,1.0,1.0,1.0,1.0,1.0,1.0,1.0,1.0,1.0,1.0,1.0,1.0,0.0,0.0,0.0,0.0,0.0,0.0,0.0,0.0,0.0,0.0,0.0,0.0,1.0,1.0,1.0,1.0,1.0,1.0,1.0,1.0,1.0,1.0
3338860, yhdG, A->C, missense,3.69291,9.999e-05,116,-1.0,0.27907,112,0.9,0.0805369,PASS,0.0,0.0,0.0,0.0,0.0,0.005025125628140704,0.028169014084507043,0.0,0.0,0.0,0.0,0.0,0.0,0.0,0.0,0.0,0.0,0.0,0.0,0.023529411764705882,0.1958762886597938,0.2571428571428571,0.32558139534883723,0.5714285714285714,0.25225225225225223,0.12396694214876033,0.039473684210526314,0.05555555555555555,0.08695652173913043,0.0,0.011834319526627219,0.007462686567164179,0.0,0.010869565217391304,0.0,0.0,0.010752688172043012,0.0,0.0,0.0,0.0,0.0,0.0,0.0,0.01098901098901099,0.0,0.0,0.0,0.0,0.0,0.0,0.0,0.0,0.0,0.0,0.0,0.0,0.013888888888888888,0.0,0.0,0.0,0.0,0.0,0.006756756756756757,0.0,0.0,0.0,0.0,0.0,0.010526315789473684,0.010638297872340425,0.0,0.008849557522123894,0.0,0.0,0.0,0.0,0.0,0.0,0.0,0.010416666666666666,0.0,0.0,0.0,0.0,0.0,0.0,0.0,0.0,0.0,0.0,0.0,0.009174311926605505,0.0,0.0,0.0,0.0,0.0,0.0,0.006802721088435374,0.0,0.0,0.024390243902439025,0.0,0.008695652173913044,0.0,0.0,0.0,0.0,0.0,0.0,0.0,0.0,0.0,0.0,0.0,0.0,0.0,0.0,0.0,0.0,0.0,0.0,0.0,0.0,0.0,0.0,0.0,0.0,0.0,0.0,0.0,0.0,0.0,0.019230769230769232,0.0,0.0,0.0,0.0
3338860, yhdG, A->G, synonymous,2.60624,9.999e-05,116,-1.0,0.285714,112,0.9,0.043956,PASS,0.0,0.0,0.0,0.0,0.0,0.0,0.0,0.0,0.0,0.0,0.0,0.0,0.0,0.0,0.0,0.0,0.0,0.0,0.0,0.0058823529411764705,0.010309278350515464,0.0,0.0,0.0,0.0,0.0,0.013157894736842105,0.1111111111111111,0.06521739130434782,0.0625,0.17159763313609466,0.05970149253731343,0.10526315789473684,0.22826086956521738,0.32592592592592595,0.12244897959183673,0.27419354838709675,0.15789473684210525,0.0,0.0,0.0,0.0,0.0,0.0,0.0,0.008849557522123894,0.0,0.0,0.0,0.0,0.0,0.0,0.0,0.0,0.0,0.0,0.0,0.0,0.0,0.0,0.0,0.0,0.0,0.0,0.0,0.0,0.0,0.0,0.0,0.0,0.0,0.0,0.0,0.0,0.0,0.007462686567164179,0.010752688172043012,0.0,0.0,0.0,0.0,0.0,0.0,0.0,0.0,0.0,0.0,0.0,0.0,0.0,0.0,0.0,0.0,0.0,0.0,0.0,0.0,0.0,0.0,0.0,0.0,0.0,0.0,0.0,0.0,0.0,0.0,0.005917159763313609,0.0,0.0,0.0,0.0,0.0,0.005780346820809248,0.0,0.0,0.0,0.0,0.0,0.0,0.0,0.0,0.0,0.0,0.0,0.0,0.0,0.0,0.0,0.0,0.0,0.0,0.0,0.0,0.0,0.0,0.0,0.0078125,0.0
3339402, fis, A->G, missense,3.62389,0.00169983,116,-1.0,0.705882,116,0.9,0.8,PASS,0.0,0.0,0.0,0.0056179775280898875,0.0,0.0045871559633027525,0.0,0.0,0.0,0.0,0.0,0.0,0.0,0.0,0.0,0.0,0.11304347826086956,0.14942528735632185,0.007407407407407408,0.056,0.0,0.0,0.0,0.0,0.0,0.0,0.0,0.0,0.0,0.0,0.0,0.0,0.0,0.0,0.0,0.0,0.0,0.0,0.0,0.0,0.0,0.0,0.0,0.0,0.0,0.011111111111111112,0.0,0.0,0.0,0.0,0.0,0.0,0.0,0.0,0.0,0.0,0.0,0.0,0.0,0.0,0.0,0.0,0.0,0.0,0.0,0.0,0.0,0.0,0.0,0.014184397163120567,0.0,0.0,0.0,0.0,0.0,0.0,0.0,0.0,0.0,0.0,0.0,0.0,0.0,0.0,0.0,0.0,0.0,0.0,0.005434782608695652,0.0,0.0,0.0,0.0,0.0,0.0,0.0,0.0,0.0,0.0,0.0,0.0,0.0,0.0,0.0,0.0,0.0,0.0,0.0,0.0,0.0,0.0,0.0,0.004830917874396135,0.0,0.0,0.0,0.0,0.0,0.0,0.0,0.0,0.0,0.0,0.0,0.0,0.0,0.0,0.0,0.0,0.0,0.0,0.0,0.0,0.0,0.0,0.0,0.0,0.0,0.0
3339489, yhdJ, G->A, noncoding,3.37978,9.999e-05,116,-1.0,0.666667,115,0.9,0.631579,PASS,0.0,0.0,0.0,0.0,0.0,0.005,0.0,0.0,0.0,0.0,0.0,0.0,0.0,0.0,0.0,0.0,0.0,0.0,0.0,0.0,0.0,0.0,0.0,0.0,0.0,0.006711409395973154,0.0,0.0,0.0,0.0,0.03937007874015748,0.12389380530973451,0.15625,0.1111111111111111,0.02531645569620253,0.2682926829268293,0.07476635514018691,0.0,0.0,0.0,0.0,0.0,0.0,0.0,0.0,0.0,0.0,0.0,0.0,0.0,0.0,0.0,0.0,0.0,0.0,0.0,0.0,0.0,0.0,0.0,0.009259259259259259,0.008695652173913044,0.0,0.01098901098901099,0.0,0.0,0.0,0.0,0.0,0.0,0.0,0.0,0.0,0.0,0.0,0.008620689655172414,0.0,0.0,0.006896551724137931,0.0,0.0,0.0,0.0,0.0,0.0,0.0,0.0,0.0,0.0,0.0,0.0,0.0,0.0,0.0,0.0,0.0,0.0,0.0,0.011363636363636364,0.0,0.008695652173913044,0.0,0.058823529411764705,0.0,0.007692307692307693,0.0,0.0,0.0,0.0,0.0,0.0,0.0,0.0,0.0,0.0,0.0,0.0,0.0,0.0,0.0,0.0,0.0,0.0,0.0,0.0,0.0,0.0,0.0,0.0,0.0,0.0,0.0,0.0,0.0,0.0,0.0,0.0,0.0,0.0
3342789, acrE, A->G, synonymous,3.54192,9.999e-05,116,-1.0,1.0,116,0.9,1.0,PASS,0.0,0.0,0.0,0.019230769230769232,0.0,0.0,0.0,0.0,0.0,0.0,0.0,0.0,0.0,0.0,0.0,0.0,0.022222222222222223,0.0,0.0,0.0,0.014492753623188406,0.0,0.0,0.0,0.0,0.0,0.0,0.0,0.0,0.0,0.0,0.0,0.0,0.0,0.0,0.0,0.01020408163265306,0.0,0.0,0.0,0.0,0.0,0.0,0.0,0.0,0.0,0.0,0.0,0.0,0.0,0.0,0.015625,0.0,0.0,0.0,0.0,0.0,0.0,0.0,0.0,0.0,0.0,0.0,0.0,0.0,0.0,0.0,0.0,0.0,0.0,0.0,0.0,0.0,0.0,0.0,0.0,0.0,0.0,0.0,0.0,0.0,0.013157894736842105,0.0,0.017543859649122806,0.028985507246376812,0.05263157894736842,0.08333333333333333,0.12658227848101267,0.21782178217821782,0.2872340425531915,0.05813953488372093,0.0,0.0,0.0,0.0,0.0,0.0,0.0,0.0,0.015037593984962405,0.0,0.0,0.0,0.0,0.0,0.0,0.0,0.0,0.0,0.0,0.0,0.0,0.0,0.0,0.0,0.0,0.0,0.0,0.0,0.0,0.0,0.0,0.0,0.0,0.0,0.0,0.0,0.0,0.0,0.0,0.0,0.0,0.0,0.0,0.0,0.0,0.0,0.0,0.0
3360525, smf, A->T, missense,2.70397,9.999e-05,116,-1.0,0.923077,115,0.9,1.0,PASS,0.0,0.0,0.0,0.0,0.0,0.006097560975609756,0.0,0.0,0.0,0.0,0.0,0.0,0.0,0.0,0.0,0.0,0.0,0.0,0.0,0.0,0.0,0.0,0.022222222222222223,0.0,0.0,0.0,0.0,0.0,0.0,0.0,0.0,0.0,0.0,0.0,0.0,0.0,0.0,0.0,0.0,0.0,0.0,0.0,0.0,0.0,0.0,0.0,0.0,0.0,0.0,0.022222222222222223,0.0,0.0,0.0,0.0,0.0,0.0,0.0,0.0,0.0,0.0,0.0,0.0,0.0,0.0,0.0,0.0,0.0,0.0,0.0,0.0,0.0,0.0,0.0,0.0,0.0,0.0,0.018867924528301886,0.16,0.171875,0.31645569620253167,0.4691358024691358,0.684931506849315,0.08620689655172414,0.20930232558139536,0.5185185185185185,0.8142857142857143,0.5882352941176471,0.5816326530612245,0.524390243902439,0.5164835164835165,0.26229508196721313,0.0,0.0,0.0,0.0,0.0,0.0,0.0,0.0,0.0,0.007874015748031496,0.0,0.0,0.0,0.0,0.0,0.0,0.0,0.0,0.0,0.0,0.0,0.0,0.0,0.0,0.0,0.0,0.0,0.0,0.0,0.0,0.0,0.0,0.0,0.0,0.0,0.0,0.0,0.0,0.0,0.0,0.0,0.0,0.0,0.0,0.0,0.0,0.0,0.0
3369432, rpsD, T->C, missense,2.25859,9.999e-05,116,-1.0,1.0,115,0.9,0.0023511,PASS,0.0,0.0,0.0,0.0,0.0,0.0,0.0,0.014492753623188406,0.0,0.0,0.0,0.0,0.0,0.0,0.0,0.0,0.01282051282051282,0.0,0.06666666666666667,0.022900763358778626,0.012658227848101266,0.0,0.0,0.0,0.0,0.006024096385542169,0.0,0.0,0.0,0.0,0.0,0.0,0.0,0.0,0.0,0.0,0.0,0.0,0.0,0.0,0.0,0.0,0.0,0.0,0.0,0.0,0.015151515151515152,0.0,0.0,0.0,0.0,0.0,0.0,0.0,0.0,0.0,0.0,0.0,0.0,0.0,0.0,0.0,0.0,0.0,0.0,0.0,0.0,0.0,0.11224489795918367,0.17293233082706766,0.2,0.1590909090909091,0.33980582524271846,0.1834862385321101,0.26605504587155965,0.25190839694656486,0.3684210526315789,0.4772727272727273,0.16101694915254236,0.5471698113207547,0.6,0.7407407407407407,0.07339449541284404,0.22077922077922077,0.6237623762376238,0.8490566037735849,0.5588235294117647,0.76,0.9219858156028369,0.621301775147929,0.18627450980392157,0.0,0.0,0.0,0.0,0.0,0.0,0.0,0.0,0.0,0.0,0.0,0.0,0.0,0.0,0.006944444444444444,0.0,0.0,0.0,0.0,0.0,0.0,0.0,0.0,0.0,0.0,0.0,0.0,0.0,0.0,0.0,0.0,0.0,0.0,0.0,0.0,0.0,0.0,0.0,0.0,0.0,0.0,0.0,0.0,0.0,0.0,0.0,0.0,0.0
3372801, rpsE, A->T, missense,2.05235,9.999e-05,116,-1.0,0.428571,116,0.9,0.285714,PASS,0.0,0.0,0.0,0.0,0.0,0.0,0.0,0.0,0.0,0.0,0.0,0.0,0.0,0.0,0.0,0.0,0.0,0.0,0.0,0.0,0.0,0.0,0.0,0.0,0.0,0.0,0.0,0.0,0.0,0.0,0.0,0.0,0.0,0.0,0.0,0.0,0.0,0.0,0.0,0.0,0.0,0.0,0.0,0.0,0.0,0.0,0.0,0.0,0.0,0.0,0.0,0.014084507042253521,0.0,0.0,0.0660377358490566,0.0,0.0,0.0,0.0,0.0,0.0,0.0,0.0,0.0,0.0,0.0,0.0,0.0,0.0,0.0,0.0,0.0,0.0,0.0,0.0,0.0,0.0,0.0,0.0,0.0,0.0,0.0,0.0,0.0,0.0,0.0,0.0,0.0,0.0,0.0,0.0,0.0,0.0,0.0,0.0,0.0,0.0,0.015384615384615385,0.7843137254901961,0.9308176100628931,0.9875,0.9866666666666667,1.0,1.0,0.987012987012987,1.0,1.0,1.0,0.9933774834437086,0.9923664122137404,1.0,0.9473684210526315,1.0,1.0,1.0,1.0,0.9230769230769231,0.0,0.0,0.0,0.0,0.0,0.0,0.0,0.0,0.0,0.0,0.0,0.0,0.0,0.0,0.0,0.0,0.0,0.0,0.0,0.0,0.0,0.0
3373127, rpsE, T->C, missense,2.5498,0.00489951,116,-1.0,1.0,116,0.9,1.0,PASS,0.0,0.013888888888888888,0.0,0.006097560975609756,0.0,0.0,0.0,0.0,0.0,0.0,0.0,0.0,0.0,0.0,0.0,0.0,0.0,0.0,0.0,0.0,0.0,0.0,0.0,0.0196078431372549,0.11904761904761904,0.29310344827586204,0.047619047619047616,0.06382978723404255,0.008064516129032258,0.011764705882352941,0.0,0.041237113402061855,0.1566265060240964,0.2033898305084746,0.06,0.03333333333333333,0.041237113402061855,0.0,0.0,0.0,0.0,0.0,0.0,0.0,0.0,0.0,0.0,0.0,0.0,0.0,0.0,0.0,0.0,0.0,0.0,0.0,0.0,0.0,0.0,0.0,0.0,0.0,0.0,0.0,0.0,0.0,0.0,0.0,0.0,0.0,0.0,0.0,0.0,0.0,0.0,0.0,0.0,0.0,0.0,0.0,0.0,0.010869565217391304,0.0,0.0,0.0,0.0,0.0,0.0,0.0,0.0,0.0,0.0,0.0,0.0,0.0,0.0,0.0,0.0,0.0,0.0,0.0,0.0,0.0,0.0,0.0,0.009433962264150943,0.0,0.0,0.0,0.0,0.0,0.0,0.0,0.0,0.0,0.0,0.0,0.0,0.0,0.0,0.0,0.0,0.0,0.0,0.0,0.0,0.0,0.0,0.0,0.0,0.0,0.0,0.0,0.0,0.0,0.0,0.0,0.0,0.0
3377569, rpsC, C->T, missense,5.21766,0.00019998,116,-1.0,0.571429,115,0.9,0.24,PASS,0.0,0.0,0.0,0.0,0.0,0.0,0.0,0.0,0.0,0.0,0.0,0.05714285714285714,0.21739130434782608,0.2028985507246377,0.0,0.08695652173913043,0.024691358024691357,0.0,0.0,0.0,0.0,0.0,0.00980392156862745,0.0,0.0,0.0,0.0,0.0,0.0,0.0,0.0,0.0,0.0,0.0,0.0,0.02040816326530612,0.0,0.0,0.0,0.0,0.007751937984496124,0.0,0.0,0.0,0.0,0.0,0.0,0.0,0.0,0.0,0.0,0.0,0.0,0.0,0.0,0.0,0.0,0.0,0.0,0.0,0.0,0.0,0.0,0.0,0.0,0.0,0.0,0.006666666666666667,0.0,0.0,0.0,0.008333333333333333,0.0,0.0,0.0,0.0,0.0,0.0,0.0,0.0,0.0,0.0,0.0,0.0,0.0,0.0,0.0,0.0,0.0,0.0,0.0,0.0,0.0,0.0,0.0,0.0,0.0,0.0,0.0,0.0,0.0,0.0,0.0,0.0,0.0,0.0,0.0,0.0,0.0,0.0,0.0,0.0,0.011363636363636364,0.0,0.0,0.0,0.0,0.0,0.0,0.0,0.0,0.0,0.0,0.0,0.0,0.0,0.0,0.0,0.0,0.0,0.0,0.0,0.0,0.0,0.0,0.0,0.0,0.0,0.0
3385190, gspD, junction_3385190_1_IS150_start, sv,3.39757,0.00419958,116,-1.09297,0.00868936,115,0.9,0.413793,PASS,0.0,0.0,0.0,0.0,0.0,0.0,0.0,0.0,0.0,0.0,0.0,0.0,0.0,0.0,0.0,0.0,0.0,0.0,0.0,0.0,0.0,0.0,0.0,0.0,0.0,0.0,0.0,0.0,0.0,0.0,0.0,0.0,0.0,0.0,0.0,0.0,0.0,0.0,0.0,0.0,0.0,0.0,0.0,0.0,0.0,0.0,0.0,0.0,0.0,0.19047619047619047,0.07317073170731707,0.020833333333333332,0.0,0.0,0.0,0.05970149253731343,0.0,0.0196078431372549,0.0,0.0,0.0,0.0,0.0,0.0,0.0,0.0,0.0,0.0,0.0,0.0,0.0,0.0,0.0,0.0,0.0,0.0,0.0,0.0,0.0,0.0,0.0,0.0,0.0,0.0,0.0,0.0,0.0,0.0,0.0,0.029850746268656716,0.0,0.0,0.0,0.0,0.0,0.0,0.0,0.0,0.0,0.0,0.0,0.0,0.0,0.0,0.0,0.0,0.0,0.0,0.0,0.0,0.0,0.0,0.0,0.0,0.0,0.0,0.0,0.0,0.0,0.0,0.0,0.0,0.0,0.0,0.0,0.0,0.0,0.0,0.0,0.0,0.0,0.0,0.0,0.0,0.0,0.0,0.0,0.0,0.0
3396621, chiA, T->G, missense,5.07836,9.999e-05,116,-1.0,0.8,115,0.9,0.5,PASS,0.0,0.0,0.0,0.0,0.0,0.0,0.0,0.0,0.0,0.0,0.0,0.0,0.0,0.0,0.0,0.0,0.0,0.0,0.0,0.0,0.0,0.0,0.0,0.0,0.0,0.0,0.022727272727272728,0.0,0.0,0.0,0.0,0.0,0.0,0.0,0.0,0.0,0.0,0.0,0.0,0.0,0.0,0.0,0.0,0.0,0.0,0.0,0.0,0.0,0.0,0.0,0.0,0.0,0.0,0.0,0.011627906976744186,0.0,0.0,0.0,0.0,0.0,0.0,0.009900990099009901,0.0,0.010869565217391304,0.0,0.0,0.0,0.0,0.0,0.0,0.0,0.0,0.0,0.0,0.011627906976744186,0.009523809523809525,0.0,0.0,0.0,0.0,0.0,0.0,0.0,0.0,0.0,0.012987012987012988,0.0,0.0,0.0,0.0,0.0,0.0,0.0,0.0,0.05154639175257732,0.3898305084745763,0.5283018867924528,0.6739130434782609,0.12244897959183673,0.02,0.0,0.0,0.0,0.0,0.0,0.02040816326530612,0.0,0.0,0.0,0.0,0.0,0.0,0.0,0.00909090909090909,0.0,0.0,0.0,0.0,0.0,0.0,0.0,0.0,0.0,0.0,0.0,0.0,0.0,0.0,0.0,0.0,0.0,0.0,0.0,0.0,0.0,0.0,0.0,0.0,0.9868421052631579
3407065, kefB, T->C, missense,1.95358,9.999e-05,116,-1.0,0.1875,115,0.9,0.244898,PASS,0.0,0.0,0.0,0.0,0.0,0.0,0.0,0.0,0.0,0.0,0.0,0.0,0.0,0.0,0.0,0.0,0.0,0.0,0.0,0.0,0.0,0.0,0.0,0.0,0.0,0.0,0.0,0.0,0.0,0.0,0.0,0.0,0.0,0.0,0.0,0.0,0.0,0.0,0.0,0.0,0.0,0.0,0.0,0.0,0.0,0.0,0.0,0.0,0.0,0.0,0.0,0.0,0.0,0.0,0.12359550561797752,0.0,0.0,0.0,0.0,0.0,0.0,0.0,0.0,0.0,0.0,0.0,0.0,0.0,0.0,0.0,0.0,0.0,0.0,0.0,0.0136986301369863,0.0,0.0,0.0,0.0,0.0,0.0,0.0,0.0,0.0,0.0,0.0,0.0,0.0,0.0,0.0,0.0,0.0,0.0,0.041666666666666664,0.1076923076923077,0.2608695652173913,0.16666666666666666,0.022727272727272728,0.7777777777777778,0.9814814814814815,0.9793103448275862,1.0,1.0,1.0,0.9904761904761905,1.0,1.0,1.0,1.0,1.0,1.0,1.0,1.0,1.0,1.0,1.0,1.0,0.0,0.0,0.0,0.0,0.0,0.0,0.0,0.0,0.0,0.0,0.0,0.0,0.0,0.0,0.0,0.0,0.0,0.0,0.0,0.0,1.0,0.0
3409316, yheS, T->G, synonymous,0.988004,9.999e-05,116,-1.0,0.75,113,0.9,0.255319,PASS,0.0,0.0,0.0,0.0,0.020833333333333332,0.0,0.0,0.0,0.0,0.0,0.0,0.2,0.6363636363636364,0.7777777777777778,1.0,0.8,0.875,0.9411764705882353,0.9795918367346939,0.9166666666666666,1.0,1.0,1.0,1.0,1.0,1.0,1.0,1.0,1.0,1.0,1.0,1.0,1.0,1.0,1.0,1.0,1.0,1.0,1.0,0.9787234042553191,1.0,1.0,1.0,1.0,1.0,1.0,1.0,1.0,1.0,1.0,1.0,1.0,1.0,1.0,1.0,1.0,1.0,1.0,1.0,1.0,1.0,1.0,1.0,1.0,0.9836065573770492,1.0,1.0,1.0,1.0,1.0,0.98,1.0,1.0,1.0,1.0,1.0,1.0,1.0,1.0,1.0,1.0,1.0,0.9791666666666666,1.0,1.0,1.0,1.0,1.0,1.0,1.0,0.9818181818181818,1.0,0.9787234042553191,1.0,1.0,1.0,1.0,0.9705882352941176,1.0,1.0,1.0,1.0,1.0,1.0,1.0,1.0,1.0,1.0,1.0,1.0,1.0,1.0,1.0,1.0,1.0,1.0,1.0,0.0,0.0,0.0,0.0,0.0,0.0,0.0,0.0,0.0,0.0,1.0,0.9803921568627451,0.9791666666666666,0.9795918367346939,1.0,1.0,1.0,1.0,1.0,1.0,0.9821428571428571,0.9833333333333333
3414095, crp, A->C, missense,2.87011,9.999e-05,116,-1.0,0.857143,115,0.9,0.75,PASS,0.0,0.0,0.0,0.0,0.010752688172043012,0.0,0.009345794392523364,0.0,0.0,0.0,0.0,0.0,0.012345679012345678,0.0,0.0,0.0,0.0,0.0,0.0,0.0,0.0,0.0,0.014598540145985401,0.0,0.0,0.0,0.0,0.0,0.0,0.0,0.0,0.0,0.0,0.0,0.0,0.0,0.0,0.0,0.0,0.0,0.0,0.0,0.0,0.0,0.0,0.0,0.0,0.0,0.0,0.0,0.0,0.0,0.01,0.0,0.0,0.0,0.0,0.0,0.008620689655172414,0.0,0.0,0.0,0.0,0.004629629629629629,0.0,0.13768115942028986,0.25961538461538464,0.35,0.06153846153846154,0.0380952380952381,0.04411764705882353,0.012578616352201259,0.032679738562091505,0.09090909090909091,0.20512820512820512,0.15873015873015872,0.13541666666666666,0.1076923076923077,0.0,0.013793103448275862,0.0,0.0,0.0,0.0,0.007194244604316547,0.0,0.0,0.0,0.005291005291005291,0.0,0.0,0.006578947368421052,0.0,0.0,0.0,0.006134969325153374,0.0,0.0,0.0,0.0,0.0,0.0,0.0,0.0,0.0,0.0,0.0,0.0,0.0,0.0,0.0,0.0,0.0,0.004901960784313725,0.0,0.0,0.0,0.0,0.0,0.0,0.0,0.0,0.0,0.0,0.0,0.0,0.0,0.0,0.0,0.0,0.0,0.0,0.0,0.0,0.0,1.0,0.0,0.0,0.0
3465012, ompR, C->T, missense,4.68498,0.00019998,116,-1.0,0.923077,113,0.9,0.210526,PASS,0.0,0.0136986301369863,0.0,0.0,0.01818181818181818,0.0,0.0,0.0,0.0,0.0,0.0,0.0,0.0,0.0,0.0,0.0,0.0,0.0,0.0,0.0,0.0,0.0,0.0,0.0,0.0,0.0,0.0,0.0,0.0,0.02247191011235955,0.0,0.0,0.0,0.1,0.1326530612244898,0.19230769230769232,0.09259259259259259,0.0,0.0,0.0,0.0,0.0,0.0,0.0,0.0,0.0,0.0,0.0,0.0,0.0,0.0,0.0,0.0,0.0,0.0,0.0,0.01,0.0,0.0,0.0,0.0,0.0,0.0,0.0,0.0,0.0,0.0,0.0,0.0,0.0,0.0,0.0,0.0,0.0,0.0,0.0,0.0,0.0,0.0,0.0,0.0,0.0,0.0,0.0,0.0,0.0,0.0,0.0,0.0,0.0,0.0,0.0,0.0,0.0,0.0,0.0,0.0,0.0,0.0,0.0,0.0,0.0,0.0,0.0,0.0,0.0,0.0,0.0,0.0,0.0,0.0,0.0,0.0,0.0,0.0,0.0,0.0,0.0,0.0,0.0,0.0,0.0,0.0,0.0,0.0,0.0,0.0,0.0,0.0,0.013333333333333334,0.0,0.0,0.0,0.0,0.0,0.0,0.0,0.0,0.0
3475057, intergenic, C->T, noncoding,0.519844,0.00039996,116,-1.0,0.923077,115,0.9,0.8,PASS,0.0,0.0,0.044444444444444446,0.006711409395973154,0.0,0.0,0.0,0.0,0.0,0.0,0.0,0.0,0.0,0.0,0.06666666666666667,0.0,0.09523809523809523,0.23943661971830985,0.11711711711711711,0.16326530612244897,0.09090909090909091,0.22727272727272727,0.06976744186046512,0.07142857142857142,0.044444444444444446,0.07441860465116279,0.07228915662650602,0.14,0.2,0.06578947368421052,0.20930232558139536,0.08333333333333333,0.09836065573770492,0.16666666666666666,0.375,0.08695652173913043,0.13043478260869565,0.18181818181818182,0.0,0.012658227848101266,0.10476190476190476,0.037037037037037035,0.0625,0.014705882352941176,0.16363636363636364,0.12359550561797752,0.17777777777777778,0.28125,0.09433962264150944,0.06779661016949153,0.01818181818181818,0.0625,0.08333333333333333,0.11666666666666667,0.12087912087912088,0.15384615384615385,0.09302325581395349,0.12345679012345678,0.0425531914893617,0.1527777777777778,0.05555555555555555,0.1348314606741573,0.14285714285714285,0.04310344827586207,0.08333333333333333,0.029411764705882353,0.0875,0.06944444444444445,0.045454545454545456,0.02631578947368421,0.05333333333333334,0.031914893617021274,0.05660377358490566,0.04225352112676056,0.021739130434782608,0.030612244897959183,0.041666666666666664,0.09090909090909091,0.046511627906976744,0.09734513274336283,0.11607142857142858,0.08421052631578947,0.0,0.02,0.10416666666666667,0.047619047619047616,0.22727272727272727,0.2261904761904762,0.29347826086956524,0.11224489795918367,0.15,0.0,0.024691358024691357,0.0,0.041237113402061855,0.041666666666666664,0.08928571428571429,0.24528301886792453,0.05454545454545454,0.07692307692307693,0.08641975308641975,0.033783783783783786,0.16666666666666666,0.2,0.20481927710843373,0.11564625850340136,0.14655172413793102,0.15894039735099338,0.0875,0.03225806451612903,0.1794871794871795,0.0392156862745098,0.08974358974358974,0.0958904109589041,0.3333333333333333,0.1,0.14285714285714285,0.0,0.0,0.0,0.0,1.0,0.0,0.0,0.0,0.0,0.0,0.0,0.0,0.0,0.0,0.0,0.0,0.0,0.0,0.0,0.0,0.008928571428571428,0.0
3482144, malT, A->C, missense,3.20558,0.00079992,116,-1.0,1.0,115,0.9,1.0,PASS,0.0,0.021739130434782608,0.0,0.009345794392523364,0.0,0.00909090909090909,0.10526315789473684,0.16129032258064516,0.125,0.1,0.0,0.0,0.0,0.0,0.0,0.0,0.0,0.015151515151515152,0.0,0.0,0.0,0.0,0.0,0.0,0.0,0.0,0.0,0.03333333333333333,0.0,0.0,0.0,0.0,0.0,0.014084507042253521,0.0,0.0,0.0,0.0,0.0,0.0,0.0,0.0,0.0,0.0,0.0,0.0,0.0,0.0,0.0,0.0,0.0,0.0,0.0,0.0,0.0,0.0,0.0,0.0,0.0,0.0,0.0,0.0,0.0,0.015625,0.0,0.0,0.0,0.0,0.0,0.0,0.0,0.0,0.0,0.0,0.018518518518518517,0.0,0.02631578947368421,0.0,0.0,0.0,0.0,0.0,0.0,0.024390243902439025,0.0,0.0,0.0,0.0,0.0,0.0,0.0,0.0,0.0,0.01694915254237288,0.0,0.0,0.0,0.0,0.041666666666666664,0.0,0.0,0.0,0.0,0.0,0.01652892561983471,0.011111111111111112,0.0,0.0,0.0,0.0,0.0,0.0,0.009523809523809525,0.0,0.0,0.0,0.0,0.0,0.0,0.0,0.0,0.0,0.0,0.0,0.014705882352941176,0.0,0.0,0.010309278350515464,0.0,0.0,0.012987012987012988,0.0,0.0,0.0,0.0,0.0,0.02,0.0,0.0
3482397, malT, indel;-25, indel,0.985573,9.999e-05,116,-1.0,0.705882,115,0.9,0.8,PASS,0.0,0.0,0.0,0.0,0.0,0.0,0.03571428571428571,0.17777777777777778,0.75,0.896551724137931,1.0,1.0,1.0,1.0,1.0,1.0,0.9512195121951219,0.8611111111111112,0.9345794392523364,1.0,1.0,1.0,1.0,1.0,1.0,1.0,1.0,1.0,1.0,1.0,1.0,1.0,1.0,1.0,1.0,1.0,1.0,1.0,1.0,1.0,1.0,1.0,1.0,1.0,1.0,1.0,1.0,1.0,1.0,1.0,1.0,1.0,1.0,1.0,1.0,1.0,1.0,1.0,1.0,1.0,1.0,1.0,1.0,1.0,1.0,1.0,1.0,1.0,1.0,1.0,1.0,1.0,1.0,1.0,1.0,1.0,1.0,1.0,1.0,1.0,1.0,1.0,1.0,1.0,1.0,1.0,1.0,1.0,1.0,1.0,0.9473684210526315,1.0,1.0,1.0,1.0,1.0,1.0,1.0,1.0,0.9863013698630136,1.0,1.0,1.0,1.0,1.0,1.0,1.0,1.0,1.0,1.0,1.0,1.0,1.0,1.0,1.0,1.0,1.0,0.0,0.0,0.0,0.0,0.0,0.0,0.0,0.0,1.0,0.0,1.0,1.0,1.0,1.0,1.0,1.0,1.0,1.0,1.0,1.0,1.0,0.9357798165137615
3487923, rtcR, junction_3487923_1_IS150_end, sv,4.10674,0.00079992,116,-1.0,0.26087,115,0.9,0.705882,PASS,0.0,0.0,0.0,0.0,0.0,0.0,0.0,0.0,0.0,0.0,0.0,0.0,0.0,0.0,0.0,0.0,0.0,0.0,0.0,0.0,0.0,0.0,0.0,0.0,0.0,0.0,0.0,0.0,0.0,0.0,0.0,0.0,0.0,0.0,0.0,0.0,0.0,0.0,0.0,0.0,0.0,0.028169014084507043,0.0,0.0,0.0,0.018518518518518517,0.0,0.0,0.0,0.0,0.0,0.0,0.0,0.0,0.0,0.0,0.0,0.0,0.023809523809523808,0.0,0.0,0.0,0.0,0.0,0.0,0.0,0.0,0.0,0.0,0.0,0.0,0.0,0.0,0.0,0.0,0.0,0.0,0.0,0.0,0.0,0.0,0.0,0.0,0.0,0.0,0.0,0.0,0.0,0.0,0.0,0.0,0.0,0.0,0.0,0.0,0.0,0.0,0.0,0.0,0.0,0.0,0.0,0.0,0.0,0.0,0.0,0.0,0.0,0.0,0.0,0.0,0.0,0.011627906976744186,0.0898876404494382,0.5,0.12727272727272726,0.3333333333333333,0.0,0.0,0.0,0.0,0.0,0.0,0.0,0.0,0.0,0.0,0.0,0.0,0.0,0.0,0.0,0.0,0.0,0.0,0.0,0.0,0.0,0.0
3503957, glgB, G->A, missense,2.97104,0.00019998,116,-1.0,1.0,115,0.9,0.545455,PASS,0.0,0.0,0.0,0.0,0.0,0.0,0.0,0.0,0.0,0.0,0.0,0.0,0.0,0.022222222222222223,0.0,0.0,0.0,0.0,0.0,0.0,0.0,0.0,0.0,0.0,0.0,0.006172839506172839,0.0,0.0,0.028846153846153848,0.02459016393442623,0.008403361344537815,0.011904761904761904,0.08870967741935484,0.24742268041237114,0.05128205128205128,0.125,0.06722689075630252,0.0,0.0,0.0,0.0,0.0,0.0,0.0,0.0,0.0,0.0,0.0,0.0,0.0,0.017543859649122806,0.0,0.0,0.0,0.00819672131147541,0.0,0.0,0.0,0.0,0.0,0.0,0.0,0.0,0.0,0.0,0.0,0.0,0.0,0.0,0.008849557522123894,0.0,0.0,0.0,0.0,0.0,0.009900990099009901,0.0,0.0,0.0,0.0,0.0,0.013333333333333334,0.0,0.0,0.0,0.0,0.0,0.0,0.0,0.0,0.0,0.0,0.0,0.0,0.0,0.0,0.0,0.0,0.0,0.0,0.0,0.0070921985815602835,0.0,0.0,0.013071895424836602,0.0,0.0,0.0,0.005128205128205128,0.0,0.0,0.0,0.0,0.0,0.0,0.0,0.0,0.0,0.0,0.0,0.0,0.0,0.0,0.0,0.0,0.0,0.0,0.0,0.0,0.0,0.0,0.0,0.0,0.0,0.0,0.0,0.0,0.0,0.0
3511245, yhhX, MOB_3511245_3511247_IS150_-1, sv,1.91958,9.999e-05,116,-1.0,0.4,116,0.9,0.218182,PASS,0.0,0.0,0.0,0.0,0.0,0.0,0.0,0.0,0.006493506493506494,0.0,0.08333333333333333,0.0,0.028985507246376812,0.0,0.0,0.0,0.0,0.0,0.010101010101010102,0.0,0.0,0.0,0.0,0.0,0.0,0.008368200836820083,0.0,0.013888888888888888,0.0,0.0,0.010810810810810811,0.0,0.0,0.0,0.0,0.0,0.0,0.0,0.0,0.0,0.0,0.0,0.0,0.009216589861751152,0.0,0.0,0.0,0.0,0.0,0.0,0.0,0.0,0.0,0.01818181818181818,0.004310344827586207,0.0,0.0,0.0,0.008620689655172414,0.020942408376963352,0.029850746268656716,0.014925373134328358,0.0,0.013157894736842105,0.021551724137931036,0.1864406779661017,0.03076923076923077,0.052941176470588235,0.04054054054054054,0.08522727272727272,0.04861111111111111,0.05970149253731343,0.06818181818181818,0.08571428571428572,0.029850746268656716,0.00558659217877095,0.0,0.0,0.0,0.005747126436781609,0.0,0.0,0.0,0.03597122302158273,0.0,0.0,0.0,0.0,0.004524886877828055,0.0,0.0,0.0,0.0,0.0,0.0,0.006578947368421052,0.0,0.0,0.0,0.0,0.0,0.0,0.0,0.0,0.0,0.0,0.0058823529411764705,0.0,0.0064516129032258064,0.0,0.0,0.0,0.0,0.0,0.0,0.0,0.0,0.0,0.0,0.0,0.0,0.0,0.0,0.0,0.0,0.0,0.0,0.0,0.0,0.0,0.0,0.0,0.0,0.0,0.0,0.0,0.0,0.0,0.0
3527027, livH, C->A, synonymous,2.3968,0.00049995,116,-1.0,0.631579,116,0.9,0.6,PASS,0.0,0.0,0.0,0.0,0.0,0.005747126436781609,0.0,0.0,0.0,0.0,0.0,0.0,0.0,0.0,0.0,0.0,0.0,0.0,0.0,0.0,0.0,0.0,0.0,0.0,0.0,0.005952380952380952,0.0,0.0,0.0,0.0,0.0,0.0,0.0,0.0,0.0,0.0,0.0,0.0,0.0,0.010416666666666666,0.0,0.0,0.0,0.0,0.0,0.0,0.0,0.0,0.0,0.0,0.01639344262295082,0.0,0.0,0.0,0.0,0.0,0.0,0.0,0.0,0.0,0.0,0.0,0.0,0.0125,0.05128205128205128,0.023529411764705882,0.0,0.010416666666666666,0.0,0.019417475728155338,0.03278688524590164,0.03333333333333333,0.18181818181818182,0.07,0.022988505747126436,0.05128205128205128,0.022727272727272728,0.0,0.0,0.0,0.0,0.0,0.019801980198019802,0.0,0.012658227848101266,0.0,0.0,0.0,0.0,0.0,0.0,0.0,0.0,0.0,0.0,0.0,0.0,0.0,0.0,0.0,0.0,0.0,0.0,0.0,0.0,0.0,0.007518796992481203,0.006172839506172839,0.0,0.0,0.0,0.0,0.006172839506172839,0.0,0.0,0.0,0.0,0.0,0.0,0.0,0.0,0.0,0.0,0.0,0.0,0.0,0.0,0.0,0.0,0.0,0.0,0.0,0.0,0.0,0.0,0.0,1.0,0.0,0.0
3532078, ftsX, T->A, missense,2.85592,0.00379962,116,-1.0,0.444444,115,0.9,0.8,PASS,0.0,0.0,0.0,0.0,0.0,0.0,0.0,0.0,0.0,0.0,0.0,0.0,0.0,0.0,0.0,0.0,0.0,0.0,0.0,0.0,0.0,0.0,0.015873015873015872,0.0,0.0,0.0,0.018518518518518517,0.0,0.0,0.0,0.0,0.0,0.0,0.010752688172043012,0.0,0.0,0.009259259259259259,0.0,0.0,0.0,0.0,0.0,0.0,0.0,0.0,0.011235955056179775,0.0,0.0,0.0,0.0,0.0,0.0,0.0,0.0,0.0,0.0,0.0,0.0,0.0,0.0,0.0,0.0,0.0,0.0,0.0,0.0,0.0,0.0,0.0,0.0,0.0,0.0,0.0,0.0,0.0,0.0,0.0,0.0,0.0,0.0,0.012345679012345678,0.0,0.0,0.0,0.0,0.0,0.0,0.0,0.0,0.0,0.0,0.0,0.0,0.05263157894736842,0.047619047619047616,0.1044776119402985,0.015873015873015872,0.014285714285714285,0.0,0.0,0.0,0.0,0.0,0.0,0.0,0.0,0.0,0.0,0.008,0.0,0.0,0.0,0.0,0.0,0.0,0.0,0.0,0.0,0.0,0.0,0.0,0.0,0.047619047619047616,0.0,0.0,0.0,0.0,0.0,0.0,0.012658227848101266,0.0,0.0,0.0,0.0,0.0,0.0,0.0,0.0,0.0
3533061, ftsE, T->G, missense,4.39579,9.999e-05,116,-1.0,0.857143,112,0.9,0.141176,PASS,0.0,0.0,0.0,0.0049261083743842365,0.0,0.004048582995951417,0.0,0.0,0.0,0.0,0.0,0.0,0.0,0.0,0.0,0.021739130434782608,0.0,0.0,0.0,0.0,0.0,0.0,0.0,0.0,0.0,0.0,0.0,0.0,0.004975124378109453,0.0,0.0,0.0,0.0,0.0,0.0,0.0,0.0,0.0,0.0,0.0,0.0,0.0,0.0,0.0,0.0,0.0,0.0,0.0,0.011235955056179775,0.02,0.0,0.007751937984496124,0.0,0.0,0.00625,0.0,0.0,0.0,0.0,0.007142857142857143,0.0070921985815602835,0.007142857142857143,0.0,0.0,0.0,0.0,0.0,0.0,0.0,0.0,0.0,0.0,0.0,0.0,0.0,0.0,0.0,0.015151515151515152,0.0,0.011111111111111112,0.009009009009009009,0.0,0.0,0.020833333333333332,0.0,0.006802721088435374,0.010416666666666666,0.0,0.0,0.0,0.0,0.0,0.01020408163265306,0.0,0.04,0.2803030303030303,0.4892086330935252,0.7196969696969697,0.04395604395604396,0.0,0.0,0.0,0.0,0.0,0.0,0.0,0.0,0.0,0.0,0.005,0.0,0.0,0.00546448087431694,0.0,0.0,0.0,0.0,0.0,0.0,0.0,0.0,0.0,0.0,0.0,0.0,0.0,0.0,0.0,0.0,0.0,0.012345679012345678,0.0,0.0,0.0,0.0,0.0,0.0,0.0,0.9848484848484849
3533388, ftsE, T->G, missense,0.605069,0.013661,116,-1.0,0.00515685,115,0.9,0.00941915,PASS,0.0,0.029411764705882353,0.022222222222222223,0.04672897196261682,0.0,0.07432432432432433,0.03125,0.0,0.0,0.029411764705882353,0.3333333333333333,0.0,0.02857142857142857,0.0,0.0,0.0,0.0,0.0,0.0,0.0,0.0,0.0,0.05128205128205128,0.0,0.023809523809523808,0.06451612903225806,0.0,0.05714285714285714,0.0,0.0,0.0,0.0,0.0273972602739726,0.02040816326530612,0.05952380952380952,0.027777777777777776,0.019801980198019802,0.08333333333333333,0.02531645569620253,0.0449438202247191,0.0,0.0,0.0,0.0,0.05172413793103448,0.0625,0.0,0.0,0.02631578947368421,0.03571428571428571,0.07142857142857142,0.06756756756756757,0.0,0.01818181818181818,0.0,0.0,0.0,0.029850746268656716,0.04081632653061224,0.013333333333333334,0.02702702702702703,0.0449438202247191,0.0,0.06666666666666667,0.012987012987012988,0.01282051282051282,0.0,0.0,0.011764705882352941,0.010526315789473684,0.0410958904109589,0.029411764705882353,0.1282051282051282,0.06666666666666667,0.05714285714285714,0.03529411764705882,0.0,0.02857142857142857,0.010638297872340425,0.015625,0.07228915662650602,0.037037037037037035,0.014925373134328358,0.0,0.03076923076923077,0.013888888888888888,0.1111111111111111,0.0,0.011904761904761904,0.0,0.0,0.05660377358490566,0.04225352112676056,0.08433734939759036,0.09375,0.06153846153846154,0.05357142857142857,0.06097560975609756,0.09615384615384616,0.022727272727272728,0.015267175572519083,0.009433962264150943,0.08333333333333333,0.0,0.00980392156862745,0.02,0.04938271604938271,0.0,0.014388489208633094,0.008403361344537815,0.010526315789473684,0.015384615384615385,0.034482758620689655,0.04504504504504504,0.0,0.0,0.0,0.0,0.0,0.0,0.0,0.0,0.0,0.0,0.0,0.0,0.0,0.0,0.0,0.0,0.0,0.0,0.0,0.0,0.0,0.0,0.0,0.0,0.0
3536881, yhhN, A->G, missense,1.12315,9.999e-05,116,-1.0,1.0,113,0.9,0.144578,PASS,0.0,0.0,0.0,0.0,0.0,0.014814814814814815,0.0,0.0,0.0,0.0,0.0,0.0,0.0,0.0,0.0,0.0,0.0,0.0,0.0,0.0,0.0,0.0,0.0,0.0,0.0,0.0,0.0,0.0,0.0,0.0,0.0,0.0,0.0,0.0,0.0,0.0,0.0,0.0,0.0,0.011627906976744186,0.0,0.0,0.0,0.0,0.0,0.0,0.0,0.0,0.06818181818181818,0.02702702702702703,0.029411764705882353,0.08695652173913043,0.2972972972972973,0.3148148148148148,0.484375,0.4666666666666667,0.6329113924050633,0.3114754098360656,0.5636363636363636,0.5061728395061729,0.34328358208955223,0.2028985507246377,0.16666666666666666,0.17105263157894737,0.07894736842105263,0.27631578947368424,0.1590909090909091,0.4482758620689655,0.3793103448275862,0.4358974358974359,0.30357142857142855,0.6440677966101694,0.5416666666666666,0.2830188679245283,0.3404255319148936,0.3125,0.17391304347826086,0.18181818181818182,0.07246376811594203,0.12,0.07692307692307693,0.019230769230769232,0.12280701754385964,0.0,0.04,0.1,0.40476190476190477,0.18840579710144928,0.05434782608695652,0.4387755102040816,0.7567567567567568,0.8367346938775511,0.7857142857142857,0.5967741935483871,0.7804878048780488,0.9482758620689655,0.9821428571428571,0.9230769230769231,0.9428571428571428,0.9626865671641791,1.0,1.0,1.0,1.0,1.0,0.989010989010989,0.989247311827957,1.0,1.0,1.0,1.0,1.0,0.9921259842519685,0.984,1.0,0.9777777777777777,1.0,0.02564102564102564,0.0,0.0,0.0,0.0,0.0,0.0,0.015873015873015872,0.0,0.0,0.0,0.0,0.0,0.0,0.0,0.0,0.0,0.0,0.0,1.0,1.0,0.9365079365079365
3537175, zntA, MOB_3537175_3537177_IS150_1, sv,1.00046,9.999e-05,116,-1.0,1.0,116,0.9,1.0,PASS,0.0,0.0,0.0,0.0,0.0,0.0,0.0,0.0,0.0,0.0,0.0,0.0,0.0,0.0,0.0,0.0,0.0,0.0,0.0,0.0,0.0,0.0,0.0,0.0,0.0,0.0,0.0,0.0,0.0,0.0,0.0,0.0,0.0,0.0,0.0,0.0,0.0,0.0,0.0,0.0,0.0,0.0,0.0,0.0,0.0123303125,0.006922205459770115,0.222335,0.24694816053511706,0.5856822977725674,0.023567237163814182,0.0696215796897038,0.11714314118629908,0.4648296943231441,0.39537565674255687,0.4265176534492124,0.4608662790697674,0.4124404761904762,0.5827960251046025,0.49091583333333333,0.4735183137525916,0.35937181996086104,0.23264574314574316,0.11306734902763561,0.12631339401820546,0.1922961262553802,0.3234440270473329,0.1926489936180658,0.4369082407948568,0.49379002233804914,0.5757431488447071,0.35953523357086303,0.5130716723549488,0.6715014985014985,0.51554242204496,0.487187725631769,0.3647445095168375,0.33711053315994793,0.16341889763779527,0.0898722443559097,0.13009777158774374,0.14597179276315791,0.03604661389621811,0.1095173647469459,0.014360992907801419,0.04136682692307692,0.16973548717948717,0.3645721393034826,0.21572768496420047,0.07622746435213885,0.3975747436589314,0.7573728813559323,0.9259154658981749,0.752051510989011,0.5435512073272274,0.8773957286432161,0.9535433571996818,0.9166312201772324,0.8988228527607361,0.9122278338945006,0.9761556511536958,0.9923667462211615,1.0,1.0,1.0,1.0,1.0,0.9955325443786982,0.9933762711864407,0.9983080260303687,0.9977301731996353,1.0,1.0,0.9980697050938337,0.998286022278117,1.0,1.0,1.0,0.0,0.0,0.0,0.0,0.0,0.0,0.0,0.0,0.0,0.0,0.0,0.0,0.0,0.0,0.0,0.0,0.0,0.0,0.0,0.961013358778626,0.9937446448703495,0.987375164257556
3587970, yhiE, T->G, missense,2.11857,0.01712,116,-1.0,1.0,111,0.9,0.666667,PASS,0.0,0.0,0.0,0.0,0.0,0.0,0.0,0.0,0.0,0.06666666666666667,0.0,0.0,0.0,0.0,0.0,0.0,0.0,0.0,0.0,0.0,0.0,0.0,0.0,0.0,0.0,0.0,0.0,0.0,0.0,0.0,0.0,0.0,0.0,0.0,0.0,0.0,0.0,0.0,0.0,0.0,0.0,0.0,0.0,0.0,0.0,0.0,0.0,0.0,0.0,0.0,0.0,0.023255813953488372,0.0,0.0,0.0,0.0,0.0,0.0,0.0,0.021739130434782608,0.0,0.0,0.0,0.0,0.03225806451612903,0.13333333333333333,0.023809523809523808,0.045454545454545456,0.06818181818181818,0.05263157894736842,0.02631578947368421,0.05,0.044444444444444446,0.06557377049180328,0.029411764705882353,0.0,0.0,0.0,0.0,0.0,0.0,0.0,0.0136986301369863,0.0,0.0,0.0,0.0,0.0,0.0,0.0,0.0,0.0,0.0,0.0,0.0,0.0,0.0,0.0,0.0,0.0,0.0,0.0,0.0,0.0,0.0,0.0,0.0,0.0,0.0,0.0,0.0,0.0,0.0,0.0,0.0,0.0,0.0,0.0,0.0,0.0,0.0,0.0,0.0,0.0,0.0,0.0,0.0,0.0,0.0,0.0,0.0,0.0,0.0,0.0,0.0,0.0,0.0,0.0,0.0
3589939, yhiV, MOB_3589939_3589942_IS150_-1, sv,3.09168,9.999e-05,116,-1.0,0.666667,115,0.9,0.342857,PASS,0.0,0.0,0.0,0.0,0.0,0.0,0.0,0.0,0.0,0.0,0.0,0.0,0.0,0.0,0.0,0.0,0.0,0.0,0.0,0.0,0.0,0.0,0.0,0.0,0.0,0.0,0.0,0.0,0.0,0.0,0.0,0.0,0.0,0.0,0.0,0.0,0.0,0.0,0.0,0.0,0.0,0.0,0.0,0.0,0.0,0.0,0.0,0.0,0.0,0.0,0.0,0.0,0.0,0.0,0.0,0.0,0.016203935742971885,0.0,0.012048626045400239,0.00784313725490196,0.009126425339366516,0.012933805537669027,0.01436574074074074,0.014679403202328967,0.053554968492486664,0.049963486370157816,0.10811397557666214,0.06911340206185566,0.18610799522673033,0.13100300902708123,0.08333329886246121,0.0,0.007552509363295879,0.007447562776957163,0.0,0.0,0.0,0.0,0.0,0.005991681521093285,0.0,0.0,0.0,0.0,0.0,0.0,0.0,0.0,0.0,0.0,0.0,0.0,0.0,0.0,0.0,0.0,0.0,0.0,0.0,0.0,0.0,0.0,0.0,0.0,0.0,0.0,0.0,0.0,0.0,0.0,0.0,0.0,0.0,0.0,0.0,0.0,0.0,0.0,0.0,0.029498525073746312,0.0,0.0,0.0,0.0,0.0,0.0,0.0,0.0,0.0,0.0,0.0,0.0,0.0,0.0,0.0,0.0,0.0,0.0,0.0
3599684, treF, G->A, missense,3.6233,0.00109989,116,-1.0,0.0139373,116,0.9,0.375,PASS,0.0,0.0,0.0,0.0,0.0,0.0,0.0,0.0,0.0,0.0,0.0,0.0,0.0,0.0,0.0,0.0,0.0,0.0,0.008849557522123894,0.0,0.0,0.0,0.0,0.0,0.0,0.0,0.0,0.0,0.0,0.0,0.0,0.0,0.0,0.0,0.0,0.0,0.0,0.0,0.0,0.0,0.0,0.0,0.0,0.0,0.014492753623188406,0.0,0.0,0.0,0.0,0.0,0.0,0.0,0.0,0.0,0.03389830508474576,0.20202020202020202,0.2087912087912088,0.01639344262295082,0.06578947368421052,0.041237113402061855,0.019417475728155338,0.011235955056179775,0.0,0.0,0.0,0.0,0.0,0.0,0.0,0.009259259259259259,0.0,0.0,0.0,0.0,0.0,0.0,0.0,0.0,0.0,0.0,0.0,0.0,0.0,0.0,0.0,0.0,0.0,0.0,0.0,0.0,0.0,0.0,0.0,0.009615384615384616,0.0,0.0,0.0,0.0,0.0,0.0,0.0,0.0,0.0,0.0,0.0,0.0,0.0,0.0,0.0,0.0,0.0,0.0,0.007142857142857143,0.0,0.0,0.0,0.0,0.0,0.0,0.0,0.0,0.0,0.0,0.0,0.0,0.0,0.0,0.0,0.0,0.0,0.0,0.0,0.0,0.0,0.0,0.0,0.0,0.0,0.0
3684366, ECB_03438, C->A, missense,1.42778,9.999e-05,116,-1.0,0.0077821,116,0.9,0.857143,PASS,0.0,0.0,0.0,0.0,0.0,0.0,0.0,0.0,0.0,0.0,0.0,0.0,0.0,0.0,0.0,0.0,0.0,0.0,0.0,0.0,0.015151515151515152,0.0,0.0,0.0,0.0,0.0,0.0,0.0196078431372549,0.0,0.0,0.0,0.0,0.0,0.0,0.0,0.0,0.0,0.0,0.0,0.009433962264150943,0.0,0.0,0.0,0.0,0.0,0.0,0.0,0.0,0.0,0.0,0.0,0.0,0.0,0.0,0.06557377049180328,0.0,0.0,0.0,0.0,0.0,0.0,0.0,0.0,0.0,0.0,0.0,0.0,0.0,0.01098901098901099,0.09558823529411764,0.05194805194805195,0.25,0.449438202247191,0.1935483870967742,0.25287356321839083,0.25757575757575757,0.13043478260869565,0.1694915254237288,0.0707070707070707,0.09433962264150944,0.0782608695652174,0.010309278350515464,0.08791208791208792,0.08620689655172414,0.010638297872340425,0.08791208791208792,0.35,0.19148936170212766,0.057971014492753624,0.35172413793103446,0.7350427350427351,0.9090909090909091,0.6842105263157895,0.5299145299145299,0.7959183673469388,0.9491525423728814,0.9666666666666667,0.9651162790697675,0.8571428571428571,0.9760479041916168,0.9894736842105263,1.0,1.0,1.0,1.0,1.0,1.0,1.0,1.0,1.0,1.0,1.0,1.0,0.9943181818181818,1.0,1.0,1.0,0.0,0.0,0.0,0.0,0.0,0.0,0.0,0.0,0.0,0.0,0.012987012987012988,0.0,0.0,0.0,0.0,0.0,0.0,0.0,0.0,0.0,1.0,0.984375
3686164, yiaT, MOB_3686164_3686166_IS150_1, sv,2.16065,0.00019998,116,-1.33885,0.00492813,115,0.9,0.129032,PASS,0.0,0.0,0.0,0.004651162790697674,0.0,0.0,0.0,0.0,0.0,0.0,0.0,0.0,0.0,0.0,0.0,0.0,0.011494252873563218,0.0,0.0,0.0,0.0,0.0,0.007142857142857143,0.0,0.0,0.0,0.0,0.0641025641025641,0.014218009478672985,0.0,0.0,0.0,0.14388489208633093,0.22950819672131148,0.07947019867549669,0.06666666666666667,0.05240174672489083,0.13043478260869565,0.0,0.0,0.0,0.0,0.0,0.0,0.0,0.0056179775280898875,0.0,0.0,0.01639344262295082,0.0,0.0,0.0,0.0,0.0,0.0,0.0,0.0,0.0064516129032258064,0.0,0.0,0.0,0.0,0.005780346820809248,0.0,0.0,0.0,0.0,0.0,0.0,0.0,0.0,0.0,0.0,0.0,0.0,0.0,0.0,0.0,0.0,0.0,0.0,0.0,0.0,0.0,0.0,0.006578947368421052,0.0,0.0,0.008403361344537815,0.0,0.005952380952380952,0.0,0.0,0.0,0.0,0.0,0.0,0.0,0.0,0.0,0.0,0.0,0.0,0.0392156862745098,0.025735294117647058,0.030837004405286344,0.06324110671936758,0.15926892950391644,0.2653061224489796,0.05319148936170213,0.1141552511415525,0.0,0.0,0.0,0.0,0.0,0.0,0.0,0.0,0.0,0.0,0.0,0.0,0.0,0.0,0.0,0.0,0.0,0.0,0.0,0.0,0.0,0.0,0.0,0.01639344262295082,0.0,0.0,0.0,0.0
3707676, mtlA, G->T, missense,2.04387,9.999e-05,116,-1.0,0.666667,115,0.9,0.6,PASS,0.0,0.017241379310344827,0.0,0.006711409395973154,0.013157894736842105,0.016853932584269662,0.0,0.0,0.0,0.0,0.0,0.0,0.0,0.0,0.0,0.0,0.0,0.0,0.0,0.0,0.0,0.0,0.0,0.0,0.0,0.0,0.0,0.0,0.0,0.0,0.0,0.0,0.0,0.0,0.0,0.0,0.0,0.0,0.0,0.0,0.0,0.0,0.0,0.0,0.0,0.0,0.0,0.0,0.0,0.024390243902439025,0.0,0.0,0.0,0.0,0.0,0.0,0.010869565217391304,0.010752688172043012,0.0,0.0,0.01,0.009900990099009901,0.03571428571428571,0.11538461538461539,0.04395604395604396,0.011111111111111112,0.0,0.008547008547008548,0.031914893617021274,0.042735042735042736,0.345679012345679,0.16666666666666666,0.10989010989010989,0.2,0.16216216216216217,0.1797752808988764,0.417910447761194,0.26,0.5981308411214953,0.3979591836734694,0.3333333333333333,0.07042253521126761,0.8205128205128205,0.6881720430107527,0.1896551724137931,0.058823529411764705,0.0,0.02127659574468085,0.007407407407407408,0.051094890510948905,0.0,0.1388888888888889,0.19718309859154928,0.5145631067961165,0.275,0.012048192771084338,0.01282051282051282,0.07954545454545454,0.07142857142857142,0.029940119760479042,0.005263157894736842,0.008620689655172414,0.0,0.0,0.0064516129032258064,0.0,0.008620689655172414,0.0,0.005988023952095809,0.0,0.0,0.0,0.0,0.0,0.0,0.0,0.0,0.0,0.0,0.05,0.0,0.0,0.0,0.0,0.0,0.0,0.0,0.0,0.0,0.015151515151515152,0.0,0.0,0.0,0.0,0.0,0.0,0.0,0.0,0.0
3750659, radC, MOB_3750659_3750661_IS150_1, sv,3.97985,9.999e-05,116,-1.0,0.292683,113,0.9,0.155844,PASS,0.0,0.0,0.0,0.0,0.0,0.0,0.0,0.0,0.0,0.0,0.0,0.0,0.0,0.0,0.0,0.0,0.0,0.0,0.0,0.0,0.0,0.0,0.0,0.0,0.0,0.0,0.0,0.0,0.0149812734082397,0.15,0.055776892430278883,0.032520325203252036,0.012903225806451613,0.012578616352201259,0.0,0.0,0.020491803278688523,0.0,0.01,0.0,0.0,0.0,0.0,0.0,0.0,0.0,0.0,0.0,0.0,0.0,0.0,0.0,0.0,0.0,0.0,0.0,0.0,0.0,0.0,0.0,0.0,0.0,0.0,0.0,0.0,0.0,0.0,0.0,0.0,0.0,0.0,0.0,0.0,0.0,0.0,0.0,0.0,0.0,0.0,0.0,0.0,0.0,0.0,0.0,0.0,0.0,0.0,0.0,0.0,0.0,0.0,0.0,0.0,0.0,0.0,0.0,0.0,0.0,0.0,0.0,0.0,0.0,0.0,0.0,0.0,0.0,0.0,0.0,0.0,0.0,0.0,0.0,0.0,0.0,0.0,0.0,0.0,0.0,0.0,0.0,0.0,0.0,0.0,0.0,0.0,0.0,0.0,0.0,0.0,0.0,0.0,0.0,0.0,0.0,0.0,0.0,0.0,0.0,0.0
3766595, gltS, MOB_3766595_3766597_IS150_-1, sv,1.31828,9.999e-05,116,-1.0,0.631579,113,0.9,0.521739,PASS,0.0,0.0,0.0,0.0,0.0,0.0,0.0,0.0,0.0,0.0,0.0,0.0,0.0,0.0,0.0,0.0,0.0,0.0,0.0,0.0,0.0,0.033444816053511704,0.0,0.0,0.0,0.0,0.0,0.0,0.0,0.0,0.0,0.0,0.0,0.0,0.0,0.0,0.0,0.0,0.0,0.0,0.0,0.0,0.0,0.0,0.0,0.0,0.0,0.0,0.0,0.0,0.0,0.0,0.0,0.0,0.061417361585782634,0.0,0.0,0.0,0.01960334975369458,0.029010740740740743,0.07709642512077294,0.1492061209964413,0.15910261958997723,0.11406517150395779,0.09641201690821256,0.05666385998107852,0.013458950201884253,0.0,0.0,0.0,0.0,0.0,0.04830917874396135,0.04271413881748072,0.17833532219570405,0.06716267763649962,0.032937885462555064,0.06012024048096193,0.06349077167859984,0.07410193452380953,0.08362369337979095,0.03346028547439127,0.07346216216216217,0.04753168789808917,0.02178649237472767,0.07321491442542787,0.3346151603498542,0.1548609775019395,0.13053877995642704,0.2919285371702638,0.7287542435424355,0.8790258358662615,0.74683984375,0.5668737174427783,0.8139902849740932,0.9827402376910017,0.9809197707736389,0.9031325788197251,0.9704101796407187,0.9664753544902093,1.0,1.0,1.0,1.0,1.0,1.0,1.0,1.0,1.0,1.0,1.0,0.9805260570304818,0.9929795352063823,1.0,1.0,1.0,1.0,0.0,0.0,0.0,0.0,0.0,0.0,0.0,0.0,0.0,0.0,0.0,0.0,0.0,0.0,0.0,0.0,0.0,0.0,0.0,0.0,1.0,1.0
3767671, gltS, indel;-15, indel,3.99293,9.999e-05,116,-1.0,1.0,115,0.9,1.0,PASS,0.0,0.0,0.0,0.0,0.0,0.0,0.0,0.0,0.0,0.0,0.0,0.0,0.0,0.0,0.0,0.0,0.0,0.0,0.0,0.0,0.0,0.0,0.0,0.0,0.0,0.0,0.0,0.0,0.0,0.0,0.0,0.0,0.0,0.0,0.0,0.0,0.0,0.0,0.0,0.0,0.0,0.0,0.0,0.0,0.0,0.0,0.0,0.0,0.0,0.0,0.0,0.0,0.0,0.0,0.0,0.0,0.0,0.0,0.0,0.0,0.0,0.0,0.0,0.0,0.0,0.0,0.0,0.0,0.0,0.0,0.0,0.0,0.0,0.0,0.024600246002460024,0.10250569476082005,0.17777777777777778,0.21428571428571427,0.022002200220022,0.07448789571694599,0.018796992481203006,0.04032258064516129,0.0,0.0,0.0,0.0,0.0,0.012919896640826873,0.0,0.0,0.0,0.0,0.0,0.0,0.0,0.0,0.0,0.0,0.0,0.006983240223463688,0.0,0.0,0.0,0.0,0.0,0.0,0.0,0.0,0.0,0.0,0.0,0.0,0.0,0.0,0.0,0.0,0.0,0.0,0.0,0.0,0.0,0.0,0.0,0.0,0.0,0.0,0.0,0.0,0.0,0.0,0.0,0.0,0.0,0.0,0.0,0.0,0.0,0.0,0.0
3801577, yicM, A->T, missense,1.47453,0.011905,116,-1.0,1.0,115,0.9,1.0,PASS,0.0,0.0,0.0,0.0,0.0,0.0,0.0,0.0,0.0,0.0,0.0,0.0,0.0,0.0,0.0,0.0,0.0,0.0,0.0,0.0,0.023255813953488372,0.0,0.0,0.0,0.0,0.01,0.0,0.0,0.0,0.0,0.0,0.0,0.0,0.0,0.0,0.0,0.015151515151515152,0.0,0.022727272727272728,0.0,0.0,0.0,0.0,0.0,0.0,0.0,0.0,0.0,0.0625,0.0,0.0196078431372549,0.0,0.0,0.0,0.0,0.0,0.0,0.0,0.0,0.0,0.0,0.0,0.0,0.0,0.0,0.0,0.0,0.0,0.023255813953488372,0.02247191011235955,0.0,0.0,0.03333333333333333,0.01639344262295082,0.0,0.01818181818181818,0.0,0.0,0.022222222222222223,0.05660377358490566,0.043478260869565216,0.057692307692307696,0.0425531914893617,0.08571428571428572,0.045454545454545456,0.0,0.1111111111111111,0.0,0.0,0.0,0.0,0.0,0.0,0.0,0.0,0.019230769230769232,0.0,0.0,0.0,0.0,0.0,0.0,0.0,0.0,0.0,0.0,0.038461538461538464,0.0,0.015151515151515152,0.0,0.0,0.0,0.0,0.01,0.0,0.0,0.0,0.0,0.0,0.0,0.0,0.0,0.0,0.0,0.0,0.0,0.0,0.0,0.010101010101010102,0.0,0.0,0.0,0.0,0.0,0.0,0.0,0.0,0.0,0.0
3841186, recF, MOB_3841186_3841194_IS150_-1, sv,1.01099,9.999e-05,116,-1.0,0.0863309,115,0.9,0.292683,PASS,0.0,0.0,0.0,0.0,0.0,0.0,0.0,0.0,0.0,0.0,0.0,0.0,0.0,0.0,0.0,0.0,0.0,0.0,0.0,0.0,0.0,0.0,0.0,0.0,0.0,0.0,0.0,0.0,0.0,0.0,0.0,0.0,0.0,0.0,0.0,0.0,0.0,0.0,0.0,0.0,0.0,0.0,0.0,0.0,0.024067388688327317,0.02030030272452069,0.03114914463452566,0.14855211864406778,0.11457068527918782,0.06171995073891626,0.08430273396424816,0.14742941176470586,0.3850020768431983,0.6149363636363637,0.5361333743085434,0.5924297069051168,0.6481107290233837,0.5159675881792183,0.6330063948840927,0.4971611842105263,0.31545676100628933,0.2672787152966794,0.1556549360146252,0.1392003623188406,0.10592857142857143,0.23686735311932164,0.2826839116719243,0.3707285963890507,0.42052196721311474,0.529369825708061,0.4178927038626609,0.636891771019678,0.5447026841018582,0.4070332889480693,0.451260663507109,0.40302959028831564,0.26730844444444446,0.10801587057010785,0.061438786764705884,0.11661231813773036,0.18647837658017297,0.051353076923076925,0.1280562180579216,0.0229848,0.07120591715976331,0.1255189640768588,0.4510800667222685,0.20071063993831922,0.06758369678089304,0.2625531205335874,0.8290183710961421,0.8847690311418686,0.7693313032886724,0.5006913907284768,0.844387114537445,0.9468332175121612,0.9783282258064516,0.9284679536679536,1.0,0.9918149228845352,1.0,0.997867803837953,1.0,1.0,1.0,0.9976905311778291,0.9977324263038548,1.0,1.0,1.0,1.0,0.9826328460877042,0.9980353634577603,0.9969604863221885,1.0,1.0,1.0,0.0,0.0,0.0,0.0,0.0,0.0,0.0,0.0,0.0,0.0,0.0,0.0,0.0,0.0,0.0,0.0,0.0,0.0,0.0,1.0,1.0,1.0
3855788, yieG, G->A, missense,3.62873,9.999e-05,116,-1.0,0.0113529,113,0.9,0.173913,PASS,0.0,0.0,0.0,0.0,0.0,0.0,0.0,0.0,0.009259259259259259,0.0,0.0,0.0,0.0,0.0,0.0,0.0,0.0,0.0,0.0,0.0,0.0,0.0,0.0,0.0,0.008264462809917356,0.014388489208633094,0.0,0.0,0.0,0.0,0.0,0.0,0.0,0.0,0.0,0.0,0.0,0.0,0.010416666666666666,0.0,0.006756756756756757,0.0,0.0,0.0,0.0,0.0,0.011363636363636364,0.13333333333333333,0.1375,0.18032786885245902,0.12371134020618557,0.009708737864077669,0.01282051282051282,0.00980392156862745,0.0,0.0,0.0,0.0,0.0,0.0,0.0,0.0,0.0,0.0,0.0,0.0,0.0,0.0,0.0,0.0,0.010869565217391304,0.0,0.0,0.0,0.0,0.0,0.0,0.0,0.006369426751592357,0.0,0.0,0.0,0.0,0.0,0.0,0.008130081300813009,0.0,0.0,0.012195121951219513,0.013888888888888888,0.0,0.0,0.0,0.0,0.0,0.0,0.0,0.007462686567164179,0.0,0.005681818181818182,0.005235602094240838,0.0,0.0,0.021739130434782608,0.006711409395973154,0.0,0.0,0.0,0.0,0.0,0.005649717514124294,0.0,0.005847953216374269,0.004739336492890996,0.0,0.0,0.0,0.0,0.0,0.0,0.0,0.0,0.0,0.0,0.014285714285714285,0.0,0.0,0.0,0.0,0.0,0.0,0.0,0.0,0.0,0.0,0.0,0.0,0.0,0.0
3858835, yieJ, MOB_3858835_3858843_IS1_-1, sv,3.43283,9.999e-05,116,-1.0,0.705882,115,0.9,0.923077,PASS,0.0,0.0,0.0,0.0,0.0,0.0,0.0,0.0,0.0,0.0,0.0,0.0,0.0,0.0,0.0,0.0,0.0,0.0,0.0,0.0,0.0,0.0,0.0,0.0,0.0,0.0,0.0,0.0,0.0,0.0,0.0,0.0,0.0,0.0,0.0,0.0,0.0,0.0,0.0,0.0,0.0,0.0,0.0,0.0,0.0,0.0,0.0,0.0,0.0,0.0,0.0,0.0,0.0,0.0,0.0,0.0,0.0,0.0,0.0,0.0,0.0,0.0,0.0,0.029850746268656716,0.010869565217391304,0.024193548387096774,0.12962962962962962,0.08843537414965986,0.15436241610738255,0.11836734693877551,0.02857142857142857,0.0,0.018691588785046728,0.0,0.0,0.0,0.0,0.0,0.0,0.0,0.0,0.0,0.0,0.0,0.0,0.0,0.0,0.0,0.0,0.0,0.0,0.0,0.0,0.0,0.0,0.0,0.0,0.0,0.0,0.0,0.0,0.0,0.0,0.0,0.0,0.0,0.0,0.0,0.0,0.0,0.0,0.0,0.0,0.0,0.0,0.0,0.0,0.0,0.0,0.0,0.0,0.0,0.0,0.0,0.0,0.023809523809523808,0.0,0.0,0.0,0.0,0.0,0.0,0.0,0.0,0.0,0.0,0.0,0.0,0.0
3882259, atpB, A->T, synonymous,0.642148,0.00449955,116,-1.0,0.5,116,0.9,0.387097,PASS,0.00411522633744856,0.04054054054054054,0.030303030303030304,0.02040816326530612,0.012987012987012988,0.021929824561403508,0.0,0.0,0.0,0.019230769230769232,0.0,0.0,0.018518518518518517,0.014925373134328358,0.027777777777777776,0.045454545454545456,0.0,0.0,0.0,0.00819672131147541,0.0,0.0,0.038461538461538464,0.02,0.024390243902439025,0.024752475247524754,0.0,0.041666666666666664,0.0,0.0,0.0,0.009708737864077669,0.031578947368421054,0.019230769230769232,0.0,0.0,0.013333333333333334,0.0,0.027972027972027972,0.00819672131147541,0.006329113924050633,0.0,0.007692307692307693,0.0,0.0,0.0,0.08974358974358974,0.06666666666666667,0.04054054054054054,0.125,0.09302325581395349,0.043478260869565216,0.0,0.0,0.013157894736842105,0.0,0.0,0.010416666666666666,0.047619047619047616,0.029411764705882353,0.03496503496503497,0.024390243902439025,0.012195121951219513,0.006993006993006993,0.02040816326530612,0.0,0.0,0.007874015748031496,0.031496062992125984,0.03636363636363636,0.009174311926605505,0.02247191011235955,0.009900990099009901,0.02564102564102564,0.035398230088495575,0.06923076923076923,0.0,0.0,0.0072992700729927005,0.036036036036036036,0.015267175572519083,0.010416666666666666,0.009615384615384616,0.0,0.01,0.0,0.078125,0.00819672131147541,0.0,0.006329113924050633,0.0,0.0,0.039603960396039604,0.009900990099009901,0.04861111111111111,0.009523809523809525,0.016129032258064516,0.01282051282051282,0.0,0.010810810810810811,0.0056179775280898875,0.013605442176870748,0.041666666666666664,0.0,0.023121387283236993,0.01948051948051948,0.034013605442176874,0.0048543689320388345,0.0111731843575419,0.00625,0.0,0.020202020202020204,0.022988505747126436,0.023668639053254437,0.0,0.0,0.0,0.0,0.0,0.0,0.0,0.0,0.0,0.0,0.0,0.0,0.0,0.0,0.0,0.0,0.0,0.0,0.0,0.0,0.0,0.0,0.0,0.0,0.0
3892686, kup, junction_3892686_-1_IS150_start, sv,2.12895,9.999e-05,116,-1.82259,0.00335852,115,0.9,0.631579,PASS,0.0,0.0,0.0,0.0,0.0,0.0,0.0,0.0,0.0,0.0,0.0,0.0,0.0,0.0,0.0,0.0,0.0,0.0,0.0,0.0,0.0,0.0,0.0,0.0,0.0,0.0,0.0,0.0,0.0,0.0,0.0,0.0,0.0,0.0,0.0,0.0,0.0,0.0,0.0,0.0,0.0,0.0,0.0,0.0,0.0,0.0,0.0,0.0,0.0,0.0,0.0,0.0,0.0,0.0,0.0,0.0,0.0,0.0,0.0,0.0,0.0,0.0,0.0,0.0,0.0,0.0,0.0,0.0,0.02247191011235955,0.04395604395604396,0.3787878787878788,0.1864406779661017,0.08888888888888889,0.45,0.21739130434782608,0.20512820512820512,0.20930232558139536,0.29411764705882354,0.5540540540540541,0.3473684210526316,0.2988505747126437,0.020833333333333332,0.9041095890410958,0.7021276595744681,0.3770491803278688,0.06666666666666667,0.0,0.04225352112676056,0.0,0.0196078431372549,0.0,0.08695652173913043,0.22077922077922077,0.2857142857142857,0.22972972972972974,0.03125,0.0,0.047619047619047616,0.02,0.06930693069306931,0.008130081300813009,0.0,0.0,0.0,0.0,0.0,0.0,0.0,0.0,0.0,0.0,0.0,0.0,0.0,0.0,0.0,0.0,0.0,0.0,0.0,0.0,0.0,0.0,0.0,0.0,0.0,0.0,0.0,0.0,0.0,0.0,0.0,0.0,0.0,0.0,0.0,0.0,0.0,0.0
3893549, intergenic, indel;-1;+AG, indel,2.92987,0.00259974,116,-1.0,0.75,113,0.9,0.857143,PASS,0.0,0.0,0.0,0.012738853503184714,0.0,0.01702127659574468,0.0,0.0,0.008620689655172414,0.034482758620689655,0.0,0.0,0.0,0.0,0.04,0.0,0.0,0.0,0.016,0.0,0.0,0.0,0.0,0.0,0.0,0.0,0.0,0.0,0.0,0.0,0.0,0.0,0.0,0.0,0.0,0.0,0.0,0.0,0.0,0.0,0.0,0.0,0.0,0.0,0.0,0.0,0.0,0.0,0.0,0.0,0.0,0.0,0.0,0.014492753623188406,0.0,0.0,0.0,0.0,0.0,0.0,0.011363636363636364,0.0,0.0,0.0,0.0,0.0,0.0,0.0,0.0,0.0,0.0,0.0,0.0,0.0,0.0,0.0,0.0,0.0,0.0,0.0,0.0,0.0,0.0,0.2,0.19736842105263158,0.020833333333333332,0.0,0.057971014492753624,0.18518518518518517,0.12389380530973451,0.05319148936170213,0.0,0.0,0.0,0.0,0.0,0.0,0.0,0.0,0.0,0.0,0.0,0.0,0.0,0.0,0.0,0.0,0.0,0.0,0.0,0.0,0.0,0.0,0.0,0.0,0.0,0.0,0.0,0.0,0.0,0.0,0.0,0.0,0.0,0.0,0.0,0.0,0.0,0.0,0.0,0.0,0.0,0.0,0.0,0.0,0.0,0.0,0.0,0.0
3901135, yieO, junction_3901135_1_IS150_end, sv,0.990764,9.999e-05,116,-1.0,0.705882,116,0.9,0.631579,PASS,0.0,0.034364261168384876,0.9615384615384616,0.9961089494163424,1.0,1.0,1.0,0.9076923076923077,0.9708029197080292,1.0,1.0,1.0,1.0,1.0,1.0,1.0,0.9388335704125178,0.9489795918367347,1.0,1.0,1.0,1.0,1.0,1.0,1.0,1.0,1.0,1.0,1.0,1.0,1.0,1.0,1.0,1.0,1.0,1.0,1.0,1.0,1.0,1.0,1.0,1.0,1.0,1.0,1.0,1.0,1.0,1.0,1.0,1.0,1.0,1.0,1.0,1.0,1.0,1.0,1.0,1.0,1.0,1.0,1.0,1.0,1.0,1.0,1.0,1.0,1.0,1.0,1.0,1.0,1.0,1.0,1.0,1.0,1.0,1.0,1.0,1.0,1.0,1.0,1.0,1.0,1.0,1.0,1.0,1.0,1.0,1.0,1.0,1.0,0.9813084112149533,1.0,1.0,1.0,1.0,1.0,1.0,1.0,1.0,1.0,1.0,1.0,1.0,1.0,1.0,1.0,1.0,1.0,1.0,1.0,1.0,1.0,0.9974554707379135,1.0,1.0,1.0,1.0,,0.0,0.0,0.0,,,1.0,1.0,1.0,1.0,1.0,1.0,1.0,1.0,1.0,1.0,1.0,1.0,1.0,1.0,1.0,0.9852941176470589
3901241, yieO, junction_3901241_1_IS150_end, sv,4.96304,0.00059994,116,-1.0,0.923077,116,0.9,1.0,PASS,0.0,0.025974025974025976,0.2553191489361702,0.015625,0.0,0.0,0.0,0.0,0.0,0.0,0.0,0.0,0.0,0.0,0.0,0.0,0.0,0.0,0.0,0.0,0.0,0.0,0.0,0.0,0.0,0.0,0.0,0.0,0.0,0.0,0.0,0.0,0.0,0.0,0.0,0.0,0.0,0.0,0.0,0.0,0.0,0.0,0.0,0.0,0.0,0.0,0.0,0.0,0.0,0.0,0.0,0.0,0.0,0.0,0.0,0.0,0.0,0.0,0.0,0.0,0.0,0.0,0.0,0.0,0.0,0.0,0.0,0.0,0.0,0.0,0.0,0.0,0.0,0.0,0.0,0.0,0.0,0.0,0.0,0.0,0.0,0.0,0.0,0.0,0.0,0.0,0.0,0.0,0.0,0.0,0.0,0.0,0.0,0.0,0.0,0.0,0.0,0.0,0.0,0.0,0.0,0.0,0.0,0.0,0.0,0.0,0.0,0.0,0.0,0.0,0.0,0.0,0.0,0.0,0.0,0.0,0.0,1.0,0.0,0.0,0.0,1.0,1.0,0.0,0.0,0.0,0.0,0.0,0.0,0.0,0.0,0.0,0.0,0.0,0.0,0.0,0.0,0.0,0.0
3912235, intergenic, C->T, noncoding,3.49937,9.999e-05,116,-1.7924,0.00527937,113,0.9,0.285714,PASS,0.0,0.0,0.0,0.0,0.0,0.0,0.0,0.0,0.0,0.02702702702702703,0.0,0.0,0.0,0.0,0.0,0.0,0.0,0.0,0.0,0.0,0.0,0.0,0.0,0.030303030303030304,0.0,0.0,0.0392156862745098,0.01818181818181818,0.0,0.0,0.01694915254237288,0.10377358490566038,0.1348314606741573,0.08333333333333333,0.03333333333333333,0.32142857142857145,0.049019607843137254,0.1111111111111111,0.0,0.0,0.0,0.0,0.0,0.0,0.0,0.0,0.0,0.0,0.0,0.0,0.0,0.0,0.0,0.0,0.0,0.0,0.0,0.0,0.0,0.0,0.00909090909090909,0.0,0.0,0.0,0.0,0.0,0.0,0.0,0.008928571428571428,0.0,0.0,0.0,0.0,0.0,0.0,0.0,0.0,0.0,0.0,0.0,0.0,0.0,0.0,0.0,0.0,0.0,0.0,0.0,0.0,0.0,0.0,0.0,0.0,0.0,0.0,0.0,0.0,0.0,0.0,0.0,0.0,0.0,0.0,0.0,0.0,0.0,0.0,0.0,0.0,0.0,0.0,0.0,0.0,0.005988023952095809,0.0,0.0,0.0,0.0,0.0,0.0,0.0,0.0,0.0,0.0,0.0,0.0,0.0,0.0,0.0,0.017857142857142856,0.0,0.0,0.0,0.0,0.0,0.0,0.0,0.0,0.0
3949730, hemX, indel;-6;+GGTGCA, indel,0.697905,9.999e-05,116,-1.95751,0.0196078,112,0.9,0.266667,PASS,0.04336513443191674,0.0,0.10204081632653061,0.043668122270742356,0.0,0.02551020408163265,0.07462686567164178,0.0975609756097561,0.044444444444444446,0.0,0.0,0.14285714285714285,0.0,0.16447368421052633,0.13333333333333333,0.0,0.0,0.02857142857142857,0.45263157894736844,0.07017543859649122,0.3188405797101449,0.05,0.0558659217877095,0.03225806451612903,0.04056795131845842,0.3476946334089191,0.030487804878048783,0.11811023622047245,0.07575757575757576,0.07894736842105263,0.3524229074889868,0.07352941176470588,0.4,0.019569471624266144,0.043478260869565216,0.04672897196261683,0.07017543859649122,0.0,0.17964071856287425,0.19148936170212766,0.18944519621109607,0.24045261669024046,0.09363295880149813,0.10542168674698794,0.042735042735042736,0.28112449799196787,0.15479876160990713,0.40229885057471265,0.08547008547008547,0.0,0.05714285714285714,0.02012072434607646,0.37037037037037035,0.06097560975609757,0.0,0.04807692307692308,0.13586956521739132,0.02358490566037736,0.0,0.4424778761061947,0.34530386740331487,0.05102040816326531,0.33158813263525305,0.015527950310559004,0.020920502092050212,0.43037974683544306,0.6419753086419753,0.5040871934604905,0.425531914893617,0.5790960451977402,0.34,0.5274261603375527,0.4954954954954955,0.46816479400749067,0.6862745098039216,0.5873925501432665,0.7352941176470589,0.7792207792207793,0.5537459283387622,0.662878787878788,0.5833333333333334,0.783289817232376,0.45703839122486284,0.3404255319148936,0.56,0.8029197080291971,0.7407407407407407,0.8206106870229007,0.8985507246376812,0.6811594202898551,0.5504587155963302,0.43478260869565216,0.13966480446927376,0.026041666666666668,0.025445292620865142,0.025380710659898477,0.04608294930875576,0.08620689655172414,0.03937007874015748,0.06321112515802782,0.42962962962962964,0.3506787330316742,0.0,0.15384615384615385,0.36796536796536794,0.058027079303675046,0.0,0.043478260869565216,0.36205648081100655,0.09283819628647214,0.2909090909090909,0.0,0.42293233082706766,0.025220680958385876,0.0,0.45454545454545453,1.0,,,,,,,0.0,,,0.0,0.0,0.0,,,,,,,,,0.0,0.11080332409972299
3981782, ECB_03710, MOB_3981782_3981784_IS150_1, sv,0.943443,9.999e-05,116,-1.0,0.705882,115,0.9,0.6,PASS,0.0,0.0,0.0,0.0,0.0,0.0,0.0,0.0,0.0,0.0,0.0,0.0,0.0,0.0,0.0,0.0,0.0,0.0,0.0,0.007073406827880512,0.0,0.0,0.0,0.0,0.0,0.013007893589184473,0.04584047838086476,0.184244327176781,0.2198990042674253,0.4351457753017642,0.3711481715006305,0.5481608730800324,0.4407345971563981,0.4504257274119449,0.36272404614019516,0.37272244094488194,0.6152611275964391,0.598062,0.801443812233286,0.9080968858131487,0.873625,0.9244804539722573,0.8662568191355434,0.8830269080234834,0.8037826941986234,0.7748365448504984,0.9746992481203008,0.9399665144596651,0.9795945663531871,1.0,1.0,1.0,1.0,1.0,1.0,0.9875861008610087,1.0,1.0,1.0,1.0,1.0,1.0,1.0,1.0,1.0,1.0,1.0,1.0,1.0,1.0,1.0,1.0,1.0,1.0,1.0,1.0,1.0,1.0,1.0,1.0,1.0,1.0,1.0,1.0,1.0,1.0,1.0,1.0,1.0,0.9896432264736297,0.9867572559366755,1.0,1.0,1.0,1.0,1.0,1.0,1.0,1.0,1.0,1.0,1.0,1.0,1.0,1.0,1.0,1.0,1.0,1.0,1.0,1.0,1.0,1.0,1.0,1.0,1.0,1.0,0.0,0.0,0.0,0.0,0.0,0.0,0.0,0.0,0.0,0.0,0.0,0.0,0.0,0.0,1.0,1.0,1.0,1.0,1.0,1.0,1.0,0.9896977459016394
3987304, ECB_03715, indel;-1, indel,2.63161,0.013089,116,-1.0,0.545455,116,0.9,0.4,PASS,0.0,0.0,0.0,0.0,0.0,0.0,0.0,0.0,0.0,0.0,0.0,0.0,0.0,0.0,0.0,0.0,0.0,0.0,0.11578947368421053,0.02564102564102564,0.0,0.0,0.0,0.0,0.0,0.0,0.0,0.0,0.0,0.0,0.0,0.0,0.0,0.0,0.017543859649122806,0.0,0.0,0.0,0.0,0.0,0.0,0.0,0.02040816326530612,0.0,0.0,0.0,0.0,0.0,0.0,0.0,0.0,0.0,0.0,0.0,0.0,0.0,0.0,0.0,0.0,0.0,0.0,0.0,0.0,0.0,0.0,0.0,0.0,0.0,0.0,0.0,0.0,0.0,0.0,0.0,0.0,0.0,0.0,0.0,0.0,0.0,0.0,0.0,0.0,0.0,0.0,0.0,0.0,0.0,0.0,0.0,0.010638297872340425,0.0,0.0,0.0,0.0,0.0,0.0,0.0,0.0,0.0,0.0,0.0,0.0,0.0,0.0,0.0,0.0,0.0,0.0,0.0,0.0,0.0,0.006666666666666667,0.0,0.0,0.0,0.0,0.0,0.0,0.0,0.0,0.0,0.0,0.0,0.0,0.0,0.0,0.0,0.0,0.0,0.0,0.0,0.0,0.0,0.0,0.0,0.0,0.0,0.0
3990387, ECB_03719, MOB_3990387_3990389_IS150_-1, sv,1.3623,9.999e-05,116,-1.0,0.352941,116,0.9,0.324324,PASS,0.0,0.0,0.0,0.0,0.0,0.0,0.0,0.015873015873015872,0.0,0.0,0.0,0.0,0.0,0.00980392156862745,0.0,0.0,0.0,0.0,0.0,0.0,0.008849557522123894,0.0,0.0,0.0,0.0045045045045045045,0.0,0.0,0.0,0.009433962264150943,0.0,0.00980392156862745,0.0,0.0,0.005813953488372093,0.0,0.0,0.00510204081632653,0.0,0.0,0.0,0.0,0.0,0.0,0.0,0.0,0.0,0.0,0.0,0.0,0.0,0.0,0.0,0.011111111111111112,0.0,0.04739336492890995,0.0,0.0,0.0,0.0,0.0,0.0,0.0,0.006622516556291391,0.005154639175257732,0.0,0.045454545454545456,0.0871559633027523,0.15625,0.24157303370786518,0.41603053435114506,0.17088607594936708,0.35502958579881655,0.4797297297297297,0.17346938775510204,0.27976190476190477,0.09734513274336283,0.025210084033613446,0.03614457831325301,0.03587443946188341,0.07035175879396985,0.04975124378109453,0.02459016393442623,0.1048951048951049,0.11214953271028037,0.02185792349726776,0.1297709923664122,0.4945054945054945,0.21774193548387097,0.02066115702479339,0.2757201646090535,0.7964071856287425,0.8846153846153846,0.7386363636363636,0.6280487804878049,0.817351598173516,0.9560439560439561,0.9867549668874173,0.8970588235294118,0.9795918367346939,0.9884057971014493,1.0,0.992619926199262,1.0,1.0,1.0,1.0,1.0,0.9941690962099126,0.9941002949852508,1.0,1.0,0.984251968503937,1.0,1.0,1.0,1.0,1.0,0.0,0.0,0.0,0.0,0.0,0.0,0.0,0.0,0.0,0.0,0.0,0.0,0.0,0.0,0.0,0.0,0.0,0.0,0.0,0.0,1.0,1.0
3999710, ubiB, C->T, synonymous,2.25736,9.999e-05,116,-1.0,0.428571,113,0.9,0.48,PASS,0.0,0.0,0.0,0.0,0.0,0.0,0.0,0.0,0.0,0.0,0.0,0.0,0.0,0.0,0.0,0.0,0.0,0.0,0.0,0.0,0.0,0.0,0.0,0.0,0.0,0.0,0.0,0.0,0.0,0.0,0.014084507042253521,0.0684931506849315,0.22857142857142856,0.140625,0.32,0.23529411764705882,0.15476190476190477,0.0,0.22807017543859648,0.11666666666666667,0.24271844660194175,0.25333333333333335,0.11363636363636363,0.07692307692307693,0.14705882352941177,0.2647058823529412,0.11627906976744186,0.17777777777777778,0.1875,0.0,0.0,0.021739130434782608,0.0,0.0,0.0,0.0,0.0,0.0,0.0,0.0,0.0,0.0,0.0,0.0,0.0,0.024390243902439025,0.0,0.0,0.0,0.0,0.0,0.0,0.0,0.0,0.0,0.0,0.0,0.0,0.0,0.0,0.0,0.0,0.0,0.0,0.0,0.0,0.0,0.0,0.0,0.0,0.0,0.0,0.0,0.0,0.0,0.0,0.0,0.0,0.0,0.0,0.0,0.0,0.0,0.0,0.0,0.0,0.0,0.0,0.0,0.0,0.0,0.0,0.0,0.0,0.0,0.0,0.0,0.0,0.0,0.0,0.0,0.0,0.0,0.0,0.0,0.0,0.0,0.0,0.0,0.0,0.0,0.0,0.0,0.0,0.0,0.0,0.0,0.0,0.0
4011651, trkH, T->C, missense,3.68359,9.999e-05,116,-1.0,0.923077,111,0.9,0.171429,PASS,0.0,0.0,0.0,0.0,0.0,0.0,0.0,0.0,0.0,0.0,0.0,0.0,0.0,0.014705882352941176,0.0,0.0,0.0,0.0,0.0,0.0,0.0,0.0,0.0,0.0,0.007246376811594203,0.0,0.0,0.0,0.0,0.0,0.0,0.0,0.0,0.0,0.0,0.0,0.0,0.0,0.0,0.0,0.0,0.0,0.0,0.0,0.0,0.0,0.0,0.0,0.0,0.0,0.0,0.0,0.0,0.0,0.0,0.0,0.010638297872340425,0.06521739130434782,0.05303030303030303,0.08391608391608392,0.10101010101010101,0.13970588235294118,0.13793103448275862,0.01904761904761905,0.007692307692307693,0.0,0.0,0.0,0.0,0.0,0.0,0.0,0.0,0.0,0.0,0.0,0.014084507042253521,0.0,0.0,0.0,0.0,0.0,0.0,0.0,0.0,0.010869565217391304,0.0,0.0,0.0,0.0,0.0,0.0,0.0,0.0,0.0,0.0,0.0,0.0,0.0,0.0,0.0,0.005681818181818182,0.0,0.0,0.006578947368421052,0.0,0.0,0.0,0.0,0.0,0.0,0.0,0.0,0.0,0.0,0.0,0.0,0.0,0.0,0.0,0.0,0.0,0.0,0.0,0.0,0.0,0.0,0.0,0.0,0.0,0.0,0.0,0.0,0.0,0.0,0.0,0.0,0.0,0.0
4023202, yihF, T->C, missense,4.90375,0.00019998,116,-1.0,0.00980392,112,0.9,0.0895522,PASS,0.0,0.0,0.0,0.0,0.0,0.0,0.0,0.0,0.0,0.0,0.0,0.0,0.0,0.0,0.0,0.0,0.0,0.0,0.0,0.0,0.0,0.0,0.0,0.0,0.0,0.0,0.0,0.025,0.0,0.0,0.0,0.01694915254237288,0.1590909090909091,0.20833333333333334,0.13559322033898305,0.0,0.058823529411764705,0.0,0.0,0.0,0.0,0.0,0.0,0.0,0.0,0.0,0.0,0.0,0.0,0.0,0.0,0.0,0.0,0.0,0.0,0.0,0.0,0.0,0.0,0.0,0.0,0.0,0.0,0.0,0.0,0.0,0.0,0.0,0.0,0.0,0.0,0.0,0.0,0.0,0.0,0.0,0.0,0.0,0.0,0.0,0.0,0.0,0.0,0.0,0.0,0.0,0.0,0.0,0.0,0.0,0.0,0.0,0.0,0.0,0.0,0.0,0.0,0.0,0.0,0.0,0.0,0.0,0.0,0.0,0.0,0.0,0.0,0.0,0.0,0.0,0.0,0.0,0.0,0.0,0.0,0.0,0.0,0.0,0.0,0.0,0.0,0.0,0.0,0.0,0.0,0.0,0.0,0.0,0.0,0.0,0.0,0.0,0.0,0.0,0.0,0.0,0.0,0.0,0.0
4047671, yihR, indel;-1, indel,3.29793,0.00129987,116,-1.0,0.272727,111,0.9,0.8,PASS,0.0,0.0,0.0,0.0,0.0,0.0,0.0,0.0,0.0,0.0,0.0,0.0,0.0,0.0,0.0,0.0,0.0,0.0,0.0,0.0,0.0,0.0,0.0,0.0,0.0,0.0,0.0,0.0,0.0,0.0,0.0,0.0,0.0,0.0,0.0,0.0,0.0,0.0,0.0,0.0,0.0,0.0,0.0,0.0,0.0,0.0,0.0,0.0,0.0,0.0,0.0,0.0,0.0,0.0,0.0,0.0,0.0,0.0,0.0,0.017241379310344827,0.04878048780487805,0.10465116279069768,0.07894736842105263,0.021739130434782608,0.0,0.0,0.0,0.03225806451612903,0.012658227848101266,0.014925373134328358,0.015151515151515152,0.016666666666666666,0.0,0.0,0.0,0.0,0.0,0.0,0.0,0.0,0.0,0.0,0.0,0.0,0.0,0.0,0.0,0.0,0.0,0.0,0.0,0.0,0.0,0.0,0.0,0.0,0.0,0.0,0.0,0.0,0.0,0.0,0.0,0.0,0.0,0.0,0.0,0.0,0.0,0.0,0.0,0.0,0.0,0.0,0.0,0.0,0.0,0.0,0.0,0.0,0.0,0.0,0.0,0.0,0.0,0.0,0.0,0.0,0.0,0.0,0.0,0.0,0.0,0.0,0.0,0.0,0.0,0.0,0.0
4047675, yihR, junction_4047675_-1_IS150_start, sv,1.00287,9.999e-05,116,-1.0,0.109091,111,0.9,0.00059994,PASS,0.0,0.0,0.0,0.0,0.0,0.0,0.0,0.0,0.0,0.0,0.0,0.0,0.0,0.0,0.0,0.0,0.0,0.0,0.0,0.0,0.0,0.0,0.0,0.0,0.0,0.0,0.0,0.0,0.0,0.0,0.0,0.0,0.0,0.0,0.0,0.0,0.0,0.0,0.0,0.0,0.0,0.0,0.0,0.0,0.0,0.0,0.0,0.0,0.10526315789473684,0.043478260869565216,0.0,0.04285714285714286,0.4444444444444444,0.5128205128205128,0.41975308641975306,0.35443037974683544,0.5714285714285714,0.40963855421686746,0.6666666666666666,0.48214285714285715,0.3157894736842105,0.23376623376623376,0.2222222222222222,0.12048192771084337,0.15053763440860216,0.20588235294117646,0.18666666666666668,0.3448275862068966,0.3888888888888889,0.5,0.36065573770491804,0.66,0.4482758620689655,0.36585365853658536,0.5211267605633803,0.37,0.2631578947368421,0.16666666666666666,0.04838709677419355,0.18072289156626506,0.07692307692307693,0.013157894736842105,0.125,0.07936507936507936,0.07575757575757576,0.15384615384615385,0.4186046511627907,0.23684210526315788,0.0,0.37735849056603776,0.8235294117647058,0.9,0.75,0.5526315789473685,0.7010309278350515,0.9830508474576272,0.8723404255319149,0.9545454545454546,0.9512195121951219,0.9921875,1.0,1.0,1.0,1.0,1.0,1.0,1.0,1.0,1.0,1.0,1.0,1.0,1.0,1.0,1.0,1.0,1.0,0.0,0.0,0.0,0.0,0.0,0.0,0.0,0.0,0.0,0.0,0.0,0.0,0.0,0.0,0.0,0.0,0.0,0.0,0.0,1.0,1.0,1.0
4049580, yihS, MOB_4049580_4049582_IS150_-1, sv,0.939603,9.999e-05,115,-1.0,0.387097,113,0.9,0.2,PASS,0.0,0.0,0.0,0.03227091633466135,0.010416700819672131,0.0034620701395982295,0.018433179723502304,0.019880715705765408,0.013792617908407382,0.013445970937912813,0.0,0.0,0.017909154929577464,0.014431630276564774,0.05618635097493037,0.0351885813148789,0.010750000000000001,0.016462612244897958,0.017513134851138354,0.039327183833116036,0.055224726277372266,0.05668774373259053,0.05373366816143498,0.013386880856760375,0.03452065404475042,0.04700377030162413,0.016484440842787683,0.041684221311475415,0.028204985955056182,0.08803133956386293,0.10112791392707711,0.1048228176318064,0.11408381625441695,0.11376879100281162,0.04895408587257618,0.04784688995215311,0.025374310235219324,0.0,0.057024522968197884,0.08242535315985129,0.05195736334405145,0.04399800884955752,0.0,0.024035748218527317,0.018957345971563982,0.03789682779456193,0.16947906382978722,0.26578383045525905,0.41874231177094384,0.21839599383667177,0.0949577033492823,0.19198016230838594,0.2593067885117494,0.42118210361067504,0.5137594752186588,0.5491732178547635,0.712421697287839,0.803853734439834,0.7460394904458599,0.711475040257649,0.45214123222748814,0.4295822259136212,0.3475781420765027,0.4952933006535947,0.40130669710806693,0.41251509186351704,0.44563202725724027,0.5448004569687738,0.784813909774436,0.7109248759744862,0.8190352941176471,0.5690350877192983,0.5555555555555556,0.6399794921874999,0.5404011834319526,0.35528421701602964,0.4352245540398741,0.49187635239567234,0.7653731343283583,0.7070707070707071,0.4515729099157485,0.16733642930856552,0.9524481658692184,0.8240996275605215,0.3920187192118227,0.12491750192752506,0.21262441860465114,0.1664315012305168,0.07884660194174758,0.3016645236703682,0.6544025423728813,1.0,1.0,1.0,1.0,1.0,1.0,1.0,1.0,1.0,1.0,1.0,1.0,1.0,1.0,1.0,1.0,1.0,1.0,1.0,1.0,0.9243501259445843,1.0,1.0,1.0,1.0,1.0,0.0,0.0,0.0,0.0,0.0,0.0,0.0,0.0,0.03663003663003663,0.0,0.0,0.0,0.0,0.0,1.0,0.0,0.013602369077306734,1.0,0.0,1.0,1.0,1.0
4049580, yihS, MOB_4049580_4049582_IS150_1, sv,2.43082,9.999e-05,91,-4.86385,9.999e-05,91,0.9,0.6,PASS,0.0,0.0,0.0,0.0,0.0,0.003389830508474576,0.0,0.0,0.0,0.0,0.0,0.0,0.0,0.0,0.0,0.0,0.0,0.016260162601626018,0.011627906976744186,0.0,0.009082652134423252,0.0,0.008928571428571428,0.02666666666666667,0.0,0.005773672055427252,0.0,0.04073319755600815,0.006993006993006993,0.0,0.005952380952380952,0.0,0.028129395218002815,0.0,0.006891798759476223,0.023809523809523808,0.0,0.0,0.0,0.014803849000740193,0.0,0.0,0.0,0.017740981667652277,0.0,0.007518796992481203,0.00847457627118644,0.015625,0.0,0.0,0.01904761904761905,0.017953321364452424,0.025974025974025976,0.03125,0.036231884057971016,0.013245033112582781,0.0,0.0,0.0,0.0,0.009433962264150943,0.008264462809917356,0.0,0.0,0.007575757575757576,0.0,0.0,0.0,0.0,0.0,0.010638297872340425,0.046511627906976744,0.012690355329949238,0.009708737864077669,0.011764705882352941,0.0,0.0,0.0,0.005714285714285714,0.0,0.0,0.0,0.0,0.0,0.049019607843137254,0.14581734458940904,0.1736111111111111,0.29411764705882354,0.08370895041854474,0.0,0.0,,,,,,,,,,,,,,,,,,,,,0.0,,,,,,0.0,0.0,0.0,0.0,0.0,0.0,0.0,0.0,0.0,0.0,0.0,0.0,0.0,0.0,,0.0,0.01218026796589525,,0.0,,,
4052689, yihV, C->T, synonymous,2.1388,0.00049995,116,-1.0,0.75,115,0.9,0.8,PASS,0.005714285714285714,0.022727272727272728,0.0,0.011363636363636364,0.0,0.009433962264150943,0.0,0.0,0.0,0.043478260869565216,0.0,0.0,0.0,0.0,0.0,0.0,0.0,0.0,0.0,0.0,0.03125,0.0,0.0,0.0,0.0,0.0,0.02127659574468085,0.0,0.0,0.0,0.0,0.0,0.0,0.0,0.0,0.0,0.0,0.0,0.0,0.0,0.0,0.0,0.0,0.0,0.022727272727272728,0.0,0.0,0.0,0.0,0.0,0.0,0.0,0.0,0.0,0.0,0.0,0.0,0.0,0.0,0.0,0.0,0.0,0.0,0.0,0.0,0.0,0.0,0.0,0.0,0.0,0.0,0.0,0.0,0.0,0.0,0.0,0.0,0.0,0.0,0.0,0.0,0.0,0.0,0.0,0.0,0.0,0.0,0.0,0.0,0.0,0.0,0.0,0.0,0.0,0.0,0.0,0.0,0.0,0.0,0.0,0.0,0.0,0.0,0.0,0.0,0.011111111111111112,0.0,0.045871559633027525,0.052083333333333336,0.03125,0.2125,0.08108108108108109,0.06666666666666667,0.07547169811320754,0.14285714285714285,0.13793103448275862,0.0,0.0,0.0,0.0,0.0,0.0,0.0,0.0,0.0,0.0,0.0,0.0,0.0,0.0,0.0,0.0,0.0,0.0,0.0,0.0,0.0,0.0,0.0
4057062, intergenic, T->C, noncoding,4.66187,9.999e-05,116,-1.0,0.110092,113,0.9,0.631579,PASS,0.0,0.0,0.0,0.0,0.0,0.0,0.0,0.03333333333333333,0.719626168224299,0.4146341463414634,0.5,0.35714285714285715,0.5517241379310345,0.15555555555555556,0.2,0.05263157894736842,0.020833333333333332,0.023529411764705882,0.0,0.0,0.0,0.0,0.0,0.0,0.0,0.0,0.0,0.0,0.0,0.0,0.0,0.0,0.0,0.0,0.0,0.0,0.0,0.0,0.0,0.0,0.0,0.0,0.0,0.0,0.0,0.0,0.0,0.0,0.0,0.0,0.0,0.0,0.02040816326530612,0.0,0.0,0.0,0.0,0.0,0.0,0.0,0.0,0.0,0.0,0.0,0.0,0.0,0.0,0.00847457627118644,0.0,0.0,0.0,0.0,0.0,0.0,0.0,0.0,0.0,0.0,0.0,0.0,0.0,0.0,0.0,0.0,0.0,0.0,0.0,0.0,0.0,0.0,0.0,0.0,0.0,0.0,0.0,0.0,0.0,0.0,0.02564102564102564,0.0,0.0,0.0,0.0,0.0,0.0,0.0,0.0,0.0,0.0,0.0,0.0,0.0,0.0,0.0,0.0,0.0,0.0,0.0,0.0,0.0,0.0,0.0,0.0,0.0,0.0,1.0,0.0,0.0,0.0,0.0,0.0,0.0,0.0,0.0,0.0,0.0,0.0,0.0,0.0
4079277, rhaT, A->G, missense,6.5366,9.999e-05,116,-1.0,0.375,116,0.9,0.27907,PASS,0.0,0.0,0.0,0.0,0.0,0.0,0.0,0.0,0.0,0.0,0.0,0.1111111111111111,0.23076923076923078,0.2972972972972973,0.0,0.06666666666666667,0.0,0.0,0.0,0.0,0.0,0.0,0.0,0.0,0.0,0.0,0.0,0.0,0.0,0.0,0.0,0.0,0.0,0.0,0.0,0.0,0.0,0.0,0.0,0.0,0.0,0.0,0.0,0.0,0.0,0.0,0.0,0.0,0.0,0.0,0.0,0.0,0.0,0.0,0.0,0.0,0.0,0.0,0.015873015873015872,0.0,0.010101010101010102,0.0,0.0,0.0,0.0,0.0,0.0,0.0,0.0,0.0,0.0,0.02127659574468085,0.0,0.0,0.0,0.0,0.0,0.0,0.0,0.0,0.0,0.0,0.0,0.0,0.0,0.0,0.0,0.0,0.0,0.008333333333333333,0.0,0.0,0.0,0.0,0.0,0.0,0.0,0.013888888888888888,0.0,0.0,0.0,0.0,0.0,0.0,0.0,0.0,0.0,0.0,0.0,0.0,0.0,0.0,0.0,0.0,0.0,0.0,0.0,0.0,0.0,0.0,0.0,0.0,0.0,0.0,0.0,0.0,0.0,0.0,0.0,0.0,0.0,0.0,0.0,0.0,0.0,0.0,0.0,0.0,0.0
4082367, yiiM, G->A, missense,3.23619,9.999e-05,116,-1.0,0.923077,116,0.9,0.857143,PASS,0.0,0.0,0.0,0.0,0.0,0.0,0.0,0.0,0.0,0.0,0.0,0.0,0.0,0.0,0.0,0.0,0.0,0.0,0.0,0.0,0.0,0.0,0.0,0.01639344262295082,0.008,0.0,0.0,0.0,0.0,0.0,0.0,0.0,0.0,0.0,0.0,0.02,0.0,0.0,0.0,0.0,0.0,0.011764705882352941,0.0,0.0,0.0,0.0,0.0,0.0,0.0,0.0,0.0,0.0,0.017857142857142856,0.0,0.0,0.0,0.0,0.0,0.0,0.0,0.0,0.0,0.0,0.0,0.0,0.0,0.0,0.0,0.0,0.0,0.0,0.0,0.014492753623188406,0.0,0.0,0.0,0.0,0.0,0.0,0.0,0.0,0.0,0.0,0.013333333333333334,0.0297029702970297,0.08421052631578947,0.125,0.11504424778761062,0.05755395683453238,0.0728476821192053,0.04065040650406504,0.0,0.0,0.0,0.0,0.0,0.0,0.0,0.0,0.0,0.0,0.0,0.0,0.0,0.0,0.0,0.0,0.0,0.0,0.0,0.0,0.0,0.0,0.0,0.0,0.0,0.0,0.0,0.0,0.0,0.0,0.0,0.0,0.0,0.0,0.0,0.0,0.0,0.0,0.0,0.0,0.0,0.0,0.0,0.0,0.0,0.0,0.0,0.0
4092861, yiiT, MOB_4092861_4092863_IS150_-1, sv,1.50453,9.999e-05,116,-1.0,0.923077,115,0.9,0.6,PASS,0.0,0.0,0.0,0.00392156862745098,0.0,0.003076923076923077,0.0,0.0,0.0,0.0,0.0,0.041666666666666664,0.0,0.0,0.0,0.0,0.009009009009009009,0.0,0.0,0.0,0.0,0.0,0.0,0.0,0.0,0.0,0.0,0.0,0.0,0.0,0.0,0.0078125,0.0,0.011363636363636364,0.009345794392523364,0.0,0.0,0.0,0.0,0.0,0.008928571428571428,0.0,0.0,0.009615384615384616,0.008333333333333333,0.012738853503184714,0.010309278350515464,0.0,0.016260162601626018,0.13793103448275862,0.102803738317757,0.060240963855421686,0.0,0.025,0.052884615384615384,0.039473684210526314,0.012875536480686695,0.013422818791946308,0.0,0.006060606060606061,0.0,0.0,0.0078125,0.0049504950495049506,0.005025125628140704,0.0064516129032258064,0.0,0.005952380952380952,0.0,0.0,0.013422818791946308,0.0,0.0,0.0,0.0,0.009174311926605505,0.0,0.0,0.0,0.0,0.0,0.0,0.0,0.0,0.0,0.0,0.5064935064935064,0.15714285714285714,0.04,0.2894736842105263,0.6707317073170732,0.8782051282051282,0.7470588235294118,0.559748427672956,0.7076271186440678,0.952054794520548,0.9473684210526315,0.9663865546218487,0.8548387096774194,0.9368770764119602,0.984251968503937,0.9922178988326849,1.0,0.9696969696969697,0.9874213836477987,1.0,1.0,0.981651376146789,0.9813333333333333,0.9928057553956835,0.9821428571428571,0.972972972972973,0.9940298507462687,0.9761904761904762,1.0,0.9876543209876543,1.0,0.0,0.0,0.0,0.0,0.0,0.0,0.0,0.0,0.0,0.0,0.0,0.0,0.0,0.0,0.0,0.0,0.0,0.0,0.0,0.0,1.0,0.9870967741935484
4096877, glpF, G->T, nonsense,1.12453,9.999e-05,116,-1.0,1.0,115,0.9,1.0,PASS,0.0,0.0,0.0,0.0,0.0,0.007042253521126761,0.0,0.0,0.0,0.0,0.0,0.0,0.0,0.0,0.0,0.0,0.0,0.0,0.0,0.0,0.0,0.0,0.0,0.0,0.0,0.0,0.0,0.0,0.0,0.0,0.0,0.0,0.0,0.0,0.0,0.0,0.0,0.0,0.0,0.0,0.010869565217391304,0.012987012987012988,0.0,0.0,0.0,0.03571428571428571,0.13725490196078433,0.30434782608695654,0.25,0.03333333333333333,0.019230769230769232,0.0784313725490196,0.3404255319148936,0.6363636363636364,0.4027777777777778,0.49333333333333335,0.5797101449275363,0.33962264150943394,0.5806451612903226,0.38235294117647056,0.3076923076923077,0.14666666666666667,0.10869565217391304,0.1388888888888889,0.07058823529411765,0.24489795918367346,0.2,0.2903225806451613,0.38333333333333336,0.5529411764705883,0.39622641509433965,0.4576271186440678,0.6,0.35294117647058826,0.20512820512820512,0.32,0.26666666666666666,0.058823529411764705,0.041666666666666664,0.09090909090909091,0.07352941176470588,0.03389830508474576,0.1694915254237288,0.0,0.03773584905660377,0.1568627450980392,0.53125,0.16393442622950818,0.06097560975609756,0.21428571428571427,0.8,0.8235294117647058,0.7878787878787878,0.40789473684210525,0.7166666666666667,0.9534883720930233,0.9444444444444444,0.9714285714285714,0.782608695652174,0.9523809523809523,0.9856115107913669,1.0,1.0,1.0,0.9537037037037037,1.0,0.9655172413793104,1.0,1.0,1.0,1.0,0.9772727272727273,0.9924242424242424,0.9781021897810219,1.0,0.9827586206896551,0.9333333333333333,0.0,0.0,0.0,0.0,0.0,0.0,0.0,0.0,0.0,0.0,0.0,0.0,0.0,0.0,0.0,0.0,0.0,0.0,0.0,1.0,1.0,0.9838709677419355
4097089, glpF, indel;+C;A;+A;C;T;+T, indel,1.42659,9.999e-05,116,-1.0,0.923077,116,0.9,1.0,PASS,0.0,0.0,0.0,0.0,0.0,0.0,0.0,0.014705882352941176,0.0,0.0,0.0,0.0,0.0,0.0,0.0,0.0,0.0,0.0,0.0,0.0,0.0,0.0,0.0,0.0,0.007633587786259542,0.0,0.0,0.0,0.0,0.0,0.0,0.0,0.0,0.0,0.0,0.0,0.018518518518518517,0.0,0.0,0.0,0.0,0.13793103448275862,0.05084745762711865,0.05343511450381679,0.05405405405405406,0.1,0.15789473684210525,0.08333333333333333,0.19047619047619047,0.043478260869565216,0.16981132075471697,0.17391304347826086,0.2682926829268293,0.0975609756097561,0.16363636363636364,0.1,0.08641975308641975,0.13095238095238096,0.06779661016949153,0.29591836734693877,0.35789473684210527,0.4,0.6379310344827587,0.5053763440860215,0.5353535353535354,0.5533980582524272,0.5163934426229508,0.25555555555555554,0.30985915492957744,0.2736842105263158,0.15492957746478872,0.40963855421686746,0.30337078651685395,0.27692307692307694,0.4827586206896552,0.4444444444444444,0.39622641509433965,0.2926829268292683,0.42105263157894735,0.323943661971831,0.611764705882353,0.8023255813953488,0.06741573033707865,0.2542372881355932,0.6056338028169014,0.8045977011494253,0.45454545454545453,0.7428571428571429,0.9236111111111112,0.6504065040650406,0.18421052631578946,0.012658227848101266,0.0,0.0,0.0,0.0,0.0,0.0,0.017857142857142856,0.0,0.0,0.006134969325153374,0.0,0.0,0.0,0.0,0.0,0.0,0.012578616352201259,0.0,0.0,0.0,0.0,0.012195121951219513,0.0,0.0,0.0,0.0,0.0,0.0,0.0,0.0,0.0,0.0,0.0,0.0,0.0,0.011235955056179775,0.0,0.0,0.0,0.0,0.0,0.6666666666666666,0.0,0.6129032258064516,0.0,0.0,0.0
4097580, glpF, T->A, noncoding,2.28078,9.999e-05,116,-1.0,0.315789,116,0.9,0.244898,PASS,0.0,0.0,0.0,0.0,0.01818181818181818,0.0,0.0,0.0,0.0,0.0,0.0,0.0,0.0,0.0,0.0,0.0,0.0,0.0,0.0,0.0,0.0,0.0,0.0,0.0,0.01818181818181818,0.057692307692307696,0.2878787878787879,0.4857142857142857,0.4470588235294118,0.36363636363636365,0.30927835051546393,0.26153846153846155,0.18055555555555555,0.0958904109589041,0.06896551724137931,0.17857142857142858,0.08080808080808081,0.058823529411764705,0.13924050632911392,0.16483516483516483,0.20930232558139536,0.1875,0.08547008547008547,0.057692307692307696,0.15873015873015872,0.18571428571428572,0.08333333333333333,0.07894736842105263,0.05263157894736842,0.0,0.02127659574468085,0.023529411764705882,0.02564102564102564,0.019230769230769232,0.0,0.0,0.0,0.0,0.0,0.0,0.0,0.0,0.0,0.0,0.0,0.0,0.0,0.0,0.0,0.01904761904761905,0.0,0.0,0.015873015873015872,0.0,0.0,0.0,0.0,0.0,0.0,0.0,0.0,0.0,0.0,0.0,0.012048192771084338,0.0,0.0,0.0,0.0,0.0,0.0,0.0,0.0,0.0,0.008403361344537815,0.0,0.0,0.017857142857142856,0.0,0.0,0.0,0.0,0.0,0.0,0.0,0.0,0.0,0.0,0.0,0.0,0.0,0.0,0.0,0.0,0.0,0.0,0.0,0.0,0.0,0.0,0.0,0.0,0.0,0.0,0.0,0.0,0.0,0.0,0.0,0.9866666666666667,1.0,0.0,0.0,0.0,0.0,0.0,0.0,0.0,0.0
4101091, hslU, T->C, missense,0.976067,9.999e-05,116,-1.0,0.923077,113,0.9,1.0,PASS,0.0,0.0,0.0,0.0594059405940594,0.9772727272727273,0.981651376146789,0.9743589743589743,0.9354838709677419,0.9615384615384616,1.0,1.0,0.9166666666666666,1.0,1.0,1.0,1.0,0.8285714285714286,0.9365079365079365,0.8548387096774194,1.0,1.0,1.0,1.0,1.0,1.0,1.0,1.0,1.0,1.0,1.0,1.0,1.0,1.0,1.0,1.0,1.0,1.0,1.0,1.0,1.0,1.0,1.0,1.0,1.0,1.0,1.0,1.0,1.0,1.0,1.0,1.0,1.0,1.0,1.0,1.0,0.9814814814814815,1.0,1.0,1.0,1.0,1.0,1.0,1.0,1.0,1.0,1.0,1.0,1.0,1.0,0.984375,1.0,1.0,0.9761904761904762,0.9807692307692307,1.0,0.96875,1.0,1.0,1.0,1.0,0.9824561403508771,1.0,1.0,1.0,1.0,1.0,1.0,1.0,1.0,1.0,1.0,1.0,1.0,1.0,1.0,1.0,1.0,1.0,1.0,1.0,1.0,1.0,1.0,1.0,1.0,1.0,1.0,1.0,1.0,1.0,1.0,1.0,0.9916666666666667,1.0,,1.0,1.0,0.0,0.0,0.0,0.0,0.0,0.0,0.0,0.014285714285714285,1.0,1.0,1.0,1.0,0.984375,1.0,1.0,1.0,0.975609756097561,1.0,1.0,1.0,1.0,1.0
4104028, cytR, T->G, noncoding,2.4702,9.999e-05,116,-1.0,0.0983607,115,0.9,0.214286,PASS,0.0,0.0,0.0,0.006896551724137931,0.0,0.006329113924050633,0.0,0.0,0.0,0.0,,0.0,0.0,0.0,0.0,0.0,0.0,0.0,0.0,0.0,0.0,0.0,0.0,0.0,0.0,0.006211180124223602,0.0,0.0,0.0,0.0,0.0,0.0,0.0,0.0,0.0,0.0,0.0,0.0,0.0,0.0,0.0,0.0,0.0,0.0,0.0,0.0,0.0,0.0,0.0,0.0,0.0,0.013513513513513514,0.0,0.0,0.0,0.0,0.0,0.0,0.0,0.0,0.0,0.0,0.0,0.0,0.0,0.0,0.0,0.0,0.0,0.0,0.0,0.05660377358490566,0.23376623376623376,0.2125,0.2786885245901639,0.2978723404255319,0.4107142857142857,0.53125,0.2,0.5609756097560976,0.611764705882353,0.8103448275862069,0.08235294117647059,0.13725490196078433,0.5972222222222222,0.717391304347826,0.6181818181818182,0.7625,0.9428571428571428,0.5227272727272727,0.32894736842105265,0.0,0.016666666666666666,0.0,0.0,0.0,0.0,0.0,0.0,0.006993006993006993,0.0,0.009523809523809525,0.0,0.0,0.0,0.0,0.0,0.0,0.0,0.0,0.0,0.0,0.0,0.0,0.0,0.0,0.0,0.0,0.0,0.0,0.0,0.0,0.0,0.0,0.0,0.0,0.0,0.0,0.0,0.0,0.019230769230769232,0.0,0.0,0.0,0.0,0.0,0.0,0.0,0.0
4104040, intergenic, C->T, noncoding,3.18838,9.999e-05,116,-1.0,0.134831,115,0.9,0.116505,PASS,0.0,0.0,0.0,0.0,0.0,0.0,0.0,0.0,0.0,0.0,,0.0,0.0,0.0,0.0,0.0,0.0,0.0,0.0,0.0,0.0,0.0,0.0,0.0,0.0,0.0,0.0,0.0,0.0,0.0,0.0,0.0,0.014705882352941176,0.0,0.0,0.0,0.0,0.0,0.0,0.0,0.0,0.0,0.0,0.0,0.0,0.0,0.0,0.0,0.03278688524590164,0.0,0.0,0.013333333333333334,0.0,0.0,0.0,0.0,0.0,0.0,0.022222222222222223,0.04807692307692308,0.14285714285714285,0.10144927536231885,0.12280701754385964,0.30526315789473685,0.24050632911392406,0.4716981132075472,0.23157894736842105,0.06756756756756757,0.04,0.007936507936507936,0.05263157894736842,0.08928571428571429,0.012345679012345678,0.0,0.028985507246376812,0.0,0.0,0.0,0.0,0.0,0.0,0.0,0.0,0.0,0.0,0.0,0.0,0.0,0.0,0.0,0.0,0.0,0.0,0.0,0.011627906976744186,0.0,0.0,0.0,0.0,0.0,0.0,0.0,0.0,0.0,0.0,0.0,0.010638297872340425,0.0,0.0,0.0,0.0,0.0,0.0,0.0,0.0,0.0,0.0,0.0,0.0,0.0,0.0,0.0,0.0,0.0,0.0,0.0,0.0,0.0125,0.0,0.0,0.0,0.0,0.0,0.0,0.0,0.0,0.0,0.0,0.0
4110237, metL, MOB_4110237_4110239_IS150_1, sv,1.39812,9.999e-05,116,-1.0,0.923077,116,0.9,0.857143,PASS,0.0,0.0,0.0,0.012798634812286689,0.014104372355430182,0.0067123696027633845,0.009191176470588236,0.0,0.006613756613756614,0.0,0.0,0.0,0.06627898351648351,0.0,0.01773049645390071,0.0,0.0,0.00999000999000999,0.0,0.0,0.0,0.0,0.017905102954341987,0.011086474501108647,0.004325259515570935,0.010741863117870723,0.008150709342560554,0.024601044386422976,0.020204467532467532,0.06597150415721845,0.12938594179022517,0.17487317612380252,0.18542805320435307,0.11194425493716337,0.08524935217903415,0.19035,0.09213106553276638,0.08547008547008547,0.10549700272479563,0.07709517638588913,0.3051531235321747,0.1878938117905529,0.0955848566792861,0.11340666049953746,0.1399943757030371,0.14675972927241965,0.055557032755298656,0.16662460658082973,0.061506829896907214,0.04575158730158731,0.030581039755351685,0.03855245499181669,0.033860045146726865,0.03436540069686411,0.004887011375387797,0.022992316784869977,0.017308057680988816,0.016894802867383513,0.007466101426307449,0.0,0.014505018670649737,0.013861217476681394,0.032300559910414334,0.006788342939481267,0.06094701601164484,0.0,0.003575073724007561,0.03570935135135135,0.029827014581734458,0.09632282608695653,0.3318353022932592,0.16683278588807784,0.11486421725239616,0.21089333333333335,0.2266330014224751,0.3126127017178553,0.2981025841816758,0.30126974483596597,0.5975481593545133,0.37484615384615383,0.18253155201819216,0.10623102189781021,0.8710420664206642,0.7780397727272728,0.2826108202443281,0.10699897674418604,0.02500940797940798,0.025951115618661254,0.016035980392156864,0.025754616822429906,0.0,0.10267741596638655,0.2726158273381295,0.4707033678756476,0.2832926829268293,0.05905462402765774,0.0348787795992714,0.10021379962192817,0.030361480686695277,0.019876462395543176,0.00726461063993832,0.0,0.0,0.0,0.0,0.0,0.0,0.006993006993006993,0.007350238882763689,0.0,0.006112469437652812,0.0,0.0,0.0,0.0,0.01224739742804654,0.0,0.0,0.0,0.0,0.0,0.0,0.0,0.0,0.0,0.0,0.0,0.0,0.0,0.0,0.0,0.0,0.0,0.0,0.0,0.0,0.0,0.0,0.0
4110488, metL, MOB_4110488_4110490_IS150_-1, sv,2.07079,9.999e-05,116,-1.0,1.0,116,0.9,1.0,PASS,0.0,0.0,0.0,0.0,0.0,0.0,0.0,0.0,0.0,0.0,0.0,0.0,0.0,0.0,0.0,0.0,0.0,0.0,0.0,0.0,0.0,0.0,0.0,0.0,0.0,0.005353358208955224,0.0,0.0,0.0,0.0,0.0,0.0,0.0,0.0,0.0,0.0,0.0,0.0,0.0,0.0,0.0,0.0,0.0,0.0,0.0,0.0,0.0,0.0,0.0,0.0,0.0,0.0,0.0,0.0,0.0,0.0,0.0,0.0,0.0,0.0,0.008149959250203748,0.0,0.0,0.0352615992970123,0.05132545720555962,0.0,0.0,0.0,0.13446336996336994,0.3625641869651086,0.21812706701479545,0.3085688622754491,0.5386941323345819,0.2333960310612597,0.4348939759036145,0.3875180824222035,0.3818031746031746,0.3340043137254902,0.24937831858407078,0.5619357723577235,0.6633087205601528,0.949240614334471,0.040612854251012145,0.24519441210710127,0.8122585324232082,0.9577887473460721,0.5851638608305275,0.8927427035330262,0.974457823567289,0.7118822197055493,0.2795816242821985,0.0,0.0,0.0,0.0,0.010548523206751054,0.0,0.0,0.0,0.010321582733812949,0.0,0.0,0.0,0.0,0.0,0.0,0.0,0.0,0.0,0.0,0.0,0.0,0.0,0.0,0.0,0.0,0.0,0.0,0.0,0.0,0.0,0.0,0.0,0.0,0.0,0.0,0.0,0.0,0.0,0.0,0.0,0.0,0.0,0.0,0.0,0.0,0.0,0.0,0.0
4114199, katG, MOB_4114199_4114201_IS150_1, sv,2.38725,0.00029997,116,-1.0,0.857143,116,0.9,0.8,PASS,0.0,0.0,0.0,0.0,0.0,0.0,0.0125,0.0,0.0,0.01950368932038835,0.0,0.0,0.0,0.0,0.0,0.0,0.0,0.0,0.0,0.0,0.01543617054263566,0.04741119047619048,0.022801603053435114,0.0,0.0,0.003218878205128205,0.0,0.0,0.0,0.019033459715639814,0.0,0.0,0.0,0.0,0.00840410041841004,0.0,0.01606425702811245,0.0,0.0,0.00784313725490196,0.0,0.0,0.0,0.0,0.0,0.0,0.05224852173913044,0.13837879310344825,0.043478260869565216,0.01904761904761905,0.011283820224719101,0.0,0.013753698630136986,0.0,0.010437760416666666,0.04149096551724138,0.022002032967032965,0.018426055045871557,0.01593625498007968,0.006153846153846154,0.0078125,0.0,0.0,0.007936507936507936,0.0,0.0,0.0,0.005120740359897172,0.0,0.0,0.0,0.0,0.0,0.019311923076923074,0.0,0.0,0.0,0.0,0.0,0.0,0.0,0.008264462809917356,0.0,0.01098901098901099,0.0,0.0,0.0,0.0,0.0,0.0,0.0,0.0,0.0,0.0,0.0,0.0,0.0,0.0,0.0,0.0,0.0,0.0,0.0,0.0,0.0,0.0,0.0,0.0,0.0,0.0,0.0,0.0,0.0,0.0,0.0,0.0,0.0,0.0,0.0,0.0,0.0,0.0,0.0,0.0,0.0,0.0,0.0,0.0,0.0,0.0,0.0,0.0,0.0,0.0,0.0,0.0,0.0,0.0,0.0
4133104, ppc, G->A, synonymous,0.958814,9.999e-05,116,-1.0,0.0588235,116,0.9,0.521739,PASS,0.0,0.0,0.0,0.0,0.0,0.0,0.0,0.0,0.0,0.0,0.0,0.0,0.0,0.0,0.0,0.0,0.018518518518518517,0.0,0.0,0.0,0.0,0.0,0.0,0.0,0.0,0.0,0.0,0.0,0.0,0.0,0.0,0.0,0.00819672131147541,0.0,0.0,0.0,0.0,0.0,0.3,0.6534653465346535,0.5121951219512195,0.6861313868613139,0.9,0.9191176470588235,0.9322033898305084,0.8484848484848485,0.918918918918919,0.8387096774193549,0.9583333333333334,0.9433962264150944,0.9583333333333334,1.0,0.9423076923076923,0.9830508474576272,0.98,0.9693877551020408,1.0,1.0,0.9824561403508771,0.9912280701754386,0.99,0.9775280898876404,1.0,1.0,1.0,1.0,1.0,1.0,0.9888888888888889,0.9923076923076923,1.0,0.9852941176470589,1.0,0.9782608695652174,1.0,0.9826086956521739,1.0,1.0,1.0,1.0,1.0,0.99,1.0,1.0,1.0,1.0,1.0,1.0,1.0,1.0,1.0,1.0,1.0,0.9903846153846154,1.0,1.0,0.9866666666666667,1.0,0.9821428571428571,1.0,0.9935064935064936,1.0,1.0,1.0,1.0,0.9900990099009901,1.0,1.0,0.9878048780487805,1.0,1.0,1.0,0.9945054945054945,0.9929078014184397,1.0,1.0,1.0,0.0,0.0,0.0,0.0,0.0,0.0,0.0,0.0,0.0,0.0,0.0,0.0,0.0,0.0,0.0,0.0,1.0,1.0,1.0,1.0,1.0,1.0
4135742, argC, C->T, missense,3.61694,0.00249975,116,-1.0,1.0,115,0.9,0.631579,PASS,0.008368200836820083,0.025,0.0,0.0,0.0,0.0,0.0,0.0,0.0,0.0,0.0,0.0,0.0,0.0,0.0,0.0,0.0,0.0,0.0,0.0,0.0,0.0,0.0,0.058823529411764705,0.0,0.0,0.0,0.0,0.0,0.0,0.0,0.0,0.0,0.0,0.0,0.0,0.0,0.0,0.0,0.0,0.0,0.0,0.0,0.0,0.0,0.0,0.0,0.0,0.0425531914893617,0.15384615384615385,0.0,0.0,0.0,0.0,0.0,0.0,0.0,0.0,0.0,0.0,0.0,0.0,0.0,0.0,0.0,0.0,0.0,0.0,0.0,0.0,0.0,0.0,0.0,0.0,0.0,0.0,0.0,0.0,0.0,0.0,0.0,0.0,0.0,0.0,0.0,0.0,0.0,0.0,0.0,0.009174311926605505,0.0,0.0,0.0,0.0,0.0,0.0,0.0,0.0,0.0,0.0,0.0,0.0,0.0,0.0,0.0,0.0,0.0,0.0,0.0,0.0,0.0,0.0,0.0,0.0,0.0,0.0,0.0,0.0,0.0,0.0,0.0,0.0,0.0,0.0,0.0,0.0,0.0,0.0,0.0,0.0,0.0,0.0,0.0,0.0,0.0,0.0,0.0,0.0,0.0
4141016, yijC, C->A, missense,5.31532,0.00039996,116,-1.0,0.00216802,116,0.9,0.857143,PASS,0.0,0.034482758620689655,0.13636363636363635,0.015384615384615385,0.0,0.0,0.0,0.0,0.0,0.0,0.0,0.0,0.0,0.0,0.0,0.0,0.0,0.0,0.0,0.0,0.0,0.0,0.0,0.0,0.0,0.0,0.0,0.0,0.0,0.0,0.0,0.0,0.0,0.0,0.0,0.0,0.0,0.0,0.0,0.0,0.0,0.0,0.0,0.0,0.0,0.0,0.0,0.0,0.0,0.0,0.0,0.0,0.0,0.0,0.0,0.0,0.0,0.0,0.0,0.0,0.0,0.0,0.0,0.0,0.0,0.0,0.0,0.0,0.0,0.0,0.0,0.0,0.0,0.010416666666666666,0.0,0.0,0.0,0.0,0.0,0.0,0.0,0.0,0.0,0.0,0.0,0.0,0.0,0.0,0.0,0.0,0.0,0.0,0.0,0.0,0.0,0.0,0.0,0.0,0.0,0.0,0.0,0.0,0.0,0.0,0.0,0.0,0.0,0.0,0.0,0.0,0.0,0.0,0.0,0.0,0.0,0.0,0.0,0.0,0.0,0.0,0.0,0.8461538461538461,0.7142857142857143,0.0,0.0,0.0,0.0,0.0,0.0,0.0,0.0,0.0,0.0,0.0,0.0,0.0,0.0,0.0,0.0
4161099, rpoB, G->T, missense,1.36389,0.00019998,116,-1.0,1.0,116,0.9,1.0,PASS,0.0,0.0,0.0,0.0,0.0,0.0,0.0,0.0,0.0,0.047619047619047616,0.0,0.0,0.0,0.0,0.0,0.0,0.0,0.0,0.0,0.0,0.0,0.0,0.0,0.0,0.0,0.0,0.023809523809523808,0.0,0.0,0.0,0.0,0.0,0.0,0.0,0.0,0.0,0.0,0.0,0.0,0.0,0.0,0.0,0.0,0.0,0.0,0.01098901098901099,0.014285714285714285,0.02631578947368421,0.08064516129032258,0.5161290322580645,0.5892857142857143,0.5147058823529411,0.18604651162790697,0.23076923076923078,0.2815533980582524,0.22,0.3,0.5333333333333333,0.2261904761904762,0.20652173913043478,0.11842105263157894,0.29473684210526313,0.288135593220339,0.2980769230769231,0.2857142857142857,0.265625,0.1792452830188679,0.2823529411764706,0.22580645161290322,0.296,0.36923076923076925,0.171875,0.031746031746031744,0.25,0.06493506493506493,0.24793388429752067,0.37735849056603776,0.35555555555555557,0.6867469879518072,0.4177215189873418,0.19047619047619047,0.1111111111111111,0.8354430379746836,0.8235294117647058,0.36923076923076925,0.04225352112676056,0.01639344262295082,0.047058823529411764,0.009708737864077669,0.047619047619047616,0.0,0.028169014084507043,0.29213483146067415,0.49295774647887325,0.18095238095238095,0.023255813953488372,0.0375,0.06557377049180328,0.18181818181818182,0.020134228187919462,0.0,0.0,0.0,0.0,0.0,0.01020408163265306,0.0,0.0,0.0,0.0,0.0,0.0,0.0,0.0,0.0,0.0,0.0,0.0,0.0,0.0,0.0,0.0,0.0,0.0,0.0,0.0,0.0,0.0,0.0,0.0,0.0,0.0,0.0,0.0,1.0,0.0,0.0,0.0,0.0
4163737, rpoB, C->T, missense,2.35995,9.999e-05,116,-1.0,0.413793,115,0.9,0.48,PASS,0.0,0.0,0.0,0.0,0.0,0.0,0.0,0.0,0.0,0.0,0.0,0.0,0.0,0.0,0.0,0.0,0.0,0.0,0.0,0.0,0.021739130434782608,0.05555555555555555,0.07017543859649122,0.047619047619047616,0.1125,0.056910569105691054,0.07692307692307693,0.125,0.11827956989247312,0.06172839506172839,0.22580645161290322,0.09523809523809523,0.056818181818181816,0.234375,0.39473684210526316,0.058823529411764705,0.12790697674418605,0.1111111111111111,0.0,0.0,0.0,0.0,0.0,0.0,0.0,0.0,0.0,0.0,0.0,0.0,0.0,0.0,0.0,0.0,0.0,0.0,0.0,0.0,0.0,0.0,0.0,0.0,0.0,0.0,0.0,0.0,0.0,0.0,0.0,0.0,0.0,0.0,0.0,0.0,0.0,0.0,0.0,0.0,0.0,0.0,0.0,0.0,0.0,0.0,0.0,0.0,0.0,0.0,0.0,0.0,0.0,0.0,0.0,0.0,0.0,0.0,0.0,0.0,0.0,0.0,0.0,0.0,0.0,0.0,0.0,0.0,0.0,0.0,0.0,0.0,0.0,0.0,0.0,0.0,0.0,0.0,0.0,0.0,0.0,0.0,0.0,0.0,0.0,0.0,0.0,0.0,0.0,0.013333333333333334,0.0,0.0,0.0,0.0,0.0,0.0,0.0,0.0,0.0,0.0,0.0
4179888, hupA, A->C, noncoding,2.24002,9.999e-05,116,-1.0,0.666667,116,0.9,0.6,PASS,0.0,0.0,0.0,0.0,0.0,0.0,0.0,0.0,0.0,0.0,0.0,0.0,0.0,0.0,0.0,0.0,0.009433962264150943,0.043010752688172046,0.031746031746031744,0.16101694915254236,0.1267605633802817,0.07692307692307693,0.17346938775510204,0.023255813953488372,0.109375,0.09883720930232558,0.0684931506849315,0.0975609756097561,0.16352201257861634,0.07692307692307693,0.224,0.13675213675213677,0.08695652173913043,0.16049382716049382,0.40816326530612246,0.3,0.2426470588235294,0.2631578947368421,0.0,0.0,0.0,0.0,0.0,0.0,0.0,0.0,0.0,0.0,0.0,0.0,0.0,0.0,0.0,0.0,0.0,0.0,0.0,0.0,0.0,0.0,0.0,0.0,0.0,0.0,0.0,0.0,0.0,0.0,0.0,0.0,0.0,0.0,0.0,0.0,0.0,0.0,0.0,0.0,0.0,0.0,0.0,0.0,0.0,0.0,0.0,0.0,0.0,0.0,0.0,0.0,0.0,0.0,0.008928571428571428,0.007518796992481203,0.0,0.0,0.021052631578947368,0.0,0.0,0.0,0.0,0.0,0.0,0.0,0.0,0.0,0.0,0.0,0.0,0.0,0.0,0.0,0.0,0.0,0.0,0.0,0.0,0.0,0.0,0.0,0.0,0.0,0.0,0.0,0.0,0.0,0.0,0.0,0.0,0.0,0.0,0.0,0.0,0.0,0.02127659574468085,0.025,0.0,0.0,0.0
4182772, zraS, MOB_4182772_4182774_IS150_1, sv,1.36667,9.999e-05,116,-1.0,0.857143,116,0.9,0.8,PASS,0.0,0.0,0.0,0.0,0.0,0.0,0.0,0.0,0.0,0.0,0.0,0.0,0.0,0.0,0.0,0.0,0.011494252873563218,0.0,0.004166666666666667,0.0,0.0,0.0,0.0,0.0,0.0,0.0,0.0,0.0,0.0,0.0,0.0,0.0,0.0,0.0,0.0,0.0,0.0,0.0,0.0,0.0,0.0,0.0,0.0,0.008368200836820083,0.0,0.0,0.0,0.03488372093023256,0.02531645569620253,0.29069767441860467,0.5333333333333333,0.45038167938931295,0.22857142857142856,0.2689075630252101,0.36683417085427134,0.2864583333333333,0.38650306748466257,0.5075757575757576,0.18947368421052632,0.3576158940397351,0.21951219512195122,0.2962962962962963,0.26666666666666666,0.3615819209039548,0.3112244897959184,0.22764227642276422,0.2575107296137339,0.27044025157232704,0.3006535947712418,0.24528301886792453,0.421875,0.2032520325203252,0.07377049180327869,0.3125,0.13846153846153847,0.24157303370786518,0.2644628099173554,0.375,0.7417582417582418,0.41040462427745666,0.23316062176165803,0.06956521739130435,0.9078014184397163,0.8275862068965517,0.3671875,0.07051282051282051,0.0125,0.05333333333333334,0.014423076923076924,0.03463203463203463,0.0,0.14583333333333334,0.2692307692307692,0.5100671140939598,0.33540372670807456,0.03731343283582089,0.028985507246376812,0.09090909090909091,0.04,0.02912621359223301,0.004149377593360996,0.0,0.0,0.0,0.0,0.0,0.0,0.0,0.0,0.0,0.0,0.0,0.0,0.0,0.0,0.0,0.0,0.0,0.0,0.0,0.0,0.0,0.0,0.0,0.0,0.0,0.0,0.0,0.0,0.0,0.0,0.0,0.0,0.0,1.0,0.0,0.0,0.0,0.0
4194822, intergenic, G->T, noncoding,3.0786,0.00339966,116,-1.0,0.923077,112,0.9,0.923077,PASS,0.0,0.0,0.0,0.0,0.0,0.0,0.0,0.0,0.0,0.0,,0.0,0.0,0.0,0.0,0.0,0.04,0.0,0.0,0.0,0.0,0.0,0.0,0.0,0.15789473684210525,0.12745098039215685,0.05,0.0,0.0,0.043478260869565216,0.0,0.0,0.0,0.0,0.0,0.0,0.0,0.0,0.0,0.0,0.0,0.0,0.0,0.0,0.0,0.0,0.05263157894736842,0.0,0.0,0.0,0.043478260869565216,0.0,0.0,0.0,0.0,0.0,0.0,0.021739130434782608,0.0,0.0,0.0,0.0,0.0,0.0,0.0,0.0,0.0,0.0,0.0,0.0,0.0,0.0,0.0,0.0,0.0,0.0,0.0,0.0,0.0,0.0,0.0,0.0,0.0,0.0,0.02127659574468085,0.0,0.0,0.0,0.0,0.0,0.0,0.0,0.0,0.0,0.0,0.0,0.0,0.0,0.0,0.0,0.0,0.0,0.0,0.0,0.0,0.0,0.0,0.0,0.0,0.0,0.0,0.0,0.012195121951219513,0.0,0.0,0.0,0.0,0.0,0.0,0.0,0.0,0.0,0.0,0.0,0.0,0.0,0.0,0.0,0.0,0.0,0.0,0.0,0.0,0.0,0.0,0.03333333333333333,0.0,0.0,0.0
4201980, iclR, G->A, missense,0.938223,9.999e-05,116,-1.0,0.631579,112,0.9,0.5,PASS,0.0,0.0,0.0,0.0,0.0,0.0,0.0,0.0,0.0,0.0,0.0,0.0,0.0,0.0,0.0,0.0,0.0,0.0,0.0,0.011764705882352941,0.2857142857142857,0.39285714285714285,0.2839506172839506,0.2765957446808511,0.29292929292929293,0.4830508474576271,0.7333333333333333,0.84375,0.8494623655913979,0.9305555555555556,0.7064220183486238,0.8235294117647058,0.7681159420289855,0.5263157894736842,0.4936708860759494,0.5476190476190477,0.7741935483870968,0.8461538461538461,1.0,1.0,1.0,1.0,1.0,1.0,1.0,1.0,0.9591836734693877,0.9705882352941176,1.0,1.0,1.0,1.0,1.0,1.0,1.0,1.0,1.0,1.0,1.0,1.0,1.0,1.0,1.0,1.0,1.0,1.0,1.0,1.0,1.0,1.0,1.0,1.0,0.9903846153846154,1.0,1.0,0.9905660377358491,1.0,1.0,1.0,0.9864864864864865,1.0,1.0,1.0,1.0,1.0,1.0,1.0,1.0,1.0,1.0,0.9759036144578314,0.9864864864864865,1.0,0.9857142857142858,0.9893617021276596,0.9882352941176471,1.0,1.0,1.0,1.0,0.9912280701754386,1.0,1.0,1.0,1.0,0.9895833333333334,1.0,0.991869918699187,0.9906542056074766,0.9916666666666667,1.0,1.0,0.9926470588235294,1.0,1.0,1.0,1.0,0.0,0.0,0.0,0.0,0.0,0.0,0.0,0.0,0.0,0.0,0.0,0.0,1.0,1.0,0.9861111111111112,1.0,1.0,1.0,1.0,1.0,1.0,1.0
4202523, iclR, G->A, missense,2.42398,0.00379962,116,-1.0,0.6,115,0.9,0.0434783,PASS,0.0,0.0,0.0,0.0,0.0,0.006493506493506494,0.0,0.0,0.0,0.0,0.0,0.0,0.0,0.0,0.0,0.0,0.0,0.03571428571428571,0.18292682926829268,0.0847457627118644,0.10810810810810811,0.043478260869565216,0.05172413793103448,0.04,0.30337078651685395,0.3548387096774194,0.08695652173913043,0.08571428571428572,0.017857142857142856,0.017543859649122806,0.0,0.0,0.15384615384615385,0.1,0.1590909090909091,0.0,0.08163265306122448,0.0,0.011627906976744186,0.0,0.0,0.0,0.0,0.0,0.0,0.0,0.0,0.0,0.0,0.0,0.0,0.0,0.0,0.0,0.0,0.0,0.0,0.0,0.0,0.0,0.0,0.0,0.0,0.0,0.0,0.0,0.0,0.0,0.0,0.0,0.0,0.0,0.0,0.0,0.0,0.0,0.0,0.0,0.0,0.0,0.0,0.0,0.0,0.0,0.0,0.0,0.0,0.0,0.0,0.0,0.0,0.0,0.0,0.0,0.0,0.0,0.0,0.0,0.0,0.0,0.0,0.0,0.0,0.0,0.0,0.0,0.0,0.0,0.0,0.0,0.0,0.0,0.0,0.0,0.0,0.0,0.0,0.0,0.0,0.0,0.0,0.0,0.0,0.0,0.0,0.0,0.0,1.0,0.0,0.0,0.0,0.0,0.0,0.0,0.0,0.0,0.0,0.0,0.0
4205068, metH, indel;-5, indel,0.945643,9.999e-05,116,-1.0,1.0,115,0.9,1.0,PASS,0.0,0.0,0.0,0.0,0.0,0.0,0.0,0.0,0.0,0.0,0.0,0.0,0.0,0.0,0.0,0.0,0.0,0.0,0.0,0.0,0.0,0.0,0.0,0.0,0.0,0.0,0.0,0.0,0.0,0.0,0.0,0.0,0.0,0.0,0.0,0.11764705882352941,0.35294117647058826,0.2,0.7931034482758621,0.7931034482758621,0.6787878787878788,0.7794871794871795,0.8658536585365854,0.9261744966442953,0.8888888888888888,0.7114093959731543,0.9193548387096774,0.96,0.8941176470588236,0.9375,1.0,1.0,1.0,0.9736842105263158,1.0,1.0,0.9565217391304348,0.9545454545454546,1.0,0.9666666666666667,0.9552238805970149,1.0,0.9777777777777777,0.9795918367346939,0.987012987012987,1.0,1.0,1.0,0.9841269841269841,0.9577464788732394,0.9841269841269841,0.9827586206896551,0.9534883720930233,0.9861111111111112,1.0,0.9743589743589743,1.0,1.0,1.0,0.9841269841269841,1.0,1.0,0.95,0.9777777777777777,0.9428571428571428,1.0,1.0,1.0,0.9855072463768116,1.0,0.9787234042553191,0.9333333333333333,1.0,0.9855072463768116,1.0,0.9830508474576272,0.9814814814814815,0.9830508474576272,0.9761904761904762,1.0,0.9856115107913669,1.0,1.0,1.0,0.989010989010989,0.96875,0.9827586206896551,1.0,0.990909090909091,1.0,1.0,1.0,0.9929078014184397,1.0,1.0,1.0,1.0,0.0,0.0,0.0,0.0,0.0,0.0,0.0,0.0,0.0,0.0,0.0,0.0,0.0,0.0,0.0,1.0,1.0,1.0,1.0,1.0,1.0,0.953125
4206209, metH, MOB_4206209_4206211_IS150_1, sv,2.17821,9.999e-05,116,-1.0,1.0,115,0.9,1.0,PASS,0.0,0.0,0.0,0.0,0.0,0.0,0.0,0.0,0.0072992700729927005,0.0,0.0,0.0,0.0,0.0,0.0,0.0,0.0,0.009259259259259259,0.0,0.0,0.0,0.0,0.0,0.0,0.0,0.0,0.0,0.0,0.0,0.12280701754385964,0.07526881720430108,0.05263157894736842,0.05625,0.08791208791208792,0.14814814814814814,0.23809523809523808,0.12056737588652482,0.08,0.14754098360655737,0.07377049180327869,0.27624309392265195,0.225,0.13736263736263737,0.13836477987421383,0.09523809523809523,0.23232323232323232,0.19767441860465115,0.15294117647058825,0.1125,0.0,0.0,0.0,0.0,0.02247191011235955,0.006896551724137931,0.0,0.0,0.0,0.0,0.0,0.0,0.0196078431372549,0.0,0.0,0.0,0.0,0.0,0.0,0.0,0.0,0.0,0.0,0.007936507936507936,0.0,0.0,0.0,0.0,0.0,0.0,0.0,0.0,0.0,0.0,0.0,0.0,0.0,0.0,0.0,0.0,0.0,0.0,0.0,0.0,0.0,0.0,0.0,0.0,0.0,0.0,0.0,0.0,0.0,0.0,0.0,0.0,0.0,0.0,0.0,0.0,0.0,0.0,0.0,0.0,0.0,0.0,0.0,0.0,0.0,0.0,0.0,0.0,0.0,0.0,0.0,0.0,0.0,0.0,0.0,0.0,0.0,0.0,0.0,0.0,0.0,0.0,0.0,0.0,0.0,0.0
4224464, malE, A->C, missense,1.15098,9.999e-05,116,-1.0,1.0,115,0.9,0.75,PASS,0.0,0.0,0.0,0.008771929824561403,0.0,0.006535947712418301,0.0,0.0,0.0,0.0,0.0,0.0,0.0,0.0,0.0,0.0,0.0,0.0,0.0,0.0,0.0,0.0,0.0,0.0,0.0,0.0,0.0,0.0,0.0,0.0,0.0,0.0,0.0,0.0,0.0,0.0,0.0,0.0,0.0,0.11688311688311688,0.13131313131313133,0.5533980582524272,0.6363636363636364,0.8363636363636363,0.7636363636363637,0.6078431372549019,0.6333333333333333,0.5555555555555556,0.5384615384615384,0.84375,0.851063829787234,0.7671232876712328,0.7291666666666666,0.5294117647058824,0.71875,0.5591397849462365,0.4666666666666667,0.660377358490566,0.25,0.5609756097560976,0.7076923076923077,0.6941176470588235,0.8431372549019608,0.8705882352941177,0.8072289156626506,0.6712328767123288,0.8,0.5974025974025974,0.5892857142857143,0.5,0.6056338028169014,0.4642857142857143,0.27419354838709675,0.6885245901639344,0.6825396825396826,0.6382978723404256,0.7948717948717948,0.8666666666666667,0.9666666666666667,0.9344262295081968,0.9230769230769231,0.9841269841269841,0.9027777777777778,0.9347826086956522,0.9310344827586207,0.8840579710144928,0.6341463414634146,0.7464788732394366,0.9285714285714286,0.7207207207207207,0.20408163265306123,0.030303030303030304,0.3013698630136986,0.5074626865671642,0.1702127659574468,0.043010752688172046,0.04477611940298507,0.05172413793103448,0.0,0.029850746268656716,0.007142857142857143,0.0,0.03571428571428571,0.0,0.0,0.0,0.0,0.0,0.0,0.0,0.0,0.0,0.006622516556291391,0.0,0.0,0.0,0.0,0.0,0.0,0.0,0.0,0.0,0.0,0.0,0.0,0.0,0.0,0.0,0.0,0.0,0.0,0.0,0.0,1.0,1.0,0.9655172413793104,0.0,0.0,0.0
4248424, aphA, MOB_4248424_4248426_IS150_1, sv,1.70622,9.999e-05,116,-1.0,0.8,113,0.9,0.857143,PASS,0.0,0.0,0.0,0.0,0.0,0.004524886877828055,0.016666666666666666,0.0,0.0,0.0,0.0,0.0,0.0,0.0,0.0,0.0,0.0,0.02531645569620253,0.0,0.0,0.0,0.0,0.0,0.031746031746031744,0.0,0.0,0.0,0.0,0.009708737864077669,0.0,0.05825242718446602,0.13541666666666666,0.3,0.06569343065693431,0.15315315315315314,0.1875,0.10576923076923077,0.25,0.23809523809523808,0.09195402298850575,0.20125786163522014,0.28378378378378377,0.16666666666666666,0.09859154929577464,0.10084033613445378,0.23140495867768596,0.16326530612244897,0.11363636363636363,0.10144927536231885,0.0,0.0,0.03125,0.0,0.011627906976744186,0.008,0.08163265306122448,0.0,0.0,0.06944444444444445,0.022388059701492536,0.010869565217391304,0.0,0.047058823529411764,0.12871287128712872,0.07692307692307693,0.07142857142857142,0.016260162601626018,0.0,0.07692307692307693,0.004878048780487805,0.0,0.05319148936170213,0.011235955056179775,0.0,0.0,0.006993006993006993,0.0,0.0,0.0,0.00625,0.0,0.009615384615384616,0.007692307692307693,0.016666666666666666,0.0,0.0,0.0,0.01818181818181818,0.0,0.0,0.0,0.0,0.0,0.0,0.0,0.0,0.0,0.0,0.0,0.0,0.0,0.0,0.0,0.0,0.027777777777777776,0.0,0.0,0.0,0.008298755186721992,0.0,0.0,0.0,0.0,0.0,0.0,0.0,0.0,0.0,0.0,0.0,0.0,0.0,0.0,0.0,0.0,0.0,0.0,0.0,0.0,0.0,0.0,0.0,0.0,0.0,0.0,0.0,0.0,0.0,0.0
4253137, ssb, G->A, missense,3.21371,9.999e-05,116,-1.0,0.0264901,116,0.9,0.444444,PASS,0.0,0.0,0.0,0.006369426751592357,0.0,0.0,0.0,0.0,0.0,0.0,0.0,0.0,0.0,0.0,0.0,0.0,0.0,0.0,0.0,0.0,0.0,0.0,0.0,0.0,0.0,0.0,0.0,0.03571428571428571,0.08035714285714286,0.021739130434782608,0.1678832116788321,0.04950495049504951,0.08064516129032258,0.18055555555555555,0.21518987341772153,0.24528301886792453,0.28703703703703703,0.29411764705882354,0.0,0.0,0.0,0.0,0.0,0.0,0.0,0.0,0.0,0.0,0.0,0.0,0.0,0.0,0.0,0.0,0.0,0.0,0.0,0.0,0.0,0.0,0.0,0.0,0.0,0.0,0.0,0.0,0.0,0.0,0.0,0.0,0.0,0.0,0.0,0.0,0.0,0.0,0.0,0.0,0.0,0.0,0.0,0.0,0.0,0.0,0.0,0.0,0.0,0.0,0.0,0.0,0.0,0.0,0.0,0.0,0.00909090909090909,0.0,0.0,0.0,0.0,0.0,0.0,0.0,0.0,0.0,0.0,0.0,0.0,0.0,0.0,0.0,0.0,0.0,0.0,0.0,0.0,0.0,0.0,0.0,0.0,0.0,0.0,0.0,0.0,0.0,0.0,0.0,0.0,0.0,0.0,0.0,0.0,0.0,0.0,0.0,0.0,0.0,0.0,0.0,0.0
4257285, intergenic, junction_4257285_1_IS1_end, sv,2.31449,0.00039996,116,-1.0,0.27907,109,0.9,0.0528634,PASS,0.0,0.0,0.0,0.0,0.0,0.0,0.0,0.0,0.0,0.0,0.0,0.0,0.0,0.0,0.0,0.0,0.0,0.0,0.0,0.0,0.0,0.0,0.0,0.0,0.0,0.0,0.0,0.0,0.0,0.0,0.0,0.0,0.0,0.0,0.0,0.0,0.0,0.0,0.0,0.0,0.0,0.0,0.0,0.0,0.0,0.0,0.0,0.0,0.0,0.0,0.0,0.0,0.0,0.0,0.0,0.0,0.0,0.0,0.0,0.0,0.0,0.0,0.0,0.03445484429065744,0.0,0.24979068100358423,0.09308271028037383,0.12501882845188286,0.062498953974895397,0.1780866574965612,0.11126424581005588,0.18508921933085504,0.1336711409395973,0.13959532710280376,0.0,0.0,0.0,0.0,0.0,0.0,0.0,0.0,0.0,0.0,0.0,0.0,0.0,0.0,0.0,0.0,0.0,0.0,0.0,0.0,0.0,0.0,0.0,0.0,0.0,0.0,0.0,0.0,0.0,0.0,0.0,0.0,0.0,0.0,0.0,0.0,0.0,0.0,0.0,0.0,0.0,0.0,0.0,0.0,0.0,0.0,0.0,0.0,0.0,0.0,0.0,0.0,0.0,0.0,0.0,0.0,0.0,0.0,0.0,0.0,0.0,0.0,0.0,0.0,0.0
4261613, yjcF, MOB_4261613_4290705_IS1_-1, sv,3.46596,0.00579942,116,-1.0,0.631579,110,0.9,1.0,PASS,0.0,0.0,0.0,0.0,0.0,0.0,0.0,0.07102272727272727,0.03681885125184094,0.0,0.0,0.0,0.0,0.0,0.0,0.0,0.1421188630490956,0.09624639076034648,0.0,0.0,0.0,0.0,0.0,0.0,0.0,0.0,0.0,0.0,0.0,0.0,0.0,0.0,0.0,0.0,0.0,0.0,0.0,0.0,0.0,0.0,0.0,0.0,0.0,0.0,0.0,0.0,0.0,0.0,0.0,0.0,0.0,0.0,0.0,0.0,0.0,0.0,0.0,0.0,0.0,0.0,0.0,0.0,0.0,0.0,0.0,0.0,0.0,0.0,0.0,0.0,0.0,0.0,0.0,0.0,0.0,0.0,0.0,0.0,0.0,0.0,0.0,0.0,0.0,0.0,0.0,0.0,0.0,0.0,0.014727540500736375,0.0,0.0,0.0,0.0,0.0,0.0,0.0,0.0,0.0,0.0,0.0,0.0,0.0,0.0,0.0,0.0,0.0,0.0,0.0,0.0,0.0,0.0,0.0,0.0,0.0,0.0,0.0,0.0,0.0,0.0,0.0,0.0,0.0,0.0,0.0,0.0,0.0,0.0,0.0,0.0,0.0,0.0,0.0,0.0,0.0,0.0,0.0,0.0,0.008620689655172414,0.0
4262916, actP, T->G, missense,1.62922,9.999e-05,116,-1.0,0.923077,116,0.9,0.857143,PASS,0.0,0.0,0.02040816326530612,0.005780346820809248,0.0,0.0,0.0,0.0,0.0,0.0,0.0,0.0,0.0,0.0,0.0,0.0,0.0,0.0,0.0,0.0,0.0,0.0,0.0,0.0,0.0,0.0,0.0,0.0,0.0,0.0,0.0,0.0,0.0,0.0,0.01098901098901099,0.0,0.0,0.0,0.0,0.0,0.0,0.0,0.0,0.0,0.0,0.0,0.0,0.0,0.0,0.0,0.0,0.0,0.0,0.0,0.0392156862745098,0.037383177570093455,0.15671641791044777,0.09473684210526316,0.1076923076923077,0.24050632911392406,0.40860215053763443,0.512,0.5416666666666666,0.46987951807228917,0.5196850393700787,0.3277310924369748,0.46923076923076923,0.3490566037735849,0.22105263157894736,0.23308270676691728,0.15789473684210525,0.25961538461538464,0.2988505747126437,0.27884615384615385,0.32098765432098764,0.4434782608695652,0.4647887323943662,0.6808510638297872,0.20353982300884957,0.5188679245283019,0.6238532110091743,0.8571428571428571,0.07407407407407407,0.09523809523809523,0.7105263157894737,0.8709677419354839,0.5254237288135594,0.8932038834951457,0.9014084507042254,0.6158940397350994,0.2621359223300971,0.0,0.00980392156862745,0.0,0.0,0.0,0.010309278350515464,0.0,0.0,0.0,0.0,0.00558659217877095,0.0,0.0,0.0,0.007246376811594203,0.0078125,0.0,0.0,0.0,0.0,0.0,0.0,0.0,0.0,0.0,0.0,0.0,0.0,0.0,0.0,0.0,0.0,0.0,0.0,0.0,0.0,0.011363636363636364,0.0,0.0,0.0,0.0,0.0,1.0,0.0,1.0,0.0,0.0,0.0
4263821, actP, C->T, synonymous,3.89632,0.00319968,116,-1.0,0.315789,116,0.9,0.48,PASS,0.0,0.0,0.0,0.0,0.0,0.0,0.0,0.0,0.0,0.0,0.0,0.0,0.0,0.0,0.0,0.0,0.0,0.0,0.0,0.0,0.0,0.0,0.0,0.0,0.0,0.0,0.0,0.0,0.0,0.0,0.007936507936507936,0.0,0.0,0.0,0.0,0.0,0.0,0.0,0.0,0.0,0.0,0.0,0.007352941176470588,0.0,0.0,0.0,0.0,0.0,0.0,0.0,0.0,0.0,0.0,0.0,0.00847457627118644,0.0,0.0,0.0,0.0,0.0,0.0,0.0,0.0,0.010526315789473684,0.0,0.0,0.0,0.008333333333333333,0.20388349514563106,0.16393442622950818,0.020202020202020204,0.0,0.0,0.0,0.0,0.018518518518518517,0.0,0.0,0.0,0.0,0.011363636363636364,0.0,0.0,0.0,0.0,0.0,0.0,0.0,0.0,0.0,0.0,0.0,0.010526315789473684,0.0,0.0,0.0,0.0,0.0,0.0,0.0,0.0,0.0,0.0,0.0,0.0,0.0,0.0,0.0,0.004608294930875576,0.0,0.0,0.0,0.0,0.0,0.0,0.0,0.0,0.0,0.0,0.0,0.0,0.0,0.0,0.0,0.0,0.0,0.0,0.0,0.0,0.0,0.0,0.0,0.0,0.0,0.0,0.0,0.0,0.0,0.0
4263826, actP, C->T, missense,3.34014,0.0049995,116,-1.0,0.133333,116,0.9,0.75,PASS,0.0,0.01282051282051282,0.0,0.0,0.0,0.0,0.0,0.14925373134328357,0.05714285714285714,0.0,0.0,0.0,0.0,0.0,0.0,0.0,0.1935483870967742,0.0963855421686747,0.0,0.0,0.0,0.0,0.0,0.0,0.0,0.0,0.0,0.0,0.0,0.0,0.0,0.0,0.0,0.0,0.0,0.0,0.0,0.0,0.008771929824561403,0.0,0.0,0.0,0.0,0.0,0.0,0.0,0.0,0.0,0.0,0.0,0.0,0.0,0.0,0.0,0.0,0.0,0.0,0.0,0.0,0.0,0.0,0.0,0.0,0.0,0.0,0.0,0.0,0.0,0.0,0.0,0.0,0.0,0.0,0.0,0.00909090909090909,0.0,0.0,0.0,0.0,0.019801980198019802,0.0,0.0,0.0,0.017857142857142856,0.0,0.0,0.0,0.0,0.0,0.0,0.0,0.0,0.0,0.010752688172043012,0.0,0.0,0.0,0.0,0.0,0.0,0.0,0.0,0.0,0.0,0.0,0.0,0.0,0.0,0.0,0.0,0.0,0.0,0.0,0.0,0.0,0.0,0.0,0.0,0.0,0.0,0.0,0.0,0.0,0.0,0.0,0.0,0.0,0.0,0.0,0.0,0.0,0.0,0.0,0.0,0.0,0.0,0.0,0.0,0.0
4266333, acs, A->T, noncoding,3.6471,9.999e-05,116,-1.0,0.705882,113,0.9,0.521739,PASS,0.005154639175257732,0.0,0.016129032258064516,0.0,0.0,0.0,0.0,0.0,0.0,0.0,0.0,0.0,0.0,0.0,0.0,0.0,0.0,0.0,0.0,0.0,0.0,0.0,0.0,0.0,0.0,0.004524886877828055,0.0,0.0,0.022988505747126436,0.0125,0.0,0.0136986301369863,0.10666666666666667,0.16470588235294117,0.09090909090909091,0.08571428571428572,0.06930693069306931,0.05263157894736842,0.0,0.0,0.0,0.0,0.0,0.0,0.0,0.0,0.0,0.0,0.0,0.0,0.01282051282051282,0.0,0.0,0.0,0.0,0.0,0.0,0.0,0.0,0.0,0.0,0.0,0.0,0.0,0.0,0.0,0.0,0.0,0.0,0.0,0.0,0.0,0.0,0.0,0.009523809523809525,0.006711409395973154,0.0,0.0,0.0,0.0,0.0,0.0,0.0,0.0,0.0,0.0,0.0,0.0,0.0,0.0,0.0,0.0,0.0,0.0,0.0,0.0,0.0,0.0,0.0,0.0,0.0,0.0,0.0,0.0,0.0,0.0,0.0,0.0,0.0,0.0,0.0,0.0,0.006211180124223602,0.0,0.0,0.009009009009009009,0.0,0.0,0.0,0.0,0.0,0.0,0.0,0.0,0.0,0.0,0.0,0.0,0.0,0.0,0.0,0.0,0.0,0.0,0.0,0.0,0.0,0.0,0.0
4266354, acs, A->G, noncoding,3.37131,9.999e-05,116,-1.0,0.75,113,0.9,0.666667,PASS,0.0,0.012195121951219513,0.0,0.0,0.0,0.0,0.0,0.0,0.0,0.0,0.0,0.0,0.0,0.0,0.0,0.0,0.0,0.0,0.0,0.0,0.0,0.0,0.0,0.0,0.0,0.0,0.0,0.0,0.0,0.0,0.0,0.0,0.0,0.013888888888888888,0.0,0.0,0.0,0.0,0.0,0.0,0.0,0.0,0.0,0.0,0.0,0.011363636363636364,0.0,0.0,0.0,0.061224489795918366,0.0,0.10526315789473684,0.0,0.0,0.010309278350515464,0.0,0.0,0.0,0.0,0.0,0.0,0.0,0.0,0.0,0.0,0.0,0.0,0.0,0.0,0.0,0.0,0.0,0.0,0.0,0.0,0.0,0.0,0.0,0.0,0.006993006993006993,0.010526315789473684,0.03,0.0,0.0,0.034782608695652174,0.04225352112676056,0.07547169811320754,0.27419354838709675,0.25252525252525254,0.14893617021276595,0.10588235294117647,0.0,0.0,0.0,0.0,0.0,0.0,0.0,0.0,0.0,0.0,0.0,0.0,0.0,0.0,0.0,0.0,0.0,0.0,0.0,0.0,0.0,0.0,0.0058823529411764705,0.0,0.0,0.0,0.0,0.0,0.0,0.0,0.0,0.0,0.0,0.0,0.0,0.0,0.014084507042253521,0.0,0.0,0.0,0.0,0.0,0.0,0.0,0.0,0.0,0.0,0.0
4267488, nrfA, junction_4267488_-1_IS150_end, sv,3.03429,0.0089991,116,-1.0,0.0296296,115,0.9,0.324324,PASS,0.0,0.0,0.0,0.0,0.0,0.0,0.0,0.0,0.0,0.0,0.0,0.0,0.0,0.0,0.0,0.0,0.0,0.0,0.0,0.0,0.0,0.0,0.0,0.0,0.0,0.0,0.0,0.0,0.0,0.0,0.0,0.0,0.0,0.0,0.0,0.0,0.0,0.0,0.0,0.0,0.0,0.0,0.0,0.0,0.0,0.0,0.0,0.0,0.0,0.0,0.0,0.0,0.10256410256410256,0.05660377358490566,0.018518518518518517,0.0,0.0,0.0,0.0,0.0,0.0,0.0,0.0,0.0,0.0,0.037037037037037035,0.0,0.013513513513513514,0.0,0.0,0.0,0.02631578947368421,0.0,0.0,0.022222222222222223,0.0,0.0,0.0,0.0,0.0,0.0,0.0,0.0,0.0,0.0,0.0,0.0,0.0,0.0,0.0,0.0,0.0,0.0,0.0,0.0,0.0,0.0,0.0,0.0,0.0,0.0,0.0,0.0,0.0,0.0,0.0,0.0,0.0,0.0,0.0,0.0,0.0,0.0,0.0,0.0,0.0,0.0,0.0,0.0,0.0,0.0,0.0,0.0,0.0,0.0,0.0,0.0,0.0,0.0,0.0,0.0,0.0,0.0,0.0,0.0,0.0,0.0,0.0,0.0
4275715, yjcO, MOB_4275715_4275717_IS150_-1, sv,1.33278,9.999e-05,38,-4.96952,0.00419287,44,0.9,0.315789,PASS,0.0,0.0,0.0,0.0,0.0,0.0,0.0,0.0,0.0,0.0,0.0,0.0,0.0,0.0,0.0,0.0,0.0,0.0,0.0,0.0,0.0,0.0,0.02849002849002849,0.01689189189189189,0.28082241014799153,0.4502775101889589,0.8481041931385006,0.8729893162393163,0.7426420972644378,0.8000867678958785,0.7431948424068768,0.7937180355630822,0.6751619661563255,0.3642294403892944,0.4211400264200792,0.2947529527559055,0.26263930704898447,0.06711409395973154,1.0,1.0,1.0,1.0,1.0,1.0,1.0,1.0,1.0,1.0,1.0,1.0,1.0,1.0,,,1.0,0.6706983333333333,,,,,,,,,,,,,,,,,,,,,,,,,,,,,,,,,,,0.0,,,,,,,0.0,,,,,,,,,,0.0,,,,,,,,,,0.0,0.0,0.0,0.0,0.0,0.0,0.0,0.0,0.0,0.0,0.0,0.0,1.0,1.0,1.0,,,,,,0.0,0.0
4290966, rpiR, indel;A;T;+T, indel,1.3509,9.999e-05,34,-4.75964,0.0114613,39,0.9,0.226415,PASS,0.0,0.0,0.0,0.009615384615384616,0.0,0.0,0.0,0.0,0.0,0.0,0.0,0.0,0.0,0.0,0.0,0.0,0.0,0.0,0.0,0.0,0.0,0.0,0.0,0.0,0.21212121212121213,0.4117647058823529,0.673469387755102,0.7307692307692307,0.6,0.8378378378378378,0.48148148148148145,0.6052631578947368,0.631578947368421,0.4230769230769231,0.4117647058823529,0.16666666666666666,0.375,0.0,1.0,1.0,1.0,1.0,0.8571428571428571,1.0,1.0,1.0,0.8333333333333334,1.0,1.0,,,1.0,,,1.0,1.0,,,,,,,,,,,,,,0.0,,,,,,,,,,,,,,,,,,,,,,,,,,,,,,,,,,,,,,,,,,,,,,,,0.0,0.0,0.0,0.0,0.0,0.0,0.0,0.0,0.0,0.02127659574468085,0.0,0.0,0.7419354838709677,0.56,0.7297297297297297,,,,,,0.0,0.0
4321393, melA, MOB_4321393_4321394_IS150_-1, sv,2.13528,9.999e-05,37,-5.36456,0.00169324,41,0.9,0.00970874,PASS,0.0,0.0,0.0,0.0,0.0,0.0,0.0,0.0,0.0,0.0,0.0,0.0,0.0,0.0,0.0,0.0,0.009233610341643583,0.012267726708074534,0.004837929366231253,0.006939625260235948,0.08578715244487056,0.4365440251572327,0.3219457092819614,0.3800332778702163,0.22929164582291145,0.13876393442622953,0.0597609561752988,0.013617020689655172,0.031686642221058145,0.042570921386306,0.029055942028985506,0.0,0.0,0.0,0.0,0.0,0.0,0.0,0.0,0.0,0.0,0.0,0.0,0.0,0.0,0.0,0.0,0.0,0.0,,,0.0,,0.0,0.0,0.0,,,,,,,,,,,,,,,,,,,,,,,,,,,,,1.0,,,,,,0.0,,,,,,,,,,,,,,0.0,,,,,,,,,,,,,0.0,0.0,0.0,0.0,0.0,0.0,0.0,0.0,0.0,0.0,0.0,0.0,0.0,0.0,0.0,,,,,,,0.0
4333227, lysU, MOB_4333227_4333230_IS150_1, sv,1.83211,9.999e-05,37,-5.30268,0.00206398,41,0.9,0.0689655,PASS,0.0,0.0,0.0,0.0,0.0,0.0029498525073746312,0.0,0.0,0.0,0.0,0.0,0.03225806451612903,0.0,0.0,0.0,0.0,0.0,0.007874015748031496,0.0,0.011363636363636364,0.0,0.0,0.0,0.0,0.0,0.02318840579710145,0.14736842105263157,0.10526315789473684,0.25,0.32601880877742945,0.41621621621621624,0.43820224719101125,0.3724137931034483,0.336283185840708,0.08771929824561403,0.07947019867549669,0.03937007874015748,0.0,0.06521739130434782,0.037037037037037035,0.0,0.01818181818181818,0.0,0.0,0.0,0.0,0.09090909090909091,0.0,,,,,,,,0.0,,,,,,,,,,,,,,,,,,,,,,,,,,,,,,,,,0.0,,0.0,,,,,,,,,0.0,,,,,,,,,0.0,,,,,,,,,0.0,0.0,0.0,0.0,0.0,0.0,0.0,0.0,0.0,0.0,0.0,0.0,0.0,0.0,1.0,,,,,,,0.0
4340299, cadC, junction_4340299_-1_IS1_start, sv,2.51839,9.999e-05,116,-1.0,0.521739,116,0.9,0.6,PASS,0.0,0.0,0.0,0.0,0.0,0.0,0.0,0.0,0.0,0.0,0.0,0.0,0.0,0.0,0.0,0.0,0.0,0.0,0.0,0.0,0.0,0.0,0.0,0.0,0.0,0.0,0.0,0.0,0.0,0.0,0.0,0.0,0.0,0.0,0.0,0.0,0.0,0.0,0.0,0.0,0.0,0.0,0.0,0.0,0.0,0.0,0.0,0.0,0.0,0.0,0.0,0.0,0.0,0.0,0.0,0.0,0.0,0.0,0.0,0.0,0.0,0.0,0.0,0.02127659574468085,0.026737967914438502,0.17333333333333334,0.05202312138728324,0.05128205128205128,0.07627118644067797,0.04145077720207254,0.043478260869565216,0.087248322147651,0.060810810810810814,0.04964539007092199,0.030534351145038167,0.0,0.0,0.0,0.0,0.0,0.0,0.0,0.0,0.0,0.0,0.0,0.0,0.0,0.0,0.0,0.0,0.0,0.0,0.0,0.0,0.0,0.0,0.0,0.0,0.0,0.0,0.0,0.0,0.0,0.0,0.0,0.0,0.0,0.0,0.0,0.0,0.0,0.0,0.0,0.0,0.0,0.0,0.0,0.0,0.0,0.0,0.0,0.0,0.0,0.0,0.0,0.0,0.0,0.0,0.0,0.0,0.0,0.0,0.0,0.0,0.0,0.0,0.0,0.0
4358318, frdC, MOB_4358318_4358320_IS150_-1, sv,3.28728,9.999e-05,116,-1.0,0.857143,113,0.9,0.5,PASS,0.0,0.0,0.0,0.0,0.0,0.0,0.0,0.0,0.0,0.0,0.0,0.0,0.0,0.0,0.0,0.0,0.0,0.0,0.0,0.0,0.0,0.0,0.0,0.0,0.0,0.0,0.0,0.0,0.0,0.0,0.0,0.0,0.0,0.0,0.0,0.0,0.0,0.0,0.0,0.0,0.0,0.0,0.0,0.0,0.0,0.0,0.0,0.0,0.0,0.0,0.0,0.0,0.0,0.011185682326621923,0.02042161794697485,0.04808505747126437,0.029296875,0.06516147186147186,0.0657378555798687,0.03629891383055757,0.07498836242726517,0.13338654841093864,0.16801033519553074,0.009861932938856016,0.019803057199211046,0.0,0.0,0.0,0.0,0.0,0.0,0.0,0.0,0.0,0.01059322033898305,0.0,0.0,0.0,0.0,0.0,0.0,0.0,0.0,0.0,0.0,0.0,0.0,0.0,0.0,0.0,0.0,0.0,0.0,0.0,0.0,0.0,0.0,0.0,0.0,0.0,0.0,0.0,0.0,0.0,0.0,0.0,0.0,0.0,0.0,0.0,0.0,0.0,0.0,0.0,0.0,0.0,0.0,0.0,0.0,0.0,0.0,0.0,0.0,0.0,0.0,0.0,0.0,0.0,0.0,0.0,0.0,0.0,0.0,0.0,0.0,0.0,0.0,0.0,0.0
4362418, intergenic, A->G, noncoding,2.05797,9.999e-05,116,-1.0,0.107143,115,0.9,0.214286,PASS,0.0,0.0,0.0,0.0,0.0,0.0,0.0,0.0,0.0,0.0,0.0,0.0,0.0,0.0,0.0,0.0,0.0,0.0,0.0,0.0,0.0,0.0,0.0,0.0,0.0,0.0,0.0,0.0,0.0,0.0,0.0,0.0,0.0,0.0,0.0,0.0,0.0,0.0,0.0,0.0,0.0,0.0,0.0,0.0,0.0,0.0,0.0,0.0,0.0,0.0,0.0,0.0,0.0,0.0,0.0,0.0,0.0,0.0,0.0,0.0,0.0,0.0,0.0,0.0,0.009615384615384616,0.0,0.0,0.00980392156862745,0.08536585365853659,0.313953488372093,0.09230769230769231,0.28888888888888886,0.25882352941176473,0.2127659574468085,0.3218390804597701,0.2920353982300885,0.34328358208955223,0.2571428571428571,0.25274725274725274,0.49523809523809526,0.5304347826086957,0.8773584905660378,0.12745098039215685,0.2077922077922078,0.6304347826086957,0.7428571428571429,0.5128205128205128,0.7941176470588235,0.8942307692307693,0.6822429906542056,0.21686746987951808,0.0,0.0,0.0,0.0,0.0,0.0,0.0,0.0,0.0,0.0,0.0,0.0,0.0,0.0,0.0,0.0,0.0,0.0,0.0,0.0,0.0,0.0,0.0,0.0,0.0,0.0,0.0,0.0,0.0,0.0,0.0,0.0,0.0,0.0,0.0,0.0,0.0,0.0,0.0,0.0,0.0,0.0,0.0,0.0,0.0,0.0,0.0,0.0
4365257, yjeP, T->G, missense,2.37668,0.00079992,116,-1.0,0.2,115,0.9,0.75,PASS,0.0,0.0,0.0,0.0,0.0,0.0,0.0,0.0,0.0,0.0,0.0,0.0,0.0,0.0,0.0,0.0,0.0,0.0,0.0,0.0,0.0,0.0,0.0,0.045454545454545456,0.028169014084507043,0.07207207207207207,0.0,0.0625,0.05128205128205128,0.03389830508474576,0.0,0.10204081632653061,0.0945945945945946,0.045454545454545456,0.07894736842105263,0.37037037037037035,0.027777777777777776,0.2,0.0,0.0,0.0,0.0,0.0,0.0,0.0,0.0,0.0,0.0,0.0,0.0,0.0,0.0,0.0,0.0,0.0,0.0,0.0,0.0,0.041666666666666664,0.0,0.0,0.0,0.0,0.0,0.0,0.0,0.0,0.0,0.0,0.0,0.0,0.0,0.0,0.0,0.0,0.0,0.0,0.0,0.0,0.0,0.012987012987012988,0.0,0.0,0.0,0.0,0.0,0.0,0.0,0.0,0.0,0.0,0.021739130434782608,0.0,0.0,0.0,0.0,0.0,0.03125,0.0,0.0,0.0,0.0,0.0,0.0,0.0,0.0,0.0,0.0,0.0,0.0,0.0,0.0,0.0,0.0,0.0,0.0,0.0,0.0,0.0,0.0,0.0,0.0,0.0,0.0,0.0,0.0,0.0,0.0,0.0,0.0,0.0,0.0,0.0,0.0,0.0,0.0,0.0,0.0,0.0
4384430, yjeB, C->A, missense,0.936706,9.999e-05,116,-1.0,0.151899,116,0.9,0.173913,PASS,0.0,0.0,0.0,0.005952380952380952,0.012345679012345678,0.0,0.0,0.0,0.0,0.0,0.0,0.0,0.0,0.0,0.0,0.0,0.0,0.0,0.0,0.009708737864077669,0.0,0.0,0.012345679012345678,0.0,0.0,0.010810810810810811,0.0821917808219178,0.13157894736842105,0.128,0.47674418604651164,0.4318181818181818,0.5531914893617021,0.3924050632911392,0.4457831325301205,0.25882352941176473,0.28,0.39622641509433965,0.8888888888888888,0.8220338983050848,0.936,0.8432835820895522,0.8175182481751825,0.8852459016393442,0.9210526315789473,0.9154929577464789,0.8529411764705882,0.8333333333333334,0.9322033898305084,0.9701492537313433,0.9583333333333334,0.9882352941176471,1.0,1.0,0.9852941176470589,1.0,0.9913793103448276,0.9829059829059829,1.0,1.0,1.0,1.0,1.0,1.0,1.0,1.0,1.0,0.9929078014184397,1.0,1.0,0.9935064935064936,1.0,1.0,1.0,1.0,1.0,1.0,1.0,1.0,0.9923664122137404,0.992,1.0,1.0,1.0,1.0,0.9908256880733946,1.0,1.0,1.0,1.0,1.0,0.984375,1.0,1.0,1.0,1.0,0.9752066115702479,1.0,1.0,1.0,1.0,1.0,1.0,1.0,1.0,0.9951219512195122,0.9935483870967742,0.9924812030075187,1.0,0.9953703703703703,1.0,1.0,1.0,1.0,1.0,1.0,1.0,1.0,0.0,0.0,0.0,0.0,0.0,0.0,0.0,0.0,0.0,0.0,0.010869565217391304,0.0,0.0,0.0,1.0,1.0,1.0,1.0,1.0,1.0,1.0,1.0
4393462, aidB, G->A, missense,3.06019,0.00879912,116,-1.0,0.387097,113,0.9,1.0,PASS,0.0,0.0,0.0,0.0,0.0,0.008333333333333333,0.0,0.0,0.0,0.0,0.0,0.0,0.0,0.0,0.0,0.0,0.0,0.0,0.0,0.0,0.0,0.0,0.0,0.0,0.0,0.0,0.0,0.0,0.0,0.0,0.0,0.0,0.0,0.0,0.0,0.0,0.0,0.0,0.0,0.0,0.0,0.0,0.0,0.0,0.0,0.0,0.07692307692307693,0.18181818181818182,0.034482758620689655,0.18181818181818182,0.05714285714285714,0.0,0.03225806451612903,0.0,0.0,0.0,0.0,0.0,0.0,0.0,0.02631578947368421,0.0,0.0,0.015384615384615385,0.0,0.0,0.0,0.0,0.0,0.0,0.0,0.0,0.0,0.0,0.0,0.0,0.0,0.0,0.0,0.0,0.0,0.0,0.0,0.03333333333333333,0.0,0.0,0.0,0.0,0.0,0.0,0.017543859649122806,0.0,0.0,0.0,0.0,0.0,0.0,0.0,0.0,0.0,0.0,0.017543859649122806,0.0,0.0,0.0,0.0,0.0,0.0,0.0,0.0,0.0,0.0,0.0,0.0,0.0,0.0,0.0,0.0,0.0,0.0,0.0,0.0,0.0,0.0,0.0,0.0,0.0,0.0,0.0,0.0,0.0,0.0,0.0,0.0,0.0,0.0,0.0,0.0,0.0
4410337, ECB_04074, MOB_4410337_4410345_IS1_-1, sv,3.06748,9.999e-05,116,-1.0,1.0,111,0.9,0.0104987,PASS,0.0,0.0,0.0,0.0,0.0,0.0,0.0,0.0,0.0,0.0,0.0,0.0,0.0,0.0,0.07719232558139535,0.0,0.0,0.0,0.0,0.0,0.0,0.0,0.0,0.0,0.0,0.0,0.0,0.0,0.0,0.0,0.0,0.0,0.0,0.0,0.0,0.0,0.0,0.0,0.0,0.0,0.0,0.0,0.0,0.0,0.0,0.0,0.0,0.0,0.0,0.0,0.0,0.0,0.0,0.0,0.0,0.0,0.0,0.0,0.0,0.0,0.027996531954887216,0.029373451676528595,0.030294298780487807,0.10789763313609467,0.054778577044025153,0.061444473684210535,0.10903199268738574,0.18191260162601627,0.03993288590604027,0.030314573170731707,0.04172541258741259,0.0,0.0,0.0,0.0,0.0,0.0,0.0,0.0,0.0,0.0,0.0,0.0,0.0,0.0,0.0,0.0,0.0,0.0,0.0,0.0,0.0,0.0,0.0,0.0,0.0,0.0,0.0,0.0,0.0,0.0,0.0,0.0,0.0,0.0,0.0,0.0,0.0,0.0,0.0,0.0,0.0,0.0,0.0,0.0,0.0,0.0,0.0,0.0,0.0,0.0,0.0,0.0,0.0,0.0,0.0,0.0,0.0,0.0,0.0,0.0,0.0,0.0,0.0,0.0,0.0,0.0,0.0,0.0
4415710, cycA, MOB_4415710_4415712_IS150_1, sv,0.981068,9.999e-05,116,-1.0,0.27907,116,0.9,0.09375,PASS,0.0,0.007624753227031132,0.025380710659898477,0.02174484629294756,0.11046993987975953,0.08777092819614711,0.016870202020202018,0.08167785016286645,0.19672259810554804,0.4833339285714286,0.50166625,0.7351933333333334,0.8084415322580645,0.7038377997179125,0.9125401301518438,1.0,0.8213612297181896,0.9553974358974359,0.9308310249307479,1.0,1.0,1.0,1.0,1.0,1.0,1.0,1.0,1.0,1.0,1.0,1.0,1.0,1.0,1.0,1.0,1.0,1.0,1.0,1.0,1.0,1.0,1.0,1.0,1.0,1.0,1.0,1.0,1.0,1.0,1.0,1.0,1.0,1.0,1.0,1.0,1.0,1.0,1.0,1.0,1.0,1.0,1.0,1.0,1.0,1.0,1.0,1.0,1.0,1.0,1.0,1.0,1.0,1.0,1.0,1.0,1.0,1.0,1.0,1.0,1.0,1.0,1.0,1.0,1.0,1.0,1.0,1.0,1.0,1.0,1.0,1.0,1.0,1.0,1.0,1.0,1.0,1.0,1.0,1.0,1.0,1.0,1.0,1.0,1.0,1.0,1.0,1.0,1.0,1.0,1.0,1.0,1.0,1.0,1.0,1.0,1.0,1.0,0.0,0.0,0.0,0.0,0.0,0.0,0.0,0.0,0.0,0.0,1.0,1.0,1.0,1.0,1.0,1.0,1.0,0.9830508474576272,1.0,1.0,0.9464860064585575,1.0
4416327, ytfE, junction_4416327_1_IS150_start, sv,2.68202,9.999e-05,116,-1.0,0.0923077,113,0.9,0.4,PASS,0.0,0.0,0.0,0.0,0.0,0.0,0.0,0.0,0.0,0.0,0.0,0.0,0.0,0.0,0.0,0.0,0.0,0.0,0.0,0.0,0.0,0.0,0.0,0.0,0.0,0.0,0.0,0.0,0.0,0.0,0.0,0.0,0.0,0.0,0.0,0.0,0.0,0.0,0.0759493670886076,0.06060606060606061,0.15306122448979592,0.256,0.14634146341463414,0.13043478260869565,0.09803921568627451,0.2037037037037037,0.13559322033898305,0.12195121951219512,0.10204081632653061,0.05263157894736842,0.0,0.015625,0.043478260869565216,0.0,0.05263157894736842,0.0,0.0,0.0,0.0,0.0,0.0,0.0,0.0,0.0,0.0,0.0,0.0,0.0,0.0,0.0,0.0,0.0,0.0,0.0,0.0,0.0,0.0,0.0,0.0,0.0,0.0,0.0,0.0,0.0,0.0,0.0,0.0,0.0,0.0,0.0,0.0,0.0,0.0,0.0,0.0,0.0,0.0,0.0,0.0,0.0,0.0,0.0,0.0,0.0,0.0,0.0,0.0,0.0,0.0,0.0,0.0,0.0,0.0,0.0,0.0,0.0,0.0,0.0,0.0,0.0,0.0,0.0,0.0,0.0,0.0,0.0,0.0,0.0,0.0,0.0,0.0,0.0,0.0,0.0,0.0,0.0,0.0,0.0,0.0
4417005, ytfE, junction_4417005_1_IS150_start, sv,2.02591,9.999e-05,116,-1.0,0.8,113,0.9,0.315789,PASS,0.0,0.0,0.0,0.0,0.0,0.0,0.0,0.0,0.0,0.0,0.0,0.0,0.0,0.0,0.0,0.0,0.0,0.0,0.0,0.0,0.0,0.0,0.0,0.0,0.0,0.0,0.0,0.0,0.0,0.0,0.0,0.0,0.0,0.0,0.0,0.0,0.0,0.0,0.0,0.0,0.0,0.0,0.0,0.0,0.0,0.0,0.0,0.0,0.0,0.0,0.0,0.0,0.0,0.0,0.0,0.0,0.0,0.0,0.0,0.0,0.0,0.0,0.0,0.1125,0.06578947368421052,0.0,0.0196078431372549,0.0,0.028169014084507043,0.009174311926605505,0.296875,0.12857142857142856,0.014285714285714285,0.37209302325581395,0.17333333333333334,0.28421052631578947,0.36363636363636365,0.3103448275862069,0.5194805194805194,0.43010752688172044,0.20833333333333334,0.19117647058823528,0.8481012658227848,0.8142857142857143,0.4189189189189189,0.047619047619047616,0.016666666666666666,0.030612244897959183,0.0,0.040983606557377046,0.016129032258064516,0.014285714285714285,0.2804878048780488,0.54,0.26666666666666666,0.07407407407407407,0.047619047619047616,0.07142857142857142,0.07894736842105263,0.02702702702702703,0.0,0.0,0.0,0.0,0.0,0.0,0.0,0.0,0.0,0.0,0.0,0.0,0.0,0.0,0.0,0.0,0.0,0.0,0.0,0.0,0.0,0.0,0.0,0.0,0.0,0.0,0.0,0.0,0.0,0.0,0.0,0.0,0.0,0.0,0.0,0.0,0.0,0.0,0.0
4422940, ytfJ, C->T, missense,3.51624,0.00149985,116,-1.0,1.0,116,0.9,1.0,PASS,0.0,0.0,0.0,0.007194244604316547,0.0,0.0,0.0,0.0,0.0,0.0,0.0,0.0,0.0,0.0,0.0,0.0,0.0,0.0,0.0,0.0,0.0,0.0,0.0,0.0,0.0,0.0,0.0,0.0,0.0,0.0,0.0,0.0,0.0,0.0,0.0,0.0,0.008064516129032258,0.0,0.0,0.0,0.0,0.0,0.0,0.0,0.0,0.0,0.0,0.0,0.0,0.0,0.0,0.0,0.0,0.0,0.0,0.008403361344537815,0.0,0.0,0.012048192771084338,0.0,0.0,0.0,0.0,0.0,0.041666666666666664,0.0,0.0,0.024691358024691357,0.15,0.17142857142857143,0.03409090909090909,0.014084507042253521,0.0,0.0,0.0,0.0,0.0,0.0,0.0,0.0,0.0,0.0,0.0,0.0,0.014285714285714285,0.0,0.0,0.009900990099009901,0.0,0.0,0.0,0.0,0.0,0.0,0.0,0.0,0.0,0.0,0.0,0.0,0.006896551724137931,0.0,0.0,0.0,0.0,0.0,0.0,0.0,0.0,0.007575757575757576,0.0,0.0,0.004878048780487805,0.0,0.0,0.0,0.0,0.0,0.0,0.0,0.0,0.0,0.0,0.0,0.0,0.0,0.0,0.0,0.0,0.0,0.0,0.0,0.0,0.0,0.0,0.0,0.0,0.0,0.0
4425317, msrA, indel;-9, indel,3.28334,9.999e-05,116,-1.0,0.705882,113,0.9,0.857143,PASS,0.0,0.0,0.0,0.0,0.0,0.0,0.0,0.0,0.0,0.0,,0.0,0.0,0.0,0.0,0.0,0.0,0.0,0.0,0.0,0.0,0.0,0.0,0.0,0.0,0.0,0.0,0.0,0.0,0.0,0.0,0.0,0.0,0.0,0.0,0.0,0.0,0.0,0.0,0.0,0.0,0.0,0.0,0.0,0.0,0.0,0.0,0.0,0.0,0.0,0.0,0.0,0.0,0.0,0.0,0.0,0.0,0.0,0.0,0.0,0.0,0.0,0.0,0.0,0.0,0.0,0.0,0.0,0.0,0.0,0.0,0.0,0.0,0.0,0.0,0.0,0.0,0.045454545454545456,0.0,0.04065040650406504,0.08290155440414508,0.17804154302670622,0.0,0.1487603305785124,0.44047619047619047,0.43137254901960786,0.15151515151515152,0.06297229219143577,0.272108843537415,0.16058394160583941,0.0684931506849315,0.0,0.0,0.0,0.0,0.0,0.0,0.0,0.0,0.0,0.0,0.0,0.0,0.0,0.0,0.0,0.0,0.0,0.0,0.0,0.0,0.0,0.0,0.0,0.0,0.0,0.0,0.0,0.0,0.0,0.0,0.0,0.0,0.0,0.0,0.0,0.0,0.0,0.0,0.0,0.0,0.0,0.0,0.0,0.0,0.0,0.0,0.0,0.0
4459658, yjgL, A->G, synonymous,1.38795,9.999e-05,116,-1.0,0.666667,111,0.9,0.923077,PASS,0.0,0.0,0.0,0.0,0.0,0.0,0.0,0.0,0.0,0.0,0.0,0.0,0.023809523809523808,0.0,0.0,0.0,0.0,0.0,0.0,0.0,0.0,0.0,0.0,0.03125,0.0,0.0,0.0,0.0,0.0,0.0,0.0,0.0,0.0,0.0,0.0,0.0,0.0,0.0,0.01282051282051282,0.0,0.0,0.0,0.0,0.0,0.0,0.0,0.0,0.0,0.0,0.0,0.0,0.0,0.0,0.0,0.033707865168539325,0.0,0.0,0.0,0.0,0.0,0.0,0.0,0.0,0.0,0.0,0.0,0.0,0.0,0.022727272727272728,0.09322033898305085,0.06153846153846154,0.2,0.30357142857142855,0.20430107526881722,0.3,0.22105263157894736,0.22580645161290322,0.05,0.038461538461538464,0.08333333333333333,0.14736842105263157,0.07407407407407407,0.10476190476190476,0.017857142857142856,0.0641025641025641,0.08333333333333333,0.2857142857142857,0.2328767123287671,0.011363636363636364,0.2976190476190476,0.726027397260274,0.9305555555555556,0.8717948717948718,0.6142857142857143,0.7604166666666666,0.9344262295081968,0.9767441860465116,0.8787878787878788,1.0,0.957983193277311,0.9938271604938271,1.0,1.0,1.0,0.9939393939393939,1.0,0.9902912621359223,1.0,1.0,1.0,1.0,0.9459459459459459,1.0,1.0,1.0,1.0,1.0,0.0,0.0,0.0,0.0,0.0,0.0,0.0,0.0,0.0,0.0,0.0,0.0,0.0,0.0,0.0,0.0,0.0,0.0,0.0,0.0,1.0,1.0
4462655, yjgM, MOB_4462655_4462663_IS1_-1, sv,0.944888,9.999e-05,116,-1.0,0.193548,116,0.9,0.6,PASS,0.0,0.0,0.0,0.0,0.0,0.0,0.0,0.0,0.0,0.0,0.0,0.0,0.0,0.0,0.0,0.0,0.0,0.0,0.0,0.0,0.0,0.0,0.0,0.0,0.0,0.0,0.0,0.0,0.0,0.0,0.0,0.005608198198198198,0.0,0.0,0.0,0.0,0.0,0.0,0.3801949396204715,0.5465081818181818,0.47440217391304346,0.7561692106410816,0.8576332144676515,0.8509256559766765,0.927021978021978,0.7833509891512445,0.8723216723549487,0.9059917840375586,0.8668488593155893,0.9746835443037974,0.9390138248847928,0.9750074441687345,0.9886918859649123,0.9917355371900827,0.993578913324709,0.9870455531453363,0.9800049900199601,0.9854881550610194,1.0,0.9892734627831715,1.0,0.9827779043280181,0.9819673321234119,0.9857142857142858,0.9801117764471058,0.9858156028368794,0.9946863780359028,0.979437627811861,0.9878650646950092,0.972588693957115,0.9941176470588236,0.9632761377613777,0.980701223438506,0.9940476190476191,0.9737212943632568,0.9903129584352078,0.9820422661870504,0.9875,0.9885714285714285,0.9831223628691983,0.9884873294346979,0.9947173689619733,0.9902165200391007,0.9556452328159645,1.0,0.9933998678122934,0.9438482080112437,1.0,0.9844932079414838,0.9863927765237019,0.9640854751942618,0.9809993642720916,0.9896795523906409,0.9866666666666667,0.9801994047619048,0.9834845814977974,0.9821428571428571,0.9630213706705969,1.0,0.978070432868672,0.9845719602977668,0.996309963099631,0.9803921568627451,1.0,0.994004914004914,0.9731422121896162,0.9921571772253408,0.9868577075098814,0.9893229446534122,0.9896907216494846,0.9958677685950413,1.0,0.9963898916967509,0.9839853689567432,1.0,0.9774966216216217,1.0,0.0,0.0,0.0,0.0,0.0,0.0,0.0,0.0,0.0,0.0,0.0,0.0,0.0,0.0,0.0,0.0,0.8496732026143791,0.9203762214983714,0.8936443965517241,0.8340696202531646,0.9168852603706973,0.9555241116751269
4507628, sgcE, A->G, synonymous,3.79634,0.00019998,116,-1.0,0.923077,116,0.9,1.0,PASS,0.0,0.0,0.0,0.0,0.0,0.006211180124223602,0.0,0.0,0.0,0.0,0.0,0.0,0.0,0.0,0.0,0.0,0.0,0.0,0.0,0.007751937984496124,0.0,0.045454545454545456,0.2375,0.4117647058823529,0.13274336283185842,0.040697674418604654,0.04054054054054054,0.0,0.06944444444444445,0.0,0.026785714285714284,0.0,0.0,0.0,0.0,0.0,0.0,0.0,0.0,0.00847457627118644,0.0,0.0,0.0,0.0,0.0,0.0,0.0,0.0,0.0,0.0,0.0,0.0,0.0,0.0,0.0,0.0,0.0,0.0,0.011627906976744186,0.0,0.0,0.01020408163265306,0.0,0.0,0.009259259259259259,0.0,0.0070921985815602835,0.0,0.0,0.0,0.012195121951219513,0.0,0.01098901098901099,0.0,0.0,0.0,0.017241379310344827,0.0,0.0,0.0,0.0,0.0,0.0,0.0,0.0,0.0,0.0,0.0,0.0,0.0,0.0,0.0,0.0,0.0,0.0,0.0,0.011627906976744186,0.0,0.0,0.0,0.0,0.0,0.0,0.0,0.0,0.0,0.011363636363636364,0.0,0.0,0.0,0.0,0.0,0.0,0.0,0.0,0.0,0.0,0.0,0.0,0.0,0.0,0.0,0.0,0.0,0.0,0.0,0.0,0.0,0.013888888888888888,0.0,0.0,0.0,0.0,0.0,0.0,0.0,0.0,0.0,0.0
4507927, sgcA, MOB_4507927_4507927_IS150_1, sv,4.10346,9.999e-05,116,-1.0,1.0,115,0.9,0.292683,PASS,0.0,0.0,0.0,0.0,0.0,0.0,0.00946969696969697,0.0,0.011834319526627219,0.0,0.0,0.0,0.0,0.0,0.02487562189054726,0.0,0.0,0.015105740181268881,0.0,0.0,0.0,0.0,0.0,0.0,0.005861664712778429,0.0,0.0,0.01694915254237288,0.0,0.0,0.0,0.006277463904582548,0.0,0.1245136186770428,0.3886255924170616,0.23255813953488372,0.21451104100946372,0.04807692307692307,0.0,0.0,0.0,0.0,0.0,0.0,0.0,0.0,0.0,0.0,0.0,0.0,0.0,0.0,0.0,0.0,0.0,0.011111111111111112,0.0,0.007052186177715091,0.0,0.007390983000739097,0.0,0.023273855702094646,0.0,0.006207324643078833,0.0,0.0,0.0,0.005376344086021506,0.0,0.0,0.008841732979664015,0.00909090909090909,0.0,0.0,0.0,0.0,0.0,0.0,0.0,0.015455950540958269,0.0,0.0,0.0,0.0,0.0,0.0,0.0,0.006053268765133173,0.0,0.0,0.0,0.0,0.0,0.0,0.0,0.0,0.0,0.0,0.0,0.0,0.0,0.0,0.0,0.0,0.0,0.0,0.0061312078479460455,0.0,0.0,0.0,0.0,0.0,0.0,0.0,0.0,0.0,0.0,0.0,0.0,0.0,0.0,0.0,0.0,0.0,0.0,0.0,0.0,0.0,0.0,0.0,0.0,,0.0,0.0,0.0,0.0,0.0,0.0,0.0
4510503, sgcB, T->C, missense,2.76757,9.999e-05,116,-1.0,0.0196399,116,0.9,0.8,PASS,0.004366812227074236,0.0,0.0,0.006211180124223602,0.0,0.0,0.0,0.0,0.0,0.0,0.0,0.0,0.0,0.015384615384615385,0.02631578947368421,0.0,0.0,0.0,0.0,0.0,0.0,0.0,0.0,0.0,0.0,0.0,0.0,0.0,0.0,0.0,0.0,0.0,0.0,0.0,0.0,0.0,0.0,0.0,0.0,0.0,0.0,0.005291005291005291,0.0,0.0,0.0,0.0,0.0,0.0,0.0,0.0,0.0,0.0,0.0,0.0,0.009174311926605505,0.0,0.0,0.0,0.0,0.009259259259259259,0.0,0.0,0.0,0.0,0.0,0.0,0.0,0.0,0.010309278350515464,0.007246376811594203,0.0,0.0,0.0,0.0,0.0,0.0,0.0,0.0,0.0,0.0,0.0,0.0,0.00847457627118644,0.0,0.0,0.010416666666666666,0.0,0.0,0.0,0.0,0.0,0.009708737864077669,0.010101010101010102,0.0,0.008771929824561403,0.0,0.0,0.0,0.009708737864077669,0.0,0.005263157894736842,0.0,0.0,0.0,0.0,0.011627906976744186,0.0,0.03365384615384615,0.014018691588785047,0.05128205128205128,0.03278688524590164,0.041666666666666664,0.06091370558375635,0.140625,0.5,0.10434782608695652,0.7272727272727273,0.0,0.0,0.0,0.0,0.0,0.0,0.0,0.011363636363636364,0.0,0.0,0.0,0.0,0.0,0.0,0.0,0.0,0.0,0.0,0.0,0.0,0.0,0.0
4524522, fimA, MOB_4524522_4524527_IS186_-1, sv,1.89524,9.999e-05,116,-1.0,1.0,116,0.9,1.0,PASS,0.0,0.0,0.0,0.0,0.0,0.01056338028169014,0.0,0.009259259259259259,0.008849557522123894,0.016666666666666666,0.0,0.0,0.0,0.015625,0.0,0.0,0.21153846153846154,0.5,0.03225806451612903,0.05755395683453238,0.03125,0.0,0.006802721088435374,0.025974025974025976,0.016853932584269662,0.0,0.0,0.0,0.027777777777777776,0.016260162601626018,0.012711864406779662,0.03,0.018072289156626505,0.0,0.047619047619047616,0.023255813953488372,0.0223463687150838,0.0,0.0,0.0056179775280898875,0.006622516556291391,0.0,0.0,0.0,0.008849557522123894,0.01694915254237288,0.0,0.037037037037037035,0.02564102564102564,0.0,0.0,0.00847457627118644,0.0,0.0,0.00625,0.021052631578947368,0.010526315789473684,0.007407407407407408,0.017241379310344827,0.01675977653631285,0.0,0.0,0.0,0.01092896174863388,0.004901960784313725,0.02142857142857143,0.030434782608695653,0.047058823529411764,0.11594202898550725,0.18303571428571427,0.20168067226890757,0.20863309352517986,0.34782608695652173,0.18125,0.2796610169491525,0.33689839572192515,0.358974358974359,0.3728813559322034,0.5979381443298969,0.7752808988764045,0.8465608465608465,0.9642857142857143,0.9322916666666666,0.9724770642201835,0.9620253164556962,0.9395973154362416,0.7358490566037735,0.7987012987012987,0.9796747967479674,0.693069306930693,0.25,0.09401709401709402,0.26573426573426573,0.4936708860759494,0.24691358024691357,0.006896551724137931,0.024,0.08181818181818182,0.11267605633802817,0.03435114503816794,0.015503875968992248,0.0,0.02702702702702703,0.0,0.008928571428571428,0.0,0.0,0.010380622837370242,0.003367003367003367,0.011235955056179775,0.005235602094240838,0.0,0.0,0.007633587786259542,0.0,0.0,0.0,0.0,0.0,0.0,0.0,0.0,0.0,0.0,0.0,0.0,0.0,0.0,0.9322033898305084,0.0,0.0,0.0,0.0,0.0,0.0,0.0,0.0,0.0,0.0
4538542, yjiE, junction_4538542_-1_IS150_start, sv,1.40664,9.999e-05,116,-1.0,0.0190476,116,0.9,0.923077,PASS,0.0,0.0,0.0,0.0,0.0,0.0,0.0,0.0,0.0,0.0,0.0,0.0,0.0,0.0,0.0,0.0,0.0,0.0,0.0,0.0,0.0,0.0,0.0,0.0,0.0,0.0,0.0,0.0,0.0,0.0,0.0,0.0,0.0,0.0,0.0,0.0,0.0,0.0,0.0,0.0,0.0,0.0,0.0,0.0,0.0,0.0,0.0,0.0,0.0,0.26340502645502645,0.3818495575221239,0.2744173228346457,0.17849175627240144,0.14585062761506276,0.24380660954712363,0.2141827956989247,0.31723651960784316,0.4508464566929134,0.21276602564102565,0.21803102189781023,0.173289156626506,0.28370556309362277,0.2928651960784314,0.424595598349381,0.20904497751124437,0.29695918367346935,0.22666265060240962,0.2283373362445415,0.280512323943662,0.26208388157894735,0.43576985413290115,0.31691457286432156,0.1635521897810219,0.4223169642857143,0.12492311827956991,0.22218255578093307,0.23531496062992127,0.4468443271767811,0.5963203883495146,0.6338308207705192,0.22223430962343096,0.12500648535564854,0.8986986899563318,0.7958647540983607,0.2708284518828452,0.08625944540727902,0.0,0.06666773761713521,0.01999769076305221,0.05436233624454149,0.0,0.11106133828996284,0.3682095070422536,0.3669834815756035,0.1960468503937008,0.01315568031704095,0.0,0.07268722627737227,0.023823349282296652,0.019409551656920078,0.0,0.0,0.0,0.0,0.0,0.0,0.0,0.0,0.0,0.0,0.0,0.0,0.0,0.0,0.0,0.0,0.0,0.0,0.0,0.0,0.0,0.0,0.0,0.0,0.0,0.0,0.0,0.0,0.0,0.0,0.0,0.0,0.0,0.0,1.0,0.0,0.0,0.0,0.0
4556570, mcrB, MOB_4556570_4556572_IS150_1, sv,2.9284,0.00259974,116,-1.0,0.8,110,0.9,0.2,PASS,0.0,0.0,0.0,0.0,0.0,0.0,0.0,0.0,0.0,0.0,0.0,0.0,0.0,0.0,0.0,0.0,0.0,0.0,0.0,0.0,0.0,0.0,0.0,0.0,0.0,0.0,0.0,0.0,0.0,0.0,0.0,0.0,0.0,0.11152416356877325,0.31982942430703626,0.06920415224913495,0.21119324181626187,0.0,0.28004667444574094,0.078125,0.03065134099616858,0.024291497975708502,0.0,0.0,0.0,0.0,0.0,0.0,0.0,0.0,0.0,0.0,0.0,0.0,0.0,0.0,0.0,0.0,0.0,0.0,0.0,0.0,0.0,0.0,0.0,0.0,0.0,0.0,0.0,0.0,0.0,0.0,0.0,0.0,0.0,0.0,0.0,0.0,0.0,0.0,0.0,0.0,0.0,0.0,0.01858736059479554,0.0,0.0,0.0,0.0,0.0,0.0,0.0,0.0,0.0,0.0,0.0,0.0,0.0,0.0,0.0,0.0,0.0,0.0,0.0,0.0,0.0,0.0,0.0,0.0,0.0,0.0,0.0,0.0,0.0,0.0,0.0,0.0,0.0,0.0,0.0,0.0,0.0,0.0,0.0,0.0,0.0,0.0,0.0,0.0,0.0,0.0,0.0,0.0,0.0,,0.0,0.0,0.0,0.0
4557596, yjiW, MOB_4557596_4557604_IS1_1, sv,4.01234,0.00019998,116,-1.0,0.8,110,0.9,0.8,PASS,0.0,0.0,0.0,0.0,0.0,0.0,0.0,0.0,0.0,0.0,0.0,0.0,0.0,0.0,0.0,0.0,0.0,0.0,0.0,0.0,0.0,0.0,0.0,0.0,0.0,0.0,0.0,0.0,0.0,0.0,0.0,0.0,0.0,0.0,0.0,0.0,0.0,0.0,0.0,0.0,0.0,0.0,0.0,0.0,0.0,0.0,0.0,0.0,0.0,0.21428571428571427,0.10344827586206896,0.078125,0.02631578947368421,0.05263157894736842,0.02912621359223301,0.029411764705882353,0.04819277108433735,0.0,0.014705882352941176,0.0125,0.0,0.0,0.0,0.0,0.0,0.0,0.0,0.0,0.0,0.0,0.0,0.0,0.0,0.0,0.0,0.0,0.0,0.0,0.0,0.0,0.0,0.0,0.0,0.0,0.0,0.0,0.0,0.0,0.0,0.0,0.0,0.0,0.0,0.0,0.0,0.0,0.0,0.0,0.0,0.0,0.0,0.0,0.0,0.0,0.0,0.0,0.0,0.0,0.0,0.0,0.0,0.0,0.0,0.0,0.0,0.0,0.0,0.0,0.0,0.0,0.0,0.0,0.0,0.0,0.0,0.0,0.0,0.0,0.0,0.0,0.0,0.0,0.0,0.0,,0.0,0.0,0.0,0.0
4558529, hsdS, indel;-1, indel,4.75301,0.00039996,116,-1.0,0.461538,108,0.9,0.27907,PASS,0.0,0.0,0.0,0.0,0.0,0.0,0.0,0.0,0.0,0.0,0.0,0.0,0.0,0.0,0.0,0.0,0.0,0.0,0.0,0.0,0.0,0.0,0.0,0.0,0.0,0.0,0.0,0.0,0.0,0.0,0.0,0.0,0.0,0.0,0.0,0.0,0.0,0.0,0.0,0.0,0.0,0.0,0.0,0.0,0.0,0.0,0.0,0.025,0.15789473684210525,0.09090909090909091,0.125,0.019230769230769232,0.0,0.02631578947368421,0.0,0.0,0.0,0.0,0.0,0.0,0.0,0.0,0.0,0.0,0.0,0.0,0.0,0.0,0.0,0.0,0.0,0.0,0.0,0.0,0.0,0.0,0.0,0.0,0.0,0.0,0.0,0.0,0.0,0.0,0.0,0.0,0.0,0.0,0.0,0.0,0.0,0.0,0.0,0.0,0.0,0.0,0.0,0.0,0.0,0.0,0.0,0.0,0.0,0.0,0.0,0.0,0.0,0.0,0.0,0.0,0.0,0.0,0.0,0.0,0.0,0.0,0.0,0.0,0.0,0.0,0.0,0.0,0.0,0.0,0.0,0.0,0.0,0.0,0.0,0.0,0.0,0.0,0.0,0.0,,0.0,0.0,0.0,0.0
4558769, hsdS, junction_4558769_1_IS1_end, sv,2.64443,0.00159984,116,-1.0,0.8,108,0.9,0.413793,PASS,0.0,0.0,0.0,0.0,0.0,0.0,0.0,0.0,0.0,0.0,0.0,0.0,0.0,0.0,0.0,0.0,0.0,0.0,0.0,0.0,0.0,0.0,0.0,0.0,0.0,0.0,0.0,0.0,0.0,0.0,0.0,0.0,0.0,0.0,0.0,0.0,0.0,0.0,0.0,0.1276595744680851,0.09523809523809523,0.18518518518518517,0.07575757575757576,0.011627906976744186,0.08695652173913043,0.24,0.1,0.04,0.03571428571428571,0.10526315789473684,0.0,0.0,0.0,0.043478260869565216,0.0,0.10810810810810811,0.0,0.0,0.0,0.0,0.0,0.0,0.0,0.0,0.0,0.0,0.0,0.0,0.0,0.0,0.0,0.0,0.0,0.0,0.0,0.0,0.0,0.0,0.0,0.0,0.0,0.0,0.0,0.0,0.0,0.0,0.0,0.0,0.0,0.0,0.0,0.0,0.0,0.0,0.0,0.017241379310344827,0.0,0.0,0.0,0.0,0.0,0.0,0.0,0.0,0.0,0.0,0.0,0.0,0.0,0.0,0.0,0.0,0.0,0.0,0.0,0.0,0.0,0.0,0.0,0.0,0.0,0.0,0.0,0.0,0.0,0.0,0.0,0.0,0.0,0.0,0.0,0.0,0.0,0.0,,0.0,0.03333333333333333,0.0,0.0
4558774, hsdS, indel;A;-1;T;-2, indel,1.19336,0.00029997,116,-1.0,0.631579,108,0.9,0.2,PASS,0.0,0.0,0.0,0.0,0.0,0.006493506493506494,0.0,0.023809523809523808,0.0,0.08333333333333333,0.0,0.0,0.0,0.0,0.0,0.0,0.0,0.0,0.10869565217391304,0.0,0.0,0.0,0.0,0.0,0.0,0.0,0.0,0.0,0.0,0.0,0.0,0.0,0.0,0.0,0.0,0.0,0.0,0.0,0.0,0.0,0.0,0.0,0.0,0.0,0.0,0.0,0.0,0.0,0.0,0.05,0.0,0.0,0.0,0.0,0.058823529411764705,0.0,0.0,0.0,0.0,0.043478260869565216,0.0,0.022222222222222223,0.0,0.0,0.031746031746031744,0.10526315789473684,0.16326530612244897,0.4117647058823529,0.5384615384615384,0.3333333333333333,0.3448275862068966,0.4827586206896552,0.39655172413793105,0.3333333333333333,0.17105263157894737,0.3333333333333333,0.4166666666666667,0.22727272727272727,0.25,0.21052631578947367,0.16666666666666666,0.01694915254237288,0.16666666666666666,0.1111111111111111,0.047619047619047616,0.13636363636363635,0.26,0.1728395061728395,0.04838709677419355,0.25925925925925924,0.6206896551724138,0.9692307692307692,0.9761904761904762,0.9772727272727273,0.9672131147540983,0.984375,0.9836065573770492,1.0,0.9375,0.9509803921568627,0.9519230769230769,0.9466666666666667,1.0,1.0,0.9763779527559056,0.9701492537313433,1.0,0.9615384615384616,0.9196428571428571,0.9514563106796117,0.9466666666666667,0.9142857142857143,0.9473684210526315,0.9662921348314607,0.8571428571428571,0.9818181818181818,1.0,0.0,0.0,0.0,0.0,0.0,0.0,0.0,0.0,0.0,0.0,0.0,0.0,0.0,0.0,0.0,0.0,0.0,,0.0,0.0,0.7894736842105263,0.8461538461538461
4558992, hsdS, MOB_4558992_4558994_IS150_-1, sv,3.73264,9.999e-05,116,-1.0,0.0353982,112,0.9,0.666667,PASS,0.0,0.0,0.0,0.0,0.0,0.0,0.0,0.0,0.0,0.0,0.0,0.0,0.0,0.0,0.0,0.0,0.0,0.0,0.0,0.0,0.0,0.0,0.0,0.0,0.0,0.0,0.0,0.0,0.0,0.0,0.0,0.0,0.0,0.0,0.0,0.0,0.0,0.0,0.0,0.0,0.0,0.0,0.0,0.0,0.0,0.0,0.010309278350515464,0.014285714285714285,0.012195121951219513,0.2222222222222222,0.0945945945945946,0.04225352112676056,0.11627906976744186,0.027777777777777776,0.018867924528301886,0.0234375,0.008333333333333333,0.016129032258064516,0.02608695652173913,0.008771929824561403,0.037037037037037035,0.0,0.0,0.0,0.0,0.0,0.0,0.0,0.0,0.0,0.0,0.0,0.0,0.0,0.0,0.0,0.0,0.0,0.0,0.0,0.0,0.0,0.0,0.0,0.0,0.0,0.0,0.0,0.0,0.0,0.0,0.0,0.0,0.0,0.0,0.0,0.0,0.0,0.0,0.0,0.0,0.0,0.0,0.0,0.0,0.0,0.0,0.0,0.0,0.0,0.0,0.0,0.0,0.0,0.0,0.0,0.0,0.0,0.0,0.0,0.0,0.0,0.0,0.0,0.0,0.0,0.0,0.0,0.0,0.0,0.0,0.0,0.0,0.0,,0.0,0.0,0.0,0.0
4559534, hsdM, indel;-21, indel,1.78762,9.999e-05,116,-1.0,0.705882,109,0.9,0.0142687,PASS,0.0,0.0,0.0,0.0,0.0,0.0,0.0,0.0,0.0,0.0,0.0,0.0,0.0,0.0,0.0,0.0,0.0,0.0,0.0,0.0,0.0,0.0,0.0,0.0,0.0,0.0,0.0,0.0,0.0,0.0,0.0,0.0,0.0,0.0,0.0,0.0,0.0,0.0,0.0,0.0,0.0,0.0,0.0,0.0,0.0,0.0,0.0,0.0,0.0,0.0,0.11428571428571428,0.1276595744680851,0.1935483870967742,0.22857142857142856,0.0,0.11389521640091116,0.3007518796992481,0.041841004184100423,0.4,0.3864734299516908,0.6341463414634146,0.4783599088838269,0.5098039215686274,0.7936507936507936,0.8505747126436781,0.42424242424242425,0.7407407407407407,0.5956112852664577,0.24221453287197234,0.2696629213483146,0.1951219512195122,0.2857142857142857,0.358974358974359,0.41935483870967744,0.6268656716417911,0.5361305361305362,0.6470588235294118,0.8837209302325582,0.7878787878787878,0.7111111111111111,0.782608695652174,0.9866666666666667,0.14285714285714285,0.8,0.9836065573770492,0.851063829787234,0.6274509803921569,0.7894736842105264,0.8653846153846154,0.6029411764705882,0.23659305993690852,0.0,0.0,0.0,0.0,0.0,0.0,0.0,0.0,0.0,0.0,0.0,0.0,0.0,0.0,0.0,0.0,0.0,0.0,0.0,0.0,0.0,0.0,0.0,0.0,0.0,0.0,0.0,0.0,0.0,0.0,0.0,0.0,0.0,0.0,0.0,0.0,0.0,0.0,0.0,0.0,0.0,0.0,1.0,,1.0,0.0,0.0,0.0
4562889, hsdR, junction_4562889_1_IS1_end, sv,3.33669,9.999e-05,116,-1.0,0.666667,110,0.9,0.705882,PASS,0.0,0.0,0.0,0.0,0.0,0.0,0.0,0.0,0.0,0.0,0.0,0.0,0.0,0.0,0.0,0.0,0.0,0.0,0.0,0.0,0.0,0.0,0.0,0.0,0.0,0.0,0.0,0.0625,0.022727272727272728,0.03225806451612903,0.18571428571428572,0.1320754716981132,0.09259259259259259,0.15517241379310345,0.3142857142857143,0.2962962962962963,0.11428571428571428,0.15384615384615385,0.0,0.0,0.0,0.0,0.0,0.0,0.0,0.0,0.0,0.0,0.0,0.0,0.0,0.0,0.0,0.0,0.0,0.0,0.0,0.0,0.0,0.0,0.0,0.0,0.0,0.0,0.0,0.0,0.0,0.0,0.0,0.0,0.0,0.0,0.0,0.0,0.0,0.0,0.0,0.0,0.0,0.0,0.0,0.0,0.0,0.0,0.0,0.0,0.0,0.0,0.0,0.0,0.0,0.0,0.0,0.0,0.0,0.0,0.0,0.0,0.0,0.0,0.0,0.0,0.0,0.0,0.0,0.0,0.0,0.0,0.0,0.0,0.0,0.0,0.0,0.0,0.0,0.0,0.0,0.0,0.0,0.0,0.0,0.0,0.0,0.0,0.0,0.0,0.0,0.0,0.0,0.0,0.0,0.0,0.0,0.0,,0.0,0.0,0.0,0.0
4567083, yjiX, MOB_4567083_4567088_IS150_-1, sv,1.24902,9.999e-05,116,-1.0,0.8,113,0.9,0.48,PASS,0.0,0.0,0.0,0.0,0.0,0.005655160648279784,0.008086017988552739,0.0,0.0,0.0,0.0,0.0,0.0,0.0,0.0,0.0,0.03338325942350332,0.02030456852791878,0.022588804265041888,0.0,0.0,0.0,0.023331347962382447,0.03126155660377358,0.011154385866517104,0.020899187264348553,0.0,0.0,0.012033941605839416,0.00828611390284757,0.0,0.007374631268436578,0.017436791630340016,0.029282576866764276,0.007936507936507936,0.0,0.0,0.0,0.03218184,0.007183908045977012,0.019898237885462557,0.11311195445920304,0.04628576081898557,0.0545448902027027,0.04939192546583851,0.1760410654827969,0.168955136663525,0.20599671772428882,0.18378841512469832,0.5024232715008432,0.3657973484848485,0.4788449144008057,0.21660722100656452,0.24556742179072275,0.23136853295535081,0.2031368925393566,0.19062785714285713,0.3828221757322176,0.22573722627737228,0.21321470588235295,0.12094571865443424,0.24496163069544366,0.17933823529411763,0.24260087241003273,0.18442878448918718,0.12333693843594011,0.1830157780195865,0.22096685878962535,0.2717260616153206,0.15500928612884504,0.38110573122529645,0.14112599049128366,0.06682507507507508,0.19374673439767778,0.07448435689455388,0.1780824644549763,0.15170114942528734,0.30695348837209296,0.527608473338203,0.310595952547104,0.14744347826086956,0.0629092121982211,0.7487087276551,0.613007290400972,0.1825184563758389,0.017894347564642213,0.009564023210831721,0.027696151154653605,0.020226993865030674,0.03391508571428571,0.0,0.09204860392967941,0.16992208588957056,0.290306,0.1048082744702321,0.039825114678899085,0.04658316779926816,0.008525172413793103,0.007255465884079237,0.027247680293982546,0.0038520801232665635,0.0,0.0,0.022831050228310504,0.0,0.0,0.0047893995157384985,0.0,0.009559005436520626,0.011421307692307692,0.0,0.0,0.0,0.0,0.22209887640449438,0.006890780487804878,0.0,0.0,0.0,0.0,0.0,0.0,0.0,0.0,0.0,0.0,0.0,0.0,0.0,0.0,0.0,0.0,0.0,0.0,1.0,0.0,0.0,0.0,0.0
4573595, hpaX, C->T, synonymous,2.75779,0.011507,116,-1.0,0.75,116,0.9,0.857143,PASS,0.0,0.012658227848101266,0.0,0.0,0.0,0.01098901098901099,0.0,0.0,0.0,0.0,0.0,0.0,0.0,0.0,0.0,0.0,0.0,0.0,0.0,0.0,0.0,0.0,0.0,0.0,0.0,0.0,0.0,0.0,0.0,0.0,0.0,0.0,0.0,0.0,0.0,0.0196078431372549,0.0,0.0,0.0,0.0,0.0,0.0,0.0,0.0,0.0,0.0,0.0,0.0,0.0,0.0,0.0,0.0,0.0,0.0,0.0,0.0,0.0,0.0,0.0,0.0,0.0,0.0,0.0,0.0,0.0,0.0,0.0,0.0,0.0,0.0,0.0,0.0,0.0,0.0,0.0,0.018018018018018018,0.0,0.2127659574468085,0.056074766355140186,0.0,0.07058823529411765,0.011904761904761904,0.0,0.0,0.0,0.0,0.0,0.0,0.0,0.0,0.0,0.0,0.0,0.01098901098901099,0.0,0.0,0.0,0.012195121951219513,0.0,0.0,0.0,0.0,0.0,0.0,0.0,0.0,0.0,0.0,0.0,0.0,0.0,0.0,0.0,0.006578947368421052,0.0,0.0,0.0,0.0,0.0,0.0,0.0,0.0,0.0,0.0,0.0,0.0,0.0,0.0,0.0,0.0,0.0,0.0,0.0,0.0,0.0,0.0,0.0,0.0,0.0
4578498, hpaE, A->G, missense,2.61296,9.999e-05,116,-1.0,1.0,113,0.9,0.571429,PASS,0.0,0.0,0.0,0.0,0.0,0.0,0.0,0.0,0.0,0.0,0.0,0.0,0.0,0.0,0.0,0.0,0.0,0.0,0.0,0.0,0.0,0.0,0.0,0.0,0.0,0.0,0.0,0.0,0.0,0.0196078431372549,0.0,0.0,0.0,0.0,0.0,0.0,0.0,0.0,0.0,0.0,0.0,0.0,0.0,0.0,0.0,0.0,0.0,0.0,0.0,0.0,0.0,0.0,0.0,0.0,0.0,0.0,0.0,0.0,0.0,0.0,0.0,0.0,0.0,0.0,0.0,0.0,0.0,0.0,0.0,0.0,0.0,0.0,0.0,0.024390243902439025,0.0,0.0,0.0,0.0,0.0,0.0,0.0,0.0,0.0,0.0,0.0,0.0,0.0,0.0,0.0,0.0,0.0,0.0,0.022727272727272728,0.0,0.0,0.0,0.0,0.0,0.0,0.0,0.0,0.0,0.0,0.0,0.058823529411764705,0.15254237288135594,0.7636363636363637,0.5568181818181818,0.6666666666666666,0.8620689655172413,0.7391304347826086,0.9,0.7628865979381443,0.7160493827160493,0.3333333333333333,0.6904761904761905,0.5,0.0,0.0,0.0,0.0,0.0,0.0,0.0,0.0,0.0,0.0,0.0,0.0,0.0,0.0,0.0,0.0,0.0,0.0,0.0,0.0,0.0,0.0
4579944, hpaG, MOB_4579944_4579946_IS150_-1, sv,2.58514,9.999e-05,116,-1.0,0.00235479,116,0.9,0.8,PASS,0.0,0.0,0.0,0.0,0.0,0.0,0.0,0.0,0.0,0.0,0.0,0.0,0.0,0.0,0.0,0.0,0.0,0.0,0.0,0.0,0.0,0.0,0.0,0.0,0.0,0.0,0.0,0.0,0.0,0.0,0.0,0.0,0.0,0.046052631578947366,0.030927835051546393,0.014492753623188406,0.07407407407407407,0.0,0.0650887573964497,0.024390243902439025,0.23809523809523808,0.21621621621621623,0.1724137931034483,0.07964601769911504,0.09,0.18115942028985507,0.06923076923076923,0.04477611940298507,0.15294117647058825,0.037037037037037035,0.0,0.008333333333333333,0.0,0.020618556701030927,0.004901960784313725,0.023529411764705882,0.0,0.0,0.0,0.0,0.0,0.0,0.0,0.0,0.0,0.0,0.0,0.0,0.0,0.0,0.0,0.0,0.0,0.0,0.0,0.0,0.0,0.0,0.0,0.0,0.0,0.0,0.0,0.0,0.0,0.0,0.0,0.0,0.0,0.0,0.0,0.0,0.0,0.0,0.0,0.0,0.0,0.0,0.0,0.0,0.0,0.0,0.0,0.0,0.0,0.0,0.0,0.0,0.0,0.0,0.0,0.0,0.0,0.0,0.0,0.0,0.0,0.0,0.0,0.0,0.0,0.0,0.0,0.0,0.0,0.0,0.0,0.0,0.0,0.0,0.0,0.0,0.0,0.0,0.0,0.0,0.0,0.0,0.0
4588140, mdoB, MOB_4588140_4588142_IS150_1, sv,1.61954,0.00029997,116,-1.0,0.0101437,115,0.9,0.144578,PASS,0.0,0.0,0.023809523809523808,0.0045871559633027525,0.0,0.0,0.0,0.0,0.0,0.0,0.0,0.0,0.018518518518518517,0.0,0.0,0.0,0.0,0.0,0.0,0.0,0.0,0.0,0.0,0.0,0.014814814814814815,0.008620689655172414,0.02197802197802198,0.0,0.0,0.0,0.0,0.0,0.0,0.0,0.0,0.0,0.007692307692307693,0.0,0.0,0.0,0.02,0.014563106796116505,0.0,0.0,0.012658227848101266,0.016129032258064516,0.0,0.0,0.043478260869565216,0.0,0.0,0.0,0.0,0.0,0.008064516129032258,0.005747126436781609,0.006535947712418301,0.0,0.0,0.0,0.058333333333333334,0.04225352112676056,0.0,0.0,0.014388489208633094,0.007633587786259542,0.0,0.016666666666666666,0.0,0.014388489208633094,0.0,0.0,0.0,0.0,0.0,0.0,0.0,0.021739130434782608,0.0,0.0,0.0,0.0,0.0,0.0,0.06741573033707865,0.0898876404494382,0.052083333333333336,0.12403100775193798,0.05421686746987952,0.03048780487804878,0.0,0.0,0.0,0.008264462809917356,0.02631578947368421,0.007751937984496124,0.008928571428571428,0.0,0.0,0.0,0.0,0.0111731843575419,0.0,0.0,0.017857142857142856,0.0,0.008849557522123894,0.0,0.010869565217391304,0.00423728813559322,0.006211180124223602,0.0,0.0037174721189591076,0.0,0.0,0.0,0.0,0.0,0.0,0.0,0.0,0.0,0.0,0.0,0.0,0.0,0.0,0.0,0.0,0.0,0.0,0.0,0.0,0.0,0.0,0.0,0.0,0.0,0.0
4598733, prfC, T->C, missense,0.76981,0.014414,116,-1.0,0.032345,115,0.9,0.6,PASS,0.0,0.044444444444444446,0.04,0.04716981132075472,0.05128205128205128,0.05454545454545454,0.0,0.0,0.0,0.0,0.0,0.125,0.03571428571428571,0.0,0.0,0.0,0.0,0.0,0.0,0.0,0.0,0.0,0.05,0.0,0.03278688524590164,0.024793388429752067,0.0,0.0,0.034482758620689655,0.0,0.0,0.0,0.0,0.024691358024691357,0.0,0.0,0.012195121951219513,0.0,0.0,0.015151515151515152,0.0,0.0,0.0,0.013157894736842105,0.034482758620689655,0.0425531914893617,0.037037037037037035,0.07407407407407407,0.0,0.0625,0.0,0.06,0.0,0.0,0.012987012987012988,0.0,0.017241379310344827,0.031746031746031744,0.024390243902439025,0.02702702702702703,0.0,0.0196078431372549,0.07407407407407407,0.029850746268656716,0.01639344262295082,0.0,0.0,0.0,0.0,0.0425531914893617,0.10810810810810811,0.0,0.022727272727272728,0.03389830508474576,0.04838709677419355,0.08433734939759036,0.02631578947368421,0.0,0.0,0.030927835051546393,0.0,0.0,0.046153846153846156,0.13333333333333333,0.017543859649122806,0.029411764705882353,0.02127659574468085,0.016666666666666666,0.0,0.0,0.0,0.0,0.0125,0.012987012987012988,0.04,0.1,0.09090909090909091,0.10810810810810811,0.11764705882352941,0.015267175572519083,0.024390243902439025,0.028037383177570093,0.0,0.0,0.034782608695652174,0.021052631578947368,0.03225806451612903,0.0,0.008928571428571428,0.0,0.0,0.0,0.014285714285714285,0.010752688172043012,0.0,0.010869565217391304,0.0,0.0,0.0,0.0,0.0,0.0,0.0,0.0,0.0,0.0,0.0,0.0,0.0,0.015625,0.0,0.0,0.0,0.0,0.0,0.0,0.0,0.0,0.0
4608702, deoA, indel;-9, indel,1.56088,9.999e-05,116,-1.0,0.3,116,0.9,0.3,PASS,0.0,0.0,0.0,0.0,0.0,0.0,0.0,0.0,0.0,0.0,0.0,0.0,0.0,0.0,0.0,0.0,0.0,0.0,0.0,0.0,0.0,0.0,0.0,0.0,0.0,0.0,0.0,0.0,0.0,0.0,0.0,0.0,0.0,0.0,0.0,0.0,0.0,0.0,0.0,0.0,0.0,0.0,0.0,0.0,0.0,0.020512820512820513,0.09230769230769231,0.0,0.022727272727272728,0.0,0.1032258064516129,0.09090909090909091,0.19130434782608696,0.15028901734104047,0.12080536912751678,0.0967741935483871,0.10344827586206896,0.05291005291005291,0.14754098360655737,0.15819209039548024,0.3564356435643564,0.37606837606837606,0.45588235294117646,0.5662100456621004,0.6423841059602649,0.37433155080213903,0.46808510638297873,0.41353383458646614,0.3675675675675676,0.2794759825327511,0.22660098522167488,0.27972027972027974,0.330188679245283,0.32,0.43617021276595747,0.40816326530612246,0.4492753623188406,0.4307692307692308,0.2692307692307692,0.4827586206896552,0.4657534246575342,0.8709677419354839,0.05084745762711865,0.1984732824427481,0.7209302325581395,0.8292682926829268,0.547945205479452,0.8454545454545455,0.8846153846153846,0.6831683168316832,0.28346456692913385,0.0,0.0,0.0,0.0,0.0,0.0,0.0,0.0,0.0,0.0,0.0,0.0,0.0,0.0,0.0,0.0,0.0,0.0,0.0,0.0,0.0,0.0,0.0,0.0,0.0,0.0,0.0,0.0,0.0,0.0,0.0,0.05555555555555555,0.0,0.0,0.0,0.0,0.0,0.0,0.0,0.0,0.0,0.0,0.9863945578231293,0.0,0.944206008583691,0.0,0.0,0.0
4615673, nadR, MOB_4615673_4615676_IS150_-1, sv,0.98496,9.999e-05,116,-1.0,0.184615,116,0.9,0.0869565,PASS,0.0,0.02631174142480211,0.755536231884058,0.9953649798477383,0.9851294910179642,0.996444899351757,1.0,0.9812677388836328,0.9878972809667674,1.0,1.0,1.0,1.0,1.0,1.0,1.0,0.9441960966542752,0.9268096632503661,0.8332608915906788,1.0,1.0,1.0,0.9918459715639811,0.9843922155688624,0.9942340175953078,1.0,1.0,1.0,1.0,1.0,1.0,1.0,1.0,0.991946227929374,1.0,1.0,0.9950024236548716,1.0,1.0,0.9939610389610389,1.0,1.0,0.9957606405394016,1.0,1.0,0.9931488215488214,1.0,1.0,1.0,1.0,0.9829260204081633,1.0,1.0,1.0,1.0,1.0,1.0,1.0,1.0,1.0,1.0,1.0,1.0,0.9943255295429209,1.0,1.0,1.0,1.0,1.0,1.0,1.0,1.0,1.0,1.0,1.0,1.0,1.0,1.0,1.0,0.9953744893327281,0.9951128180508881,0.9955088702147527,0.9947396672034352,1.0,1.0,1.0,1.0,1.0,1.0,1.0,0.9715406562054207,1.0,1.0,1.0,1.0,1.0,1.0,1.0,1.0,1.0,1.0,1.0,1.0,1.0,1.0,1.0,0.9957174295774649,1.0,0.9969991199765328,1.0,1.0,1.0,1.0,1.0,1.0,1.0,1.0,0.0,0.0,0.0,0.0,0.0,0.0,1.0,1.0,0.9709017341040463,1.0,1.0,1.0,1.0,1.0,1.0,1.0,1.0,1.0,1.0,1.0,1.0,0.9692172897196262
4628460, arcA, T->G, missense,0.983483,9.999e-05,116,-1.0,0.133333,113,0.9,0.122449,PASS,0.0,0.0,0.0,0.0,0.0,0.0,0.0,0.0,0.0,0.03125,,0.0,0.10638297872340426,0.34615384615384615,0.4782608695652174,0.42857142857142855,0.7352941176470589,0.9215686274509803,0.90625,0.9047619047619048,0.9705882352941176,1.0,0.967741935483871,1.0,1.0,0.9942196531791907,1.0,1.0,1.0,1.0,0.9764705882352941,1.0,1.0,1.0,1.0,1.0,1.0,1.0,1.0,1.0,1.0,1.0,1.0,1.0,1.0,1.0,0.9142857142857143,1.0,1.0,1.0,1.0,1.0,1.0,1.0,1.0,1.0,1.0,1.0,1.0,1.0,1.0,1.0,1.0,1.0,1.0,1.0,1.0,1.0,1.0,1.0,1.0,0.9615384615384616,0.9787234042553191,1.0,0.9863013698630136,1.0,1.0,1.0,1.0,0.989247311827957,1.0,0.9871794871794872,1.0,1.0,1.0,0.9642857142857143,1.0,1.0,1.0,1.0,1.0,0.9859154929577465,1.0,1.0,1.0,1.0,1.0,1.0,1.0,1.0,0.9939024390243902,1.0,1.0,1.0,1.0,0.98989898989899,0.9876543209876543,1.0,1.0,1.0,1.0,1.0,1.0,1.0,1.0,1.0,1.0,0.0,0.0,0.0,0.02631578947368421,0.0,0.0,0.0,0.0,0.0,0.0,1.0,1.0,1.0,0.9830508474576272,1.0,1.0,1.0,1.0,1.0,1.0,1.0,0.9710144927536232
