Position,Gene,Allele,Annotation,Test statistic,P-value,Deletion index,Fold reduction,Deletion P-value,Duplication index,Fold increase,Duplication pvalue,Passed?,AF:0,AF:500,AF:1000,AF:1500,AF:2000,AF:2500,AF:3000,AF:3500,AF:4000,AF:4500,AF:5000,AF:5500,AF:6000,AF:6500,AF:7000,AF:7500,AF:8000,AF:8500,AF:9000,AF:9500,AF:10000,AF:10500,AF:11000,AF:11500,AF:12000,AF:12500,AF:13000,AF:13500,AF:14000,AF:14500,AF:15000,AF:15500,AF:16000,AF:16500,AF:17000,AF:17500,AF:18000,AF:18500,AF:19000,AF:19500,AF:20000,AF:20500,AF:21000,AF:21500,AF:22000,AF:22500,AF:23000,AF:23500,AF:24000,AF:24500,AF:25000,AF:25500,AF:26000,AF:26500,AF:27000,AF:27500,AF:28000,AF:28500,AF:29000,AF:29500,AF:30000,AF:30500,AF:31000,AF:31500,AF:32000,AF:32500,AF:33000,AF:33500,AF:34000,AF:34500,AF:35000,AF:35500,AF:36000,AF:36500,AF:37000,AF:37500,AF:38000,AF:38500,AF:39000,AF:39500,AF:40000,AF:40500,AF:41000,AF:41500,AF:42000,AF:42500,AF:43000,AF:43500,AF:44000,AF:44500,AF:45000,AF:45500,AF:46000,AF:46500,AF:47000,AF:47500,AF:48000,AF:48500,AF:49000,AF:49500,AF:50000,AF:50500,AF:51000,AF:51500,AF:52000,AF:52500,AF:53000,AF:53500,AF:54000,AF:54500,AF:55000,AF:55500,AF:56000,AF:56500,AF:57000,AF:57500,AF:58000,AF:58500,AF:59000,AF:59500,AF:60000,AF:1000500,AF:1000600,AF:1001000,AF:1001100,AF:1001500,AF:1001600,AF:1002000,AF:1002100,AF:1005000,AF:1005100,AF:1010000,AF:1010100,AF:1015000,AF:1015100,AF:1020000,AF:1020100,AF:1030000,AF:1030099,AF:1040000,AF:1040099,AF:1050000,AF:1050100
1335, thrA, C->T, missense,0.956851,9.999e-05,120,-1.0,0.923077,118,0.9,0.272727,PASS,0.0,0.0,0.014084507042253521,0.0,0.0,0.0,0.0,0.0,0.0,0.0,0.0,0.0,0.0,0.0,0.0,0.0,0.02040816326530612,0.09302325581395349,0.5932203389830508,0.6704545454545454,0.9263157894736842,0.8106060606060606,0.6111111111111112,0.8493150684931506,1.0,0.9705882352941176,0.7407407407407407,0.9846153846153847,0.9166666666666666,0.8990825688073395,0.9444444444444444,1.0,1.0,1.0,1.0,1.0,1.0,0.9914529914529915,1.0,1.0,1.0,1.0,1.0,1.0,1.0,1.0,1.0,1.0,1.0,0.978494623655914,1.0,1.0,1.0,0.9841269841269841,1.0,1.0,1.0,0.9824561403508771,1.0,1.0,1.0,1.0,1.0,0.9912280701754386,1.0,1.0,0.9891304347826086,1.0,1.0,1.0,1.0,1.0,1.0,1.0,1.0,0.9827586206896551,1.0,1.0,1.0,0.9866666666666667,1.0,1.0,1.0,1.0,1.0,1.0,1.0,1.0,1.0,1.0,1.0,1.0,1.0,1.0,1.0,1.0,1.0,1.0,1.0,1.0,1.0,1.0,1.0,1.0,1.0,1.0,1.0,1.0,1.0,1.0,1.0,1.0,1.0,1.0,1.0,1.0,1.0,1.0,1.0,1.0,1.0,0.0,0.0,0.0,0.0,0.0,0.0,0.0,0.0,0.0,0.0,1.0,1.0,1.0,1.0,0.9494949494949495,1.0,1.0,1.0,1.0,1.0,0.9907407407407407,0.9954337899543378
1740, thrA, T->G, missense,2.37936,0.00129987,120,-1.0,0.0827586,119,0.9,0.055814,PASS,0.0,0.006578947368421052,0.0,0.010526315789473684,0.0,0.0,0.0,0.0,0.0,0.0,0.0,0.0,0.0,0.0,0.007352941176470588,0.1038961038961039,0.125,0.044444444444444446,0.0759493670886076,0.1875,0.0,0.053691275167785234,0.0,0.009009009009009009,0.0,0.008333333333333333,0.0,0.0,0.0070921985815602835,0.0,0.008928571428571428,0.0,0.0,0.0,0.0,0.0,0.0,0.0,0.0,0.0,0.0,0.0,0.0,0.0,0.0,0.0,0.0,0.0,0.0,0.0,0.0,0.0,0.0,0.0,0.0,0.0,0.0,0.0,0.0,0.0,0.0,0.0,0.0,0.0,0.0,0.0,0.0,0.0,0.0,0.0,0.0,0.0,0.0,0.0,0.0,0.0,0.0,0.0,0.0,0.0,0.0,0.0,0.0,0.0,0.0,0.0,0.0,0.0,0.0,0.0,0.0,0.0,0.0,0.0,0.0,0.0,0.0,0.0,0.0,0.0,0.0,0.0,0.0,0.0,0.0,0.0,0.0,0.0,0.0,0.0,0.0,0.0,0.0,0.0,0.0,0.0,0.0,0.0,0.0,0.0,0.0,0.0,0.007194244604316547,0.0,0.0,0.0,0.0,0.0,0.0,0.0,0.0,0.0,0.0,0.0,0.0,0.0,0.0,0.0,0.0,0.0,0.0,0.0,0.0
10562, yaaH, C->A, noncoding,3.94266,0.00029997,120,-1.0,0.666667,119,0.9,0.413793,PASS,0.0,0.0,0.0,0.0,0.0,0.0,0.0,0.0,0.0,0.0,0.0,0.0,0.0,0.0,0.0,0.0,0.014705882352941176,0.0,0.0,0.0,0.0,0.0,0.0,0.0,0.0,0.0070921985815602835,0.0,0.0,0.0,0.0,0.0,0.0,0.0,0.0,0.0,0.0,0.0,0.0,0.0,0.0,0.0,0.0,0.0,0.0,0.0,0.0,0.0,0.0,0.0,0.0,0.0,0.0,0.0,0.0,0.0,0.0,0.0,0.0,0.0,0.0,0.0,0.0,0.0,0.0,0.012987012987012988,0.0,0.0,0.0,0.0,0.0,0.06666666666666667,0.044444444444444446,0.1590909090909091,0.22448979591836735,0.21739130434782608,0.015625,0.023809523809523808,0.11290322580645161,0.09859154929577464,0.023529411764705882,0.0,0.0,0.0,0.0,0.0,0.0,0.0,,0.0,0.0,0.0,0.0,0.0,0.0,0.0,0.0,0.0,0.0,0.0,0.0,0.0,0.019230769230769232,0.0,0.0,0.0,0.0,0.0,0.0,0.0,0.0,0.0,0.0,0.0,0.0,0.0,0.0,0.0,0.0,0.0,0.0,0.0,0.0,0.0,0.0,0.0,0.0,0.0,0.0,0.0,0.0,0.0,0.0,0.0,0.0,0.0,0.0,0.0,0.0,0.0,0.0,0.0,0.0,0.0
10563, yaaH, G->A, noncoding,3.65547,0.00119988,120,-1.0,0.6,119,0.9,0.428571,PASS,0.0,0.0,0.0,0.0,0.0,0.0,0.0,0.0,0.0,0.0,0.037037037037037035,0.0,0.009009009009009009,0.0,0.0,0.0,0.014705882352941176,0.0,0.0,0.0,0.0,0.0,0.0,0.0,0.0,0.0,0.0,0.0,0.0,0.006369426751592357,0.012048192771084338,0.020202020202020204,0.049019607843137254,0.10493827160493827,0.2727272727272727,0.21774193548387097,0.007874015748031496,0.0,0.0,0.01639344262295082,0.0,0.0,0.0,0.0,0.0,0.0,0.0,0.0,0.0,0.0,0.0,0.0,0.0,0.0,0.0,0.0,0.0,0.0,0.0,0.0,0.0,0.0,0.0,0.0,0.0,0.0,0.0,0.009708737864077669,0.0,0.0,0.0,0.0,0.0,0.0,0.0,0.0,0.0,0.0,0.0,0.0,0.0,0.0,0.0,0.0,0.0,0.0,0.0,,0.0,0.0,0.0,0.0,0.0,0.0,0.0,0.0,0.0,0.0,0.0,0.0,0.0,0.0,0.0,0.0,0.0,0.0,0.0,0.0,0.0,0.0,0.0,0.0,0.0,0.0,0.0,0.0,0.0,0.0,0.0,0.0,0.0,0.0,0.0,0.009615384615384616,0.0,0.0,0.0,0.0,0.0,0.0,0.0,0.0,0.0,0.010869565217391304,0.0,0.0,0.0,0.0,0.0,0.0,0.0,0.0,0.0
58568, surA, indel;-45, indel,3.14558,0.013253,120,-1.0,0.545455,119,0.9,0.6,PASS,0.0,0.0,0.0,0.0,0.0,0.0,0.0,0.0,0.0,0.0,0.0,0.0,0.0,0.0,0.0,0.0,0.0,0.0,0.0,0.0,0.0,0.0,0.0,0.0,0.0,0.0,0.0,0.0,0.0,0.0,0.0,0.0,0.0,0.0,0.0,0.0,0.0,0.0,0.0,0.0,0.0,0.0,0.0,0.0,0.0,0.0,0.0,0.0,0.0,0.0,0.0,0.0,0.0,0.0,0.0,0.0,0.0,0.0,0.0,0.0,0.0,0.0,0.0,0.0,0.0,0.0,0.0,0.0,0.0,0.0,0.0,0.0,0.0,0.0,0.0,0.0,0.0,0.0,0.0,0.0,0.0,0.0,0.0,0.0,0.0,0.0,0.0,,0.0,0.0,0.0,0.43478260869565216,0.24096385542168672,0.0,0.0591715976331361,0.06060606060606061,0.25316455696202533,0.07142857142857142,0.0,0.0,0.0,0.019646365422396856,0.01607717041800643,0.050505050505050504,0.02958579881656805,0.0,0.0,0.0,0.0,0.0,0.0,0.0,0.0,0.0,0.0,0.0,0.0,0.0,0.0,0.0,0.0,0.0,0.0,0.0,0.0,0.0,0.0,0.0,0.0,0.0,0.0,0.0,0.0,0.0,0.0,0.0,0.0,0.0,0.0,0.0,0.0,0.0,0.0
66160, hepA, indel;C;-1;T;G, indel,1.9912,9.999e-05,120,-1.0,0.705882,120,0.9,0.545455,PASS,0.0,0.0,0.008547008547008548,0.01020408163265306,0.007042253521126761,0.0,0.0,0.0,0.0,0.0,0.0,0.0,0.0,0.0,0.02142857142857143,0.0,0.009708737864077669,0.0,0.0,0.0,0.0,0.0,0.0,0.0,0.0,0.0,0.010309278350515464,0.0,0.0,0.0,0.0,0.0,0.0,0.0,0.0,0.0,0.0,0.0,0.0,0.009259259259259259,0.0,0.006060606060606061,0.0,0.0,0.0,0.0,0.0,0.0,0.0,0.0106951871657754,0.0,0.0,0.0,0.010752688172043012,0.0,0.0,0.0,0.0,0.0,0.0,0.0,0.0,0.011627906976744186,0.0,0.0,0.0,0.0,0.0,0.006211180124223602,0.006578947368421052,0.022727272727272728,0.0,0.0,0.0,0.0,0.0,0.0,0.0,0.0,0.0,0.0,0.009523809523809525,0.0,0.0,0.0,0.0,0.0,0.0,0.18181818181818182,0.0,0.1111111111111111,0.07142857142857142,0.30434782608695654,0.68,0.7631578947368421,0.52,0.6236559139784946,0.6086956521739131,0.6428571428571429,0.7,1.0,0.8846153846153846,0.8881578947368421,1.0,0.9483870967741935,0.9615384615384616,0.9943502824858758,0.9862068965517241,0.9803921568627451,0.9682539682539683,0.9807692307692307,0.9847328244274809,1.0,0.9803921568627451,0.9861111111111112,1.0,0.9862068965517241,0.9411764705882353,0.9708029197080292,0.9904761904761905,0.9791666666666666,0.0,0.0,0.0,0.0,0.0,0.0,0.0,0.0,0.0,0.0,0.0,0.0,0.0,0.0,0.0,0.0,0.0,0.01818181818181818,0.0,0.0,0.8289473684210527,0.921875
90982, fruR, G->T, missense,4.16463,0.00029997,120,-1.0,0.056872,119,0.9,0.0436364,PASS,0.0,0.0,0.0,0.010638297872340425,0.0,0.0,0.0,0.0,0.0,0.0,0.0,0.0,0.0,0.0,0.0,0.0,0.0,0.010101010101010102,0.0,0.0,0.0,0.0,0.013888888888888888,0.012048192771084338,0.0,0.008064516129032258,0.0,0.0,0.0,0.0,0.0,0.0,0.0,0.0,0.0,0.0,0.0,0.0,0.0,0.0,0.0,0.0,0.0,0.0,0.011235955056179775,0.012658227848101266,0.0,0.0,0.0,0.0,0.0,0.0,0.0,0.0,0.0,0.0,0.0,0.0,0.0,0.0,0.0,0.0,0.0,0.0,0.0,0.0,0.011363636363636364,0.0,0.0,0.0,0.0,0.0,0.0,0.0,0.0,0.0,0.0,0.014492753623188406,0.0,0.0,0.0,0.0,0.0,0.0,0.0,0.0,0.0,,0.0,0.0,0.0,0.0,0.0,0.0,0.0,0.043478260869565216,0.12244897959183673,0.26666666666666666,0.11764705882352941,0.0,0.0,0.05660377358490566,0.012658227848101266,0.0,0.0,0.0,0.0,0.0,0.0,0.0,0.0,0.0,0.0,0.0,0.0,0.0,0.0,0.0,0.0,0.0,0.0,0.0,0.0,0.0,0.0,0.0,0.0,0.0,0.0,0.0,0.0,0.0,0.0,0.0,0.0,0.0,0.0,0.0,0.0,0.0,0.0,0.0,0.0
92759, yabB, G->T, missense,2.36559,9.999e-05,120,-1.0,0.0895522,118,0.9,0.139535,PASS,0.0,0.0056179775280898875,0.0,0.0,0.0,0.0,0.0,0.0,0.0,0.0,0.0,0.0,0.0,0.0,0.0,0.0,0.0,0.0,0.0,0.006802721088435374,0.0,0.0,0.0,0.0,0.0,0.0,0.014084507042253521,0.007874015748031496,0.0,0.0,0.0,0.0,0.0,0.0,0.0,0.0,0.0,0.007194244604316547,0.0,0.0,0.0,0.0,0.0,0.0,0.0,0.0,0.0,0.0,0.0,0.0,0.0,0.0,0.0,0.0,0.0,0.0,0.0,0.0,0.0,0.0,0.0,0.0,0.0,0.0,0.0,0.0,0.0,0.0,0.0,0.0,0.0,0.0,0.0,0.0,0.0,0.0,0.0,0.0,0.0,0.0,0.0,0.0,0.0,0.0,0.0,0.0,0.0,0.0,0.0,0.0,0.0,0.0,0.0,0.0,0.0,0.0,0.10784313725490197,0.4444444444444444,0.5714285714285714,0.45454545454545453,0.6666666666666666,0.4909090909090909,0.3706293706293706,0.9333333333333333,0.7894736842105263,0.7333333333333333,0.7272727272727273,0.574468085106383,0.7733333333333333,0.8615384615384616,0.8421052631578947,0.9887640449438202,1.0,1.0,1.0,1.0,0.9861111111111112,1.0,1.0,1.0,1.0,0.0,0.0,0.0,0.0,0.0,0.0,0.0,0.0,0.0,0.0,0.0,0.0,0.0,0.0,0.0,0.0,0.0,0.020833333333333332,0.0,0.0,1.0,0.9926470588235294
101772, ftsW, C->T, missense,1.75931,0.00609939,120,-1.0,0.75,120,0.9,0.6,PASS,0.0,0.0,0.0,0.0,0.0,0.0,0.0,0.014285714285714285,0.0,0.0,0.0,0.0,0.0,0.0,0.021052631578947368,0.0,0.0,0.0,0.0,0.00980392156862745,0.09917355371900827,0.013986013986013986,0.16326530612244897,0.09523809523809523,0.05263157894736842,0.01904761904761905,0.18,0.00847457627118644,0.08771929824561403,0.05128205128205128,0.0547945205479452,0.02531645569620253,0.0,0.0,0.0,0.0,0.0,0.0,0.0,0.0,0.0,0.007751937984496124,0.0,0.0,0.0,0.0,0.0,0.0125,0.0,0.0,0.0,0.01,0.0,0.010869565217391304,0.008,0.0,0.0,0.0,0.0,0.0,0.0,0.0,0.0,0.0,0.0,0.0,0.010869565217391304,0.0,0.008771929824561403,0.0,0.0,0.0,0.0,0.01818181818181818,0.0,0.0,0.0,0.0,0.0,0.0,0.0,0.0,0.0,0.0,0.0,0.0,0.0,0.0,0.0,0.0,0.0,0.0,0.0,0.0,0.0,0.0,0.0,0.0,0.0,0.0,0.0,0.0,0.0,0.0,0.0,0.0,0.0,0.0,0.0,0.0,0.0,0.0,0.0,0.0,0.0,0.0,0.0,0.0,0.0,0.0,0.0,0.0,0.0,0.0,0.0,0.0,0.0,0.0,0.0,0.0,0.013513513513513514,0.0,0.0,0.0,0.0,0.0,0.0,0.0,0.0,0.0,0.0,0.0,0.0
145483, yadF, C->T, noncoding,2.06334,9.999e-05,120,-1.0,0.25,120,0.9,0.235294,PASS,0.0053475935828877,0.00625,0.0,0.0,0.0,0.0,0.0,0.0,0.0,0.0,0.0,0.0,0.0,0.0,0.0,0.006024096385542169,0.0,0.0,0.007352941176470588,0.0,0.0,0.0,0.0,0.0,0.0,0.0,0.0,0.008403361344537815,0.0,0.006944444444444444,0.0,0.0,0.0,0.005952380952380952,0.0,0.0,0.0,0.0,0.0,0.0,0.010638297872340425,0.0,0.0,0.0,0.0,0.0,0.0,0.0,0.0,0.0,0.0,0.0,0.0,0.0,0.0,0.0,0.0,0.0,0.0,0.0,0.0,0.0,0.0,0.0,0.0,0.0,0.0,0.0,0.0,0.0,0.0,0.0,0.0,0.0,0.012658227848101266,0.0,0.0,0.0,0.0,0.0,0.0,0.0,0.0,0.0,0.0,0.0,0.0,0.0,0.0,0.0,0.0,0.2,0.16666666666666666,0.3333333333333333,0.6,0.7222222222222222,0.6794871794871795,0.8125,0.88,0.8181818181818182,1.0,0.7586206896551724,0.849624060150376,1.0,0.9763779527559056,0.9545454545454546,1.0,1.0,0.9911504424778761,1.0,1.0,1.0,1.0,1.0,1.0,1.0,1.0,1.0,1.0,1.0,1.0,0.0,0.0,0.0,0.0,0.0,0.0,0.0,0.0,0.0,0.0,0.0,0.0,0.0,0.0,0.0,0.0,0.0,0.0,0.0,0.0,1.0,1.0
145758, yadG, MOB_145758_145766_IS1_-1, sv,4.43301,0.00039996,120,-1.0,0.148148,120,0.9,0.173913,PASS,0.0,0.0,0.0,0.0,0.0,0.0,0.0,0.0,0.0,0.0,0.0,0.0,0.0,0.0,0.0,0.0,0.0,0.0,0.0,0.0,0.0,0.0,0.0,0.0,0.0,0.0,0.0,0.0,0.0,0.0,0.0,0.0,0.0,0.0,0.0,0.0,0.0,0.0,0.0,0.0,0.0,0.004694835680751174,0.0,0.0,0.0,0.0,0.0,0.0,0.0,0.0,0.0,0.0,0.0,0.0,0.0,0.0,0.0,0.0,0.023076923076923078,0.17647058823529413,0.12857142857142856,0.018867924528301886,0.0546875,0.01694915254237288,0.0,0.007692307692307693,0.0,0.0,0.0,0.0,0.0,0.0,0.0,0.0,0.0,0.0,0.0,0.0,0.0,0.0,0.0,0.0,0.0,0.0,0.0,0.0,0.0,,0.0,0.0,0.0,0.0,0.0,0.0,0.0,0.0,0.0,0.0,0.0,0.0,0.0,0.0,0.0,0.0,0.0,0.0,0.0,0.0,0.0,0.0,0.0,0.0,0.0,0.0,0.0,0.0,0.0,0.0,0.0,0.0,0.0,0.0,0.0,0.0,0.0,0.0,0.0,0.0,0.0,0.0,0.0,0.0,0.0,0.0,0.0,0.0,0.0,0.0,0.0,0.0,0.0,0.0,0.0
145956, yadG, T->A, missense,2.20171,9.999e-05,120,-1.0,0.923077,119,0.9,0.8,PASS,0.0,0.0,0.0,0.0,0.01098901098901099,0.0,0.0,0.0,0.0,0.0,0.0,0.0,0.0,0.0,0.008928571428571428,0.0,0.0,0.0,0.0,0.0,0.0,0.0,0.0,0.0,0.0,0.0,0.0,0.0,0.008620689655172414,0.0,0.0,0.0,0.0,0.0,0.0,0.0,0.0,0.0,0.0,0.0,0.0,0.014814814814814815,0.0,0.0,0.0,0.0,0.0,0.0,0.0,0.0,0.0,0.0,0.0,0.01020408163265306,0.0,0.0,0.0,0.0,0.0,0.0,0.0,0.0,0.0,0.0,0.0,0.0,0.0,0.0,0.0,0.0,0.034482758620689655,0.015151515151515152,0.0,0.0,0.0,0.0,0.0,0.0,0.0,0.0,0.0,0.0,0.0,0.0,0.0,0.0,0.0,0.0,0.0,0.0,0.0,0.0,0.0,0.0,0.0,0.0,0.0,0.06666666666666667,0.4,0.5,0.3333333333333333,0.47540983606557374,0.40384615384615385,0.9444444444444444,0.8125,0.65,0.5982905982905983,0.6344086021505376,0.7380952380952381,0.8035714285714286,0.8507462686567164,0.9634146341463414,1.0,0.98989898989899,1.0,1.0,1.0,1.0,1.0,0.9873417721518988,1.0,0.008849557522123894,0.0,0.0,0.0,0.0,0.0,0.0,0.0,0.0,0.0,0.0,0.0,0.0,0.0,0.0,0.0,0.0,0.011111111111111112,0.0,0.0,0.9956521739130435,0.9824561403508771
146763, yadH, indel;+AGT, indel,1.78332,9.999e-05,120,-1.0,1.0,119,0.9,1.0,PASS,0.0,0.0,0.0,0.0,0.0,0.0,0.0,0.0,0.0,0.0,0.0,0.0,0.0,0.0,0.0,0.0,0.0,0.0,0.0,0.0,0.0,0.0,0.0,0.0,0.0,0.0,0.0,0.0,0.0,0.0,0.0,0.0,0.0,0.0,0.0,0.0,0.0,0.0,0.0,0.0,0.0,0.0,0.0,0.0,0.0,0.0,0.0,0.0,0.0,0.0,0.0,0.0,0.0,0.0,0.0,0.0,0.0,0.0,0.0,0.0,0.0,0.0,0.0,0.0,0.0,0.0,0.0,0.0,0.0,0.0,0.0,0.0,0.0,0.0,0.0,0.0,0.0,0.0,0.0,0.0,0.0,0.0,0.0,0.0,0.0,0.0,0.0,0.0,0.8333333333333334,0.38461538461538464,0.7142857142857143,0.7692307692307693,1.0,0.9090909090909091,0.9473684210526315,0.8461538461538461,0.864406779661017,0.8888888888888888,0.9230769230769231,0.8888888888888888,0.8333333333333334,0.9302325581395349,0.978494623655914,1.0,1.0,1.0,1.0,1.0,1.0,0.9811320754716981,1.0,1.0,1.0,1.0,0.9916666666666667,1.0,1.0,1.0,1.0,1.0,0.9882352941176471,0.0,0.0,0.0,0.0,0.0,0.0,0.0,0.0,0.0,0.0,0.0,0.0,0.0,0.0,0.0,0.0,0.0,0.008968609865470852,0.0,0.0,1.0,1.0
156039, htrE, MOB_156039_156041_IS3_-1, sv,4.96176,0.00069993,120,-1.0,0.5,119,0.9,0.3,PASS,0.0,0.0,0.0,0.0,0.0,0.0,0.0,0.0,0.0,0.0,0.0,0.0,0.0,0.0,0.0,0.0,0.0,0.0,0.0,0.0,0.0,0.0,0.0,0.0,0.0,0.0,0.0,0.0,0.0,0.0,0.0,0.0,0.0,0.0,0.0,0.0,0.0,0.0,0.0,0.0,0.0,0.0,0.0,0.0,0.0,0.0,0.0,0.0,0.0,0.0,0.0,0.0,0.0,0.0,0.0,0.0,0.0,0.0,0.025,0.15942028985507245,0.07058823529411765,0.004149377593360996,0.025510204081632654,0.0,0.01276595744680851,0.0,0.0,0.0,0.0,0.0,0.0,0.0,0.0,0.0,0.0,0.0,0.0,0.0,0.0,0.0,0.0,0.0,0.0,0.0,0.0,0.0,0.0,0.0,0.0,0.0,0.0,0.0,0.0,0.0,0.0,0.0,0.0,0.0,0.0,0.0,0.0,0.0,0.0,0.0,0.0,0.0,0.0,0.0,0.0,0.0,0.0,0.0,0.0,0.0,0.0,0.0,0.0,0.0,0.0,0.0,0.0,0.0,0.0,0.0,0.0,0.0,0.0,0.0,0.0,0.0,0.0,0.0,0.0,0.0,0.0,0.0,0.0,0.0,0.0,0.0,0.0,0.0,0.0
242195, ECB_00212, indel;C;+G;G;-1;T;-2, indel,2.71802,9.999e-05,120,-1.0,0.521739,111,0.9,0.176471,PASS,0.0,0.0,0.0,0.030303030303030304,0.047619047619047616,0.0,0.0,0.0,0.03225806451612903,0.03125,0.05555555555555555,0.0,0.0,0.0,0.024390243902439025,0.0,0.0,0.012658227848101266,0.0684931506849315,0.023255813953488372,0.012345679012345678,0.0,0.0,0.029411764705882353,0.0,0.014925373134328358,0.05714285714285714,0.0,0.0,0.0,0.05,0.12,0.06,0.01639344262295082,0.0425531914893617,0.017543859649122806,0.02857142857142857,0.02608695652173913,0.015625,0.047619047619047616,0.1206896551724138,0.3157894736842105,0.6923076923076923,0.9464285714285714,0.8292682926829268,0.3333333333333333,0.14285714285714285,0.043478260869565216,0.0,0.009259259259259259,0.10256410256410256,0.0,0.014285714285714285,0.014925373134328358,0.015625,0.0,0.0,0.0,0.0,0.0,0.03571428571428571,0.0273972602739726,0.0,0.012195121951219513,0.0,0.0,0.02531645569620253,0.0,0.0,0.01282051282051282,0.0,0.0,0.0,0.0,0.0,0.0,0.0,0.05,0.09090909090909091,0.0,0.0,0.047619047619047616,0.0,0.0,0.2,0.0,0.0,,0.0,0.0,0.0,0.0,0.13333333333333333,0.0,0.0,0.0,0.0,0.05,0.0,0.0,0.0,0.0,0.05555555555555555,0.0,0.010101010101010102,0.0,0.0,0.013513513513513514,0.0,0.0,0.012048192771084338,0.06593406593406594,0.0,0.03333333333333333,0.02666666666666667,0.0,0.0,0.0,0.020202020202020204,0.02666666666666667,0.023809523809523808,0.0,0.0,0.0,0.0,0.0,0.0,0.0,0.0,0.0,0.0,0.0,0.018867924528301886,0.0,0.0,0.0,0.0,0.0,0.0,0.0,0.0,0.005235602094240838,0.0
310774, yahF, A->T, missense,3.23469,0.00469953,120,-1.0,0.48,118,0.9,0.5,PASS,0.0,0.0,0.0,0.0,0.0,0.0,0.0,0.0,0.0,0.0,0.0,0.00847457627118644,0.0,0.0,0.0,0.0,0.018518518518518517,0.0,0.0,0.006993006993006993,0.0,0.0,0.0,0.0,0.0,0.0,0.0,0.009174311926605505,0.0,0.0,0.0,0.0,0.0,0.0,0.0,0.0,0.009900990099009901,0.0,0.0,0.0,0.0,0.0,0.0,0.0,0.0,0.0,0.0,0.0,0.0,0.00909090909090909,0.0,0.0,0.0,0.0,0.0,0.0,0.0,0.0,0.0,0.0,0.010309278350515464,0.0,0.0,0.0,0.0,0.0,0.0,0.0,0.0,0.0,0.0,0.0,0.0,0.0,0.0,0.0,0.0,0.0,0.0,0.0,0.0,0.0,0.0,0.0,0.0,0.0,0.0,0.0,0.0,0.0,0.0,0.0,0.0,0.0,0.0,0.05555555555555555,0.125,0.0,0.0,0.3,0.2857142857142857,0.1,0.041666666666666664,0.0,0.0,0.0,0.0,0.0,0.0,0.0,0.0,0.0,0.0,0.0,0.0,0.0,0.0,0.0,0.0,0.0,0.0,0.0,0.0,0.0,0.0,0.0,0.0,0.0,0.0,0.0,0.0,0.0,0.0,0.0,0.0,0.0,0.0,0.0,0.0,0.0,0.0,0.0,0.0
340312, mhpR, C->T, missense,1.53041,9.999e-05,120,-1.0,0.285714,119,0.9,0.210526,PASS,0.0,0.0,0.0,0.0,0.0,0.0,0.0,0.01639344262295082,0.0,0.0,0.0,0.0,0.0,0.0,0.0,0.0,0.017241379310344827,0.0,0.0,0.0,0.0,0.0,0.0,0.0,0.0,0.009433962264150943,0.0,0.0,0.0,0.0,0.0,0.0,0.0,0.0,0.0,0.0,0.0,0.0,0.0,0.0,0.0,0.0,0.0,0.0,0.0,0.0,0.0,0.0,0.0,0.0,0.0,0.0,0.0,0.0,0.0,0.0,0.0,0.0,0.0,0.0,0.0,0.0,0.0,0.0,0.0,0.0,0.09278350515463918,0.17391304347826086,0.43636363636363634,0.21505376344086022,0.8823529411764706,0.6129032258064516,0.7735849056603774,0.5,0.6136363636363636,0.6567164179104478,0.7857142857142857,0.9016393442622951,0.8648648648648649,0.9565217391304348,0.828125,0.9827586206896551,1.0,1.0,1.0,1.0,1.0,1.0,1.0,1.0,1.0,1.0,1.0,1.0,1.0,1.0,0.9859154929577465,1.0,1.0,1.0,1.0,1.0,1.0,1.0,1.0,1.0,1.0,1.0,1.0,1.0,1.0,0.9759036144578314,1.0,0.9801980198019802,1.0,1.0,0.9875,1.0,1.0,1.0,1.0,0.0,0.0,0.0,0.0,0.0,0.0,0.0,0.0,0.0,0.0,0.0,0.0,0.0,0.0,0.012987012987012988,0.0,0.0,0.0,1.0,1.0,0.9950248756218906,0.978021978021978
387282, phoR, A->G, missense,0.968973,9.999e-05,120,-1.0,0.222222,118,0.9,0.8,PASS,0.0,0.0,0.0,0.0,0.0,0.0,0.0,0.0,0.0,0.0,0.0,0.0,0.0,0.0,0.0,0.0,0.0,0.0,0.0,0.0,0.0,0.0,0.0,0.0,0.0,0.0,0.0,0.0,0.0,0.010101010101010102,0.0136986301369863,0.10526315789473684,0.8275862068965517,0.6804123711340206,0.6428571428571429,0.8111111111111111,1.0,1.0,1.0,1.0,1.0,1.0,1.0,1.0,1.0,0.967741935483871,1.0,1.0,1.0,1.0,1.0,1.0,1.0,1.0,1.0,1.0,1.0,1.0,1.0,1.0,1.0,1.0,1.0,1.0,1.0,1.0,1.0,1.0,1.0,1.0,1.0,1.0,1.0,1.0,1.0,0.9272727272727272,0.967741935483871,1.0,1.0,1.0,1.0,0.9818181818181818,1.0,1.0,1.0,1.0,1.0,1.0,1.0,1.0,1.0,1.0,1.0,1.0,1.0,1.0,1.0,1.0,1.0,1.0,1.0,1.0,0.9915966386554622,1.0,1.0,1.0,1.0,1.0,1.0,1.0,1.0,1.0,1.0,1.0,1.0,1.0,1.0,1.0,1.0,1.0,1.0,0.0,0.0,0.0,0.0,0.0,0.011904761904761904,0.0,0.0,0.0,0.0,0.0,0.0,0.0,0.0,0.984375,1.0,1.0,0.9896907216494846,1.0,1.0,0.995575221238938,0.9888888888888889
410967, thiI, A->T, missense,0.954399,9.999e-05,120,-1.0,0.666667,118,0.9,0.75,PASS,0.0,0.0,0.0,0.0,0.0,0.0,0.0,0.0,0.0,0.0,0.0,0.0,0.0,0.0,0.0,0.0,0.0,0.0,0.0,0.0,0.5656565656565656,0.06818181818181818,0.4,0.543859649122807,0.2972972972972973,0.8679245283018868,0.8260869565217391,0.9821428571428571,0.9333333333333333,0.9090909090909091,0.9272727272727272,0.9428571428571428,1.0,1.0,1.0,0.9876543209876543,1.0,1.0,1.0,1.0,1.0,1.0,1.0,0.9767441860465116,0.9836065573770492,1.0,1.0,1.0,1.0,0.9878048780487805,1.0,1.0,1.0,1.0,1.0,1.0,1.0,1.0,1.0,1.0,1.0,0.9824561403508771,1.0,0.9886363636363636,1.0,1.0,1.0,1.0,1.0,1.0,1.0,1.0,1.0,1.0,1.0,1.0,1.0,1.0,1.0,1.0,0.9848484848484849,1.0,1.0,1.0,1.0,1.0,1.0,1.0,1.0,1.0,1.0,1.0,1.0,1.0,1.0,1.0,1.0,1.0,1.0,1.0,1.0,1.0,1.0,1.0,1.0,1.0,1.0,1.0,0.990909090909091,1.0,0.9814814814814815,1.0,1.0,1.0,1.0,1.0,1.0,1.0,1.0,1.0,1.0,0.0,0.0,0.0,0.0,0.0,0.0,0.0,0.0,0.0,0.0,1.0,1.0,1.0,1.0,0.967741935483871,1.0,1.0,0.9900990099009901,1.0,1.0,0.9906103286384976,1.0
420328, cyoB, A->C, synonymous,1.68607,9.999e-05,120,-1.0,0.244898,120,0.9,0.571429,PASS,0.0,0.0,0.022727272727272728,0.0,0.0,0.014925373134328358,0.0,0.0,0.0,0.0,0.0,0.0,0.0,0.0,0.0,0.0,0.0,0.0,0.0,0.0,0.0,0.0,0.0,0.011764705882352941,0.0,0.0072992700729927005,0.0,0.0,0.0,0.0,0.0,0.0,0.0,0.0,0.0,0.0,0.0,0.0,0.0,0.0,0.0,0.0,0.0,0.0,0.0,0.0,0.0,0.0,0.0,0.0,0.0,0.0,0.0,0.0,0.0,0.0,0.0,0.0,0.0,0.0,0.0,0.0,0.0,0.0,0.0,0.0,0.0,0.012345679012345678,0.1048951048951049,0.021505376344086023,0.26666666666666666,0.463768115942029,0.5606060606060606,0.47619047619047616,0.6764705882352942,0.6862745098039216,0.8387096774193549,0.8983050847457628,0.8703703703703703,0.9753086419753086,0.9736842105263158,0.9647058823529412,0.9444444444444444,1.0,1.0,1.0,1.0,1.0,1.0,1.0,1.0,1.0,1.0,1.0,1.0,1.0,0.9714285714285714,1.0,1.0,1.0,1.0,0.9818181818181818,0.9915966386554622,1.0,1.0,1.0,1.0,1.0,1.0,1.0,1.0,0.9914529914529915,1.0,1.0,0.9923664122137404,1.0,0.98,0.9545454545454546,1.0,1.0,1.0,0.009708737864077669,0.007692307692307693,0.0,0.0,0.0,0.0,0.0,0.0,0.0,0.0,0.0,0.0,0.0,0.0,0.0,0.0,0.0,0.00847457627118644,1.0,1.0,1.0,0.9795918367346939
422575, intergenic, A->G, noncoding,1.48443,9.999e-05,120,-1.0,1.0,116,0.9,0.521739,PASS,0.0,0.0,0.0,0.0,0.0,0.0,0.0,0.0,0.0,0.0,0.0,0.0,0.0,0.0,0.0,0.0,0.0,0.0,0.0,0.0,0.0,0.0,0.0,0.0,0.0,0.0,0.0,0.0,0.0,0.0,0.0,0.0,0.0,0.0,0.0,0.0,0.0,0.0,0.01282051282051282,0.0,0.0,0.0,0.0,0.0,0.0,0.0,0.0,0.0,0.0,0.0,0.0,0.0,0.0,0.0,0.0,0.0,0.0,0.0,0.0,0.0,0.0,0.015151515151515152,0.022222222222222223,0.0,0.01639344262295082,0.1282051282051282,0.08064516129032258,0.15294117647058825,0.3978494623655914,0.19672131147540983,0.7272727272727273,0.7272727272727273,0.8709677419354839,0.45161290322580644,0.7205882352941176,0.53125,0.9545454545454546,0.8846153846153846,0.8846153846153846,0.9811320754716981,1.0,1.0,1.0,1.0,1.0,1.0,1.0,,1.0,1.0,1.0,1.0,1.0,1.0,1.0,1.0,1.0,1.0,1.0,1.0,1.0,1.0,1.0,1.0,1.0,1.0,1.0,1.0,1.0,1.0,1.0,1.0,1.0,1.0,1.0,1.0,1.0,1.0,1.0,1.0,1.0,0.0,0.0,0.0,0.0,0.0,0.0,0.0,0.0,0.0,0.0,0.0,0.0,0.0,0.0,0.0,0.0,0.0,0.01680672268907563,1.0,1.0,1.0,0.9863013698630136
430855, lon, C->T, noncoding,4.42329,0.00019998,120,-1.0,0.5,120,0.9,0.75,PASS,0.0,0.0,0.0,0.0,0.0,0.0,0.0,0.0,0.0,0.0,0.0,0.0,0.0,0.0,0.015151515151515152,0.16062176165803108,0.34782608695652173,0.19834710743801653,0.056338028169014086,0.012269938650306749,0.0,0.0,0.0,0.0,0.0,0.0,0.0,0.0,0.0,0.0,0.0,0.0,0.0,0.0,0.0,0.0,0.0,0.0,0.0,0.008849557522123894,0.0,0.0,0.0,0.0,0.0,0.0,0.0,0.0,0.0,0.005235602094240838,0.0,0.0,0.0,0.0,0.0,0.0,0.0,0.0,0.0,0.0,0.0,0.0,0.0,0.0,0.0,0.0,0.0,0.0,0.0,0.0,0.0,0.0,0.0,0.0,0.00819672131147541,0.0,0.0,0.0,0.0,0.0,0.0,0.0,0.0,0.0,0.0,0.0,0.0,0.0,0.0,0.0,0.0,0.0,0.0,0.0,0.0,0.0,0.0,0.0,0.0,0.0,0.0,0.0,0.0,0.0,0.0,0.0,0.0,0.0,0.0,0.0,0.0,0.0,0.013888888888888888,0.0,0.0,0.0,0.0,0.0,0.0,0.0,0.0,0.0,0.0,0.0,0.0,0.0,0.0,0.0,0.0,0.0,0.0,0.0,0.0,0.0,0.0,0.0,0.0,0.0,0.0,0.0,0.0,0.0,0.0
437918, ybaE, C->T, missense,0.954619,9.999e-05,120,-1.0,0.428571,120,0.9,0.307692,PASS,0.0,0.0,0.0,0.0,0.0,0.008,0.0,0.0,0.0,0.0,0.0,0.006024096385542169,0.0,0.0,0.008695652173913044,0.006944444444444444,0.11940298507462686,0.1836734693877551,0.5666666666666667,0.7017543859649122,0.851063829787234,0.7631578947368421,0.7213114754098361,0.8666666666666667,0.9868421052631579,0.9444444444444444,0.918918918918919,0.9913793103448276,0.944954128440367,0.9603174603174603,0.9523809523809523,0.9814814814814815,1.0,1.0,1.0,1.0,1.0,1.0,1.0,1.0,1.0,1.0,1.0,0.9863013698630136,1.0,1.0,1.0,1.0,1.0,0.9925925925925926,1.0,0.9819819819819819,1.0,1.0,1.0,1.0,1.0,1.0,1.0,1.0,1.0,1.0,1.0,1.0,1.0,1.0,1.0,1.0,1.0,1.0,1.0,1.0,1.0,1.0,0.9830508474576272,0.9807692307692307,1.0,1.0,1.0,1.0,1.0,0.9866666666666667,1.0,1.0,1.0,1.0,1.0,1.0,0.8333333333333334,1.0,1.0,1.0,1.0,1.0,1.0,1.0,1.0,1.0,1.0,1.0,1.0,1.0,1.0,1.0,1.0,1.0,1.0,1.0,1.0,1.0,1.0,1.0,1.0,1.0,1.0,1.0,1.0,1.0,0.9929577464788732,0.9871794871794872,1.0,0.0,0.0,0.0,0.0,0.0,0.0,0.0,0.0,0.0,0.0,1.0,1.0,1.0,1.0,0.9615384615384616,1.0,1.0,1.0,1.0,0.989247311827957,1.0,0.9903846153846154
474438, ybaL, C->T, missense,1.96125,9.999e-05,120,-1.0,0.705882,117,0.9,0.521739,PASS,0.0,0.0,0.0,0.0,0.0,0.0,0.2987012987012987,0.65,0.30337078651685395,0.3974358974358974,0.17647058823529413,0.06666666666666667,0.25316455696202533,0.22727272727272727,0.10344827586206896,0.10126582278481013,0.07246376811594203,0.11538461538461539,0.15555555555555556,0.1414141414141414,0.15476190476190477,0.22935779816513763,0.4,0.04918032786885246,0.05660377358490566,0.0,0.125,0.0,0.013157894736842105,0.10144927536231885,0.0,0.07865168539325842,0.0,0.0,0.0,0.0,0.0,0.0,0.0,0.0,0.0,0.0,0.0,0.0,0.0,0.0,0.0,0.0,0.0,0.0,0.0,0.0,0.0,0.0,0.0,0.0,0.0,0.0,0.0,0.0,0.0,0.0,0.0,0.0,0.0,0.0,0.0,0.0,0.0,0.0,0.0,0.0,0.0,0.0,0.0,0.0,0.0,0.0,0.0,0.0,0.0,0.0,0.0,0.0,0.0,0.0,0.0,,0.0,0.0,0.0,0.0,0.0,0.0,0.0,0.0,0.0,0.0,0.0,0.0,0.0,0.0,0.0,0.0,0.0,0.0,0.0,0.0,0.0,0.0,0.0,0.0,0.0,0.0,0.0,0.0,0.0,0.0,0.0,0.0,0.0,0.0,0.0,0.0,0.0,0.0,0.0,0.0,0.0,0.0,0.0,0.0,0.0,0.0,0.0,0.0,0.0,0.0,0.0,0.0,0.0,0.0,0.0
539956, renD, C->T, missense,4.93242,9.999e-05,120,-1.0,0.363636,119,0.9,0.0506329,PASS,0.0,0.0,0.0,0.0,0.0,0.0,0.0,0.009345794392523364,0.0,0.0,0.0,0.0,0.0,0.0,0.0,0.0,0.0,0.0,0.0,0.0,0.0,0.0,0.0,0.00847457627118644,0.0,0.0,0.0,0.014705882352941176,0.0,0.0,0.0,0.0,0.0,0.0,0.0,0.0,0.0,0.012987012987012988,0.0,0.0,0.0,0.0,0.024390243902439025,0.9733333333333334,0.8061224489795918,0.23684210526315788,0.11764705882352941,0.0625,0.007575757575757576,0.012987012987012988,0.047619047619047616,0.015151515151515152,0.0,0.0,0.0,0.0,0.0,0.0,0.0,0.0,0.0,0.0,0.0,0.007352941176470588,0.0,0.0,0.0,0.01652892561983471,0.0,0.0,0.0,0.0,0.0,0.0,0.0,0.0,0.0,0.0,0.0,0.0,0.0,0.0,0.0,0.0,0.0,0.0,0.0,,0.0,0.0,0.0,0.0,0.0,0.0,0.0,0.0,0.0,0.0,0.0,0.0,0.0,0.0,0.0,0.0,0.005405405405405406,0.0,0.0,0.0,0.0,0.0,0.0,0.0,0.0,0.0,0.0,0.0,0.0,0.0,0.0,0.0,0.0,0.0,0.0,0.0,0.0,0.0,0.0,0.0,0.0,0.0,0.0,0.0,0.0,0.0,0.0,0.0,0.0,0.0,0.0,0.0,0.0,0.0,0.0
559507, appY, junction_559507_1_IS1_start, sv,0.978809,0.00019998,120,-1.0,0.75,117,0.9,0.114286,PASS,0.0,0.0,0.0,0.0,0.0,0.0,0.0,0.0,0.0,0.0,0.0,0.0,0.0,0.0,0.0,0.0,0.0,0.0,0.0,0.0,0.0,0.0,0.0,0.0,0.0,0.0,0.0,0.0,0.0,0.01612691056910569,0.0,0.0,0.0,0.0,0.0,0.0,0.0,0.23571058315334772,0.11536337209302325,0.5540790190735695,0.9359295010845986,0.9408803418803419,1.0,1.0,1.0,1.0,1.0,1.0,1.0,1.0,1.0,1.0,1.0,1.0,1.0,1.0,1.0,1.0,1.0,1.0,1.0,1.0,1.0,1.0,0.9871902985074625,1.0,1.0,0.992251968503937,1.0,1.0,1.0,1.0,1.0,1.0,1.0,0.9799979423868311,1.0,1.0,1.0,1.0,1.0,1.0,1.0,1.0,1.0,1.0,1.0,,1.0,1.0,1.0,1.0,1.0,1.0,1.0,1.0,1.0,1.0,1.0,1.0,1.0,1.0,1.0,1.0,1.0,1.0,1.0,1.0,1.0,1.0,1.0,1.0,1.0,1.0,1.0,1.0,1.0,1.0,1.0,1.0,1.0,0.0,0.0,0.0,0.0,0.0,0.0,0.0,0.0,0.0,0.0,0.0,0.0,0.0,0.0,0.9680685527747551,1.0,1.0,0.9912123974475844,1.0,1.0,0.998999047719818,1.0
575574, cusS, T->A, missense,5.18195,0.00179982,120,-1.0,0.631579,120,0.9,0.5,PASS,0.0,0.0,0.0,0.0,0.0,0.0,0.0,0.0,0.0,0.0,0.0,0.0,0.0,0.0,0.0,0.0,0.0,0.0,0.0,0.0,0.0,0.0,0.0,0.0,0.0,0.0,0.0,0.0,0.0,0.0,0.00909090909090909,0.0,0.0,0.005847953216374269,0.0,0.0,0.0,0.0,0.0,0.0,0.0,0.0,0.0,0.0,0.0,0.0,0.0,0.0,0.0,0.0,0.0,0.006711409395973154,0.0,0.0,0.0070921985815602835,0.0,0.0,0.0,0.0,0.0,0.0,0.0,0.0,0.0,0.0,0.0,0.0,0.0,0.0,0.0,0.0,0.0,0.0,0.0,0.0,0.0,0.0,0.0,0.0,0.0,0.0,0.0,0.0,0.0,0.0,0.0,0.0,,0.0,0.0,0.3333333333333333,0.1,0.2222222222222222,0.09375,0.034482758620689655,0.0,0.0,0.0,0.0,0.0,0.0,0.0,0.0,0.0,0.0,0.0,0.0,0.0,0.0,0.0,0.0,0.0,0.0,0.0,0.0,0.0,0.0,0.0,0.0,0.0,0.0,0.0,0.0,0.0,0.0,0.0,0.0,0.0,0.0,0.0,0.0,0.0,0.0,0.0,0.0,0.0,0.0,0.0,0.0,0.0,0.0,0.0,0.0
590497, hokE, junction_590497_1_IS150_end, sv,2.71089,9.999e-05,120,-1.0,0.352941,118,0.9,0.0662983,PASS,0.0,0.0,0.0,0.0,0.0,0.0,0.0,0.0,0.0,0.0,0.0,0.0,0.0,0.0,0.0,0.0,0.0,0.0,0.0,0.0,0.0,0.0,0.0,0.0,0.0,0.0,0.0,0.0,0.0,0.0,0.0,0.0,0.0,0.0,0.0,0.0,0.0,0.0,0.0,0.0,0.0,0.0,0.0,0.0,0.0,0.0,0.0,0.0,0.0,0.0,0.0,0.0,0.0,0.0,0.0,0.0,0.0,0.0,0.0,0.0,0.0,0.0,0.0,0.0,0.0,0.0,0.0,0.0,0.0,0.0,0.0,0.0,0.0,0.0,0.0,0.0,0.0,0.0,0.0,0.0,0.0,0.0,0.0,0.0,0.0,0.0,0.0,0.0,0.0,0.0,0.0,0.0,0.0,0.06666666666666667,0.3157894736842105,0.21052631578947367,0.5245901639344263,0.5263157894736842,0.16666666666666666,0.07692307692307693,0.25,0.25757575757575757,0.48128342245989303,0.2903225806451613,0.1518987341772152,0.18181818181818182,0.33668341708542715,0.3576158940397351,0.30344827586206896,0.08653846153846154,0.1308411214953271,0.0,0.0,0.0,0.0,0.0,0.0,0.0,0.0,0.0,0.0,0.0,0.0,0.0,0.0,0.0,0.0,0.0,0.0,0.0,0.0,0.0,0.0,0.0,0.0,0.0,0.0,0.0,0.0,0.0,0.0,0.0,0.0
650038, mrdA, T->A, missense,1.81835,0.00029997,120,-1.0,0.705882,119,0.9,0.8,PASS,0.0,0.007042253521126761,0.0,0.2641509433962264,0.10112359550561797,0.00641025641025641,0.5075757575757576,0.618421052631579,0.3448275862068966,0.49606299212598426,0.05263157894736842,0.12213740458015267,0.20909090909090908,0.16296296296296298,0.03614457831325301,0.10119047619047619,0.10909090909090909,0.125,0.16521739130434782,0.04477611940298507,0.15753424657534246,0.12025316455696203,0.3188405797101449,0.08490566037735849,0.060240963855421686,0.04878048780487805,0.13114754098360656,0.016,0.10784313725490197,0.13043478260869565,0.09649122807017543,0.010638297872340425,0.0,0.0,0.0,0.0,0.0,0.0,0.0,0.0,0.0,0.007633587786259542,0.0,0.0,0.0,0.0,0.0,0.0,0.0,0.0,0.0,0.0,0.0,0.0,0.0,0.0,0.0,0.0,0.0,0.0,0.0,0.0,0.0,0.0,0.0,0.0,0.0,0.0,0.0,0.0,0.0,0.0,0.0,0.0,0.0,0.0,0.0,0.0,0.0,0.0,0.0,0.0,0.0,0.0,0.0,0.0,0.0,,0.0,0.0,0.0,0.0,0.0,0.0,0.0,0.0,0.0,0.0,0.0,0.0,0.0,0.0,0.0,0.0,0.0,0.0,0.0,0.0,0.0,0.0,0.0,0.0,0.0,0.0,0.0,0.0,0.0,0.0,0.0,0.0,0.011764705882352941,0.0,0.0,0.0,0.0,0.9591836734693877,0.0,0.9827586206896551,0.0,0.0,0.009345794392523364,0.0,0.0,0.0,0.0,0.0,0.007633587786259542,0.0,0.0,0.0,0.0,0.0,0.0
746820, farR, A->G, noncoding,2.10806,9.999e-05,120,-1.0,0.324324,117,0.9,0.6,PASS,0.0,0.0,0.0,0.0,0.0,0.0,0.0,0.0,0.0,0.0,0.0,0.0,0.0,0.011494252873563218,0.0,0.0,0.0,0.0,0.0,0.0,0.0,0.0,0.0,0.0,0.0,0.0,0.0,0.0,0.0,0.0,0.0,0.0,0.0,0.0,0.0,0.0,0.0,0.0,0.0,0.0,0.0,0.0,0.0,0.0,0.0,0.0,0.0,0.0,0.0,0.0,0.0,0.0,0.0,0.0,0.0,0.0,0.0,0.0,0.0,0.0,0.0,0.0,0.0,0.0,0.0,0.0,0.0,0.0,0.0,0.0,0.0,0.0,0.0,0.0,0.0,0.0,0.0,0.0,0.0,0.0,0.0,0.0,0.0,0.0,0.0,0.0,0.0,0.0,0.5,0.75,0.9090909090909091,1.0,0.9090909090909091,1.0,0.7142857142857143,1.0,0.7924528301886793,1.0,0.8,0.6666666666666666,1.0,0.918918918918919,1.0,1.0,0.9904761904761905,1.0,1.0,1.0,1.0,1.0,1.0,1.0,1.0,0.9882352941176471,1.0,1.0,0.926829268292683,1.0,1.0,1.0,1.0,0.0,0.0,0.0,0.0,0.0,0.0,0.0,0.0,0.0,0.0,0.0,0.0,0.0,0.0,0.0,0.0,0.0,0.015151515151515152,0.0,0.0,0.9951923076923077,1.0
751671, intergenic, MOB_751671_751679_IS1_1, sv,5.68073,9.999e-05,120,-1.0,0.923077,118,0.9,1.0,PASS,0.0,0.0,0.0,0.0,0.0,0.0,0.0,0.0,0.0,0.0,0.0,0.0,0.0,0.0,0.0,0.0,0.0,0.0,0.0,0.0,0.0,0.0,0.0,0.0,0.0,0.0,0.0,0.0,0.0,0.0,0.0,0.0,0.0,0.0,0.0,0.0,0.0,0.0,0.0,0.0,0.0,0.0,0.0,0.0,0.0,0.0,0.0,0.0,0.0,0.0,0.0,0.0,0.0,0.0,0.0,0.0,0.0,0.0,0.0,0.0,0.0,0.0,0.0,0.0,0.0,0.0,0.0,0.0,0.0,0.0,0.0,0.0,0.0,0.0,0.0,0.0,0.0,0.0,0.0,0.0,0.3125,0.5741935483870968,0.68,0.7142857142857143,0.5555555555555556,0.7692307692307693,0.6111111111111112,1.0,0.42857142857142855,0.3333333333333333,0.14285714285714285,0.0,0.0,0.0,0.0,0.0,0.0,0.0,0.0,0.0,0.0,0.0,0.0,0.0,0.0,0.0,0.0,0.0,0.0,0.0,0.0,0.0,0.0,0.0,0.0,0.0,0.0,0.0,0.0,0.0,0.0,0.0,0.0,0.0,0.0,0.0,0.0,0.0,0.0,0.0,0.0,0.0,0.0,0.0,0.0,0.0,0.0,0.0,0.0,0.0,0.8015267175572519,0.0,0.0
766774, aroG, MOB_766774_766776_IS150_1, sv,0.961684,9.999e-05,120,-1.0,0.8,116,0.9,1.0,PASS,0.0,0.0,0.0,0.0,0.0,0.0,0.0,0.0,0.0,0.0,0.0,0.0,0.0,0.0,0.008182834839769925,0.0,0.0,0.0,0.0,0.0,0.0,0.0,0.0,0.0,0.0,0.0,0.0,0.0,0.0,0.0,0.0,0.0,0.0,0.0,0.0,0.0,0.0,0.0,0.0,0.0,0.010548523206751054,0.0,0.0,0.0,0.0,0.0,0.0,0.0,0.0,0.0,0.0,0.0,0.01379480995162405,0.015661707126076743,0.24698161065313887,0.04048582995951417,0.35391171032357466,0.37672714078374453,0.31011022044088177,0.499195,0.6298797139141742,0.818653981264637,0.7892010954616588,0.9330654728595412,0.9140786838340486,0.904740795287187,0.8399513729977116,0.9563277680140598,0.9548943130347258,0.9397377956718672,1.0,1.0,1.0,1.0,1.0,1.0,1.0,1.0,1.0,1.0,1.0,1.0,1.0,1.0,1.0,1.0,1.0,1.0,1.0,1.0,1.0,1.0,1.0,1.0,1.0,1.0,1.0,1.0,1.0,1.0,1.0,0.9999767171129219,0.9999400386847195,1.0,1.0000877719429857,1.0,0.9999939630681817,1.000212044534413,0.9898382126348229,0.9854390420899853,1.0000337576092972,1.0,1.0,1.0,1.0,1.0,1.0,1.0,1.0,1.0,1.0,0.0,0.0,0.0,0.0,0.0,0.0,0.0,0.0,0.0,0.0,0.0,0.0,0.0,0.0,0.0,0.0,1.0,1.0,1.0,1.0,0.9984287176257578,0.9806603406326034
817217, ybhP, indel;+C;A;+A;+G;G;C, indel,0.95656,9.999e-05,120,-1.0,0.631579,119,0.9,0.48,PASS,0.0,0.0,0.011111111111111112,0.0,0.0,0.008,0.0,0.0,0.016666666666666666,0.0,0.0,0.0,0.0,0.0,0.0,0.007462686567164179,0.01639344262295082,0.09210526315789473,0.5145631067961165,0.7108433734939759,0.8488372093023255,0.7203389830508474,0.5471698113207547,0.8571428571428571,0.9787234042553191,0.9908256880733946,0.8983050847457628,0.9873417721518988,0.9743589743589743,0.9433962264150944,0.8852459016393442,0.9076923076923077,1.0,1.0,1.0,1.0,1.0,1.0,1.0,1.0,1.0,0.9922480620155039,1.0,1.0,1.0,1.0,1.0,1.0,1.0,1.0,1.0,1.0,1.0,1.0,1.0,0.9680851063829787,1.0,1.0,1.0,1.0,1.0,1.0,1.0,1.0,1.0,1.0,1.0,0.9888888888888889,1.0,1.0,1.0,1.0,1.0,1.0,1.0,1.0,1.0,1.0,1.0,1.0,1.0,1.0,1.0,1.0,1.0,1.0,1.0,,1.0,1.0,1.0,1.0,1.0,1.0,1.0,1.0,1.0,1.0,1.0,1.0,1.0,1.0,1.0,1.0,1.0,1.0,1.0,0.9787234042553191,1.0,1.0,0.989010989010989,1.0,1.0,1.0,1.0,1.0,1.0,1.0,1.0,1.0,1.0,0.0,0.0,0.0,0.0,0.0,0.0,0.0,0.0,0.0,0.0,1.0,0.9907407407407407,1.0,1.0,0.9885057471264368,1.0,1.0,1.0,1.0,1.0,1.0,1.0
968310, intergenic, MOB_968310_968312_IS150_1, sv,3.04791,9.999e-05,120,-1.0,0.461538,119,0.9,0.333333,PASS,0.0,0.0,0.0,0.0,0.0,0.0,0.0,0.0,0.0,0.0,0.0,0.0,0.0,0.0,0.0,0.0,0.0,0.0,0.0,0.0,0.0,0.0,0.0,0.0,0.0,0.0,0.0,0.0,0.0,0.0,0.0,0.0,0.0,0.0,0.0,0.0,0.0,0.0,0.0,0.0,0.0,0.0,0.0,0.0,0.0,0.0,0.0,0.0,0.0,0.0,0.0,0.0,0.0,0.0,0.0,0.0,0.0,0.0,0.00819672131147541,0.0,0.005494505494505495,0.006172839506172839,0.0,0.029556650246305417,0.06521739130434782,0.06790123456790123,0.1261682242990654,0.07207207207207207,0.07063197026022305,0.1,0.0,0.0,0.0,0.0,0.0,0.0,0.0,0.0,0.0,0.0,0.0,0.0,0.0,0.0,0.0,0.0,0.0,0.0,0.0,0.0,0.0,0.0,0.0,0.0,0.0,0.0,0.0,0.0,0.0,0.0,0.0,0.0,0.0,0.0,0.0,0.0,0.0,0.0,0.0,0.0,0.0,0.0,0.0,0.0,0.0,0.0,0.0,0.0,0.0,0.0,0.0,0.0,0.0,0.0,0.0,0.0,0.0,0.0,0.0,0.0,0.0,0.0,0.0,0.0,0.0,0.0,0.0,0.0,0.0,0.0,0.0,0.0,0.0
968362, intergenic, MOB_968362_968370_IS1_1, sv,2.71134,9.999e-05,120,-1.0,0.272727,119,0.9,0.666667,PASS,0.0,0.0,0.0,0.0,0.0,0.0,0.0,0.0,0.0,0.0,0.0,0.0,0.0,0.0,0.0,0.0,0.0,0.0,0.0,0.0,0.0,0.0,0.0,0.0,0.0,0.0,0.0,0.0,0.0,0.0,0.0,0.0,0.0,0.0,0.0,0.0,0.0,0.0,0.0,0.0,0.0,0.0,0.0,0.0,0.0,0.0,0.0,0.0,0.0,0.0,0.0,0.0,0.0,0.0,0.0,0.0,0.0,0.0,0.0,0.0,0.0,0.0,0.0,0.0,0.0,0.044444444444444446,0.05699481865284974,0.07954545454545454,0.07692307692307693,0.09944751381215469,0.02040816326530612,0.043010752688172046,0.0784313725490196,0.25806451612903225,0.14615384615384616,0.05813953488372093,0.1111111111111111,0.08695652173913043,0.05747126436781609,0.0410958904109589,0.0072992700729927005,0.008403361344537815,0.0,0.0,0.0,0.0,0.0,,0.0,0.0,0.0,0.0,0.0,0.0,0.0,0.0,0.0,0.0,0.0,0.0,0.0,0.0,0.0,0.0,0.0,0.0,0.0,0.0,0.0,0.0,0.0,0.0,0.0,0.0,0.0,0.0,0.0,0.0,0.0,0.0,0.0,0.0,0.0,0.0,0.0,0.0,0.0,0.0,0.0,0.0,0.0,0.0,0.0,0.0,0.0,0.0,0.0,0.0,0.0,0.0,0.0,0.0,0.0
970655, pflB, MOB_970655_970667_IS4_-1, sv,1.46547,9.999e-05,120,-1.0,0.857143,119,0.9,0.8,PASS,0.0,0.0,0.0,0.0,0.0,0.0,0.0,0.0,0.0,0.0,0.0,0.0,0.0,0.0,0.0,0.0,0.0,0.0,0.0,0.0,0.0,0.0,0.0,0.0,0.0,0.0,0.0,0.0,0.0,0.0,0.0,0.0,0.0,0.0,0.0,0.0,0.0,0.0,0.0,0.0,0.0,0.0,0.0,0.0,0.0,0.0,0.0,0.0,0.0,0.0,0.0,0.0,0.0,0.0,0.0,0.0,0.0,0.0,0.0,0.0,0.0,0.0,0.0,0.0,0.0,0.0,0.0,0.0,0.0,0.0,0.02570694087403599,0.06505576208178439,0.12379642365887207,0.17763845350052246,0.27115858668857845,0.6402793946449359,0.6437768240343347,0.8773584905660378,0.7946336429308565,0.8691258211217786,0.906816760475297,0.8880550343964978,0.9411764705882353,0.875,0.9333333333333333,0.8823529411764706,0.8571428571428571,0.3333333333333333,1.0,0.9375,0.9615384615384616,1.0,0.9629629629629629,0.8918918918918919,0.9318181818181818,0.9090909090909091,0.8869565217391304,0.95,0.9069767441860465,1.0,1.0,0.9333333333333333,0.912211868563021,0.9347826086956522,0.8939974457215837,0.9555555555555556,0.9638989169675091,0.8985641500694765,0.9005297233666862,0.9107142857142857,0.9282700421940928,0.9466721785861926,0.9418604651162791,0.9130624726955002,0.948936170212766,0.9615384615384616,0.9099139882299683,0.875,0.9376153562200075,0.8922880815806246,0.9145129224652088,0.0,0.0,0.0,0.0,0.0,0.0,0.0,0.0,0.0,0.0,0.0,0.0,0.0,0.0,0.0,0.0,0.0,0.004612546125461255,0.8369723435225618,0.7333333333333333,0.8556534244112888,0.8782657031684269
980014, rpsA, G->A, missense,3.16701,9.999e-05,120,-1.0,0.666667,119,0.9,0.444444,PASS,0.0,0.0,0.0,0.0,0.0,0.0,0.0,0.0,0.0,0.0,0.0,0.0,0.0,0.0,0.0,0.0,0.0,0.0,0.0,0.0,0.0,0.0,0.0,0.015151515151515152,0.0,0.0,0.0,0.0,0.0,0.0,0.0,0.0,0.0,0.0,0.0,0.0,0.0,0.0,0.0,0.0,0.0,0.0,0.0,0.0,0.0,0.0,0.0,0.0,0.0,0.0,0.0,0.0,0.010101010101010102,0.1,0.6285714285714286,0.42592592592592593,0.4782608695652174,0.6666666666666666,0.7843137254901961,0.7692307692307693,0.5844155844155844,0.31343283582089554,0.125,0.08955223880597014,0.16176470588235295,0.17543859649122806,0.09259259259259259,0.04819277108433735,0.07446808510638298,0.0375,0.0,0.0,0.0,0.0,0.0,0.0,0.0,0.0,0.0,0.0,0.0,0.0,0.0,0.0,0.0,0.0,0.0,0.0,0.0,0.0,0.0,0.0,0.0,0.0,0.0,0.0,0.0,0.0,0.0,0.0,0.0,0.0,0.0,0.0,0.0,0.0,0.0,0.0,0.0,0.0,0.0,0.0,0.0,0.0,0.0,0.0,0.0,0.0,0.0,0.0,0.0,0.0,0.0,0.0,0.0,0.0,0.0,0.0,0.0,0.0,0.0,0.0,0.0,0.0,0.0,0.0,0.0,0.0,0.0,0.0,0.0,0.0,0.0
1004202, intergenic, A->C, noncoding,3.29905,9.999e-05,120,-1.0,0.8,115,0.9,0.666667,PASS,0.0,0.0,0.0,0.0,0.0,0.0,0.0,0.0,0.0,0.0,0.0,0.0,0.0,0.0,0.0,0.0,0.0,0.0,0.0,0.0,0.0,0.0,0.0,0.0,0.0,0.0,0.0,0.0,0.0,0.0,0.0,0.0,0.0,0.0,0.0,0.0,0.0,0.0,0.0,0.0,0.0,0.0,0.0,0.0,0.0,0.0,0.0,0.0,0.0,0.0,0.0,0.0,0.0,0.03125,0.0,0.0,0.08695652173913043,0.5128205128205128,0.4594594594594595,0.7,0.3125,0.2777777777777778,0.21818181818181817,0.0,0.14583333333333334,0.11538461538461539,0.2,0.09333333333333334,0.02247191011235955,0.08163265306122448,0.0,0.0,0.0,0.0,0.0,0.0,0.0,0.0,0.0,0.0,0.0,0.0,0.0,0.0,0.0,0.0,0.0,,0.0,0.0,0.0,0.0,0.0,0.0,0.0,0.0,0.0,0.0,0.0,0.0,0.0,0.0,0.0,0.0,0.0,0.0,0.0,0.0,0.0,0.0,0.0,0.0,0.0,0.0,0.0,0.0,0.0,0.0,0.0,0.0,0.0,0.0,0.0,0.0,0.0,0.0,0.0,0.0,0.0,0.0,0.0,0.0,0.0,0.0,0.011764705882352941,0.0,0.0,0.0,0.0,0.0,0.0,0.0,0.0
1004246, intergenic, T->C, noncoding,4.52622,0.00109989,120,-1.0,1.0,114,0.9,0.028436,PASS,0.0,0.0,0.0,0.0,0.0,0.0,0.0,0.0,0.0,0.0,0.0,0.0,0.0,0.0,0.0,0.0,0.0,0.0,0.0,0.0,0.0,0.0,0.0,0.0,0.0,0.0,0.0,0.0,0.0,0.0,0.0,0.0,0.0,0.0,0.0,0.0,0.0,0.0,0.0,0.0,0.0,0.0,0.0,0.0,0.0,0.0,0.0,0.014492753623188406,0.0,0.0898876404494382,0.16,0.09375,0.0,0.0,0.0,0.0,0.0,0.0,0.0,0.0,0.0,0.0,0.0,0.0,0.0,0.0,0.0,0.0,0.0,0.0,0.0,0.0,0.0,0.0,0.0,0.0,0.0,0.0,0.0,0.0,0.0,0.0,0.0,0.0,0.0,0.0,0.0,,0.0,0.0,0.0,0.0,0.0,0.0,0.0,0.0,0.0,0.0,0.0,0.0,0.0,0.0,0.0,0.0,0.0,0.0,0.0,0.0,0.0,0.0,0.0,0.0,0.0,0.0,0.0,0.0,0.0,0.0,0.0,0.0,0.0,0.0,0.0,0.0,0.0,0.0,0.0,0.0,0.0,0.0,0.0,0.0,0.0,0.0,0.0,0.0,0.0,0.0,0.0,0.0,0.0,0.0,0.0
1004254, intergenic, indel;+A, indel,4.65909,9.999e-05,120,-1.0,1.0,114,0.9,1.0,PASS,0.0,0.0,0.0,0.0,0.0,0.0,0.0,0.0,0.0,0.0,0.0,0.0,0.0,0.0,0.0,0.0,0.0,0.0,0.0,0.0,0.0,0.0,0.0,0.0,0.0,0.0,0.0,0.0,0.0,0.0,0.0,0.0,0.0,0.0,0.0,0.0,0.0,0.0,0.0,0.0,0.0,0.0,0.0,0.0,0.0,0.0,0.0,0.0,0.0,0.0,0.0,0.0,0.0,0.0,0.0,0.0,0.05555555555555555,0.29411764705882354,0.275,0.2857142857142857,0.20930232558139536,0.05172413793103448,0.037037037037037035,0.0,0.0,0.0,0.0,0.0,0.0,0.0,0.0,0.0,0.0,0.0,0.0,0.0,0.0,0.0,0.0,0.0,0.0,0.0,0.0,0.0,0.0,0.0,0.0,,0.0,0.0,0.0,0.0,0.0,0.0,0.0,0.0,0.0,0.0,0.0,0.0,0.0,0.0,0.0,0.0,0.0,0.0,0.0,0.0,0.0,0.0,0.0,0.0,0.0,0.0,0.0,0.0,0.0,0.0,0.0,0.0,0.0,0.0,0.0,0.0,0.0,0.0,0.0,0.0,0.0,0.0,0.0,0.0,0.0,0.0,0.0,0.0,0.0,0.0,0.0,0.0,0.0,0.0,0.0
1004506, intergenic, G->A, noncoding,1.49846,9.999e-05,120,-1.0,1.0,102,0.9,0.206897,PASS,0.0,0.0,0.0,0.0,0.0,0.0,0.0,0.0,0.0,0.0,0.0,0.0,0.0,0.0,0.0,0.0,0.0,0.0,0.0,0.0,0.0,0.0,0.0,0.0,0.0,0.0,0.0,0.0,0.0,0.0,0.0,0.0,0.0,0.0,0.0,0.0,0.0,0.0,0.0,0.0,0.0,0.0,0.0,0.0,0.0,0.0,0.0,0.0,0.0,0.0,0.0,0.0,0.0,0.0,0.0,0.0,0.0,0.0,0.0,0.0,0.0,0.0,0.0,0.0,0.0,0.0,0.0,0.0,0.0,0.0,0.0,0.0,0.0,0.0,0.0,0.0,0.0,0.0,0.0,0.0,0.0,0.0,0.0,0.0,0.0,0.0,0.0,,0.0,1.0,0.6,0.5,1.0,0.6666666666666666,1.0,1.0,0.9142857142857143,0.75,0.9333333333333333,,1.0,1.0,1.0,1.0,1.0,1.0,1.0,1.0,1.0,1.0,1.0,1.0,1.0,1.0,1.0,1.0,1.0,1.0,1.0,1.0,0.9555555555555556,0.0,0.0,0.0,0.0,0.0,0.0,0.0,0.0,0.0,0.0,0.0,0.0,0.0,0.0,0.0,0.0,0.0,0.0,0.0,0.0,0.9955357142857143,1.0
1106603, ycdS, G->A, missense,2.60592,0.00709929,120,-1.0,0.157895,119,0.9,0.25,PASS,0.0,0.008695652173913044,0.0,0.0,0.0,0.0,0.0,0.0,0.0,0.0,0.0,0.0,0.0,0.0,0.0,0.0,0.0,0.011627906976744186,0.024,0.0,0.009174311926605505,0.0,0.0,0.0,0.0,0.0,0.0,0.0,0.0,0.0,0.0,0.0,0.0,0.0,0.0,0.0,0.0,0.0,0.0,0.0,0.0,0.0,0.0,0.0,0.0,0.0,0.0,0.0,0.0,0.007874015748031496,0.0,0.0,0.0,0.0,0.0,0.0,0.0,0.0,0.0,0.0,0.0,0.0,0.0,0.0,0.0,0.0,0.0,0.0,0.007692307692307693,0.0,0.0,0.017241379310344827,0.0,0.0,0.0,0.0,0.0,0.0,0.0,0.009523809523809525,0.0,0.0,0.0,0.0,0.0,0.0,0.0,,0.0,0.0,0.0,0.0,0.0,0.0,0.0,0.0,0.022222222222222223,0.2,0.0,0.0,0.0,0.0,0.0,0.0,0.0,0.0,0.0,0.0,0.0,0.0,0.0,0.0,0.0,0.0,0.0,0.0,0.0,0.0,0.0,0.0,0.0,0.0,0.0,0.0,0.0,0.0,0.0,0.0,0.0,0.0,0.0,0.0,0.0,0.0,0.0,0.0,0.0,0.0,0.0,0.0,0.0,0.0,0.0
1128109, yceK, MOB_1128109_1128121_IS4_-1, sv,0.91335,9.999e-05,120,-1.0,0.210526,119,0.9,0.0266075,PASS,0.0,0.0,0.0,0.0,0.0,0.0,0.0,0.0,0.0,0.0,0.0,0.0,0.0,0.008298755186721992,0.19392917369308602,0.0651890482398957,0.026881720430107527,0.22206303724928367,0.6724845995893224,0.8398347865993575,0.856921287320667,0.7741155125491382,0.721489526764934,0.8862206975414523,0.9290780141843972,0.9595959595959596,0.7740422204847537,0.9785714285714285,0.9444444444444444,0.9570815450643777,0.9210526315789473,0.9712230215827338,0.9662921348314607,0.9781021897810219,0.9663865546218487,0.978125,0.98,0.9789473684210527,0.9840764331210191,0.9235843870258383,0.9726775956284153,0.9469387755102041,0.9863013698630136,0.975609756097561,0.95,0.9608938547486033,0.9659090909090909,0.963855421686747,0.986046511627907,0.9426702577914583,0.9593908629441624,0.979757085020243,0.9713114754098361,0.9659863945578231,0.966804979253112,0.9692307692307692,1.0,1.0,0.9888268156424581,1.0,0.9692307692307692,0.9567567567567568,0.9657534246575342,0.9779735682819384,0.9615384615384616,0.9781420765027322,0.9841269841269841,0.9879032258064516,0.9854545454545455,0.9755102040816327,0.9464285714285714,0.9649122807017544,0.983739837398374,0.9743589743589743,0.9938271604938271,0.9512195121951219,1.0,0.9333333333333333,0.9895833333333334,0.9768518518518519,0.9784172661870504,0.9849246231155779,1.0,0.9032258064516129,1.0,1.0,1.0,1.0,1.0,0.9545454545454546,0.9375,0.875,1.0,1.0,0.9333333333333333,1.0,0.9516129032258065,1.0,0.9473684210526315,0.9285714285714286,0.8888888888888888,1.0,0.9787234042553191,0.9230769230769231,0.9644268774703557,1.0,0.952191235059761,0.9692307692307692,0.9751552795031055,0.9689922480620154,0.967032967032967,0.9840637450199203,0.9824561403508771,0.9826839826839827,0.9747899159663865,0.8,0.9770642201834863,0.8571428571428571,0.9803921568627451,0.9772727272727273,0.9833333333333333,0.0,0.0,0.0,0.0,0.0,0.0,0.0,0.0,0.0,0.0,0.935672514619883,0.9371069182389937,0.9034543844109831,0.847084708470847,0.873069173942243,0.8635917566241412,0.8810572687224669,0.9103199639477242,0.8333333333333334,0.7707380796864794,0.8544244760897954,0.904071773636991
1161528, yceD, C->G, missense,3.49703,0.00049995,120,-1.0,0.137931,119,0.9,0.342857,PASS,0.0,0.004081632653061225,0.0,0.0,0.0,0.0,0.0,0.008,0.004830917874396135,0.0,0.0,0.0,0.0,0.0,0.0,0.0,0.009009009009009009,0.0,0.0,0.0,0.0,0.0,0.0,0.0,0.0,0.0,0.011235955056179775,0.0,0.0,0.0,0.0,0.0,0.0,0.0,0.0,0.005555555555555556,0.0,0.0,0.0,0.0,0.0,0.0,0.0,0.0,0.0,0.0,0.0,0.0,0.0,0.0,0.0,0.0,0.0,0.0,0.0,0.0,0.0,0.0,0.0,0.0,0.0,0.0,0.0,0.0,0.0,0.0,0.0,0.0,0.0,0.0,0.0,0.0,0.0,0.0,0.033707865168539325,0.0,0.05970149253731343,0.10687022900763359,0.046511627906976744,0.040983606557377046,0.016260162601626018,0.008771929824561403,0.0,0.0,0.0,0.0,0.0,,0.0,0.0,0.0,0.0,0.0,0.0,0.0,0.0,0.0,0.0,0.0,0.0,0.0,0.0,0.0,0.0,0.0,0.0,0.0,0.0,0.007194244604316547,0.0,0.0,0.0,0.0,0.0,0.0,0.0,0.0,0.0,0.004672897196261682,0.0,0.0,0.01680672268907563,0.0,0.0,0.0,0.0,0.0,0.0,0.0,0.0,0.006172839506172839,0.0,0.0,0.0,0.0,0.0,0.0,0.0,0.0,0.0,0.0,0.0,0.0
1283304, narG, junction_1283304_1_IS186_start, sv,7.45114,0.00029997,120,-1.0,0.230769,119,0.9,0.5,PASS,0.0,0.0,0.0,0.0,0.0,0.0,0.0,0.0,0.0,0.0,0.0,0.0,0.0,0.0,0.0,0.0,0.0,0.0,0.0,0.0,0.0,0.0,0.0,0.0,0.0,0.0,0.0,0.0,0.0,0.0,0.0,0.0,0.0,0.0,0.0,0.0,0.0,0.0,0.0,0.0,0.0,0.0,0.0,0.0,0.0,0.0,0.0,0.0,0.0,0.0,0.0,0.0,0.0,0.0,0.0,0.0,0.0,0.0,0.0,0.0,0.0,0.0,0.0,0.0,0.0,0.0,0.0,0.0,0.0,0.0,0.0,0.0,0.0,0.0,0.0,0.0,0.0,0.0,0.0,0.0,0.0,0.0,0.0,0.0,0.0,0.0,0.0,0.0,0.125,0.42857142857142855,0.5,0.25,0.25,0.0,0.0,0.08333333333333333,0.05263157894736842,0.1,0.0,0.0,0.0,0.0,0.0,0.0,0.0,0.0,0.0,0.0,0.0,0.0,0.0,0.0,0.0,0.0,0.0,0.0,0.0,0.0,0.0,0.0,0.0,0.0,0.0,0.0,0.0,0.0,0.0,0.0,0.0,0.0,0.0,0.0,0.0,0.0,0.0,0.0,0.0,0.0,0.0,0.0,0.0,0.0,0.0
1293466, tdk, MOB_1293466_1293474_IS1_-1, sv,6.17877,9.999e-05,120,-1.0,0.387097,120,0.9,0.193548,PASS,0.0,0.0,0.0,0.0,0.0,0.0,0.0,0.0,0.0,0.0,0.0,0.0,0.0,0.0,0.0,0.0,0.0,0.0,0.0,0.0,0.0,0.0,0.0,0.0,0.0,0.0,0.0,0.0,0.0,0.0,0.0,0.0,0.0,0.0,0.0,0.0,0.0,0.0,0.0,0.0,0.0,0.0,0.0,0.0,0.0,0.0,0.0,0.0,0.0,0.0,0.0,0.0,0.0,0.0,0.0,0.0,0.0,0.0,0.0,0.0,0.0,0.0,0.0,0.0,0.0,0.0,0.0,0.0,0.0,0.0,0.0,0.0,0.0,0.0,0.0,0.0,0.0,0.0,0.0,0.0049504950495049506,0.175,0.6436781609195402,0.6904761904761905,0.5625,0.46153846153846156,0.5789473684210527,0.7037037037037037,,0.8,0.34615384615384615,0.043478260869565216,0.0,0.0,0.0,0.0,0.0,0.0,0.0,0.0,0.0,0.0,0.0,0.0,0.0,0.0,0.0,0.0,0.0,0.0,0.0,0.0,0.0,0.011560693641618497,0.0,0.0,0.0,0.0,0.0,0.0,0.0,0.0,0.0,0.0,0.0,0.0,0.0,0.0,0.0,0.0,0.0,0.0,0.0,0.0,0.0,0.0,0.0,0.0,0.0,0.0,0.0,0.8116883116883117,0.0,0.0
1306289, cls, indel;-12, indel,3.08195,9.999e-05,120,-1.0,0.75,119,0.9,0.923077,PASS,0.0,0.0,0.0,0.0,0.0,0.0,0.0,0.0,0.0,0.0,0.0,0.0,0.0,0.0,0.0,0.0,0.0,0.0,0.0,0.0,0.0,0.0,0.0,0.0,0.0,0.0,0.0,0.0,0.0,0.0,0.0,0.0,0.0,0.0,0.0,0.0,0.0,0.0,0.0,0.0,0.0,0.0,0.0,0.0,0.0,0.0,0.0,0.0,0.0,0.0,0.0,0.0,0.0,0.0,0.0,0.0,0.043478260869565216,0.10843373493975904,0.06611570247933884,0.24242424242424243,0.14507772020725387,0.13333333333333333,0.2535211267605634,0.26732673267326734,0.055865921787709494,0.07476635514018691,0.015384615384615385,0.055776892430278883,0.015873015873015872,0.05063291139240506,0.0,0.0,0.0,0.0,0.0,0.0,0.0,0.0,0.0,0.0,0.0,0.0,0.0,0.0,0.0,0.0,0.0,0.0,0.0,0.0,0.0,0.0,0.0,0.0,0.0,0.0,0.0,0.0,0.0,0.0,0.0,0.0,0.0,0.0,0.0,0.0,0.0,0.0,0.0,0.0,0.0,0.0,0.0,0.0,0.0,0.0,0.0,0.0,0.0,0.0,0.0,0.0,0.0,0.0,0.0,0.0,0.0,0.0,0.0,0.0,0.0,0.0,0.0,0.0,0.0,0.0,0.0,0.0,0.0,0.0,0.0,0.0,0.0
1329182, intergenic, A->C, noncoding,4.25928,9.999e-05,120,-1.0,0.666667,120,0.9,0.923077,PASS,0.0,0.0,0.0,0.0,0.0,0.006944444444444444,0.0,0.0,0.0,0.0,0.0,0.0,0.0,0.005813953488372093,0.0078125,0.0,0.0,0.0,0.0,0.0,0.0,0.0,0.0,0.0,0.01282051282051282,0.0,0.0,0.0,0.0,0.0,0.0,0.0,0.0,0.0,0.0,0.0,0.0,0.0,0.0,0.010416666666666666,0.0,0.0,0.0,0.0,0.0,0.0,0.0,0.0,0.0,0.0,0.0,0.0,0.0,0.0,0.0,0.0,0.0,0.0,0.0,0.0,0.0,0.0,0.0,0.0,0.0,0.0,0.0,0.0,0.0,0.0,0.0,0.015873015873015872,0.0847457627118644,0.15384615384615385,0.24390243902439024,0.15942028985507245,0.07142857142857142,0.05,0.05660377358490566,0.02654867256637168,0.011764705882352941,0.021052631578947368,0.0,0.0,0.0,0.0,0.0,,0.0,0.0,0.0,0.0,0.0,0.0,0.0,0.0,0.0,0.0,0.0,0.0,0.0,0.0,0.0,0.0,0.0,0.0,0.0,0.0,0.0,0.0,0.0,0.0,0.0,0.0,0.0,0.0,0.0,0.0,0.0,0.0,0.0,0.0,0.0,0.0,0.0,0.0,0.0,0.0,0.0,0.0,0.0,0.0,0.0,0.0,0.0,0.0,0.0,0.0,0.0,0.0,0.0,0.0,0.0
1332661, cysB, C->A, missense,1.99884,9.999e-05,120,-1.0,0.444444,119,0.9,0.12766,PASS,0.0,0.007518796992481203,0.011764705882352941,0.0,0.0,0.0,0.0,0.014492753623188406,0.0,0.0,0.0,0.0,0.0,0.24074074074074073,0.06,0.10135135135135136,0.12359550561797752,0.125,0.08870967741935484,0.08928571428571429,0.1650485436893204,0.1984126984126984,0.35443037974683544,0.13,0.02857142857142857,0.08333333333333333,0.16417910447761194,0.021505376344086023,0.06140350877192982,0.06451612903225806,0.0625,0.043478260869565216,0.0,0.0,0.0,0.0,0.0,0.0,0.0,0.0,0.0,0.0,0.0,0.0,0.0,0.0,0.0,0.0,0.0,0.0,0.011764705882352941,0.0,0.0,0.0,0.0,0.0,0.0,0.0,0.0,0.0,0.0,0.0,0.0,0.0,0.0,0.010752688172043012,0.0,0.0,0.0,0.0,0.0,0.0,0.0,0.0,0.0,0.0,0.0,0.0,0.017241379310344827,0.0,0.0,0.0,0.0,0.0,0.0,0.0,0.0,0.0,0.0,0.0,0.0,0.0,0.0,0.0,0.0,0.0,0.0,0.0,0.0,0.0,0.0,0.0,0.0,0.0,0.0,0.0,0.0,0.0,0.0,0.0,0.0,0.0,0.0,0.0,0.0,0.0,0.0,0.0,0.013793103448275862,0.0,0.0,0.0,0.0,0.0,0.0,0.0,0.0,0.0,0.0,0.0,0.0,0.0,0.0,0.0,0.0,0.0,0.0,0.0,0.0,0.0,0.0,0.0,0.0
1349557, intergenic, C->T, noncoding,0.960423,9.999e-05,120,-1.0,0.705882,118,0.9,0.705882,PASS,0.0,0.00625,0.0,0.0,0.0,0.015748031496062992,0.0,0.0,0.0,0.0,0.0,0.0,0.00847457627118644,0.0,0.0,0.0,0.0,0.0,0.46875,0.7682119205298014,0.8269230769230769,0.7423312883435583,0.5571428571428572,0.900990099009901,0.9519230769230769,0.9620253164556962,0.9102564102564102,0.9852941176470589,0.9035087719298246,0.9137931034482759,0.9603174603174603,0.9724137931034482,1.0,1.0,1.0,1.0,1.0,1.0,1.0,1.0,1.0,0.9911504424778761,1.0,1.0,1.0,1.0,1.0,1.0,1.0,1.0,1.0,1.0,1.0,1.0,1.0,1.0,1.0,1.0,1.0,1.0,1.0,1.0,1.0,1.0,1.0,1.0,1.0,0.9927536231884058,1.0,1.0,1.0,1.0,1.0,1.0,1.0,1.0,1.0,1.0,1.0,1.0,0.979381443298969,1.0,1.0,1.0,1.0,1.0,1.0,1.0,1.0,1.0,1.0,1.0,1.0,1.0,1.0,1.0,0.9915966386554622,1.0,1.0,1.0,1.0,1.0,1.0,1.0,1.0,1.0,1.0,1.0,1.0,1.0,1.0,1.0,1.0,1.0,1.0,1.0,1.0,1.0,1.0,1.0,1.0,0.0,0.0,0.0,0.0,0.0,0.0,0.0,0.0,0.0,0.0,1.0,0.9879518072289156,1.0,1.0,0.9577464788732394,1.0,0.98989898989899,1.0,0.9767441860465116,1.0,0.9952153110047847,1.0
1350714, sapF, G->A, missense,0.952663,9.999e-05,120,-1.0,0.8,115,0.9,1.0,PASS,0.0,0.0,0.0,0.0,0.0,0.0,0.0,0.0,0.0,0.0,0.0,0.0,0.0,0.02564102564102564,0.18,0.023529411764705882,0.034482758620689655,0.10909090909090909,0.43859649122807015,0.7,0.8113207547169812,0.7945205479452054,0.6551724137931034,0.8888888888888888,0.9534883720930233,0.9148936170212766,0.8928571428571429,1.0,0.8928571428571429,0.9433962264150944,0.8947368421052632,0.9565217391304348,1.0,1.0,1.0,1.0,1.0,1.0,1.0,1.0,1.0,0.9876543209876543,1.0,1.0,1.0,1.0,1.0,1.0,1.0,1.0,1.0,1.0,1.0,1.0,1.0,0.975,1.0,1.0,1.0,1.0,1.0,1.0,1.0,1.0,1.0,1.0,1.0,1.0,1.0,1.0,1.0,1.0,1.0,1.0,1.0,1.0,1.0,1.0,1.0,1.0,1.0,1.0,1.0,1.0,1.0,1.0,1.0,,1.0,1.0,1.0,1.0,1.0,1.0,1.0,1.0,0.9743589743589743,1.0,1.0,1.0,1.0,1.0,0.987012987012987,1.0,0.9893617021276596,1.0,1.0,1.0,1.0,1.0,1.0,1.0,1.0,1.0,1.0,1.0,1.0,1.0,1.0,1.0,1.0,0.0,0.0,0.0,0.0,0.0,0.0,0.0,0.0,0.0,0.0,1.0,0.9910714285714286,1.0,1.0,1.0,1.0,1.0,0.9824561403508771,1.0,1.0,0.9958333333333333,1.0
1392286, mppA, T->G, missense,4.36973,9.999e-05,120,-1.0,0.857143,117,0.9,0.315789,PASS,0.0,0.0,0.0,0.0,0.0,0.0,0.0,0.0,0.0,0.0,0.0,0.0,0.012987012987012988,0.0,0.028169014084507043,0.0,0.02631578947368421,0.0,0.0,0.0,0.0,0.0,0.0,0.013513513513513514,0.0,0.0,0.0,0.0,0.0,0.0,0.0,0.0,0.0,0.0,0.0,0.0,0.0,0.0,0.0,0.0,0.109375,0.22321428571428573,0.7,1.0,0.9344262295081968,0.3958333333333333,0.046875,0.0379746835443038,0.08888888888888889,0.01834862385321101,0.0,0.03225806451612903,0.015873015873015872,0.01282051282051282,0.01282051282051282,0.038461538461538464,0.0,0.0,0.0,0.0,0.0,0.0,0.0,0.0,0.0,0.0,0.0,0.0,0.0,0.0,0.0,0.0,0.0,0.0,0.0,0.0,0.0,0.0,0.0,0.0,0.0,0.0,0.0,0.0,0.0,0.0,0.0,0.0,0.0,0.0,0.0,0.0,0.0,0.0,0.0,0.0,0.0,0.0,0.0,0.0,,0.0,0.0,0.0,0.0,0.0,0.0,0.0,0.0,0.0,0.0,0.0,0.0,0.0,0.0,0.0,0.0,0.0,0.0,0.0,0.0,0.0,0.0,0.0,0.0,0.0,0.0,0.0,0.0,0.0,0.0,0.0,0.0,0.0,0.0,0.0,0.0,0.0,0.0,0.0,0.0,0.0,0.0
1410391, intR, T->A, synonymous,2.40434,9.999e-05,120,-1.0,0.75,118,0.9,0.75,PASS,0.0,0.0,0.0,0.0,0.0,0.0,0.0,0.0,0.0,0.0,0.0,0.0,0.0,0.0,0.0,0.0,0.01818181818181818,0.0,0.0,0.0,0.0,0.0,0.0,0.0,0.0,0.0,0.0,0.0,0.0,0.0,0.0,0.0,0.0,0.0,0.0,0.0,0.0,0.0,0.0,0.0,0.0,0.0,0.0,0.0,0.0,0.0,0.0,0.0,0.0,0.0,0.0,0.0,0.009174311926605505,0.0,0.0,0.0,0.0,0.0,0.0,0.0,0.0,0.0,0.0,0.0,0.0,0.0,0.0,0.0,0.0,0.0,0.0,0.0,0.0,0.0,0.0,0.0,0.0,0.0,0.0,0.0,0.0,0.0,0.0,0.0,0.0,0.0,0.0,,0.0,0.0,0.0,0.0,0.0,0.0,0.0,0.0,0.0,0.0,0.0,0.0,0.0,0.0,0.0,0.0,0.0,0.0,0.0,0.07766990291262135,0.6638655462184874,0.8823529411764706,0.8796296296296297,0.9741379310344828,1.0,1.0,0.9924242424242424,1.0,1.0,1.0,0.9927536231884058,1.0,1.0,0.0,0.0,0.0,0.0,0.0,0.0,0.0,0.0,0.0,0.0,0.0,0.0,0.0,0.0,0.0,0.0,0.0,0.0,0.0,0.0,0.0,0.0
1413350, recE, C->T, missense,2.96554,9.999e-05,120,-1.0,0.144578,116,0.9,0.48,PASS,0.0,0.0,0.0,0.0,0.0,0.0,0.0,0.0,0.0,0.0,0.0,0.0,0.0,0.0,0.0,0.013333333333333334,0.0,0.0,0.0,0.0,0.0,0.0,0.0,0.0,0.0,0.0,0.0,0.0,0.0,0.0,0.0,0.0,0.0,0.0,0.0,0.0,0.0,0.0,0.0,0.0,0.0,0.0,0.0,0.0,0.0,0.0,0.0,0.0,0.0,0.0,0.0,0.015873015873015872,0.02127659574468085,0.1746031746031746,0.5465116279069767,0.5072463768115942,0.3103448275862069,0.7560975609756098,0.8135593220338984,0.5454545454545454,0.3561643835616438,0.4444444444444444,0.21568627450980393,0.09876543209876543,0.06666666666666667,0.09615384615384616,0.078125,0.06578947368421052,0.03571428571428571,0.03773584905660377,0.0,0.0,0.0,0.0,0.0,0.0,0.0,0.0,0.0,0.0,0.0,0.0,0.0,0.0,0.0,0.0,0.0,0.0,0.0,0.0,0.0,0.0,0.0,0.0,0.0,0.0,0.0,0.0,0.0,0.0,0.0,0.0,0.010526315789473684,0.0,0.0,0.0,0.0,0.0,0.0,0.0,0.0,0.0,0.0,0.0,0.009708737864077669,0.0,0.0,0.0,0.0,0.0,0.0,0.0,0.0,0.0,0.0,0.0,0.0,0.024096385542168676,0.0,0.0,0.0,0.0,0.0,0.0,0.0,0.0,0.0,0.0,0.0,0.0,0.0,0.004132231404958678,0.0
1462251, hokB, MOB_1462251_1462252_IS150_1, sv,1.06503,0.00039996,120,-1.0,0.75,118,0.9,0.5,PASS,0.0,0.0,0.0,0.0,0.0,0.005564830272676684,0.0,0.008548452895419188,0.007062146892655367,0.007512551252847381,0.0,0.005484597892401553,0.013408474576271185,0.005194887020493957,0.017540334507042253,0.017904201077199283,0.0,0.010433080168776372,0.04910618301731245,0.03563566649511065,0.0485334413830362,0.057908502906976744,0.13984213615023475,0.0,0.0,0.0,0.0,0.027501381215469616,0.01930448999511957,0.028001242937853107,0.011613697183098591,0.01666311061201572,0.0,0.0,0.0,0.01122852818766553,0.007267441860465116,0.032205135135135135,0.017667844522968195,0.0,0.022675736961451247,0.04746143617021277,0.0,0.0,0.016618151260504203,0.0,0.018954118773946357,0.03418439588688946,0.05144112068965517,0.019385623781676416,0.009325193213949106,0.01964183311432326,0.020487991718426503,0.009115770282588878,0.006544226190476191,0.007749804228660924,0.0,0.043654675467546755,0.0,0.01830535185185185,0.014146819156540385,0.01338763795423957,0.018681399061032864,0.011909151113786876,0.02690807380738074,0.044391183274021355,0.023489317507418398,0.018532771535580524,0.06805939463163906,0.027624563852058616,0.037554838709677414,0.0457833078101072,0.030782270606531884,0.055110230414746546,0.19520578034682082,0.1486498127340824,0.11837563884156728,0.04759928229665072,0.07298581932773109,0.08045346534653466,0.015073419649657272,0.0523117854001759,0.0,0.0,0.0,0.0,0.0,0.0,0.0,0.0,0.0,0.0,0.04950495049504951,0.0,0.0,0.0,0.006982902542372881,0.0,0.0,0.0,0.0,0.06779661016949153,0.0,0.06971321678321678,0.00501409229208925,0.0,0.015643469708890637,0.0,0.0,0.0,0.016189962223421478,0.005021482233502538,0.008108411138411138,0.0,0.01592356687898089,0.0,0.017379144698301114,0.02594716535433071,0.028281485007139458,0.008129827302631579,0.01537760497667185,0.0,0.0,0.0,0.0,0.0,0.004987531172069825,0.0,0.007425663650075415,0.0,0.0,0.0,0.0,0.009245474178403757,0.0,0.0,0.004258836505190312,0.0,0.0,0.0,0.0,0.0,0.0
1499580, ECB_01413, C->T, synonymous,1.94525,9.999e-05,120,-1.0,0.631579,119,0.9,0.631579,PASS,0.0,0.0,0.0,0.14285714285714285,0.05660377358490566,0.0,0.39669421487603307,0.6631578947368421,0.2517482517482518,0.49122807017543857,0.12903225806451613,0.0763888888888889,0.21379310344827587,0.1317365269461078,0.03937007874015748,0.05806451612903226,0.07142857142857142,0.17142857142857143,0.10919540229885058,0.0641025641025641,0.13513513513513514,0.08450704225352113,0.25675675675675674,0.0375,0.02666666666666667,0.007518796992481203,0.175,0.03278688524590164,0.04580152671755725,0.06521739130434782,0.058394160583941604,0.043795620437956206,0.0,0.0,0.0,0.0,0.0,0.0,0.0,0.0,0.0,0.0,0.0,0.0,0.0,0.0,0.0,0.0,0.0,0.0,0.0,0.0,0.0,0.0,0.0,0.0,0.0,0.0,0.0,0.0,0.0,0.0,0.0,0.0,0.0,0.0,0.0,0.0,0.0,0.0,0.0,0.0,0.0,0.0,0.0,0.0,0.0,0.0,0.0,0.0,0.0,0.0,0.0,0.0,0.0,0.0,0.0,,0.0,0.0,0.0,0.0,0.0,0.0,0.0,0.0,0.0,0.0,0.0,0.0,0.0,0.0,0.0,0.0,0.0,0.0,0.0,0.0,0.0,0.0,0.0,0.0,0.0,0.0,0.0,0.0,0.0,0.0,0.0,0.0,0.0,0.0,0.0,0.0,0.0,0.9883720930232558,0.0,0.972972972972973,0.0,0.0,0.0,0.0,0.0,0.0,0.0,0.0,0.0,0.0,0.0,0.0,0.0,0.0,0.0
1514652, narZ, junction_1514652_1_IS1_end, sv,2.57825,0.00309969,120,-1.0,0.342857,117,0.9,0.923077,PASS,0.0,0.0,0.0,0.0,0.0,0.0,0.0,0.0,0.0,0.0,0.0,0.0,0.0,0.0,0.0,0.0,0.0,0.0,0.0,0.0,0.0,0.0,0.0,0.0,0.0,0.0,0.0,0.0,0.0,0.0,0.0,0.0,0.0,0.0,0.0,0.0,0.0,0.0,0.0,0.0,0.0,0.0,0.0,0.0,0.0,0.0,0.0,0.0,0.0,0.0,0.0,0.0,0.0,0.0,0.0,0.0,0.0,0.09302325581395349,0.1875,0.0,0.16,0.09722222222222222,0.0,0.04918032786885246,0.05084745762711865,0.12244897959183673,0.10909090909090909,0.09433962264150944,0.0,0.0,0.0,0.0,0.0,0.0,0.0,0.0,0.0,0.0,0.0,0.0,0.0,0.0,0.0,0.0,0.0,0.0,0.0,0.0,0.0,0.0,0.0,0.0,0.0,0.0,0.0,0.0,0.0,0.0,0.0,0.0,0.0,0.0,0.0,0.0,0.0,0.0,0.0,0.0,0.0,0.0,0.0,0.0,0.0,0.0,0.0,0.0,0.0,0.0,0.0,0.0,0.0,0.0,0.0,0.0,0.0,0.0,0.0,0.0,0.0,0.0,0.0,0.0,0.0,0.0,0.0,0.0,0.0,0.0,0.0,0.0,0.0,0.0,0.0
1524982, fdnH, junction_1524982_1_1529691_-1, sv,2.66664,9.999e-05,120,-1.0,0.923077,120,0.9,0.705882,PASS,0.0,0.0,0.0,0.0,0.0,0.0,0.0,0.0,0.0,0.0,0.0,0.0,0.0,0.0,0.0,0.0,0.0,0.0,0.0,0.0,0.0,0.0,0.0,0.0,0.0,0.0,0.0,0.0,0.0,0.0,0.0,0.0,0.0,0.0,0.0,0.0,0.0,0.0,0.0,0.0,0.0,0.0,0.0,0.0,0.0,0.0,0.0,0.0,0.0,0.0,0.0,0.0,0.0,0.0,0.0,0.0,0.0,0.0,0.0,0.034482758620689655,0.027777777777777776,0.15337423312883436,0.2857142857142857,0.24598930481283424,0.13380281690140844,0.112,0.05442176870748299,0.22549019607843138,0.0851063829787234,0.18023255813953487,0.0,0.0,0.014285714285714285,0.0,0.0,0.0,0.0,0.0,0.0,0.0,0.009259259259259259,0.0,0.0,0.0,0.0,0.0,0.0,,0.0,0.0,0.0,0.0,0.0,0.0,0.0,0.0,0.0,0.0,0.0,0.0,0.0,0.0,0.0,0.0,0.0,0.0,0.0,0.0,0.0,0.0,0.0,0.0,0.0,0.0,0.0,0.0,0.0,0.0,0.0,0.0,0.0,0.0,0.0,0.0,0.0,0.0,0.0,0.0,0.0,0.0,0.0,0.0,0.0,0.0,0.0,0.0,0.0,0.0,0.0,0.0,0.0,0.0,0.0
1625723, ydfE, G->A, noncoding,4.09913,9.999e-05,120,-1.0,0.48,118,0.9,0.169014,PASS,0.0,0.0,0.0,0.014925373134328358,0.0,0.0,0.0,0.0,0.0,0.0,0.0,0.008849557522123894,0.0,0.02531645569620253,0.13414634146341464,0.26229508196721313,0.6164383561643836,0.49206349206349204,0.16666666666666666,0.023076923076923078,0.0,0.0,0.0,0.0,0.0,0.0,0.0,0.012987012987012988,0.013157894736842105,0.0,0.0,0.0,0.0,0.0,0.0,0.0,0.0,0.0,0.0,0.0,0.0,0.0,0.0,0.0,0.0,0.0,0.0,0.0,0.0,0.0,0.0,0.0,0.0,0.0,0.0,0.0,0.0,0.0,0.0,0.0,0.0,0.0,0.0,0.0,0.0,0.0,0.0,0.0,0.0,0.0,0.0,0.0,0.0,0.0,0.0,0.0,0.0,0.0,0.0,0.0,0.0,0.0,0.0,0.0,0.0,0.0,0.0,0.0,0.0,0.0,0.0,0.0,0.0,0.0,0.0,0.0,0.0,0.0,0.0,0.0,0.0,0.0,0.0,0.0,0.0,0.0,0.0,0.0,0.0,0.0,0.0,0.0,0.0,0.0,0.0,0.0,0.0,0.0,0.0,0.0,0.0,0.0,0.0,0.0,0.0,0.0,0.0,0.0,0.0,0.0,0.006211180124223602,0.0,0.0,0.0,0.0,0.0,0.0,0.0,0.0,0.0,0.0,0.0,0.0
1631908, rspA, G->A, synonymous,2.66714,0.00659934,120,-1.0,0.545455,117,0.9,0.0652174,PASS,0.0,0.0,0.0,0.0,0.0,0.0,0.0,0.0,0.0,0.0,0.0,0.0,0.011904761904761904,0.0,0.0125,0.0,0.0,0.0,0.0,0.0,0.0,0.0,0.0,0.0,0.02127659574468085,0.0,0.0,0.0,0.009345794392523364,0.0,0.0,0.0,0.0,0.0,0.0,0.0,0.0,0.0,0.0,0.0,0.015151515151515152,0.0,0.0,0.0,0.010309278350515464,0.0,0.0,0.0,0.0,0.0,0.0,0.0,0.0,0.0,0.0,0.0,0.0,0.0,0.0,0.0,0.0,0.0,0.0,0.0,0.0,0.0,0.0,0.0,0.0,0.0,0.0,0.0,0.0,0.0,0.0,0.0,0.0,0.0,0.0,0.0,0.0,0.0,0.0,0.0,0.0,0.0,0.0,0.0,0.0,0.0,0.0,0.1111111111111111,0.2631578947368421,0.2857142857142857,0.045454545454545456,0.0,0.2911392405063291,0.13043478260869565,0.0,0.14285714285714285,0.0,0.07142857142857142,0.15294117647058825,0.15384615384615385,0.03875968992248062,0.0,0.0,0.0,0.0,0.0,0.0,0.0,0.0,0.0,0.011235955056179775,0.0,0.0,0.0,0.01,0.0,0.0,0.0,0.0,0.0,0.0,0.0,0.0,0.0,0.0,0.0,0.0,0.0,0.0,0.0,0.0,0.0,0.0,0.0,0.0,0.0,0.0,0.0,0.0
1733446, pykF, indel;-1, indel,0.979031,9.999e-05,120,-1.0,0.24,118,0.9,0.666667,PASS,0.0,0.6666666666666666,1.0,1.0,1.0,0.967032967032967,1.0,1.0,1.0,1.0,1.0,1.0,1.0,0.990990990990991,1.0,1.0,0.9818181818181818,1.0,1.0,1.0,1.0,1.0,1.0,1.0,1.0,1.0,1.0,1.0,1.0,0.9907407407407407,1.0,1.0,1.0,1.0,1.0,1.0,1.0,1.0,1.0,1.0,1.0,1.0,1.0,1.0,1.0,1.0,0.9636363636363636,1.0,1.0,1.0,1.0,1.0,1.0,1.0,1.0,1.0,1.0,1.0,1.0,1.0,1.0,1.0,1.0,1.0,1.0,1.0,1.0,1.0,1.0,1.0,1.0,1.0,1.0,1.0,1.0,1.0,1.0,1.0,1.0,1.0,1.0,1.0,1.0,1.0,1.0,1.0,1.0,1.0,1.0,0.9285714285714286,1.0,1.0,1.0,1.0,1.0,1.0,1.0,1.0,1.0,1.0,1.0,1.0,1.0,1.0,0.9734513274336283,0.9444444444444444,1.0,1.0,1.0,1.0,1.0,1.0,1.0,1.0,0.989010989010989,1.0,1.0,1.0,1.0,1.0,1.0,0.0,1.0,0.9852941176470589,1.0,1.0,1.0,1.0,0.0,1.0,1.0,1.0,1.0,1.0,1.0,0.9390243902439024,1.0,0.9850746268656716,0.9907407407407407,1.0,1.0,0.9952830188679245,1.0
1741776, intergenic, C->T, noncoding,1.26704,9.999e-05,120,-1.0,0.631579,119,0.9,0.444444,PASS,0.0,0.0,0.0,0.0,0.0,0.0,0.0,0.0,0.0,0.007194244604316547,0.0,0.0,0.0,0.0,0.007194244604316547,0.0,0.0,0.0,0.0,0.0,0.0,0.0,0.0,0.012738853503184714,0.0,0.0,0.0,0.0,0.0,0.0,0.0,0.0,0.0,0.0,0.0,0.0,0.0,0.0,0.0,0.0,0.0,0.0,0.0,0.0,0.0,0.0,0.0,0.0,0.0,0.0,0.0,0.0,0.0,0.0,0.0,0.0,0.0,0.0,0.0297029702970297,0.07894736842105263,0.3873239436619718,0.48,0.5970149253731343,0.6855345911949685,0.8,0.8439716312056738,0.8554913294797688,0.835820895522388,0.9060402684563759,0.9172413793103448,1.0,1.0,1.0,1.0,1.0,0.9791666666666666,1.0,1.0,0.9885057471264368,1.0,0.9807692307692307,1.0,1.0,1.0,1.0,1.0,1.0,1.0,1.0,1.0,1.0,1.0,1.0,0.96,1.0,1.0,1.0,0.9565217391304348,0.9642857142857143,1.0,1.0,1.0,1.0,1.0,1.0,1.0,1.0,1.0,1.0,1.0,1.0,1.0,1.0,1.0,1.0,1.0,1.0,1.0,1.0,1.0,1.0,0.0,0.0,0.0,0.0,0.0,0.0,0.0,0.0,0.0,0.0,0.0,0.0,0.0,0.0,0.0,0.0,0.0,1.0,1.0,1.0,0.995260663507109,1.0
1741813, intergenic, junction_1741813_-1_1741976_1, sv,5.14224,0.00029997,120,-1.0,0.705882,119,0.9,0.352941,PASS,0.0,0.0,0.0,0.0,0.0,0.0,0.0,0.0,0.0,0.0,0.0,0.0,0.0,0.0,0.0,0.0,0.0,0.0,0.0,0.0,0.0,0.0,0.0,0.0,0.0,0.0,0.0,0.0,0.0,0.0,0.0,0.0,0.0,0.0,0.0,0.0,0.0,0.0,0.0,0.0,0.0,0.0,0.0,0.0,0.0,0.0,0.0,0.0,0.0,0.0,0.0,0.0,0.0,0.0,0.0,0.0,0.0,0.0,0.0,0.047058823529411764,0.14553990610328638,0.09767441860465116,0.017094017094017096,0.006779661016949152,0.0,0.0,0.0,0.0,0.0,0.0,0.0,0.0,0.0,0.0,0.0,0.0,0.0,0.0,0.0,0.0,0.0,0.0,0.0,0.0,0.0,0.0,0.0,0.0,0.0,0.0,0.0,0.0,0.0,0.0,0.0,0.0,0.0,0.0,0.0,0.0,0.0,0.0,0.0,0.0,0.0,0.0,0.0,0.0,0.0,0.0,0.0,0.0,0.0,0.0,0.0,0.0,0.0,0.0,0.0,0.0,0.0,0.0,0.0,0.0,0.0,0.0,0.0,0.0,0.0,0.0,0.0,0.0,0.0,0.0,0.0,0.0,0.0,0.0,0.0,0.0,0.0,0.0,0.0
1777404, infC, G->A, missense,0.914781,9.999e-05,120,-1.0,0.8,117,0.9,0.218182,PASS,0.0,0.011363636363636364,0.0,0.0,0.3116883116883117,0.9509803921568627,0.4946236559139785,0.3333333333333333,0.6323529411764706,0.56,0.8793103448275862,0.9565217391304348,0.9090909090909091,0.7933884297520661,0.9,0.9294117647058824,0.9333333333333333,0.8412698412698413,0.8809523809523809,0.8586956521739131,0.8414634146341463,0.8461538461538461,0.7142857142857143,0.9803921568627451,0.9285714285714286,0.9702970297029703,0.9215686274509803,0.9876543209876543,0.9659090909090909,0.9506172839506173,0.922077922077922,1.0,1.0,1.0,1.0,1.0,1.0,1.0,0.99,1.0,1.0,1.0,1.0,1.0,1.0,1.0,1.0,1.0,1.0,1.0,1.0,1.0,1.0,1.0,1.0,0.9818181818181818,1.0,1.0,1.0,1.0,1.0,1.0,1.0,1.0,1.0,1.0,1.0,1.0,1.0,1.0,1.0,1.0,1.0,1.0,1.0,0.975609756097561,1.0,1.0,1.0,1.0,1.0,0.9857142857142858,1.0,1.0,1.0,1.0,1.0,1.0,,1.0,0.9,1.0,1.0,1.0,1.0,1.0,1.0,1.0,1.0,1.0,1.0,1.0,1.0,1.0,1.0,1.0,1.0,1.0,1.0,1.0,1.0,1.0,1.0,1.0,1.0,1.0,1.0,1.0,1.0,1.0,1.0,0.0,0.0,0.010869565217391304,0.0,0.0,0.0,0.018867924528301886,0.0,1.0,1.0,1.0,1.0,1.0,1.0,0.9894736842105263,1.0,0.9871794871794872,1.0,1.0,1.0,1.0,1.0
1878923, yoaE, C->T, synonymous,2.60744,0.00349965,120,-1.0,0.24,120,0.9,0.206897,PASS,0.0,0.011235955056179775,0.0,0.0,0.0,0.0,0.0,0.0,0.03571428571428571,0.0,0.0,0.0,0.0,0.0,0.0,0.008695652173913044,0.0,0.0,0.0,0.0,0.0,0.0,0.0,0.0,0.0,0.0,0.0,0.0,0.0,0.0,0.0,0.0,0.15789473684210525,0.08,0.13333333333333333,0.034482758620689655,0.0,0.0,0.0,0.0,0.0,0.02040816326530612,0.0,0.0,0.0,0.0,0.0,0.0,0.0,0.0,0.0,0.0,0.0,0.0,0.0,0.0,0.0,0.0,0.0,0.0,0.0,0.0,0.0,0.0,0.0,0.0,0.0,0.0,0.015625,0.0,0.0,0.0392156862745098,0.0,0.02631578947368421,0.0,0.0,0.0,0.0,0.0,0.0,0.0,0.0,0.0,0.0,0.0,0.0,0.125,0.0,0.0,0.0,0.0,0.0,0.0,0.0,0.0,0.0,0.0,0.0,0.0,0.0,0.0,0.0,0.0,0.0,0.0,0.0,0.0,0.0,0.0,0.0,0.0,0.0,0.0196078431372549,0.0,0.0,0.0,0.0,0.0,0.0,0.0,0.0,0.0,0.0,0.0,0.0,0.0,0.0,0.0,0.0,0.0,0.0,0.0,0.0,0.0,0.0,0.0,0.0,0.0,0.0,0.0,0.0,0.0,0.0
1880531, manX, G->T, noncoding,2.57234,0.01277,120,-1.0,0.923077,116,0.9,0.545455,PASS,0.0,0.012048192771084338,0.0,0.024390243902439025,0.0,0.0,0.0,0.0,0.0,0.0,0.0,0.0,0.0,0.02040816326530612,0.0,0.0,0.015151515151515152,0.0,0.0,0.0,0.0,0.0,0.0,0.0,0.0,0.0,0.0,0.0,0.0,0.0,0.0,0.0,0.0,0.0,0.0,0.0,0.0,0.0,0.0,0.0,0.0,0.0,0.0,0.0,0.0,0.0,0.0,0.0,0.0,0.0,0.0,0.0,0.0,0.0,0.0,0.0,0.0,0.0,0.0,0.0,0.0,0.0,0.03636363636363636,0.028169014084507043,0.031746031746031744,0.10294117647058823,0.02857142857142857,0.012195121951219513,0.0,0.0,0.0,0.0,0.0,0.0,0.0,0.0,0.0,0.0,0.0,0.0,0.0,0.0,0.125,0.0,0.0,0.0,0.0,,0.0,0.0,0.0,0.0,0.0,0.0,0.0,0.0,0.0,0.0,0.0,0.0,0.0,0.0,0.0,0.0,0.0,0.0,0.0,0.0,0.0,0.0,0.0,0.0,0.0,0.0,0.0,0.0,0.0,0.0,0.0,0.0,0.016129032258064516,0.0,0.0,0.0,0.0,0.0,0.0,0.0,0.0,0.0,0.0,0.0,0.0,0.0,0.0,0.0,0.0,0.0,0.0,0.0,0.0,0.0,0.0
1882815, manZ, G->A, synonymous,2.8099,9.999e-05,120,-1.0,0.0652174,118,0.9,0.0409556,PASS,0.0,0.0,0.0,0.0,0.0,0.0,0.0,0.0,0.0,0.0,0.0,0.0,0.0,0.0,0.0,0.0,0.01818181818181818,0.01639344262295082,0.0,0.0,0.0,0.0,0.0,0.0,0.0,0.01282051282051282,0.0,0.0,0.0,0.0,0.0,0.0,0.0,0.0,0.0,0.0,0.0,0.0,0.0,0.0,0.0,0.024691358024691357,0.0,0.022222222222222223,0.0,0.0,0.0,0.0,0.0,0.0,0.0,0.0,0.0,0.14925373134328357,0.31958762886597936,0.2976190476190476,0.6666666666666666,0.6440677966101694,0.7534246575342466,0.8125,0.6288659793814433,0.4177215189873418,0.25,0.10227272727272728,0.1375,0.08064516129032258,0.16216216216216217,0.08695652173913043,0.07920792079207921,0.06578947368421052,0.0,0.0,0.0,0.0,0.0,0.0,0.0,0.0,0.0,0.0,0.0,0.0,0.0,0.0,0.0,0.0,0.0,0.0,0.0,0.0,0.0,0.0,0.06666666666666667,0.0,0.0,0.0,0.0,0.0,0.0,0.0,0.0,0.0,0.0,0.0,0.0,0.0,0.0,0.0,0.012195121951219513,0.0,0.0,0.0,0.0,0.0,0.00819672131147541,0.0,0.0,0.0,0.0,0.0,0.0,0.0,0.0,0.0,0.0,0.0,0.0,0.0,0.0,0.0,0.0,0.0,0.0,0.0,0.0,0.0,0.0,0.0,0.0,0.0,0.0,0.00823045267489712,0.0
1922339, znuB, G->A, missense,5.04237,0.00039996,120,-1.0,0.545455,119,0.9,0.857143,PASS,0.0,0.0,0.0,0.0,0.0,0.0,0.0,0.02564102564102564,0.0,0.0,0.0,0.0,0.0,0.0,0.0,0.0,0.0,0.0,0.0,0.0,0.0,0.0,0.0,0.0,0.0,0.0,0.0,0.0,0.0,0.0,0.0,0.0,0.0,0.0,0.0,0.0,0.0,0.0,0.0,0.0,0.0,0.0,0.0,0.9649122807017544,0.8194444444444444,0.19117647058823528,0.0847457627118644,0.017857142857142856,0.05454545454545454,0.0,0.0,0.0,0.013157894736842105,0.0,0.0,0.0,0.0,0.0,0.0,0.0,0.0,0.0,0.0,0.0,0.0,0.0,0.0,0.0,0.0,0.0,0.0,0.0,0.0,0.0,0.0,0.0,0.0,0.0,0.0,0.0,0.0,0.0,0.0,0.0,0.0,0.0,0.0,0.0,0.0,0.0,0.0,0.0,0.0,0.0,0.0,0.0,0.0,0.0,0.0,0.0,0.0,0.0,0.0,0.0,0.0,0.0,0.0,0.0,0.0,0.0,0.0,0.0,0.0,0.0,0.0,0.0,0.0,0.0,0.0,0.0,0.0,0.0,0.0,0.0,0.0,0.0,0.0,0.0,0.0,0.0,0.0,0.0,0.0,0.0,0.0,0.0,0.0,0.0,0.0,0.0,0.0,0.0,0.0
1947870, cheR, G->A, synonymous,2.69589,9.999e-05,120,-1.0,0.196721,116,0.9,0.0415225,PASS,0.0,0.0,0.0,0.0,0.0,0.0,0.0,0.0,0.0,0.0,0.0,0.0,0.0,0.0,0.0,0.0,0.0,0.0,0.0,0.0,0.0,0.0,0.0,0.0,0.0,0.0,0.0,0.014084507042253521,0.0,0.0,0.0,0.0,0.0,0.0,0.0,0.0,0.0,0.0,0.0,0.0,0.0,0.0,0.0,0.0,0.0,0.0,0.0,0.0,0.0,0.0,0.0,0.014705882352941176,0.0,0.0,0.0,0.0,0.0,0.0,0.0,0.0,0.0,0.0,0.0,0.0,0.0,0.0,0.0,0.0,0.0,0.0,0.0,0.0,0.0,0.0,0.0,0.0,0.0,0.013157894736842105,0.0,0.0,0.0,0.0,0.0,0.0,0.0,0.0,0.0,0.0,0.0,0.0,0.0,0.0,0.0,0.0,0.0,0.0,0.0,0.0,0.0,0.0,0.0,0.0,0.0,0.0,0.0,0.0,0.0,0.03125,0.6933333333333334,0.75,0.8793103448275862,0.9882352941176471,1.0,1.0,1.0,1.0,1.0,1.0,1.0,1.0,1.0,0.0,0.0,0.0,0.0,0.0,0.0,0.0,0.0,0.0,0.0,0.0,0.0,0.0,0.0,0.0,0.0,0.0,0.0,0.0,0.0,0.0,0.0
2054924, cpsG, G->A, synonymous,2.29349,0.00159984,32,-1.99208,0.00896191,84,0.9,0.705882,PASS,0.0,0.0,0.0,0.0,0.0,0.0,0.0,0.0,0.0,0.0,0.0,0.0,0.0,0.0125,0.0,0.0,0.0,0.0,0.0,0.0,0.0,0.0,0.0,0.0,0.0,0.0,0.0,0.0,0.06,0.08888888888888889,0.07407407407407407,0.13043478260869565,0.8666666666666667,0.7307692307692307,0.5714285714285714,0.8,0.9166666666666666,1.0,1.0,1.0,1.0,1.0,1.0,1.0,1.0,1.0,1.0,1.0,1.0,1.0,1.0,1.0,1.0,1.0,1.0,1.0,1.0,1.0,1.0,1.0,1.0,1.0,1.0,1.0,1.0,1.0,1.0,1.0,1.0,1.0,1.0,1.0,1.0,1.0,1.0,1.0,1.0,1.0,1.0,1.0,0.8888888888888888,1.0,1.0,,,,1.0,,,,1.0,1.0,1.0,1.0,1.0,1.0,1.0,1.0,1.0,1.0,,1.0,1.0,1.0,1.0,1.0,1.0,1.0,1.0,1.0,1.0,1.0,1.0,1.0,1.0,1.0,1.0,,1.0,1.0,1.0,0.0,0.0,0.0,0.0,0.0,0.0,0.0,0.0,0.0,0.0,0.0,0.0,,0.0,0.0,0.5,,,,,0.0,1.0
2054942, cpsG, T->G, missense,1.13857,9.999e-05,32,-1.45756,0.012685,98,0.9,0.75,PASS,0.0,0.0,0.0,0.0,0.025,0.0,0.0,0.0,0.0,0.0,0.0,0.0,0.0,0.013333333333333334,0.0,0.0,0.0,0.0,0.0,0.0,0.0,0.0,0.0,0.0,0.0,0.0,0.0,0.0,0.06382978723404255,0.14,0.10714285714285714,0.17777777777777778,0.9130434782608695,0.7931034482758621,0.5789473684210527,0.8888888888888888,0.9354838709677419,1.0,1.0,1.0,1.0,1.0,1.0,1.0,1.0,1.0,1.0,1.0,1.0,1.0,1.0,1.0,1.0,1.0,1.0,1.0,1.0,1.0,1.0,1.0,1.0,1.0,1.0,0.9642857142857143,1.0,1.0,1.0,1.0,1.0,1.0,1.0,1.0,1.0,1.0,1.0,1.0,1.0,1.0,1.0,1.0,0.9230769230769231,1.0,1.0,1.0,,,1.0,1.0,,,1.0,1.0,1.0,1.0,1.0,1.0,1.0,1.0,1.0,1.0,,1.0,1.0,1.0,1.0,1.0,1.0,1.0,1.0,1.0,1.0,1.0,1.0,1.0,1.0,1.0,1.0,1.0,1.0,1.0,1.0,0.0,0.0,0.0,0.0,0.0,0.0,0.0,0.0,0.0,0.0,0.0,0.0,1.0,0.0,0.9166666666666666,1.0,1.0,1.0,,,,1.0
2083840, yegI, MOB_2083840_2083842_IS150_1, sv,3.70546,9.999e-05,120,-1.0,0.413793,119,0.9,0.0810811,PASS,0.0,0.0,0.0,0.0,0.0,0.0,0.0,0.0,0.0,0.0,0.0,0.0,0.0,0.0,0.0,0.0,0.0,0.0,0.0,0.0,0.0,0.0,0.0,0.0,0.0,0.0,0.0,0.0,0.0,0.0,0.0,0.0,0.0,0.0,0.0,0.0,0.0,0.0,0.0,0.0,0.0,0.0,0.0,0.0,0.0,0.0,0.0,0.0,0.0,0.0,0.0,0.0,0.0,0.0,0.0,0.0,0.0,0.0,0.0,0.0,0.0,0.0,0.0,0.0,0.0,0.0,0.0,0.0,0.0,0.0,0.0,0.0,0.0,0.0,0.0,0.0,0.0,0.0,0.0,0.0,0.0,0.0,0.0,0.0,0.0,0.0,0.0,0.0,0.0,0.0,0.0,0.0,0.0,0.03125,0.08333333333333333,0.0975609756097561,0.2653061224489796,0.14285714285714285,0.06451612903225806,0.0,0.0,0.15454545454545454,0.125,0.0,0.014492753623188406,0.06666666666666667,0.0,0.0,0.0,0.0,0.0,0.0,0.0,0.0,0.0,0.0,0.0,0.0,0.0,0.0,0.0,0.0,0.0,0.0,0.0,0.0,0.0,0.0,0.0,0.0,0.0,0.0,0.0,0.0,0.0,0.0,0.0,0.0,0.0,0.0,0.0,0.0,0.0
2093027, yegO, MOB_2093027_2093029_IS150_1, sv,2.71928,0.00109989,120,-1.0,0.387097,118,0.9,0.545455,PASS,0.0,0.0,0.0,0.0,0.0,0.0,0.0,0.0,0.0,0.0,0.0,0.0,0.0,0.0,0.0,0.0,0.0,0.0,0.0,0.0,0.0,0.0,0.0,0.0,0.0,0.0,0.0,0.0,0.0,0.0,0.0,0.0,0.0,0.0,0.0,0.0,0.0,0.0,0.0,0.0,0.0,0.0,0.0,0.0,0.0,0.0,0.0,0.0,0.0,0.0,0.0,0.007664410646387833,0.0,0.0,0.0,0.0,0.0,0.0,0.0,0.0,0.06552213991769547,0.027007681940700804,0.1131735588972431,0.023680504991192015,0.036803076923076924,0.010351966873706004,0.015444015444015444,0.04352084775086506,0.005110294117647058,0.007782101167315175,0.0,0.0,0.0,0.01644736842105263,0.0,0.0,0.0,0.0,0.0,0.0,0.0,0.0,0.0,0.0,0.0,0.0,0.0,,0.0,0.0,0.0,0.0,0.0,0.0,0.0,0.0,0.0,0.0,0.0,0.0,0.0,0.0,0.0,0.0,0.0,0.0,0.0,0.0,0.0,0.0,0.0,0.0,0.0,0.0,0.0,0.0,0.0,0.0,0.0,0.0,0.0,0.0,0.0,0.0,0.0,0.0,0.0,0.0,0.0,0.0,0.0,0.0,0.0,0.0,0.0,0.0,0.0,0.0,0.0,0.0,0.0,0.0,0.0
2100307, intergenic, junction_2100307_-1_2122454_1, sv,1.4608,0.00569943,32,-1.08343,9.999e-05,109,0.9,0.521739,PASS,0.0,0.0,0.0,0.023752969121140142,0.0,0.005035246727089627,0.004008016032064128,0.012012012012012012,0.0,0.012381345439537762,0.0,0.0,0.008058017727639002,0.0043782837127845885,0.0,0.010097610232245034,0.015416238437821172,0.005889281507656065,0.004547521600727604,0.004906771344455348,0.007598784194528876,0.024441340782122907,0.02824858757062147,0.02733734281027884,0.009074410163339383,0.02034587995930824,0.019550342130987292,0.01748251748251748,0.027906976744186046,0.05052206130010105,0.11382113821138211,0.31671554252199413,0.8811475409836066,0.7262996941896024,0.5790838375108038,0.6823027718550108,0.9747292418772563,1.0,1.0,1.0,1.0,1.0,1.0,1.0,1.0,1.0,1.0,1.0,1.0,0.9882005899705015,1.0,1.0,1.0,1.0,1.0,1.0,1.0,1.0,1.0,1.0,1.0,1.0,0.9801488833746899,0.9878048780487805,1.0,1.0,1.0,1.0,1.0,1.0,1.0,1.0,1.0,1.0,1.0,1.0,1.0,1.0,1.0,1.0,1.0,0.9926470588235294,1.0,1.0,1.0,1.0,1.0,,1.0,1.0,1.0,1.0,1.0,1.0,1.0,1.0,1.0,1.0,1.0,1.0,1.0,1.0,1.0,1.0,1.0,1.0,1.0,1.0,1.0,1.0,1.0,1.0,1.0,0.991304347826087,1.0,1.0,1.0,1.0,1.0,1.0,1.0,0.0,0.007215007215007215,0.0,0.00819672131147541,0.0,0.0,0.0,0.0,0.0,0.0,0.0,0.0,0.0,0.0,0.9848484848484849,1.0,1.0,1.0,1.0,1.0,1.0,1.0
2103887, ECB_01992, indel;+35;+CAGCCAGC;+31;+59;+15;+23;+19;+39;+11;+51;+27;+CAGC;-4;+7;+63;+CAGCCAGCCAGC;+43;+55, indel,0.82458,9.999e-05,29,-5.829,0.00272665,31,0.9,0.292683,PASS,0.04385964912280702,0.0,0.1863354037267081,0.25742574257425743,0.5794947994056464,0.9497206703910615,0.6470588235294118,0.4046242774566474,0.7,0.6317044100119189,0.85,0.9135802469135802,1.0,0.9864864864864865,0.9852941176470589,1.0,0.9425287356321839,0.9866666666666667,1.0,1.0,0.9859154929577465,1.0,1.0,1.0,1.0,0.9818181818181818,0.9866666666666667,1.0,0.9865470852017937,1.0,1.0,1.0,1.0,1.0,1.0,0.8461538461538461,,,,,,,,,,,,,,,,,,1.0,,,,,,,,,,,,,,,,,,,,,,,,,,,,,,,,,,,,,,,,,,,,,,,,,,,,,,,,,,,,,0.0,,,,,,,0.015151515151515152,0.0,0.0,0.0,0.09578544061302681,0.0,0.07281553398058252,1.0,1.0,1.0,1.0,0.991869918699187,1.0,1.0,0.0,,0.0,,,,,0.0
2129537, intergenic, junction_2129537_-1_IS1_end, sv,1.42405,9.999e-05,120,-1.0,0.705882,117,0.9,0.631579,PASS,0.0,0.0,0.0,0.0,0.0,0.0,0.0,0.0,0.0,0.0,0.0,0.0,0.0,0.0,0.0,0.0,0.0,0.0,0.0,0.0,0.0,0.0,0.0,0.0,0.0,0.0,0.0,0.0,0.0,0.0,0.0,0.0,0.0,0.0,0.0,0.0,0.0,0.0,0.0,0.0,0.0,0.0,0.0,0.0,0.0,0.0,0.0,0.0,0.0,0.0,0.0,0.0,0.0,0.0,0.0,0.0,0.0,0.0,0.0,0.0,0.0,0.0,0.0,0.0,0.0,0.0,0.0,0.0,0.15942028985507245,0.01639344262295082,0.4,0.64,0.7083333333333334,0.64,0.4666666666666667,0.8333333333333334,0.8,0.85,0.8333333333333334,0.9259259259259259,0.8333333333333334,0.9811320754716981,1.0,1.0,1.0,1.0,1.0,1.0,1.0,1.0,1.0,1.0,1.0,1.0,1.0,1.0,1.0,0.9230769230769231,1.0,1.0,1.0,1.0,1.0,1.0,1.0,1.0,1.0,1.0,1.0,1.0,1.0,1.0,1.0,1.0,1.0,1.0,1.0,1.0,1.0,1.0,1.0,0.0,0.0,0.0,0.0,0.0,0.0,0.0,0.0,0.0,0.0,0.0,0.0,0.0,0.0,0.0,0.0,0.0,0.0,0.9777777777777777,1.0,1.0,1.0
2165163, yehU, A->C, missense,2.84122,0.00869913,120,-1.0,0.255319,119,0.9,0.666667,PASS,0.0,0.0,0.0,0.0,0.0,0.0,0.0,0.0,0.0,0.0,0.0,0.0,0.0,0.0,0.02666666666666667,0.0,0.0,0.0,0.0,0.0,0.0,0.0,0.0,0.0,0.0,0.0,0.0,0.02702702702702703,0.0,0.0,0.0,0.0,0.0,0.0,0.0,0.0,0.0,0.0,0.0,0.0,0.0,0.0,0.0,0.0,0.0,0.0,0.0,0.0,0.0,0.0,0.0,0.0,0.0,0.0,0.0,0.0,0.0,0.0,0.0,0.0,0.0,0.0,0.0,0.0,0.0,0.0,0.0,0.0,0.0,0.0,0.0,0.0,0.0,0.0,0.0,0.0,0.0,0.0,0.0,0.0,0.0,0.0,0.0,0.0,0.0,0.0,0.0,,0.0,0.0,0.0,0.0,0.0,0.0,0.0,0.0,0.0,0.0,0.0,0.0,0.0,0.0,0.0,0.0,0.016260162601626018,0.0,0.016,0.12087912087912088,0.06930693069306931,0.0,0.028985507246376812,0.0,0.0125,0.0,0.0,0.0,0.0,0.0,0.0,0.0,0.0,0.0,0.0,0.0,0.0,0.0,0.0,0.0,0.0,0.0,0.0,0.0,0.0,0.0,0.0,0.0,0.007936507936507936,0.0,0.0,0.0,0.0,0.0,0.0
2165207, yehU, G->A, missense,2.60867,0.00029997,120,-1.0,0.272727,119,0.9,0.631579,PASS,0.0,0.011111111111111112,0.0,0.0,0.0,0.0,0.0,0.0,0.03125,0.0,0.0,0.0,0.0,0.022988505747126436,0.0,0.0,0.0,0.0,0.0,0.0,0.0,0.0,0.0,0.0,0.0,0.0,0.0,0.0,0.0,0.0,0.0,0.0,0.0,0.0,0.0,0.0,0.0,0.0,0.0,0.0,0.0,0.0,0.0,0.0,0.0,0.0,0.0,0.014705882352941176,0.0,0.0,0.0,0.020202020202020204,0.012658227848101266,0.0,0.009708737864077669,0.0,0.0,0.0,0.0,0.0,0.0,0.011627906976744186,0.0,0.0,0.0,0.0,0.0,0.0,0.0,0.0,0.0,0.0,0.05555555555555555,0.0,0.0,0.0,0.0,0.045454545454545456,0.0,0.0,0.0,0.0,0.0,0.0,0.0,0.0,0.0,,0.0,0.0,0.0,0.0,0.0,0.0,0.0,0.0,0.0,0.0,0.0,0.0,0.0,0.0,0.0,0.0,0.0,0.0,0.014814814814814815,0.0,0.0,0.03278688524590164,0.0125,0.02127659574468085,0.08433734939759036,0.12037037037037036,0.14563106796116504,0.46153846153846156,0.13043478260869565,0.0,0.04854368932038835,0.1125,0.07142857142857142,0.0,0.0,0.0,0.0,0.0,0.0,0.0,0.0,0.0,0.0,0.0,0.0,0.0,0.0,0.0,0.0,0.0,0.0,0.0,0.0,0.0,0.0
2191376, mglB, G->A, nonsense,2.53238,0.00619938,120,-1.0,0.705882,120,0.9,0.857143,PASS,0.0,0.0,0.0,0.0,0.0,0.0,0.0,0.0,0.0,0.0,0.0,0.0,0.009259259259259259,0.0,0.009009009009009009,0.0072992700729927005,0.0,0.0,0.0,0.0,0.0,0.0,0.0,0.0,0.010638297872340425,0.06382978723404255,0.13636363636363635,0.008264462809917356,0.08870967741935484,0.040983606557377046,0.07692307692307693,0.03488372093023256,0.0,0.0,0.0,0.0,0.0,0.0,0.0,0.0,0.0,0.0,0.0,0.0,0.0,0.0,0.0,0.0,0.0,0.0,0.0,0.0,0.0,0.0,0.0,0.0,0.0,0.013888888888888888,0.011235955056179775,0.0,0.0,0.0,0.0,0.0,0.0,0.012987012987012988,0.0,0.0,0.0,0.0,0.0,0.0,0.0,0.0,0.0,0.0,0.0,0.0,0.0,0.0,0.0,0.0,0.0,0.0,0.0,0.0,0.0,0.0,0.0,0.0,0.0,0.0,0.0,0.0,0.0,0.0,0.0,0.0,0.0,0.0,0.0,0.0,0.0,0.0,0.0,0.0,0.0,0.0,0.0,0.0,0.0,0.0,0.012195121951219513,0.0,0.0,0.0,0.0,0.0,0.0,0.0,0.0,0.0,0.0,0.0,0.0,0.0,0.0,0.0,0.0,0.0,0.0,0.0,0.0,0.0,0.0,0.0,0.0,0.0,0.0,0.0,0.0,0.0,0.0
2221009, intergenic, junction_2221009_1_IS1_end, sv,9.84652,9.999e-05,120,-1.0,0.387097,116,0.9,0.571429,PASS,0.0,0.0,0.0,0.0,0.0,0.0,0.0,0.0,0.0,0.0,0.0,0.0,0.0,0.0,0.0,0.0,0.0,0.0,0.0,0.0,0.0,0.0,0.0,0.0,0.0,0.0,0.0,0.0,0.0,0.0,0.0,0.0,0.0,0.0,0.0,0.0,0.0,0.0,0.0,0.0,0.0,0.0,0.0,0.0,0.0,0.0,0.0,0.0,0.0,0.0,0.0,0.0,0.0,0.0,0.0,0.0,0.0,0.0,0.0,0.0,0.0,0.0,0.0,0.0,0.0,0.0,0.0,0.0,0.0,0.0,0.0,0.0,0.0,0.0,0.0,0.0,0.0,0.0,0.0,0.0,0.0,0.0,0.0,0.0,0.0,,0.0,0.0,0.0,0.6,0.625,0.4444444444444444,0.3333333333333333,0.0,0.10714285714285714,0.0,0.03125,0.0,0.08333333333333333,0.0,0.0,0.0,0.0,0.0,0.0,0.0,0.0,0.0,0.0,0.0,0.0,0.0,0.0,0.0,0.0,0.0,0.0,0.0,0.0,0.0,0.0,0.0,0.0,0.0,0.0,0.0,0.0,0.0,0.0,0.0,0.0,0.0,0.0,0.0,0.0,0.0,0.0,0.0,0.0,0.0,0.0,0.0,0.0
2256953, mqo, T->C, noncoding,0.976004,9.999e-05,116,-1.0,0.352941,99,0.9,0.4,PASS,0.0,0.0,0.0,0.0,0.0,0.0,0.0,0.0,0.0,0.0,0.0,0.0,0.0,0.0,0.0,0.0,0.0,0.0,0.0,0.0,0.0,0.0,0.0,0.0,0.0,0.0,0.0,0.0,0.0,0.0,0.0,0.0,0.0,0.0,0.0,0.0,0.0,0.0,0.0,0.0,0.0,0.0,0.0,0.0,0.08333333333333333,0.47368421052631576,0.5833333333333334,0.8,0.6666666666666666,0.8409090909090909,1.0,0.9777777777777777,1.0,1.0,1.0,1.0,1.0,1.0,1.0,1.0,1.0,1.0,1.0,1.0,1.0,1.0,1.0,1.0,1.0,1.0,1.0,1.0,1.0,1.0,1.0,1.0,1.0,1.0,1.0,1.0,0.9838709677419355,1.0,1.0,1.0,1.0,1.0,1.0,1.0,,1.0,1.0,1.0,,1.0,1.0,1.0,1.0,1.0,1.0,1.0,1.0,1.0,1.0,1.0,1.0,,1.0,1.0,1.0,1.0,1.0,1.0,1.0,1.0,1.0,1.0,1.0,1.0,1.0,1.0,1.0,0.0,0.0,0.0,0.0,0.0,0.0,0.0,0.0,0.0,0.0,0.0,0.0,0.0,0.0,0.0,0.0,1.0,1.0,1.0,1.0,0.9579439252336449,0.9791666666666666
2267488, atoS, G->A, missense,4.01261,0.00189981,120,-1.0,0.25,120,0.9,0.173913,PASS,0.0,0.0,0.0,0.0,0.0,0.0,0.0,0.0,0.0,0.0,0.0,0.0,0.0,0.0,0.0,0.0,0.0,0.0,0.0,0.0,0.0,0.0,0.0,0.0,0.0,0.0,0.0,0.0,0.0,0.0,0.0,0.0,0.0,0.0,0.0,0.0,0.0,0.0,0.0,0.01098901098901099,0.0,0.0,0.0,0.0,0.0,0.0,0.0,0.0,0.0,0.0,0.0,0.0,0.0,0.0,0.0,0.0,0.0,0.0,0.0,0.0,0.0,0.0,0.0,0.0,0.0,0.0,0.0,0.0,0.0,0.0,0.0,0.0,0.0,0.0,0.0,0.0,0.0,0.0,0.0,0.0,0.0,0.0,0.0,0.0,0.0,0.0,0.0,0.0,0.0,0.0,0.0,0.0,0.0,0.0,0.0,0.0,0.0,0.0,0.0,0.0,0.0,0.0,0.0,0.0,0.0,0.0,0.0,0.0,0.0,0.0,0.009259259259259259,0.09523809523809523,0.273972602739726,0.15702479338842976,0.058394160583941604,0.14285714285714285,0.05504587155963303,0.0,0.0,0.0,0.0,0.0,0.0,0.0,0.0,0.0,0.0,0.0,0.0,0.0,0.0,0.0,0.0,0.0,0.0,0.0,0.0,0.0,0.0,0.0,0.0,0.0,0.0
2267536, atoS, A->C, missense,2.56745,9.999e-05,120,-1.0,0.144578,119,0.9,0.104348,PASS,0.0,0.006802721088435374,0.0,0.0,0.009345794392523364,0.0,0.0,0.0,0.0,0.0,0.0,0.0,0.0,0.0,0.009708737864077669,0.0,0.0,0.0,0.0,0.0,0.0,0.0,0.0,0.0,0.0,0.0078125,0.015151515151515152,0.0,0.0072992700729927005,0.0,0.0,0.0,0.0,0.0,0.0,0.0,0.0,0.0,0.0,0.0,0.0,0.0,0.0,0.0,0.0,0.0,0.0,0.0,0.0,0.0,0.0,0.0,0.0,0.0,0.0,0.0,0.0,0.0,0.0,0.0,0.0,0.0,0.0,0.006944444444444444,0.0,0.0,0.0,0.0,0.00641025641025641,0.0,0.0,0.0,0.0,0.0,0.0,0.0,0.0,0.0,0.0,0.0,0.0,0.0,0.0,0.0,0.0,0.0,0.0,0.0,0.0,0.0,0.0,0.0,0.0,0.0,0.0,0.0,0.020833333333333332,0.0,0.037037037037037035,0.0,0.0,0.13095238095238096,0.4264705882352941,0.08695652173913043,0.22727272727272727,0.2,0.3446327683615819,0.2818181818181818,0.2358490566037736,0.06153846153846154,0.09803921568627451,0.008,0.0,0.0,0.0,0.0,0.0,0.0,0.0,0.0,0.0,0.0,0.0,0.0,0.0,0.0,0.0,0.0,0.0,0.0,0.0,0.0,0.0,0.0,0.0,0.0,0.0,0.0,0.0,0.0,0.0,0.0,0.0
2268951, atoC, T->G, missense,1.42589,0.00229977,120,-1.0,0.75,118,0.9,0.923077,PASS,0.0,0.0,0.0,0.0,0.013157894736842105,0.025423728813559324,0.0,0.0,0.0,0.0,0.0,0.0,0.0,0.0,0.0,0.0,0.0,0.0,0.0,0.0,0.0,0.0,0.0,0.0,0.0,0.0,0.0,0.0,0.009523809523809525,0.010638297872340425,0.0,0.0,0.0,0.0,0.0,0.0,0.0,0.0,0.0,0.03508771929824561,0.0,0.0,0.0,0.0,0.0,0.0,0.015151515151515152,0.015625,0.018518518518518517,0.031746031746031744,0.11666666666666667,0.010309278350515464,0.0,0.0196078431372549,0.0,0.03571428571428571,0.0,0.0,0.018518518518518517,0.0,0.0,0.034482758620689655,0.01818181818181818,0.0,0.031746031746031744,0.013157894736842105,0.027777777777777776,0.06329113924050633,0.0,0.06578947368421052,0.0,0.1111111111111111,0.02857142857142857,0.17391304347826086,0.1568627450980392,0.17073170731707318,0.0,0.14634146341463414,0.07894736842105263,0.06521739130434782,0.04878048780487805,0.125,0.0,0.15384615384615385,0.0,0.0,0.125,,0.0,0.0,0.07142857142857142,0.07692307692307693,0.0,0.0,0.0,0.1111111111111111,0.11940298507462686,0.10526315789473684,0.2222222222222222,0.0,0.0,0.0,0.0,0.0,0.0,0.0,0.0,0.0,0.0,0.0,0.0,0.0,0.03225806451612903,0.031578947368421054,0.07766990291262135,0.36363636363636365,0.06329113924050633,0.0,0.05660377358490566,0.025974025974025976,0.0,0.0,0.0,0.0,0.0,0.0,0.0,0.0,0.0,0.0,0.0,0.0,0.0,0.0,0.0,0.0,0.0,0.9811320754716981,0.0,0.0,0.0,0.0,0.0
2289914, yfaL, A->G, missense,5.25403,0.00059994,120,-1.0,0.5,120,0.9,0.666667,PASS,0.0,0.0,0.0,0.0,0.0,0.0,0.0,0.0,0.0,0.0,0.0,0.0,0.0,0.0,0.0,0.0,0.0,0.0,0.0,0.0,0.02127659574468085,0.0,0.041666666666666664,0.1414141414141414,0.16666666666666666,0.0,0.0,0.0,0.0,0.0,0.0,0.0,0.0,0.0,0.0,0.0,0.0,0.0,0.0,0.0,0.0,0.0,0.0,0.0,0.0,0.0,0.0,0.0,0.0,0.0,0.0,0.0,0.0,0.0,0.0,0.0,0.0,0.0,0.0,0.0,0.0,0.0,0.0,0.0,0.0,0.0,0.0,0.0,0.005917159763313609,0.0,0.0,0.0,0.0,0.0,0.0,0.0,0.0,0.0,0.0,0.0,0.0,0.0,0.0,0.0,0.0,0.0,0.0,0.0,0.0,0.0,0.0,0.0,0.0,0.0,0.0,0.0,0.0,0.0,0.0,0.0,0.0,0.0,0.0,0.0,0.0,0.0,0.0,0.0,0.0,0.0,0.0,0.0,0.0,0.0,0.0,0.0,0.0,0.0,0.0,0.0,0.0,0.0,0.0,0.0,0.0,0.0,0.0,0.0,0.0,0.0,0.0,0.0,0.0,0.0,0.0,0.0,0.0,0.0,0.0,0.0,0.0,0.0,0.0
2322340, menC, MOB_2322340_2322346_IS186_-1, sv,2.31158,9.999e-05,120,-1.0,0.545455,117,0.9,0.292683,PASS,0.0,0.0,0.0,0.0,0.0,0.006086427267194157,0.0,0.0,0.004399472063352398,0.0,0.011587485515643106,0.006211180124223602,0.00665335994677312,0.010085728693898134,0.0,0.006666666666666667,0.0,0.009009009009009009,0.006480881399870382,0.0,0.009965122072745391,0.0,0.0,0.0,0.0,0.0,0.0,0.011299435028248588,0.0,0.0189873417721519,0.0,0.0,0.0,0.0,0.0,0.0,0.0,0.0,0.0,0.0,0.0,0.0,0.0,0.010235414534288638,0.0,0.0,0.0,0.0,0.0,0.0,0.008873114463176575,0.007955449482895784,0.0,0.013642564802182811,0.0,0.0,0.0,0.0,0.0,0.0,0.01,0.008928571428571428,0.11183597390493942,0.20876826722338207,0.3548387096774194,0.453781512605042,0.3691045796308954,0.4114134041141341,0.1493550577053632,0.17692307692307693,0.029673590504451036,0.27058823529411763,0.23183925811437403,0.2336448598130841,0.221483942414175,0.13048635824436536,0.09615384615384616,0.07670182166826463,0.0461361014994233,0.030007501875468863,0.030832476875642344,0.0,0.0,0.0,0.0,0.0,0.038461538461538464,,0.0,0.0,0.0,0.0,0.0,0.0,0.0,0.0,0.008718395815170008,0.0,0.0,0.16260162601626016,0.0,0.009871668311944718,0.0,0.07874015748031496,0.03125,0.03571428571428571,0.035650623885918,0.014214641080312724,0.007616146230007615,0.030612244897959183,0.007390983000739097,0.0,0.011363636363636364,0.0,0.0,0.0,0.0,0.21739130434782608,0.04932735426008968,0.08884501480750247,0.019860973187686197,0.0,0.0,0.0,0.0,0.0,0.0,0.0,0.0,0.0,0.0,0.0,0.0,0.0,0.0,0.0,0.0,0.0,0.0,0.0,0.0,0.0009711566475672526,0.0
2322340, menC, MOB_2322340_2322345_IS186_1, sv,2.63702,9.999e-05,120,-1.0,0.545455,117,0.9,0.255319,PASS,0.0,0.0,0.0,0.0,0.0,0.0,0.0,0.007633587786259542,0.0,0.0,0.0,0.0,0.0,0.005,0.005555555555555556,0.006535947712418301,0.0,0.017391304347826087,0.0,0.0106951871657754,0.0,0.0,0.018691588785046728,0.0,0.0,0.0,0.012987012987012988,0.0,0.0,0.0,0.0,0.011560693641618497,0.0,0.0,0.0070921985815602835,0.0,0.0,0.0,0.005434782608695652,0.0,0.0,0.006578947368421052,0.017543859649122806,0.0,0.0,0.0,0.0,0.0,0.0,0.0,0.008695652173913044,0.015503875968992248,0.007142857142857143,0.0,0.0,0.0,0.0,0.0,0.0,0.0,0.0,0.0,0.0,0.00684931506849315,0.01910828025477707,0.008264462809917356,0.0,0.0,0.0,0.007462686567164179,0.0,0.011627906976744186,0.0,0.0,0.0,0.0,0.0,0.0,0.0,0.007407407407407408,0.0,0.01,0.0,0.0,0.0,0.0,0.038461538461538464,,0.0,0.0,0.0,0.0,0.0,0.05555555555555555,0.07894736842105263,0.15789473684210525,0.1826086956521739,0.16666666666666666,0.041666666666666664,0.23076923076923078,0.0,0.08737864077669903,0.03571428571428571,0.0,0.0,0.0,0.0,0.0070921985815602835,0.015384615384615385,0.0,0.028985507246376812,0.013245033112582781,0.0,0.027210884353741496,0.011976047904191617,0.0,0.009345794392523364,0.0,0.0,0.0,0.0,0.0,0.0,0.0,0.0,0.0,0.0,0.0,0.0,0.0,0.0,0.0,0.0,0.0,0.0,0.0,0.0,0.0,0.0,0.014705882352941176,0.0,0.0,0.0
2356587, yfbV, T->G, missense,3.51809,9.999e-05,120,-1.0,0.545455,118,0.9,0.144578,PASS,0.0,0.011494252873563218,0.0,0.0,0.0,0.0,0.0,0.0,0.0,0.0,0.0,0.0,0.0,0.0,0.01639344262295082,0.0,0.0,0.0,0.0,0.0,0.0,0.0,0.0,0.0,0.0,0.0,0.0,0.0,0.0,0.0,0.0,0.0,0.0,0.0,0.0,0.0,0.0,0.0,0.0,0.0,0.0,0.0,0.0,0.0,0.0,0.0,0.0,0.0,0.023809523809523808,0.0,0.0,0.0,0.0,0.0,0.0,0.0,0.0,0.0,0.0,0.0,0.0,0.0,0.0,0.0,0.0,0.0,0.0,0.0,0.0,0.0,0.0,0.0,0.0,0.0,0.0,0.0,0.0,0.0,0.0,0.0,0.0,0.0,0.0,0.0,0.0,0.0,0.0,0.0,0.0,0.0,0.0,0.0,0.0,0.0,0.0,0.0,0.0,0.0,0.0,0.0,,0.0,0.0,0.0,0.0,0.0,0.0,0.0,0.041666666666666664,0.041666666666666664,0.03773584905660377,0.06666666666666667,0.02040816326530612,0.25287356321839083,0.4358974358974359,0.6363636363636364,0.6923076923076923,0.25,0.8222222222222222,0.9347826086956522,0.9090909090909091,0.0,0.0,0.0,0.0,0.0,0.0,0.0,0.0,0.0,0.0,0.0,0.0,0.0,0.0,0.0,0.0,0.0,0.0,0.0,0.0,0.0,0.0
2370942, argT, C->T, missense,3.45863,0.00389961,120,-1.0,0.110092,119,0.9,0.324324,PASS,0.0,0.0,0.0,0.0,0.0,0.0,0.0,0.0,0.0,0.0,0.0,0.0,0.0,0.0,0.0,0.0,0.0,0.0,0.0,0.0,0.0,0.0,0.0,0.0,0.0,0.0,0.0,0.0,0.012195121951219513,0.008333333333333333,0.0,0.0,0.0,0.0,0.0,0.0,0.0,0.0,0.0,0.0,0.0,0.0,0.0,0.0,0.0,0.0,0.0,0.0,0.0,0.0,0.0,0.0,0.0,0.0,0.0,0.0,0.0,0.0,0.0,0.0,0.0,0.0,0.0,0.0,0.0,0.0,0.0,0.0,0.0,0.0,0.0,0.0,0.0,0.0,0.02040816326530612,0.0,0.0,0.02,0.0,0.0,0.0,0.0,0.0,0.0,0.0,0.0,0.0,0.0,0.0,0.0,0.0,0.0,0.0,0.0,0.07692307692307693,0.32,0.37142857142857144,0.0,0.0,0.0,0.0,0.075,0.20454545454545456,0.0,0.0,0.041666666666666664,0.0,0.0,0.0,0.0,0.0,0.0,0.0,0.0,0.0,0.0,0.0,0.0,0.0,0.0,0.0,0.0,0.0,0.0,0.0,0.0,0.0,0.0,0.010869565217391304,0.0,0.006578947368421052,0.0,0.0,0.0,0.0,0.0,0.0,0.0,0.0,0.0,0.0,0.0,0.0
2408485, intergenic, G->A, noncoding,2.29073,9.999e-05,120,-1.0,0.666667,108,0.9,0.153846,PASS,0.0,0.0,0.0,0.0,0.0,0.0,0.0,0.0,0.0,0.0,0.0,0.0,0.0,0.0,0.0,0.0,0.0,0.0,0.0,0.0,0.0,0.02564102564102564,0.0,0.0,0.0,0.0,0.0,0.0,0.0,0.0,0.0,0.0,0.0,0.03225806451612903,0.0,0.0,0.0,0.0,0.0,0.0,0.0,0.0,0.0,0.0,0.0,0.0,0.0,0.0,0.0,0.0,0.0,0.0,0.0,0.0,0.0,0.0,0.0,0.045454545454545456,0.0,0.0,0.03571428571428571,0.0,0.0,0.0,0.0,0.0,0.0,0.0,0.0,0.0,0.0,0.0,0.0,0.0,0.0,0.0,0.0,0.0,0.0,0.0,0.0,0.0,0.0,0.0,0.0,0.0,0.0,,0.0,0.0,,0.0,0.0,0.0,0.0,0.0,0.0,0.0,0.0,0.0,0.0,0.0,0.0,0.0,0.0,0.0,0.023255813953488372,0.047619047619047616,0.5714285714285714,0.9310344827586207,0.9117647058823529,1.0,1.0,1.0,1.0,1.0,1.0,1.0,1.0,1.0,1.0,0.0,0.0,0.0,0.0,0.0,0.0,0.0,0.0,0.0,0.0,0.0,0.0,0.0,0.0,0.0,0.0,0.0,0.0,0.0,0.0,0.0,0.0
2446991, mntH, A->G, noncoding,0.973983,9.999e-05,120,-1.0,0.631579,119,0.9,0.387097,PASS,0.0,0.0,0.0,0.0,0.0,0.0,0.0,0.0,0.0,0.0,0.0,0.0,0.0,0.0,0.0,0.0,0.0,0.0,0.0,0.0,0.0,0.0,0.0,0.25806451612903225,0.0,0.7428571428571429,0.8068181818181818,0.9795918367346939,0.8790322580645161,0.9457831325301205,0.8795180722891566,0.8873239436619719,1.0,1.0,1.0,0.9943820224719101,1.0,1.0,1.0,0.991304347826087,0.9886363636363636,0.9941520467836257,1.0,1.0,1.0,1.0,1.0,1.0,1.0,0.9931972789115646,1.0,1.0,1.0,0.9911504424778761,1.0,1.0,1.0,1.0,1.0,1.0,1.0,1.0,1.0,1.0,1.0,1.0,1.0,1.0,1.0,1.0,1.0,1.0,1.0,1.0,0.9746835443037974,1.0,1.0,1.0,0.9814814814814815,1.0,1.0,1.0,1.0,1.0,1.0,1.0,1.0,,1.0,1.0,1.0,1.0,1.0,1.0,1.0,1.0,1.0,1.0,1.0,1.0,1.0,1.0,0.9907407407407407,1.0,1.0,1.0,1.0,1.0,1.0,1.0,1.0,1.0,1.0,1.0,1.0,1.0,1.0,1.0,1.0,1.0,1.0,0.0,0.0,0.0,0.0,0.0,0.0,0.0,0.0,0.0,0.0,0.0,0.0,1.0,1.0,0.9830508474576272,1.0,1.0,1.0,1.0,1.0,0.9954545454545455,0.9958333333333333
2448493, intergenic, MOB_2448493_2448498_IS186_1, sv,1.22111,0.00029997,120,-1.0,0.428571,118,0.9,0.210526,PASS,0.0,0.0,0.0,0.011261261261261262,0.0,0.009639351403678607,0.005974115176964607,0.0,0.0,0.0,0.009323792134831461,0.003782148260211801,0.01936486748545572,0.020154504048582995,0.043832185347526614,0.004377213186813187,0.013670350034317092,0.007262164124909223,0.018363285845588235,0.0,0.008984725965858042,0.012474012474012475,0.06379179104477613,0.0,0.032896585903083704,0.0,0.0,0.02159827213822894,0.005170015576323988,0.011406815578465063,0.0,0.0,0.0,0.0,0.012682308180088777,0.007935924453280318,0.05692398753894081,0.029799360341151385,0.007858546168958742,0.021915764447695687,0.0,0.0,0.0,0.0,0.0,0.0063011972274732205,0.0,0.018013700361010833,0.008149959250203748,0.04132110344827586,0.007562270311313592,0.004940396825396825,0.015337423312883436,0.022026431718061675,0.008317202505219206,0.025665041746949262,0.0,0.019492199089134677,0.05833013355592654,0.03439015544041451,0.03423507206588882,0.014214641080312724,0.03129221613155834,0.014463543936092957,0.013218115461181157,0.02111524347212421,0.02255911664779162,0.0,0.004057217922606925,0.04026206948640484,0.05719243553008596,0.0556792873051225,0.0,0.012674271229404309,0.007679383191981496,0.0,0.04616453004622496,0.021888002926115584,0.03403348519362187,0.006480663630448927,0.010548523206751054,0.008383973063973064,0.0,0.0,0.0,0.0,0.0,0.0,0.0,0.0,0.0,0.0,0.0,0.0,0.11061277777777778,0.05141388174807198,0.11347313432835822,0.1869725,0.20020401146131805,0.44306111111111113,0.0,0.12507388193202146,0.08284694724362775,0.0,0.03208531618435156,0.1111111111111111,0.04843050505050505,0.0489218954248366,0.008795074758135443,0.0,0.0,0.0,0.0,0.018934235517568853,0.03970575170842825,0.0,0.04313248762376238,0.0,0.04787473633748802,0.0,0.03454231433506045,0.0,0.0,0.0,0.0,0.0,0.0,0.0,0.0,0.0,0.0,0.0,0.0,0.0,0.0,0.0,0.0,0.0,0.0,0.0,0.0,0.0,0.0
2459914, zipA, C->T, missense,3.17359,9.999e-05,120,-1.0,1.0,119,0.9,1.0,PASS,0.0,0.0,0.0,0.0,0.0,0.0,0.0,0.0,0.0,0.0,0.0,0.2727272727272727,0.7235772357723578,0.768,0.8,0.7642857142857142,0.7272727272727273,0.6407766990291263,0.29545454545454547,0.009708737864077669,0.0,0.0058823529411764705,0.0,0.0,0.0,0.0,0.0,0.018867924528301886,0.0,0.0,0.0,0.0,0.0,0.0,0.007936507936507936,0.0,0.0,0.0,0.0,0.0,0.0,0.006896551724137931,0.0,0.012195121951219513,0.0,0.0,0.0,0.0,0.0,0.0,0.0,0.0078125,0.0,0.011235955056179775,0.0,0.0,0.0,0.011764705882352941,0.0,0.0,0.0,0.0,0.0,0.0,0.0,0.0,0.010309278350515464,0.0,0.0,0.0,0.0,0.0,0.0,0.0,0.0,0.0,0.0,0.0,0.0,0.0,0.0,0.0,0.0,0.0,0.0,0.0,0.0,,0.0,0.0,0.0,0.0,0.0,0.0,0.0,0.0,0.024096385542168676,0.0,0.0,0.0,0.0,0.0,0.0,0.0,0.0,0.0,0.0,0.0,0.0,0.012195121951219513,0.00819672131147541,0.0,0.0,0.014814814814814815,0.0,0.0,0.0,0.0,0.01282051282051282,0.0,0.0,0.0,0.0,0.0,0.0,0.0,0.0,0.0,0.0,0.0,0.0,0.0,0.0,0.0,0.0,0.0,0.0,0.0,0.0,0.0,0.0,0.0,0.0
2520681, dapA, indel;+TT;-2;-1;+T, indel,1.53426,9.999e-05,120,-1.0,0.666667,119,0.9,0.5,PASS,0.0,0.0,0.0,0.028169014084507043,0.0,0.0,0.0,0.0,0.0,0.022727272727272728,0.03508771929824561,0.02040816326530612,0.056818181818181816,0.13559322033898305,0.04950495049504951,0.06837606837606838,0.06382978723404255,0.061946902654867256,0.112,0.0898876404494382,0.17829457364341086,0.14285714285714285,0.45098039215686275,0.11267605633802817,0.023809523809523808,0.03816793893129771,0.14285714285714285,0.025210084033613446,0.04040404040404041,0.1016949152542373,0.06451612903225806,0.0,0.0125,0.007633587786259542,0.011764705882352941,0.0,0.0,0.007692307692307693,0.02654867256637168,0.0,0.0,0.007407407407407408,0.018867924528301886,0.0,0.0,0.012048192771084338,0.0,0.060240963855421686,0.0,0.0,0.0,0.007874015748031496,0.029411764705882353,0.0,0.0,0.011494252873563218,0.0,0.0,0.0,0.0,0.012658227848101266,0.0,0.013157894736842105,0.0,0.0,0.0,0.010416666666666666,0.0,0.019417475728155338,0.031746031746031744,0.0,0.0,0.0,0.037037037037037035,0.0,0.057692307692307696,0.0,0.0,0.0,0.0,0.08450704225352113,0.012195121951219513,0.0,0.0,0.0,0.0,0.09090909090909091,0.0,0.0,0.0,0.0,0.0,0.0,0.0,0.0,0.0,0.0,0.0,0.0,0.0,0.0,0.0,0.0,0.0,0.0136986301369863,0.0,0.014184397163120567,0.01652892561983471,0.017543859649122806,0.0,0.00980392156862745,0.015503875968992248,0.0,0.0,0.0,0.0,0.008,0.0,0.025423728813559324,0.0,0.0,0.0,0.0,0.0,0.0,0.0,0.0,0.0,0.0,0.0,0.0,0.0,0.0,0.0,0.0,0.0,0.0,0.0,0.0,0.0136986301369863,0.0,0.012658227848101266,0.0
2541076, upp, MOB_2541076_2541084_IS1_-1, sv,3.79816,0.00189981,120,-1.0,0.342857,116,0.9,0.153846,PASS,0.0,0.0,0.0,0.0,0.0,0.0,0.0,0.0,0.0,0.0,0.0,0.0,0.0,0.0,0.0,0.0,0.0,0.0,0.0,0.0,0.0,0.0,0.0,0.0,0.0,0.0,0.0,0.0,0.0,0.0,0.0,0.0,0.0,0.0,0.0,0.0,0.0,0.0,0.0,0.0,0.0,0.0,0.0,0.0,0.0,0.0,0.0,0.0,0.0,0.0,0.0,0.0,0.0,0.0,0.0,0.0,0.0,0.0,0.0,0.0,0.0,0.0,0.0,0.0,0.0,0.005434782608695652,0.01282051282051282,0.03741496598639456,0.17785234899328858,0.1566265060240964,0.0,0.021739130434782608,0.0,0.005714285714285714,0.0,0.0,0.0,0.0,0.0,0.0,0.0,0.0,0.0,0.0,0.0,0.0,0.0,0.0,0.0,0.0,0.0,0.0,0.0,0.0,0.0,0.0,0.0,0.0,0.0,0.0,0.0,0.0,0.0,0.0,0.0,0.0,0.0,0.0,0.0,0.0,0.0,0.0,0.0,0.0,0.0,0.0,0.0,0.0,0.0,0.0,0.0,0.0,0.0,0.0,0.0,0.0,0.0,0.0,0.0,0.0,0.0,0.0,0.0,0.0,0.0,0.0,0.0,0.0,0.0,0.0,0.0,0.0,0.0
2545564, ppk, T->C, missense,2.88774,0.00389961,120,-1.0,0.8,120,0.9,0.8,PASS,0.0,0.0,0.0,0.0,0.0,0.0,0.0,0.0,0.0,0.0,0.0,0.015503875968992248,0.14563106796116504,0.02654867256637168,0.06,0.02112676056338028,0.0,0.0,0.0,0.0,0.0,0.0,0.0,0.0,0.0,0.0,0.0,0.0,0.0,0.0,0.0,0.0,0.0,0.007633587786259542,0.0,0.0,0.0,0.0,0.0,0.0,0.011764705882352941,0.0,0.0,0.0,0.0,0.0,0.0,0.0,0.0,0.0,0.0,0.0,0.0,0.0,0.0,0.0,0.0,0.0,0.0,0.0,0.0,0.0,0.0,0.0,0.0,0.0,0.0,0.0,0.0,0.0,0.0,0.0,0.0,0.0,0.0,0.0,0.0,0.0,0.0,0.0,0.0,0.0,0.0,0.0,0.0,0.0,0.0,,0.0,0.0,0.0,0.0,0.0,0.0,0.0,0.0,0.0,0.0,0.0,0.0,0.0,0.0,0.0,0.0,0.0,0.0,0.0,0.0,0.0,0.0,0.0,0.0,0.0,0.0,0.0,0.0,0.0,0.0,0.0,0.0,0.0,0.0,0.0,0.0,0.0,0.0,0.0,0.0,0.0,0.0,0.0,0.0,0.0,0.0,0.0,0.0,0.0,0.0,0.0,0.0,0.0,0.0,0.0
2559814, yfgM, G->T, missense,2.73114,0.0009999,120,-1.0,0.857143,118,0.9,0.4,PASS,0.0,0.0,0.03076923076923077,0.0,0.023809523809523808,0.0,0.0,0.0,0.0,0.0,0.0,0.0136986301369863,0.0,0.0,0.0,0.0,0.0,0.0,0.0,0.0,0.0,0.0,0.0,0.0,0.0,0.0,0.0,0.021739130434782608,0.0,0.0,0.0,0.0,0.0,0.0,0.0,0.0,0.013333333333333334,0.0,0.0,0.0,0.0,0.0,0.0,0.0,0.0,0.0,0.0,0.0,0.0,0.0,0.0,0.0,0.0,0.0,0.0,0.018518518518518517,0.0,0.0,0.0,0.0,0.0,0.0,0.0,0.0,0.0,0.0,0.0,0.0,0.0,0.0,0.0,0.0,0.0,0.0,0.0,0.0,0.0,0.0,0.0,0.0,0.0,0.0,0.0,0.0,0.0,0.0,0.0,,0.0,0.0,0.0,0.0,0.0,0.0,0.0,0.0,0.0,0.0,0.09090909090909091,0.0,0.0,0.2857142857142857,0.42028985507246375,0.16666666666666666,0.15625,0.0,0.41935483870967744,0.3684210526315789,0.21311475409836064,0.07692307692307693,0.07017543859649122,0.0,0.0,0.0,0.0,0.0,0.0,0.0,0.0,0.0,0.0,0.0,0.0,0.0,0.0,0.0,0.0,0.0,0.0,0.0,0.0,0.0,0.0,0.0,0.0,0.0,0.0,0.0,0.0,0.0,0.0,0.0,0.0
2567220, pbpC, T->A, missense,0.975848,9.999e-05,120,-1.0,0.705882,118,0.9,0.857143,PASS,0.0,0.012048192771084338,0.014925373134328358,0.0,0.0,0.0,0.0,0.0,0.0,0.0,0.0,0.0,0.0,0.0,0.0,0.0,0.0,0.0,0.0,0.0,0.0,0.0,0.0,0.0,0.0,0.0,0.0,0.0,0.01282051282051282,0.0,0.0,0.0,0.043478260869565216,0.10655737704918032,0.0684931506849315,0.550561797752809,0.9375,0.9651162790697675,0.9560439560439561,1.0,0.9666666666666667,1.0,1.0,1.0,1.0,1.0,1.0,1.0,0.9846153846153847,1.0,1.0,1.0,1.0,1.0,0.9871794871794872,1.0,1.0,1.0,1.0,1.0,1.0,1.0,1.0,0.9857142857142858,1.0,1.0,1.0,1.0,1.0,1.0,1.0,1.0,1.0,1.0,1.0,1.0,1.0,1.0,1.0,0.9827586206896551,1.0,1.0,1.0,1.0,1.0,1.0,1.0,1.0,1.0,1.0,1.0,1.0,1.0,1.0,1.0,1.0,1.0,1.0,0.9230769230769231,1.0,1.0,1.0,1.0,1.0,1.0,1.0,1.0,1.0,1.0,1.0,1.0,1.0,1.0,1.0,1.0,1.0,1.0,1.0,1.0,0.9827586206896551,0.9629629629629629,0.0,0.0,0.0,0.0,0.0,0.0,0.0,0.0,0.0,0.0,0.0,0.0,0.0,0.0,0.9826086956521739,1.0,1.0,1.0,1.0,1.0,1.0,0.9901960784313726
2592827, hcaD, A->T, missense,2.28001,9.999e-05,120,-1.0,0.6,116,0.9,0.857143,PASS,0.0,0.0,0.0,0.0,0.0,0.0,0.0,0.0,0.0,0.0,0.0,0.0,0.0,0.0,0.0,0.0,0.0,0.0,0.0,0.0,0.0,0.0,0.0,0.0,0.0,0.0,0.0,0.0,0.0,0.0,0.0,0.0,0.0,0.0,0.0,0.0,0.0,0.0,0.0,0.0,0.0,0.0136986301369863,0.0,0.0,0.0,0.0,0.0,0.0,0.0,0.0,0.0,0.0,0.0,0.0,0.0,0.0,0.0,0.0,0.0,0.0,0.0,0.0,0.0,0.0,0.0,0.0,0.0,0.0,0.0,0.0,0.0,0.0,0.0,0.0,0.0,0.0,0.0,0.0,0.0,0.0,0.0,0.0,0.0,0.0,0.0,0.0,0.0,0.0,0.0,0.0,0.0,0.0,0.0,0.0,0.0,0.0,0.0,0.0,0.0,0.0,0.0,0.0,0.0,0.0,0.0,0.0,0.0,0.05747126436781609,0.6574074074074074,0.7959183673469388,0.8787878787878788,1.0,1.0,1.0,1.0,1.0,1.0,1.0,1.0,1.0,1.0,0.0,0.0,0.0,0.0,0.0,0.0,0.0,0.0,0.0,0.0,0.0,0.0,0.0,0.0,0.0,0.0,0.0,0.0,0.0,0.0,0.0,0.0
2629815, rseB, G->A, missense,4.88074,0.00019998,120,-1.0,0.521739,119,0.9,0.75,PASS,0.0,0.0,0.0,0.0,0.0,0.0,0.0,0.0,0.0,0.0,0.0,0.0,0.0,0.0,0.0,0.0,0.0,0.0,0.0,0.0,0.0,0.0,0.0,0.0,0.0,0.0,0.0,0.0,0.0,0.0,0.0,0.0,0.0,0.0,0.0,0.0,0.0,0.0,0.0,0.0,0.0,0.0,0.3787878787878788,1.0,0.8850574712643678,0.2926829268292683,0.09230769230769231,0.06666666666666667,0.02564102564102564,0.008695652173913044,0.033707865168539325,0.04950495049504951,0.0,0.0,0.0,0.0,0.0,0.0,0.0,0.0,0.00980392156862745,0.0,0.0,0.0,0.0,0.0,0.0,0.0,0.0,0.0,0.0,0.0,0.0,0.0,0.0,0.0,0.0,0.0,0.0,0.0,0.0,0.0,0.0,0.0,0.0,0.0,0.0,0.0,0.0,0.0,0.0,0.0,0.0,0.0,0.0,0.0,0.0,0.0,0.0,0.0,0.0,0.0,0.0,0.0,0.0,0.0,0.0,0.0,0.0,0.0,0.0,0.0,0.0,0.0,0.0,0.0,0.0,0.0,0.0,0.0,0.0,0.0,0.0,0.0,0.0,0.0,0.0,0.0,0.0,0.0,0.0,0.0,0.0,0.0,0.0,0.0,0.0,0.0,0.0,0.0,0.0,0.0,0.007462686567164179
2703157, ygaX, G->A, noncoding,3.41704,0.00149985,120,-1.0,0.3,118,0.9,0.571429,PASS,0.0,0.0,0.0,0.0,0.0,0.0,0.0,0.0,0.0,0.0,0.0,0.0,0.0,0.0,0.0,0.0,0.0,0.011235955056179775,0.0,0.0,0.0,0.0,0.0,0.0,0.0,0.0,0.0,0.0,0.0,0.0,0.0,0.0,0.0,0.0,0.0,0.0,0.0,0.0,0.0,0.0,0.0,0.0,0.0,0.0,0.0,0.0,0.0,0.0,0.0,0.007352941176470588,0.0,0.0,0.0,0.0,0.0,0.0,0.0,0.0,0.0,0.0,0.01834862385321101,0.0,0.0,0.0,0.04285714285714286,0.07246376811594203,0.21875,0.07446808510638298,0.011627906976744186,0.0684931506849315,0.0,0.0,0.0,0.0,0.0,0.0,0.0,0.0,0.0,0.0,0.0,0.0,0.0,0.0,0.0,0.0,0.0,,0.0,0.0,0.0,0.0,0.0,0.0,0.0,0.0,0.0,0.0,0.0,0.0,0.0,0.0,0.0,0.0,0.0,0.0,0.0,0.0,0.0,0.0,0.0,0.0,0.0,0.0,0.0,0.0,0.0,0.0,0.0,0.0,0.0,0.0,0.0,0.0,0.0,0.0,0.0,0.0,0.0,0.0,0.0,0.0,0.0,0.0,0.0,0.0,0.0,0.0,0.0,0.0,0.0,0.0,0.0
2714168, intergenic, T->A, noncoding,1.93267,9.999e-05,120,-1.0,0.461538,119,0.9,0.631579,PASS,0.0,0.005291005291005291,0.0,0.022222222222222223,0.0,0.0,0.0,0.0,0.0,0.0,0.0,0.0,0.0,0.006493506493506494,0.0,0.0,0.0,0.0,0.0,0.0,0.0,0.0,0.0,0.008403361344537815,0.0,0.006944444444444444,0.0,0.0,0.0,0.0,0.0,0.0,0.0,0.0,0.0,0.0,0.0,0.0,0.0,0.009259259259259259,0.008928571428571428,0.0,0.0,0.0,0.009708737864077669,0.0,0.0,0.0,0.0,0.0,0.0,0.0,0.0,0.0,0.0,0.0,0.0,0.0,0.0,0.0,0.0,0.0,0.0,0.0,0.0,0.0,0.0,0.0,0.0,0.0,0.0,0.013513513513513514,0.0,0.0,0.0,0.0,0.0,0.0,0.0,0.0,0.0,0.008695652173913044,0.0,0.0,0.0,0.0,0.0,,0.5,0.625,1.0,0.9444444444444444,1.0,1.0,1.0,0.8947368421052632,0.8602150537634409,0.9047619047619048,0.8636363636363636,0.8888888888888888,1.0,0.9420289855072463,1.0,1.0,0.9940476190476191,1.0,1.0,1.0,1.0,1.0,1.0,0.9849624060150376,0.989010989010989,1.0,1.0,1.0,0.993103448275862,1.0,1.0,1.0,0.9894736842105263,0.0,0.0,0.0,0.0,0.0,0.0,0.0,0.0,0.0,0.0,0.0,0.0,0.0,0.0,0.0,0.0,0.0,0.0,0.0,0.0,1.0,0.9751552795031055
2736667, ascB, MOB_2736667_2736675_IS186_-1, sv,2.13183,0.00089991,120,-1.0,0.631579,118,0.9,0.857143,PASS,0.0,0.0,0.0,0.0,0.0,0.0,0.0,0.0,0.0,0.0,0.0,0.0,0.029940119760479042,0.05660377358490566,0.0641025641025641,0.09223300970873786,0.15,0.12418300653594772,0.05714285714285714,0.3103448275862069,0.0,0.10982658959537572,0.0,0.0,0.0,0.0,0.0,0.0,0.0,0.0,0.0,0.0,0.0,0.0,0.0,0.0,0.0,0.0,0.0,0.0,0.0,0.0,0.0,0.0,0.0,0.0,0.0,0.0,0.0,0.0,0.0,0.0,0.0,0.0,0.0,0.0,0.0,0.0,0.0,0.0,0.0,0.0,0.0,0.0,0.0,0.0,0.0,0.0,0.0,0.0,0.0,0.0,0.0,0.0,0.0,0.0,0.0,0.0,0.0,0.0,0.0,0.0,0.0,0.0,0.0,0.0,0.0,0.0,0.0,0.0,0.0,0.0,0.0,0.0,0.0,0.0,0.0,0.0,0.0,0.0,,0.013157894736842105,0.0,0.0,0.0,0.0,0.0,0.0,0.0,0.0,0.0,0.0,0.0,0.0,0.0,0.0,0.0,0.0,0.0,0.0,0.0,0.0,0.0,0.0,0.0,0.0,0.0,0.0,0.0,0.0,0.0,0.0,0.0,0.0,0.0,0.0,0.0,0.0,0.0,0.0,0.0,0.0,0.0
2772320, iap, A->C, synonymous,0.977589,9.999e-05,120,-1.0,0.75,119,0.9,0.857143,PASS,0.0,0.009615384615384616,0.0,0.0,0.0,0.0,0.0,0.0,0.0,0.0,0.0,0.0,0.0,0.0,0.0,0.0,0.0,0.0,0.0,0.0,0.0,0.0,0.0,0.0,0.0,0.0,0.0,0.0,0.012345679012345678,0.008771929824561403,0.0,0.016129032258064516,0.08536585365853659,0.07017543859649122,0.050505050505050504,0.5086206896551724,0.923728813559322,0.9680851063829787,1.0,1.0,0.9753086419753086,0.9855072463768116,1.0,1.0,1.0,1.0,1.0,1.0,1.0,0.9914529914529915,0.9850746268656716,1.0,1.0,1.0,1.0,1.0,1.0,1.0,1.0,1.0,1.0,1.0,1.0,1.0,1.0,1.0,1.0,1.0,1.0,1.0,1.0,1.0,1.0,1.0,1.0,1.0,1.0,1.0,1.0,1.0,1.0,1.0,1.0,1.0,1.0,1.0,1.0,,1.0,1.0,1.0,1.0,1.0,1.0,1.0,1.0,1.0,1.0,1.0,1.0,1.0,1.0,1.0,1.0,1.0,1.0,1.0,1.0,1.0,1.0,1.0,1.0,1.0,1.0,1.0,1.0,1.0,1.0,1.0,1.0,1.0,0.0,0.0,0.0,0.0,0.0,0.0,0.0,0.0,0.0,0.0,0.0,0.0,0.0,0.0,0.9836065573770492,1.0,1.0,0.9818181818181818,1.0,1.0,1.0,0.981651376146789
2861050, ptsP, C->T, missense,3.52992,0.00269973,120,-1.0,1.0,119,0.9,0.857143,PASS,0.0,0.0,0.0,0.0,0.0,0.0,0.0,0.0,0.0,0.0,0.0,0.0,0.0,0.0,0.0,0.0,0.0,0.0,0.0,0.0,0.0,0.0,0.0,0.009708737864077669,0.0,0.0,0.0,0.010638297872340425,0.07920792079207921,0.2,0.015873015873015872,0.06666666666666667,0.0,0.0,0.0,0.0,0.0,0.0,0.0070921985815602835,0.0,0.0,0.0,0.0,0.0,0.0,0.0,0.0,0.0,0.0,0.0,0.0,0.0,0.0,0.0,0.0,0.0,0.0,0.0,0.0,0.0,0.0,0.0,0.0,0.0,0.0,0.0,0.0,0.0,0.0,0.0,0.0,0.0,0.0,0.0,0.0,0.0,0.0,0.0,0.0,0.0,0.0,0.0,0.0,0.0,0.0,0.0,0.0,0.0,0.0,0.0,0.0,0.0,0.0,0.0,0.0,0.0,0.0,0.0,0.0,0.0,0.0,0.0,0.0,0.0,0.0,0.0,0.0,0.0,0.0,0.0,0.009259259259259259,0.0,0.0,0.0,0.0,0.0,0.0,0.0,0.0,0.0,0.0,0.0,0.0,0.0,0.0,0.0,0.0,0.0,0.0,0.0,0.0,0.0,0.0,0.0,0.0,0.0,0.0,0.0,0.0,0.0,0.0,0.0,0.0
2877356, kduD, MOB_2877356_2877358_IS150_1, sv,3.13426,9.999e-05,120,-1.0,0.6,120,0.9,0.631579,PASS,0.0018807829181494665,0.0,0.0,0.0,0.0,0.0,0.0,0.0,0.0,0.0,0.0,0.0,0.0,0.0,0.0,0.0,0.0,0.0,0.0,0.0,0.0,0.0,0.0,0.0,0.0,0.0,0.0,0.0,0.0,0.006702412868632708,0.011470807097882086,0.0,0.0,0.0,0.0,0.002866257493576934,0.0,0.0,0.0028659720239794457,0.0,0.0,0.0,0.0,0.0,0.0,0.0,0.0,0.0,0.0,0.0,0.0,0.0,0.0,0.008281573498964804,0.026494246031746035,0.0,0.20413728963684677,0.3839247020585049,0.5491664974619289,0.45386875,0.44335321277414397,0.2569044665012407,0.16366420664206643,0.06505576068376068,0.08164250814332248,0.12892964876033058,0.13967348715716152,0.08897194602272727,0.07859166666666666,0.04998852867830424,0.0,0.0,0.0,0.0,0.0,0.0,0.0,0.0,0.0,0.0,0.0,0.0,0.0,0.0,0.0,0.0,0.0,,0.0,0.0,0.0,0.03236245954692557,0.0,0.0,0.0,0.0,0.0,0.0,0.0,0.0,0.0,0.0,0.0,0.0,0.0,0.0,0.0,0.0,0.0,0.0,0.0,0.0,0.0,0.0,0.0,0.0,0.0,0.0,0.0,0.0,0.0,0.0,0.0,0.0,0.0,0.0,0.0,0.0,0.0,0.0,0.0,0.0,0.0,0.0,0.0,0.0,0.0,0.0,0.0,0.0,0.0,0.0,0.0
2998498, intergenic, MOB_2998498_2998503_IS186_-1, sv,3.4425,0.00019998,120,-1.0,0.255319,118,0.9,0.146341,PASS,0.0,0.0,0.0,0.0,0.0,0.0,0.0,0.0,0.0,0.0,0.0,0.0,0.0,0.0,0.0,0.0,0.0,0.0,0.0,0.0,0.0,0.0,0.0,0.0,0.0,0.0,0.0,0.0,0.0,0.0,0.0,0.0,0.1434108527131783,0.09579439252336448,0.05263157894736842,0.08021390374331551,0.013745704467353952,0.0,0.0,0.0,0.0,0.0,0.0,0.0,0.0,0.0,0.0,0.0,0.0,0.0,0.0,0.0,0.0,0.0,0.0,0.0,0.0,0.0,0.0,0.0,0.0,0.0,0.0,0.0,0.0,0.0,0.0,0.0,0.0,0.0,0.0,0.0,0.0,0.0,0.0,0.0,0.0,0.0,0.0,0.0,0.0,0.0,0.0,0.0,0.0,0.0,0.0,0.0,0.0,0.0,0.0,0.0,0.0,0.0,0.0,0.0,0.0,0.0,0.0,0.0,0.0,0.0,0.0,0.0,0.0,0.0,0.0,0.0,0.0,0.0,0.0,0.0,0.0,0.0,0.0,0.0,0.0,0.0,0.0,0.0,0.0,0.0,0.0,0.0,0.0,0.0,0.0,0.0,0.0,0.0,0.0,0.0,0.0,0.0,0.0,0.0,0.0,0.0,0.0,0.0,0.0,0.0,0.0
2999381, intergenic, MOB_2999381_2999389_IS1_1, sv,4.40483,0.00019998,120,-1.0,0.461538,120,0.9,0.5,PASS,0.0,0.0,0.0,0.0,0.0,0.0,0.0,0.0,0.0,0.0,0.0,0.0,0.004048582995951417,0.0,0.0,0.0,0.0,0.0,0.0,0.0,0.0,0.0,0.0,0.0,0.0,0.0,0.0,0.0,0.0,0.0,0.0,0.0,0.0,0.0,0.0,0.0,0.0,0.0,0.0,0.0,0.0,0.0,0.0,0.0,0.0,0.0,0.0,0.0,0.0,0.0,0.0,0.0,0.0,0.0,0.0,0.0,0.0,0.007142857142857143,0.0,0.0,0.0,0.0,0.0,0.0,0.0,0.0,0.0,0.0,0.0,0.0,0.0,0.0,0.0,0.0,0.0,0.0,0.0,0.0,0.0,0.0,0.0,0.0,0.0,0.0,0.0,0.0,0.0,0.0,0.0,0.0,0.0,0.0,0.0,0.0,0.0,0.0,0.0,0.0,0.0,0.0,0.0,0.0,0.0,0.02564102564102564,0.0036900369003690036,0.125,0.03529411764705882,0.03982300884955752,0.014388489208633094,0.0,0.0,0.0,0.0,0.0,0.0,0.0,0.0,0.0,0.0,0.0,0.0,0.0,0.0,0.0,0.0,0.0,0.0,0.0,0.0,0.0,0.0,0.0,0.0,0.0,0.0,0.0,0.0,0.0,0.0,0.0,0.0,0.0,0.0
3007398, ECB_02804, A->C, synonymous,3.35953,0.00059994,120,-1.0,0.8,119,0.9,0.6,PASS,0.0,0.0,0.0,0.0,0.0,0.0,0.0,0.012048192771084338,0.0,0.0,0.0,0.0,0.0,0.0,0.008771929824561403,0.0,0.0,0.015384615384615385,0.0,0.0,0.0,0.006369426751592357,0.0,0.0,0.0,0.0,0.0,0.008695652173913044,0.0,0.0,0.0,0.0,0.0,0.0,0.0,0.0,0.0,0.0,0.0,0.0,0.0,0.009345794392523364,0.0,0.0,0.0,0.0,0.0,0.0,0.011363636363636364,0.0,0.02247191011235955,0.11290322580645161,0.05982905982905983,0.06557377049180328,0.0,0.0,0.0,0.0,0.0,0.0,0.0,0.0,0.0,0.0,0.0,0.0,0.0,0.0,0.0,0.0,0.0,0.0,0.0,0.0,0.0,0.0,0.0,0.0,0.0,0.0,0.0,0.0,0.0,0.0,0.0,0.0,0.0,0.0,0.0,0.0,0.0,0.0,0.0,0.0,0.0,0.0,0.0,0.0,0.0,0.0,0.0,0.0,0.0,0.0,0.0,0.0,0.0,0.0,0.0,0.0,0.0,0.0,0.0,0.0,0.0,0.0,0.0,0.0,0.0,0.0,0.0,0.0,0.0,0.0,0.0,0.0,0.0,0.0,0.0,0.0,0.0,0.0,0.0,0.0,0.0,0.0,0.0,0.0,0.0,0.0,0.0,0.0,0.0
3013564, ECB_02815, MOB_3013564_3013566_IS3_-1, sv,4.0832,0.00019998,120,-1.0,0.5,119,0.9,0.0916031,PASS,0.0,0.0,0.0,0.0,0.0,0.0,0.0,0.0,0.0,0.0,0.0,0.0,0.0,0.0,0.0,0.0,0.0,0.0,0.0,0.0,0.0,0.0,0.0,0.0,0.0,0.08187134502923976,0.16666666666666666,0.11538461538461539,0.06060606060606061,0.043243243243243246,0.03731343283582089,0.01020408163265306,0.0,0.0,0.0,0.0,0.0,0.0,0.0,0.0,0.0,0.0,0.0,0.0,0.0,0.0,0.0,0.0,0.0,0.0,0.0,0.0,0.0,0.0,0.0,0.0,0.0,0.0,0.0,0.0,0.0,0.0,0.0,0.0,0.0,0.0,0.0,0.0,0.0,0.0,0.0,0.0,0.0,0.0,0.0,0.0,0.0,0.0,0.0,0.0,0.0,0.0,0.0,0.0,0.0,0.0,0.0,,0.0,0.0,0.0,0.0,0.0,0.0,0.0,0.0,0.0,0.0,0.0,0.0,0.0,0.0,0.0,0.0,0.0,0.0,0.0,0.0,0.0,0.0,0.0,0.0,0.0,0.0,0.0,0.0,0.0,0.0,0.0,0.0,0.0,0.0,0.0,0.0,0.0,0.0,0.0,0.0,0.0,0.0,0.0,0.0,0.0,0.0,0.0,0.0,0.0,0.0,0.0,0.0,0.0,0.0,0.0
3014020, ECB_02815, indel;-14, indel,4.03221,0.00339966,120,-1.0,0.342857,117,0.9,0.12766,PASS,0.0,0.0,0.0,0.0,0.0,0.0,0.0,0.0,0.0,0.0,0.0,0.0,0.0,0.0,0.0,0.0,0.0,0.0,0.0,0.0,0.0,0.0,0.0,0.07418397626112759,0.2978723404255319,0.010718113612004287,0.0,0.014947683109118086,0.018796992481203006,0.009813542688910696,0.0,0.0,0.0,0.0,0.0,0.0,0.0,0.0,0.0,0.0,0.0,0.0,0.0,0.0,0.0,0.0,0.0,0.0,0.0,0.0,0.0,0.0,0.0,0.0,0.0,0.0,0.0,0.0,0.0,0.0,0.0,0.0,0.0,0.0,0.0,0.0,0.0,0.0,0.0,0.0,0.0,0.0,0.0,0.0,0.0,0.0,0.0,0.0,0.0,0.0,0.0,0.0,0.0,0.0,0.0,0.0,0.0,,0.0,0.0,0.0,0.0,0.0,0.0,0.0,0.0,0.0,0.0,0.0,0.0,0.0,0.0,0.0,0.0,0.0,0.0,0.0,0.0,0.0,0.0,0.0,0.0,0.0,0.0,0.0,0.0,0.0,0.0,0.0,0.0,0.0,0.0,0.0,0.0,0.0,0.0,0.0,0.0,0.0,0.0,0.0,0.0,0.0,0.0,0.0,0.0,0.0,0.0,0.0,0.0,0.0,0.0,0.0
3015771, ECB_02816, MOB_3015771_3015773_IS150_1, sv,0.980126,9.999e-05,120,-1.0,1.0,119,0.9,0.705882,PASS,0.0,0.0,0.0,0.0,0.0,0.0,0.0,0.0,0.0,0.0,0.0,0.0,0.0,0.0,0.020988844537815125,0.0,0.010186894790602655,0.0,0.0,0.0,0.0,0.0,0.0,0.015248853211009173,0.018214936247723135,0.691240058910162,0.7633400702987698,0.9392556723851688,0.9430745738636362,0.8853153947948831,0.9174028614457831,0.9570278293135436,1.0,0.991389945078158,1.0,1.0,1.0,1.0,1.0,1.0,1.0,1.0,1.0,1.0,1.0,1.0,1.0,1.0,1.0,1.0,1.0,1.0,1.0,1.0,1.0,1.0,1.0,1.0,1.0,1.0,1.0,1.0,1.0,1.0,1.0,1.0,1.0,1.0,1.0,1.0,1.0,1.0,1.0,1.0,1.0,1.0,1.0,1.0,1.0,1.0,0.9873697478991598,1.0,1.0,1.0,1.0,1.0,1.0,,1.0,1.0,1.0,1.0,1.0,1.0,1.0,1.0,1.0,1.0,1.0,1.0,1.0,1.0,1.0,1.0,0.978347794649313,1.0,1.0,1.0,1.0,1.0,1.0,1.0,1.0,1.0,1.0,1.0,1.0,1.0,1.0,1.0,1.0,0.005724098454493417,0.0,0.0,0.0,0.0,0.0,0.01984126984126984,0.0,0.0,0.0,0.0,0.0,1.0,0.9861544885177453,0.9897925101214575,1.0,1.0,1.0,1.0,1.0,0.9986116283881646,0.9821099290780142
3021887, ECB_02821, indel;+TT;-2;-1;+T, indel,0.88715,0.00019998,120,-1.0,0.631579,108,0.9,0.272727,PASS,0.020689655172413793,0.05405405405405406,0.027777777777777776,0.0,0.0,0.012048192771084338,0.04,0.14705882352941177,0.2631578947368421,0.16216216216216217,0.2,0.08333333333333333,0.22033898305084745,0.034482758620689655,0.07407407407407407,0.10588235294117647,0.14285714285714285,0.17073170731707318,0.2876712328767123,0.11627906976744186,0.1,0.2553191489361702,0.5,0.08333333333333333,0.0,0.08536585365853659,0.2413793103448276,0.07142857142857142,0.06153846153846154,0.05194805194805195,0.06666666666666667,0.03571428571428571,0.0,0.0,0.03773584905660377,0.026785714285714284,0.06493506493506493,0.02857142857142857,0.078125,0.016129032258064516,0.08045977011494253,0.023255813953488372,0.05263157894736842,0.0,0.0967741935483871,0.04081632653061224,0.02631578947368421,0.02631578947368421,0.0,0.011764705882352941,0.0392156862745098,0.056179775280898875,0.0,0.02127659574468085,0.044444444444444446,0.03636363636363636,0.0,0.0,0.0,0.0,0.1016949152542373,0.02702702702702703,0.0,0.016129032258064516,0.0,0.022222222222222223,0.03278688524590164,0.03225806451612903,0.0380952380952381,0.046296296296296294,0.0,0.027777777777777776,0.0,0.058823529411764705,0.06153846153846154,0.0196078431372549,0.0,0.029411764705882353,0.0,0.018518518518518517,0.1,0.07692307692307693,0.2,0.0,0.0,0.0,0.0,,0.0,0.16666666666666666,0.3333333333333333,0.0,0.25,0.0,0.0,0.0,0.02564102564102564,0.0,0.05555555555555555,0.0,0.0,0.05,0.015625,0.0,0.012195121951219513,0.3333333333333333,0.00847457627118644,0.053763440860215055,0.041237113402061855,0.03278688524590164,0.01282051282051282,0.025974025974025976,0.0,0.07518796992481203,0.07017543859649122,0.0,0.0392156862745098,0.0,0.011904761904761904,0.03076923076923077,0.0,0.0,0.0,0.0,0.0,0.0,0.009174311926605505,0.0,0.0,0.0,0.0,0.0,0.0,0.0,0.0,0.0,0.0,0.010416666666666666,0.0,0.0,0.0,0.0205761316872428,0.0
3026571, ECB_02826, MOB_3026571_3026579_IS1_-1, sv,3.46382,0.00019998,120,-1.0,0.375,114,0.9,0.226415,PASS,0.0,0.0,0.0,0.0,0.0,0.0,0.0,0.0,0.0,0.0,0.0,0.0,0.0,0.0,0.0,0.0,0.0,0.0,0.0,0.0,0.0,0.0,0.0,0.0,0.0,0.0,0.0,0.0,0.0,0.0,0.0,0.0,0.0,0.0,0.0,0.0,0.0,0.048701298701298704,0.011764705882352941,0.11627906976744186,0.19170984455958548,0.12307692307692308,0.08571428571428572,0.0,0.0,0.0,0.0,0.0,0.0,0.0,0.0,0.0,0.0,0.0,0.0,0.0,0.0,0.0,0.0,0.0,0.0,0.0,0.0,0.0,0.0,0.0,0.0,0.0,0.0,0.0,0.0,0.0,0.0,0.0,0.0,0.0,0.0,0.0,0.0,0.0,0.0,0.0,0.0,0.0,0.0,0.0,0.0,0.0,0.0,0.0,0.0,0.0,0.0,0.0,0.0,0.0,0.0,0.0,0.0,0.0,0.0,0.0,0.0,0.0,0.005681818181818182,0.0,0.0,0.0,0.0,0.0,0.0,0.0,0.0,0.0,0.0,0.0,0.0,0.0,0.0,0.0,0.0,0.0,0.0,0.0,0.0,0.0,0.0,0.0,0.0,0.0,0.0,0.0,0.0,0.0,0.0,0.9216417910447762,0.0,0.0,0.0,0.0,0.0,0.0,0.0
3027626, ECB_02827, junction_3027626_1_IS1_start, sv,3.26649,0.00019998,120,-1.0,0.333333,119,0.9,0.545455,PASS,0.0,0.0,0.0,0.0,0.0,0.0,0.0,0.0,0.0,0.0,0.0,0.0,0.0,0.0,0.0,0.0,0.0,0.0,0.0,0.0,0.0,0.0,0.0,0.0,0.0,0.0,0.0,0.0,0.0,0.0,0.0,0.0,0.0,0.0,0.0,0.0,0.0,0.0,0.0,0.0,0.0,0.0,0.0,0.0,0.0,0.0,0.0,0.0,0.0,0.0,0.0,0.0,0.0,0.0,0.0,0.0,0.0,0.0,0.0,0.0,0.0,0.0,0.0,0.0,0.0,0.0,0.014388489208633094,0.02877697841726619,0.0,0.057971014492753624,0.09090909090909091,0.06578947368421052,0.06060606060606061,0.17391304347826086,0.12903225806451613,0.06896551724137931,0.019230769230769232,0.02564102564102564,0.05,0.0,0.011764705882352941,0.04938271604938271,0.0,0.0,0.0,0.0,0.0,,0.0,0.0,0.0,0.0,0.0,0.0,0.0,0.0,0.0,0.0,0.0,0.0,0.0,0.0,0.0,0.0,0.0,0.0,0.0,0.0,0.0,0.0,0.0,0.0,0.0,0.0,0.0,0.0,0.0,0.0,0.0,0.0,0.0,0.0,0.0,0.0,0.0,0.0,0.0,0.0,0.0,0.0,0.0,0.0,0.0,0.0,0.0,0.0,0.0,0.0,0.0,0.0,0.0,0.0,0.0
3143448, ygjD, MOB_3143448_3143463_IS150_1, sv,2.97176,0.00029997,120,-1.0,0.342857,119,0.9,0.0689655,PASS,0.0,0.0,0.0,0.0,0.0,0.0,0.0,0.0,0.0,0.0,0.0,0.0289000962000962,0.12351129363449692,0.024189009661835747,0.02791038186157518,0.040710798816568056,0.01194743130227001,0.0,0.0,0.0,0.0,0.0,0.0,0.0,0.0,0.0,0.0,0.0,0.0,0.0,0.0,0.0,0.0,0.0,0.0,0.0,0.0,0.0,0.0,0.0,0.0,0.0,0.0,0.0,0.0,0.0,0.0,0.0,0.0,0.0,0.0,0.0,0.0,0.010987202216066482,0.0,0.0,0.0,0.0,0.0,0.0,0.0,0.0,0.0,0.0,0.0,0.0,0.0,0.0,0.0,0.0,0.0,0.0,0.0,0.0,0.0,0.0,0.0,0.0,0.0,0.0,0.0,0.0,0.0,0.0,0.0,0.0,0.0,0.0,0.0,0.0,0.0,0.0,0.0,0.0,0.0,0.0,0.0,0.0,0.0,0.0,0.0,0.0,0.0,0.0,0.0,0.0,0.0,0.0,0.0,0.008064516129032258,0.0,0.0,0.0,0.0,0.0,0.0,0.0,0.0,0.0,0.0,0.0,0.0,0.0,0.0,0.0,0.0,0.0,0.029386719524281468,0.0,0.0,0.0,0.0,0.0,0.0,0.0,0.0,0.0,0.0,0.0,0.0,0.0,0.0,0.0
3152218, ygjG, T->C, noncoding,0.976818,9.999e-05,120,-1.0,0.857143,119,0.9,0.75,PASS,0.0,0.0,0.0,0.0,0.0,0.0,0.0,0.0,0.0,0.0,0.0,0.0,0.0,0.0,0.015384615384615385,0.011111111111111112,0.0,0.0,0.0,0.0,0.0,0.0,0.0,0.0,0.0,0.0,0.0,0.0,0.0,0.0,0.030303030303030304,0.14084507042253522,0.9523809523809523,0.8571428571428571,0.7903225806451613,0.8059701492537313,0.9901960784313726,1.0,0.9896907216494846,1.0,1.0,1.0,1.0,1.0,1.0,1.0,1.0,1.0,1.0,1.0,1.0,0.9900990099009901,1.0,1.0,1.0,1.0,1.0,1.0,1.0,1.0,1.0,1.0,1.0,0.9902912621359223,1.0,1.0,1.0,1.0,1.0,1.0,1.0,1.0,1.0,1.0,1.0,1.0,1.0,1.0,1.0,0.9866666666666667,0.9850746268656716,1.0,1.0,1.0,1.0,1.0,1.0,1.0,1.0,1.0,1.0,1.0,1.0,0.9285714285714286,1.0,1.0,1.0,1.0,1.0,1.0,1.0,1.0,1.0,1.0,1.0,1.0,0.9931506849315068,1.0,1.0,1.0,1.0,1.0,1.0,1.0,1.0,1.0,1.0,1.0,0.9894736842105263,1.0,1.0,0.0,0.0,0.0,0.0,0.0,0.0,0.0,0.0,0.0,0.0,0.0,0.0,0.0,0.0,0.9574468085106383,0.9941176470588236,1.0,0.9913793103448276,0.9833333333333333,0.9873417721518988,0.9905660377358491,0.9830508474576272
3152253, ygjG, G->A, noncoding,4.3539,0.00169983,120,-1.0,0.923077,119,0.9,1.0,PASS,0.0,0.008064516129032258,0.0,0.0,0.0,0.008403361344537815,0.009174311926605505,0.0,0.0,0.0,0.0,0.0,0.0,0.009615384615384616,0.0,0.0,0.016129032258064516,0.0,0.0,0.0,0.0,0.008064516129032258,0.024390243902439025,0.0,0.0,0.008547008547008548,0.0,0.0,0.00819672131147541,0.05084745762711865,0.48148148148148145,0.42105263157894735,0.0,0.0,0.0,0.0,0.0,0.0,0.0,0.0,0.0,0.0,0.0,0.0,0.0,0.0,0.0,0.0,0.0,0.0,0.0,0.0,0.0,0.0,0.0,0.0,0.0,0.0,0.0,0.0,0.0,0.0,0.013333333333333334,0.0,0.0,0.0,0.00819672131147541,0.0,0.0,0.0,0.0,0.0,0.0,0.0,0.0,0.03278688524590164,0.0,0.0,0.0,0.0,0.0,0.0,0.0,0.0,0.0,0.0,0.0,0.0,0.0,0.0,0.0,0.0,0.0,0.0,0.0,0.0,0.0125,0.0,0.0,0.0,0.0,0.0,0.0,0.0,0.0,0.041666666666666664,0.0111731843575419,0.0,0.0,0.0,0.0,0.0,0.0,0.0,0.0,0.0,0.0,0.0,0.008849557522123894,0.0,0.0,0.0,0.0,0.0,0.0,0.0,0.0,0.0,0.0,0.0,0.0,0.0,0.0,0.0,0.984375,0.0,0.0,0.0,0.0,0.0,0.0,0.0040650406504065045,0.0
3154041, ygjH, A->C, missense,2.79678,0.00229977,120,-1.0,0.157895,119,0.9,0.134831,PASS,0.0,0.0,0.0,0.014925373134328358,0.0,0.0,0.0,0.0,0.0,0.0,0.0,0.0,0.0,0.0,0.0,0.0,0.0,0.0,0.0,0.0,0.0,0.0,0.0,0.0,0.0,0.0,0.08823529411764706,0.0,0.11827956989247312,0.06956521739130435,0.11494252873563218,0.05555555555555555,0.0,0.0,0.0,0.0,0.0,0.0,0.0,0.0,0.0,0.009523809523809525,0.0,0.0,0.0,0.0,0.0,0.0,0.014705882352941176,0.0,0.0,0.0,0.0,0.0,0.0,0.0,0.0,0.0,0.0,0.0,0.009523809523809525,0.0,0.0,0.0,0.0,0.0,0.0,0.0,0.0,0.0,0.0,0.0,0.0,0.0,0.0,0.0,0.0,0.0,0.0,0.013513513513513514,0.0,0.014705882352941176,0.0,0.0,0.0,0.0,0.0,0.0,0.0,0.0,0.0,0.0,0.0,0.0,0.0,0.058823529411764705,0.0,0.0,0.0,0.0,0.0,0.0,0.0,0.0,0.0,0.0,0.0,0.0,0.0,0.0,0.0,0.0,0.0,0.0,0.0,0.0,0.0,0.0,0.0,0.0,0.0,0.0,0.0,0.0,0.0,0.0,0.0,0.0,0.0,0.0,0.0,0.0,0.0,0.0,0.0,0.0,0.0,0.0,0.0,0.0,0.0,0.0,0.0
3160721, ygjJ, MOB_3160721_3160728_IS1_1, sv,2.92726,9.999e-05,120,-1.0,0.923077,119,0.9,0.8,PASS,0.0,0.0,0.0,0.0,0.0,0.0,0.0,0.0,0.0,0.0,0.0,0.0,0.0,0.0,0.0,0.0,0.0,0.0,0.0,0.0,0.0,0.0,0.0,0.0,0.0,0.0,0.0,0.0,0.0,0.0,0.0,0.0,0.0,0.0,0.0,0.0,0.0,0.0,0.0,0.0,0.0,0.0,0.0,0.0,0.0,0.0,0.0,0.0,0.0,0.0,0.0,0.0,0.0,0.0,0.0,0.0,0.0,0.0,0.0,0.0,0.0,0.0,0.0,0.0,0.0,0.0,0.0,0.0,0.0,0.0,0.0,0.0,0.0,0.0,0.0,0.0,0.0,0.0,0.0,0.0,0.0,0.0,0.0,0.0,0.0,0.0,0.0,0.0,0.0,0.0,0.0,0.0,0.0,0.0,0.0,0.0,0.0167973124300112,0.03861003861003861,0.0576421965317919,0.1,0.49814125,0.24011292585170343,0.38272629843363565,0.16722408026755853,0.10466316931982635,0.16988468809073726,0.3230425773488504,0.3245119442601195,0.1498405253283302,0.0898143897216274,0.061799042792792795,0.014057657021877206,0.0,0.0,0.0,0.0,0.0,0.0,0.0,0.0,0.0,0.0,0.0,0.0,0.0,0.0,0.0,0.0,0.0,0.0,0.0,0.0,0.0,0.0,0.0,0.0,0.0,0.0,0.0,0.0,0.0,0.0,0.0
3226551, yraJ, C->A, missense,1.71164,9.999e-05,120,-1.0,0.705882,118,0.9,0.0125654,PASS,0.0,0.004132231404958678,0.005780346820809248,0.0,0.0,0.0,0.0,0.0,0.29207920792079206,0.08733624454148471,0.18556701030927836,0.07589285714285714,0.08465608465608465,0.14732142857142858,0.09375,0.10476190476190476,0.10869565217391304,0.08227848101265822,0.12669683257918551,0.08558558558558559,0.16143497757847533,0.1784037558685446,0.32575757575757575,0.06936416184971098,0.06923076923076923,0.03314917127071823,0.09375,0.00975609756097561,0.07655502392344497,0.07727272727272727,0.023255813953488372,0.042105263157894736,0.0,0.0045045045045045045,0.0058823529411764705,0.0,0.0,0.0,0.0,0.005917159763313609,0.007142857142857143,0.0,0.0,0.006944444444444444,0.0,0.0,0.0,0.0,0.0,0.004484304932735426,0.0,0.0,0.004524886877828055,0.0072992700729927005,0.0,0.0,0.0,0.0,0.0,0.0,0.0,0.0,0.0,0.0,0.0,0.0,0.0,0.0,0.0,0.0,0.0,0.0,0.0,0.0,0.0,0.0,0.0,0.0,0.0,0.0,0.005714285714285714,0.0,0.0,0.0,0.0,0.0,0.0,0.0,0.0,0.0,0.0,0.0,0.0,0.0,0.0,0.0,0.0,0.0,0.0,0.0,0.0,0.0,0.0,0.0,0.0,0.0,0.0,0.0,0.0,0.0,0.0,0.0,0.0,0.0,0.0,0.0,0.0,0.0,0.0,0.0,0.0,0.0,0.0,0.0,0.0,0.0,0.0,0.0,0.0,0.0,0.0,0.0,0.0,0.0,0.0,0.0,0.0,0.0,0.0,0.0,0.0,0.0,0.0
3250353, infB, A->C, missense,6.20903,9.999e-05,120,-1.0,0.292683,117,0.9,0.461538,PASS,0.0,0.0,0.0,0.0,0.0,0.0,0.0,0.0,0.0,0.0,0.0,0.0,0.0,0.0,0.0,0.0,0.0,0.0,0.0,0.0,0.0,0.0,0.0,0.0,0.0,0.0,0.0,0.0,0.0,0.0,0.0,0.0,0.0,0.0,0.0,0.0,0.0,0.010869565217391304,0.0,0.0,0.0,0.0,0.0,0.0,0.0,0.0,0.0,0.0,0.0,0.0,0.0,0.0,0.0,0.0,0.0,0.0,0.0,0.0,0.0,0.0,0.0,0.0,0.0,0.0,0.0,0.0,0.0,0.0,0.0,0.0,0.0,0.0,0.0,0.0,0.0,0.0,0.0,0.0,0.0,0.0,0.3333333333333333,0.6060606060606061,1.0,0.6666666666666666,0.3333333333333333,0.6363636363636364,0.14285714285714285,,0.5,0.7142857142857143,0.0,0.0,0.0,0.0,0.0,0.0,0.0,0.0,0.0,0.0,0.0,0.0,0.01639344262295082,0.0,0.0,0.0,0.0,0.0,0.0,0.0,0.0,0.0,0.0,0.0,0.0,0.0,0.0,0.0,0.0,0.0,0.0,0.0,0.0,0.0,0.0,0.0,0.0,0.0,0.0,0.0,0.0,0.0,0.0,0.0,0.0,0.0,0.0,0.0,0.0,0.0,1.0,0.0,0.0
3251047, infB, T->G, missense,0.938175,9.999e-05,120,-1.0,0.857143,117,0.9,0.521739,PASS,0.0,0.0,0.0,0.018867924528301886,0.0,0.0,0.0,0.0,0.0,0.0,0.0,0.0,0.0,0.012048192771084338,0.19672131147540983,0.07920792079207921,0.08108108108108109,0.06896551724137931,0.5365853658536586,0.6,0.8070175438596491,0.7215189873417721,0.5185185185185185,0.9148936170212766,0.9428571428571428,0.90625,0.8108108108108109,0.9855072463768116,0.9636363636363636,0.9459459459459459,0.925,0.8666666666666667,1.0,0.9848484848484849,1.0,1.0,1.0,0.9880952380952381,1.0,0.972972972972973,1.0,1.0,1.0,1.0,1.0,1.0,1.0,1.0,1.0,1.0,0.9761904761904762,1.0,0.9836065573770492,1.0,1.0,1.0,1.0,1.0,1.0,1.0,1.0,1.0,1.0,0.9871794871794872,1.0,1.0,1.0,1.0,1.0,1.0,1.0,1.0,1.0,1.0,1.0,1.0,1.0,1.0,1.0,1.0,0.9767441860465116,1.0,1.0,1.0,1.0,1.0,1.0,1.0,1.0,1.0,1.0,1.0,1.0,1.0,1.0,1.0,1.0,,1.0,1.0,1.0,1.0,1.0,1.0,1.0,1.0,0.9753086419753086,1.0,1.0,1.0,1.0,1.0,1.0,0.9830508474576272,0.9850746268656716,1.0,1.0,1.0,1.0,1.0,1.0,0.008064516129032258,0.0,0.0,0.0,0.0,0.0,0.0,0.0,0.0,0.0,1.0,1.0,1.0,1.0,0.9310344827586207,0.9880952380952381,1.0,1.0,1.0,1.0,0.9946808510638298,0.9891304347826086
3262006, hflB, T->G, missense,2.13863,9.999e-05,120,-1.0,0.6,120,0.9,0.315789,PASS,0.0,0.0,0.0,0.0,0.0,0.0070921985815602835,0.0,0.0,0.0,0.0,0.0,0.0,0.0,0.006896551724137931,0.0,0.0,0.0,0.0,0.0,0.0,0.0,0.0,0.0,0.0,0.0,0.0,0.0,0.0,0.0,0.0,0.0,0.0,0.0,0.0,0.0,0.0,0.0,0.0,0.0,0.0,0.0,0.0,0.0,0.0,0.0,0.0,0.0,0.0,0.0,0.0,0.0,0.0,0.0,0.0,0.0,0.0,0.0,0.0,0.0,0.0,0.0,0.0,0.0,0.0,0.0,0.0,0.0,0.0,0.0,0.0,0.0,0.0,0.0,0.0,0.0,0.0,0.0,0.0,0.0,0.0,0.0,0.0,0.0,0.0,0.0,0.0,0.0,0.0,0.0,0.0,0.0,0.0,0.0,0.0,0.06666666666666667,0.0,0.052083333333333336,0.35,0.44,0.38461538461538464,0.0,0.5066666666666667,0.42948717948717946,0.6956521739130435,0.8125,0.631578947368421,0.6588235294117647,0.6363636363636364,0.788135593220339,0.8648648648648649,0.8333333333333334,0.9767441860465116,1.0,1.0,1.0,1.0,1.0,1.0,1.0,0.9905660377358491,1.0,0.0,0.0,0.0,0.0,0.0,0.00909090909090909,0.0,0.0,0.0,0.0,0.0,0.0,0.0,0.0,0.0,0.0,0.0,0.009708737864077669,0.0,0.0,0.990909090909091,1.0
3265645, intergenic, MOB_3265645_3265657_IS4_1, sv,3.30491,0.00079992,120,-1.0,0.631579,115,0.9,0.461538,PASS,0.0,0.0,0.0,0.0,0.0,0.0,0.0,0.0,0.0,0.0,0.0,0.0,0.0,0.0,0.0,0.0,0.0,0.006784260515603799,0.0,0.0,0.0,0.0,0.0,0.0,0.0,0.0,0.0,0.0,0.0,0.0059417706476530005,0.0,0.0,0.0,0.0,0.0,0.0,0.0,0.0,0.0,0.0,0.0,0.0,0.0,0.0,0.0,0.0,0.0,0.0,0.0,0.0,0.0,0.0,0.0,0.0,0.0,0.0,0.0,0.0,0.0,0.0,0.0,0.0,0.0,0.0,0.0,0.0,0.0,0.0,0.0,0.0,0.0,0.0,0.0,0.0,0.0,0.0,0.0,0.0,0.0,0.0,0.0,0.0,0.0,0.0,0.0,0.0,0.0,,0.0,0.0,0.0,0.0,0.0,0.0,0.0,0.0,0.0,0.0,0.0,0.0,0.0,0.0,0.00816326530612245,0.0,0.0,0.0,0.0,0.0,0.0,0.0,0.0,0.0,0.0,0.03717472118959107,0.05128205128205128,0.20134228187919462,0.06550218340611354,0.0,0.06605019815059444,0.09940357852882704,0.12401352874859076,0.0,0.0,0.0,0.0,0.0,0.0,0.0,0.0,0.0,0.0,0.0,0.0,0.0,0.0,0.0,0.0,0.0,0.0,0.0,0.0,0.0,0.0
3289948, gltB, G->T, nonsense,1.58594,9.999e-05,120,-1.0,0.0882353,119,0.9,0.0212766,PASS,0.0,0.006172839506172839,0.0,0.0,0.0,0.0,0.0,0.0,0.00847457627118644,0.0,0.0,0.0,0.006060606060606061,0.0,0.0,0.005847953216374269,0.0,0.0,0.0,0.0,0.0,0.0,0.0,0.0,0.0,0.0,0.0,0.0,0.0,0.0,0.0,0.0,0.0,0.0,0.0,0.0,0.0,0.0,0.0,0.0,0.0,0.0,0.0,0.0,0.0,0.0,0.0,0.0,0.0,0.0,0.0,0.0,0.0,0.009009009009009009,0.0,0.0,0.0,0.0,0.0,0.0,0.0,0.0,0.0,0.0,0.0,0.0,0.0,0.0,0.11486486486486487,0.02097902097902098,0.2903225806451613,0.42391304347826086,0.5230769230769231,0.5060240963855421,0.47619047619047616,0.7164179104477612,0.7804878048780488,0.7468354430379747,0.8923076923076924,0.9035087719298246,0.9305555555555556,0.9879518072289156,0.9545454545454546,1.0,1.0,1.0,0.8571428571428571,1.0,1.0,1.0,1.0,1.0,1.0,1.0,1.0,1.0,1.0,1.0,0.9444444444444444,1.0,1.0,1.0,1.0,1.0,1.0,1.0,1.0,1.0,1.0,1.0,1.0,0.9919354838709677,1.0,1.0,1.0,1.0,1.0,1.0,1.0,1.0,1.0,0.0,0.0,0.0,0.0,0.0,0.0,0.0,0.0,0.0,0.0,0.0,0.0,0.0,0.0,0.0,0.0,0.0,0.009523809523809525,1.0,0.9880952380952381,1.0,1.0
3311056, degS, A->C, missense,0.981818,9.999e-05,120,-1.0,0.342857,119,0.9,0.097561,PASS,0.0,0.0,0.0,0.010869565217391304,0.0,0.0,0.0,0.0,0.0,0.0,0.0,0.0,0.0,0.0,0.0,0.0,0.0,0.0,0.0,0.0,0.0,0.0,0.0,0.008771929824561403,0.0,0.0,0.0,0.0,0.0,0.0,0.011764705882352941,0.0,0.0,0.006622516556291391,0.0,0.0,0.0,0.0,0.0,0.02,0.011235955056179775,0.007751937984496124,0.0,0.0,0.11016949152542373,0.6018518518518519,0.9313725490196079,0.9473684210526315,0.9711538461538461,0.9935064935064936,0.9764705882352941,0.9901960784313726,0.9829059829059829,1.0,1.0,0.9908256880733946,1.0,1.0,1.0,1.0,1.0,0.9913793103448276,1.0,1.0,1.0,1.0,1.0,0.9912280701754386,1.0,1.0,1.0,1.0,1.0,1.0,0.9868421052631579,0.9846153846153847,1.0,1.0,1.0,1.0,0.9545454545454546,1.0,1.0,1.0,1.0,1.0,1.0,1.0,1.0,1.0,1.0,1.0,1.0,1.0,1.0,1.0,1.0,1.0,1.0,1.0,1.0,1.0,1.0,1.0,1.0,1.0,0.9948186528497409,1.0,1.0,1.0,1.0,1.0,1.0,1.0,1.0,1.0,1.0,1.0,1.0,1.0,1.0,0.0,0.0,0.0,0.0,0.0,0.0,0.0,0.0,0.0,0.0,0.013888888888888888,0.0,0.0,0.0,0.0,0.0,1.0,1.0,1.0,1.0,1.0,0.978494623655914
3328582, mreB, C->A, missense,0.89382,9.999e-05,120,-1.0,0.0481928,117,0.9,0.48,PASS,0.0,0.0,0.0,0.5376344086021505,0.8823529411764706,0.9494949494949495,0.5855263157894737,0.3564356435643564,0.7786259541984732,0.5144927536231884,0.8709677419354839,0.9074074074074074,0.8260869565217391,0.8285714285714286,0.9101123595505618,0.815068493150685,0.8846153846153846,0.873015873015873,0.8604651162790697,0.9185185185185185,0.8148148148148148,0.79,0.6666666666666666,0.9090909090909091,0.9655172413793104,0.9732142857142857,0.8181818181818182,0.984,0.952,0.9214285714285714,0.9197080291970803,0.9487179487179487,0.9753086419753086,1.0,1.0,0.987012987012987,1.0,1.0,1.0,1.0,0.9736842105263158,0.9813084112149533,1.0,1.0,1.0,1.0,1.0,1.0,1.0,1.0,0.9879518072289156,1.0,1.0,0.9873417721518988,1.0,1.0,1.0,1.0,1.0,1.0,1.0,1.0,1.0,0.986013986013986,1.0,1.0,1.0,1.0,1.0,1.0,0.972972972972973,1.0,0.9787234042553191,1.0,1.0,1.0,1.0,1.0,1.0,1.0,1.0,0.9859154929577465,1.0,1.0,1.0,1.0,0.9166666666666666,1.0,1.0,1.0,1.0,1.0,1.0,1.0,1.0,1.0,1.0,1.0,1.0,1.0,1.0,1.0,1.0,1.0,1.0,1.0,1.0,0.98,1.0,1.0,1.0,1.0,0.9803921568627451,1.0,0.9759036144578314,1.0,1.0,1.0,0.9919354838709677,1.0,1.0,0.0,0.0,0.0,0.0,0.0,0.0,0.0,0.0,1.0,1.0,1.0,1.0,1.0,1.0,1.0,1.0,1.0,1.0,1.0,1.0,1.0,0.9850746268656716
3339098, yhdG, indel;+TGGAGGCGT;+8, indel,0.903766,9.999e-05,120,-1.0,0.324324,118,0.9,0.0952381,PASS,0.0935672514619883,0.18296973961998594,0.13414634146341464,0.06153846153846154,0.17278617710583155,0.0851063829787234,0.14893617021276595,0.19875776397515527,0.2962962962962963,0.2021174205967276,0.17142857142857143,0.1222707423580786,0.15255530129672007,0.14349775784753363,0.13712047012732617,0.12203389830508475,0.12941176470588237,0.23684210526315788,0.5519713261648745,0.7523809523809524,0.8258706467661692,0.7653061224489796,0.6902654867256637,0.8811188811188811,0.9166666666666666,0.98989898989899,0.9090909090909091,0.9629629629629629,0.883495145631068,0.9541984732824428,0.9150326797385621,0.9764705882352941,1.0,1.0,1.0,1.0,1.0,1.0,1.0,1.0,0.9868421052631579,0.9960474308300395,1.0,1.0,0.9824561403508771,1.0,0.9636363636363636,1.0,1.0,0.9901639344262295,1.0,1.0,1.0,0.9871794871794872,1.0,1.0,1.0,1.0,0.9921259842519685,1.0,1.0,1.0,1.0,1.0,1.0,1.0,0.9797979797979798,1.0,0.9924812030075187,1.0,1.0,1.0,1.0,0.9841269841269841,1.0,1.0,1.0,1.0,1.0,0.989010989010989,0.9775280898876404,1.0,1.0,1.0,1.0,1.0,1.0,,1.0,1.0,1.0,1.0,1.0,1.0,1.0,1.0,0.9818181818181818,1.0,1.0,1.0,1.0,0.991304347826087,1.0,1.0,0.9891304347826086,1.0,1.0,0.9897959183673469,1.0,1.0,1.0,1.0,1.0,1.0,1.0,1.0,1.0,1.0,0.99,1.0,1.0,0.12727272727272726,0.11976047904191617,0.16560509554140126,0.1310861423220974,0.078125,0.09782608695652174,0.13353115727002965,0.1282051282051282,0.07017543859649122,0.12463343108504399,1.0,1.0,1.0,1.0,0.9795918367346939,1.0,1.0,0.9805825242718447,1.0,1.0,0.9972781709308656,0.9830508474576272
3339172, fis, A->T, missense,1.93521,9.999e-05,120,-1.0,0.235294,119,0.9,0.705882,PASS,0.0,0.0,0.0,0.0,0.0,0.0,0.25,0.5684210526315789,0.32432432432432434,0.41414141414141414,0.09615384615384616,0.08403361344537816,0.17123287671232876,0.16964285714285715,0.05309734513274336,0.0547945205479452,0.05263157894736842,0.16,0.11971830985915492,0.06956521739130435,0.2076923076923077,0.20388349514563106,0.2835820895522388,0.12371134020618557,0.10256410256410256,0.02702702702702703,0.1111111111111111,0.010101010101010102,0.15584415584415584,0.061224489795918366,0.06329113924050633,0.045454545454545456,0.0,0.0,0.0,0.0,0.0,0.0,0.0,0.0,0.0,0.0,0.0,0.0,0.0,0.0,0.0,0.0,0.0,0.0,0.0,0.0,0.0,0.0,0.0,0.0,0.0,0.0,0.0,0.0,0.0,0.0,0.0,0.0,0.0,0.0,0.0,0.0,0.0,0.0,0.0,0.0,0.0,0.0,0.0,0.0,0.0,0.0,0.0,0.0,0.0,0.0,0.0,0.0,0.0,0.0,0.0,,0.0,0.0,0.0,0.0,0.0,0.0,0.0,0.0,0.0,0.0,0.0,0.0,0.0,0.0,0.0,0.0,0.0,0.0,0.0,0.0,0.0,0.0,0.0,0.0,0.0,0.0,0.0,0.0,0.0,0.0,0.0,0.0,0.0,0.0,0.0,0.0,0.0,0.0,0.0,0.0,0.0,0.0,0.0,0.0,0.0,0.0,0.0,0.0,0.0,0.0,0.0,0.0,0.0,0.0,0.0
3340900, envR, MOB_3340900_3340907_IS1_-1, sv,4.89642,9.999e-05,120,-1.0,0.8,117,0.9,0.705882,PASS,0.0,0.0,0.0,0.0,0.0,0.0,0.0,0.0,0.0,0.0,0.0,0.0,0.0,0.0,0.0,0.0,0.0,0.0,0.0,0.0,0.0,0.0,0.0,0.0,0.0,0.0,0.0,0.0,0.0,0.0,0.0,0.0,0.0,0.0,0.0,0.0,0.0,0.0,0.0,0.0,0.0,0.0,0.3787878787878788,0.9632352941176471,0.9379310344827586,0.3032258064516129,0.14906832298136646,0.028985507246376812,0.0196078431372549,0.00967741935483871,0.010638297872340425,0.02109704641350211,0.0,0.0,0.0,0.0,0.0,0.0,0.0,0.0,0.0,0.0,0.0,0.0,0.0,0.0,0.0,0.0,0.0,0.0,0.0,0.0,0.0,0.0,0.0,0.0,0.0,0.0,0.0,0.0,0.0,0.0,0.0,0.0,0.0,0.0,0.0,0.0,0.0,0.0,0.0,0.0,0.0,0.0,0.0,0.0,0.0,0.0,0.0,0.0,0.0,0.010101010101010102,0.0,0.0,0.0,0.0,0.0,0.0,0.0,0.0,0.0,0.0,0.0,0.0,0.0,0.0,0.0,0.0,0.0,0.0,0.0,0.0,0.0,0.0,0.0,0.0,0.0,0.0,0.0,0.0,0.0,0.0,0.0,0.0,0.0,0.0,0.0,0.0,0.0,0.0,0.0,0.0,0.0
3358713, aroE, T->C, missense,2.93821,0.0009999,120,-1.0,0.096,119,0.9,0.3,PASS,0.0,0.00625,0.0,0.0,0.0,0.0,0.0,0.0,0.0,0.0,0.0,0.0,0.0,0.007042253521126761,0.0,0.0,0.0,0.0,0.0,0.0,0.0,0.0,0.0,0.0,0.0,0.0,0.0,0.0,0.0,0.0,0.0,0.0,0.0,0.0,0.0,0.0,0.0,0.0,0.0,0.0,0.0,0.0,0.0,0.0,0.0,0.0,0.0,0.0,0.0,0.0,0.0,0.0,0.0,0.0,0.0,0.0,0.0,0.0,0.0,0.0,0.024096385542168676,0.030927835051546393,0.10975609756097561,0.06382978723404255,0.03,0.024096385542168676,0.008547008547008548,0.015625,0.019736842105263157,0.027777777777777776,0.0,0.0,0.0,0.0,0.0,0.0,0.0,0.0,0.0,0.0,0.0,0.0,0.0,0.0,0.0,0.0,0.0,0.0,0.0,0.0,0.0,0.0,0.0,0.0,0.0,0.0,0.0,0.0,0.0,0.0,0.0,0.0,0.0,0.0,0.0,0.0,0.0,0.0,0.0,0.0,0.0,0.010869565217391304,0.0,0.0,0.0,0.0,0.0,0.0,0.0,0.0,0.0,0.0,0.0,0.0,0.0,0.0,0.0,0.0,0.0,0.0,0.0,0.0,0.0,0.0,0.0,0.0,0.0,0.0,0.0,0.0,0.0,0.0,0.0
3373798, rplF, A->C, missense,2.9238,9.999e-05,120,-1.0,0.666667,117,0.9,0.103448,PASS,0.0,0.004098360655737705,0.0,0.0078125,0.0,0.0,0.0,0.006097560975609756,0.0,0.0,0.0,0.0,0.00425531914893617,0.0,0.006060606060606061,0.0,0.0,0.01639344262295082,0.0,0.0,0.0,0.0,0.0,0.0,0.0,0.006666666666666667,0.0,0.0040650406504065045,0.0,0.0,0.0,0.0,0.0,0.0,0.0,0.0,0.0,0.0,0.0,0.008403361344537815,0.0,0.006329113924050633,0.0,0.008403361344537815,0.0,0.0,0.0,0.0,0.0,0.0,0.0,0.0,0.0,0.008771929824561403,0.0,0.0,0.0,0.0,0.0,0.0,0.0,0.0,0.0,0.0,0.0,0.0,0.0,0.0,0.0,0.0,0.0,0.0,0.0,0.0,0.0,0.0,0.0,0.0,0.0,0.0,0.0,0.0,0.0,0.0,0.0,0.0,0.0,0.0,0.0,0.0,0.0,0.0,0.0,0.0,0.0,0.0,0.0,0.0,0.0,0.0,0.0,0.0,0.0,0.0,0.0,0.0,0.005494505494505495,0.10204081632653061,0.6439393939393939,0.8125,0.8316831683168316,1.0,1.0,1.0,1.0,1.0,1.0,1.0,0.9823529411764705,1.0,1.0,0.0,0.0,0.0,0.0,0.0,0.0,0.0,0.0,0.0,0.0,0.0,0.0,0.0,0.0,0.0,0.0,0.0,0.0,0.0,0.0,0.0,0.0
3376803, rplP, T->G, missense,3.77512,9.999e-05,120,-1.0,0.121212,118,0.9,0.307692,PASS,0.0,0.005405405405405406,0.0,0.0,0.0,0.0,0.0,0.0,0.0,0.0,0.0,0.0,0.0,0.0,0.0,0.0,0.007633587786259542,0.0,0.0,0.0,0.0,0.0,0.0,0.0,0.0,0.0,0.0,0.0,0.0,0.0,0.0,0.0,0.007575757575757576,0.0,0.008695652173913044,0.0,0.0,0.0,0.0,0.0,0.0,0.008130081300813009,0.0,0.0,0.0,0.0,0.0,0.0,0.0,0.0,0.0,0.0,0.0,0.0,0.0,0.0,0.0,0.0,0.0,0.022222222222222223,0.0,0.0,0.0,0.005952380952380952,0.0,0.0,0.0,0.0,0.0,0.0,0.0,0.0,0.0,0.03488372093023256,0.023255813953488372,0.01652892561983471,0.0,0.0,0.0,0.0,0.0,0.0,0.0,0.0,0.0,0.0,0.0,0.0,0.0,0.0,0.0,0.0,0.0,0.0,0.0,0.0,0.0,0.0,0.0,0.0,0.0,0.0,0.0,0.0,0.0,0.0,0.0,0.0,0.0,0.0,0.0,0.008620689655172414,0.06329113924050633,0.1513157894736842,0.37777777777777777,0.5714285714285714,0.7803030303030303,0.7894736842105263,0.8666666666666667,0.9347826086956522,0.9146341463414634,0.0,0.0,0.0,0.0,0.0,0.0,0.0,0.0,0.0,0.0,0.0,0.0,0.0,0.0,0.0,0.0,0.0,0.0,0.0,0.0,0.0,0.0
3463225, envZ, indel;A;C;-1;T, indel,1.23814,9.999e-05,120,-1.0,1.0,118,0.9,0.375,PASS,0.0,0.008928571428571428,0.023255813953488372,0.030303030303030304,0.0,0.0,0.0,0.028985507246376812,0.0,0.009009009009009009,0.0,0.0,0.008547008547008548,0.0,0.0,0.0,0.0,0.0,0.0,0.0,0.0,0.0,0.0,0.0,0.0,0.0,0.019230769230769232,0.02631578947368421,0.009900990099009901,0.0,0.0,0.0,0.011494252873563218,0.0,0.0,0.0,0.0,0.009009009009009009,0.0,0.0,0.0,0.0,0.0,0.0,0.0,0.0,0.0,0.0,0.0,0.009174311926605505,0.0,0.0,0.0,0.016666666666666666,0.1509433962264151,0.026785714285714284,0.28205128205128205,0.35,0.27692307692307694,0.2857142857142857,0.4380165289256198,0.5373134328358209,0.7319587628865979,0.9052631578947369,0.926829268292683,0.8554216867469879,0.8640776699029126,0.911504424778761,0.8582089552238806,0.9074074074074074,0.9444444444444444,0.9454545454545454,1.0,0.9444444444444444,0.9178082191780822,0.9393939393939394,1.0,0.9666666666666667,0.9607843137254902,0.9625,0.9146341463414634,0.9692307692307692,1.0,0.9285714285714286,1.0,1.0,1.0,1.0,1.0,1.0,0.75,0.9285714285714286,0.9285714285714286,1.0,0.9285714285714286,0.9230769230769231,0.8723404255319149,0.9090909090909091,1.0,0.6666666666666666,1.0,0.9836065573770492,0.9444444444444444,1.0,0.94,1.0,0.9827586206896551,0.96875,0.967741935483871,1.0,0.9736842105263158,0.9722222222222222,0.9433962264150944,0.990990990990991,0.9693877551020408,1.0,0.9895833333333334,0.9,0.9550561797752809,0.974025974025974,1.0,0.0,0.010638297872340425,0.0,0.0,0.0,0.0,0.0,0.0,0.0,0.0,0.0,0.0,0.0,0.0,0.0,0.0,0.9655172413793104,0.9411764705882353,0.8771929824561403,0.8974358974358975,0.9347826086956522,0.948051948051948
3475057, intergenic, C->T, noncoding,1.14673,9.999e-05,120,-1.0,0.545455,119,0.9,0.666667,PASS,0.0,0.0,0.009259259259259259,0.0,0.0,0.3380281690140845,0.25555555555555554,0.19047619047619047,0.5584415584415584,0.21367521367521367,0.8125,0.9152542372881356,0.875,0.83,0.6896551724137931,0.7947019867549668,0.7205882352941176,0.7530864197530864,0.4339622641509434,0.22,0.0,0.08391608391608392,0.08,0.07042253521126761,0.10714285714285714,0.05309734513274336,0.09210526315789473,0.0,0.07608695652173914,0.05263157894736842,0.020833333333333332,0.08823529411764706,0.0,0.0070921985815602835,0.08333333333333333,0.03870967741935484,0.019801980198019802,0.06711409395973154,0.050359712230215826,0.0958904109589041,0.04950495049504951,0.06535947712418301,0.04878048780487805,0.0,0.0,0.1282051282051282,0.041666666666666664,0.017857142857142856,0.034482758620689655,0.02976190476190476,0.018867924528301886,0.06164383561643835,0.03597122302158273,0.0125,0.04504504504504504,0.02,0.05555555555555555,0.015384615384615385,0.0,0.0,0.03571428571428571,0.059322033898305086,0.16666666666666666,0.13333333333333333,0.046296296296296294,0.10309278350515463,0.1782178217821782,0.2109375,0.0851063829787234,0.10077519379844961,0.13636363636363635,0.1927710843373494,0.09433962264150944,0.30158730158730157,0.1125,0.13636363636363635,0.1,0.125,0.08620689655172414,0.06382978723404255,0.08620689655172414,0.12345679012345678,0.22727272727272727,0.28,0.4444444444444444,0.3333333333333333,0.2857142857142857,0.25,0.5,0.5555555555555556,0.7692307692307693,1.0,1.0,0.8695652173913043,0.7727272727272727,0.9333333333333333,0.9054054054054054,0.9375,0.84,0.5,1.0,0.9215686274509803,0.9708029197080292,1.0,1.0,1.0,1.0,1.0,1.0,1.0,1.0,1.0,1.0,1.0,1.0,1.0,1.0,1.0,1.0,1.0,1.0,0.0,0.0,0.007352941176470588,0.0,0.0,0.9901960784313726,0.023529411764705882,0.0,1.0,1.0,0.0,0.006944444444444444,0.0,0.0,0.0,0.0,0.0,0.0,0.0,0.0,1.0,0.9583333333333334
3481672, malT, MOB_3481672_3481680_IS1_-1, sv,3.77479,0.00139986,120,-1.0,0.461538,118,0.9,0.244898,PASS,0.0,0.0,0.0,0.0,0.0,0.0,0.0,0.0,0.0,0.0,0.0,0.0,0.0,0.0,0.018050541516245487,0.045017742663656886,0.10359412442396314,0.22891355599214147,0.02349256068911511,0.0,0.0,0.0,0.0,0.0,0.0,0.0,0.0,0.0,0.0,0.0,0.0,0.0,0.0,0.0,0.0,0.0,0.0,0.0,0.0,0.0,0.0,0.0,0.0,0.0,0.0,0.0,0.0,0.0,0.0,0.0,0.0,0.0,0.0,0.0,0.0,0.0,0.0,0.0,0.0,0.0,0.0,0.0,0.0,0.0,0.0,0.0,0.0,0.0,0.0,0.0,0.0,0.0,0.0,0.0,0.0,0.0,0.0,0.0,0.0,0.0,0.0,0.0,0.0,0.0,0.0,0.0,0.0,,0.0,0.0,0.0,0.0,0.0,0.0,0.0,0.0,0.0,0.0,0.0,0.0,0.0,0.0,0.0,0.0,0.0,0.0,0.0,0.0,0.0,0.0,0.0,0.0,0.0,0.0,0.0,0.0,0.0,0.0,0.0,0.0,0.0,0.0,0.0,0.0,0.0,0.0,0.0,0.0,0.0,0.0,0.0,0.0,0.0,0.0,0.0,0.0,0.0,0.0,0.0,0.0,0.0,0.0,0.0
3481823, malT, A->C, missense,2.22922,0.00019998,120,-1.0,0.444444,118,0.9,1.0,PASS,0.0,0.01020408163265306,0.025,0.0,0.0,0.0,0.0,0.0,0.0,0.012345679012345678,0.0,0.010416666666666666,0.0,0.013333333333333334,0.0,0.03508771929824561,0.0,0.0821917808219178,0.06796116504854369,0.012048192771084338,0.053763440860215055,0.18333333333333332,0.1836734693877551,0.14634146341463414,0.05660377358490566,0.09473684210526316,0.07894736842105263,0.0,0.0379746835443038,0.07777777777777778,0.046153846153846156,0.022727272727272728,0.0,0.0,0.0,0.0,0.0,0.0,0.0,0.0,0.017241379310344827,0.0,0.0,0.0,0.0,0.0,0.0,0.0,0.015384615384615385,0.0,0.0,0.0,0.0,0.0,0.0,0.0,0.0,0.0,0.0,0.0,0.0,0.0,0.0,0.0,0.0,0.0,0.0,0.0,0.0,0.0,0.0,0.0,0.0,0.0,0.0,0.0,0.0,0.0,0.0,0.0,0.0,0.0,0.0,0.0,0.0,0.0,0.0,,0.0,0.0,0.0,0.0,0.0,0.0,0.0,0.0,0.0,0.0,0.0,0.0,0.0,0.0,0.0,0.0,0.0,0.0,0.0,0.0,0.0,0.0,0.0,0.0,0.0,0.0,0.0,0.0,0.0,0.0,0.0,0.0,0.0,0.0,0.0,0.0,0.0,0.0,0.0,0.0,0.0,0.0,0.0,0.0,0.0,0.0,0.0,0.0,0.0,0.0,0.0,0.0,0.0,0.0,0.0
3481990, malT, T->G, nonsense,2.13047,0.00589941,120,-1.0,0.923077,118,0.9,0.75,PASS,0.0,0.0,0.015151515151515152,0.0,0.0,0.007407407407407408,0.0,0.0,0.0,0.0,0.0,0.039473684210526314,0.1271186440677966,0.027522935779816515,0.036036036036036036,0.05,0.014705882352941176,0.025974025974025976,0.008620689655172414,0.0,0.0,0.0,0.0,0.0,0.0,0.00980392156862745,0.0,0.0,0.0,0.01,0.0,0.0,0.0,0.0,0.0,0.0,0.0,0.0,0.0,0.0,0.014084507042253521,0.007042253521126761,0.0,0.0,0.0,0.0,0.0,0.0,0.0,0.008264462809917356,0.0,0.0,0.0,0.0,0.0,0.0,0.0,0.0,0.0,0.0,0.0,0.0,0.0,0.013422818791946308,0.0,0.0,0.0,0.0,0.0,0.0,0.0,0.0,0.0,0.0,0.0,0.0,0.0,0.0,0.0,0.0,0.0,0.0,0.0,0.0,0.0,0.0,0.0,,0.0,0.0,0.0,0.0,0.0,0.0,0.0,0.0,0.0,0.0,0.0,0.0,0.0,0.0,0.0,0.0,0.0,0.0,0.0,0.0,0.0,0.0,0.0,0.0,0.0,0.0,0.0,0.0,0.008849557522123894,0.0,0.0,0.0,0.0,0.0,0.0,0.0,0.0,0.0,0.0,0.0,0.0,0.0,0.0,0.0,0.0,0.0,0.0,0.0,0.0,0.0,0.0,0.0,0.0,0.0,0.0
3483770, malT, C->T, missense,3.05204,0.010389,120,-1.0,0.521739,115,0.9,0.0618557,PASS,0.0,0.0,0.0,0.0,0.0,0.0,0.0,0.02564102564102564,0.0,0.0,0.0,0.0,0.0,0.0,0.0,0.0,0.0,0.0,0.0,0.0,0.0,0.0,0.0,0.0,0.0,0.0,0.0,0.0,0.0,0.0,0.0,0.0,0.0,0.0,0.0,0.0,0.0,0.0,0.0,0.0,0.0,0.0,0.0,0.0,0.0,0.0,0.0,0.0,0.0,0.0,0.0,0.0,0.0,0.0,0.0,0.0,0.0,0.0,0.0,0.0,0.0,0.0,0.0,0.012658227848101266,0.0,0.0,0.0,0.0,0.0,0.0,0.0,0.0,0.0,0.0,0.0,0.0,0.0,0.0,0.0,0.0,0.0,0.0,0.0,0.0,0.0,0.0,0.0,0.0,0.0,0.0,0.0,0.0,0.0,0.0,0.0,0.0,0.0,0.0,0.0,0.0,0.0,0.0,0.0,0.0,0.0,0.0,0.052083333333333336,0.1111111111111111,0.09433962264150944,0.0,0.1282051282051282,0.0,0.0,0.0,0.0,0.0,0.0,0.0,0.0,0.0,0.0,0.009708737864077669,0.0,0.0,0.0,0.0,0.0,0.0,0.0,0.0,0.0,0.0,0.0,0.0,0.0,0.0,0.0,0.0,0.0,0.0,0.0,0.0,0.0
3484307, malT, T->C, missense,3.92071,0.00149985,120,-1.0,0.521739,119,0.9,0.8,PASS,0.0,0.007246376811594203,0.0,0.0,0.010752688172043012,0.0,0.0,0.0,0.0,0.0,0.0,0.0,0.0078125,0.0,0.0,0.0,0.0,0.0,0.0,0.0,0.0,0.0,0.0,0.0,0.0,0.0,0.0,0.0,0.0,0.007042253521126761,0.0,0.0,0.0,0.0,0.0,0.0,0.00847457627118644,0.0064516129032258064,0.0,0.0,0.0,0.007518796992481203,0.0,0.0,0.0,0.0,0.0,0.0,0.0,0.0,0.0,0.0,0.0,0.0,0.0,0.0,0.0,0.0,0.0,0.0,0.0,0.0,0.0,0.0,0.0,0.0,0.0,0.0,0.0,0.0,0.0,0.0,0.0,0.0,0.0,0.0,0.0,0.0,0.0,0.0,0.0,0.0,0.0,0.0,0.0,0.0,0.0,0.0,0.0,0.0,0.0,0.0,0.0,0.0,0.0,0.0,0.0,0.0,0.0,0.0,0.0,0.0,0.0,0.0,0.0,0.0,0.0,0.0,0.0,0.0,0.0,0.0,0.0,0.0,0.0,0.0,0.0,0.0,0.043478260869565216,0.10416666666666667,0.21839080459770116,0.0,0.0,0.0,0.0,0.0,0.0,0.0,0.0,0.0,0.0,0.0,0.0,0.0,0.0,0.0,0.0,0.0,0.0,0.0,0.0,0.0,0.0
3489213, glpR, A->C, noncoding,1.04187,9.999e-05,120,-1.0,0.571429,118,0.9,0.210526,PASS,0.0,0.0,0.0,0.0,0.0,0.0,0.0,0.0,0.0,0.0,0.0,0.0,0.008695652173913044,0.008928571428571428,0.012987012987012988,0.0,0.0,0.01694915254237288,0.007518796992481203,0.0,0.0,0.0,0.0,0.011494252873563218,0.0,0.0,0.0,0.0,0.0,0.008547008547008548,0.0,0.0,0.0,0.0,0.0,0.0,0.0,0.0,0.0,0.0,0.0,0.009900990099009901,0.0,0.0,0.0,0.0,0.0,0.0,0.0,0.17692307692307693,0.6666666666666666,0.8737864077669902,0.9327731092436975,0.9666666666666667,0.9911504424778761,0.9746835443037974,1.0,1.0,0.9777777777777777,0.92,0.9917355371900827,1.0,1.0,1.0,1.0,1.0,1.0,0.9883720930232558,1.0,0.9894736842105263,1.0,1.0,1.0,1.0,0.9661016949152542,0.9885057471264368,1.0,1.0,1.0,1.0,0.961038961038961,1.0,1.0,1.0,1.0,1.0,1.0,1.0,1.0,1.0,1.0,,1.0,1.0,1.0,1.0,1.0,1.0,1.0,1.0,1.0,1.0,1.0,1.0,1.0,1.0,0.9915254237288136,1.0,1.0,1.0,1.0,1.0,1.0,1.0,1.0,1.0,1.0,1.0,1.0,1.0,1.0,0.0,0.0,0.0,0.0,0.0,0.0,0.0,0.0,0.0,0.0,0.0,0.0,0.0,0.0,0.0,0.0,1.0,0.9900990099009901,1.0,1.0,1.0,1.0
3505194, intergenic, G->A, noncoding,1.91386,9.999e-05,120,-1.0,0.285714,119,0.9,0.00571429,PASS,0.0,0.005376344086021506,0.0,0.0,0.0,0.0,0.0,0.0,0.0,0.0,0.0,0.0,0.0,0.0,0.0,0.0,0.0,0.009615384615384616,0.0,0.006024096385542169,0.0,0.0,0.0,0.0,0.0,0.006535947712418301,0.0,0.0,0.0,0.0,0.0,0.0,0.0,0.0,0.0,0.0,0.0,0.0,0.0,0.0,0.0,0.0,0.0,0.0,0.0,0.0,0.0,0.0,0.0,0.0,0.0,0.0,0.0,0.0,0.0,0.0,0.0,0.0,0.0,0.0,0.007246376811594203,0.0,0.0,0.0,0.0,0.0,0.0,0.0,0.0,0.0,0.0,0.0,0.0,0.0,0.0,0.0,0.0,0.0,0.07,0.2956521739130435,0.5384615384615384,0.10309278350515463,0.1,0.2962962962962963,0.4,0.3333333333333333,0.0,0.0,0.5,0.7857142857142857,1.0,0.7692307692307693,1.0,0.9615384615384616,0.9583333333333334,0.9375,0.8859649122807017,0.9523809523809523,1.0,0.625,1.0,0.9411764705882353,1.0,1.0,1.0,1.0,1.0,1.0,1.0,1.0,0.9811320754716981,1.0,1.0,1.0,1.0,1.0,1.0,1.0,1.0,1.0,1.0,0.0,0.0,0.0,0.0,0.0,0.0,0.0,0.0,0.0,0.0,0.0125,0.0,0.0,0.0,0.0,0.0,0.0,0.0,1.0,0.0,1.0,0.975
3524522, livG, G->A, missense,3.88361,0.00169983,120,-1.0,0.173913,116,0.9,0.101695,PASS,0.0,0.0,0.0,0.0,0.0,0.0,0.0,0.018518518518518517,0.0,0.0,0.0,0.0,0.0,0.0,0.0,0.027522935779816515,0.07894736842105263,0.14754098360655737,0.012048192771084338,0.0,0.0,0.0,0.0,0.0,0.0,0.0,0.0,0.0,0.0,0.0,0.0,0.0,0.0,0.0,0.0,0.0,0.0,0.0,0.0,0.0,0.0,0.0,0.0,0.0,0.0,0.0,0.0,0.0,0.0,0.0,0.0,0.0,0.0,0.0,0.0,0.0,0.0,0.0,0.0,0.0,0.0,0.0,0.0,0.0,0.0,0.0,0.0,0.0,0.0,0.0,0.0,0.0,0.0,0.0,0.0,0.0,0.0,0.0,0.0,0.0,0.0,0.0,0.0,0.0,0.0,0.0,0.0,0.0,0.0,0.0,0.0,0.0,0.0,0.0,0.0,0.0,0.0,0.0,0.0,0.0,0.0,0.0,0.0,0.0,0.0,0.0,0.0,0.0,0.019230769230769232,0.0,0.0,0.0,0.0,0.0,0.0,0.0,0.0,0.0,0.0,0.0,0.0,0.0,0.0,0.0,0.0,0.0,0.0,0.0,0.0,0.0,0.0,0.0,0.0,0.0,0.0,0.0,0.0,0.0,0.0,0.0,0.0,0.0,0.0
3524988, livM, C->T, missense,2.5311,9.999e-05,120,-1.0,0.144578,118,0.9,0.24,PASS,0.0,0.0,0.0,0.0,0.0,0.0,0.0,0.0,0.0,0.0,0.0,0.0,0.0,0.0,0.0,0.0,0.0,0.0,0.0,0.0,0.0,0.009900990099009901,0.0,0.0,0.0,0.0,0.0,0.0,0.0,0.0,0.0,0.0,0.0,0.0,0.0,0.0,0.0,0.008771929824561403,0.0,0.0,0.0,0.0,0.0,0.0,0.0,0.0,0.0,0.0,0.0,0.0,0.0,0.0,0.0,0.0,0.0,0.0,0.0,0.0,0.017857142857142856,0.0,0.0,0.0,0.0,0.0,0.0,0.0,0.0,0.0,0.0,0.0,0.0,0.0,0.0,0.0,0.0,0.0,0.0,0.0,0.0,0.0,0.0,0.0,0.0,0.0,0.0,0.0,0.0,0.0,0.0,0.0,0.0,0.0,0.0,0.0,0.125,0.3157894736842105,0.5490196078431373,0.2727272727272727,0.5833333333333334,0.0,0.0,0.2702702702702703,0.4,0.3333333333333333,0.19090909090909092,0.09523809523809523,0.4015748031496063,0.45,0.2391304347826087,0.16363636363636364,0.09836065573770492,0.0,0.0,0.0,0.0,0.0,0.01020408163265306,0.0,0.0,0.0,0.0,0.0,0.0,0.0,0.0,0.0,0.0,0.0,0.0,0.0,0.0,0.0,0.0,0.0,0.0,0.0,0.0,0.0,0.0,0.0,0.0,0.0,0.0
3555960, yhhI_3, A->T, missense,2.35416,9.999e-05,120,-1.0,0.8,117,0.9,0.125,PASS,0.0,0.0,0.0,0.0,0.0,0.0,0.0,0.0,0.0,0.0,0.0,0.0,0.0,0.0,0.0,0.0,0.0,0.0,0.0,0.0,0.0,0.0,0.0,0.0,0.0,0.0,0.0,0.0,0.0,0.0,0.0,0.0,0.0,0.0,0.0,0.0,0.0,0.0,0.0,0.0,0.0,0.005813953488372093,0.0,0.0,0.0,0.0,0.0,0.0,0.0,0.0,0.0,0.0,0.0,0.0,0.0,0.0,0.0,0.0,0.0,0.0,0.0,0.0,0.0,0.007751937984496124,0.0,0.0,0.0,0.0,0.0,0.0,0.0,0.0,0.0,0.0,0.0,0.0,0.0,0.0,0.0,0.0,0.0,0.0,0.0,0.0,0.0,0.0,0.0,0.0,0.0,0.0,0.0,0.0,0.15,0.1,0.20833333333333334,0.3,0.5142857142857142,0.0,0.2962962962962963,0.2222222222222222,0.0,0.2619047619047619,0.5609756097560976,0.2,0.18064516129032257,0.3939393939393939,0.37799043062200954,0.40476190476190477,0.2540983606557377,0.17647058823529413,0.20869565217391303,0.02127659574468085,0.0,0.0,0.0,0.0,0.0,0.0,0.0,0.0,0.0,0.0,0.0,0.0,0.0,0.0,0.0,0.0,0.0,0.0,0.0,0.0,0.0,0.0,0.0,0.0,0.0,0.0,0.0,0.0,0.0,0.0,0.0
3568578, pitA, A->C, missense,4.15605,9.999e-05,119,-1.0,0.27907,118,0.9,0.352941,PASS,0.0,0.007575757575757576,0.0,0.0,0.0,0.0,0.0,0.010638297872340425,0.0,0.0,0.0,0.0,0.0,0.0,0.0,0.006172839506172839,0.009433962264150943,0.0,0.0,0.0,0.0,0.0,0.0,0.007194244604316547,0.0,0.0,0.0,0.0,0.0,0.0,0.0,0.0,0.006896551724137931,0.0,0.0,0.0,0.0,0.0,0.00558659217877095,0.0,0.008064516129032258,0.0,0.0,0.009900990099009901,0.0,0.0,0.0,0.0,0.0,0.0,0.0,0.0,0.0,0.0,0.0,0.0,0.0,0.0,0.0,0.0,0.0,0.0,0.0,0.0,0.0,0.0,0.0,0.0,0.0,0.0,0.0,0.0,0.0,0.0,0.0,0.0,0.0,0.0,0.013888888888888888,0.0,0.0,0.0,0.0,0.0,0.0,0.0,0.0,0.0,0.0,0.0,0.0,0.0,0.0,0.0,0.0,0.0,0.0,0.0,0.0,0.0,0.0,0.0,0.0,0.0,0.0,0.0,0.0,0.0,0.0,0.0,0.0,0.014705882352941176,0.0,0.03759398496240601,0.10897435897435898,0.25,0.2857142857142857,0.43478260869565216,0.5042016806722689,0.5079365079365079,0.3764705882352941,0.0,0.0,0.0,0.0,0.0,0.0,0.0,0.0,0.0,0.0,0.0,0.0,0.0,0.0,0.0,0.0,0.0,0.0,0.0,0.0,0.0,0.0
3570444, yhiO, MOB_3570444_3570446_IS150_-1, sv,5.03898,9.999e-05,120,-1.0,0.214286,119,0.9,0.0275862,PASS,0.0,0.0,0.0,0.0,0.0,0.0,0.0,0.0,0.0,0.0,0.0,0.0,0.0,0.0,0.0,0.0,0.0,0.0,0.0,0.0,0.0,0.0,0.0,0.0,0.0,0.0,0.0,0.0,0.0,0.0,0.0,0.0,0.0,0.0,0.0,0.0014078558355624384,0.0,0.0,0.0,0.0,0.0,0.0,0.0,0.0,0.0,0.0,0.0,0.0,0.0,0.0,0.0,0.0,0.0017117425539198902,0.002737476047084588,0.0,0.0,0.0,0.0,0.0,0.0,0.0,0.0,0.0,0.0,0.0,0.0,0.0020567667626491155,0.0,0.0,0.0,0.0,0.0,0.0,0.0,0.0,0.0,0.0,0.0,0.0,0.0,0.0,0.0,0.0,0.0,0.0,0.0,0.0,0.0,0.0,0.0,0.03067484662576687,0.3488372093023256,0.5031446540880503,0.23316062176165803,0.10291595197255575,0.18759018759018758,0.25557011795543905,0.1286764705882353,0.0,0.04597701149425287,0.0,0.06638032018742678,0.06494824436776944,0.0,0.02384565358768697,0.0,0.0,0.0,0.0,0.0,0.0,0.0,0.004012841091492777,0.0,0.0,0.0,0.0,0.0,0.0,0.0,0.0,0.0,0.0,0.0,0.0,0.0,0.0,0.0,0.0,0.0,0.0,0.0,0.0,0.0,0.0,0.0,0.0,0.0,0.0,0.0,0.0,0.0,0.0
3582758, yhiS, A->G, missense,2.52793,9.999e-05,120,-1.0,0.5,116,0.9,0.25,PASS,0.0,0.0,0.0,0.0,0.0,0.0,0.0,0.0,0.0,0.0,0.0,0.0,0.0,0.0,0.0,0.041666666666666664,0.07936507936507936,0.09195402298850575,0.1511627906976744,0.12745098039215685,0.2125984251968504,0.1523809523809524,0.4117647058823529,0.10526315789473684,0.034482758620689655,0.034482758620689655,0.078125,0.0,0.0875,0.06382978723404255,0.07272727272727272,0.046511627906976744,0.0,0.0,0.0,0.0,0.0,0.0,0.0,0.0,0.0,0.0,0.0,0.0,0.0,0.0,0.0,0.0,0.0,0.0,0.0,0.0,0.0,0.0,0.0,0.0,0.0,0.0,0.0,0.0,0.0,0.0,0.0,0.0,0.0,0.0,0.009009009009009009,0.0,0.0,0.0,0.0,0.0,0.0,0.0,0.0,0.0,0.0,0.0,0.0,0.0,0.0,0.0,0.0,0.0,0.0,0.1,0.0,,0.0,0.0,0.0,0.0,0.0,0.0,0.0,0.0,0.0,0.0,0.0,0.0,0.0,0.0,0.0,0.0,0.0,0.0,0.009009009009009009,0.0,0.0,0.0,0.0,0.0,0.0,0.0,0.0,0.0,0.0,0.0,0.0,0.0,0.0,0.0,0.0,0.0,0.0,0.0,0.0,0.0,0.0,0.0,0.0,0.0,0.0,0.0,0.0,0.0,0.0,0.0,0.0,0.0,0.0,0.0,0.0
3614629, yhjK, G->A, missense,2.89497,0.00679932,120,-1.0,0.521739,119,0.9,0.705882,PASS,0.0,0.0,0.0,0.0,0.0,0.0,0.0,0.0,0.0,0.0,0.40384615384615385,0.5818181818181818,0.0392156862745098,0.02459016393442623,0.024691358024691357,0.06206896551724138,0.1568627450980392,0.08139534883720931,0.08620689655172414,0.18181818181818182,0.0,0.05084745762711865,0.0,0.0,0.0,0.0,0.0,0.0,0.0,0.0,0.0,0.0,0.0,0.0,0.0,0.0,0.0,0.0,0.0,0.0,0.0,0.0,0.0,0.0,0.0,0.0,0.0,0.0,0.0,0.0072992700729927005,0.0,0.0,0.0,0.0,0.0,0.0,0.0,0.0,0.0,0.0,0.0,0.0,0.0,0.0,0.0,0.013157894736842105,0.0,0.0,0.0,0.0,0.0,0.0,0.0,0.0,0.0,0.0,0.0,0.0,0.0,0.0,0.0,0.0,0.0,0.0,0.0,0.0,0.0,0.0,0.0,0.0,0.0,0.0,0.0,0.0,0.0,0.0,0.0,0.0,0.0,0.0,0.0,0.0,0.0,0.0,0.007518796992481203,0.0,0.0,0.0,0.0,0.0,0.0,0.0,0.0,0.017543859649122806,0.0,0.0,0.0,0.0,0.0,0.0,0.0,0.0,0.0,0.0,0.0,0.0,0.0,0.0,0.0,0.0,0.0,0.0,0.0,0.0,0.0,0.0,0.0,0.0,0.0,0.0,0.0,0.0,0.0
3658922, xylB, T->G, missense,2.74391,0.00649935,120,-1.0,0.0779221,119,0.9,0.324324,PASS,0.0,0.0,0.0,0.0,0.0,0.011363636363636364,0.0,0.020833333333333332,0.0,0.0,0.0,0.0,0.0,0.014492753623188406,0.0,0.0,0.0196078431372549,0.017543859649122806,0.0,0.0,0.0,0.0,0.0,0.0,0.0,0.0,0.0,0.0,0.0,0.0,0.0,0.0,0.0,0.0,0.0,0.0,0.0,0.0,0.0,0.0,0.0,0.0,0.0,0.0,0.0,0.0,0.0,0.0,0.0,0.0,0.0,0.0,0.0,0.0,0.0,0.0,0.0,0.0,0.0,0.0,0.0,0.0,0.0,0.0,0.0,0.0,0.0,0.0,0.0,0.0,0.0,0.0,0.0,0.0,0.0,0.0,0.0,0.0,0.0,0.0,0.0,0.0,0.0,0.0,0.0,0.0,0.0,0.0,0.0,0.0,0.0,0.0,0.0,0.0,0.0,0.0,0.0,0.0,0.0,0.0,0.0,0.0,0.0,0.0,0.0,0.0,0.0,0.0,0.0,0.0,0.0,0.0,0.0,0.0,0.023809523809523808,0.0,0.02857142857142857,0.14285714285714285,0.0,0.0,0.0,0.0,0.0,0.0,0.0,0.0,0.0,0.0,0.0,0.0,0.0,0.0,0.0,0.0,0.0,0.0,0.0,0.0,0.0,0.0,0.0,0.0,0.0
3713125, ECB_03460, MOB_3713125_3713127_IS3_-1, sv,4.3554,9.999e-05,120,-1.0,0.923077,120,0.9,1.0,PASS,0.0,0.0,0.0,0.0,0.0,0.0,0.0,0.0,0.0,0.0,0.0,0.0,0.0,0.0,0.0,0.0,0.0,0.0,0.0,0.0,0.0,0.0,0.0,0.0,0.0,0.0,0.0,0.0,0.0,0.0,0.0,0.0,0.0,0.0,0.0,0.0,0.0,0.0,0.0,0.0,0.0,0.0,0.0,0.0,0.0,0.0,0.0,0.0,0.0,0.0,0.0,0.0,0.0,0.0,0.0,0.0,0.0,0.0,0.0,0.0,0.0,0.0,0.0,0.0,0.0,0.0,0.0,0.0,0.0,0.0,0.0,0.0,0.0,0.0,0.0,0.0,0.0,0.0,0.0,0.0,0.0,0.0,0.0,0.0,0.0,0.0,0.0,0.0,0.0,0.0,0.0,0.0,0.0,0.0,0.0,0.0,0.006211180124223602,0.0,0.0196078431372549,0.0,0.0,0.05511811023622047,0.11447811447811448,0.061224489795918366,0.0165016501650165,0.03125,0.0027472527472527475,0.0,0.0,0.0,0.0,0.0,0.0,0.0,0.0,0.0,0.0,0.0,0.0,0.0,0.0,0.0,0.0,0.0,0.0,0.0,0.0,0.0,0.0,0.0,0.0,0.0,0.0,0.0,0.0,0.0,0.0,0.0,0.0,0.0,0.0,0.0,0.0
3715587, ECB_03460, indel;+G;-1, indel,2.19714,9.999e-05,120,-1.0,0.0204082,119,0.9,0.2,PASS,0.0,0.00510204081632653,0.008,0.00909090909090909,0.006711409395973154,0.022857142857142857,0.0,0.01818181818181818,0.018292682926829267,0.005714285714285714,0.0,0.013245033112582781,0.009900990099009901,0.0058823529411764705,0.0,0.005154639175257732,0.0,0.0,0.0,0.0,0.004464285714285714,0.0,0.008849557522123894,0.024193548387096774,0.015151515151515152,0.022556390977443608,0.0,0.005,0.011494252873563218,0.011363636363636364,0.01282051282051282,0.031055900621118012,0.013245033112582781,0.0,0.0,0.019417475728155338,0.0,0.00975609756097561,0.004424778761061947,0.0,0.0,0.020512820512820513,0.0,0.0,0.0,0.0070921985815602835,0.009259259259259259,0.017391304347826087,0.013245033112582781,0.0,0.013333333333333334,0.029239766081871343,0.0,0.0,0.005208333333333333,0.006756756756756757,0.031746031746031744,0.017857142857142856,0.0,0.0,0.031413612565445025,0.0,0.0,0.009950248756218905,0.012578616352201259,0.0,0.029411764705882353,0.012738853503184714,0.0,0.0,0.019230769230769232,0.0,0.0,0.0,0.0,0.0,0.0,0.0,0.010526315789473684,0.0,0.007751937984496124,0.014814814814814815,0.0,0.0,0.0,0.0,0.0,0.0,0.0,0.0,0.0,0.05263157894736842,0.0,0.0,0.0,0.0,0.0,0.0,0.0,0.0,0.07692307692307693,0.22388059701492538,0.4,0.4166666666666667,0.21693121693121692,0.2,0.2546583850931677,0.3656716417910448,0.25892857142857145,0.12941176470588237,0.10655737704918032,0.051094890510948905,0.04395604395604396,0.09554140127388536,0.07784431137724551,0.058823529411764705,0.0,0.0,0.024096385542168676,0.0,0.0,0.0,0.0,0.0,0.0,0.0,0.0,0.0,0.0,0.0,0.0,0.0,0.0,0.0,0.0,0.0,0.0,0.0,0.0,0.0,0.0,0.004048582995951417,0.007246376811594203
3761382, spoT, G->A, missense,0.979592,9.999e-05,120,-1.0,0.0344828,119,0.9,0.0833333,PASS,0.0,0.9066666666666666,1.0,0.9821428571428571,1.0,0.9883720930232558,1.0,1.0,1.0,1.0,1.0,1.0,1.0,1.0,1.0,1.0,1.0,0.9873417721518988,1.0,1.0,1.0,1.0,0.9767441860465116,1.0,1.0,1.0,1.0,1.0,1.0,1.0,1.0,1.0,1.0,1.0,1.0,1.0,1.0,1.0,1.0,1.0,1.0,1.0,1.0,1.0,1.0,1.0,1.0,1.0,1.0,1.0,1.0,1.0,1.0,1.0,0.989010989010989,1.0,1.0,1.0,1.0,1.0,0.9880952380952381,1.0,1.0,1.0,1.0,1.0,1.0,1.0,1.0,1.0,1.0,0.9821428571428571,1.0,1.0,1.0,0.9787234042553191,1.0,1.0,1.0,1.0,0.9629629629629629,1.0,1.0,1.0,1.0,1.0,1.0,1.0,1.0,1.0,1.0,1.0,1.0,1.0,1.0,1.0,1.0,1.0,1.0,1.0,1.0,1.0,1.0,0.9473684210526315,1.0,1.0,0.9926470588235294,1.0,1.0,1.0,0.9743589743589743,1.0,1.0,1.0,1.0,1.0,1.0,1.0,0.9831932773109243,1.0,1.0,1.0,1.0,1.0,1.0,1.0,1.0,1.0,0.0,1.0,1.0,1.0,1.0,1.0,0.9846153846153847,0.9493670886075949,1.0,1.0,1.0,1.0,1.0,1.0,1.0
3767429, gltS, indel;+ACACG, indel,3.58948,0.00029997,120,-1.0,0.6,119,0.9,0.48,PASS,0.0,0.0,0.0,0.0,0.0,0.0,0.0,0.0,0.0,0.0,0.0,0.0,0.0,0.0,0.0,0.0,0.0,0.0,0.0,0.0,0.0,0.0,0.0,0.0,0.0,0.0,0.0,0.0,0.0,0.0,0.0,0.0,0.0,0.0,0.0,0.0,0.0,0.0,0.0,0.0,0.0,0.0,0.0,0.0,0.0,0.0,0.0,0.0,0.0,0.0,0.0,0.0,0.0,0.0,0.0,0.0,0.0,0.0,0.0,0.0,0.0,0.0,0.0,0.0,0.0,0.0,0.0,0.0,0.0,0.0,0.0,0.0,0.0,0.0,0.0,0.0,0.0,0.0,0.0,0.0,0.0,0.0,0.0,0.0,0.0,0.0,0.0,,0.0,0.0,0.0,0.0,0.0,0.0,0.0,0.0,0.0,0.0,0.0,0.0,0.0,0.0,0.0,0.0,0.0,0.0,0.0,0.0,0.0,0.0,0.0,0.0091324200913242,0.034782608695652174,0.06091370558375635,0.0425531914893617,0.13636363636363635,0.025884383088869714,0.06896551724137931,0.029850746268656716,0.025974025974025976,0.0,0.0,0.0,0.0,0.0,0.0,0.0,0.0,0.0,0.0,0.0,0.0,0.0,0.0,0.0,0.0,0.0,0.0,0.0,0.0,0.0,0.0,0.0
3781649, ECB_03521, MOB_3781649_3781657_IS1_-1, sv,6.23316,0.00039996,120,-1.0,0.214286,119,0.9,0.0321716,PASS,0.0,0.0,0.0,0.0,0.0,0.0,0.0,0.0,0.0,0.0,0.0,0.0,0.0,0.0,0.0,0.0,0.0,0.0,0.0,0.0,0.0,0.0,0.0,0.0,0.0,0.0,0.0,0.0,0.0,0.0,0.0,0.0,0.0,0.0,0.0,0.0,0.0,0.0,0.0,0.0,0.0,0.0,0.0,0.0,0.0,0.0,0.0,0.0,0.0,0.0,0.0,0.0,0.002798058988764045,0.0,0.0,0.0,0.0,0.0,0.0,0.0,0.0,0.0,0.0,0.0,0.0,0.0,0.0,0.0,0.0,0.0,0.0,0.0,0.0,0.0,0.0,0.0,0.0,0.0,0.0,0.0,0.0,0.0,0.0,0.0,0.0,0.0,0.0,0.0,0.0,0.0,0.0,0.0,0.0,0.0,0.0,0.030224969512195124,0.034635229784758574,0.1389741899441341,0.061257227926078024,0.32169640287769785,0.0,0.026031583552055995,0.02808368336025848,0.0,0.003974336673346693,0.0,0.0,0.0,0.0,0.0,0.0,0.0,0.0,0.0,0.0,0.0,0.0,0.0,0.0,0.0,0.0,0.0,0.0,0.0,0.0,0.0,0.0,0.0,0.0,0.0,0.0,0.0,0.0,0.0,0.0,0.0,0.0,0.0,0.0,0.0,0.0,,0.0
3784043, intergenic, T->C, noncoding,3.04579,9.999e-05,120,-1.0,1.0,117,0.9,0.5,PASS,0.0,0.0,0.0,0.0,0.0,0.008771929824561403,0.0,0.012658227848101266,0.013333333333333334,0.0,0.0,0.0,0.0,0.0,0.0,0.01282051282051282,0.0,0.0,0.00847457627118644,0.0,0.0,0.0,0.0,0.0,0.0,0.0,0.0,0.0,0.0,0.0,0.0,0.0,0.0,0.0,0.0,0.0,0.0,0.0,0.006711409395973154,0.0,0.0,0.0,0.0,0.0,0.0,0.0,0.0,0.0,0.0,0.0,0.0,0.0,0.0,0.0,0.0,0.0,0.03125,0.0,0.0,0.0,0.0,0.0,0.0,0.0,0.0,0.0,0.0,0.0,0.0,0.0,0.0,0.0,0.0,0.0,0.0,0.0,0.0,0.0,0.0,0.006578947368421052,0.0,0.0,0.0,0.0,0.0,0.0,0.0,,0.0,0.0,0.0,0.0,0.0,0.0,0.0,0.0,0.0,0.0,0.0,0.0,0.0,0.0,0.009259259259259259,0.0,0.0,0.0,0.006993006993006993,0.022222222222222223,0.1574074074074074,0.2222222222222222,0.13178294573643412,0.14705882352941177,0.12987012987012986,0.3851851851851852,0.5912408759124088,0.7222222222222222,0.7924528301886793,0.8,0.92,0.9647058823529412,0.9405940594059405,0.0,0.0,0.0,0.0,0.0,0.0,0.0,0.0,0.0,0.0,0.0,0.0,0.0,0.0,0.0,0.0,0.0,0.0,0.0,0.0,0.0,0.0
3848655, intergenic, MOB_3848655_3848663_IS1_-1, sv,3.87104,0.00019998,118,-1.0,0.020202,112,0.9,0.0916031,PASS,0.0,0.0,0.0,0.0,0.0,0.0,0.0,0.0,0.0,0.0,0.0,0.0,0.0,0.0,0.0,0.0,0.0,0.0,0.0,0.0,0.0,0.0,0.0,0.0,0.0,0.0,0.0,0.0,0.0,0.0,0.0,0.0,0.11049723756906077,0.10869565217391304,0.0718954248366013,0.04126984126984127,0.0038461538461538464,0.0,0.010380622837370242,0.0,0.0,0.0,0.0,0.0,0.0,0.0,0.0,0.0,0.0,0.0,0.0,0.0,0.0,0.0,0.0,0.0,0.0,0.0,0.0,0.0,0.0,0.0,0.0,0.0,0.0,0.0,0.0,0.0,0.0,0.0,0.0,0.0,0.0,0.0,0.0,0.0,0.0,0.0,0.0,0.0,0.0,0.0,0.0,0.0,0.0,0.0,0.0,,0.0,0.0,0.0,0.0,0.0,0.0,0.0,0.0,0.0,0.0,0.0,0.0,0.0,0.0,0.0,0.0,0.0,0.0,0.0,0.0,0.0,0.0,0.0,0.0,0.0,0.0,0.0,0.0,0.0,0.0,0.0,0.0,0.0,0.0,0.0,0.0,0.0,0.0,0.0,0.0,0.0,0.0,0.0,0.0,0.0,0.0,0.0,0.0,0.0,0.0,0.0,0.0,0.0,0.0,0.0
3893550, intergenic, indel;C;+G;G;T;+GG;+T, indel,1.80311,9.999e-05,120,-1.0,0.444444,119,0.9,0.428571,PASS,0.0,0.006622516556291391,0.006896551724137931,0.010638297872340425,0.01834862385321101,0.006024096385542169,0.011363636363636364,0.024691358024691357,0.023809523809523808,0.046153846153846156,0.0,0.043478260869565216,0.031007751937984496,0.012738853503184714,0.024193548387096774,0.04371584699453552,0.03636363636363636,0.011363636363636364,0.022058823529411766,0.0,0.007142857142857143,0.0,0.0,0.0,0.01639344262295082,0.0,0.0,0.0,0.007751937984496124,0.01948051948051948,0.05,0.02666666666666667,0.06593406593406594,0.1297709923664122,0.21495327102803738,0.1657142857142857,0.0072992700729927005,0.013422818791946308,0.005714285714285714,0.008928571428571428,0.009523809523809525,0.02702702702702703,0.027777777777777776,0.0,0.011494252873563218,0.010638297872340425,0.012048192771084338,0.009900990099009901,0.07058823529411765,0.01775147928994083,0.030612244897959183,0.034722222222222224,0.028985507246376812,0.03571428571428571,0.04310344827586207,0.04,0.0,0.024096385542168676,0.033707865168539325,0.03225806451612903,0.008849557522123894,0.009523809523809525,0.011111111111111112,0.01639344262295082,0.0072992700729927005,0.011764705882352941,0.007246376811594203,0.0136986301369863,0.039735099337748346,0.02702702702702703,0.0,0.0,0.028985507246376812,0.02666666666666667,0.01282051282051282,0.06097560975609756,0.07692307692307693,0.0847457627118644,0.14084507042253522,0.07017543859649122,0.012658227848101266,0.047619047619047616,0.0,0.05555555555555555,0.0,0.2,0.5,0.0,0.5,0.1875,0.2222222222222222,0.0,0.0,0.0,0.058823529411764705,0.11764705882352941,0.08421052631578947,0.5,0.5263157894736842,0.3076923076923077,0.6,0.5,0.3333333333333333,0.6333333333333333,0.7244094488188977,0.9375,0.65625,0.5923076923076923,0.6741573033707865,0.8372093023255814,0.8356164383561644,0.9369369369369369,0.8518518518518519,0.9457364341085271,0.9482758620689655,0.8823529411764706,0.8548387096774194,0.9230769230769231,0.890625,0.898876404494382,0.8947368421052632,0.0,0.0,0.0,0.0,0.0,0.0,0.0,0.0,0.0,0.0,0.0,0.0,0.0,0.0,0.0,0.0,0.0,0.009259259259259259,0.0,0.0,0.8779342723004695,0.9279279279279279
3898944, rbsB, junction_3898944_1_IS150_end, sv,0.993984,9.999e-05,120,-1.0,0.8,3,1.23899,1.0,PASS,0.0,0.014831314623338258,0.7416812585499317,1.0,1.0,1.0,1.0,1.0,1.0,1.0,1.0,1.0,1.0,1.0,1.0,1.0,1.0,1.0,1.0,1.0,1.0,1.0,1.0,1.0,1.0,1.0,1.0,1.0,1.0,1.0,1.0,1.0,1.0,1.0,1.0,1.0,1.0,1.0,1.0,1.0,1.0,1.0,1.0,1.0,1.0,1.0,1.0,1.0,1.0,1.0,1.0,1.0,1.0,1.0,1.0,1.0,1.0,1.0,1.0,1.0,1.0,1.0,1.0,1.0,1.0,1.0,1.0,1.0,1.0,1.0,1.0,1.0,1.0,1.0,1.0,1.0,1.0,1.0,1.0,1.0,0.9913941908713693,1.0,1.0,1.0,1.0,1.0,1.0,,1.0,1.0,1.0,1.0,1.0,1.0,1.0,1.0,1.0,1.0,1.0,1.0,1.0,1.0,1.0,1.0,1.0,1.0,1.0,1.0,1.0,1.0,1.0,1.0,1.0,1.0,1.0,1.0,1.0,1.0,1.0,1.0,1.0,0.0,0.0,0.0,1.0,1.0,0.0,1.0,,1.0,1.0,1.0,1.0,1.0,1.0,1.0,1.0,1.0,1.0,1.0,1.0,1.0,1.0
3930310, rfe, T->G, missense,4.35219,0.00129987,120,-1.0,0.266667,119,0.9,0.122449,PASS,0.0,0.0,0.0,0.0,0.0,0.0,0.0,0.0,0.0,0.0,0.0,0.0,0.0,0.0,0.0,0.0,0.0,0.010638297872340425,0.0,0.0,0.0,0.0,0.0,0.0,0.0,0.0,0.0,0.009009009009009009,0.0,0.017391304347826087,0.0,0.0,0.0,0.0,0.0,0.0,0.0,0.0,0.0,0.0,0.009174311926605505,0.0,0.0,0.0,0.0,0.0,0.0,0.0,0.0,0.0,0.0,0.0,0.0,0.0,0.0,0.0,0.0,0.0,0.0,0.0,0.0,0.0,0.0,0.0,0.0,0.0,0.0,0.0,0.0,0.0,0.0,0.0,0.0,0.0,0.0,0.0,0.0,0.0,0.0,0.0,0.0,0.0,0.0,0.0,0.0,0.0,0.0,0.0,0.0,0.0,0.0,0.0,0.0,0.0,0.0,0.0,0.0,0.0,0.0,0.0,0.0,0.0,0.0,0.0,0.0,0.0,0.0,0.0,0.0,0.0,0.0,0.0,0.0,0.0,0.0,0.0,0.0,0.0,0.0,0.0759493670886076,0.11538461538461539,0.0,0.0,0.0,0.0,0.0,0.0,0.0,0.0,0.0,0.0,0.0,0.0,0.0,0.0,0.0,0.0,0.0,0.0,0.0,0.0,0.0,0.0
3946563, aslA, T->A, missense,9.8036,9.999e-05,120,-1.0,0.571429,118,0.9,0.110092,PASS,0.0,0.0,0.0,0.0,0.0,0.008130081300813009,0.0,0.0,0.0,0.0,0.0,0.0064516129032258064,0.0,0.0,0.007751937984496124,0.0,0.0,0.0,0.0,0.0,0.0,0.0,0.0,0.0,0.0,0.0,0.0,0.0,0.0,0.0,0.0,0.0,0.0,0.0,0.0,0.0,0.0,0.0,0.0,0.0,0.0,0.0,0.0,0.0,0.0,0.0,0.0,0.0,0.0,0.0,0.0,0.0,0.0,0.0,0.0,0.0,0.0,0.0,0.0,0.0,0.0,0.0,0.0,0.006134969325153374,0.0,0.0,0.0,0.0,0.0,0.0,0.0,0.0,0.0,0.0,0.0,0.0,0.0,0.0,0.0,0.0,0.0,0.029411764705882353,0.045454545454545456,0.0,0.0,0.0,0.5789473684210527,1.0,0.5833333333333334,0.25,0.0,0.0,0.0,0.0,0.06666666666666667,0.0,0.0,0.0,0.0,0.0,0.0,0.0,0.0,0.0,0.0,0.0,0.0,0.0,0.0,0.0,0.0,0.0,0.0,0.0,0.0,0.0,0.0,0.0,0.0,0.0,0.0,0.0,0.0,0.0,0.0,0.0,0.0,0.0,0.0,0.0,0.0,0.0,0.0,0.0,0.0,0.0,0.0,0.0,0.0,0.0,0.0,0.0,0.0
3949730, hemX, indel;-6, indel,1.92163,9.999e-05,120,-1.0,0.857143,118,0.9,0.375,PASS,0.0,0.0,0.0,0.0,0.0,0.0,0.0,0.0,0.0,0.0,0.0,0.0,0.015082956259426848,0.0,0.0,0.0,0.0,0.0,0.0,0.0,0.013386880856760375,0.0,0.02481389578163772,0.022026431718061675,0.0,0.012239902080783353,0.0,0.0,0.018083182640144666,0.0,0.029498525073746312,0.0,0.017761989342806397,0.0,0.0,0.0,0.0,0.01107419712070875,0.0,0.0,0.0,0.0,0.030303030303030304,0.0,0.021598272138228944,0.01605136436597111,0.0,0.0,0.0,0.0,0.0,0.0333889816360601,0.0,0.02421307506053269,0.0,0.0,0.0,0.0,0.0,0.0,0.0,0.0,0.0,0.0,0.0,0.0,0.0,0.03273322422258593,0.0,0.0,0.0,0.0,0.0,0.029411764705882353,0.0,0.0,0.0,0.03861003861003861,0.0,0.0,0.052083333333333336,0.12121212121212122,0.0,0.0,0.27027027027027023,0.0,0.0,0.0,0.3333333333333333,0.5714285714285714,1.0,1.0,1.0,0.8461538461538461,1.0,1.0,0.9761904761904762,1.0,0.9230769230769231,1.0,1.0,0.896551724137931,1.0,1.0,1.0,1.0,0.975177304964539,1.0,1.0,1.0,0.9915611814345991,1.0,1.0,0.9850746268656716,1.0,1.0,1.0,1.0,1.0,0.9523809523809523,0.9772727272727273,0.0,0.0,0.0,0.0,0.0,0.0,0.0,0.0,0.0,0.0,0.0,0.0,0.0,0.0,0.0,0.0,0.0,0.04484304932735426,0.0,0.0,0.995334370139969,1.0
3974751, yigL, C->T, missense,2.5097,0.00059994,120,-1.0,0.857143,118,0.9,0.315789,PASS,0.0,0.0,0.0,0.0,0.0,0.00819672131147541,0.0,0.0,0.0,0.0,0.0,0.0,0.0,0.0,0.0,0.0,0.0,0.0,0.0,0.0,0.0,0.0,0.0,0.0,0.0,0.0,0.0,0.0,0.0,0.0,0.0,0.0,0.0,0.0,0.0,0.0,0.0,0.0,0.0,0.0,0.010101010101010102,0.0,0.0,0.0,0.0,0.0,0.0,0.0,0.0,0.0,0.0,0.0,0.0,0.0,0.0,0.0,0.0,0.0,0.0,0.0,0.0,0.0,0.0,0.0,0.0,0.0,0.0,0.0,0.0,0.0,0.0,0.0,0.0,0.0,0.0,0.0,0.0,0.0,0.0,0.0,0.0,0.0,0.2,0.0,0.0,0.0,0.0,,0.0,0.0,0.0,0.0,0.0,0.0,0.0,0.0,0.0,0.0,0.0,0.0,0.0,0.0,0.10465116279069768,0.12,0.015625,0.05263157894736842,0.1437908496732026,0.08571428571428572,0.10989010989010989,0.1111111111111111,0.05785123966942149,0.0,0.02666666666666667,0.0,0.0,0.0,0.0,0.0,0.0,0.0,0.012658227848101266,0.0,0.0,0.0,0.0,0.0,0.0,0.0,0.0,0.0,0.0,0.0,0.0,0.0,0.0,0.0,0.0,0.0,0.0,0.0,0.0,0.0,0.0
3977062, metR, T->C, missense,0.991536,9.999e-05,120,-1.0,0.521739,119,0.9,0.48,PASS,0.0,0.0,0.0,0.0,0.0,0.0,0.0,0.0,0.0,0.0,0.0,0.009259259259259259,0.0,0.0,0.0,0.0,0.0,0.0,0.0,0.0,0.0,0.0,0.0,0.0,0.0,0.0,0.0,0.0,0.0,0.0,0.0,0.0,0.0,0.0,0.0,0.0,0.0,0.016129032258064516,0.0,0.037037037037037035,0.01282051282051282,0.01694915254237288,0.0,0.0,0.16494845360824742,0.580952380952381,0.9692307692307692,0.9833333333333333,0.961038961038961,0.963302752293578,0.9880952380952381,0.9716981132075472,1.0,1.0,0.98989898989899,1.0,1.0,1.0,1.0,1.0,1.0,1.0,1.0,1.0,1.0,1.0,1.0,1.0,1.0,1.0,1.0,1.0,1.0,1.0,1.0,1.0,1.0,1.0,1.0,1.0,0.9830508474576272,1.0,1.0,1.0,1.0,1.0,1.0,1.0,1.0,1.0,1.0,1.0,1.0,1.0,1.0,1.0,1.0,1.0,1.0,1.0,1.0,1.0,0.9904761904761905,1.0,1.0,1.0,1.0,1.0,1.0,1.0,0.967741935483871,1.0,1.0,1.0,1.0,1.0,1.0,1.0,1.0,1.0,1.0,0.0,0.0,0.0,0.0,0.0,0.0,0.0,0.0,0.0,0.0,0.0,0.0,0.0,0.0,0.0,0.0,1.0,1.0,1.0,1.0,1.0,0.9607843137254902
3993186, ECB_03722, A->G, missense,0.949678,9.999e-05,120,-1.0,0.545455,118,0.9,0.0674157,PASS,0.0,0.0,0.0,0.0,0.0,0.0,0.009433962264150943,0.0,0.0,0.0,0.0,0.0,0.0,0.0196078431372549,0.12345679012345678,0.08284023668639054,0.0,0.08791208791208792,0.5454545454545454,0.6976744186046512,0.8970588235294118,0.7152317880794702,0.7228915662650602,0.8,0.9655172413793104,0.967479674796748,0.8214285714285714,0.9827586206896551,0.9285714285714286,0.935064935064935,0.9587628865979382,0.9775280898876404,1.0,1.0,1.0,1.0,1.0,1.0,1.0,0.9882352941176471,1.0,1.0,0.9782608695652174,1.0,1.0,1.0,1.0,1.0,1.0,1.0,1.0,1.0,1.0,1.0,0.9924812030075187,1.0,1.0,1.0,1.0,1.0,1.0,1.0,1.0,1.0,1.0,1.0,1.0,0.9874213836477987,0.9938271604938271,1.0,1.0,1.0,1.0,1.0,1.0,1.0,1.0,1.0,1.0,1.0,1.0,0.9895833333333334,1.0,1.0,1.0,1.0,1.0,1.0,0.75,1.0,1.0,1.0,1.0,1.0,0.9375,1.0,1.0,1.0,1.0,1.0,1.0,1.0,0.9923664122137404,1.0,0.9821428571428571,1.0,1.0,1.0,1.0,1.0,1.0,1.0,0.9795918367346939,1.0,1.0,1.0,1.0,1.0,0.9829059829059829,1.0,1.0,0.0,0.0,0.0,0.0,0.0,0.0,0.0,0.0,0.0,0.0,1.0,0.9927536231884058,1.0,1.0,0.9571428571428572,1.0,1.0,1.0,1.0,1.0,0.9951690821256038,0.975609756097561
4011993, trkH, A->G, missense,2.82326,9.999e-05,120,-1.0,0.0805369,119,0.9,0.521739,PASS,0.0,0.0,0.0,0.0,0.0,0.0,0.0,0.0,0.5735294117647058,0.13829787234042554,0.8484848484848485,0.9032258064516129,0.7746478873239436,0.7444444444444445,0.6351351351351351,0.8333333333333334,0.8372093023255814,0.6904761904761905,0.4074074074074074,0.13333333333333333,0.0,0.011363636363636364,0.015625,0.0,0.0,0.0,0.0,0.0,0.0,0.0,0.0,0.0,0.0,0.0,0.0,0.0,0.0,0.0,0.0,0.0,0.0,0.0,0.0,0.0,0.0,0.0,0.0,0.0,0.0,0.0,0.027777777777777776,0.010309278350515464,0.0,0.0,0.0,0.0,0.0,0.0,0.0,0.0,0.0,0.0,0.0,0.0,0.0,0.0,0.0,0.0,0.0,0.0,0.0,0.0,0.0,0.0,0.0,0.0,0.0,0.0,0.0,0.013513513513513514,0.0,0.0,0.0,0.0,0.0,0.0,0.0,,0.0,0.0,0.0,0.0,0.0,0.0,0.0,0.0,0.0,0.0,0.0,0.0,0.0,0.0,0.0,0.0,0.0,0.0,0.0,0.0,0.0,0.0,0.0,0.0,0.0,0.0,0.0,0.0,0.0,0.0,0.0,0.0,0.0,0.0,0.0,0.0,0.0,0.0,0.0,0.0,0.0,1.0,0.9803921568627451,0.0,0.0,0.0,0.0,0.0,0.0,0.0,0.0,0.0,0.0,0.0,0.0
4082053, kdgT, G->T, synonymous,4.61812,9.999e-05,120,-1.0,0.307692,118,0.9,0.521739,PASS,0.0,0.0,0.0,0.0,0.0,0.0,0.0,0.0,0.0,0.0,0.0,0.0,0.0,0.012195121951219513,0.0,0.0,0.0,0.0,0.0,0.0,0.01282051282051282,0.0,0.0,0.0,0.0,0.0,0.0,0.0,0.0,0.015151515151515152,0.0,0.0,0.0,0.0,0.0,0.0,0.0,0.0,0.0,0.0,0.0,0.0,0.0,0.0,0.0,0.0,0.0,0.0,0.0,0.010416666666666666,0.0,0.0,0.0,0.0,0.012987012987012988,0.0,0.21052631578947367,0.3548387096774194,0.45,0.13636363636363635,0.0967741935483871,0.014285714285714285,0.0,0.0,0.011764705882352941,0.016666666666666666,0.0,0.0,0.0,0.0,0.0,0.0,0.0,0.0,0.0,0.0,0.0,0.0,0.0,0.0,0.0,0.0,0.0,0.0,0.0,0.0,0.0,0.0,0.0,0.0,0.0,0.0,0.0,0.0,0.0,0.0,0.0,0.0,0.0,0.0,0.0,0.0,0.0,0.0,0.0,0.0,0.0,0.0,0.0,0.0,0.0,0.0,0.0,0.0,0.0,0.0,0.0,0.0,0.0,0.0,0.0,0.0,0.0,0.0,0.0,0.0,0.0,0.0,0.0,0.0,0.0,0.0,0.0,0.0,0.0,0.0,0.0,0.0,0.0,0.0,0.0,0.0,0.0
4100051, hslU, G->A, missense,2.53459,9.999e-05,120,-1.0,0.226415,119,0.9,0.179104,PASS,0.0,0.0,0.0,0.010638297872340425,0.0,0.0,0.03550295857988166,0.2018348623853211,0.6242424242424243,0.2905405405405405,0.8068181818181818,0.9166666666666666,0.8823529411764706,0.8021978021978022,0.6825396825396826,0.898936170212766,0.8773584905660378,0.6705882352941176,0.3028169014084507,0.14093959731543623,0.0,0.050314465408805034,0.0,0.0,0.0,0.0,0.0,0.0,0.0,0.0,0.0,0.006666666666666667,0.0,0.0,0.0,0.006756756756756757,0.0,0.0,0.0,0.0,0.0,0.0,0.0,0.0,0.0,0.0,0.0,0.0,0.0,0.0,0.0,0.0,0.0,0.0,0.0,0.0,0.0,0.0,0.0,0.0,0.0,0.0,0.0,0.0,0.0,0.0,0.0,0.0,0.0,0.0,0.0,0.0,0.0,0.0,0.0,0.0,0.0,0.0,0.0,0.0,0.0,0.0,0.0,0.0,0.0,0.0,0.0,0.0,0.0,0.0,0.0,0.0,0.0,0.0,0.0,0.0,0.0,0.0,0.0,0.0,0.0,0.0,0.0,0.0,0.0,0.0,0.0,0.0,0.0,0.0,0.0,0.0,0.0,0.0,0.0,0.0,0.0,0.0,0.0078125,0.0,0.0,0.0,0.0,0.0,0.0,0.0,0.0,0.0,0.0,1.0,1.0,0.0,0.0,0.0,0.0,0.0,0.007407407407407408,0.0,0.0,0.0,0.0,0.0,0.0
4100093, hslU, C->T, missense,0.940355,9.999e-05,120,-1.0,0.15,119,0.9,0.230769,PASS,0.004464285714285714,0.005076142131979695,0.0,0.0,0.0,0.0,0.0,0.02702702702702703,0.034482758620689655,0.22580645161290322,0.030612244897959183,0.0070921985815602835,0.005681818181818182,0.010638297872340425,0.2127659574468085,0.015151515151515152,0.02040816326530612,0.1590909090909091,0.5602836879432624,0.7948717948717948,0.8354430379746836,0.7621951219512195,0.7195121951219512,0.928,0.9259259259259259,0.9224137931034483,0.8767123287671232,0.9789473684210527,0.9507042253521126,0.8839779005524862,0.9705882352941176,0.9225806451612903,1.0,1.0,1.0,1.0,0.991869918699187,1.0,1.0,0.9878048780487805,1.0,1.0,1.0,1.0,1.0,1.0,1.0,1.0,1.0,1.0,1.0,1.0,0.9851851851851852,1.0,1.0,1.0,1.0,0.98989898989899,1.0,1.0,0.9933774834437086,1.0,0.9883720930232558,0.9936708860759493,0.9930555555555556,1.0,0.9722222222222222,1.0,1.0,1.0,1.0,1.0,1.0,1.0,1.0,0.9895833333333334,1.0,1.0,1.0,1.0,0.9880952380952381,0.9897959183673469,1.0,1.0,1.0,1.0,1.0,1.0,1.0,1.0,1.0,1.0,1.0,1.0,1.0,1.0,1.0,1.0,1.0,1.0,1.0,1.0,1.0,1.0,1.0,1.0,1.0,0.9922480620155039,1.0,1.0,1.0,1.0,1.0,1.0,0.9915966386554622,1.0,1.0,1.0,0.9922480620155039,1.0,1.0,0.0,0.0,0.0,0.0,0.0,0.0,0.0,0.0,0.0,0.0,1.0,0.990990990990991,1.0,1.0,0.9819819819819819,0.9855072463768116,1.0,1.0,1.0,1.0,0.9916666666666667,0.975
4100708, hslU, T->A, missense,2.58501,9.999e-05,120,-1.0,0.6,117,0.9,0.666667,PASS,0.0,0.0,0.0,0.0,0.0,0.0,0.0,0.0,0.0,0.014705882352941176,0.0,0.0,0.0,0.0,0.015873015873015872,0.041666666666666664,0.06451612903225806,0.1702127659574468,0.203125,0.05660377358490566,0.18181818181818182,0.18571428571428572,0.46153846153846156,0.09375,0.038461538461538464,0.039473684210526314,0.0975609756097561,0.01694915254237288,0.07142857142857142,0.0196078431372549,0.05128205128205128,0.0425531914893617,0.0,0.0,0.0,0.0,0.0,0.0,0.0,0.0,0.0,0.0,0.0,0.0,0.0,0.0,0.0,0.0,0.0,0.0,0.0,0.0,0.0,0.0,0.0,0.0,0.0,0.0,0.0,0.0,0.0,0.0,0.0,0.0,0.0,0.0,0.0,0.0,0.0,0.0,0.0,0.0,0.0,0.0,0.0,0.0,0.0,0.0,0.0,0.0,0.0,0.0,0.0,0.0,0.0,0.0,0.0,,0.0,0.0,0.0,0.0,0.0,0.0,0.0,0.0,0.0,0.0,0.0,0.0,0.0,0.0,0.0,0.0,0.0,0.0,0.0,0.0,0.0,0.0,0.0,0.0,0.0,0.0,0.0,0.0,0.0,0.0,0.0,0.0,0.0,0.0,0.0,0.0,0.0,0.0,0.0,0.0,0.0,0.0,0.0,0.0,0.0,0.0,0.0,0.0,0.0,0.0,0.0,0.0,0.0,0.0,0.0
4176564, nudC, indel;-6, indel,0.965908,9.999e-05,120,-1.0,0.521739,118,0.9,0.272727,PASS,0.0,0.0,0.0,0.0,0.0,0.0,0.0,0.0,0.0,0.0,0.0,0.0,0.0,0.0,0.0,0.0,0.0,0.0,0.0,0.0,0.057692307692307696,0.0,0.025974025974025976,0.4028776978417266,0.075,0.8529411764705882,0.875,0.9444444444444444,0.8721804511278195,0.9326923076923077,0.8222222222222222,0.9636363636363636,0.9761904761904762,1.0,1.0,1.0,0.9902912621359223,0.9873417721518988,0.9921875,1.0,0.9782608695652174,0.9452054794520548,1.0,0.991869918699187,1.0,0.9880952380952381,1.0,1.0,0.9846153846153847,0.9923076923076923,0.9818181818181818,0.9911504424778761,1.0,1.0,0.9911504424778761,1.0,1.0,1.0,1.0,0.967741935483871,1.0,1.0,1.0,0.9905660377358491,1.0,1.0,1.0,1.0,1.0,0.9897959183673469,1.0,0.9622641509433962,1.0,0.9642857142857143,0.9873417721518988,1.0,0.9705882352941176,1.0,1.0,1.0,1.0,1.0,1.0,1.0,0.8888888888888888,1.0,1.0,1.0,1.0,1.0,1.0,1.0,1.0,1.0,0.9565217391304348,0.9666666666666667,1.0,1.0,1.0,1.0,1.0,0.9795918367346939,1.0,0.9333333333333333,1.0,1.0,0.9968454258675079,1.0,1.0,0.9655172413793104,0.9876543209876543,1.0,1.0,1.0,1.0,1.0,1.0,1.0,0.9915966386554622,1.0,1.0,0.0,0.0,0.0,0.0,0.0,0.0,0.0,0.0,0.0,0.0,0.0,0.0,1.0,1.0,0.9759036144578314,1.0,1.0,1.0,1.0,1.0,0.998849252013809,1.0
4202102, iclR, junction_4202102_1_IS4_end, sv,0.954512,9.999e-05,120,-1.0,0.130435,116,0.9,0.272727,PASS,0.0,0.0,0.0,0.0,0.0,0.0,0.0,0.0,0.0,0.0,0.0,0.0,0.0,0.0,0.0058823529411764705,0.0,0.0,0.0,0.00966183574879227,0.5555555555555556,0.8222222222222222,0.7905138339920948,0.5968992248062015,0.8582677165354331,0.9743589743589743,0.9605263157894737,0.8735632183908046,0.9911894273127754,0.9558011049723757,0.9560975609756097,0.9223744292237442,0.9663461538461539,1.0,1.0,0.9943502824858758,1.0,1.0,1.0,1.0,0.9652173913043478,0.9711538461538461,0.9669421487603306,1.0,1.0,1.0,0.992,1.0,1.0,1.0,0.9865771812080537,1.0,1.0,1.0,0.972972972972973,1.0,1.0,1.0,1.0,1.0,0.9893617021276596,1.0,1.0,1.0,0.9875,0.9933774834437086,1.0,1.0,1.0,0.9942196531791907,1.0,0.9814814814814815,1.0,1.0,1.0,0.9826086956521739,1.0,1.0,1.0,1.0,0.9922480620155039,0.9803921568627451,0.9925925925925926,1.0,1.0,1.0,0.9047619047619048,1.0,1.0,1.0,1.0,1.0,1.0,1.0,1.0,1.0,1.0,1.0,1.0,1.0,1.0,1.0,1.0,1.0,1.0,0.9888268156424581,1.0,1.0,1.0,1.0,1.0,1.0,1.0,1.0,1.0,1.0,1.0,1.0,1.0,1.0,1.0,1.0,0.0,0.0,0.0,0.0,0.0,0.0,0.0,0.0,0.0,0.0,1.0,1.0,0.9878048780487805,1.0,0.9893617021276596,1.0,1.0,1.0,1.0,1.0,0.9985422740524781,0.9927536231884058
4202408, iclR, T->G, missense,2.13512,0.00029997,120,-1.0,0.75,118,0.9,0.5,PASS,0.0,0.011494252873563218,0.0,0.0,0.016129032258064516,0.028985507246376812,0.417910447761194,0.7407407407407407,0.3956043956043956,0.5252525252525253,0.06818181818181818,0.11,0.21212121212121213,0.20967741935483872,0.0625,0.08333333333333333,0.05263157894736842,0.04081632653061224,0.10344827586206896,0.07228915662650602,0.17475728155339806,0.15555555555555556,0.20930232558139536,0.0958904109589041,0.0425531914893617,0.03076923076923077,0.2,0.0,0.04054054054054054,0.07777777777777778,0.08333333333333333,0.009174311926605505,0.0,0.0,0.0,0.0,0.0,0.0,0.009259259259259259,0.0,0.0,0.0,0.0,0.0,0.0,0.0,0.0,0.0,0.0,0.0,0.0,0.0,0.0,0.0,0.0,0.0,0.0,0.0,0.0,0.0,0.0,0.0,0.0,0.0,0.0,0.0,0.0,0.0,0.0,0.0,0.0,0.0,0.0,0.0,0.0,0.0,0.0,0.0,0.0,0.0,0.0,0.0,0.0,0.0,0.0,0.0,0.0,,0.0,0.0,0.0,0.0,0.0,0.0,0.0,0.0,0.0,0.0,0.0,0.0,0.0,0.017857142857142856,0.0,0.0,0.0,0.0,0.0,0.0,0.0,0.0,0.0,0.0,0.0,0.0,0.0,0.0,0.0,0.0,0.0,0.0,0.0,0.0,0.0,0.0,0.0,0.0,0.0,1.0,0.0,0.0,0.0,0.0,0.0,0.0,0.0,0.0,0.0,0.0,0.0,0.0,0.0,0.0,0.009345794392523364
4207038, yjbB, G->T, missense,3.59679,0.00289971,120,-1.0,0.352941,118,0.9,0.096,PASS,0.0,0.0,0.0,0.0,0.0,0.0,0.0,0.0,0.0,0.0,0.021739130434782608,0.010869565217391304,0.0,0.0,0.0,0.0,0.0,0.0,0.0,0.0,0.0,0.0,0.0,0.0,0.0,0.0,0.0,0.0,0.0,0.017241379310344827,0.0,0.0,0.0,0.0,0.0,0.0,0.0,0.0,0.0,0.0,0.0,0.0,0.0,0.0,0.0,0.0,0.0,0.0,0.0,0.011111111111111112,0.0,0.0,0.0,0.0,0.0,0.0,0.0,0.0,0.0,0.0,0.0,0.0,0.0,0.0,0.0,0.0,0.0,0.0,0.0,0.0,0.0,0.0,0.0,0.0,0.0,0.0,0.0,0.0,0.0,0.0,0.0,0.0,0.0,0.0,0.0,0.0,0.0,0.0,0.0,0.0,0.0,0.0,0.0,0.2857142857142857,0.25,0.16666666666666666,0.17777777777777778,0.125,0.05555555555555555,0.14285714285714285,0.0,0.1891891891891892,0.1504424778761062,0.0,0.0,0.0,0.0,0.0,0.0,0.0,0.0,0.0,0.0,0.0,0.0,0.0,0.0,0.0,0.0,0.0,0.0,0.0,0.0,0.0,0.0,0.0,0.0,0.0,0.0,0.0,0.0,0.0,0.0,0.0,0.0,0.0,0.0,0.0,0.0,0.0,0.0,0.0,0.0
4256183, soxS, MOB_4256183_4256191_IS1_1, sv,3.7114,9.999e-05,120,-1.0,0.923077,119,0.9,0.48,PASS,0.0,0.0,0.0,0.0,0.0,0.0,0.0,0.0,0.0,0.0,0.0,0.0,0.0,0.0,0.0,0.0,0.0,0.0,0.0,0.0,0.0,0.0,0.0,0.0,0.0,0.0,0.0,0.0,0.0,0.0,0.0,0.0,0.0,0.0,0.0,0.0,0.0,0.0,0.0,0.0,0.0,0.0,0.0,0.0,0.0,0.0,0.0,0.0,0.0,0.0,0.0,0.0,0.0,0.0,0.0,0.0,0.0,0.0,0.0,0.0,0.0,0.0,0.0,0.018518518518518517,0.056074766355140186,0.07692307692307693,0.14583333333333334,0.09444444444444444,0.11594202898550725,0.06164383561643835,0.0,0.0,0.0,0.0,0.0,0.0,0.0,0.0,0.0,0.0,0.0,0.0,0.0,0.0,0.0,0.0,0.0,0.0,0.0,0.0,0.0,0.0,0.0,0.0,0.0,0.0,0.0,0.0,0.0,0.0,0.0,0.0,0.0,0.0,0.0,0.0,0.0,0.0,0.0,0.0,0.0,0.0,0.0,0.0,0.0,0.0,0.0,0.0,0.0,0.0,0.0,0.0,0.0,0.0,0.0,0.0,0.0,0.0,0.0,0.0,0.0,0.0,0.0,0.0,0.0,0.0,0.0,0.0,0.0,0.0,0.0,0.0,0.0
4259111, yjcE, T->G, missense,0.9612,9.999e-05,120,-1.0,0.375,118,0.9,0.666667,PASS,0.0,0.015873015873015872,0.015625,0.0,0.0,0.0,0.0,0.0,0.0,0.0,0.0,0.0,0.0,0.0,0.010869565217391304,0.0,0.0,0.0,0.0,0.0,0.13333333333333333,0.018018018018018018,0.21052631578947367,0.43478260869565216,0.17142857142857143,0.9285714285714286,0.8636363636363636,1.0,0.8771929824561403,0.9090909090909091,0.8333333333333334,0.9285714285714286,1.0,0.9583333333333334,1.0,1.0,1.0,1.0,0.9761904761904762,0.9807692307692307,0.9736842105263158,1.0,1.0,1.0,1.0,1.0,1.0,1.0,0.9818181818181818,1.0,1.0,1.0,1.0,1.0,1.0,1.0,1.0,1.0,1.0,1.0,1.0,1.0,1.0,1.0,1.0,1.0,1.0,1.0,0.987012987012987,1.0,1.0,1.0,1.0,1.0,1.0,0.9583333333333334,1.0,1.0,1.0,1.0,0.8636363636363636,1.0,1.0,1.0,1.0,1.0,1.0,,1.0,1.0,1.0,1.0,1.0,1.0,1.0,1.0,1.0,1.0,1.0,1.0,1.0,1.0,1.0,1.0,1.0,1.0,1.0,1.0,1.0,1.0,1.0,0.9848484848484849,1.0,1.0,1.0,1.0,1.0,1.0,1.0,1.0,1.0,0.0,0.0,0.0,0.0,0.0,0.0,0.0,0.0,0.0,0.0,0.0,0.0,0.9866666666666667,1.0,1.0,1.0,0.99,1.0,1.0,1.0,1.0,0.9659090909090909
4266339, acs, T->C, noncoding,0.975335,9.999e-05,120,-1.0,0.75,119,0.9,0.222222,PASS,0.0,0.0,0.0,0.0,0.0,0.0,0.0,0.0,0.0,0.0,0.0,0.0,0.0,0.0,0.0,0.0,0.0,0.0,0.0,0.0,0.0,0.005952380952380952,0.0,0.0,0.0,0.0,0.0,0.0,0.0,0.0,0.0,0.0,0.0,0.0,0.07758620689655173,0.5562130177514792,0.8958333333333334,0.9651741293532339,0.9050632911392406,0.990990990990991,1.0,0.993103448275862,1.0,1.0,1.0,1.0,0.9813084112149533,0.9827586206896551,1.0,0.9948453608247423,1.0,0.9927007299270073,1.0,1.0,1.0,1.0,1.0,1.0,1.0,1.0,1.0,0.9901960784313726,1.0,1.0,1.0,1.0,0.9905660377358491,0.9930555555555556,1.0,1.0,1.0,1.0,1.0,1.0,0.9896907216494846,1.0,1.0,1.0,1.0,1.0,0.961038961038961,1.0,1.0,1.0,1.0,1.0,1.0,1.0,1.0,1.0,1.0,1.0,1.0,1.0,1.0,1.0,1.0,1.0,1.0,1.0,1.0,1.0,1.0,1.0,1.0,1.0,1.0,1.0,1.0,1.0,1.0,1.0,1.0,0.9935064935064936,1.0,1.0,0.9922480620155039,1.0,1.0,0.9880952380952381,1.0,0.0,0.0,0.0,0.0,0.0,0.0,0.0,0.0,0.0,0.0,0.0,0.0,0.0,0.0,0.9855072463768116,0.9942528735632183,0.9930555555555556,1.0,1.0,1.0,1.0,0.9862068965517241
4266390, acs, C->A, noncoding,1.8846,0.00019998,120,-1.0,0.666667,118,0.9,0.8,PASS,0.0,0.0,0.00909090909090909,0.0,0.0,0.0,0.0,0.0,0.5,0.058333333333333334,0.1276595744680851,0.08,0.18095238095238095,0.22641509433962265,0.041666666666666664,0.09248554913294797,0.12857142857142856,0.08333333333333333,0.11428571428571428,0.056910569105691054,0.10483870967741936,0.1761006289308176,0.5285714285714286,0.08943089430894309,0.021739130434782608,0.029850746268656716,0.125,0.0,0.047619047619047616,0.06134969325153374,0.12,0.0,0.0,0.0,0.0,0.0,0.0,0.0,0.006711409395973154,0.0,0.006211180124223602,0.0,0.0,0.0,0.0,0.0,0.0,0.0,0.0,0.0,0.0,0.0,0.0,0.0,0.0,0.0,0.0,0.0,0.0,0.0,0.0,0.0,0.0,0.0,0.0,0.0,0.0,0.0,0.0,0.009345794392523364,0.0,0.0,0.0,0.0,0.0,0.0,0.0,0.0,0.0,0.0,0.0,0.0,0.0,0.0,0.0,0.0,0.0,,0.0,0.0,0.0,0.0,0.0,0.0,0.0,0.0,0.0,0.0,0.0,0.0,0.0,0.0,0.0,0.0,0.0,0.0,0.0,0.0,0.0,0.0,0.0,0.0,0.01282051282051282,0.0,0.0,0.0,0.0,0.0,0.0,0.0,0.0,0.0,0.0,0.0,0.0,0.0,0.0,0.0,0.0,0.0,0.0,0.0,0.0,0.0,0.0,0.0,0.0,0.0,0.0,0.0,0.0,0.0,0.0
4266482, intergenic, indel;A;C;-1;G, indel,1.74001,9.999e-05,120,-1.0,0.6,118,0.9,0.315789,PASS,0.0,0.0,0.0,0.0,0.0,0.005208333333333333,0.0,0.010309278350515464,0.0,0.0,0.0,0.005208333333333333,0.01834862385321101,0.0,0.0,0.0,0.0,0.0,0.0,0.0,0.0,0.0,0.013333333333333334,0.0,0.0,0.012738853503184714,0.0,0.0,0.0,0.0,0.0,0.01639344262295082,0.0,0.0,0.0,0.0,0.0,0.0,0.0,0.0,0.0,0.0,0.0,0.0,0.0,0.0,0.0,0.0,0.0,0.0,0.0,0.0,0.0,0.0,0.0064516129032258064,0.0,0.0,0.0,0.0,0.0,0.0,0.0,0.0,0.0,0.0,0.0,0.0,0.0,0.0,0.0,0.0,0.009259259259259259,0.0,0.0,0.23853211009174313,0.4782608695652174,0.75,0.8545454545454545,0.6888888888888889,0.8956521739130435,0.8795180722891566,0.898876404494382,1.0,1.0,1.0,1.0,1.0,,1.0,1.0,1.0,1.0,1.0,1.0,1.0,1.0,1.0,0.9090909090909091,1.0,1.0,1.0,1.0,0.9917355371900827,1.0,1.0,1.0,1.0,1.0,1.0,1.0,1.0,1.0,0.989010989010989,1.0,1.0,1.0,1.0,1.0,1.0,1.0,1.0,0.0,0.0,0.0,0.0,0.0,0.0,0.0,0.0,0.0,0.0,0.0,0.0,0.0,0.0,0.0,0.0,0.0,0.014285714285714285,1.0,1.0,1.0,0.9802631578947368
4313663, yjdB, C->T, synonymous,2.07054,9.999e-05,120,-1.0,0.214286,118,0.9,0.15,PASS,0.0,0.0,0.0,0.017857142857142856,0.0,0.0,0.0,0.0,0.0,0.0,0.0,0.0,0.0,0.0,0.0,0.0,0.0,0.0,0.0,0.0,0.008264462809917356,0.0,0.0,0.01639344262295082,0.0,0.0,0.0,0.0,0.0,0.0,0.0,0.0,0.0,0.0,0.011764705882352941,0.006802721088435374,0.0,0.0,0.0,0.0,0.0,0.0,0.0,0.0,0.0,0.0,0.0,0.0,0.0,0.0,0.0,0.0,0.0,0.0,0.0,0.0,0.0,0.0,0.0,0.0,0.07526881720430108,0.20689655172413793,0.1111111111111111,0.0449438202247191,0.08536585365853659,0.12195121951219512,0.17894736842105263,0.10752688172043011,0.09565217391304348,0.12371134020618557,0.14705882352941177,0.11290322580645161,0.17391304347826086,0.10714285714285714,0.07246376811594203,0.09433962264150944,0.041666666666666664,0.08620689655172414,0.1111111111111111,0.028169014084507043,0.014084507042253521,0.0,0.0,0.0,0.0,0.0,0.0,,0.0,0.0,0.0,0.0,0.0,0.0,0.0,0.0,0.018867924528301886,0.0,0.0,0.0,0.0,0.0,0.009615384615384616,0.0,0.0,0.0,0.0,0.0,0.0,0.0,0.0,0.0,0.0,0.0,0.0,0.0,0.0,0.0,0.0,0.0,0.0,0.0,0.0,0.0,0.0,0.0,0.0,0.0,0.0,0.0,0.0,0.0,0.0,0.0,0.0,0.0,0.0,0.0,0.9733333333333334,0.0,0.0,0.0,0.0
4332255, lysU, C->T, missense,3.93887,0.0019998,120,-1.0,0.857143,118,0.9,0.705882,PASS,0.0,0.0,0.0,0.0,0.0,0.0,0.0,0.0,0.0,0.0,0.0,0.0,0.0,0.0,0.0,0.0,0.0,0.0,0.0,0.0,0.0,0.0,0.0,0.0,0.0,0.0,0.0,0.0,0.0,0.0,0.0,0.0,0.0,0.0,0.0,0.0,0.00847457627118644,0.0,0.0,0.0,0.0,0.0,0.0,0.0,0.0,0.0,0.0,0.0,0.0,0.007874015748031496,0.0,0.0,0.0,0.0,0.0,0.0,0.0,0.0,0.0,0.0,0.0,0.0,0.0,0.0,0.0,0.0,0.0,0.0,0.0,0.0,0.0,0.0,0.0,0.0,0.0,0.0,0.0,0.0,0.0,0.0,0.0,0.0,0.0,0.0,0.0,0.0,0.0,0.0,0.0,0.0,0.0,0.0,0.0,0.0,0.0,0.12,0.027777777777777776,0.0,0.0,0.0,0.0,0.0,0.0,0.0,0.0,0.0,0.0,0.0,0.0,0.0,0.0,0.0,0.0,0.0,0.0,0.0,0.0,0.0,0.0,0.0,0.024691358024691357,0.0,0.0,0.0,0.0,0.0,0.0,0.0,0.0,0.0,0.0,0.0,0.0,0.0,0.0,0.0,0.0,0.0,0.0,0.0,0.0,0.0,0.0
4350349, groEL, C->G, missense,3.05739,0.00389961,120,-1.0,0.75,119,0.9,0.244898,PASS,0.0,0.0,0.0,0.0,0.0,0.008695652173913044,0.0,0.0,0.0,0.0,0.0,0.0,0.0,0.0,0.0,0.0,0.0,0.0,0.0,0.0,0.0,0.0,0.0,0.0125,0.0,0.0,0.0,0.0,0.0,0.008849557522123894,0.0,0.0,0.0,0.0,0.0,0.0,0.0,0.0,0.0,0.0,0.0,0.009615384615384616,0.0,0.0,0.0,0.0,0.0,0.0,0.0,0.0,0.0,0.0,0.0,0.0,0.0,0.0,0.0,0.0,0.0,0.0,0.0,0.020618556701030927,0.1095890410958904,0.04854368932038835,0.0,0.012658227848101266,0.0,0.010526315789473684,0.018691588785046728,0.010638297872340425,0.0,0.0,0.0,0.0,0.0,0.0,0.0,0.0,0.0,0.0,0.0,0.0,0.0,0.0,0.0,0.0,0.0,0.0,0.0,0.0,0.0,0.0,0.0,0.0,0.0,0.0,0.0,0.0,0.0,0.0,0.0,0.0,0.0,0.0,0.0,0.0,0.0,0.0,0.0,0.0,0.0,0.0,0.0,0.0,0.0,0.0,0.0,0.0,0.0,0.0,0.0,0.0,0.0,0.0,0.0,0.0,0.0,0.0,0.0,0.0,0.0,0.0,0.0,0.0,0.0,0.0,0.0,0.0,0.0,0.0,0.0,0.0,0.0
4381903, hflC, A->C, missense,1.97208,9.999e-05,120,-1.0,0.230769,118,0.9,0.0211268,PASS,0.0,0.0,0.0,0.0,0.0,0.0,0.0,0.0,0.0,0.0,0.0,0.010101010101010102,0.0,0.0,0.0,0.0,0.0,0.0,0.0,0.0,0.0,0.0,0.0,0.0,0.018518518518518517,0.0,0.0,0.0,0.0,0.0,0.0,0.0,0.0,0.0,0.0,0.0,0.0,0.0,0.0,0.0,0.0,0.0,0.0,0.0,0.0,0.0,0.0,0.0,0.0,0.0,0.0,0.0,0.0,0.0,0.0,0.0,0.0,0.0,0.0,0.0,0.0,0.0,0.0,0.0,0.0,0.0,0.0,0.0,0.0,0.0,0.0,0.0,0.0,0.0,0.0,0.0,0.0,0.0,0.0,0.0,0.0,0.0,0.0,0.0,0.0,0.0,0.0,,0.0,0.0,0.0,0.0,0.3076923076923077,0.3333333333333333,0.8235294117647058,0.5,0.6896551724137931,0.75,0.8888888888888888,0.9090909090909091,1.0,0.8536585365853658,0.9864864864864865,1.0,0.9897959183673469,1.0,1.0,1.0,1.0,1.0,1.0,0.9836065573770492,1.0,1.0,1.0,1.0,1.0,1.0,1.0,1.0,1.0,0.0,0.0,0.0,0.0,0.0,0.0,0.0,0.0,0.0,0.0,0.0,0.0,0.0,0.0,0.0,0.0,0.0,0.0,0.0,0.0,0.995575221238938,0.9829059829059829
4446814, treC, MOB_4446814_4446816_IS150_1, sv,2.45096,0.018282,120,-1.0,0.218182,120,0.9,0.166667,PASS,0.0,0.0,0.0,0.0,0.0,0.0,0.0,0.0,0.0,0.0,0.0,0.0,0.0,0.0,0.0,0.0,0.0,0.0,0.02973977695167286,0.17157776948899664,0.0,0.04438374871969956,0.0,0.0,0.0,0.0,0.0,0.0,0.0,0.0,0.0,0.0,0.0,0.0,0.0,0.0,0.0,0.0,0.0,0.0,0.0,0.0,0.0,0.0,0.0,0.0,0.0,0.0,0.0,0.0,0.0,0.0,0.0,0.0,0.0,0.0,0.0,0.0,0.0,0.0,0.0,0.0,0.0,0.0,0.0,0.0,0.0,0.0,0.0,0.0,0.0,0.0,0.0,0.0,0.0,0.0,0.0,0.0,0.0,0.0,0.0,0.0,0.0,0.0,0.0,0.0,0.0,0.0,0.0,0.0,0.0,0.0,0.0,0.0,0.0,0.0,0.0,0.0,0.0,0.0,0.0,0.0,0.0,0.0,0.0,0.0,0.0,0.0,0.0,0.0,0.0,0.0,0.0,0.0,0.0,0.0,0.0,0.0,0.0,0.0,0.0,0.0,0.0,0.0,0.0,0.0,0.0,0.0,0.0,0.0,0.0,0.0,0.0,0.0,0.0,0.0,0.0,0.0,0.0,0.0,0.0,0.0,0.0
4462642, yjgM, MOB_4462642_4462650_IS1_-1, sv,1.58415,9.999e-05,119,-1.0,0.428571,119,0.9,0.923077,PASS,0.0,0.0,0.0,0.0,0.0,0.0,0.0,0.0,0.0,0.0,0.0,0.0,0.0,0.0,0.0,0.0,0.0,0.0,0.0,0.0,0.0,0.0,0.0,0.003289473684210526,0.0,0.0,0.0,0.0,0.0,0.0019569471624266144,0.0,0.0,0.0,0.0,0.0,0.0,0.0,0.0,0.0,0.0,0.0,0.0,0.0,0.0,0.0,0.0,0.0,0.0,0.0,0.0,0.0,0.0,0.0,0.0,0.0,0.0,0.0,0.0,0.0,0.0,0.0,0.0,0.012698412698412698,0.04234527687296417,0.08121827411167512,0.03745318352059925,0.06345177664974619,0.18867924528301888,0.49411764705882355,0.19148936170212766,0.8051948051948052,0.5664739884393064,0.7142857142857143,0.5668449197860963,0.5150214592274678,0.6802030456852792,0.7478991596638656,0.8514851485148515,0.8982035928143712,0.8695652173913043,0.8883495145631068,0.9247787610619469,0.9310344827586207,0.9743589743589743,0.96875,0.9444444444444444,0.9259259259259259,1.0,1.0,1.0,0.9,0.9629629629629629,0.9230769230769231,0.9818181818181818,0.9107142857142857,0.9411764705882353,0.946078431372549,0.95,0.9333333333333333,0.9583333333333334,1.0,0.9568965517241379,0.9685314685314685,0.9512195121951219,0.9726962457337884,1.0,0.9548192771084337,0.9662447257383966,0.952191235059761,0.967741935483871,0.9579439252336449,0.9592592592592593,0.9545454545454546,0.9518413597733711,0.9562289562289562,0.9655172413793104,0.9651567944250871,0.9655172413793104,0.9789156626506024,0.9545454545454546,0.9746192893401016,0.0,0.0,0.0,0.0,0.0,0.0,0.0,0.0,0.0,0.0,0.0,0.0,0.0,0.0,0.0,0.0,0.0,0.018726591760299626,0.8051948051948052,0.8888888888888888,0.908344733242134,0.948170731707317
4462716, yjgN, MOB_4462716_4462724_IS1_1, sv,3.26868,9.999e-05,81,-1.10699,9.999e-05,112,0.9,1.0,PASS,0.0,0.0,0.0,0.0,0.0,0.0,0.0,0.0,0.0,0.0,0.0,0.0,0.0,0.0,0.0,0.0,0.0,0.0,0.0,0.0,0.0,0.0,0.0,0.0,0.0,0.0,0.0,0.0,0.0,0.0,0.0,0.0,0.0,0.0,0.0,0.0,0.0,0.0,0.0,0.0,0.0,0.0,0.0,0.0,0.0,0.0051813471502590676,0.0,0.0,0.0,0.0,0.0,0.0,0.0,0.0,0.0,0.0,0.0,0.0,0.0,0.0,0.0,0.0036900369003690036,0.0205761316872428,0.133385641428011,0.1652089407191448,0.1103230890464933,0.12658227848101267,0.04156769596199525,0.003952569169960474,0.01139925904816187,0.02,0.013253810470510271,0.0,0.0,0.0,0.0,0.0,0.0,0.0,0.0,0.0,0.0,0.0,0.0,0.0,0.0,0.0,,0.0,0.0,0.0,0.0,0.0,0.0,0.0,0.0,0.0,0.0,0.0,0.0,0.0,0.0,0.0,0.0,0.0,0.0,0.0,0.0,0.0,0.0,0.0,0.0,0.0,0.0,0.0,0.0,0.0,0.0,0.0,0.0,0.0,0.0,0.0,0.0,0.0,0.0,0.0,0.0,0.0,0.0,0.0,0.0,0.0,0.0,0.0,0.0,0.0,0.0,0.0,0.0,0.0,0.0,0.0
4462726, yjgN, MOB_4462726_4462734_IS1_-1, sv,2.45511,9.999e-05,83,-1.0,9.999e-05,113,0.9,0.104348,PASS,0.0,0.0,0.0,0.0,0.0,0.0,0.0,0.0,0.0,0.0,0.0,0.0,0.0,0.0,0.014084507042253521,0.0,0.0,0.0,0.0,0.0,0.0,0.0,0.0,0.0,0.0,0.0,0.0,0.0,0.0,0.0,0.0,0.0,0.0,0.0,0.0,0.0,0.0,0.0,0.0,0.0,0.0,0.0,0.0,0.0,0.0,0.0,0.0,0.0,0.0,0.0,0.0,0.0,0.0,0.0,0.0,0.0,0.0,0.0,0.0,0.0,0.0,0.011494252873563218,0.07296137339055794,0.2391219129753038,0.40180813661476644,0.3875968992248062,0.24225697638761115,0.1943904470980283,0.03460207612456748,0.1005586592178771,0.1320754716981132,0.22875816993464052,0.1056338028169014,0.12650602409638553,0.2403846153846154,0.15476190476190477,0.06315789473684211,0.04040404040404041,0.04878048780487805,0.022026431718061675,0.005714285714285714,0.0,0.0,0.0,0.0,0.0,0.0,,0.0,0.0,0.0,0.0,0.0,0.0,0.0,0.0,0.0,0.0,0.0,0.0,0.0,0.0,0.0,0.0,0.0,0.0,0.0,0.0,0.0,0.0,0.0,0.0,0.0,0.0,0.0,0.0,0.0,0.0,0.0,0.0,0.0,0.0,0.0,0.0,0.0,0.0,0.0,0.0,0.0,0.0,0.0,0.0,0.0,0.0,0.0,0.0,0.0,0.0,0.0,0.0,0.0,0.0,0.0
4475212, idnT, T->G, missense,2.2898,9.999e-05,120,-1.0,0.428571,120,0.9,0.571429,PASS,0.0,0.0,0.0,0.0,0.0,0.0,0.0,0.0,0.0,0.0,0.0,0.005076142131979695,0.0,0.011764705882352941,0.0,0.005555555555555556,0.0,0.0,0.0,0.0,0.005780346820809248,0.0,0.0,0.0,0.0,0.0,0.0,0.0,0.0,0.0,0.0,0.0,0.0,0.0,0.0,0.0,0.0,0.0,0.0,0.009259259259259259,0.0,0.006024096385542169,0.0,0.0,0.0,0.0,0.0,0.0,0.0,0.0,0.0,0.0,0.0,0.0,0.0,0.0,0.0,0.0,0.0,0.0,0.0,0.007874015748031496,0.0,0.0,0.0,0.0,0.0,0.0,0.0,0.0,0.0,0.0,0.0,0.0,0.0,0.0,0.0,0.0,0.0,0.0,0.0,0.0,0.0,0.0,0.0,0.0,0.0,0.0,0.0,0.0,0.0,0.0,0.0,0.0,0.0,0.0,0.0,0.0,0.0,0.0,0.0,0.03529411764705882,0.125,0.6666666666666666,0.7055214723926381,0.7931034482758621,0.5373134328358209,0.6428571428571429,0.7033898305084746,0.9032258064516129,0.7984496124031008,0.9928571428571429,1.0,0.986013986013986,1.0,1.0,1.0,1.0,0.9942528735632183,1.0,1.0,0.0,0.0,0.0,0.0,0.0,0.0,0.0,0.0,0.0,0.0,0.0,0.0,0.0,0.0,0.0,0.0,0.0,0.0,0.0,0.0,0.0,0.0
4517792, yjhS, MOB_4517792_4517794_IS150_1, sv,2.1509,0.013607,120,-1.0,0.153846,117,0.9,0.0909091,PASS,0.0,0.0,0.0,0.0,0.0,0.0,0.0,0.0,0.0,0.0,0.0,0.0,0.0,0.0,0.0,0.0,0.0,0.0,0.0,0.0,0.06216696269982238,0.00829646017699115,0.11673151750972763,0.00390625,0.0,0.0,0.0,0.0,0.0,0.0,0.0,0.0,0.0,0.0,0.0,0.0,0.0,0.0,0.0,0.0,0.0,0.009354536950420954,0.01455604075691412,0.0,0.0,0.0,0.0,0.0,0.0,0.0,0.0,0.0,0.0,0.0,0.0,0.0,0.0,0.0,0.0,0.0,0.0,0.0,0.0,0.0,0.0,0.0,0.0,0.0,0.0,0.0,0.0,0.0,0.0,0.0,0.0,0.0,0.0,0.0,0.0,0.0,0.0,0.0,0.0,0.0,0.0,0.0,0.0,0.0,0.0,0.0,0.0,0.0,0.0,0.0,0.0,0.0,0.0,0.0,0.0,0.0,0.0,0.0,0.0,0.0,0.0,0.0,0.0,0.0,0.0048756704046806435,0.0,0.0,0.0,0.0,0.0,0.0,0.0,0.0,0.0,0.0,0.0,0.0,0.0,0.0,0.0,0.0,0.0,0.0,0.0,0.0,0.0,0.0,0.0,0.0,0.0,0.0,0.0,0.0,0.0,0.0,0.0,0.0,0.0,0.0
4522908, fimE, junction_4522908_1_IS1_start, sv,1.85222,9.999e-05,120,-1.0,1.0,118,0.9,0.923077,PASS,0.0,0.0,0.0,0.0,0.0,0.0,0.0,0.0,0.0,0.0,0.0,0.0,0.0,0.0,0.0,0.0,0.0,0.0,0.0,0.0,0.0,0.0,0.0,0.0,0.0,0.0,0.0,0.0,0.0,0.0,0.0,0.0,0.0,0.0,0.0,0.0,0.0,0.0,0.0,0.0,0.0,0.0,0.0,0.0,0.0,0.0,0.0,0.0,0.0,0.0,0.0,0.0,0.0,0.0,0.0,0.0,0.0,0.0,0.0,0.0,0.0,0.0,0.0,0.0,0.0,0.0,0.0,0.0,0.0,0.0,0.0,0.0,0.0,0.0,0.0,0.0,0.0,0.0,0.0,0.0,0.0,0.0,0.0,0.0,0.0,0.0,0.0,,0.46153846153846156,0.36363636363636365,0.9166666666666666,0.8,1.0,1.0,0.9523809523809523,1.0,0.9,0.9166666666666666,0.9166666666666666,0.75,0.9,0.9315068493150684,0.994413407821229,1.0,1.0,1.0,1.0,1.0,1.0,1.0,1.0,0.9924242424242424,1.0,1.0,1.0,1.0,1.0,1.0,1.0,1.0,1.0,0.0,0.0,0.0,0.0,0.0,0.0,0.0,0.0,0.0,0.0,0.0,0.0,0.0,0.0,0.0,0.0,0.0,0.043478260869565216,0.0,0.0,0.9989495798319328,0.9957805907172996
4531366, gntP, G->A, missense,3.89252,9.999e-05,120,-1.0,1.0,120,0.9,1.0,PASS,0.0,0.0,0.0,0.0,0.0,0.0,0.0,0.0,0.0,0.0,0.0,0.0,0.0,0.0,0.0,0.0,0.0,0.0,0.004347826086956522,0.0,0.0,0.0,0.0,0.007633587786259542,0.0,0.0,0.0,0.0,0.0,0.0,0.0,0.0,0.0,0.0,0.006493506493506494,0.0,0.0,0.012875536480686695,0.0,0.0782608695652174,0.37777777777777777,0.5549738219895288,0.9423076923076923,0.991869918699187,0.8041958041958042,0.39490445859872614,0.15753424657534246,0.057971014492753624,0.02459016393442623,0.02643171806167401,0.006711409395973154,0.00625,0.006289308176100629,0.009345794392523364,0.0,0.007518796992481203,0.0,0.0,0.0,0.03225806451612903,0.0,0.0,0.0,0.0,0.0,0.0,0.0,0.0,0.0,0.0,0.0,0.0,0.0,0.0,0.0,0.0,0.0,0.0,0.0,0.0,0.0,0.0,0.0,0.0,0.0,0.0,0.0,,0.0,0.0,0.0,0.0,0.0,0.0,0.0,0.0,0.0,0.0,0.0,0.0,0.0,0.0,0.0,0.0,0.0,0.0,0.0,0.0,0.0,0.0,0.0,0.0,0.0,0.0,0.0,0.0,0.0,0.0,0.0,0.0,0.0,0.0,0.0,0.0,0.0,0.0,0.0,0.0,0.0,0.0,0.0,0.0,0.0,0.0,0.0,0.0,1.0,0.0,0.0,0.0,0.0,0.0,0.0
4558995, hsdS, A->C, missense,1.64649,9.999e-05,120,-1.0,0.164384,120,0.9,0.3,PASS,0.0,0.0,0.012048192771084338,0.0,0.0,0.0,0.0,0.0,0.0,0.0,0.0,0.0,0.0,0.00847457627118644,0.0,0.0,0.014285714285714285,0.0,0.0,0.0,0.0,0.0,0.0,0.0,0.0,0.0,0.0,0.0,0.0,0.0,0.0,0.0,0.0,0.0,0.013333333333333334,0.0,0.0,0.0,0.0,0.0,0.0,0.01694915254237288,0.0,0.0,0.0,0.0,0.0,0.0,0.0,0.0,0.0,0.0,0.0,0.0,0.0,0.0,0.0,0.0,0.0,0.0,0.0,0.0,0.0,0.0,0.0,0.0,0.0,0.0,0.0,0.0,0.0,0.0,0.0,0.0,0.013888888888888888,0.14814814814814814,0.34146341463414637,0.6172839506172839,0.7659574468085106,0.78125,0.8148148148148148,0.9213483146067416,1.0,1.0,1.0,1.0,1.0,1.0,1.0,1.0,1.0,1.0,1.0,1.0,1.0,1.0,1.0,1.0,1.0,1.0,1.0,1.0,1.0,1.0,0.9925925925925926,1.0,1.0,0.98989898989899,0.9896907216494846,1.0,1.0,0.989247311827957,1.0,1.0,1.0,1.0,0.9915254237288136,1.0,1.0,1.0,1.0,0.0,0.0,0.0,0.0,0.0,0.0,0.0,0.0,0.0,0.0,0.0,0.0,0.0,0.0,0.0,0.0,0.0,0.0,1.0,1.0,0.9957983193277311,0.9956896551724138
4559336, hsdS, junction_4559336_1_IS1_end, sv,3.9836,9.999e-05,120,-1.0,0.75,115,0.9,0.179104,PASS,0.0,0.0,0.0,0.0,0.0,0.0,0.0,0.0,0.0,0.0,0.0,0.0,0.0,0.0,0.0,0.0,0.0,0.0,0.0,0.0,0.0,0.0,0.0,0.0,0.0,0.0,0.0,0.0,0.0,0.0,0.0,0.0,0.0,0.0,0.0,0.0,0.0,0.0,0.0,0.0,0.0,0.0,0.0,0.0,0.0,0.0,0.0,0.0,0.0,0.0,0.0,0.0,0.0,0.0,0.0,0.0,0.0,0.0,0.0,0.0,0.0,0.0,0.0,0.0,0.0,0.045454545454545456,0.08045977011494253,0.12903225806451613,0.18181818181818182,0.20652173913043478,0.07692307692307693,0.03333333333333333,0.021739130434782608,0.0,0.0,0.0,0.0,0.0,0.0,0.0,0.0,0.0,0.0,0.0,0.0,0.0,0.0,0.0,0.0,0.0,0.0,0.0,0.0,0.0,0.0,0.0,0.0,0.0,0.0,0.0,0.0,0.0,0.0,0.0,0.0,0.0,0.0,0.0,0.0,0.0,0.0,0.0,0.0,0.0,0.0,0.0,0.0,0.0,0.0,0.0,0.0,0.0,0.0,0.0,0.0,0.0,0.0,0.0,0.0,0.0,0.0,0.0,0.0,0.0,0.0,0.0,0.0,0.0,0.0,0.0,0.0,0.0,0.0
4563642, hsdR, indel;A;C;-1;T, indel,3.75025,0.00019998,120,-1.0,1.0,119,0.9,0.8,PASS,0.0,0.0,0.0,0.0,0.0,0.0,0.0,0.015873015873015872,0.0,0.0,0.0,0.0,0.010752688172043012,0.11,0.3218390804597701,0.5925925925925926,0.5,0.7142857142857143,0.20430107526881722,0.0,0.0,0.008620689655172414,0.02127659574468085,0.0,0.0,0.0,0.0,0.0,0.009615384615384616,0.0,0.0,0.0,0.0,0.0,0.0,0.0,0.0,0.0,0.0,0.0,0.0,0.0,0.0,0.0,0.0,0.0,0.0,0.0,0.0,0.00847457627118644,0.0,0.0,0.0,0.0,0.0,0.0,0.0,0.0,0.0,0.0,0.0,0.0,0.0,0.0,0.025974025974025976,0.0,0.0,0.0,0.0,0.0,0.0,0.0,0.0,0.0,0.0196078431372549,0.0,0.0,0.0,0.0,0.0,0.0,0.0,0.0,0.0,0.0,0.0,0.0,0.0,0.0,0.0,0.0,0.0,0.0,0.0,0.0,0.0,0.0,0.0,0.0,0.0,0.0,0.0,0.0,0.0,0.0,0.0,0.0,0.0,0.0,0.0,0.0,0.0,0.0,0.0,0.0,0.0,0.0,0.0,0.0,0.0,0.0,0.0,0.00819672131147541,0.0,0.0,0.0,0.0,0.0,0.0,0.0,0.0,0.0,0.0,0.0,0.0,0.0,0.0,0.0,0.0,0.0,0.0,0.0,0.0
4616409, nadR, A->G, missense,0.936032,9.999e-05,120,-1.0,0.1,118,0.9,0.10084,PASS,0.0044444444444444444,0.0,0.0,0.0,0.0,0.015151515151515152,0.1111111111111111,0.0,0.08791208791208792,0.1553398058252427,0.0,0.017142857142857144,0.008264462809917356,0.007462686567164179,0.21052631578947367,0.0425531914893617,0.056338028169014086,0.14655172413793102,0.5118110236220472,0.5384615384615384,0.8524590163934426,0.7659574468085106,0.6538461538461539,0.85,0.9540229885057471,0.9375,0.8873239436619719,1.0,0.9484536082474226,0.9210526315789473,0.8571428571428571,0.9777777777777777,1.0,0.9779411764705882,1.0,1.0,0.9896907216494846,1.0,1.0,1.0,0.9811320754716981,0.9912280701754386,1.0,1.0,1.0,1.0,1.0,1.0,1.0,1.0,1.0,1.0,1.0,1.0,1.0,1.0,1.0,1.0,1.0,1.0,1.0,1.0,1.0,0.9927536231884058,1.0,1.0,1.0,1.0,1.0,1.0,1.0,1.0,0.9795918367346939,1.0,1.0,1.0,1.0,1.0,0.9615384615384616,0.9880952380952381,0.9846153846153847,0.9733333333333334,1.0,1.0,1.0,1.0,1.0,,1.0,1.0,1.0,1.0,1.0,1.0,1.0,1.0,1.0,1.0,1.0,1.0,1.0,1.0,0.992,1.0,1.0,1.0,1.0,0.9905660377358491,0.9908256880733946,1.0,1.0,1.0,1.0,1.0,1.0,1.0,1.0,1.0,0.9918032786885246,1.0,1.0,0.0,0.0,0.0,0.0,0.0,0.0,0.0,0.0,0.0,0.0,1.0,1.0,1.0,1.0,0.9738562091503268,1.0,1.0,0.989010989010989,1.0,1.0,0.9953488372093023,0.9852941176470589
4627735, intergenic, junction_4627735_1_IS1_end, sv,4.29213,0.00069993,120,-1.0,0.324324,114,0.9,0.210526,PASS,0.0,0.0,0.0,0.0,0.0,0.0,0.0,0.0,0.0,0.0,0.0,0.0,0.0,0.0,0.0,0.0,0.0,0.0,0.0,0.0,0.06896551724137931,0.0,0.0,0.18604651162790697,0.5263157894736842,0.13636363636363635,0.0,0.0967741935483871,0.03571428571428571,0.01639344262295082,0.0,0.0,0.0,0.0,0.0,0.0,0.0,0.0,0.0,0.0,0.0,0.0,0.0,0.0,0.0,0.0,0.0,0.0,0.0,0.0,0.0,0.0,0.0,0.0,0.0,0.0,0.0,0.0,0.0,0.0,0.0,0.0,0.0,0.0,0.0,0.0,0.0,0.0,0.0,0.0,0.0,0.0,0.0,0.0,0.0,0.0,0.0,0.0,0.0,0.0,0.0,0.0,0.0,0.0,0.0,0.0,0.0,,0.0,0.0,0.0,0.0,0.0,0.0,0.0,0.0,0.0,0.0,0.0,0.0,0.0,0.0,0.0,0.0,0.0,0.0,0.0,0.0,0.0,0.0,0.0,0.0,0.0,0.0,0.0,0.0,0.0,0.0,0.0,0.0,0.0,0.0,0.0,0.0,0.0,0.0,0.0,0.0,0.0,0.0,0.0,0.0,0.0,0.0,0.0,0.0,0.0,0.0,0.0,0.0,0.0,0.0,0.0
4628343, arcA, T->A, missense,1.55147,9.999e-05,120,-1.0,0.155844,119,0.9,0.162162,PASS,0.0,0.0,0.0,0.012987012987012988,0.0,0.0,0.0,0.0,0.0,0.0,0.0,0.0,0.0,0.0,0.01282051282051282,0.0,0.0,0.0,0.0,0.0,0.0,0.0,0.0,0.0,0.0,0.0,0.0,0.0,0.0,0.0,0.0,0.0,0.0,0.0,0.0,0.0,0.0,0.0,0.0,0.013157894736842105,0.0,0.0,0.0,0.0,0.0,0.0,0.0,0.0,0.0,0.0,0.0,0.0,0.0,0.0,0.0,0.014084507042253521,0.0,0.0,0.0,0.0,0.0,0.0,0.0,0.010101010101010102,0.0,0.0,0.030612244897959183,0.21238938053097345,0.38235294117647056,0.2891566265060241,0.64,0.35,0.46296296296296297,0.7096774193548387,0.5428571428571428,0.6444444444444445,0.9090909090909091,0.9259259259259259,0.9,0.9491525423728814,0.9866666666666667,0.9649122807017544,1.0,1.0,1.0,1.0,1.0,1.0,1.0,1.0,1.0,1.0,1.0,1.0,1.0,1.0,1.0,1.0,1.0,1.0,1.0,1.0,1.0,1.0,1.0,1.0,1.0,1.0,1.0,1.0,1.0,1.0,1.0,1.0,1.0,1.0,1.0,1.0,0.9922480620155039,1.0,1.0,0.0,0.0,0.0,0.0,0.0,0.0,0.0,0.01098901098901099,0.0,0.0,0.0,0.0,0.0,0.0,0.0,0.0,0.0,0.02631578947368421,0.989247311827957,1.0,1.0,0.9868421052631579
4628460, arcA, T->G, missense,4.50202,0.00069993,120,-1.0,0.75,119,0.9,0.285714,PASS,0.0,0.0,0.0,0.014492753623188406,0.0,0.013422818791946308,0.0,0.0,0.0,0.0,0.0,0.0,0.0,0.0,0.0,0.0,0.0,0.0,0.0,0.0,0.0,0.0,0.03508771929824561,0.1,0.17647058823529413,0.009009009009009009,0.0,0.0,0.0,0.0,0.0,0.0,0.0,0.0,0.0,0.0,0.0,0.0,0.0,0.0,0.0,0.0,0.0,0.0,0.0,0.0,0.0,0.0,0.0,0.0,0.0,0.0,0.0,0.025,0.0,0.0,0.0,0.0,0.0,0.0,0.0,0.0,0.0,0.0,0.0,0.0,0.0,0.0,0.0,0.0,0.0,0.0,0.0,0.0,0.0,0.0,0.0,0.0,0.0,0.0,0.0,0.0,0.0,0.0,0.0,0.0,0.0,0.0,0.0,0.0,0.0,0.0,0.0,0.0,0.0,0.0,0.0,0.0,0.0,0.0,0.0,0.0,0.0,0.0,0.0,0.0,0.0,0.0,0.0,0.0,0.0,0.0,0.0,0.0,0.0,0.0,0.0,0.0,0.0,0.0,0.013333333333333334,0.0,0.0,0.0,0.0,0.0,0.0,0.0,0.0,0.0,0.0,0.0,0.0,0.0,0.0,0.0,0.0,0.0,0.0,0.0,0.0,0.0,0.0
4628563, yjjY, indel;C;-1;G, indel,0.959877,9.999e-05,120,-1.0,0.75,119,0.9,0.5,PASS,0.0,0.008,0.015384615384615385,0.0,0.0,0.0,0.0,0.0,0.0,0.0,0.0,0.0,0.0,0.0,0.0,0.0,0.0,0.010638297872340425,0.0,0.0,0.5242718446601942,0.01694915254237288,0.47368421052631576,0.5584415584415584,0.4,0.883495145631068,0.8852459016393442,1.0,0.925531914893617,0.9389312977099237,0.9213483146067416,0.9466666666666667,1.0,1.0,1.0,1.0,1.0,1.0,1.0,1.0,0.9891304347826086,1.0,1.0,1.0,1.0,1.0,1.0,0.9893617021276596,1.0,1.0,1.0,1.0,1.0,1.0,1.0,1.0,1.0,1.0,1.0,0.9655172413793104,1.0,1.0,1.0,1.0,0.9876543209876543,1.0,1.0,1.0,1.0,1.0,1.0,1.0,1.0,1.0,1.0,1.0,1.0,1.0,1.0,1.0,1.0,0.9893617021276596,1.0,1.0,1.0,1.0,1.0,1.0,1.0,1.0,1.0,1.0,1.0,1.0,1.0,1.0,1.0,1.0,1.0,1.0,1.0,1.0,1.0,1.0,1.0,1.0,1.0,1.0,1.0,1.0,1.0,1.0,1.0,1.0,1.0,1.0,1.0,1.0,1.0,1.0,1.0,0.0,0.0,0.0,0.0,0.0,0.0,0.0,0.0,0.0,0.0,0.9931506849315068,1.0,1.0,1.0,0.9645390070921985,0.9882352941176471,1.0,0.984251968503937,1.0,1.0,1.0,1.0
4628979, intergenic, MOB_4628979_4628981_IS150_1, sv,2.65984,9.999e-05,120,-1.0,0.857143,117,0.9,0.631579,PASS,0.0,0.0,0.0,0.0,0.0,0.0,0.0,0.0,0.0,0.0,0.0,0.0,0.0,0.0,0.0,0.0,0.045454545454545456,0.09243697478991597,0.17032967032967034,0.11333333333333333,0.14798206278026907,0.14979757085020243,0.41935483870967744,0.1,0.0,0.0228310502283105,0.14516129032258066,0.05660377358490566,0.10047846889952153,0.06645569620253164,0.10891089108910891,0.03896103896103896,0.0,0.0,0.0,0.0,0.0,0.0,0.0,0.0,0.0,0.0,0.0,0.0,0.0,0.0,0.0,0.0,0.0,0.0,0.0,0.0,0.0,0.0,0.0,0.0,0.0,0.0,0.0,0.0,0.0,0.0,0.0,0.0,0.0,0.0,0.0,0.0,0.0,0.0,0.0,0.0,0.0,0.0,0.0,0.0,0.0,0.0,0.0,0.0,0.0,0.0,0.0,0.0,0.0,0.0,0.0,0.0,0.0,0.0,0.0,0.0,0.0,0.0,0.0,0.0,0.0,0.0,0.0,0.0,0.0,0.0,0.0,0.0,0.0,0.0,0.0,0.0,0.0,0.0,0.0,0.0,0.0,0.0,0.0,0.0,0.0,0.0,0.0,0.0,0.0,0.0,0.0,0.0,0.0,0.0,0.0,0.0,0.0,0.0,0.0,0.0,0.0,0.0,0.0,0.0,0.0,0.0,0.0,0.0,0.0,0.0,0.0
