Position,Gene,Allele,Annotation,Test statistic,P-value,Deletion index,Fold reduction,Deletion P-value,Duplication index,Fold increase,Duplication pvalue,Passed?,AF:0,AF:500,AF:1000,AF:1500,AF:2000,AF:2500,AF:3000,AF:3500,AF:4000,AF:4500,AF:5000,AF:5500,AF:6000,AF:6500,AF:7000,AF:7500,AF:8000,AF:8500,AF:9000,AF:9500,AF:10000,AF:10500,AF:11000,AF:11500,AF:12000,AF:12500,AF:13000,AF:13500,AF:14000,AF:14500,AF:15000,AF:15500,AF:16000,AF:16500,AF:17000,AF:17500,AF:18000,AF:18500,AF:19000,AF:19500,AF:20000,AF:20500,AF:21000,AF:21500,AF:22000,AF:22500,AF:23000,AF:23500,AF:24000,AF:24500,AF:25000,AF:25500,AF:26000,AF:26500,AF:27000,AF:27500,AF:28000,AF:28500,AF:29000,AF:29500,AF:30000,AF:30500,AF:31000,AF:31500,AF:32000,AF:32500,AF:33000,AF:33500,AF:34000,AF:34500,AF:35000,AF:35500,AF:36000,AF:36500,AF:37000,AF:37500,AF:38000,AF:38500,AF:39000,AF:39500,AF:40000,AF:40500,AF:41000,AF:41500,AF:42000,AF:42500,AF:43000,AF:43500,AF:44000,AF:44500,AF:45000,AF:45500,AF:46000,AF:46500,AF:47000,AF:47500,AF:48000,AF:48500,AF:49000,AF:49500,AF:50000,AF:50500,AF:51000,AF:51500,AF:52000,AF:52500,AF:53000,AF:53500,AF:54000,AF:54500,AF:55000,AF:55500,AF:56000,AF:56500,AF:57000,AF:57500,AF:58000,AF:58500,AF:59000,AF:59500,AF:60000,AF:1000500,AF:1000600,AF:1001000,AF:1001100,AF:1001500,AF:1001600,AF:1002000,AF:1002100,AF:1005000,AF:1005100,AF:1010000,AF:1010100,AF:1015000,AF:1015100,AF:1020000,AF:1020100,AF:1030000,AF:1030099,AF:1040000,AF:1040099,AF:1050000,AF:1050100
1737, thrA, G->T, missense,3.30234,9.999e-05,120,-1.0,0.631579,119,0.9,0.4,PASS,0.0,0.0,0.0,0.0,0.0,0.0,0.0,0.0,0.0,0.0,0.0,0.0,,0.0,0.0,0.0,0.0,0.0,0.0,0.0,0.0,0.0,0.0,,0.0,0.0,0.0,0.0,0.0,0.0,0.0,0.0,0.029411764705882353,0.12,0.09523809523809523,0.08333333333333333,0.07792207792207792,0.08536585365853659,0.08108108108108109,0.06666666666666667,0.0,0.0,0.0,0.0,0.0,0.0,0.0,0.0,0.0,0.0,0.0,0.0,0.0,0.0,0.0,0.0,0.0,0.0,0.0,0.0,0.0,0.0,0.0,0.0,0.0,0.0,0.0,0.0,0.0,0.0,0.0,0.0,0.0,0.0,0.0,0.0,0.0,0.0,0.0,0.0,0.0,0.0,0.0,0.0,0.0,0.0,0.0,0.0,0.0,0.0,0.0,0.0,0.0,0.0,0.0,0.0,0.0,0.0,0.0,0.0,0.0,0.0,0.0,0.0,0.0,0.0,0.0,0.0,0.0,0.0,0.0,0.0,0.0,0.0,0.0,0.0,0.0,0.0,0.0,0.0,0.0,0.0,0.0,0.0,0.0,0.0,0.0,0.0,0.0,0.0,0.0,0.0,0.0,0.0,0.0,0.0,0.0,0.0,0.0,0.0,0.0,0.0,0.0
16972, mokC, MOB_16972_16974_IS150_1, sv,0.720409,9.999e-05,120,-1.0,0.307692,117,0.9,0.126316,PASS,0.005847953216374269,0.0071154281670205224,0.0,0.008525149190110827,0.025,0.0,0.008952551477170993,0.0,0.00847457627118644,0.02127659574468085,0.0,0.0,0.0,0.026978565022421522,0.009510586538461539,0.0164827868852459,0.02912621359223301,0.02028397565922921,0.02337860465116279,0.03348187290969899,0.0,0.01780053097345133,0.014285714285714285,,0.05555555555555555,0.0,0.019193857965451054,0.008547008547008548,0.02408648,0.029498525073746312,0.012039760479041916,0.04422303618711386,0.005494505494505495,0.03508771929824561,0.05474363636363636,0.048847439024390246,0.15144365558912387,0.637013611615245,0.33774985215848613,0.3293751783166905,0.7852414322250639,0.6640792910447761,0.30022168284789646,0.43813973458235755,0.6900344115622848,0.7372175572519084,0.6151583937534857,0.5978874172185431,0.9358787878787879,0.9176064467766116,0.8853146417445482,0.8966735653809972,0.9562494577006507,0.881539695945946,0.9761535756154749,1.0,0.7695470249520154,1.0,0.9282377495462795,0.7734263038548753,0.8698398510242085,0.8395795148247978,0.7965703324808184,0.6465450160771704,0.6689143117593437,0.7150077619663648,0.5113631739572737,0.8361213360599865,0.5845067497403946,0.6009482071713147,0.16759791666666668,0.6334409448818897,0.6926556122448979,0.13837428243398395,0.14973468085106384,0.3224812834224599,0.1508175,0.2898181818181818,0.1832654996353027,0.26020147874306837,0.8337263033175355,0.4644306839186691,0.43380654761904763,0.3559452789699571,0.42340022172949,0.549806640625,0.5540811623246493,0.40127123848515867,0.4014296875,0.4244760076775432,0.3550860215053764,0.7704,0.445590027700831,0.7213796296296295,0.8702377260981911,0.5375722543352601,0.8230096308186196,0.8539975728155339,0.6735384615384615,0.5889501683501684,0.7986648401826484,0.5925676855895197,0.540574540503744,0.693205619412516,0.7046869488536155,0.7854775160599572,0.6339969481180061,0.7031951219512196,0.8858390804597701,0.8005761024182078,0.4503930753564155,0.7418708487084871,0.5832946428571428,0.7065657142857142,0.476356608478803,0.6149296636085627,0.7221583673469387,0.5983544973544974,0.5943993355481727,0.7119003601440577,0.9442976744186047,0.03129890453834116,0.023148148148148147,0.02830188679245283,0.027472527472527472,0.03765060240963855,0.029556650246305417,0.04830917874396135,0.015540015540015542,0.021052631578947368,0.012836970474967907,0.049586776859504134,1.0,0.06554989075018208,0.026019080659150044,0.04408060453400504,1.0,0.9763959810874705,1.0,1.0,0.09702009702009701,1.0,1.0
17045, mokC, junction_17045_1_IS150_start, sv,0.897632,9.999e-05,120,-1.0,0.521739,114,0.9,0.226415,PASS,0.0,0.0,0.0,0.0,0.0,0.0,0.0,0.0,0.0,0.0,0.0,0.0,0.0,0.0,0.0,0.0,0.0,0.0,0.0,0.0,0.0,0.0,0.0,,0.0,0.0,0.0,0.0,0.0,0.0,0.0,0.0,0.0,0.02,0.0,0.0,0.0,0.017857142857142856,0.0,0.0,0.0,0.0,0.0,0.0,0.0,0.0,0.0,0.0,0.0,0.0,0.0,0.0,0.0,0.0,0.0,0.0,0.125,0.0,0.0,0.625,0.6666666666666666,0.5454545454545454,0.8125,0.7619047619047619,0.7142857142857143,0.6428571428571429,0.7727272727272727,0.8840579710144928,0.7297297297297297,0.7368421052631579,0.14285714285714285,0.5454545454545454,0.8,0.14285714285714285,0.15,0.17647058823529413,0.3333333333333333,0.5806451612903226,0.3424657534246575,0.35,0.75,0.41935483870967744,0.4838709677419355,0.5116279069767442,0.6060606060606061,0.5333333333333333,0.6176470588235294,0.44,0.5714285714285714,0.36363636363636365,0.32,0.8421052631578947,0.7142857142857143,0.6666666666666666,0.8333333333333334,0.6451612903225806,0.9583333333333334,0.84,0.7346938775510204,0.6632653061224489,0.8028169014084507,0.7108433734939759,0.65,0.8108108108108109,0.8373983739837398,0.7297297297297297,0.7358490566037735,0.5882352941176471,0.9,0.8333333333333334,0.29411764705882354,0.7777777777777778,0.7435897435897436,0.7634408602150538,0.6956521739130435,0.6153846153846154,0.8541666666666666,0.7169811320754716,0.6901408450704225,0.8032786885245902,0.9791666666666666,0.0,0.0,0.0,0.0,0.0,0.0,0.0,0.0,0.0,0.0,0.0,0.0,0.0,0.0,0.0,0.0,0.9772727272727273,1.0,1.0,0.0,1.0,0.0
21164, ECB_00021, indel;C;-1;T;G, indel,1.19226,9.999e-05,120,-1.0,1.0,120,0.9,0.857143,PASS,0.0,0.0,0.0,0.0,0.0,0.0,0.0,0.0,0.01282051282051282,0.0,0.0,0.0,,0.0,0.0125,0.0,0.0,0.0,0.0,0.0,0.0,0.0,0.0,,0.0,0.0,0.010638297872340425,0.0,0.0,0.0,0.007692307692307693,0.0,0.0,0.0,0.0,0.023809523809523808,0.0,0.008695652173913044,0.0,0.0,0.0,0.0,0.0,0.0,0.0,0.0,0.0,0.0,0.0,0.014084507042253521,0.0,0.0,0.0,0.0125,0.0,0.0,0.0,0.0,0.0,0.0,0.0,0.0,0.0,0.0,0.0,0.0,0.0,0.007194244604316547,0.013513513513513514,0.034482758620689655,0.125,0.0,0.03125,0.04,0.1388888888888889,0.20754716981132076,0.3333333333333333,0.4,0.5909090909090909,0.5681818181818182,0.14782608695652175,0.5531914893617021,0.3269230769230769,0.5656565656565656,0.4536082474226804,0.42857142857142855,0.2916666666666667,0.4117647058823529,0.36363636363636365,0.4857142857142857,0.5365853658536586,0.125,0.13513513513513514,0.325,0.1935483870967742,0.11764705882352941,0.125,0.19811320754716982,0.4036697247706422,0.35714285714285715,0.12698412698412698,0.24858757062146894,0.41317365269461076,0.22448979591836735,0.23863636363636365,0.21978021978021978,0.22,0.2465753424657534,0.16666666666666666,0.2463768115942029,0.3076923076923077,0.3103448275862069,0.25925925925925924,0.16101694915254236,0.24675324675324675,0.28846153846153844,0.2,0.15555555555555556,0.15625,0.19318181818181818,0.061946902654867256,0.0,0.0,0.0,0.0,0.0,0.0,0.0,0.0,0.0,0.0,0.0,0.0,0.0,0.0,0.0,0.0,0.0,0.0,0.0,1.0,0.0,1.0
42718, intergenic, MOB_42718_42720_IS150_-1, sv,1.08206,9.999e-05,120,-1.0,0.157895,118,0.9,0.115385,PASS,0.0,0.0,0.0,0.0,0.0,0.0,0.0,0.0,0.0,0.0,0.0,0.0,,0.0,0.0,0.0,0.0,0.0,0.0,0.0,0.0,0.0,0.0,,0.0,0.0,0.0,0.0,0.0,0.0,0.0,0.0,0.0,0.0,0.0,0.0,0.0,0.0,0.0,0.0,0.0,0.0,0.0,0.0,0.0,0.0,0.006211180124223602,0.0,0.0,0.05405405405405406,0.03731343283582089,0.04929577464788732,0.05454545454545454,0.06779661016949153,0.08943089430894309,0.11627906976744186,0.04938271604938271,0.07692307692307693,0.18604651162790697,0.03333333333333333,0.12121212121212122,0.15294117647058825,0.13846153846153847,0.16666666666666666,0.11061946902654868,0.21604938271604937,0.22784810126582278,0.1377551020408163,0.304,0.5087719298245614,0.6428571428571429,0.17073170731707318,0.36363636363636365,0.8091603053435115,0.6274509803921569,0.5384615384615384,0.5178571428571429,0.5357142857142857,0.5741935483870968,0.5196078431372549,0.13529411764705881,0.625,0.4519230769230769,0.6390977443609023,0.5,0.5,0.422360248447205,0.4473684210526316,0.5555555555555556,0.64,0.5964912280701754,0.21428571428571427,0.22535211267605634,0.31746031746031744,0.14285714285714285,0.16379310344827586,0.13580246913580246,0.17010309278350516,0.23417721518987342,0.2523809523809524,0.14285714285714285,0.2772727272727273,0.33640552995391704,0.23574144486692014,0.2682926829268293,0.19745222929936307,0.3223684210526316,0.3739130434782609,0.1349206349206349,0.31958762886597936,0.28,0.21951219512195122,0.2582781456953642,0.28378378378378377,0.43859649122807015,0.2692307692307692,0.16201117318435754,0.13333333333333333,0.27941176470588236,0.24324324324324326,0.08264462809917356,0.0,0.0,0.0,0.0,0.0,0.0,0.0,0.0,0.0,0.0,0.0,0.0,0.0,0.0,0.0,0.0,0.0,0.0,0.0,1.0,0.0,0.9847328244274809
87040, intergenic, A->G, noncoding,3.67758,0.0029997,120,-1.0,0.705882,118,0.9,0.923077,PASS,0.0,0.0,,0.0,0.0,0.0,0.0,0.0,0.0,0.0,0.0,0.0,,0.0,0.0,0.0,0.0,0.0,0.0,0.0,0.0,0.0,0.0,,0.0,0.0,0.0,0.0,0.0,0.0,0.0,0.0,0.0,0.0,0.03225806451612903,0.047619047619047616,0.136986301369863,0.14414414414414414,0.05263157894736842,0.0,0.0,0.0,0.0,0.0,0.0,0.0,0.0,0.0,0.0,0.0,0.0,0.0,0.0,0.0,0.0,0.0,0.0,0.0,0.0,0.0,0.0,0.0,0.0,0.0,0.0,0.0,0.0,0.0,0.0,0.0,0.0,0.0,0.0,0.0,0.0,0.0,0.0,0.0,0.0,0.0,0.0,0.0,0.0,0.0,0.0,0.0,0.0,0.0,0.0,0.0,0.0,0.0,0.0,0.0,0.0,0.0,0.0,0.0,0.0,0.0,0.0,0.0,0.0,0.0,0.0,0.0,0.0,0.0,0.0,0.0,0.0,0.0,0.0,0.0,0.0,0.0,0.0,0.0,0.0,0.0,0.0,0.0,0.0,0.0,0.0,0.0,0.0,0.0,0.0,0.0,0.0,0.0,0.0,0.0,0.0,0.0,0.0,0.0,0.0,0.0,0.0,0.0,0.0
92879, yabB, C->T, nonsense,4.09965,9.999e-05,120,-1.0,0.324324,119,0.9,0.857143,PASS,0.0,0.0,0.0,0.0,0.09302325581395349,0.9821428571428571,1.0,0.9545454545454546,0.8805970149253731,0.9333333333333333,0.9047619047619048,0.045454545454545456,0.0,0.0,0.0,0.0,0.0,0.0,0.0,0.0,0.0,0.0,0.0,,0.0,0.0,0.0,0.0,0.017857142857142856,0.0,0.0,0.0,0.0,0.0,0.0,0.0,0.0,0.0,0.0,0.0,0.0,0.0,0.0,0.0,0.015384615384615385,0.0,0.0,0.0,0.0,0.0,0.0,0.0,0.0,0.0,0.0,0.0,0.0,0.0,0.0,0.0,0.0,0.0,0.0,0.0,0.0,0.0,0.0,0.0,0.0,0.0,0.0,0.0,0.0,0.0,0.0,0.0,0.0,0.0,0.0,0.0,0.0,0.0,0.0,0.0,0.0,0.0,0.0,0.0,0.0,0.0,0.0,0.0,0.0,0.0,0.0,0.0,0.0,0.0,0.0,0.0,0.0,0.0,0.0,0.0,0.0,0.0,0.0,0.0,0.0,0.0,0.0,0.0,0.0,0.0,0.0,0.0,0.0,0.0,0.0,0.0,0.0,0.0,0.0,0.0,0.0,0.0,0.0,0.0,0.0,1.0,0.6538461538461539,0.0,0.0,0.0,0.0,0.0,0.0,0.012345679012345678,0.0,0.0,0.0,0.0,0.0
94719, ftsI, A->C, missense,3.43468,0.00249975,120,-1.0,0.226415,119,0.9,0.222222,PASS,0.0,0.0,,0.0,0.0,0.0,0.0,0.09803921568627451,0.03508771929824561,0.03225806451612903,0.1,0.16666666666666666,0.0,0.12857142857142856,0.0,0.0,0.0,0.0,0.0,0.0,0.0,0.0,0.0,,0.0,0.0,0.0,0.0,0.0,0.0,0.0,0.0,0.0,0.0,0.0,0.0,0.0,0.0,0.0,0.0,0.0,0.0,0.0,0.0,0.0,0.0,0.0,0.0,0.0,0.0,0.0,0.0,0.0,0.0,0.0,0.0,0.0,0.0,0.0,0.0,0.0,0.0,0.0,0.0,0.0,0.0,0.0,0.0,0.0,0.0,0.0,0.0,0.0,0.0,0.0,0.0,0.0,0.0,0.0,0.0,0.0,0.0,0.0,0.0,0.0,0.0,0.0,0.0,0.0,0.0,0.0,0.0,0.0,0.0,0.0,0.0,0.0,0.0,0.0,0.0,0.0,0.0,0.0,0.0,0.0,0.0,0.0,0.0,0.0,0.0,0.0,0.0,0.0,0.0,0.0,0.010309278350515464,0.0,0.0,0.0,0.0,0.0,0.0,0.0,0.0,0.0,0.0,0.0,0.0,0.0,0.0,0.0,0.0,0.0,0.0,0.0,0.0,0.0,0.0,0.0,0.0,0.0,0.0,0.0
145490, yadF, indel;A;C;-1;G, indel,1.22708,9.999e-05,120,-1.0,0.666667,119,0.9,0.8,PASS,0.0,0.0,0.0,0.0,0.0,0.0,0.0,0.0,0.0,0.0,0.0,0.0,,0.0,0.0,0.0,0.0,0.0,0.0,0.0,0.0,0.0,0.0,,0.0,0.0,0.0,0.0,0.0,0.0,0.0,0.0,0.0,0.0,0.019230769230769232,0.0,0.0,0.0,0.0,0.0,0.013333333333333334,0.0,0.0,0.0,0.0,0.0,0.0,0.0,0.0,0.0,0.0,0.0,0.0,0.0,0.0,0.0,0.0,0.0,0.0,0.0,0.0,0.0,0.0,0.0,0.0,0.0,0.0,0.0,0.0,0.0,0.0,0.0,0.0,0.0,0.0,0.0,0.0,0.0,0.0,0.0,0.0,0.14285714285714285,0.34285714285714286,0.30357142857142855,0.40384615384615385,0.4482758620689655,0.3584905660377358,0.43103448275862066,0.5294117647058824,0.32558139534883723,0.4090909090909091,0.25925925925925924,0.21212121212121213,0.20408163265306123,0.19444444444444445,0.25,0.13157894736842105,0.2222222222222222,0.15873015873015872,0.31521739130434784,0.17777777777777778,0.3305785123966942,0.319672131147541,0.2222222222222222,0.29931972789115646,0.14814814814814814,0.2903225806451613,0.2909090909090909,0.25,0.09375,0.16666666666666666,0.25,0.34545454545454546,0.13636363636363635,0.16393442622950818,0.3431372549019608,0.10344827586206896,0.16666666666666666,0.4146341463414634,0.21052631578947367,0.07352941176470588,0.0,0.0,0.0,0.0,0.0,0.0,0.0,0.0,0.0,0.0,0.0,0.0,0.0,0.0,0.0,0.0,0.0,0.0,0.0,0.0,0.0,0.9538461538461539
145547, yadF, G->A, noncoding,3.71521,0.00419958,119,-1.0,1.0,118,0.9,0.631579,PASS,0.0,0.0,0.0,0.0,0.0,0.0,0.0,0.0,0.0,0.0,0.0,0.0,0.0,0.0,0.0,0.0,0.0,0.0,0.0,0.0,0.0,0.0,0.0,,0.0,0.0,0.0,0.0,0.0,0.0,0.0,0.0,0.0,0.0,0.0,0.0,0.20967741935483872,0.20430107526881722,0.03333333333333333,0.04081632653061224,0.012345679012345678,0.0,0.0,0.0,0.0,0.0,0.0,0.0,0.0,0.0,0.0,0.0,0.0,0.0,0.0,0.0,0.0,0.0,0.0,0.0,0.0,0.0,0.0,0.0,0.0,0.0,0.0,0.0,0.0,0.03225806451612903,0.0,0.0,0.0,0.0,0.0,0.0,0.0,0.0,0.0,0.0,0.0,0.0,0.0,0.0,0.0,0.0,0.0,0.0,0.0,0.0,0.0,0.0,0.0,0.0,0.0,0.0,0.0,0.0,0.0,0.0,0.0,0.0,0.0,0.012345679012345678,0.0,0.0,0.0,0.0,0.0,0.0,0.0,0.0,0.0,0.0,0.0,0.0,0.0,0.0,0.0,0.0,0.0,0.0,0.0,0.0,0.0,0.0,0.0,0.0,0.0,0.0,0.0,0.0,0.0,0.0,0.0,0.0,0.0,0.0,0.0,0.0,0.0,0.0,0.0
146429, yadG, MOB_146429_146437_IS1_-1, sv,1.10347,9.999e-05,120,-1.0,0.521739,119,0.9,0.631579,PASS,0.0,0.0,0.0,0.0,0.0,0.0,0.0,0.0,0.0,0.0,0.0,0.0,0.0,0.0,0.0,0.0,0.0,0.0,0.0,0.0,0.0,0.0,0.0,,0.0,0.0,0.0,0.0,0.0,0.0,0.0,0.0,0.0,0.0,0.0,0.0,0.0,0.0,0.0,0.0,0.0,0.0,0.0,0.0,0.0,0.0,0.0,0.0,0.0,0.008032128514056224,0.0,0.0,0.08894702380952381,0.034994366197183095,0.07188828250401286,0.05124476843910806,0.15753791798107256,0.0,0.03745318352059925,0.05448251366120218,0.11525063157894737,0.06715140607424072,0.07978723404255318,0.14482366589327145,0.18086516853932585,0.14675669642857142,0.20138247683235044,0.05499711833231147,0.1970197916666667,0.4168310104529617,0.706429104477612,0.17802142857142855,0.2668876288659794,0.6785137055837563,0.6352130872483222,0.5992708860759494,0.30946771378708554,0.49496171693735497,0.6352535211267606,0.5899221789883269,0.12719898045879355,0.4865622047244094,0.3201360856269113,0.5115931593159316,0.35036127917026794,0.4260014880952381,0.3511988246816846,0.4019352441613588,0.4667253968253968,0.5823466800804828,0.6163741007194244,0.12846378676470588,0.2779029535864979,0.29025087378640774,0.23348694581280788,0.21982389705882355,0.07024188235294118,0.17719595375722544,0.2654722004698512,0.2678545359749739,0.0679151364764268,0.19506931216931217,0.3152291350531108,0.22845032751091704,0.17254871175523348,0.11698127659574468,0.20690237226277375,0.3770126002290951,0.14938302122347066,0.2964070138150903,0.18873627760252368,0.2584260572987722,0.43892355117139337,0.22958570198105085,0.23523773584905658,0.21552460850111857,0.1812837413684871,0.15841242149337054,0.31985822637106187,0.12949634831460674,0.03807067381316999,0.0,0.0,0.0,0.0,0.0,0.0,0.0,0.0,0.0,0.0,0.0,0.0,0.0,0.0,0.0,0.0,0.0,0.0,0.0,0.9137206477732793,0.0,0.9925239146431198
146996, yadH, indel;+A;-1;+AA, indel,0.983762,0.00069993,120,-1.0,0.6,119,0.9,0.923077,PASS,0.0,0.0,0.0,0.0,0.0,0.0,0.0,0.0,0.0,0.0,0.0,0.0,,0.0,0.0,0.0,0.0,0.0,0.0,0.0,0.0,0.0,0.0,,0.0,0.0,0.0,0.0,0.0,0.0,0.0,0.0,0.0,0.0,0.0,0.0,0.0,0.0,0.0,0.0,0.0,0.0,0.0,0.0,0.0,0.0,0.0,0.0,0.0,0.0,0.0,0.0,0.0,0.029411764705882353,0.0,0.0,0.0,0.0,0.058823529411764705,0.0,0.0,0.0,0.0,0.031746031746031744,0.0,0.047619047619047616,0.07407407407407407,0.01282051282051282,0.0,0.0,0.0,0.0,0.0,0.023255813953488372,0.12,0.06451612903225806,0.09090909090909091,0.0,0.020833333333333332,0.02127659574468085,0.01639344262295082,0.0,0.0,0.02,0.017543859649122806,0.03571428571428571,0.0,0.0,0.0,0.0,0.0,0.0,0.029411764705882353,0.0,0.0,0.041666666666666664,0.0625,0.012048192771084338,0.02857142857142857,0.038461538461538464,0.012048192771084338,0.0,0.04672897196261682,0.009174311926605505,0.039603960396039604,0.05454545454545454,0.029411764705882353,0.075,0.044444444444444446,0.1,0.07692307692307693,0.09375,0.022727272727272728,0.08641975308641975,0.08823529411764706,0.05084745762711865,0.07446808510638298,0.02564102564102564,0.05952380952380952,0.06382978723404255,0.18032786885245902,0.0,0.0,0.0,0.0,0.0,0.0,0.0,0.0,0.0,0.0,0.0,0.0,0.0,0.0,0.0,0.0,0.0,0.0,0.0,0.0,0.0,0.0
146998, yadH, MOB_146998_147000_IS150_-1, sv,0.835224,9.999e-05,120,-1.0,0.705882,119,0.9,1.0,PASS,0.0,0.0,0.0,0.0,0.0,0.0,0.0,0.0,0.0,0.0,0.0,0.0,,0.0,0.0,0.0,0.0,0.0,0.0,0.0,0.0,0.0,0.0,,0.0,0.0,0.0,0.0,0.0,0.0,0.0,0.0,0.0,0.0,0.0,0.0,0.0,0.0,0.0,0.0,0.0,0.0,0.0,0.0,0.0,0.0,0.0,0.0,0.0,0.0,0.0,0.0,0.10344827586206896,0.11940298507462686,0.1326530612244898,0.17391304347826086,0.4,0.7560975609756098,0.8181818181818182,0.8787878787878788,0.8064516129032258,0.803921568627451,0.7368421052631579,0.7603305785123967,0.7719298245614035,0.788235294117647,0.75,0.86875,0.7640449438202247,0.7317073170731707,0.625,1.0,0.7307692307692307,0.3125,0.36,0.32142857142857145,0.5897435897435898,0.4307692307692308,0.5050505050505051,0.4482758620689655,0.8740740740740741,0.37735849056603776,0.6276595744680851,0.5978260869565217,0.5398230088495575,0.5084745762711864,0.6379310344827587,0.5523809523809524,0.7111111111111111,0.47540983606557374,0.5694444444444444,0.9375,0.5901639344262295,0.7215189873417721,0.6716417910447762,0.9111111111111111,0.765625,0.7975460122699386,0.8,0.7262569832402235,0.8404907975460123,0.8238341968911918,0.7551020408163265,0.7982832618025751,0.7918552036199095,0.7755102040816326,0.7692307692307693,0.7904761904761904,0.8514851485148515,0.7647058823529411,0.7560975609756098,0.8615384615384616,0.7764705882352941,0.8411764705882353,0.6583333333333333,0.7365853658536585,0.8595505617977528,0.785234899328859,0.6858974358974359,0.9120879120879121,0.9407407407407408,0.0,0.0,0.0,0.0,0.0,0.0,0.0,0.0,0.0,0.0,0.0,0.0,0.0,0.0,0.0,0.0,1.0,1.0,1.0,0.0,1.0,0.0
147247, yadH, T->A, missense,4.80428,0.00039996,120,-1.0,0.375,119,0.9,0.342857,PASS,0.0,0.0,0.0,0.0,0.0,0.0,0.0,0.0,0.0,0.0,0.0,0.0,0.0,0.0,0.0,0.0,0.0,0.0,0.0,0.0,0.0,0.0,0.0,,0.0,0.0,0.0,0.0,0.0,0.0,0.0,0.0,0.008771929824561403,0.0,0.13157894736842105,0.2,0.15384615384615385,0.0,0.0,0.0,0.0,0.0,0.0,0.0,0.0,0.0,0.0,0.0,0.0,0.0,0.0,0.0,0.0,0.0,0.0,0.0,0.0,0.0,0.0,0.0,0.0,0.0,0.0,0.0,0.0,0.0,0.0,0.0,0.0,0.0,0.0,0.0,0.0,0.0,0.0,0.0,0.0,0.0,0.0,0.0,0.0,0.0,0.0,0.0,0.0,0.0,0.0,0.0,0.0,0.0,0.0,0.0,0.0,0.0,0.0,0.0,0.0,0.0,0.0,0.0,0.0,0.0,0.0,0.0,0.0,0.0,0.0,0.0,0.0,0.0,0.0,0.0,0.0,0.0,0.0,0.0,0.0,0.0,0.0,0.0,0.0,0.0,0.0,0.0,0.0,0.0,0.0,0.0,0.0,0.0,0.0,0.0,0.0,0.0,0.0,0.0,0.0,0.0,0.0,0.0,0.0,0.0,0.0
233649, yafC, T->C, missense,1.26962,0.00019998,120,-1.0,1.0,114,0.9,0.8,PASS,0.0,0.0,0.0,0.0,0.0,0.0,0.0,0.0,0.0,0.0,0.0,0.0,,0.0,0.0,0.0,0.0,0.0,0.0,0.0,0.0,0.0,0.0,,0.0,0.0,0.0,0.0,0.0,0.0,0.0,0.0,0.0,0.0,0.0,0.0,0.0,0.0,0.0,0.0,0.0,0.0,0.0,0.0,0.0,0.0,0.0,0.0,0.0,0.0,0.0,0.0,0.0,0.0,0.0,0.0,0.0,0.0,0.0,0.0,0.0,0.0,0.0,0.0,0.0,0.0,0.0,0.0,0.0,0.0,0.0,,0.0,0.0,0.0,0.0,0.0,0.0,0.0,0.0,0.0,0.0,0.0,0.0,0.0,0.0,0.0,0.0,0.021739130434782608,0.16666666666666666,0.1111111111111111,0.3333333333333333,0.05263157894736842,0.16666666666666666,0.08695652173913043,0.19047619047619047,0.2,0.20930232558139536,0.34782608695652173,0.18181818181818182,0.13636363636363635,0.3442622950819672,0.2857142857142857,0.1891891891891892,0.18867924528301888,0.17391304347826086,0.2413793103448276,0.2903225806451613,0.36363636363636365,0.043478260869565216,0.35714285714285715,0.1111111111111111,0.32,0.13793103448275862,0.3333333333333333,0.38181818181818183,0.07692307692307693,0.2631578947368421,0.2916666666666667,0.041666666666666664,0.075,0.0,0.0,0.0,0.0,0.0,0.0196078431372549,0.0,0.0,0.0,0.0,0.0,0.0,0.0,0.0,0.0,0.0,0.0,0.0,0.0,0.0,0.0,1.0
237027, gloB, indel;-9, indel,3.99536,0.00049995,120,-1.0,1.0,113,0.9,0.8,PASS,0.0,0.0,0.0,0.0,0.0,0.0,0.0,0.0,0.0,0.0,0.0,0.0,,0.0,0.0,0.0,0.0,0.0,0.0,0.0,0.0,0.0,0.0,,0.0,0.0,0.0,0.0,0.0,0.0,0.0,0.0,0.0,0.0,0.0,0.0,0.0,0.0,0.0,0.0,0.0,0.0,0.0,0.0,0.06920415224913495,0.10582010582010583,0.19823788546255508,0.2,0.07017543859649122,0.17647058823529413,0.0,0.0,0.0,0.0,0.0,0.0,0.0,0.0,0.0,0.0,0.0,0.0,0.0,0.0,0.0,0.0,0.0,0.0,0.0,0.0,0.0,0.0,0.0,0.0,0.0,0.0,0.0,0.0,0.0,0.0,0.0,0.0,0.0,0.0,0.0,0.0,0.0,0.0,0.0,0.0,0.0,0.0,0.0,0.0,0.0,0.0,0.0,0.0,0.0,0.0,0.0,0.0,0.0,0.0,0.0,0.0,0.0,0.0,0.0,0.0,0.0,0.0,0.0,0.0,0.0,0.0,0.0,0.0,0.0,0.0,0.0,0.0,0.0,0.0,0.0,0.0,0.0,0.0,0.0,0.0,0.0,0.0,0.0,0.0,0.0,0.0,0.0,0.0,0.0,0.0,0.0,0.0,0.0
267372, tRNA:thrW, G->T, noncoding,2.64714,9.999e-05,120,-1.0,0.428571,120,0.9,0.75,PASS,0.0,0.0,,0.0,0.0,0.0,0.0,0.0,0.0,0.0,0.0,0.0,,0.0,0.0,0.0,0.0,0.0,0.0,0.0,0.0,0.0,0.0,,0.0,0.0,0.0,0.0,0.0,0.0,0.021052631578947368,0.0,0.2,0.09859154929577464,0.12857142857142856,0.044444444444444446,0.1978021978021978,0.2288135593220339,0.07792207792207792,0.057971014492753624,0.0,0.0,0.0,0.0,0.0,0.0,0.0,0.0,0.0,0.0,0.0,0.0,0.0,0.0,0.0,0.0,0.0,0.0,0.0,0.0,0.0,0.0,0.0,0.0,0.0,0.0,0.0,0.0,0.0,0.0,0.0,0.0,0.0,0.0,0.0,0.0,0.0,0.0,0.0,0.0,0.0,0.0,0.0,0.0,0.0,0.0,0.0,0.0,0.0,0.0,0.0,0.0,0.0,0.0,0.0,0.0,0.0,0.0,0.0,0.0,0.0,0.009174311926605505,0.0,0.0,0.0,0.0,0.0,0.0,0.0,0.0,0.0,0.0,0.0,0.0,0.0,0.0,0.0,0.0,0.0,0.0,0.0,0.0,0.0,0.0,0.0,0.0,0.0,0.0,0.0,0.0,0.0,0.007462686567164179,0.0,0.0,0.0,0.0,0.0,0.0,0.0,0.0,0.0,0.0,0.0
315207, intergenic, MOB_315207_315211_IS150_-1, sv,1.16103,9.999e-05,120,-1.0,0.666667,119,0.9,0.705882,PASS,0.0,0.0,0.0,0.0,0.0,0.0,0.0,0.0,0.0,0.0,0.0,0.0,,0.0,0.0,0.0,0.0,0.0,0.0,0.0,0.0,0.0,0.0,,0.0,0.0,0.0,0.0,0.0,0.01680672268907563,0.0,0.0,0.0,0.0,0.0,0.0,0.0,0.0,0.0,0.0,0.0,0.0,0.0,0.0,0.0,0.0,0.0,0.0,0.0,0.0,0.0,0.0,0.0,0.0,0.0,0.0,0.0,0.0,0.0,0.0,0.0,0.0,0.0,0.0,0.0,0.0,0.0,0.0,0.0,0.0,0.0,0.10204081632653061,0.038461538461538464,0.0660377358490566,0.09230769230769231,0.16326530612244897,0.09836065573770492,0.1875,0.07692307692307693,0.24,0.7043478260869566,0.42,0.5882352941176471,0.4628099173553719,0.5486725663716814,0.6428571428571429,0.6146788990825688,0.5508474576271186,0.5846153846153846,0.5,0.45,0.8840579710144928,0.7352941176470589,0.8021978021978022,0.625,0.7352941176470589,0.8333333333333334,0.75,0.8226950354609929,0.8314606741573034,0.8366013071895425,0.7566371681415929,0.6739130434782609,0.7029702970297029,0.6386554621848739,0.7941176470588235,0.6538461538461539,0.6454545454545455,0.8734177215189873,0.7522935779816514,0.6065573770491803,0.6136363636363636,0.646551724137931,0.7821782178217822,0.608,0.7027027027027027,0.8315789473684211,0.793939393939394,0.6111111111111112,0.7526881720430108,0.9051094890510949,0.0,0.0,0.0,0.0,0.0,0.0,0.0,0.0,0.0,0.0,0.0,0.0,0.0,0.0,0.0,0.0,0.0,0.0,1.0,0.0,0.9966814159292036,0.0
324624, prpD, junction_324624_1_IS150_end, sv,2.59982,0.00679932,120,-1.0,0.428571,118,0.9,0.48,PASS,0.0,0.0,0.0,0.0,0.0,0.0,0.0,0.0,0.0,0.0,0.0,0.0,,0.0,0.0,0.0,0.0,0.0,0.0,0.0,0.0,0.0,0.0,,0.0,0.0,0.0,0.0,0.0,0.0,0.0,0.0,0.0,0.0,0.0,0.0,0.0,0.0,0.0,0.0,0.0,0.0,0.0,0.0,0.0,0.0,0.0,0.0,0.0,0.0,0.0,0.0,0.0,0.0,0.0,0.0,0.0,0.0,0.0,0.0,0.0,0.0,0.0,0.0,0.0,0.0,0.0,0.021739130434782608,0.0,0.0,0.0,0.0,0.0,0.0,0.0,0.0,0.0,0.0,0.0,0.0,0.0,0.0,0.0,0.0,0.0,0.0,0.0,0.0,0.0,0.0,0.0,0.0,0.0,0.0,0.0,0.0,0.0,0.0,0.0,0.0,0.0,0.0,0.02040816326530612,0.04838709677419355,0.13157894736842105,0.15151515151515152,0.0625,0.0,0.034482758620689655,0.0,0.0,0.1111111111111111,0.038461538461538464,0.0,0.0,0.030303030303030304,0.0,0.0,0.0,0.0,0.0,0.0,0.0,0.0,0.0,0.0,0.0,0.0,0.0,0.0,0.0,0.0,0.0,0.0,0.0,0.0,0.0,0.0,0.0,0.0,0.0,0.0,0.0
393798, queA, G->A, missense,1.0578,9.999e-05,120,-1.0,0.5,117,0.9,1.0,PASS,0.0,0.0,,0.0,0.0,0.0,0.0,0.0,0.0,0.0,0.0,0.0,,0.0,0.0,0.0,0.0,0.0,0.0,0.0,0.0,0.0,0.0,,0.0,0.0,0.0,0.0,0.0,0.0,0.0,0.0,0.0,0.0,0.0,0.0,0.0,0.0,0.0,0.0,0.0,0.0,0.0,0.0,0.029411764705882353,0.0,0.0,0.0,0.0,0.0,0.0,0.0,0.16666666666666666,0.0,0.05555555555555555,0.1,0.07142857142857142,0.0,0.3333333333333333,0.0,0.21739130434782608,0.06666666666666667,0.3157894736842105,0.07692307692307693,0.1111111111111111,0.28125,0.2647058823529412,0.14285714285714285,0.1935483870967742,0.4117647058823529,0.3333333333333333,0.14285714285714285,0.55,0.8529411764705882,0.5833333333333334,0.4166666666666667,0.7142857142857143,0.6923076923076923,0.6341463414634146,0.7142857142857143,0.15789473684210525,0.7333333333333333,0.3157894736842105,0.59375,0.45161290322580644,0.6666666666666666,0.4857142857142857,0.4523809523809524,0.5609756097560976,0.75,0.5384615384615384,0.3,0.1875,0.42857142857142855,0.25,0.11764705882352941,0.2727272727272727,0.22580645161290322,0.2653061224489796,0.25,0.2653061224489796,0.2037037037037037,0.32,0.288135593220339,0.35,0.125,0.2647058823529412,0.3939393939393939,0.125,0.19444444444444445,0.11764705882352941,0.3333333333333333,0.18518518518518517,0.23376623376623376,0.39285714285714285,0.29411764705882354,0.12903225806451613,0.15217391304347827,0.2647058823529412,0.21052631578947367,0.07894736842105263,0.0,0.0,0.0,0.0,0.0,0.0,0.023255813953488372,0.0,0.0,0.0,0.0,0.0,0.0,0.0,0.0,0.0,0.0,0.0,0.0,0.9923076923076923,0.0,1.0
426252, tig, G->T, missense,4.88149,9.999e-05,120,-1.0,0.413793,119,0.9,0.0784314,PASS,0.0,0.0,0.0,0.0,0.0,0.0,0.0,0.0,0.0,0.0,0.0,0.0,,0.0,0.0,0.0,0.0,0.0,0.0,0.0,0.0,0.0,0.0,,0.0,0.0,0.0,0.0,0.0,0.0,0.0,0.0,0.0,0.0,0.0,0.0,0.0,0.0,0.0,0.0,0.0,0.0,0.0,0.0,0.0,0.0,0.0,0.0,0.0,0.0,0.0,0.0,0.0,0.0,0.0,0.0,0.0,0.0,0.0,0.0,0.0,0.0,0.0,0.0,0.0,0.0,0.0,0.0,0.0,0.0,0.0,0.0,0.0,0.0,0.0,0.0,0.22727272727272727,0.5517241379310345,0.7096774193548387,0.5925925925925926,0.1276595744680851,0.17647058823529413,0.0,0.02,0.034482758620689655,0.0,0.0,0.0,0.0,0.0,0.0,0.0,0.0,0.0,0.0,0.0,0.0,0.0,0.0,0.0,0.0,0.0,0.0,0.0,0.0,0.0,0.0,0.0,0.0,0.0,0.0,0.0,0.0,0.0,0.0,0.0,0.0,0.0,0.0,0.0,0.0,0.0,0.0,0.0,0.0,0.0,0.0,0.0,0.0,0.0,0.0,0.0,0.0,0.0,0.0,0.0,0.0,0.0,0.0,0.0,1.0,0.0,0.0
430847, lon, indel;C;T;G;-2, indel,1.06719,9.999e-05,120,-1.0,0.923077,119,0.9,0.923077,PASS,0.0,0.0,0.0,0.0,0.0,0.0,0.0,0.0,0.0,0.0,0.0,0.0,,0.0,0.0,0.0,0.0,0.0,0.0,0.0,0.0,0.0,0.0,,0.0,0.0,0.0,0.0,0.0,0.0,0.0,0.0,0.010309278350515464,0.0,0.0,0.0,0.0,0.0,0.0,0.0,0.0,0.0,0.0,0.0,0.0,0.0,0.0,0.0,0.0,0.0,0.0,0.0,0.0,0.0,0.0,0.0,0.0,0.0,0.0,0.15384615384615385,0.08,0.023255813953488372,0.0625,0.125,0.075,0.09523809523809523,0.2159090909090909,0.13445378151260504,0.1702127659574468,0.4722222222222222,0.23076923076923078,0.2608695652173913,0.375,0.6724137931034483,0.5,0.5348837209302325,0.52,0.4375,0.6666666666666666,0.6585365853658537,0.08108108108108109,0.43333333333333335,0.2835820895522388,0.45454545454545453,0.16981132075471697,0.34782608695652173,0.30303030303030304,0.547945205479452,0.43478260869565216,0.5121951219512195,0.46153846153846156,0.15789473684210525,0.34210526315789475,0.3191489361702128,0.31666666666666665,0.18421052631578946,0.2,0.06896551724137931,0.25,0.25,0.16666666666666666,0.2727272727272727,0.3787878787878788,0.2152777777777778,0.19718309859154928,0.14666666666666667,0.20238095238095238,0.2753623188405797,0.18571428571428572,0.25806451612903225,0.23529411764705882,0.16981132075471697,0.31343283582089554,0.16030534351145037,0.28169014084507044,0.2108843537414966,0.13636363636363635,0.2358490566037736,0.22608695652173913,0.20689655172413793,0.041666666666666664,0.0,0.0,0.0,0.0,0.0,0.0,0.0,0.0,0.0,0.0,0.0,0.0,0.0,0.0,0.0,0.0,0.0,0.0,0.0,0.8378378378378378,0.0,0.9722222222222222
494499, ybbP, T->C, missense,5.06233,0.0009999,120,-1.0,0.461538,118,0.9,0.8,PASS,0.0,0.0,0.0,0.0,0.0,0.0,0.0,0.0,0.0,0.0,0.0,0.0,,0.0,0.0,0.0,0.0,0.0,0.0,0.0,0.0,0.0,0.0,,0.0,0.0,0.0,0.0,0.0,0.0,0.0,0.0,0.0,0.0,0.0,0.0,0.0,0.0,0.0,0.0,0.0,0.0,0.0,0.0,0.0,0.0,0.0,0.0,0.0,0.0,0.0,0.0,0.0,0.0,0.0,0.0,0.0,0.0,0.0,0.0,0.0,0.0,0.0,0.0,0.0,0.0,0.0,0.0,0.0,0.0,0.0,0.0,0.0,0.0,0.0,0.0,0.0,0.0,0.0,0.0,0.0,0.0625,0.0,0.0196078431372549,0.07017543859649122,0.3333333333333333,0.09375,0.0,0.0,0.0,0.0,0.0,0.0,0.0,0.0,0.0,0.0,0.0,0.0,0.0,0.0,0.0,0.0,0.0,0.0,0.0,0.0,0.0,0.0,0.0,0.0,0.0,0.0,0.0,0.0,0.0,0.0,0.0,0.0,0.0,0.02702702702702703,0.0,0.0,0.0,0.0,0.0,0.0,0.0,0.0,0.0,0.0,0.0,0.0,0.0,0.0,0.0,0.0,0.0,0.0,0.0,0.0,0.0,0.0
522676, arcC, indel;+7;+CAATATCG, indel,0.754641,9.999e-05,120,-1.0,0.428571,117,0.9,0.0122324,PASS,0.009140767824497258,0.041666666666666664,,0.07017543859649122,0.125,0.0,0.0,0.0,0.0,0.0,0.0,0.0,0.0,0.058365758754863814,0.047619047619047616,0.06896551724137931,0.0,0.08695652173913043,0.125,0.030303030303030304,0.0,0.0,0.0,,0.0,0.0,0.0,0.03333333333333333,0.0,0.0759493670886076,0.021739130434782608,0.0,0.01639344262295082,0.02857142857142857,0.0273972602739726,0.07142857142857142,0.027777777777777776,0.0625,0.023529411764705882,0.05970149253731343,0.16326530612244897,0.21621621621621623,0.11764705882352941,0.15384615384615385,0.17543859649122806,0.0,0.0,0.2,0.08888888888888889,0.16666666666666666,0.14925373134328357,0.08888888888888889,0.09523809523809523,0.10256410256410256,0.10714285714285714,0.11764705882352941,0.3333333333333333,0.18181818181818182,0.1111111111111111,0.16666666666666666,0.21621621621621623,0.2222222222222222,0.5,0.3076923076923077,0.21428571428571427,0.3333333333333333,0.4,0.25225225225225223,0.04672897196261683,0.5555555555555556,0.2,0.8,0.36363636363636365,0.75,0.4666666666666667,0.75,0.38461538461538464,0.6363636363636364,0.6666666666666666,0.7,0.06153846153846154,0.5454545454545454,0.48484848484848486,0.64,0.5666666666666667,0.5882352941176471,0.3389830508474576,0.4489795918367347,0.484375,0.4444444444444444,0.4444444444444444,0.5333333333333333,0.3333333333333333,0.1935483870967742,0.25,0.15384615384615385,0.10256410256410256,0.35789473684210527,0.2727272727272727,0.33962264150943394,0.13513513513513511,0.24390243902439024,0.4,0.30456852791878175,0.21770682148040638,0.35294117647058826,0.417910447761194,0.4090909090909091,0.15151515151515152,0.4375,0.27906976744186046,0.25925925925925924,0.3888888888888889,0.336283185840708,0.4225352112676056,0.3108108108108108,0.16091954022988506,0.2558139534883721,0.4262295081967213,0.3157894736842105,0.1568627450980392,0.0439882697947214,0.13457556935817805,0.12738853503184713,0.14925373134328357,0.18045112781954886,0.09876543209876543,0.07712082262210797,0.07207207207207207,0.19569471624266144,0.10434782608695652,0.12834224598930483,0.10071942446043165,0.13740458015267176,0.09157509157509157,1.0,0.18465909090909088,0.08051529790660225,0.07623888182973317,0.23715415019762845,1.0,0.22033509295386736,1.0
523195, arcC, A->C, missense,1.00737,9.999e-05,120,-1.0,0.363636,117,0.9,0.666667,PASS,0.0,0.0,0.0,0.0,0.0,0.0,0.0,0.0,0.0,0.0,0.0,0.0,,0.0,0.0,0.0,0.0,0.0,0.0,0.0,0.0,0.0,0.0,,0.0,0.0,0.0,0.0,0.0,0.0,0.0,0.0,0.0,0.0,0.0,0.0,0.0,0.0,0.0,0.0,0.0,0.0,0.0,0.0,0.0,0.0,0.0,0.0,0.0,0.0,0.0,0.0,0.0,0.0,0.0,0.0,0.0,0.0,0.0,0.0,0.061224489795918366,0.2,0.75,0.6,0.6341463414634146,0.8076923076923077,0.46153846153846156,0.8775510204081632,0.7272727272727273,0.14285714285714285,0.6,0.4,0.875,0.23333333333333334,0.26666666666666666,0.35714285714285715,0.375,0.3,0.22916666666666666,0.6,0.9,0.25,0.38095238095238093,0.43243243243243246,0.5,0.6428571428571429,0.5,0.4482758620689655,0.5294117647058824,0.30434782608695654,0.46153846153846156,0.8333333333333334,0.6363636363636364,0.7647058823529411,0.7368421052631579,0.8076923076923077,1.0,0.7222222222222222,0.6363636363636364,0.7543859649122807,0.7916666666666666,0.746268656716418,0.6865671641791045,0.7285714285714285,0.7096774193548387,0.7058823529411765,0.48936170212765956,0.6923076923076923,0.7037037037037037,0.6666666666666666,0.5,0.8387096774193549,0.6857142857142857,0.75,0.65,0.78125,0.7976190476190477,0.8301886792452831,0.6617647058823529,0.8333333333333334,0.7878787878787878,0.0,0.0,0.0,0.0,0.0,0.0,0.0,0.0,0.0,0.0,0.0,0.0,0.0,0.0,0.0,0.0,0.0,0.0,1.0,0.0,0.9576271186440678,0.0
530159, intergenic, G->A, noncoding,2.83113,0.00359964,120,-1.0,0.75,115,0.9,0.0230326,PASS,0.0,0.0,0.0,0.0,0.0,0.0,0.0,0.0,0.0,0.0,0.0,0.0,,0.0,0.0,0.0,0.0,0.0,0.0,0.0,0.0,0.0,0.0,,0.0,0.0,0.0,0.0,0.0,0.0,0.0,0.023255813953488372,0.0,0.0,0.0,0.0,0.0,0.0,0.0,0.0,0.0,0.0,0.0,0.0,0.0,0.0,0.0,0.0,0.0,0.0,0.0,0.0,0.0,0.0,0.0,0.0,0.0,0.0,0.0,0.0,0.0,0.0,0.0,0.0,0.0,0.0,0.0,0.0,0.0,0.0,0.0,0.0,0.0,0.0,0.0,0.0,0.0,0.0,0.0,0.0,0.0,0.0,0.0,0.0,0.0,0.0,0.0,0.0,0.0,0.0,0.0,0.0,0.0,0.0,0.0,0.0,0.0,0.0,0.0,0.0,0.0,0.0,0.0,0.0,0.0,0.0,0.0,0.0,0.0,0.0,0.0,0.0,0.0,0.0,0.0,0.010638297872340425,0.037383177570093455,0.10294117647058823,0.18947368421052632,0.08196721311475409,0.22388059701492538,0.0,0.0,0.0,0.0,0.0,0.0,0.0,0.0,0.0,0.0,0.0,0.0,0.0,0.0,0.0,0.0,0.0,0.0,0.0,0.0,0.004149377593360996,0.0
545750, ylcG, C->T, missense,0.988174,9.999e-05,120,-1.0,0.571429,119,0.9,0.545455,PASS,0.0,0.0,0.0,0.0,0.0,0.0,0.0,0.0,0.0,0.0,0.2,0.7727272727272727,,0.7777777777777778,1.0,1.0,1.0,1.0,1.0,1.0,1.0,1.0,1.0,,1.0,1.0,1.0,1.0,1.0,1.0,1.0,0.9777777777777777,0.9880952380952381,1.0,1.0,1.0,1.0,1.0,1.0,1.0,1.0,1.0,1.0,1.0,1.0,0.96875,1.0,1.0,1.0,0.9622641509433962,1.0,1.0,1.0,1.0,1.0,1.0,1.0,1.0,1.0,1.0,1.0,1.0,0.9411764705882353,1.0,1.0,1.0,1.0,1.0,1.0,1.0,1.0,1.0,1.0,1.0,1.0,1.0,1.0,1.0,1.0,1.0,1.0,1.0,1.0,1.0,1.0,1.0,1.0,1.0,1.0,1.0,1.0,1.0,1.0,1.0,1.0,1.0,1.0,1.0,1.0,1.0,1.0,1.0,1.0,1.0,1.0,1.0,1.0,1.0,1.0,1.0,1.0,1.0,1.0,1.0,1.0,1.0,0.9911504424778761,1.0,1.0,1.0,1.0,0.0,0.0,0.014705882352941176,0.0,0.0,0.0,0.0,0.0,0.0,0.3384615384615385,1.0,1.0,1.0,1.0,1.0,1.0,1.0,0.9831932773109243,1.0,1.0,1.0,0.9807692307692307
550351, ybcU, junction_550351_1_IS1_start, sv,1.391,9.999e-05,41,-1.74937,0.0188088,89,0.9,0.571429,PASS,0.0,0.0,0.0,0.0,0.0,0.0,0.0,0.0,0.0,0.0,0.0,0.0,,0.0,0.0,0.0,0.0,0.0,0.0,0.0,0.0,0.0,0.0,,0.0,0.0,0.0,0.0,0.0,0.0,0.0,0.0,0.0,0.0,0.0,0.0,0.016666666666666666,0.0,0.041666666666666664,0.045454545454545456,0.12962962962962962,0.375,0.5882352941176471,0.2631578947368421,0.4,0.25,0.375,0.8,1.0,0.6666666666666666,1.0,1.0,,1.0,1.0,1.0,1.0,1.0,1.0,,1.0,1.0,,1.0,1.0,1.0,1.0,1.0,1.0,1.0,1.0,,1.0,1.0,1.0,1.0,1.0,1.0,1.0,1.0,1.0,1.0,1.0,1.0,1.0,1.0,1.0,1.0,1.0,1.0,1.0,1.0,1.0,1.0,1.0,1.0,1.0,1.0,1.0,1.0,1.0,1.0,1.0,1.0,1.0,1.0,1.0,1.0,1.0,1.0,1.0,1.0,1.0,1.0,1.0,1.0,1.0,1.0,1.0,0.8181818181818182,1.0,0.0,0.0,0.0,0.0,0.0,0.0,0.0,0.0,0.0,0.0,0.0,0.0,0.0,0.0,1.0,,,0.0,,1.0,0.0,1.0
576328, cusR, C->T, missense,1.63895,9.999e-05,41,-1.90355,0.028436,87,0.9,0.111111,PASS,0.0,0.0,0.0,0.0,0.0,0.0,0.0,0.0,0.0,0.0,0.0,0.0,,0.015384615384615385,0.0,0.0,0.0,0.0,0.0,0.0,0.0,0.0,0.0,,0.0,0.0,0.0,0.0,0.0,0.0,0.0,0.0,0.0,0.0,0.0,0.0,0.0,0.0,0.0,0.0,0.0,0.14285714285714285,1.0,0.0,0.2857142857142857,0.0,0.4375,0.3333333333333333,0.7142857142857143,0.0,1.0,1.0,1.0,1.0,,1.0,1.0,,1.0,,1.0,1.0,1.0,1.0,1.0,1.0,1.0,1.0,1.0,1.0,1.0,1.0,1.0,1.0,1.0,1.0,1.0,1.0,1.0,1.0,1.0,1.0,1.0,1.0,1.0,1.0,1.0,1.0,1.0,1.0,1.0,1.0,1.0,1.0,1.0,1.0,1.0,1.0,1.0,0.9166666666666666,1.0,1.0,1.0,1.0,1.0,1.0,1.0,1.0,1.0,1.0,1.0,1.0,1.0,1.0,1.0,1.0,1.0,1.0,1.0,1.0,1.0,0.0,0.0,0.0,0.0,0.0,0.0,0.0,0.0,0.0,0.0,0.0,0.0,0.0,0.0,0.0,0.0,,0.0,,1.0,,1.0
578247, ylcC, junction_578247_1_IS1_start, sv,4.35878,0.00819918,41,-1.8077,0.0128755,89,0.9,0.521739,PASS,0.0,0.0,,0.0,0.0,0.0,0.0,0.0,0.0,0.0,0.0,0.0,,0.0,0.0,0.0,0.0,0.0,0.0,0.0,0.0,0.0,0.0,,0.0,0.0,0.0,0.0,0.0,0.0,0.0,0.0,0.0,0.0,0.0,0.0,0.0,0.0,0.0,0.0,0.03657221542227662,0.6665799256505577,0.412614201183432,0.0,0.0,0.1543953488372093,0.0,0.0,0.0,0.0,0.0,0.0,,0.0,0.0,0.0,0.0,0.0,0.0,,0.0,0.0,0.0,,0.0,0.0,0.0,0.0,0.0,0.0,,0.0,0.0,0.0,0.0,0.0,0.0,0.0,0.0,0.0,0.0,0.0,0.0,0.0,0.0,0.0,0.0,0.0,0.0,0.0,0.0,0.0,0.0,0.0,0.0,0.0,0.0,0.0,0.0,0.0,0.0,0.0,0.0,0.0,0.0,0.0,0.0,0.0,0.0,0.0,0.0,0.0,0.0,0.0,0.0,0.0,0.0,0.0,0.0,0.0,0.0,0.0,0.0,0.0,0.0,0.0,0.0,0.0,0.0,0.0,0.0,0.0,0.0,0.0,0.0,0.0,0.0,,0.0,1.0,0.0,0.0,0.0
675729, yleA, C->T, missense,2.92534,0.00029997,120,-1.0,0.666667,118,0.9,0.8,PASS,0.0,0.0,0.0,0.0,0.0,0.0,0.0,0.0,0.0,0.0,0.0,0.0,,0.0,0.0,0.0,0.0,0.0,0.0,0.0,0.0,0.0,0.0,,0.0,0.0,0.0,0.0,0.0,0.0,0.0,0.0,0.0,0.0,0.0,0.0,0.0,0.0,0.0,0.0,0.0,0.0,0.0,0.0,0.0,0.0,0.0,0.0,0.0,0.0,0.0,0.0,0.0,0.0,0.0,0.0,0.0,0.0,0.0,0.0,0.0,0.0,0.0,0.0,0.0,0.0,0.0,0.0,0.0,0.0,0.0,0.0,0.0,0.0,0.0,0.0,0.0,0.0,0.0,0.0,0.0,0.0,0.0,0.0,0.0,0.0,0.0,0.0,0.0,0.0,0.0,0.0,0.0,0.0,0.0,0.0,0.0,0.0,0.0,0.0,0.0,0.013157894736842105,0.0,0.0,0.0,0.0,0.0,0.0,0.0,0.0,0.0,0.0,0.0,0.015625,0.02857142857142857,0.2,0.2087912087912088,0.2,0.2875,0.1956521739130435,0.04081632653061224,0.0,0.0,0.0,0.0,0.0,0.0,0.0,0.0,0.0,0.0,0.0,0.0,0.0,0.0,0.0,0.0,0.0,0.0,0.0,0.0,0.0,0.0
687438, nagE, C->T, missense,2.92844,9.999e-05,119,-1.0,0.571429,118,0.9,0.148148,PASS,0.0,0.0,0.0,0.0,0.0,0.0,0.0,0.0,0.0,0.0,0.0,0.0,,0.0,0.0,0.0,0.0,0.0,0.0,0.0,0.0,0.0,0.0,,0.0,0.0,0.0,0.0,0.0,0.0,0.0,0.0,0.0,0.0,0.0,0.0,0.0,0.0,0.0,0.0,0.0,0.0,0.0,0.0,0.0,0.0,0.0,0.0,0.0,0.0,0.0,0.0,0.0,0.0,0.0,0.0,0.0,0.0,0.0,0.0,0.0,0.0,0.0,0.0,0.0,0.0,0.0,0.0,0.0,0.0,0.0,0.0,0.0,0.0,0.0,0.0,0.0,0.0,0.0,0.0,0.0,0.0,0.0,0.0,0.0,0.0,0.0,0.0,0.0,0.0,0.0,0.0,0.0,0.0,0.0,0.0,0.0,0.0,0.0,0.0,0.0,0.014925373134328358,0.0,0.0,0.0,0.0,0.0,0.04081632653061224,0.12,0.0,0.0,0.038461538461538464,0.12244897959183673,0.19402985074626866,0.3181818181818182,0.5466666666666666,0.6470588235294118,0.723404255319149,0.603448275862069,0.8095238095238095,0.8863636363636364,0.0,0.0,0.0,0.0,0.0,0.0,0.0,0.0,0.0,0.0,0.0,0.0,0.0,0.015151515151515152,0.0,0.0,0.0,0.0,0.0,0.0,0.0,0.0
734083, gltA, T->A, missense,0.691438,9.999e-05,120,-1.0,0.0555556,119,0.9,0.413793,PASS,0.0,0.0,0.0,0.0,0.0,0.0,0.0,0.0,0.0,0.0,0.0,0.0,,0.0,0.0,0.0,0.0,0.0,0.0,0.0,0.0,0.0,0.0,,0.0,0.0,0.0,0.0,0.0,0.0,0.0,0.0,0.0,0.02127659574468085,0.0,0.0,0.027777777777777776,0.5588235294117647,0.32857142857142857,0.2037037037037037,0.7375,0.5441176470588235,0.4230769230769231,0.5384615384615384,0.52,0.875,0.6086956521739131,0.6578947368421053,0.8913043478260869,0.8113207547169812,0.9629629629629629,0.8301886792452831,0.96,0.8936170212765957,0.9777777777777777,0.8888888888888888,0.75,1.0,0.9090909090909091,1.0,0.9,0.8571428571428571,0.9411764705882353,0.8125,0.7948717948717948,0.6470588235294118,0.7586206896551724,0.90625,0.717391304347826,0.42857142857142855,0.5,0.6875,0.6666666666666666,0.2857142857142857,0.5185185185185185,0.3870967741935484,0.44,0.41304347826086957,0.2692307692307692,0.45161290322580644,0.8805970149253731,0.391304347826087,0.46875,0.3448275862068966,0.54,0.46153846153846156,0.5531914893617021,0.42857142857142855,0.6081081081081081,0.4117647058823529,0.5135135135135135,0.7777777777777778,0.7777777777777778,0.7777777777777778,0.8571428571428571,0.7391304347826086,0.6458333333333334,0.8625,0.6619718309859155,0.6756756756756757,0.8428571428571429,0.6907216494845361,0.5740740740740741,0.7155172413793104,0.7652173913043478,0.7346938775510204,0.640625,0.7021276595744681,0.8723404255319149,0.7608695652173914,0.59375,0.7352941176470589,0.7096774193548387,0.7160493827160493,0.6379310344827587,0.7788461538461539,0.8974358974358975,0.7662337662337663,0.6559139784946236,0.8103448275862069,0.9318181818181818,0.0,0.0,0.0,0.0,0.0,0.0,0.0,0.0,0.0,0.0,0.0,0.0,0.0,0.0,0.0,1.0,1.0,0.9896907216494846,0.9900990099009901,0.0,1.0,0.0
745713, sucD, G->A, missense,2.72849,0.00869913,120,-1.0,0.155844,118,0.9,0.75,PASS,0.0,0.0,0.0,0.0,0.0,0.0,0.0,0.0,0.0,0.0,0.0,0.0,,0.0,0.0,0.0,0.0,0.037037037037037035,0.0,0.0,0.0,0.0,0.0,,0.0,0.0,0.0,0.0,0.0,0.0,0.0,0.0,0.0,0.0,0.0,0.0,0.0,0.0,0.0,0.0,0.0,0.0,0.0,0.0,0.0,0.0,0.0,0.0,0.0,0.0,0.0,0.0,0.07142857142857142,0.0,0.0,0.0,0.0,0.0,0.0,0.0,0.0,0.0,0.0,0.0,0.0,0.0,0.0,0.0,0.0,0.0,0.0,0.0,0.0,0.0,0.0,0.0,0.0,0.0,0.0,0.0,0.0,0.0,0.0,0.0,0.0,0.0,0.0,0.0,0.0,0.0,0.0,0.0,0.0,0.0,0.0,0.0,0.0,0.0,0.0,0.0,0.0,0.0,0.0,0.0,0.0,0.0,0.0,0.0,0.0,0.0,0.0,0.0,0.0,0.0,0.029411764705882353,0.12244897959183673,0.016666666666666666,0.11904761904761904,0.16417910447761194,0.125,0.0,0.0,0.0,0.0,0.0,0.0,0.0,0.0,0.0,0.0,0.0,0.0,0.0,0.0,0.0,0.0,0.0,0.0,0.0,0.0,0.0,0.0,0.0
775687, modA, G->A, noncoding,1.1276,9.999e-05,120,-1.0,0.857143,117,0.9,0.923077,PASS,0.0,0.0,,0.0,0.0,0.0,0.0,0.0,0.0,0.0,0.0,0.0,,0.0,0.0,0.0,0.0,0.0,0.0,0.0,0.0,0.0,0.0,,0.0,0.0,0.018867924528301886,0.0,0.0,0.0,0.0,0.0,0.0,0.0,0.0,0.0,0.0,0.0,0.0,0.0,0.0,0.0,0.0,0.0,0.0,0.0,0.0,0.0,0.0,0.0,0.0,0.0,0.0,0.11764705882352941,0.0,0.0625,0.2,0.0,0.0,0.36363636363636365,0.15789473684210525,0.125,0.0,0.13636363636363635,0.15384615384615385,0.15625,0.08571428571428572,0.07142857142857142,0.2,0.2222222222222222,0.6666666666666666,0.25,0.4,0.5806451612903226,0.7142857142857143,0.6666666666666666,0.7727272727272727,0.7307692307692307,0.5901639344262295,0.7857142857142857,0.27906976744186046,0.7619047619047619,0.3076923076923077,0.5277777777777778,0.375,0.6190476190476191,0.5,0.5172413793103449,0.43243243243243246,0.5,0.75,0.3,0.15789473684210525,0.15789473684210525,0.32,0.14705882352941177,0.09090909090909091,0.3673469387755102,0.26785714285714285,0.26153846153846155,0.16326530612244897,0.2608695652173913,0.4262295081967213,0.31683168316831684,0.19387755102040816,0.18421052631578946,0.2916666666666667,0.30303030303030304,0.23333333333333334,0.15789473684210525,0.2857142857142857,0.1111111111111111,0.275,0.25,0.3,0.24675324675324675,0.1016949152542373,0.13636363636363635,0.24561403508771928,0.14634146341463414,0.0425531914893617,0.0,0.0,0.0,0.0,0.0,0.0,0.0,0.0,0.0,0.0,0.0,0.0,0.0,0.0,0.0,0.0,0.0,0.0,0.0,1.0,0.0,1.0
783227, ybhI, C->T, synonymous,2.51263,9.999e-05,120,-1.0,0.0285714,119,0.9,0.428571,PASS,0.0,0.0,0.0,0.0,0.0,0.0,0.0,0.0,0.0,0.0,0.0,0.0,,0.0,0.0,0.0,0.0,0.0,0.0,0.0,0.0,0.0,0.0,,0.0,0.0,0.0,0.0,0.0,0.0,0.0,0.0,0.0,0.0,0.0,0.0,0.0,0.0,0.0,0.0,0.0,0.0,0.0,0.0,0.0,0.0,0.0,0.0,0.0,0.0,0.0,0.0,0.0,0.0,0.0,0.0,0.0,0.0,0.0,0.0,0.0,0.0,0.0,0.0,0.0,0.0,0.0,0.0,0.0,0.0,0.0,0.0,0.0,0.0,0.0,0.0,0.0,0.0,0.0,0.0,0.0,0.0,0.0,0.0,0.0,0.0,0.0,0.0,0.0,0.0,0.0,0.0,0.0,0.0,0.0,0.09090909090909091,0.09375,0.09090909090909091,0.11320754716981132,0.07407407407407407,0.15789473684210525,0.04819277108433735,0.053763440860215055,0.05747126436781609,0.017391304347826087,0.0,0.0,0.02564102564102564,0.0,0.0,0.0,0.0,0.0,0.0,0.0,0.0,0.0,0.0,0.0,0.0,0.0,0.0,0.0,0.0,0.0,0.0,0.0,0.0,0.0,0.0,0.0,0.0,0.0,0.0,0.0,0.0,0.0,0.0,0.0,0.0,0.0,0.0,0.0
794413, ECB_00735, MOB_794413_794421_IS186_-1, sv,3.78219,9.999e-05,120,-1.0,0.16,118,0.9,0.230769,PASS,0.0,0.0,0.0,0.0,0.0392156862745098,0.0,0.0,0.125,0.05172413793103448,0.078125,0.10344827586206896,0.21428571428571427,,0.09278350515463918,0.0,0.0,0.0,0.0,0.0,0.0,0.0,0.0,0.0,,0.0,0.0,0.0,0.0,0.0,0.0,0.0,0.0,0.0,0.0,0.0,0.0,0.0,0.0,0.0,0.0,0.0,0.0,0.0,0.0,0.0,0.0,0.0,0.0,0.0,0.0,0.0,0.0,0.0,0.0,0.0,0.0,0.0,0.0,0.0,0.0,0.0,0.0,0.0,0.0,0.0,0.0,0.0,0.0,0.0,0.0,0.0,0.0,0.0,0.0,0.0,0.0,0.0,0.0,0.0,0.0,0.0,0.0,0.0,0.0,0.0,0.0,0.0,0.0,0.0,0.0,0.0,0.0,0.0,0.0,0.0,0.0,0.0,0.0,0.0,0.0,0.0,0.0,0.0,0.0,0.0,0.0,0.0,0.0,0.0,0.0,0.0,0.0,0.0,0.0,0.0,0.0,0.0,0.0,0.0,0.0,0.0,0.0,0.0,0.0,0.0,0.0,0.0,0.0,0.0,0.0,0.0,0.0,0.0,0.0,0.0,0.0,0.0,0.0,0.0,0.0,0.0,0.0,0.0
798829, ECB_00739, indel;+A;-1, indel,3.05073,0.00039996,120,-1.0,1.0,118,0.9,1.0,PASS,0.0,0.0,0.0,0.0,0.0,0.031746031746031744,0.0,0.0,0.0,0.0,0.0,0.0,,0.0,0.0,0.0,0.0,0.0,0.0,0.0,0.0,0.0,0.0,,0.0,0.0,0.0,0.0,0.0,0.0,0.0,0.0,0.0,0.0,0.0,0.0,0.0,0.0,0.0,0.0,0.0,0.0,0.0,0.0,0.0,0.0,0.0,0.0,0.02564102564102564,0.0,0.0,0.0,0.0,0.0,0.0,0.0,0.0,0.0,0.0,0.0,0.0,0.0,0.0,0.0,0.0,0.01020408163265306,0.015625,0.0,0.0,0.0,0.0,0.05263157894736842,0.0,0.0,0.02702702702702703,0.175,0.2222222222222222,0.06896551724137931,0.11458333333333333,0.0,0.0,0.0,0.0,0.0,0.0,0.03125,0.0,0.0,0.0,0.0,0.0,0.0,0.0,0.0,0.0,0.0,0.0,0.0,0.0,0.0,0.0,0.0,0.006097560975609756,0.006172839506172839,0.0,0.0,0.0,0.0,0.0,0.013888888888888888,0.0,0.0,0.0,0.01639344262295082,0.0,0.007575757575757576,0.0,0.0,0.0,0.0,0.010526315789473684,0.0,0.0,0.0,0.0,0.0,0.0,0.0,0.0,0.0,0.0,0.0,0.0,0.0,0.0,0.0,0.0,0.0,0.0,0.0,0.0,0.0,0.0
803188, bioF, C->T, missense,2.29806,0.00019998,119,-1.0,0.571429,115,0.9,0.705882,PASS,0.0,0.0,0.0,0.0,0.0,0.0,0.0,0.0,0.0,0.0,0.0,0.0,,0.0,0.0,0.0,0.0,0.0,0.0,0.0,0.0,0.0,0.0,,0.0,0.0,0.0,0.0,0.0,0.0,0.0,0.0,0.0,0.0,0.0,0.0,0.0,0.0,0.0,0.022727272727272728,0.0,0.0,0.0,0.0,0.0,0.0,0.0,0.0,0.0,0.0,0.0,0.0,0.0,0.0,0.0,0.0,0.0,0.0,0.0,0.0,0.0,0.0,0.0,0.0,0.0,0.0,0.0,0.0,0.0,0.0,0.0,0.0,0.0,0.0,0.0,0.0,0.0,0.0,0.0,0.0,0.0,0.0,0.0,0.0,0.0,0.0,0.0,0.0,0.0,0.0,0.0,0.0,0.0,0.0,0.0,0.0,0.0,0.0,0.0,0.0,0.0,0.0,0.023809523809523808,0.0,0.0,0.0,0.05263157894736842,0.1111111111111111,0.0,0.07407407407407407,0.3333333333333333,0.2857142857142857,0.16666666666666666,0.19047619047619047,0.30303030303030304,0.2702702702702703,0.07272727272727272,0.07407407407407407,0.23255813953488372,0.15384615384615385,0.11538461538461539,0.0,0.0,0.0,0.0,0.0,0.0,0.0,0.0,0.0,0.0,0.0,0.0,0.0,0.0,0.0,0.0,0.0,0.0,0.0,0.0,0.0,0.0
831855, ybiX, MOB_831855_831860_IS186_-1, sv,1.67662,9.999e-05,120,-1.0,0.8,117,0.9,0.222222,PASS,0.0,0.0,0.0,0.0,0.0196078431372549,0.0,0.0,0.0,0.0,0.0,0.0,0.0,,0.0,0.0,0.0,0.0,0.0,0.0,0.0,0.0,0.0,0.0,,0.0,0.0,0.0,0.0,0.0,0.0,0.0,0.0,0.0,0.0,0.0,0.0,0.0,0.0,0.0,0.0,0.0,0.0,0.0,0.0,0.0,0.0,0.0,0.0,0.011764705882352941,0.0,0.0,0.0,0.0,0.0,0.0,0.0,0.0,0.0,0.0,0.0,0.0,0.0,0.0,0.0,0.0,0.0,0.014285714285714285,0.0,0.0,0.0,0.0,0.0,0.0,0.0,0.0,0.0,0.0,0.05555555555555555,0.0,0.021739130434782608,0.0,0.0,0.0,0.0,0.0,0.0,0.0,0.0,0.008849557522123894,0.0,0.0,0.0,0.0,0.0,0.0,0.0,0.0,0.0,0.0,0.13402061855670103,0.07058823529411765,0.14583333333333334,0.36507936507936506,0.11920529801324503,0.18032786885245902,0.11940298507462686,0.21518987341772153,0.2857142857142857,0.1282051282051282,0.2222222222222222,0.4074074074074074,0.21212121212121213,0.3888888888888889,0.2740740740740741,0.5131578947368421,0.35294117647058826,0.1076923076923077,0.19672131147540983,0.23275862068965517,0.14942528735632185,0.0,0.0,0.0,0.0,0.0,0.0,0.0,0.012345679012345678,0.0,0.0,0.0,0.0,0.0,0.0,0.0,0.0,0.010638297872340425,0.0,0.0,0.0,0.0,0.0,0.9927536231884058
857058, moeB, C->T, synonymous,1.01288,0.00019998,120,-1.0,0.444444,117,0.9,0.631579,PASS,0.0,0.0,0.0,0.0,0.0,0.0,0.0,0.0,0.0,0.0,0.0,0.0,,0.0,0.0,0.0,0.0,0.0,0.0,0.0,0.0,0.0,0.0,,0.0,0.0,0.0,0.0,0.0,0.0,0.0,0.0,0.0,0.0,0.0,0.0,0.0,0.0,0.0,0.0,0.0,0.0,0.0,0.0,0.0,0.0,0.0,0.0,0.0,0.0,0.0,0.0,0.0,0.045454545454545456,0.14285714285714285,0.0,0.0,0.1,0.15384615384615385,0.0,0.047619047619047616,0.0,0.07142857142857142,0.19298245614035087,0.25,0.32,0.2222222222222222,0.08196721311475409,0.16129032258064516,0.26666666666666666,0.4,0.0,0.14285714285714285,0.5555555555555556,0.7368421052631579,0.3684210526315789,0.29411764705882354,0.5789473684210527,0.5945945945945946,0.5,0.10810810810810811,0.36363636363636365,0.26666666666666666,0.6,0.37037037037037035,0.25,0.34615384615384615,0.5675675675675675,0.36923076923076925,0.6363636363636364,0.29411764705882354,0.23076923076923078,0.20833333333333334,0.29411764705882354,0.2857142857142857,0.26666666666666666,0.04,0.08333333333333333,0.3,0.2916666666666667,0.2,0.2835820895522388,0.2833333333333333,0.22666666666666666,0.23469387755102042,0.045454545454545456,0.2571428571428571,0.34782608695652173,0.2631578947368421,0.13513513513513514,0.5,0.4444444444444444,0.16666666666666666,0.25,0.3333333333333333,0.26666666666666666,0.20454545454545456,0.027777777777777776,0.27906976744186046,0.18421052631578946,0.06060606060606061,0.0,0.0,0.0,0.0,0.0,0.0,0.0,0.0,0.0,0.0,0.0,0.0,0.0,0.0,0.0,0.0,0.0,0.0,0.0,1.0,0.0,1.0
910316, intergenic, T->C, noncoding,3.29952,9.999e-05,120,-1.0,0.75,117,0.9,0.8,PASS,0.0,0.0,0.0,0.0,0.0,0.0,0.0,0.0,0.0,0.0,0.0,0.0,,0.0,0.0,0.0,0.0,0.0,0.0,0.0,0.0,0.0,0.0,,0.0,0.0,0.0,0.0,0.0,0.0,0.0,0.0,0.0,0.0,0.0,0.0,0.0,0.0,0.0,0.0,0.0,0.0,0.0,0.0,0.0,0.0,0.0,0.0,0.0,0.0,0.0,0.0,0.0,0.0,0.0,0.0,0.0,0.0,0.0,0.0,0.0,0.0,0.0,0.0,0.0,0.0,0.0,0.0,0.0,0.0,0.0,0.0,0.0,0.0,0.0,0.0,0.0,0.0,0.0,0.0,0.0,0.0,0.0,0.0,0.0,0.0,0.0,0.0,0.0,0.0,0.0,0.0,0.0,0.0,0.0,0.0,0.0,0.0,0.0,0.0,0.0,0.0,0.0,0.0,0.0,0.0,0.0,0.0,0.05555555555555555,0.0851063829787234,0.18181818181818182,0.4,0.4146341463414634,0.5662650602409639,0.3877551020408163,0.18823529411764706,0.17333333333333334,0.07017543859649122,0.0,0.0,0.0,0.0,0.0,0.0,0.0,0.0,0.0,0.0,0.0,0.0,0.0,0.0,0.0,0.012345679012345678,0.0,0.0,0.0,0.0,0.0,0.0,0.0,0.0,0.0
949361, intergenic, C->T, noncoding,1.08841,9.999e-05,120,-1.0,1.0,119,0.9,0.8,PASS,0.0,0.0,0.0,0.0,0.0,0.0,0.0,0.0,0.0,0.0,0.0,0.0,,0.0,0.0,0.0,0.0,0.0,0.0,0.0,0.0,0.0,0.0,,0.0,0.0,0.0,0.0,0.0,0.0,0.011363636363636364,0.0,0.0,0.0,0.0,0.0,0.0,0.0,0.0,0.0,0.01282051282051282,0.0,0.0,0.0,0.0,0.0,0.0,0.0,0.0,0.0,0.0,0.0,0.0,0.0,0.0,0.0,0.0,0.0,0.0,0.0,0.0,0.0,0.0,0.0,0.0,0.03571428571428571,0.109375,0.05434782608695652,0.40425531914893614,0.2608695652173913,0.5454545454545454,0.75,0.4444444444444444,0.11363636363636363,0.25,0.21428571428571427,0.5333333333333333,0.3,0.046153846153846156,0.5806451612903226,0.8363636363636363,0.2894736842105263,0.4074074074074074,0.45,0.5918367346938775,0.7272727272727273,0.6444444444444445,0.631578947368421,0.7037037037037037,0.38095238095238093,0.2727272727272727,0.7777777777777778,0.6296296296296297,0.7419354838709677,0.7297297297297297,0.6875,0.9,0.9130434782608695,0.6805555555555556,0.7407407407407407,0.8548387096774194,0.6869565217391305,0.6293103448275862,0.7063492063492064,0.7301587301587301,0.75,0.7288135593220338,0.75,0.7346938775510204,0.7792207792207793,0.6896551724137931,0.675,0.7111111111111111,0.7452830188679245,0.6153846153846154,0.7542372881355932,0.9181818181818182,0.7894736842105263,0.6867469879518072,0.9130434782608695,0.9310344827586207,0.0,0.0,0.0,0.0,0.0,0.0,0.0,0.0,0.0,0.0,0.0,0.0,0.0,0.0,0.0,0.0,0.0,0.0,1.0,0.0,0.9907407407407407,0.0
949821, lrp, T->G, missense,3.47087,0.00349965,120,-1.0,0.444444,119,0.9,0.75,PASS,0.0,0.0,0.0,0.0,0.0,0.0,0.0,0.0,0.0,0.0,0.0,0.0,,0.0,0.0,0.0,0.0,0.0,0.0,0.0,0.0,0.0,0.0,,0.0,0.0,0.0,0.0,0.0,0.0,0.0,0.0,0.012048192771084338,0.0,0.01694915254237288,0.24324324324324326,0.07692307692307693,0.0,0.0,0.0,0.0,0.0,0.0,0.0,0.0,0.0,0.0,0.0,0.0,0.0,0.0,0.0,0.0,0.0,0.0,0.0,0.0,0.0,0.0,0.0,0.0,0.0,0.0,0.0,0.0,0.0,0.0,0.0,0.0,0.0,0.0,0.0,0.0,0.0,0.0,0.0,0.0,0.0,0.0,0.0,0.011627906976744186,0.0,0.0,0.0,0.0,0.0,0.022727272727272728,0.0,0.011111111111111112,0.0,0.0,0.0,0.0,0.0,0.0,0.0,0.0,0.0,0.0,0.0,0.0,0.0,0.0,0.0,0.0,0.0,0.0,0.0,0.014492753623188406,0.0,0.05555555555555555,0.0,0.0,0.0,0.0,0.01020408163265306,0.0,0.0,0.0,0.0,0.0,0.0,0.0,0.0,0.0,0.0,0.0,0.0,0.0,0.0,0.0,0.0,0.0,0.0,0.0,0.0,0.0,0.0,0.0,0.0,0.0,0.0,0.010416666666666666
950466, ftsK, A->G, missense,1.4178,9.999e-05,120,-1.0,0.521739,119,0.9,0.26087,PASS,0.0,0.0,0.0,0.0,0.0,0.0,0.0,0.0,0.0,0.0,0.0,0.0,,0.0,0.0,0.0,0.0,0.0,0.0,0.0,0.0,0.0,0.0,,0.0,0.0,0.0,0.0,0.0,0.0,0.0,0.0,0.0,0.0,0.0,0.0,0.0,0.0,0.0,0.0,0.0,0.0,0.0,0.0,0.0,0.0,0.0,0.0,0.0,0.0,0.0,0.0,0.0,0.0,0.0,0.0,0.0,0.0,0.0,0.0,0.0,0.0,0.0,0.0,0.0,0.0,0.0,0.0,0.0,0.0,0.0,0.0,0.0,0.0,0.0,0.0,0.0,0.0,0.0,0.0,0.0,0.0,0.0,0.0,0.0,0.0,0.0,0.0,0.0,0.12903225806451613,0.2413793103448276,0.18181818181818182,0.125,0.18181818181818182,0.15,0.05405405405405406,0.16666666666666666,0.22727272727272727,0.25675675675675674,0.25842696629213485,0.14285714285714285,0.19444444444444445,0.32954545454545453,0.2127659574468085,0.2457627118644068,0.11864406779661017,0.1935483870967742,0.24074074074074073,0.32432432432432434,0.21818181818181817,0.1935483870967742,0.24390243902439024,0.26,0.23076923076923078,0.3055555555555556,0.3076923076923077,0.07216494845360824,0.18461538461538463,0.34831460674157305,0.175,0.06779661016949153,0.0,0.0,0.0,0.0,0.0,0.0,0.0,0.0,0.0,0.0,0.0,0.0,0.0,0.0,0.0,0.0,0.0,0.0,0.0,0.0,0.0,0.9850746268656716
968326, intergenic, MOB_968326_968328_IS150_1, sv,1.82053,9.999e-05,120,-1.0,1.0,117,0.9,0.035503,PASS,0.0,0.0,0.0,0.0,0.0,0.0,0.0136986301369863,0.0,0.0,0.0,0.0,0.0,,0.0,0.0,0.0,0.0,0.0,0.0,0.0,0.0,0.0,0.0,,0.0,0.0,0.0,0.0,0.0,0.0,0.0,0.0,0.0,0.0,0.0,0.0,0.0,0.0,0.0,0.0,0.0,0.0,0.0,0.0,0.0,0.0,0.0,0.0,0.0,0.0,0.0,0.0,0.0,0.0,0.013157894736842105,0.0,0.0,0.0,0.0,0.0,0.03389830508474576,0.0,0.0,0.021739130434782608,0.038461538461538464,0.0,0.011494252873563218,0.0,0.0,0.0,0.0,0.0,0.0,0.029411764705882353,0.014925373134328358,0.02127659574468085,0.0,0.02,0.0,0.02631578947368421,0.009615384615384616,0.0,0.0,0.0,0.0,0.0,0.0,0.0,0.02459016393442623,0.0,0.0,0.046511627906976744,0.0,0.021739130434782608,0.0,0.0,0.015625,0.025477707006369428,0.006097560975609756,0.03529411764705882,0.0,0.06666666666666667,0.1497005988023952,0.1206896551724138,0.12432432432432433,0.0641025641025641,0.058394160583941604,0.09411764705882353,0.04081632653061224,0.05333333333333334,0.029411764705882353,0.017241379310344827,0.030303030303030304,0.03529411764705882,0.01639344262295082,0.0,0.0,0.0,0.0,0.0,0.0,0.0,0.0,0.0,0.01098901098901099,0.0,0.0,0.0,0.0,0.0,0.0,0.0,0.0,0.0,0.0,0.0,0.0,0.0,0.0,0.0,0.0,0.0,0.0
968700, pflB, MOB_968700_968703_IS150_-1, sv,3.2177,9.999e-05,120,-1.0,0.857143,119,0.9,0.324324,PASS,0.0,0.0,,0.0,0.0,0.0,0.0,0.0,0.0,0.0,0.0,0.0,,0.0,0.0,0.0,0.0,0.0,0.0,0.0,0.0,0.0,0.0,,0.0,0.0,0.0,0.0,0.0,0.0,0.0,0.0,0.0,0.0,0.0,0.0,0.0,0.0,0.0,0.0,0.0,0.0,0.0,0.0,0.008547008547008548,0.0,0.0,0.0,0.013157894736842105,0.0,0.0,0.0,0.0,0.0,0.0,0.0,0.0,0.0,0.0,0.0,0.0,0.0,0.0,0.03205128205128205,0.0,0.0,0.0,0.0,0.0,0.0,0.0,0.0,0.0,0.0,0.0,0.0,0.0,0.0,0.016,0.0,0.0,0.0,0.0,0.0,0.0,0.0,0.0,0.0,0.0,0.0,0.0,0.0,0.0,0.016666666666666666,0.0,0.0,0.0,0.0,0.0,0.0,0.0070921985815602835,0.0,0.0,0.013157894736842105,0.007633587786259542,0.0,0.018018018018018018,0.02608695652173913,0.1,0.18095238095238095,0.0945945945945946,0.33766233766233766,0.3402777777777778,0.5746606334841629,0.464,0.22564102564102564,0.0784313725490196,0.02040816326530612,0.02702702702702703,0.011904761904761904,0.0,0.0,0.0,0.0,0.0,0.0,0.0,0.0,0.0,0.0,0.0,0.0,0.0,0.0,0.0,0.0,0.0,0.0,0.0,0.0,0.0,0.0,0.0
969836, pflB, MOB_969836_969838_IS150_-1, sv,1.82354,9.999e-05,120,-1.0,0.545455,119,0.9,0.705882,PASS,0.0,0.0,0.0,0.0,0.0,0.0,0.0,0.0,0.0,0.0,0.0,0.0,,0.012121212121212121,0.0,0.0,0.0,0.0,0.0,0.0,0.0,0.0,0.0,,0.0,0.0,0.0,0.0,0.0,0.0,0.0,0.0,0.0,0.0,0.0,0.0,0.0,0.0,0.0,0.0,0.0375,0.0,0.0,0.0,0.0,0.0,0.0,0.0,0.0,0.0,0.0,0.0,0.0,0.0,0.0,0.0,0.0,0.0,0.0,0.0,0.0,0.0,0.0,0.09259259259259259,0.0,0.0196078431372549,0.009433962264150943,0.05263157894736842,0.022727272727272728,0.0,0.0,0.0,0.0,0.0,0.0,0.0,0.0,0.0,0.0078125,0.0,0.0,0.05555555555555555,0.0,0.0,0.0,0.0410958904109589,0.04065040650406504,0.025974025974025976,0.0,0.0,0.0,0.0,0.0,0.0,0.0,0.0,0.0,0.0,0.01020408163265306,0.05970149253731343,0.16101694915254236,0.19473684210526315,0.28272251308900526,0.32679738562091504,0.28363636363636363,0.3382352941176471,0.44954128440366975,0.5045045045045045,0.5647058823529412,0.5194805194805194,0.46774193548387094,0.4461538461538462,0.25,0.32051282051282054,0.2631578947368421,0.5570469798657718,0.7628865979381443,0.7204968944099379,0.7971014492753623,0.7307692307692307,0.8695652173913043,0.0,0.0,0.0,0.0,0.0,0.0,0.0,0.0,0.0,0.0,0.0,0.0,0.0,0.0,0.0,0.0,0.006578947368421052,0.0,0.0,0.0,0.0,0.0
970174, pflB, indel;+AG, indel,4.87317,0.00019998,120,-1.0,1.0,119,0.9,0.666667,PASS,0.0,0.0,0.0,0.0,0.0,0.0,0.0,0.0,0.0,0.0,0.0,0.0,0.0,0.0,0.0,0.0,0.0,0.0,0.0,0.0,0.0,0.0,0.0,,0.0,0.0,0.0,0.0,0.0,0.0,0.0,0.0,0.0,0.0,0.0,0.0,0.0,0.0,0.0,0.0,0.0,0.0,0.0,0.0,0.0,0.0,0.0,0.0,0.0,0.0,0.0,0.0,0.0,0.0,0.0,0.0,0.0,0.0,0.0,0.0,0.0,0.0,0.0,0.0,0.0,0.0,0.0,0.0,0.0,0.0,0.0,0.0,0.0,0.0,0.0,0.058823529411764705,0.13513513513513514,0.1282051282051282,0.10714285714285714,0.0,0.0,0.0,0.0,0.0,0.0,0.0,0.0,0.0,0.0,0.0,0.0,0.0,0.0,0.0,0.0,0.0,0.0,0.0,0.0,0.0,0.0,0.0,0.0,0.0,0.0,0.0,0.0,0.0,0.0,0.0,0.0,0.0,0.0,0.0,0.0,0.0,0.0,0.0,0.0,0.0,0.0,0.0,0.0,0.0,0.0,0.0,0.0,0.0,0.0,0.0,0.0,0.0,0.0,0.0,0.0,0.0,0.0,0.0,0.0,0.0,0.0,0.0,0.0
1101850, phoH, MOB_1101850_1101852_IS150_1, sv,1.10387,9.999e-05,120,-1.0,0.857143,118,0.9,0.6,PASS,0.0,0.0,0.0,0.0,0.0,0.0,0.0,0.0,0.0,0.0,0.0,0.0,0.0,0.0,0.0,0.0,0.0,0.0,0.0,0.0,0.0,0.0,0.0,,0.0,0.0,0.0,0.0,0.0,0.0,0.0,0.0,0.0,0.0,0.0,0.0,0.0,0.0,0.0,0.0,0.0,0.0,0.0,0.0,0.0,0.0,0.0,0.0,0.0,0.0,0.0,0.0,0.0,0.0,0.0,0.0,0.0,0.0,0.0,0.0,0.0,0.0,0.0,0.0,0.0,0.0,0.0,0.0,0.0,0.0,0.0,0.0,0.27586206896551724,0.21212121212121213,0.29545454545454547,0.3888888888888889,0.3023255813953488,0.45714285714285713,0.2336448598130841,0.6727272727272727,0.9285714285714286,0.3793103448275862,0.5918367346938775,0.3387096774193548,0.6266666666666667,0.48936170212765956,0.7261904761904762,0.5444444444444444,0.5148514851485149,0.7291666666666666,0.375,0.7333333333333333,1.0,0.7446808510638298,0.8888888888888888,0.7857142857142857,0.8026315789473685,0.8702290076335878,0.6986301369863014,0.6647058823529411,0.832,0.8670520231213873,0.5849056603773585,0.7772020725388601,0.7692307692307693,0.7439024390243902,0.6435643564356436,0.7425742574257426,0.8072289156626506,0.7567567567567568,0.6571428571428571,0.6785714285714286,0.7619047619047619,0.8197674418604651,0.6428571428571429,0.7160493827160493,0.9692307692307692,0.8333333333333334,0.9122807017543859,0.8888888888888888,0.9732142857142857,0.0,0.0,0.0,0.0,0.0,0.0,0.0,0.0,0.0,0.0,0.0,0.0,0.0,0.0,0.0,0.0,0.0,0.0,1.0,0.0,1.0,0.0
1136032, dinI, MOB_1136032_1136032_IS150_1, sv,1.177,9.999e-05,120,-1.0,0.8,119,0.9,0.705882,PASS,0.0,0.0,,0.0,0.0,0.0,0.0,0.0,0.0,0.0,0.0,0.0,,0.0,0.0,0.0,0.0,0.0,0.0,0.0,0.0,0.0,0.0,,0.0,0.0,0.0,0.0,0.0,0.0,0.0,0.017927142857142857,0.0,0.0,0.0,0.0,0.0,0.0,0.0,0.0,0.0,0.0,0.01209433734939759,0.0,0.0,0.0,0.0,0.0,0.0,0.009169680365296804,0.0,0.0,0.0,0.0,0.0,0.0,0.0,0.0,0.03212745161290323,0.0,0.0,0.0,0.0,0.0,0.008333188284518829,0.0313715625,0.0,0.017626902654867257,0.012121212121212121,0.0,0.0,0.0,0.0,0.0,0.0,0.02947088235294118,0.0,0.07382955882352941,0.06885813725490196,0.3337583187390543,0.7983195970695971,0.43198764705882353,0.6276497461928934,0.5732741246797609,0.6357817047817047,0.6037298630136986,0.6419674952198853,0.48077422577422585,0.5502745274527453,0.6399018003273322,0.5831891891891892,0.7365669291338582,0.8367474541751527,0.7785555555555554,0.8664235033259423,0.787237017310253,0.7369107611548557,0.8853527298850575,0.7604795991410166,0.7194830005396654,0.8315091533180777,0.7673302997858672,0.6705801838610826,0.703981435022579,0.8095725037631711,0.8837432170542635,0.7493744221879814,0.683302371541502,0.7807017543859649,0.777826354679803,0.7777783933518005,0.6835008319467554,0.7473445850914207,0.8278864678899082,0.6933861646234677,0.6794301521438451,0.9244718888186986,0.7842857142857143,0.7330165289256197,0.7859275534441805,0.7623367670364501,0.0,0.0,0.0,0.0,0.0,0.0,0.0,0.0,0.0,0.0,0.0,0.0,0.0,0.0,0.0,0.0,0.0,0.0,1.0,0.0,0.9978001566521204,0.0
1294198, intergenic, MOB_1294198_1294209_IS4_-1, sv,0.930419,9.999e-05,120,-1.0,1.0,11,1.47125,1.0,PASS,0.0,0.0,,0.0,0.0,0.0,0.0,0.0,0.04566210045662101,0.04784688995215311,0.3717472118959108,0.775,,0.8887706226716339,0.9777777777777777,0.92,0.9347826086956522,0.9464285714285714,1.0,0.9655172413793104,0.983739837398374,0.9516129032258065,0.9215686274509803,1.0,1.0,0.975609756097561,0.9664429530201343,0.9642857142857143,0.9690721649484536,0.9921259842519685,0.9493670886075949,0.959349593495935,0.9779411764705882,0.9587628865979382,0.9347826086956522,0.9305555555555556,0.957983193277311,0.9470588235294117,0.9820359281437125,1.0,0.9380863039399624,0.9619047619047619,0.974025974025974,0.9294117647058824,0.9770114942528736,0.9859154929577465,0.9325153374233128,0.9565217391304348,0.9880952380952381,0.963963963963964,0.978494623655914,0.9666666666666667,1.0,0.9438202247191011,0.9523809523809523,0.9583333333333334,1.0,1.0,0.9393939393939394,1.0,0.9807692307692307,0.9841269841269841,1.0,0.9736842105263158,0.9836065573770492,0.9894736842105263,1.0,0.972027972027972,0.9518072289156626,0.9487179487179487,1.0,0.9375,0.96,0.9529411764705882,0.9661016949152542,0.9838709677419355,1.0,0.9342105263157895,0.9603174603174603,0.9841269841269841,0.9747899159663865,0.9791666666666666,0.9324324324324325,0.9618320610687023,0.9702970297029703,0.9436619718309859,0.9649122807017544,0.9782608695652174,0.9752066115702479,0.98,0.9577464788732394,0.9666666666666667,0.9791666666666666,1.0,0.9518072289156626,0.9859154929577465,0.987012987012987,0.958904109589041,0.9769230769230769,0.9736842105263158,0.9483322432962721,0.9808612440191388,0.9451985922574158,0.9592760180995475,0.9730639730639731,0.9902912621359223,0.9326072157930565,0.9711538461538461,0.9767441860465116,1.0,0.9565217391304348,0.953125,0.9827586206896551,0.9833333333333333,0.9479166666666666,0.9581151832460733,0.9693877551020408,0.9748427672955975,0.9611111111111111,0.9813084112149533,0.9689922480620154,0.0,0.0,0.010706638115631691,0.0,0.0,0.0,0.0,0.0,0.0,0.391566265060241,0.9557522123893806,0.9383832673827021,0.9532710280373832,0.956140350877193,0.9515039901780233,0.928,0.9314857582755965,0.9130752373995616,0.7142857142857143,0.8248299319727892,0.8400149170240537,0.9333333333333333
1303257, oppD, C->T, missense,0.988954,9.999e-05,120,-1.0,0.193548,119,0.9,0.461538,PASS,0.0,0.0,0.0,0.0,0.0,0.0,0.0,0.0,0.0,0.045454545454545456,0.05,0.7894736842105263,,0.7721518987341772,1.0,1.0,1.0,1.0,1.0,1.0,1.0,1.0,1.0,,1.0,1.0,1.0,1.0,1.0,1.0,1.0,1.0,1.0,1.0,1.0,1.0,1.0,1.0,1.0,1.0,1.0,1.0,1.0,1.0,1.0,1.0,1.0,1.0,1.0,1.0,1.0,1.0,1.0,1.0,1.0,1.0,1.0,1.0,1.0,1.0,1.0,0.8888888888888888,1.0,1.0,1.0,1.0,1.0,1.0,1.0,1.0,1.0,1.0,1.0,1.0,1.0,1.0,1.0,1.0,1.0,1.0,1.0,1.0,1.0,1.0,1.0,1.0,1.0,1.0,1.0,1.0,1.0,1.0,1.0,1.0,1.0,1.0,1.0,1.0,1.0,1.0,1.0,1.0,1.0,1.0,1.0,1.0,1.0,1.0,1.0,1.0,1.0,1.0,1.0,1.0,1.0,1.0,1.0,1.0,1.0,1.0,1.0,0.0,0.0,0.08,0.0,0.0,0.0,0.0,0.0,0.0,0.3142857142857143,0.98989898989899,1.0,1.0,1.0,1.0,1.0,1.0,0.9879518072289156,1.0,1.0,1.0,1.0
1306344, intergenic, MOB_1306344_1306351_IS186_1, sv,0.88462,9.999e-05,120,-1.0,0.923077,118,0.9,1.0,PASS,0.0,0.0,0.0,0.0,0.0,0.0,0.0,0.0,0.0,0.0,0.0,0.0,,0.0,0.015384615384615385,0.14285714285714285,0.46153846153846156,0.05405405405405406,0.0,0.8048780487804879,0.8349514563106796,0.7746478873239436,0.28205128205128205,,0.8695652173913043,0.9285714285714286,0.944,0.941747572815534,0.967741935483871,0.95,0.9482758620689655,0.9285714285714286,0.9,0.9259259259259259,0.8875,0.9107142857142857,0.9385964912280702,0.9172932330827067,0.9302325581395349,0.9183673469387755,0.937984496124031,0.9381443298969072,0.9,0.9264705882352942,0.9391304347826087,0.9090909090909091,0.9491525423728814,0.9090909090909091,0.9120879120879121,0.9193548387096774,0.9358974358974359,0.9111111111111111,0.9565217391304348,0.9651162790697675,0.967741935483871,0.9838709677419355,1.0,0.9714285714285714,0.9655172413793104,1.0,0.9292035398230089,0.9230769230769231,0.9130434782608695,0.9523809523809523,0.963302752293578,0.9658119658119658,0.9893617021276596,0.9130434782608695,0.9662921348314607,0.90625,1.0,1.0,0.9655172413793104,0.9782608695652174,0.9795918367346939,0.9836065573770492,0.9818181818181818,0.9459459459459459,0.9333333333333333,0.9726027397260274,0.8918918918918919,0.9565217391304348,0.9772727272727273,0.9185185185185185,0.9354838709677419,0.9782608695652174,0.967741935483871,0.9550561797752809,0.9565217391304348,0.96,0.863013698630137,0.9444444444444444,0.9577464788732394,0.9682539682539683,0.953125,0.9420289855072463,0.9538461538461539,0.968,0.9323308270676691,0.94,0.9693877551020408,0.926829268292683,0.9639175257731959,0.9447513812154696,0.9710982658959537,0.9821428571428571,0.9191919191919192,0.9591836734693877,0.9647058823529412,0.9444444444444444,0.9375,0.9672131147540983,0.9,0.975,0.9411764705882353,0.9871794871794872,0.9463087248322147,0.9777777777777777,0.9379310344827586,0.9826086956521739,0.952755905511811,0.0,0.0,0.0136986301369863,0.0,0.0,0.0,0.0,0.0,0.0,0.0,0.011904761904761904,0.9565217391304348,0.9581151832460733,0.9625,0.9543147208121827,0.9620253164556962,0.9497206703910615,0.9523809523809523,0.905982905982906,0.8807947019867549,0.9234275296262534,0.937984496124031
1332083, intergenic, indel;-1;G;+T, indel,1.15432,9.999e-05,120,-1.0,0.923077,112,0.9,0.4,PASS,0.0,0.0,0.0,0.0,0.0,0.0,0.0,0.0,0.0,0.0,0.0,0.0,,0.0,0.0,0.0,0.0,0.0,0.0,0.0,0.0,0.0,0.0,,0.0,0.0,0.0,0.0,0.0,0.0,0.0,0.0,0.0,0.0,0.0,0.0,0.0,0.0,0.0,0.0,0.0,0.0,0.07142857142857142,0.0,0.0,0.0,0.0,0.0,0.0,0.0,0.0,0.0,0.0,0.0,0.0,0.0,0.0,0.0,0.0,0.0,0.0,0.0,0.0,0.0,0.0,0.0,0.0,0.0,0.0,0.0,0.0,0.0,0.0,0.0,0.0,0.0,0.0,0.0,0.0,0.0,0.0,0.0,0.0,0.0,0.0,0.0,0.05555555555555555,0.0,0.16666666666666666,0.26666666666666666,0.5555555555555556,0.2222222222222222,0.0625,0.23076923076923078,0.3157894736842105,0.0625,0.1,0.22413793103448276,0.23809523809523808,0.3076923076923077,0.19230769230769232,0.2698412698412698,0.417910447761194,0.23529411764705882,0.3253012048192771,0.15625,0.4,0.375,0.2222222222222222,0.2682926829268293,0.38461538461538464,0.18181818181818182,0.3548387096774194,0.16393442622950818,0.3225806451612903,0.1780821917808219,0.12698412698412698,0.14285714285714285,0.3728813559322034,0.17647058823529413,0.06666666666666667,0.0,0.0,0.0,0.0,0.0,0.0,0.0,0.0,0.0,0.0,0.0,0.0,0.0,0.0,0.0,0.0,0.0,0.0,0.0,0.0,0.004081632653061225,0.9811320754716981
1332130, cysB, T->C, noncoding,2.9216,0.00319968,120,-1.0,1.0,118,0.9,1.0,PASS,0.0,0.0,0.0,0.0,0.0,0.0,0.0,0.0,0.0,0.0,0.0,0.0,,0.0,0.0,0.0,0.0,0.0,0.0,0.043478260869565216,0.10416666666666667,0.21875,0.0,,0.0,0.0,0.0,0.0,0.0,0.06451612903225806,0.04225352112676056,0.02127659574468085,0.022727272727272728,0.03225806451612903,0.05128205128205128,0.05555555555555555,0.0,0.0,0.0,0.0,0.0,0.0,0.0,0.0,0.0,0.0,0.0,0.0,0.0,0.0,0.0,0.0,0.0,0.0,0.0,0.0,0.0,0.0,0.0,0.0,0.0,0.0,0.0,0.0,0.0,0.0,0.0,0.0,0.0,0.0,0.0,0.0,0.0,0.0,0.0,0.0,0.0,0.0,0.0,0.0,0.0,0.0,0.0,0.0,0.0,0.0,0.0,0.0,0.0,0.0,0.0,0.0,0.0,0.0,0.0,0.0,0.0,0.0,0.0,0.0,0.0,0.0,0.0,0.0,0.0,0.0,0.0,0.0,0.0,0.0,0.0,0.0,0.0,0.0,0.0,0.0,0.0,0.0,0.0,0.0,0.0,0.0,0.0,0.0,0.0,0.0,0.0,0.0,0.0,0.0,0.0,1.0,0.0,0.0,0.0,0.0,0.0,0.0,0.0,0.0,0.0,0.0,0.0
1352030, sapC, G->T, synonymous,0.630271,9.999e-05,120,-1.0,0.2,118,0.9,0.461538,PASS,0.0,0.0,0.0,0.0,0.0,0.0,0.0,0.0,0.0,0.0,0.0,0.0,,0.0,0.0,0.0,0.0,0.0,0.0,0.0,0.02857142857142857,0.0,0.0,,0.0,0.14285714285714285,0.6129032258064516,0.5294117647058824,0.425531914893617,0.46938775510204084,0.2692307692307692,0.6388888888888888,0.4931506849315068,0.39473684210526316,0.5142857142857142,0.8,0.6896551724137931,0.14102564102564102,0.4074074074074074,0.5964912280701754,0.2608695652173913,0.48,0.5151515151515151,0.5294117647058824,0.3611111111111111,0.2222222222222222,0.325,0.3103448275862069,0.125,0.16666666666666666,0.09302325581395349,0.0,0.14285714285714285,0.08571428571428572,0.12121212121212122,0.0625,0.07692307692307693,0.125,0.15384615384615385,0.0,0.07142857142857142,0.058823529411764705,0.25,0.10256410256410256,0.23076923076923078,0.09523809523809523,0.36585365853658536,0.06779661016949153,0.2571428571428571,0.6666666666666666,0.6,0.35714285714285715,0.6153846153846154,0.7407407407407407,0.8,0.4782608695652174,0.7777777777777778,0.3076923076923077,0.5714285714285714,0.68,0.24,0.4,0.5,0.4878048780487805,0.3333333333333333,0.5333333333333333,0.4772727272727273,0.5121951219512195,0.38095238095238093,0.6086956521739131,0.6666666666666666,0.16666666666666666,0.09090909090909091,0.17391304347826086,0.03225806451612903,0.16666666666666666,0.11538461538461539,0.25333333333333335,0.37037037037037035,0.3333333333333333,0.20454545454545456,0.25675675675675674,0.3373493975903614,0.25287356321839083,0.2631578947368421,0.10869565217391304,0.29545454545454547,0.28125,0.21212121212121213,0.29545454545454547,0.041666666666666664,0.3,0.2894736842105263,0.25,0.3333333333333333,0.234375,0.18055555555555555,0.19230769230769232,0.18333333333333332,0.25,0.0625,0.0,0.0,0.0,0.0,0.0,0.0,0.0,0.0,0.0,0.0,0.0,0.0,0.0,0.0,0.9775280898876404,0.0,0.0,0.0,0.0,1.0,0.0,1.0
1355850, ymjA, junction_1355850_-1_IS186_end, sv,3.9184,0.00389961,120,-1.0,0.8,118,0.9,0.923077,PASS,0.0,0.0,0.0,0.0,0.0,0.0,0.0,0.0,0.0,0.0,0.25,0.15789473684210525,,0.20270270270270271,0.0,0.0,0.0,0.0,0.0,0.0,0.0,0.0,0.0,,0.0,0.0,0.0,0.0,0.0,0.0,0.0,0.0,0.0,0.0,0.0,0.0,0.0,0.0,0.0,0.0,0.0,0.0,0.0,0.0,0.0,0.0,0.0,0.0,0.0,0.0,0.0,0.0,0.0,0.0,0.0,0.0,0.0,0.0,0.0,0.0,0.0,0.0,0.0,0.0,0.0,0.0,0.0,0.0,0.0,0.0,0.0,0.0,0.0,0.0,0.0,0.0,0.0,0.0,0.0,0.0,0.0,0.0,0.0,0.0,0.0,0.0,0.0,0.0,0.0,0.0,0.0,0.0,0.0,0.0,0.0,0.0,0.0,0.0,0.0,0.0,0.0,0.0,0.0,0.0,0.0,0.0,0.0,0.0,0.0,0.0,0.0,0.0,0.0,0.0,0.0,0.0,0.0,0.0,0.0,0.0,0.0,0.0,0.0,0.0,0.0,0.0,0.0,0.0,0.0,0.0,0.0,0.0,0.0,0.0,0.0,0.0,0.0,0.0,0.0,0.0,0.017241379310344827,0.0,0.05
1369601, ycjM, junction_1369601_-1_IS150_start, sv,4.53156,0.0019998,120,-1.0,0.923077,117,0.9,0.857143,PASS,0.0,0.0,0.0,0.0,0.0,0.0,0.0,0.0,0.0,0.0,0.0,0.0,,0.0,0.0,0.0,0.0,0.0,0.0,0.0,0.0,0.0,0.0,,0.0,0.0,0.0,0.0,0.0,0.0,0.0,0.0,0.0,0.0,0.0,0.0,0.0,0.0,0.0,0.0,0.0,0.0,0.0,0.0,0.0,0.0,0.0,0.0,0.0,0.0,0.0,0.0,0.0,0.0,0.0,0.0,0.0,0.0,0.0,0.0,0.0,0.0,0.0,0.0,0.0,0.07894736842105263,0.13636363636363635,0.0759493670886076,0.0,0.0,0.0,0.0,0.0,0.0,0.0,0.0,0.0,0.0,0.0,0.0,0.0,0.0,0.0,0.0,0.0,0.0,0.0,0.0,0.0,0.0,0.0,0.0,0.0,0.0,0.0,0.0,0.0,0.0,0.0,0.0,0.0,0.0,0.0,0.0,0.0,0.0,0.0,0.0,0.0,0.0,0.0,0.0,0.0,0.0,0.0,0.0,0.0,0.0,0.0,0.0,0.0,0.0,0.0,0.0,0.0,0.0,0.0,0.0,0.0,0.0,0.0,0.0,0.0,0.0,0.0,0.0,0.0,0.0,0.0,0.0,0.0,0.0,0.0
1369670, ycjM, indel;-12, indel,3.90237,0.00069993,120,-1.0,0.5,117,0.9,0.8,PASS,0.0,0.0,0.0,0.0,0.0,0.0,0.0,0.0,0.0,0.0,0.0,0.0,,0.0,0.0,0.0,0.0,0.0,0.0,0.0,0.0,0.0,0.0,,0.0,0.0,0.0,0.0,0.0,0.0,0.0,0.0,0.0,0.0,0.0,0.0,0.0,0.0,0.0,0.0,0.0,0.0,0.0,0.0,0.0,0.0,0.0,0.0,0.0,0.0,0.0,0.0,0.0,0.0,0.0,0.0,0.0,0.0,0.0,0.0,0.0,0.0,0.0,0.0,0.0,0.0,0.037037037037037035,0.0,0.11965811965811966,0.1875,0.25,0.0,0.09090909090909091,0.0,0.05128205128205128,0.18181818181818182,0.0,0.0,0.0,0.0,0.0,0.0,0.0,0.0,0.0,0.0,0.0,0.0,0.0,0.0,0.0,0.0,0.0,0.0,0.0,0.0,0.0,0.0,0.0,0.0,0.0,0.0,0.0,0.0,0.0,0.0,0.0,0.0,0.0,0.0,0.0,0.0,0.0,0.0,0.0,0.0,0.0,0.0,0.0,0.0,0.0,0.0,0.0,0.0,0.0,0.0,0.0,0.0,0.0,0.0,0.0,0.0,0.0,0.0,0.0,0.0,0.0,0.0,0.0,0.0,0.0,0.0,0.0
1462251, hokB, MOB_1462251_1462253_IS150_1, sv,1.00277,9.999e-05,120,-1.0,0.666667,117,0.9,0.164384,PASS,0.0,0.03640098231827112,,0.02262443438914027,0.0,0.0,0.0,0.0,0.02958579881656805,0.0,0.0,0.0,,0.0,0.026344240766073872,0.05580357142857143,0.09315314009661836,0.0,0.12676493506493505,0.08999855453350855,0.10682836676217765,0.1443698292220114,0.038461538461538464,,0.1670017316017316,0.08707184661957618,0.07796711111111111,0.08278987012987013,0.08047165644171779,0.05570009514747859,0.0815703493862134,0.027718137730358878,0.06610253731343284,0.02722323049001815,0.041618264580369844,0.016881569343065693,0.040066901408450706,0.040031246308328404,0.06837144329896908,0.06538442906574395,0.14374815106215577,0.07691686586985391,0.04532207792207792,0.01697792869269949,0.09861278735632185,0.046511627906976744,0.16853857923497267,0.13809354838709678,0.058043373493975904,0.06710607247796278,0.1667915766738661,0.08972848445595855,0.06452557268722467,0.070298769771529,0.15585809379727686,0.028089887640449437,0.18170344827586207,0.09404388714733543,0.2601745819397993,0.06896551724137931,0.26088161073825505,0.14510573012939001,0.2386872340425532,0.232513921901528,0.13809014705882353,0.17078804920913887,0.017953321364452424,0.33802367724867727,0.11396167763157895,0.21589592760180995,0.5797101449275363,0.25806451612903225,0.041666666666666664,0.07101959064327484,0.12473516455696201,0.08875739644970415,0.21866287822878228,0.1935483870967742,0.14245150645624102,0.1555909574468085,0.40556346483704975,0.273212539184953,0.5681098081023455,0.36782895863052784,0.32810059031877215,0.4114703601108033,0.6027517515923567,0.5437352245862884,0.27549960369881105,0.24922118380062305,0.3601108033240997,0.5309734513274336,0.7630338524590163,0.45081967213114754,0.6748693950177936,0.7844496348314607,0.8620689655172414,0.7916342960288808,0.7014413381123058,0.6551297898640296,0.6184295197740113,0.8479020979020978,0.6058845454545455,0.6403614906832298,0.7261247040252565,0.7837282429906542,0.7784518433179723,0.420962346521146,0.8090641584158416,0.40145985401459855,0.4897959183673469,0.6431419921875,0.5362453541076487,0.6748031729785056,0.4782728751576293,0.5632606289308176,0.751253411764706,0.9659563039723662,0.6098600790513834,0.872552192982456,0.9111296803652968,0.0,0.0,0.0,0.0,0.0,0.0,0.0,0.0,0.00665335994677312,0.0,0.015854958123953097,0.0,0.02777826520438684,0.0,,0.08649423480083857,0.007575757575757576,0.00728862973760933,1.0,0.0,1.0,0.0
1462320, mokB, MOB_1462320_1462322_IS150_1, sv,1.00939,9.999e-05,120,-1.0,0.0655738,116,0.9,0.444444,PASS,0.0,0.0,0.0,0.0,0.0,0.0,0.0,0.0,0.0,0.0,0.0,0.0,,0.0,0.0,0.0,0.0,0.0,0.0,0.0,0.0,0.0,0.0,,0.0,0.039603960396039604,0.02673288770053476,0.0,0.0,0.0,0.0,0.0,0.011135857461024499,0.05516976551724138,0.0,0.06955547826086957,0.0,0.0,0.0,0.0,0.01412180790960452,0.1113083487940631,0.06680445434298442,0.019153869731800766,0.016719816053511707,0.0,0.0,0.05898643067846608,0.0,0.0,0.0,0.0,0.0,0.0,0.0,0.0,0.0,0.041841004184100423,0.04484304932735426,0.0,0.018688504672897198,0.03236245954692557,0.10049351758793972,0.5112200408997956,0.7818065843621398,0.7134303510758777,0.5652763819095478,0.819961661341853,0.6089882121807465,0.6110738888888889,0.6665866666666667,0.64698,0.5171944827586207,0.15278421052631577,0.46449633251833744,0.5171689655172413,0.6142593856655291,0.358383870967742,0.5166286329386437,0.6578368421052632,0.8629191780821918,0.6427857142857143,0.5472222222222222,0.418758865248227,0.41363697478991596,0.37839471153846155,0.5241004098360657,0.3834577922077922,0.46003116883116885,0.11511228070175437,0.33022953020134227,0.7002846441947567,0.7147478632478633,0.5416972477064219,0.6752647058823529,0.7276657534246576,0.6347258064516129,0.7611698895027623,0.5843723916532905,0.5700487804878049,0.6742495921696574,0.7611226666666667,0.5983535958904109,0.7613627992633518,0.6636237799467614,0.7846123188405797,0.7913951048951049,0.5250705679862306,0.8970651041666666,0.590252204585538,0.44431597222222224,0.5417675840978593,0.7172286432160805,0.7247131782945736,0.4583043478260869,0.668328025477707,0.7289509259259259,0.8923493333333332,0.8191004304160688,0.7291358024691358,0.9391323076923077,0.0,0.0,0.0,0.0,0.0,0.0,0.0,0.0,0.0,0.0,0.0,0.0,0.0,0.0,0.0,0.0,0.0,0.0,1.0,0.0,1.0,0.0
1515685, narZ, MOB_1515685_1515687_IS150_-1, sv,1.10267,9.999e-05,120,-1.0,0.8,118,0.9,0.857143,PASS,0.0,0.0,0.0,0.0,0.0,0.0,0.0,0.0,0.0,0.0,0.0,0.0,0.0,0.0,0.0,0.0,0.0,0.0,0.0,0.0,0.0,0.0,0.0,,0.0,0.0,0.0,0.0,0.0,0.0,0.0,0.0,0.0,0.0,0.0,0.0,0.0,0.0,0.0,0.0,0.0,0.0,0.0,0.0,0.0,0.0,0.0,0.0,0.0,0.0,0.0,0.0,0.0,0.0,0.0,0.0,0.0,0.0,0.0,0.0,0.0,0.0,0.0,0.0,0.0,0.0,0.0,0.0,0.012987012987012988,0.0,0.10344827586206896,0.14285714285714285,0.5185185185185185,0.1509433962264151,0.5217391304347826,0.4838709677419355,0.38461538461538464,0.3235294117647059,0.24561403508771928,0.4772727272727273,0.8805970149253731,0.38461538461538464,0.5490196078431373,0.48148148148148145,0.5294117647058824,0.5925925925925926,0.5263157894736842,0.6739130434782609,0.5058823529411764,0.5238095238095238,0.5,0.84,0.7222222222222222,0.8620689655172413,0.7777777777777778,0.7586206896551724,0.8620689655172413,0.8392857142857143,0.7111111111111111,0.8137254901960784,0.92,0.673202614379085,0.8148148148148148,0.7883211678832117,0.7288135593220338,0.875,0.7213114754098361,0.7051282051282052,0.8271604938271605,0.7078651685393258,0.625,0.7142857142857143,0.7959183673469388,0.7637795275590551,0.704225352112676,0.7196969696969697,0.9037037037037037,0.9452054794520548,0.8360655737704918,0.9024390243902439,0.9259259259259259,0.0,0.0,0.0,0.0,0.0,0.0,0.0,0.0,0.0,0.0,0.0,0.0,0.0,0.0,0.0,0.0,0.0,0.0,1.0,0.005154639175257732,1.0,0.0
1515882, narZ, T->G, missense,0.612231,9.999e-05,120,-1.0,0.307692,118,0.9,0.857143,PASS,0.0,0.0,0.0,0.0,0.0,0.0,0.0,0.0,0.0,0.0,0.0,0.0,,0.0,0.0,0.0,0.0,0.0,0.0,0.0,0.0,0.0,0.0,,0.0,0.03278688524590164,0.2597402597402597,0.13157894736842105,0.3611111111111111,0.34782608695652173,0.36666666666666664,0.08771929824561403,0.18571428571428572,0.12727272727272726,0.07692307692307693,0.03225806451612903,0.16071428571428573,0.5138888888888888,0.30434782608695654,0.23333333333333334,0.8169014084507042,0.6470588235294118,0.47619047619047616,0.7777777777777778,0.5,0.6111111111111112,0.6818181818181818,0.5925925925925926,0.8717948717948718,0.9387755102040817,0.8695652173913043,0.8541666666666666,0.8125,0.9411764705882353,0.875,0.8461538461538461,1.0,1.0,0.9,1.0,0.8571428571428571,0.8,0.8571428571428571,0.6774193548387096,0.7246376811594203,0.8285714285714286,0.7872340425531915,0.8518518518518519,0.8055555555555556,0.5,0.6470588235294118,1.0,0.7307692307692307,0.1111111111111111,0.47619047619047616,0.16666666666666666,0.4827586206896552,0.5217391304347826,0.3018867924528302,0.47058823529411764,0.8214285714285714,0.47619047619047616,0.6451612903225806,0.44680851063829785,0.5208333333333334,0.6842105263157895,0.6078431372549019,0.6153846153846154,0.39215686274509803,0.36,0.5,0.42857142857142855,0.9230769230769231,0.59375,0.5806451612903226,0.9333333333333333,0.7804878048780488,0.7142857142857143,0.5813953488372093,0.7321428571428571,0.8333333333333334,0.6933333333333334,0.7323943661971831,0.75,0.7155172413793104,0.8974358974358975,0.6333333333333333,0.6981132075471698,0.6470588235294118,0.775,0.6206896551724138,0.72,0.7045454545454546,0.7763157894736842,0.7209302325581395,0.65,0.8983050847457628,0.8852459016393442,0.7321428571428571,0.8679245283018868,0.975,0.0,0.0,0.0,0.0,0.0,0.0,0.0,0.0,0.0,0.0,0.0,0.0,0.0,1.0,0.012658227848101266,1.0,1.0,0.9888888888888889,1.0,0.0,1.0,0.0
1570691, ydeZ, indel;+C;A;-1;T;-2, indel,0.809165,9.999e-05,120,-1.0,0.0582524,119,0.9,0.292683,PASS,0.0049261083743842365,0.0,0.0,0.043478260869565216,0.0,0.0,0.0,0.0,0.03508771929824561,0.0,0.034482758620689655,0.0,0.0,0.008264462809917356,0.0,0.0,0.0,0.0,0.0,0.0,0.01694915254237288,0.0,0.025,,0.0,0.0,0.013333333333333334,0.0,0.0,0.012195121951219513,0.0,0.0,0.0,0.0,0.058823529411764705,0.0,0.06779661016949153,0.07692307692307693,0.2753623188405797,0.5,0.20512820512820512,0.1076923076923077,0.23684210526315788,0.288135593220339,0.2857142857142857,0.34146341463414637,0.23684210526315788,0.35294117647058826,0.175,0.13513513513513514,0.1111111111111111,0.07575757575757576,0.04,0.04,0.08,0.07407407407407407,0.0625,0.13333333333333333,0.08695652173913043,0.08333333333333333,0.12,0.13043478260869565,0.10344827586206896,0.05714285714285714,0.18292682926829268,0.11320754716981132,0.2807017543859649,0.07246376811594203,0.25925925925925924,0.4,0.1111111111111111,0.1111111111111111,0.5,0.575,0.8125,0.6818181818181818,0.5,0.36363636363636365,0.6197183098591549,0.4489795918367347,0.11940298507462686,0.5,0.35714285714285715,0.47692307692307695,0.5384615384615384,0.4,0.3548387096774194,0.3559322033898305,0.4426229508196721,0.5714285714285714,0.48484848484848486,0.2222222222222222,0.21428571428571427,0.3333333333333333,0.21568627450980393,0.23076923076923078,0.09375,0.13924050632911392,0.28169014084507044,0.323943661971831,0.19696969696969696,0.2857142857142857,0.39325842696629215,0.2523364485981308,0.27927927927927926,0.10638297872340426,0.35443037974683544,0.2564102564102564,0.1590909090909091,0.288135593220339,0.4,0.3055555555555556,0.24615384615384617,0.1896551724137931,0.3114754098360656,0.2328767123287671,0.08080808080808081,0.11594202898550725,0.275,0.18181818181818182,0.1590909090909091,0.0,0.0,0.02631578947368421,0.0,0.0,0.0,0.0,0.0,0.010526315789473684,0.008403361344537815,0.019230769230769232,0.0,0.0,0.0,0.9390243902439024,0.0,0.0,0.0,0.010416666666666666,0.6826923076923077,0.004098360655737705,0.9859154929577465
1585600, marC, junction_1585600_-1_1586850_1, sv,4.08876,0.00149985,120,-1.0,0.923077,118,0.9,0.705882,PASS,0.0,0.0,,0.0,0.0,0.0,0.0,0.0,0.0,0.0,0.0,0.0,,0.0,0.0,0.0,0.0,0.0,0.0,0.0,0.0,0.0,0.0,,0.0,0.0,0.0,0.0,0.0,0.0,0.0,0.0,0.0,0.0,0.0,0.0,0.0,0.0,0.0,0.0,0.009813542688910696,0.0591715976331361,0.17167381974248927,0.022172949002217293,0.0,0.03968253968253968,0.0,0.0,0.0,0.0,0.0,0.0,0.0,0.0,0.0,0.0,0.0,0.0,0.0,0.0,0.0,0.0,0.0,0.0,0.0,0.0,0.0,0.0,0.0,0.0,0.0,0.0,0.0,0.0,0.0,0.0,0.0,0.0,0.0,0.0,0.0,0.0,0.0,0.0,0.0,0.0,0.0,0.0,0.0,0.0,0.0,0.0,0.0,0.0,0.0,0.0,0.0,0.0,0.0,0.0,0.0,0.0,0.0,0.0,0.0,0.0,0.0,0.0,0.0,0.0,0.0,0.0,0.0,0.0,0.0,0.0,0.0,0.0,0.0,0.0,0.0,0.0,0.0,0.0,0.0,0.0,0.0,0.0,0.0,0.0,0.0,0.0,0.0,0.0,0.0,0.0,0.0,0.0,0.0,0.0,0.0,0.0,0.0
1585787, marC, junction_1585787_-1_1588556_1, sv,1.10093,9.999e-05,120,-1.0,0.6,118,0.9,0.444444,PASS,0.0,0.0,0.0,0.0,0.0,0.0,0.0,0.0,0.0,0.0,0.0,0.0,,0.0,0.0,0.0,0.0,0.0,0.0,0.0,0.0,0.0,0.0,,0.0,0.0,0.0,0.0,0.0,0.0,0.0,0.0,0.0,0.0,0.0,0.0,0.0,0.0,0.0,0.06666666666666667,0.03636363636363636,0.01818181818181818,0.07407407407407407,0.0,0.05555555555555555,0.11290322580645161,0.05128205128205128,0.08,0.017857142857142856,0.03773584905660377,0.0,0.08333333333333333,0.0,0.01694915254237288,0.04,0.0,0.0,0.0,0.06666666666666667,0.2222222222222222,0.021739130434782608,0.027777777777777776,0.17391304347826086,0.04081632653061224,0.05357142857142857,0.17777777777777778,0.22,0.09401709401709402,0.08695652173913043,0.25,0.25,0.16666666666666666,0.06666666666666667,0.6428571428571429,0.625,0.37037037037037035,0.2,0.3157894736842105,0.5531914893617021,0.2972972972972973,0.08955223880597014,0.3157894736842105,0.3333333333333333,0.42857142857142855,0.23809523809523808,0.30434782608695654,0.19607843137254902,0.2857142857142857,0.29850746268656714,0.1875,0.36,0.0,0.08333333333333333,0.14814814814814814,0.17073170731707318,0.0,0.12195121951219512,0.14772727272727273,0.1282051282051282,0.14705882352941177,0.058823529411764705,0.08139534883720931,0.2375,0.11023622047244094,0.12080536912751678,0.09090909090909091,0.14516129032258066,0.24528301886792453,0.0625,0.16666666666666666,0.2962962962962963,0.038461538461538464,0.21311475409836064,0.06097560975609756,0.16,0.1511627906976744,0.09523809523809523,0.060240963855421686,0.10810810810810811,0.09433962264150944,0.03636363636363636,0.0,0.0,0.0,0.0,0.0,0.0,0.0,0.0,0.0,0.0,0.0,0.0,0.0,0.0,1.0,0.0,0.0,0.0,0.0,1.0,0.0,1.0
1586008, marC, junction_1586008_-1_1588448_1, sv,3.53532,0.00039996,120,-1.0,0.705882,115,0.9,0.387097,PASS,0.0,0.0,,0.0,0.0,0.0,0.0,0.0,0.0,0.0,0.0,0.0,,0.0,0.0,0.0,0.0,0.0,0.0,0.0,0.0,0.0,0.0,,0.0,0.0,0.0,0.0,0.0,0.0,0.0,0.0,0.0,0.0,0.0,0.0,0.0,0.0,0.0,0.0,0.0,0.0,0.02032520325203252,0.08726003490401396,0.029368575624082235,0.06756756756756757,0.1348314606741573,0.08097165991902834,0.01639344262295082,0.0,0.0,0.0,0.0,0.0,0.0,0.0,0.0,0.0,0.0,0.0,0.0,0.0,0.0,0.0,0.0,0.0,0.0,0.0,0.0,0.036231884057971016,0.0,0.0,0.0,0.0,0.0,0.0,0.0,0.0,0.0,0.0,0.0,0.0,0.0,0.0,0.0,0.0,0.0,0.0,0.0,0.0,0.0,0.0,0.0,0.0,0.0,0.0,0.0,0.0,0.0,0.0,0.0,0.0,0.0,0.0,0.0,0.0,0.0,0.0,0.0,0.0,0.0,0.0,0.0,0.0,0.0,0.0,0.0,0.0,0.0,0.0,0.0,0.0,0.0,0.0,0.0,0.0,0.0,0.0,0.0,0.0,0.0,0.0,0.0,0.0,0.0,,0.0,0.0,0.0,0.0,,0.0,
1598113, ydfI, G->A, missense,1.54748,9.999e-05,119,-1.0,0.631579,118,0.9,0.218182,PASS,0.0,0.0,,0.0,0.0,0.0,0.0,0.0,0.0,0.0,0.0,0.0,0.0,0.0,0.0,0.0,0.0,0.0,0.0,0.0,0.0,0.0,0.13333333333333333,,0.0,0.0,0.0,0.0,0.0,0.0,0.0,0.0,0.0,0.0,0.0,0.0,0.0,0.0,0.0,0.0,0.0,0.0,0.0,0.0,0.0,0.0,0.0,0.0,0.0,0.0,0.0,0.0,0.0,0.0,0.0,0.0,0.0,0.0,0.0,0.0,0.0,0.0,0.0,0.0,0.0,0.0,0.0,0.0,0.0,0.0,0.0,0.0,0.0,0.0,0.0,0.0,0.0,0.0,0.0,0.0,0.0,0.0,0.0,0.0,0.0,0.0,0.0,0.0,0.0,0.0,0.0,0.14285714285714285,0.19047619047619047,0.22727272727272727,0.23809523809523808,0.6,0.85,0.7894736842105263,0.8,0.6470588235294118,0.868421052631579,0.7377049180327869,0.6612903225806451,0.6949152542372882,0.8082191780821918,0.8709677419354839,0.782608695652174,0.6756756756756757,0.8235294117647058,0.7142857142857143,0.75,0.7407407407407407,0.6071428571428571,0.8536585365853658,0.47368421052631576,0.7666666666666667,0.8292682926829268,0.8444444444444444,0.7037037037037037,0.7222222222222222,0.925,0.0,0.0,0.0,0.0,0.0,0.0,0.0,0.0,0.0,0.0,0.0,0.0,0.0,0.0,0.0,0.0,0.0,0.0,0.0,0.0,1.0,0.0
1610537, ECB_01516, junction_1610537_1_IS3_start, sv,4.15132,0.00319968,120,-1.0,0.923077,117,0.9,0.0930233,PASS,0.0,0.0,0.0,0.0,0.0,0.0,0.0,0.0,0.0,0.0,0.0,0.0,,0.0,0.0,0.0,0.0,0.0,0.0,0.0,0.0,0.0,0.0,,0.0,0.0,0.0,0.0,0.0,0.0,0.0,0.0,0.0,0.0,0.0,0.0,0.0,0.0,0.0,0.0,0.0,0.0,0.0,0.0,0.0,0.0,0.0,0.0,0.0,0.0,0.0,0.0,0.0,0.0,0.0,0.0,0.0,0.0,0.0,0.0,0.0,0.0,0.0,0.0,0.0,0.0,0.0,0.0,0.0,0.0,0.0,0.0,0.0,0.0,0.0,0.0881057268722467,0.16853932584269662,0.0,0.0390625,0.16194331983805668,0.08051529790660225,0.0,0.0,0.0,0.0,0.0,0.0,0.0,0.0,0.0,0.0,0.0,0.0,0.0,0.0,0.0,0.0,0.0,0.0,0.0,0.0,0.0,0.0,0.0,0.0,0.0,0.0,0.0,0.0,0.0,0.0,0.0,0.0,0.0,0.0,0.0,0.0,0.0,0.0,0.0,0.0,0.0,0.0,0.0,0.0,0.0,0.0,0.0,0.0,0.0,0.0,0.0,0.0,0.0,0.0,0.0,0.0,0.0,0.0,0.0,0.0,0.0,0.0
1617667, intergenic, MOB_1617667_1617669_IS3_1, sv,0.78564,9.999e-05,120,-1.0,0.923077,118,0.9,0.0666667,PASS,0.0,0.0,0.0,0.0,0.0,0.0,0.0,0.0,0.0,0.0,0.0,0.0,0.0,0.0,0.0,0.0,0.0,0.0,0.0,0.0,0.0,0.0,0.0,,0.0,0.0,0.0,0.0,0.0,0.0,0.0,0.0,0.0,0.0,0.0,0.023809523809523808,0.0,0.0,0.0,0.0,0.0,0.0,0.0,0.028169014084507043,0.024096385542168676,0.17894736842105263,0.5422535211267606,0.6346153846153846,0.8860759493670886,0.9090909090909091,1.0,0.8611111111111112,0.9512195121951219,0.8611111111111112,0.9195402298850575,0.9393939393939394,0.8918918918918919,0.8387096774193549,1.0,0.9166666666666666,0.9230769230769231,0.9090909090909091,0.9230769230769231,0.926829268292683,0.7638888888888888,0.6756756756756757,0.6049382716049383,0.9508196721311475,0.8513513513513513,0.7741935483870968,0.3333333333333333,0.8095238095238095,0.7,0.2465753424657534,0.1568627450980392,0.4489795918367347,0.5555555555555556,0.45714285714285713,0.37362637362637363,0.35185185185185186,0.8529411764705882,0.6129032258064516,0.4431818181818182,0.42735042735042733,0.5697674418604651,0.43859649122807015,0.7361111111111112,0.43373493975903615,0.4888888888888889,0.4666666666666667,0.3793103448275862,0.813953488372093,0.8260869565217391,0.5818181818181818,0.7777777777777778,0.7346938775510204,0.8909090909090909,0.7936507936507936,0.7159090909090909,0.6821192052980133,0.8032786885245902,0.6628571428571428,0.5828877005347594,0.7123893805309734,0.6824034334763949,0.8235294117647058,0.6637168141592921,0.7282608695652174,0.7469879518072289,0.6041666666666666,0.5238095238095238,0.7931034482758621,0.6947368421052632,0.803921568627451,0.651685393258427,0.625,0.8837209302325582,0.7692307692307693,0.7246376811594203,0.7422680412371134,0.9385964912280702,0.0,0.0,0.0,0.0,0.004807692307692308,0.0,0.0,0.0,0.0,0.0,0.0,0.0,0.0,0.0,0.0,0.0,1.0,1.0,1.0,0.0,0.9981042654028436,0.0
1619834, hokD, MOB_1619834_1619836_IS150_1, sv,1.96224,0.00209979,120,-1.0,0.75,118,0.9,0.631579,PASS,0.0,0.0,,0.0,0.0,0.0,0.0,0.0,0.0,0.0,0.0,0.0,,0.00819672131147541,0.0,0.0,0.0,0.0,0.0,0.0,0.0,0.018518518518518517,0.0,,0.0,0.0,0.0,0.0,0.0,0.0,0.0,0.0,0.0,0.0,0.0,0.0,0.0,0.0,0.006944444444444444,0.0,0.02,0.0,0.0,0.009523809523809525,0.0,0.0,0.0,0.0,0.0,0.0,0.0,0.009174311926605505,0.0,0.010101010101010102,0.011764705882352941,0.0,0.0,0.0,0.0,0.0,0.008064516129032258,0.0,0.0,0.02564102564102564,0.040983606557377046,0.0,0.0,0.12121212121212122,0.53125,0.30434782608695654,0.058823529411764705,0.11363636363636363,0.015151515151515152,0.012345679012345678,0.021739130434782608,0.09615384615384616,0.0,0.046153846153846156,0.015503875968992248,0.0,0.0425531914893617,0.0,0.029411764705882353,0.0,0.008928571428571428,0.0,0.0,0.010869565217391304,0.0,0.0,0.01818181818181818,0.023255813953488372,0.0,0.0,0.0,0.0,0.0,0.02,0.016,0.0189873417721519,0.024,0.005376344086021506,0.004672897196261682,0.04405286343612335,0.028925619834710745,0.075,0.05970149253731343,0.0,0.01834862385321101,0.022727272727272728,0.06153846153846154,0.07246376811594203,0.06557377049180328,0.026490066225165563,0.01904761904761905,0.021505376344086023,0.023529411764705882,0.02,0.0196078431372549,0.0,0.015625,0.0,0.0,0.0,0.0,0.0,0.0,0.0,0.0,0.0,0.0,0.0,0.0,0.0,0.0,0.0,0.0,0.0,0.0,0.0,0.0,0.0,0.0
1661202, rstB, C->T, missense,3.60683,9.999e-05,120,-1.0,0.307692,118,0.9,0.413793,PASS,0.0,0.0,,0.0,0.0,0.0,0.0,0.0,0.0,0.0,0.0,0.0,,0.0,0.0,0.0,0.0,0.0,0.0,0.0,0.0,0.0,0.0,,0.0,0.0,0.0,0.0,0.0,0.0,0.0,0.0,0.0,0.0,0.0,0.0,0.0,0.0,0.0,0.0,0.0,0.0,0.0,0.0,0.0,0.0,0.0,0.0,0.0,0.0,0.0,0.0,0.0,0.0,0.0,0.0,0.0,0.0,0.0,0.0,0.0,0.0,0.0,0.0,0.0,0.0,0.0,0.0,0.0,0.0,0.0,0.0,0.0,0.0,0.0,0.0,0.0,0.0,0.0,0.0,0.0,0.0,0.0,0.0,0.0,0.0,0.0,0.0,0.0,0.0,0.0,0.0,0.0,0.0,0.0,0.0,0.0,0.0,0.0,0.0,0.0,0.0,0.0,0.0,0.0,0.0,0.0,0.0,0.0,0.0,0.0,0.0,0.024390243902439025,0.0,0.0975609756097561,0.1518987341772152,0.43478260869565216,0.6551724137931034,0.6612903225806451,0.9142857142857143,0.7,0.0,0.0,0.0,0.0,0.0,0.0,0.0,0.0,0.0,0.0,0.0,0.0,0.0,0.0,0.0,0.0,0.0,0.0,0.0,0.0,0.0,0.0
1733865, pykF, G->A, missense,0.985132,9.999e-05,120,-1.0,0.857143,117,0.9,0.705882,PASS,0.0,0.34146341463414637,1.0,1.0,1.0,1.0,1.0,1.0,1.0,1.0,1.0,1.0,,1.0,1.0,1.0,1.0,1.0,1.0,1.0,1.0,1.0,1.0,,1.0,1.0,1.0,1.0,1.0,1.0,1.0,1.0,1.0,0.9761904761904762,1.0,1.0,1.0,0.9821428571428571,1.0,1.0,1.0,1.0,1.0,1.0,1.0,1.0,1.0,1.0,1.0,0.9642857142857143,1.0,1.0,1.0,1.0,1.0,1.0,1.0,1.0,1.0,1.0,1.0,1.0,1.0,1.0,1.0,1.0,1.0,1.0,1.0,1.0,1.0,1.0,1.0,1.0,1.0,1.0,1.0,1.0,1.0,1.0,0.9666666666666667,1.0,1.0,1.0,1.0,1.0,1.0,1.0,1.0,1.0,1.0,1.0,1.0,1.0,1.0,1.0,1.0,0.9767441860465116,1.0,1.0,1.0,1.0,1.0,1.0,1.0,1.0,1.0,1.0,1.0,1.0,1.0,1.0,1.0,1.0,1.0,1.0,1.0,0.9838709677419355,1.0,1.0,1.0,0.0,0.0,1.0,1.0,1.0,1.0,1.0,1.0,1.0,1.0,0.9880952380952381,1.0,1.0,0.9850746268656716,1.0,1.0,1.0,0.9873417721518988,1.0,1.0,0.9406392694063926,1.0
1777404, infC, G->A, missense,0.989087,9.999e-05,120,-1.0,0.8,119,0.9,0.545455,PASS,0.0,0.0,0.0,0.0,0.0,0.0,0.0,0.0,0.0,0.037037037037037035,0.13333333333333333,0.7,,0.8333333333333334,1.0,1.0,1.0,1.0,1.0,1.0,1.0,1.0,1.0,,1.0,1.0,1.0,1.0,1.0,1.0,1.0,1.0,1.0,1.0,1.0,1.0,1.0,1.0,1.0,1.0,1.0,1.0,1.0,1.0,1.0,1.0,1.0,1.0,1.0,1.0,1.0,0.9761904761904762,1.0,1.0,1.0,1.0,1.0,1.0,1.0,0.7777777777777778,1.0,1.0,1.0,1.0,1.0,1.0,1.0,1.0,1.0,1.0,1.0,1.0,1.0,1.0,1.0,1.0,1.0,1.0,0.9803921568627451,1.0,1.0,1.0,1.0,1.0,1.0,1.0,1.0,1.0,0.975609756097561,1.0,1.0,1.0,1.0,1.0,1.0,1.0,1.0,1.0,1.0,1.0,1.0,1.0,1.0,1.0,1.0,1.0,1.0,1.0,1.0,1.0,1.0,1.0,1.0,1.0,1.0,1.0,1.0,1.0,1.0,1.0,1.0,0.0,0.01020408163265306,0.022222222222222223,0.0,0.0,0.0,0.0,0.0,0.0,0.3191489361702128,1.0,1.0,1.0,1.0,1.0,0.9866666666666667,1.0,1.0,1.0,0.9910714285714286,1.0,1.0
1790215, ydjO, C->T, missense,1.22535,9.999e-05,120,-1.0,0.923077,118,0.9,0.923077,PASS,0.0,0.0,0.0,0.0,0.0,0.0,0.0,0.0,0.0,0.0,0.0,0.0,,0.0,0.0,0.0,0.0,0.0,0.0,0.0,0.0,0.0,0.0,,0.0,0.0,0.0,0.0,0.0,0.0,0.0,0.0,0.0,0.0,0.0,0.0,0.0,0.0,0.0,0.0,0.0,0.0,0.0,0.0,0.0,0.0,0.0,0.0,0.0,0.0,0.0,0.0,0.0,0.0,0.0,0.0,0.0,0.0,0.0,0.0,0.0,0.0,0.0,0.0,0.0,0.0,0.0,0.0,0.0,0.0,0.0,0.0,0.0,0.0,0.0,0.0,0.0,0.06896551724137931,0.06930693069306931,0.16216216216216217,0.9166666666666666,0.3181818181818182,0.5172413793103449,0.46296296296296297,0.6470588235294118,0.16666666666666666,0.48717948717948717,0.5454545454545454,0.4909090909090909,0.5882352941176471,0.24,0.6,0.6551724137931034,0.5555555555555556,0.8518518518518519,0.7083333333333334,0.7941176470588235,0.9622641509433962,0.6962025316455697,0.6736842105263158,0.7721518987341772,0.6953125,0.6923076923076923,0.7575757575757576,0.7272727272727273,0.85,0.68,0.6904761904761905,0.8703703703703703,0.8214285714285714,0.4090909090909091,0.7,0.5555555555555556,0.7623762376237624,0.6060606060606061,0.6704545454545454,0.8144329896907216,0.7674418604651163,0.6097560975609756,0.7380952380952381,0.8987341772151899,0.0,0.0,0.0,0.0,0.0,0.0,0.0,0.0,0.0,0.0,0.0,0.0,0.0,0.0,0.0,0.0,0.0,0.0,1.0,0.0,1.0,0.0
1813572, ynjB, G->C, missense,1.11018,9.999e-05,120,-1.0,0.923077,116,0.9,1.0,PASS,0.0,0.0,0.0,0.0,0.0,0.0,0.0,0.0,0.0,0.0,0.0,0.0,,0.0,0.0,0.0,0.0,0.0,0.0,0.0,0.0,0.0,0.0,,0.0,0.0,0.0,0.0,0.0,0.0,0.0,0.0,0.0,0.0,0.0,0.0,0.0,0.0,0.0,0.0,0.0,0.0,0.0,0.0,0.0,0.0,0.0,0.0,0.0,0.0,0.0,0.0,0.0,0.0,0.0,0.0,0.0,0.0,0.0,0.0,0.0,0.09090909090909091,0.0,0.10714285714285714,0.14285714285714285,0.38461538461538464,0.2692307692307692,0.02564102564102564,0.3076923076923077,0.0,0.6666666666666666,0.3333333333333333,0.2222222222222222,0.7272727272727273,0.8333333333333334,0.4444444444444444,0.4,0.5555555555555556,0.7575757575757576,0.75,0.16,0.6,0.4166666666666667,0.5909090909090909,0.6818181818181818,0.6666666666666666,0.43478260869565216,0.47619047619047616,0.5625,0.6666666666666666,0.4444444444444444,0.08333333333333333,0.0,0.38461538461538464,0.25,0.0,0.0,0.15384615384615385,0.3333333333333333,0.35294117647058826,0.2631578947368421,0.26666666666666666,0.4166666666666667,0.23214285714285715,0.2857142857142857,0.2,0.28,0.30303030303030304,0.09090909090909091,0.3333333333333333,0.375,0.25,0.2631578947368421,0.1794871794871795,0.12,0.23214285714285715,0.14583333333333334,0.17857142857142858,0.3684210526315789,0.21052631578947367,0.0,0.0,0.0,0.0,0.0,0.0,0.0,0.0,0.0,0.0,0.0,0.0,0.0,0.0,0.0,0.0,0.0,0.0,0.0,0.0,1.0,0.0,1.0
1836024, ydjJ, MOB_1836024_1836032_IS1_1, sv,0.649794,9.999e-05,120,-1.0,0.75,118,0.9,0.923077,PASS,0.0,0.0,,0.0,0.0,0.0,0.0,0.0,0.0,0.0,0.0,0.0,,0.0,0.0,0.0,0.0,0.0,0.0,0.0,0.0,0.0,0.0,,0.0,0.0,0.0,0.01377074829931973,0.08613549488054607,0.19643976608187136,0.1601454625550661,0.13682689265536724,0.11189281984334204,0.1096024861878453,0.2767301458670988,0.17857876106194692,0.19854666666666668,0.082037625,0.4804715261958998,0.5221775401069518,0.19985663003663004,0.3434727011494253,0.45709849056603774,0.3935084812623274,0.32211378809869373,0.3099118983957219,0.22478385416666666,0.25570278372591004,0.08215470779220779,0.17705454545454544,0.15980369393139843,0.19171424694708275,0.12643962264150943,0.17409324960753533,0.04626086956521738,0.18047706093189964,0.28827785714285714,0.335135,0.044000218818380746,0.06366289308176101,0.13900149892933616,0.02306169724770642,0.0,0.1956154929577465,0.30661732522796353,0.3785975460122699,0.24529381338742395,0.09239501246882792,0.3660899854862119,0.5031550387596899,0.4993529411764706,0.2816804469273743,0.25250612813370477,0.8652884990253411,0.7140132743362831,0.6340719901719901,0.4372449725776965,0.491985347985348,0.5664096520763188,0.6994884547069272,0.09367306501547988,0.6370480549199083,0.2890264758497317,0.5837482926829268,0.5429116915422886,0.6214771117166211,0.33241029023746704,0.6642846975088967,0.48038537906137185,0.43294392857142855,0.6227386569872958,0.3055629370629371,0.5361636690647482,0.2641263616557734,0.3754690176322418,0.2024397993311037,0.3370061111111111,0.16218934673366836,0.18865392996108948,0.2510461200585652,0.12972252614641996,0.30868379960962916,0.4214731113956467,0.2555674217907227,0.18247470398277715,0.12665368916797487,0.3257656908665105,0.29649925465838506,0.20212048192771084,0.26709693593314765,0.2893985685071575,0.21005113636363637,0.4482756813417191,0.31798516783762687,0.295477657935285,0.27851097178683387,0.14822519319938177,0.15122502673796792,0.2242700127064803,0.27457644628099176,0.07709092920353983,0.0,0.0,0.009518615528531336,0.0,0.0,0.0,0.0,0.0,0.0,0.0,0.0,0.0,0.0,0.0,0.9949975235264982,0.0,0.0,0.0,0.0,0.9373531746031747,0.0,0.9919234006734008
1859000, yeaS, MOB_1859000_1859002_IS150_1, sv,1.05797,9.999e-05,120,-1.0,0.75,119,0.9,0.521739,PASS,0.0,0.0,0.0,0.0,0.0,0.0,0.0,0.0,0.0,0.0,0.0,0.0,,0.0,0.0,0.0,0.013513513513513514,0.0,0.0,0.0,0.0,0.0,0.0,,0.0,0.0,0.0,0.0,0.0,0.0,0.0,0.0,0.0,0.0,0.0,0.0,0.0,0.0,0.0,0.017857142857142856,0.0,0.0,0.0,0.0,0.0,0.0,0.0,0.0,0.0,0.0,0.0,0.0,0.0,0.0,0.0,0.0,0.0,0.0,0.0,0.0,0.0,0.0,0.0,0.0,0.0425531914893617,0.034482758620689655,0.15730337078651685,0.16793893129770993,0.16129032258064516,0.2545454545454545,0.6666666666666666,0.6666666666666666,0.4666666666666667,0.16279069767441862,0.26,0.4,0.325,0.5172413793103449,0.22981366459627328,0.39473684210526316,0.8666666666666667,0.47435897435897434,0.5375,0.4897959183673469,0.5,0.7049180327868853,0.6323529411764706,0.48484848484848486,0.5783132530120482,0.37777777777777777,0.3877551020408163,0.85,0.8214285714285714,0.8484848484848485,0.7654320987654321,0.7058823529411765,0.8125,0.7835820895522388,0.828125,0.838150289017341,0.8189655172413793,0.8057142857142857,0.6473684210526316,0.7513513513513513,0.6567164179104478,0.7295081967213115,0.8114754098360656,0.7368421052631579,0.8157894736842105,0.819047619047619,0.6041666666666666,0.8309859154929577,0.6813186813186813,0.6747572815533981,0.8235294117647058,0.6616915422885572,0.9264705882352942,0.8627450980392157,0.6623376623376623,0.8421052631578947,0.9029126213592233,0.0,0.0,0.0,0.0,0.0,0.0,0.0,0.0,0.0,0.0,0.0,0.0,0.0,0.0,0.0,0.0,0.0,0.0,1.0,0.0,1.0,0.0
1881947, manY, T->C, missense,0.82288,9.999e-05,120,-1.0,0.4,119,0.9,0.48,PASS,0.0,0.0,0.0,0.0,0.0,0.0,0.0,0.0,0.0,0.0,0.0,0.0,,0.0,0.0,0.0,0.0,0.0,0.0,0.0,0.0,0.0,0.0,,0.0,0.0,0.0,0.0,0.0,0.0,0.0,0.01818181818181818,0.0,0.0,0.0,0.0,0.0,0.0,0.0,0.0,0.0,0.0,0.0,0.0,0.0,0.1590909090909091,0.5344827586206896,0.8125,0.8947368421052632,0.8113207547169812,0.95,0.8245614035087719,0.9375,0.8709677419354839,0.8653846153846154,1.0,1.0,0.7,0.7142857142857143,0.75,0.9130434782608695,0.8620689655172413,1.0,0.8490566037735849,0.7625,0.7959183673469388,0.7407407407407407,0.9322033898305084,0.6415094339622641,0.2,0.8,0.7777777777777778,0.6521739130434783,0.17073170731707318,0.2903225806451613,0.46511627906976744,0.43478260869565216,0.3191489361702128,0.46,0.56,0.7916666666666666,0.2857142857142857,0.68,0.3559322033898305,0.47368421052631576,0.4375,0.5614035087719298,0.5370370370370371,0.4411764705882353,0.3783783783783784,0.5172413793103449,0.8095238095238095,0.631578947368421,0.7941176470588235,0.8461538461538461,0.7435897435897436,0.9024390243902439,0.684931506849315,0.7321428571428571,0.6212121212121212,0.8115942028985508,0.7176470588235294,0.6777777777777778,0.6363636363636364,0.7047619047619048,0.75,0.75,0.7222222222222222,0.7608695652173914,0.5961538461538461,0.6486486486486487,0.5952380952380952,0.7021276595744681,0.651685393258427,0.7058823529411765,0.6538461538461539,0.8382352941176471,0.8382352941176471,0.6756756756756757,0.9607843137254902,0.9230769230769231,0.0,0.0,0.0,0.0,0.0,0.0,0.0,0.0,0.0,0.0,0.0,0.0,0.0,0.0,0.0,0.0,1.0,0.9659090909090909,1.0,0.0,0.9955357142857143,0.0
1893901, proQ, G->C, missense,3.16162,0.00629937,120,-1.0,0.666667,118,0.9,0.857143,PASS,0.0,0.0,,0.0,0.04,0.0,0.024390243902439025,0.0392156862745098,0.05454545454545454,0.10344827586206896,0.0,0.23076923076923078,,0.15492957746478872,0.024390243902439025,0.0,0.0,0.0,0.0,0.0,0.0,0.0,0.0,,0.0,0.0,0.0,0.0,0.0,0.0,0.0,0.0,0.0,0.0,0.0,0.0,0.0,0.0,0.0,0.0,0.0,0.0,0.0,0.0,0.0,0.0,0.0,0.0,0.0,0.0,0.0,0.0,0.0,0.0,0.0,0.0,0.0,0.0,0.0,0.0,0.0,0.0,0.0,0.0,0.0,0.0,0.0,0.0,0.0,0.0,0.0,0.0,0.0,0.0,0.0,0.0,0.0,0.0,0.0,0.0,0.0,0.0,0.0,0.0,0.0,0.0,0.0,0.0,0.0,0.0,0.0,0.0,0.0,0.0,0.0,0.0,0.0,0.0,0.0,0.0,0.0,0.0,0.0,0.0,0.0,0.0,0.0,0.0,0.0,0.0,0.0,0.0,0.0,0.0,0.0,0.0,0.0,0.0,0.0,0.0,0.0,0.0,0.0,0.0,0.0,0.0,0.0,0.0,0.0,0.0,0.0,0.0,0.0,0.0,0.0,0.0,0.0,0.0,0.0,0.0,0.0,0.0,0.0
1930287, yecE, G->A, synonymous,4.7285,0.00039996,120,-1.0,0.461538,118,0.9,0.4,PASS,0.017857142857142856,0.0,0.0,0.0,0.0,0.0,0.0,0.0,0.0,0.0,0.0,0.0,0.0,0.0,0.0,0.0,0.0,0.0,0.0,0.0,0.0,0.0,0.0,,0.0,0.0,0.0,0.0,0.0,0.0,0.0,0.0,0.0,0.0,0.0,0.0,0.0,0.0,0.0,0.0,0.0,0.0,0.0,0.0,0.0,0.0,0.0,0.0,0.0,0.0,0.0,0.0,0.0,0.0,0.0,0.08333333333333333,0.125,0.09523809523809523,0.15789473684210525,0.0,0.0,0.0,0.0,0.0,0.0,0.0,0.0,0.0,0.0,0.0,0.0,0.0,0.0,0.0,0.0,0.0,0.0,0.0,0.0,0.0,0.0,0.0,0.0,0.0,0.0,0.0,0.0,0.0,0.02,0.0,0.0,0.0,0.0,0.0,0.0,0.0,0.0,0.0,0.0,0.0,0.0,0.0,0.0,0.0,0.0,0.0,0.0,0.0,0.0,0.0,0.0,0.0,0.0,0.0,0.0,0.0,0.0,0.0,0.0,0.0,0.0,0.0,0.0,0.0,0.0,0.0,0.0,0.0,0.0,0.0,0.0,0.0,0.0,0.0,0.0,0.0,0.0,0.0,0.0,0.0,0.0,0.0,0.011111111111111112
1968900, intergenic, MOB_1968900_1968902_IS150_1, sv,3.22737,0.00169983,120,-1.0,0.08,119,0.9,0.190476,PASS,0.0,0.0,0.0,0.0,0.0,0.0,0.0,0.0,0.0,0.0,0.0,0.0,,0.0,0.0,0.0,0.0,0.0,0.0,0.0,0.0,0.0,0.0,,0.0,0.0,0.0,0.0,0.0,0.0,0.0,0.0,0.0,0.0,0.0,0.0,0.0,0.009009009009009009,0.0,0.0,0.015384615384615385,0.25806451612903225,0.10256410256410256,0.04477611940298507,0.06666666666666667,0.0,0.0,0.0,0.0,0.0,0.0,0.0,0.0,0.0,0.0,0.0,0.0,0.0,0.0,0.0,0.0,0.0,0.0,0.0,0.0,0.011627906976744186,0.0,0.0,0.0,0.0,0.0,0.0,0.0,0.0,0.0,0.0,0.022222222222222223,0.0,0.0,0.0,0.0,0.0,0.0,0.0,0.0,0.0,0.0,0.0,0.0,0.0,0.0,0.0,0.0,0.0,0.0,0.0,0.0,0.0,0.0,0.0,0.01904761904761905,0.012738853503184714,0.0,0.0,0.0,0.0,0.0,0.0,0.0,0.0,0.0,0.0,0.0,0.0,0.0,0.0,0.0,0.0,0.0,0.0,0.0,0.0,0.0,0.0,0.0,0.0,0.0,0.0,0.0,0.0,0.0,0.0,0.0,0.0,0.0,0.0,0.0,0.0,0.0,0.0,0.0,0.0,0.0
1988481, yeeJ, MOB_1988481_1988483_IS150_1, sv,1.49735,9.999e-05,120,-1.0,0.923077,119,0.9,1.0,PASS,0.002512562814070352,0.0,0.0,0.0,0.0,0.0,0.0,0.0,0.0,0.0,0.0,0.0,,0.0,0.019801980198019802,0.0,0.0,0.0,0.0,0.0,0.0,0.0,0.0,,0.0,0.0,0.0,0.0,0.0,0.01,0.0,0.0,0.005847953216374269,0.0078125,0.0,0.0,0.0,0.0,0.0,0.0,0.005263157894736842,0.0,0.0,0.0,0.0,0.0273972602739726,0.016,0.0,0.016129032258064516,0.0,0.0,0.0,0.021739130434782608,0.0,0.0,0.0,0.0,0.0,0.0,0.13333333333333333,0.008403361344537815,0.0,0.015151515151515152,0.031007751937984496,0.0,0.017391304347826087,0.025210084033613446,0.02097902097902098,0.0,0.0,0.0,0.0,0.1,0.009523809523809525,0.038461538461538464,0.0,0.030303030303030304,0.014925373134328358,0.0,0.0,0.034722222222222224,0.06896551724137931,0.0,0.0,0.008130081300813009,0.0,0.028846153846153848,0.0,0.0,0.0,0.0,0.0,0.0,0.0,0.16853932584269662,0.5454545454545454,0.8554216867469879,0.84,0.7531645569620253,0.6306306306306306,0.8095238095238095,0.7237569060773481,0.555045871559633,0.7922705314009661,0.6766917293233082,0.849624060150376,0.7720588235294118,0.632,0.775,0.7534246575342466,0.6290322580645161,0.7532467532467533,0.7191011235955056,0.6714285714285714,0.7741935483870968,0.6453488372093024,0.9069767441860465,0.821917808219178,0.695364238410596,0.7941176470588235,0.881578947368421,0.0,0.0,0.0,0.0,0.0,0.0,0.0,0.0,0.0,0.0,0.0,0.0,0.0,0.0,0.0,0.0,0.0,0.0,0.0,0.0,1.0,0.0
2005126, intergenic, G->A, noncoding,3.06797,0.012255,120,-1.0,0.8,117,0.9,0.5,PASS,0.0,0.0,,0.0,0.0,0.0,0.0,0.10810810810810811,0.03773584905660377,0.0,0.0,0.0,,0.0,0.0,0.0,0.0,0.0,0.0,0.0,0.0,0.0,0.0,,0.0,0.0,0.0,0.0,0.01639344262295082,0.0,0.0,0.0,0.0,0.0,0.0,0.0,0.018518518518518517,0.0,0.0,0.0,0.0,0.0,0.0,0.0,0.0,0.0,0.0,0.0,0.0,0.0,0.0,0.0,0.0,0.0,0.0,0.0,0.0,0.0,0.0,0.0,0.0,0.0,0.0,0.0,0.0,0.0,0.0,0.0,0.0,0.0,0.0,0.0,0.0,0.0,0.0,0.0,0.0,0.0,0.0,0.0,0.0,0.0,0.0,0.03125,0.0,0.0,0.0,0.0,0.0,0.0,0.0,0.0,0.0,0.0,0.0,0.0,0.0,0.0,0.0,0.0,0.0,0.0,0.0,0.0,0.0,0.0,0.0,0.0,0.0,0.0,0.0,0.0,0.0,0.0,0.0,0.0,0.0,0.0,0.0,0.0,0.0,0.0,0.0,0.0,0.0,0.0,0.0,0.0,0.0,0.0,0.0,0.0,0.0,0.010416666666666666,0.0,0.0,0.0,0.0,0.0,0.0,0.0,0.0,0.0
2016238, yeeF, indel;+CCAGAA;+5, indel,0.54713,9.999e-05,120,-1.0,0.631579,119,0.9,0.8,PASS,0.0,0.0,0.0,0.0,0.0,0.0,0.03125,0.0,0.0,0.0,0.0,0.0,0.0,0.0,0.0,0.0,0.0,0.0,0.0,0.0,0.0,0.0,0.0,,0.0,0.18604651162790697,0.45517241379310347,0.25806451612903225,0.39436619718309857,0.5471698113207547,0.624,0.3684210526315789,0.5511811023622047,0.49411764705882355,0.2894736842105263,0.16666666666666666,0.5813953488372093,0.8111888111888111,0.6470588235294118,0.2962962962962963,0.6423357664233577,0.66,0.3170731707317073,0.5581395348837209,0.5588235294117647,0.6461538461538462,0.5871559633027523,0.8275862068965517,0.9666666666666667,0.7857142857142857,0.9444444444444444,0.6966292134831461,0.9130434782608695,0.8888888888888888,0.9318181818181818,0.8888888888888888,0.8235294117647058,0.9,0.8148148148148148,1.0,0.9041095890410958,0.7619047619047619,1.0,0.8529411764705882,0.8,0.7941176470588235,0.8085106382978723,0.8923076923076924,0.8285714285714286,0.625,0.3333333333333333,0.8,0.6875,0.14285714285714285,0.19047619047619047,0.7058823529411765,0.4666666666666667,0.4166666666666667,0.29906542056074764,0.3333333333333333,0.9122807017543859,0.5957446808510638,0.7142857142857143,0.4918032786885246,0.46153846153846156,0.5185185185185185,0.775,0.29411764705882354,0.5675675675675675,0.27450980392156865,0.3582089552238806,0.85,0.875,0.6521739130434783,0.7692307692307693,0.7843137254901961,0.8148148148148148,0.7967479674796748,0.7619047619047619,0.6984126984126984,0.8596491228070176,0.6808510638297872,0.6233766233766234,0.6787878787878788,0.743455497382199,0.6779661016949152,0.6268656716417911,0.5833333333333334,0.6842105263157895,0.6075949367088608,0.7619047619047619,0.696969696969697,0.52,0.7272727272727273,0.6333333333333333,0.6618705035971223,0.8983050847457628,0.8764044943820225,0.6356589147286822,0.7619047619047619,1.0,0.09467455621301775,0.05853658536585366,0.019801980198019802,0.023809523809523808,0.07575757575757576,0.044444444444444446,0.06,0.015625,0.012738853503184714,0.019417475728155338,0.03614457831325301,0.0196078431372549,1.0,0.9818181818181818,0.08376963350785341,0.975,1.0,0.9878048780487805,1.0,0.052700922266139656,1.0,0.0
2031382, intergenic, G->A, noncoding,2.85507,0.00019998,120,-1.0,1.0,118,0.9,0.857143,PASS,0.0,0.0,0.0,0.0,0.0,0.0,0.0,0.0,0.0,0.0,0.0,0.0,,0.0,0.0,0.0,0.0,0.0,0.0,0.0,0.0,0.0,0.0,0.0,0.0,0.0,0.0,0.0,0.0,0.0,0.0,0.0,0.0,0.0,0.041666666666666664,0.2608695652173913,0.2972972972972973,0.0684931506849315,0.13725490196078433,0.15254237288135594,0.03333333333333333,0.125,0.24324324324324326,0.125,0.044444444444444446,0.0,0.06172839506172839,0.0967741935483871,0.02631578947368421,0.0,0.0,0.0,0.0,0.0,0.0,0.0,0.0,0.0,0.0,0.0,0.0,0.0,0.0,0.0,0.0,0.0,0.0,0.0,0.0,0.0,0.0,0.0,0.0,0.0,0.0,0.0,0.0,0.0,0.0,0.0,0.0,0.0,0.0,0.0,0.0,0.0,0.0,0.0,0.0,0.0,0.0,0.0,0.0,0.0,0.0,0.0,0.0,0.0,0.0,0.0,0.0,0.0,0.0,0.0,0.0,0.0,0.0,0.0,0.0,0.0,0.0,0.0,0.0,0.0,0.0,0.0,0.0,0.0,0.0,0.0,0.0,0.0,0.0,0.0,0.0,0.0,0.0,0.0,0.0,0.0,0.006578947368421052,0.0,0.0,0.0,0.0,0.0,0.0,0.0,0.0,0.0,0.0,0.0,0.0
2032904, manC, MOB_2032904_2032907_IS3_1, sv,1.35726,9.999e-05,120,-1.0,0.8,119,0.9,1.0,PASS,0.0,0.0,,0.0,0.0,0.0,0.0,0.0,0.0,0.0,0.0,0.0,,0.0,0.0,0.0,0.0,0.0,0.0,0.0,0.0,0.0,0.0,,0.0,0.0,0.0,0.0,0.0,0.0,0.0,0.0,0.0,0.0,0.0,0.0,0.0,0.0,0.0,0.0,0.0,0.0,0.0,0.0,0.0,0.0,0.0,0.0,0.0,0.0,0.0,0.0,0.0,0.0,0.0,0.0,0.0,0.0,0.0,0.0,0.0,0.0,0.0,0.0,0.0,0.0,0.0,0.0,0.0,0.0,0.0,0.0,0.0,0.0,0.0,0.0,0.0,0.0,0.0,0.0,0.03787878787878788,0.21505376344086022,0.39603960396039606,0.4529616724738676,0.47794117647058826,0.44419134396355353,0.5306603773584906,0.6012658227848101,0.4135338345864662,0.3159340659340659,0.35058430717863104,0.7514450867052024,0.6797853309481217,0.5936920222634509,0.6386066763425253,0.8235294117647058,0.8461538461538461,0.6964091403699673,0.7016348773841962,0.5580969807868252,0.8176100628930817,0.7027300303336703,0.5722742969906266,0.7747834456207892,0.6325301204819277,0.7775211701308699,0.7013396375098503,0.7480748074807481,0.7946336429308565,0.7072987208427389,0.5187835420393561,0.7334273624823695,0.6755126658624849,0.743559718969555,0.7403545359749739,0.6551164049810504,0.8493310063990692,0.815418828762046,0.6413612565445026,0.679177837354781,0.9379310344827586,0.0,0.0,0.0,0.0,0.0,0.0,0.0,0.0,0.0,0.0,0.0,0.0,0.0,0.0,0.0,0.0,0.0,0.0,0.0,0.0,0.9979274611398964,0.0
2045417, rfbB, junction_2045417_1_IS1_start, sv,0.97557,9.999e-05,120,-1.0,0.444444,118,0.9,0.5,PASS,0.0,0.0,,0.0,0.0,0.0,0.0,0.0,0.0,0.0,0.0,0.0,,0.0,0.0,0.0,0.0,0.0,0.0,0.7993444816053512,0.803813838550247,0.6486126760563381,0.30596648044692737,,0.796863,0.9576132478632479,1.0,0.9562629246676514,0.9600458167330677,1.0,1.0,1.0,0.989954918032787,0.9801338582677165,0.9637921146953405,1.0,1.0,1.0,1.0,1.0,1.0,1.0,1.0,1.0,1.0,1.0,1.0,1.0,1.0,1.0,1.0,1.0,1.0,1.0,1.0,1.0,1.0,1.0,1.0,1.0,1.0,1.0,1.0,1.0,1.0,1.0,1.0,1.0,1.0,1.0,1.0,1.0,1.0,1.0,1.0,1.0,1.0,1.0,1.0,1.0,1.0,1.0,1.0,1.0,1.0,1.0,1.0,1.0,1.0,1.0,1.0,1.0,1.0,1.0,1.0,1.0,1.0,0.9880969213226909,1.0,1.0,1.0,1.0,1.0,1.0,1.0,1.0,1.0,1.0,1.0,1.0,1.0,1.0,1.0,1.0,1.0,1.0,1.0,1.0,1.0,1.0,1.0,0.0,0.0,0.018057091561938955,0.0,0.0,0.0,0.0,0.0,0.01945290135396518,0.0,0.0,1.0,1.0,1.0,1.0,1.0,1.0,0.9916680361544783,1.0,1.0,0.9904008520526724,1.0
2050015, wcaL, junction_2050015_1_IS3_start, sv,2.96077,0.010419,120,-1.0,0.129032,117,0.9,0.244898,PASS,0.0,0.0,0.0,0.0,0.0,0.0,0.0,0.0,0.0,0.0,0.0,0.0,,0.0,0.0,0.0,0.0,0.0,0.0,0.0,0.0,0.0,0.0,0.0,0.0,0.0,0.0,0.0,0.0,0.0,0.0,0.0,0.0,0.0,0.0,0.0,0.0,0.0,0.0,0.0,0.0,0.0,0.0,0.0,0.0,0.0,0.0,0.0,0.0,0.0,0.0,0.0,0.0,0.0,0.0,0.0,0.0,0.0,0.0,0.0,0.0,0.0,0.0,0.0,0.0,0.0,0.0,0.0,0.0,0.0,0.0,0.0,0.0,0.0,0.0,0.0,0.0,0.0,0.0,0.0,0.0,0.0,0.0,0.0,0.0,0.0,0.0,0.0,0.0,0.0,0.04,0.0,0.1,0.06666666666666667,0.16,0.11764705882352941,0.0,0.0,0.0,0.0,0.0,0.0,0.0,0.0,0.0,0.0,0.0,0.0,0.0,0.0,0.0,0.0,0.0,0.021739130434782608,0.0,0.038461538461538464,0.01818181818181818,0.0,0.0,0.0,0.0,0.0,0.0,0.0,0.0,0.0,0.0,0.0,0.0,0.0,0.0,0.0,0.0,0.0,0.0,0.0,0.0,0.0,0.0,0.0,0.0,0.0,0.0
2087738, yegM, C->A, synonymous,0.984355,9.999e-05,120,-1.0,0.5,118,0.9,0.923077,PASS,0.019230769230769232,0.0,0.0,0.0,0.09375,0.8780487804878049,1.0,1.0,0.975,1.0,1.0,0.8333333333333334,,0.8833333333333333,1.0,1.0,1.0,1.0,1.0,1.0,1.0,1.0,1.0,,1.0,1.0,1.0,1.0,1.0,1.0,1.0,1.0,1.0,1.0,1.0,1.0,1.0,1.0,1.0,1.0,1.0,1.0,1.0,1.0,1.0,1.0,1.0,1.0,1.0,1.0,1.0,1.0,1.0,1.0,1.0,1.0,1.0,1.0,1.0,1.0,1.0,1.0,1.0,1.0,1.0,1.0,1.0,1.0,1.0,1.0,1.0,1.0,1.0,1.0,1.0,1.0,1.0,1.0,1.0,1.0,1.0,1.0,1.0,1.0,1.0,1.0,1.0,1.0,1.0,1.0,1.0,1.0,1.0,1.0,1.0,1.0,1.0,1.0,1.0,1.0,1.0,1.0,1.0,0.9871794871794872,1.0,1.0,1.0,1.0,1.0,1.0,1.0,1.0,1.0,0.9838709677419355,1.0,1.0,0.9855072463768116,1.0,1.0,1.0,1.0,0.012345679012345678,0.010101010101010102,0.0,0.0,0.0,0.0,0.0,0.0,1.0,1.0,1.0,1.0,1.0,0.984375,0.9888888888888889,0.97,1.0,0.9850746268656716,1.0,1.0,1.0,1.0
2088382, yegN, A->C, missense,1.42299,9.999e-05,120,-1.0,0.705882,118,0.9,0.521739,PASS,0.0,0.0,0.0,0.0,0.0,0.0,0.0,0.0,0.0,0.0,0.0,0.0,,0.0,0.0,0.0,0.0,0.0,0.0,0.0,0.0,0.0,0.0,,0.0,0.0,0.0,0.0,0.0,0.0,0.0,0.0,0.0,0.0,0.0,0.0,0.0,0.0,0.0,0.0,0.0,0.0,0.0,0.0,0.0,0.0,0.0,0.0,0.0,0.0,0.0,0.0,0.0,0.0,0.0,0.0,0.0,0.0,0.0,0.0,0.0,0.0,0.0,0.0,0.0,0.0,0.0,0.0,0.0,0.0,0.0,0.0,0.0,0.0,0.0,0.0,0.0,0.0,0.0,0.0,0.0,0.2,0.21052631578947367,0.4864864864864865,0.6153846153846154,0.5789473684210527,0.5,0.38461538461538464,0.28888888888888886,0.7777777777777778,0.7619047619047619,0.10526315789473684,0.09523809523809523,0.1111111111111111,0.25,0.15,0.0,0.20512820512820512,0.30357142857142855,0.5238095238095238,0.16,0.29850746268656714,0.43283582089552236,0.21875,0.14864864864864866,0.2413793103448276,0.2608695652173913,0.4,0.14285714285714285,0.28125,0.4,0.2727272727272727,0.19607843137254902,0.13953488372093023,0.34285714285714286,0.2535211267605634,0.1568627450980392,0.20454545454545456,0.2619047619047619,0.16216216216216217,0.025,0.0,0.0,0.0,0.0,0.0,0.0,0.0,0.0,0.0,0.0,0.0,0.0,0.0,0.0,0.0,0.0,0.0,0.0,0.0,0.0,0.0,1.0
2095621, yegB, G->A, synonymous,0.977589,9.999e-05,120,-1.0,0.0380952,119,0.9,0.342857,PASS,0.0,0.0,0.0,0.0,0.0,0.0,0.0,0.0,0.0,0.0,0.0,0.0,,0.0,0.0,0.0,0.0,0.0,0.0,0.0,0.0,0.0,0.0,,0.0,0.0,0.0,0.0,0.0,0.0,0.0,0.0,0.0,0.0,0.0,0.0,0.0,0.0,0.0,0.0,0.0,0.0,0.0,0.0,0.0,0.0,0.0,0.0,0.0,0.0,0.0,0.0,0.0,0.0,0.0,0.0,0.0,0.0,0.23529411764705882,0.6923076923076923,0.52,0.6153846153846154,0.8947368421052632,0.5901639344262295,0.7777777777777778,0.8181818181818182,0.6607142857142857,0.8615384615384616,0.7804878048780488,0.5,0.25,0.5,0.42105263157894735,0.3055555555555556,0.3888888888888889,0.40625,0.46153846153846156,0.3870967741935484,0.40350877192982454,0.4827586206896552,0.8571428571428571,0.5,0.7083333333333334,0.4918032786885246,0.47619047619047616,0.6086956521739131,0.64,0.5,0.5606060606060606,0.36666666666666664,0.3684210526315789,0.8148148148148148,0.7352941176470589,0.6764705882352942,0.5897435897435898,0.7575757575757576,0.8181818181818182,0.7272727272727273,0.7115384615384616,0.5535714285714286,0.7547169811320755,0.7317073170731707,0.6,0.7373737373737373,0.717948717948718,0.8918918918918919,0.74,0.6428571428571429,0.8461538461538461,0.7391304347826086,0.5806451612903226,0.5833333333333334,0.5818181818181818,0.7184466019417476,0.5686274509803921,0.7,0.8873239436619719,0.84375,0.6,0.7692307692307693,1.0,0.0,0.0,0.0,0.0,0.0,0.0,0.0,0.0,0.0,0.0,0.0,0.0,0.0,0.0,0.0,0.0,1.0,0.9893617021276596,1.0,0.0,1.0,0.0
2100307, intergenic, junction_2100307_-1_2122454_1, sv,1.19818,9.999e-05,120,-1.0,0.631579,120,0.9,0.6,PASS,0.0,0.0,0.0,0.0,0.0,0.012091898428053204,0.0,0.04087193460490463,0.03138075313807531,0.0,0.17738359201773835,0.02631578947368421,,0.005050505050505051,0.0,0.0,0.010718113612004287,0.0,0.0,0.009727626459143969,0.06684491978609626,0.0,0.023640661938534282,,0.0,0.0,0.0,0.052083333333333336,0.019880715705765408,0.03253796095444685,0.015290519877675839,0.011494252873563218,0.02152080344332855,0.03627569528415961,0.035545023696682464,0.0,0.011286681715575621,0.007587253414264036,0.018850141376060323,0.0,0.027700831024930747,0.0687757909215956,0.011933174224343675,0.0,0.009823182711198428,0.0,0.008658008658008658,0.017513134851138354,0.0,0.0,0.0,0.011286681715575621,0.0,0.014492753623188406,0.02877697841726619,0.0,0.0,0.0,0.0,0.0,0.021621621621621623,0.0,0.0,0.0,0.0,0.0,0.0,0.0,0.011961722488038277,0.0,0.0,0.0,0.08450704225352113,0.023391812865497075,0.09153318077803203,0.06302521008403361,0.26422764227642276,0.4166666666666667,0.6,0.5744125326370758,0.13631937682570594,0.375,0.2092050209205021,0.5345501955671447,0.4,0.36796536796536794,0.36989795918367346,0.39538714991762763,0.3404255319148936,0.4871060171919771,0.3053435114503817,0.12903225806451613,0.22151898734177214,0.09331259720062209,0.07112375533428165,0.04073319755600815,0.06578947368421052,0.14218009478672985,0.20087336244541484,0.19888623707239458,0.10607521697203472,0.22965879265091863,0.22666666666666666,0.19736842105263158,0.19540229885057472,0.15037593984962405,0.0898876404494382,0.23880597014925373,0.12379642365887207,0.14629049111807732,0.26490066225165565,0.171875,0.1336573511543135,0.19867549668874174,0.14905149051490515,0.23255813953488372,0.09938837920489296,0.09969325153374232,0.24126455906821964,0.2447163515016685,0.04775549188156638,0.0,0.0,0.0,0.0,0.0,0.013440860215053762,0.0,0.0,0.01702127659574468,0.5676442762535477,0.0,0.006925207756232687,0.0,0.0,0.0,0.0,0.0,0.0,0.0,1.0,0.0,1.0
2121303, ECB_02012, indel;A;+A;-1;-2, indel,0.794349,9.999e-05,120,-1.0,1.0,114,0.9,0.705882,PASS,0.02040816326530612,0.0,,0.02857142857142857,0.0,0.0,0.0,0.0,0.0,0.0,0.0,0.0,,0.02564102564102564,0.03333333333333333,0.0,0.0,0.0,0.0,0.0,0.0,0.06451612903225806,0.0,,0.0,0.020833333333333332,0.0,0.0,0.0,0.021739130434782608,0.0,0.0,0.018867924528301886,0.0,0.0,0.034482758620689655,0.024390243902439025,0.3815789473684211,0.2597402597402597,0.34782608695652173,0.6268656716417911,0.48484848484848486,0.38095238095238093,0.36666666666666664,0.75,0.6190476190476191,0.6041666666666666,0.6363636363636364,0.9090909090909091,0.7333333333333333,0.7368421052631579,0.8333333333333334,0.8333333333333334,0.9655172413793104,0.9736842105263158,0.9285714285714286,0.6363636363636364,0.625,0.9375,1.0,0.8571428571428571,0.76,0.75,0.7352941176470589,0.84375,0.6785714285714286,0.7317073170731707,0.8615384615384616,0.75,0.6666666666666666,0.6428571428571429,0.75,0.7272727272727273,0.2916666666666667,0.34615384615384615,0.5,0.8,0.4444444444444444,0.95,1.0,0.896551724137931,0.9,0.8888888888888888,1.0,0.8095238095238095,1.0,0.9,0.8214285714285714,0.9705882352941176,1.0,1.0,1.0,0.8888888888888888,0.9090909090909091,0.9444444444444444,0.85,0.8947368421052632,0.9583333333333334,0.918918918918919,0.9821428571428571,0.9387755102040817,0.9649122807017544,0.9473684210526315,0.9090909090909091,0.8860759493670886,0.9512195121951219,1.0,0.9629629629629629,0.8235294117647058,0.88,1.0,0.9583333333333334,0.9230769230769231,0.8809523809523809,0.9230769230769231,0.9591836734693877,0.9583333333333334,0.9285714285714286,0.8823529411764706,0.9629629629629629,0.9444444444444444,0.010526315789473684,0.0,0.0,0.0,0.023255813953488372,0.0,0.0,0.0,0.0,0.0,0.0,0.0,0.0,0.0,0.0,0.864,0.868421052631579,0.8352941176470589,0.84,,0.8266666666666667,
2122429, ECB_02013, MOB_2122429_2122431_IS150_-1, sv,2.28434,0.00959904,120,-1.0,0.461538,116,0.9,0.230769,PASS,0.0,0.0,0.0,0.0,0.0,0.0,0.0,0.0,0.0,0.0,0.0,0.0,,0.0,0.0,0.0,0.0,0.0,0.0,0.0,0.0,0.0,0.016666666666666666,,0.0,0.016,0.0,0.0,0.0,0.0,0.0,0.0,0.0,0.0,0.0,0.0,0.0,0.0,0.0,0.0,0.0,0.0,0.0,0.0,0.0,0.0,0.0,0.0,0.010416666666666666,0.008130081300813009,0.0,0.0,0.0,0.0,0.0,0.0,0.0,0.0,0.0,0.0,0.0,0.0,0.0,0.0,0.0,0.015873015873015872,0.0,0.0,0.008403361344537815,0.0,0.14285714285714285,0.0,0.0,0.0,0.05172413793103448,0.12280701754385964,0.03571428571428571,0.0,0.0,0.05263157894736842,0.0,0.030303030303030304,0.0,0.0,0.0,0.0,0.0,0.0,0.0,0.0,0.0,0.0,0.0,0.013157894736842105,0.0,0.0,0.0,0.0,0.025423728813559324,0.03571428571428571,0.014388489208633094,0.007142857142857143,0.006289308176100629,0.012269938650306749,0.0,0.0,0.0,0.02857142857142857,0.0,0.0,0.0,0.0,0.0,0.0,0.0,0.0,0.0,0.0,0.0,0.0,0.0,0.0,0.0,0.0,0.0,0.0,0.0,0.0,0.0,0.0,0.0,0.0,0.0,0.0,0.0,0.0,0.0,0.0,0.0,0.0,,0.0,
2222451, rtn, G->C, missense,3.19879,0.00019998,120,-1.0,0.923077,118,0.9,0.857143,PASS,0.0,0.0,0.0,0.0,0.0,0.0,0.0,0.0,0.0,0.0,0.0,0.0,,0.0,0.0,0.0,0.0,0.0,0.0,0.0,0.0,0.0,0.0,,0.0,0.0,0.0,0.0,0.0,0.0,0.0,0.0,0.0,0.0,0.0,0.0,0.0,0.0,0.0,0.0,0.0,0.0,0.0,0.0,0.0,0.0,0.0,0.0,0.0,0.0,0.0,0.0,0.0,0.0,0.0,0.0,0.0,0.0,0.0,0.0,0.0,0.0,0.0,0.0,0.0,0.0,0.0,0.0,0.0,0.0,0.0,0.0,0.0,0.0,0.0,0.0,0.0,0.0,0.0,0.0,0.0,0.0,0.0,0.0,0.0,0.0,0.0,0.0,0.0,0.0,0.0,0.0,0.0,0.0,0.0,0.0,0.0,0.0,0.0,0.0,0.0,0.0,0.0,0.0,0.0,0.0,0.0,0.0,0.0,0.0,0.0,0.0,0.09375,0.03076923076923077,0.05555555555555555,0.265625,0.5555555555555556,0.7058823529411765,0.625,0.7674418604651163,0.7755102040816326,0.0,0.0,0.0,0.0,0.0,0.0,0.0,0.0,0.0,0.0,0.0,0.0,0.0,0.0,0.0,0.0,0.0,0.0,0.0,0.0,0.0,0.0
2262682, ompC, G->T, missense,1.04455,9.999e-05,120,-1.0,0.105263,119,0.9,0.193548,PASS,0.0,0.0,0.0,0.0,0.0,0.0,0.0,0.0,0.0,0.0,0.0,0.0,,0.0,0.0,0.0,0.0,0.0,0.0,0.0,0.0,0.0,0.0,,0.0,0.0,0.0,0.0,0.0,0.0,0.0,0.0,0.0,0.0,0.0,0.0,0.0,0.0,0.0,0.0,0.0,0.0,0.0,0.0,0.0,0.0,0.0,0.0,0.023255813953488372,0.09433962264150944,0.05714285714285714,0.06,0.1724137931034483,0.08108108108108109,0.04081632653061224,0.25,0.26666666666666666,0.07692307692307693,0.0,0.1,0.0851063829787234,0.125,0.047619047619047616,0.22641509433962265,0.2727272727272727,0.3235294117647059,0.3125,0.1686746987951807,0.125,0.2222222222222222,0.5,0.3,0.3157894736842105,0.8378378378378378,0.7333333333333333,0.5833333333333334,0.7272727272727273,0.5666666666666667,0.6935483870967742,0.6666666666666666,0.21311475409836064,0.5833333333333334,0.5238095238095238,0.5918367346938775,0.375,0.42424242424242425,0.3404255319148936,0.4318181818181818,0.4166666666666667,0.5925925925925926,0.5652173913043478,0.1111111111111111,0.15384615384615385,0.2413793103448276,0.20754716981132076,0.2727272727272727,0.06896551724137931,0.2328767123287671,0.3137254901960784,0.30952380952380953,0.19642857142857142,0.27472527472527475,0.3225806451612903,0.25510204081632654,0.1926605504587156,0.15555555555555556,0.2727272727272727,0.34782608695652173,0.25,0.20454545454545456,0.41379310344827586,0.18421052631578946,0.39344262295081966,0.20253164556962025,0.3698630136986301,0.3368421052631579,0.20454545454545456,0.10126582278481013,0.2328767123287671,0.125,0.05405405405405406,0.0,0.0,0.0,0.0,0.0,0.0,0.0,0.0,0.0,0.0,0.0,0.0,0.0,0.0,0.0,0.0,0.010526315789473684,0.0,0.0,1.0,0.0,1.0
2267353, atoS, T->C, missense,2.61639,9.999e-05,120,-1.0,0.428571,119,0.9,0.444444,PASS,0.0,0.0,0.0,0.0,0.0,0.0,0.0,0.0,0.0,0.0,0.0,0.0,,0.0,0.0,0.0,0.0,0.0,0.0,0.0,0.0,0.0,0.0,,0.0,0.0,0.0,0.0,0.0,0.034482758620689655,0.011764705882352941,0.2638888888888889,0.27906976744186046,0.42857142857142855,0.37209302325581395,0.5294117647058824,0.21739130434782608,0.034782608695652174,0.12345679012345678,0.10144927536231885,0.07042253521126761,0.3055555555555556,0.3125,0.1590909090909091,0.04,0.058823529411764705,0.027777777777777776,0.023255813953488372,0.0,0.0,0.0,0.0,0.0,0.0,0.0,0.0,0.0,0.0,0.0,0.0,0.0,0.0,0.0,0.0,0.0,0.0,0.0,0.0,0.0,0.0,0.0,0.0,0.0,0.0,0.0,0.0,0.0,0.0,0.0,0.0,0.0,0.0,0.0,0.0,0.0,0.0,0.0,0.0,0.0,0.0,0.0,0.0,0.0,0.0,0.0,0.0,0.0,0.0,0.0,0.0,0.0,0.0,0.0,0.0,0.0,0.0,0.0,0.0,0.0,0.0,0.0,0.0,0.0,0.0,0.0,0.0,0.0,0.0,0.0,0.0,0.0,0.0,0.0,0.0,0.0,0.0,0.0,0.0,0.0,0.0,0.0,0.0,0.0,0.0,0.0,0.0,0.0,0.0,0.0,0.0,0.0,0.004081632653061225,0.0
2267442, atoS, A->T, missense,1.23623,9.999e-05,120,-1.0,0.705882,119,0.9,0.6,PASS,0.0,0.0,0.0,0.0,0.0,0.0,0.0,0.0,0.0,0.0,0.0,0.0,,0.0,0.0,0.0,0.0,0.0,0.0,0.0,0.0,0.0,0.0,0.0,0.0,0.0,0.0,0.0,0.0,0.0,0.0,0.0,0.0,0.0,0.0,0.0,0.0,0.0,0.0,0.0,0.0,0.0,0.0,0.0,0.0,0.0,0.0,0.0,0.0,0.0,0.0,0.0,0.0,0.0,0.0,0.0,0.0,0.0,0.0,0.0,0.0,0.0,0.0,0.0,0.0,0.0,0.0,0.0,0.02127659574468085,0.0,0.0,0.0,0.0,0.02857142857142857,0.04,0.07407407407407407,0.3333333333333333,0.56,0.6212121212121212,0.6,0.16666666666666666,0.56,0.358974358974359,0.6037735849056604,0.36486486486486486,0.325,0.5,0.48936170212765956,0.532258064516129,0.47368421052631576,0.5483870967741935,0.28205128205128205,0.21739130434782608,0.20588235294117646,0.15384615384615385,0.125,0.25,0.18666666666666668,0.39473684210526316,0.4268292682926829,0.10294117647058823,0.27358490566037735,0.3488372093023256,0.25,0.3333333333333333,0.14285714285714285,0.25675675675675674,0.21951219512195122,0.2631578947368421,0.2727272727272727,0.1891891891891892,0.27906976744186046,0.3902439024390244,0.19718309859154928,0.3333333333333333,0.33636363636363636,0.125,0.13157894736842105,0.2988505747126437,0.20408163265306123,0.109375,0.0,0.0,0.0,0.0,0.0,0.0,0.0,0.0,0.0,0.0,0.0,0.0,0.0,0.0,0.0,0.0,0.0,0.0,0.0,1.0,0.0,1.0
2322340, menC, MOB_2322340_2322345_IS186_-1, sv,0.644121,9.999e-05,120,-1.0,0.444444,119,0.9,0.75,PASS,0.0,0.0,0.0,0.0,0.016129032258064516,0.0,0.0,0.017241379310344827,0.0,0.0,0.0,0.0,,0.0,0.5,0.5972222222222222,0.7169811320754716,0.4791666666666667,0.6956521739130435,0.273972602739726,0.14772727272727273,0.2631578947368421,0.6470588235294118,,0.07692307692307693,0.0,0.018518518518518517,0.014084507042253521,0.0,0.024793388429752067,0.07894736842105263,0.0,0.2857142857142857,0.30337078651685395,0.09782608695652174,0.018867924528301886,0.15384615384615385,0.6153846153846154,0.46153846153846156,0.07547169811320754,0.785234899328859,0.7727272727272727,0.47619047619047616,0.8059701492537313,0.8095238095238095,0.835820895522388,0.7565217391304347,0.5769230769230769,0.9298245614035088,0.9247311827956989,0.9347826086956522,0.9420289855072463,0.9428571428571428,0.9452054794520548,0.9587628865979382,0.8918918918918919,0.972972972972973,0.9310344827586207,0.8571428571428571,0.8974358974358975,0.9285714285714286,0.9298245614035088,0.9090909090909091,0.9375,0.9067796610169492,0.9166666666666666,0.9223300970873787,0.9583333333333334,0.7831325301204819,0.9272727272727272,0.6923076923076923,0.5909090909090909,0.9148936170212766,0.16216216216216217,0.1,0.7254901960784313,0.3508771929824561,0.4423076923076923,0.44715447154471544,0.23728813559322035,0.9381443298969072,0.4716981132075472,0.723404255319149,0.3113207547169811,0.4523809523809524,0.6341463414634146,0.8172043010752689,0.5932203389830508,0.4537037037037037,0.2391304347826087,0.16071428571428573,0.8571428571428571,0.9130434782608695,0.6415094339622641,0.8363636363636363,0.8596491228070176,0.8987341772151899,0.8666666666666667,0.8350515463917526,0.7321428571428571,0.88,0.8583333333333333,0.5818181818181818,0.8085106382978723,0.915,0.9428571428571428,0.8545454545454545,0.7866666666666666,0.9,0.8421052631578947,0.8269230769230769,0.8169014084507042,0.7789473684210526,0.9007633587786259,0.8349514563106796,0.8392857142857143,0.9101123595505618,0.9122807017543859,0.5779816513761468,0.8987341772151899,0.9578947368421052,0.0,0.0,0.0,0.0,0.0,0.0,0.0,0.0,0.0,0.0,0.9928571428571429,0.0,0.0,0.0,0.0,0.9463087248322147,0.9789473684210527,0.9802631578947368,0.3425925925925926,0.375,0.9807474518686297,0.04316546762589928
2322340, menC, MOB_2322340_2322345_IS186_1, sv,0.786727,9.999e-05,120,-1.0,0.5,118,0.9,0.342857,PASS,0.0,0.0,0.0,0.014084507042253521,0.0,0.0,0.0,0.0,0.0,0.02564102564102564,0.0,0.0,,0.0603448275862069,0.017857142857142856,0.0,0.0,0.0,0.0,0.0273972602739726,0.022727272727272728,0.0,0.0,,0.0,0.0,0.0,0.056338028169014086,0.13513513513513514,0.14049586776859505,0.18421052631578946,0.2537313432835821,0.047619047619047616,0.056179775280898875,0.31521739130434784,0.22641509433962265,0.23076923076923078,0.08391608391608392,0.12087912087912088,0.6698113207547169,0.15436241610738255,0.07272727272727272,0.3968253968253968,0.13432835820895522,0.14285714285714285,0.1044776119402985,0.1565217391304348,0.36538461538461536,0.05263157894736842,0.07526881720430108,0.05434782608695652,0.057971014492753624,0.05714285714285714,0.0547945205479452,0.041237113402061855,0.12121212121212122,0.05,0.14285714285714285,0.11428571428571428,0.10256410256410256,0.07142857142857142,0.07017543859649122,0.09090909090909091,0.0625,0.09322033898305085,0.08333333333333333,0.07766990291262135,0.08695652173913043,0.21686746987951808,0.07272727272727272,0.3076923076923077,0.4090909090909091,0.0851063829787234,0.8378378378378378,0.9,0.27450980392156865,0.6491228070175439,0.5192307692307693,0.5528455284552846,0.7627118644067796,0.061855670103092786,0.5283018867924528,0.2765957446808511,0.6886792452830188,0.5476190476190477,0.36585365853658536,0.1827956989247312,0.4067796610169492,0.5277777777777778,0.7608695652173914,0.8392857142857143,0.12244897959183673,0.08695652173913043,0.3584905660377358,0.16363636363636364,0.12280701754385964,0.10126582278481013,0.13333333333333333,0.16494845360824742,0.26785714285714285,0.12,0.14166666666666666,0.4,0.19148936170212766,0.08,0.05714285714285714,0.12727272727272726,0.21333333333333335,0.1,0.14473684210526316,0.17307692307692307,0.18309859154929578,0.22105263157894736,0.09923664122137404,0.1650485436893204,0.16071428571428573,0.08426966292134831,0.08771929824561403,0.42201834862385323,0.08860759493670886,0.042105263157894736,0.0,0.007462686567164179,0.03389830508474576,0.0,0.0,0.0,0.0,0.0,0.0,0.0,0.0,0.0,0.0,0.9918032786885246,0.9932432432432432,0.0,0.0,0.0,0.5925925925925926,0.5555555555555556,0.0,0.9568345323741008
2397526, yfcTU, MOB_2397526_2397528_IS150_1, sv,0.997529,9.999e-05,120,-1.0,0.923077,119,0.9,1.0,PASS,0.0,0.0,0.0,0.0,0.0,0.0,0.0,0.0,0.0,0.0,0.0,0.0,,0.0,0.0,0.0,0.0,0.0,0.0,0.0,0.0,0.0,0.0,,0.0,0.0,0.009216589861751152,0.0,0.0,0.0,0.007194244604316547,0.0,0.0,0.0,0.0,0.0,0.0,0.010314513638703036,0.0,0.008403361344537815,0.01562798742138365,0.0,0.0,0.0,0.029286829268292684,0.0,0.0,0.0,0.0,0.0,0.0,0.00980392156862745,0.0,0.0,0.010194201424211596,0.0,0.057923121387283234,0.0,0.0,0.0,0.0,0.0,0.0,0.13759048165137613,0.2596381679389313,0.33230152143845093,0.1594476510067114,0.2786539772727273,0.26888913773796197,0.40546666666666664,0.5101341176470587,0.6471829411764706,0.37713593539703905,0.2678675159235669,0.17559610136452242,0.22517861163227018,0.4312114989733059,0.366564,0.24057403846153846,0.3242352112676056,0.832778140293638,0.4196871964679912,0.5248205128205129,0.42481539980256666,0.5293489318413022,0.47295866141732285,0.5530276422764228,0.6599695740365111,0.5140594159113797,0.5053692929292929,0.4589710091743119,0.6780612903225807,0.7424887096774194,0.812186830015314,0.833142064372919,0.7798383838383839,0.7418404522613066,0.8089037631091919,0.7671540195341848,0.768135052179251,0.8234208021753909,0.6925842314237095,0.7160074594120228,0.7647864752200093,0.7285770638470923,0.828583254043768,0.6895649038461539,0.6772060353798127,0.9175799573560768,0.7424884910485934,0.6099333333333334,0.8396474442988205,0.6140009293680299,0.7305758980301275,0.8113783783783783,0.6600759436107322,0.830924141465915,0.8173494318181818,0.7932584424534803,0.8321316397228639,0.921389121338912,0.0,0.0,0.0,0.0,0.0,0.0,0.0,0.0,0.0,0.0,0.0,0.0,0.0,0.0,0.0,0.0,0.0,0.0,0.7704063772048847,0.0,0.8870765638680805,0.0
2406007, fadL, indel;C;-1;G, indel,4.34839,9.999e-05,120,-1.0,0.342857,118,0.9,0.126316,PASS,0.0,0.0,0.0,0.0,0.0,0.0,0.0,0.0,0.0,0.0,0.0,0.0,,0.0,0.0,0.0,0.0,0.0,0.0,0.0,0.0,0.0,0.0,,0.0,0.0,0.0,0.0,0.0,0.0,0.0,0.0,0.0,0.0,0.01282051282051282,0.0,0.0,0.008333333333333333,0.0,0.0,0.0,0.0,0.0,0.0,0.0,0.0,0.0,0.0,0.0,0.0,0.0,0.0,0.0,0.017241379310344827,0.0,0.0,0.0,0.0,0.0,0.0,0.0,0.0,0.0,0.0,0.0,0.0,0.0,0.008064516129032258,0.0,0.0,0.0,0.0,0.0,0.0,0.0,0.0,0.20930232558139536,0.5531914893617021,0.632,0.6862745098039216,0.1368421052631579,0.40540540540540543,0.05128205128205128,0.0,0.0,0.0,0.0,0.0,0.0,0.0,0.0,0.0,0.0,0.0,0.0,0.0,0.0,0.0,0.0,0.0,0.0,0.0,0.0,0.0,0.0,0.0,0.0,0.0,0.0,0.0,0.0,0.0,0.0,0.0,0.0,0.0,0.0,0.0,0.0,0.0,0.0,0.0,0.0,0.0,0.0,0.0,0.0,0.0,0.0,0.0,0.0,0.0,0.0,0.0,0.0,0.0,0.0,0.0,0.0,0.0,0.9038461538461539,0.0,0.0
2406039, fadL, MOB_2406039_2406042_IS150_1, sv,1.43401,9.999e-05,120,-1.0,0.461538,118,0.9,0.292683,PASS,0.0,0.0,0.0,0.0,0.0,0.0,0.0,0.0,0.0,0.0,0.0,0.0,,0.0,0.0,0.0,0.0,0.0,0.0,0.0,0.0,0.0,0.0,,0.0,0.0,0.0,0.0,0.0,0.0,0.0,0.0,0.0,0.0,0.0,0.0,0.0,0.0,0.0,0.0,0.0,0.0,0.0,0.0,0.0,0.0,0.0,0.0,0.0,0.0,0.0,0.0,0.0,0.0,0.0,0.0,0.0,0.0,0.0,0.0,0.0,0.0,0.0,0.0,0.0,0.0,0.0,0.0,0.0,0.0,0.0,0.0,0.0,0.0,0.02040816326530612,0.015873015873015872,0.0,0.01282051282051282,0.0,0.0,0.0,0.08928571428571429,0.3125,0.41304347826086957,0.4424778761061947,0.4318181818181818,0.5045045045045045,0.3838383838383838,0.4897959183673469,0.5434782608695652,0.6862745098039216,0.4186046511627907,0.14285714285714285,0.23943661971830985,0.21505376344086022,0.07894736842105263,0.22105263157894736,0.15730337078651685,0.31297709923664124,0.3609022556390977,0.30201342281879195,0.28695652173913044,0.35648148148148145,0.2358974358974359,0.23166023166023167,0.13333333333333333,0.34234234234234234,0.3218390804597701,0.15789473684210525,0.1875,0.3333333333333333,0.24468085106382978,0.27956989247311825,0.27230046948356806,0.37142857142857144,0.2894736842105263,0.19021739130434784,0.1951219512195122,0.21604938271604937,0.18269230769230768,0.10569105691056911,0.0,0.0,0.0,0.0,0.0,0.0,0.0,0.0,0.0,0.0,0.0,0.0,0.0,0.0,0.0,0.0,0.0,0.0,0.0,0.0,0.0,1.0
2406099, fadL, MOB_2406099_2406101_IS150_1, sv,4.01272,9.999e-05,120,-1.0,0.0909091,118,0.9,0.12766,PASS,0.0,0.0,0.0,0.0,0.0,0.0,0.0,0.0,0.0,0.0,0.0,0.0,,0.0,0.0,0.0,0.0,0.0,0.0,0.0,0.0,0.0,0.0,,0.0,0.0,0.0,0.0,0.0,0.0,0.0,0.0,0.0,0.0,0.0,0.0,0.0,0.0,0.0,0.0,0.0,0.013333333333333334,0.0,0.0,0.0,0.0,0.0,0.0,0.0,0.0,0.0,0.0,0.0,0.0,0.0,0.0,0.0,0.0,0.0,0.0,0.0,0.0,0.0,0.0,0.0,0.0,0.0,0.0,0.0,0.0,0.0,0.0,0.0,0.0,0.017857142857142856,0.058823529411764705,0.15,0.09278350515463918,0.1099476439790576,0.0,0.0,0.0,0.0,0.0,0.0,0.0,0.0,0.0,0.0,0.0,0.0,0.0,0.0,0.0,0.0,0.0,0.0,0.0,0.0,0.0,0.0,0.0,0.0,0.0,0.0,0.0,0.0,0.0,0.0,0.0,0.0,0.0,0.0,0.005376344086021506,0.0,0.0,0.0,0.0,0.0,0.0,0.0,0.0,0.0,0.0,0.0,0.0,0.0,0.0,0.0,0.0,0.0,0.0,0.0,0.0,0.0,0.0,0.0,0.0,0.0,0.0,0.0,0.0030425963488843813,0.0
2424123, yfdV, T->G, synonymous,2.76582,0.00259974,120,-1.0,0.631579,119,0.9,1.0,PASS,0.0,0.0,0.0,0.0,0.0,0.0,0.0,0.0,0.0,0.0,0.0,0.0,,0.0,0.0,0.0,0.0,0.0,0.0,0.0,0.0,0.0,0.0,,0.0,0.012195121951219513,0.0,0.0,0.0,0.0,0.0,0.0,0.0,0.0,0.02040816326530612,0.07692307692307693,0.23595505617977527,0.07017543859649122,0.18823529411764706,0.1232876712328767,0.01818181818181818,0.3793103448275862,0.3584905660377358,0.12,0.021739130434782608,0.0,0.04878048780487805,0.0,0.0,0.0,0.0,0.0,0.0,0.0,0.0,0.0,0.0,0.0,0.0,0.0,0.0,0.0,0.0,0.0,0.0,0.0,0.0,0.0,0.0,0.0,0.0,0.0,0.0,0.0,0.0,0.0,0.0,0.0,0.0,0.0,0.0,0.0,0.0,0.0,0.0,0.0,0.0,0.0,0.0,0.0,0.0,0.0,0.0,0.0,0.0,0.0,0.0,0.0,0.0,0.0,0.0,0.0,0.007518796992481203,0.0,0.0,0.0,0.0,0.0,0.0,0.0,0.0,0.0,0.0,0.0,0.0,0.0,0.0,0.0,0.0,0.0,0.0,0.0,0.0,0.0,0.0,0.0,0.0,0.0,0.0,0.0,0.0,0.0,0.0,0.0,0.0,0.0,0.0,0.0,0.0,0.0,0.0,0.0,0.0
2446999, mntH, C->T, noncoding,0.939657,9.999e-05,120,-1.0,0.8,119,0.9,0.75,PASS,0.0,0.0,0.0,0.0,0.0,0.0,0.0,0.022222222222222223,0.0,0.0,0.0,0.0,0.0,0.0,0.0,0.027777777777777776,0.0,0.0,0.0,0.0,0.0,0.0,0.0,,0.0,0.0,0.0,0.015873015873015872,0.0,0.0,0.0,0.0,0.0,0.0,0.0,0.0,0.021739130434782608,0.08181818181818182,0.18518518518518517,0.2625,0.07547169811320754,0.0,0.08928571428571429,0.2222222222222222,0.23076923076923078,0.16666666666666666,0.14942528735632185,0.1951219512195122,0.125,0.04,0.0,0.0,0.0,0.0,0.0,0.0,0.0,0.041666666666666664,0.0,0.0,0.0,0.0,0.0,0.0,0.0,0.0,0.0,0.0,0.07017543859649122,0.045454545454545456,0.0,0.0,0.06451612903225806,0.0784313725490196,0.19148936170212766,0.075,0.24444444444444444,0.5555555555555556,0.6172839506172839,0.3142857142857143,0.14102564102564102,0.5853658536585366,0.38461538461538464,0.4358974358974359,0.4153846153846154,0.32432432432432434,0.34782608695652173,0.32653061224489793,0.38095238095238093,0.6285714285714286,0.4864864864864865,0.2564102564102564,0.22580645161290322,0.2826086956521739,0.2,0.2727272727272727,0.11428571428571428,0.16964285714285715,0.36363636363636365,0.35294117647058826,0.13131313131313133,0.31666666666666665,0.35833333333333334,0.24390243902439024,0.21379310344827587,0.18461538461538463,0.21518987341772153,0.35714285714285715,0.11475409836065574,0.24324324324324326,0.17647058823529413,0.24324324324324326,0.3114754098360656,0.16161616161616163,0.3611111111111111,0.2727272727272727,0.09352517985611511,0.13636363636363635,0.3010752688172043,0.04918032786885246,0.12048192771084337,0.0,0.0,0.0,0.0,0.0,0.0,0.0,0.0,0.0,0.0,0.0,0.0,0.0,0.0,0.0,0.0,0.0,0.0,0.0,1.0,0.0,1.0
2448493, intergenic, MOB_2448493_2448498_IS186_-1, sv,1.25185,9.999e-05,120,-1.0,0.097561,119,0.9,0.0217391,PASS,0.0035285815102328866,0.0,0.0,0.0,0.0,0.0,0.0,0.013003901170351105,0.04608294930875576,0.06581888341543514,0.14810032840722498,0.0,,0.01790315852205006,0.17389986648865152,0.1022969387755102,0.32603253012048194,0.6576149253731344,0.6932423076923077,0.1947774538386783,0.1510287405812702,0.3147292200232829,0.5273410526315789,,0.09109181818181819,0.015452428681572861,0.060815587044534415,0.026705230496453902,0.029469548133595286,0.024902566225165564,0.03712498146775389,0.033707865168539325,0.081,0.07726063738156762,0.019270961538461535,0.01304181818181818,0.0,0.005952459988144637,0.009384579439252338,0.016576923076923076,0.030848382126348228,0.02422002412545235,0.029953961136023912,0.0,0.03067484662576687,0.07620747782002533,0.04208754208754209,0.015714397496087638,0.00940187265917603,0.012515644555694618,0.02044989775051125,0.0,0.09789682151589243,0.017650087873462214,0.18805978090766826,0.0427362473347548,0.15758546168958745,0.0,0.14761504424778762,0.502075,0.06817091439688716,0.08385970772442589,0.0,0.06465500807754442,0.07161850715746422,0.10309278350515463,0.11145537700865266,0.05671077504725898,0.15277693144722523,0.5602117647058824,0.6860173684210527,0.11554961538461539,0.26105782608695655,0.08583690987124463,0.055658627087198514,0.0,0.0,0.0,0.020346986721144024,0.03592915921288014,0.0,0.04899804400977996,0.07955516693163751,0.009490075614366732,0.04839396863691194,0.11666186046511628,0.01757469244288225,0.05628818897637795,0.035882188841201715,0.051620308483290495,0.02178649237472767,0.023310023310023312,0.0,0.016762103505843073,0.0,0.0,0.03945442043222004,0.024462947882736157,0.042878082191780825,0.026927034297242775,0.03139979123173278,0.06020070140280561,0.05624920797138478,0.07635953228266397,0.07472712022367195,0.04365980392156863,0.08521918714555765,0.008488964346349746,0.07067137809187278,0.03350333704115684,0.06708129175946548,0.04865993537964459,0.06013983983983984,0.03474232773595831,0.053569425901201596,0.0713592775041051,0.01951854261548471,0.026881720430107524,0.02403846153846154,0.053457676902536715,0.08448636911942098,0.0,0.007883385579937304,0.013736263736263736,0.01363130081300813,0.0,0.0,0.0,0.0,0.0,0.0,1.0,0.006005492537313433,0.0,0.008770008718395814,0.0,0.0,0.0,0.0,0.0,0.0,0.0,0.0
2448493, intergenic, MOB_2448493_2448498_IS186_1, sv,1.50681,0.00019998,120,-1.0,0.157895,119,0.9,0.0168776,PASS,0.0,0.0,0.0,0.0,0.0,0.010124497991967872,0.02911208151382824,0.026291134289439373,0.0,0.016585526315789474,0.01657483552631579,0.02785515320334262,,0.04211469534050179,0.0,0.0413280737704918,0.07275833333333334,0.0,0.0,0.0,0.010882092772384033,0.011668611435239206,0.0,,0.0,0.0,0.010229411764705884,0.02666666666666667,0.029773622047244094,0.07483242122719734,0.17148588410104013,0.1924403153153153,0.29573858615611187,0.35539896373056995,0.2034450867052023,0.2872307291666667,0.462018,0.24276351752822342,0.1696344892221181,0.13308457711442787,0.023357451737451736,0.04846275695284159,0.06011601796407186,0.08111026528258362,0.020491803278688527,0.0,0.00850801687763713,0.0,0.0,0.05050451693851945,0.0206531762295082,0.06726626506024097,0.0,0.017605633802816902,0.06282993730407523,0.021367521367521368,0.019851771653543307,0.10467128027681662,0.0,0.0,0.0,0.0,0.0,0.03259805668016194,0.0,0.04448377581120944,0.012391573729863692,0.028647821969696972,0.032803271537622684,0.0,0.0,0.0,0.08771260869565216,0.014347202295552367,0.03717472118959108,0.08945501113585748,0.053913978494623656,0.022831050228310504,0.08221351074718526,0.0,0.04542667269439422,0.097799511002445,0.03197547770700637,0.03810975378787879,0.036467593712212816,0.023502564102564103,0.03535801056338029,0.011364825253664034,0.0287326164874552,0.0,0.0875137554585153,0.0,0.05489525547445256,0.05016722408026756,0.028122594142259413,0.0,0.01984763779527559,0.024556163265306123,0.025799313893653517,0.0135866576819407,0.010460251046025106,0.010040160642570281,0.03604710701484895,0.010269994905756495,0.0,0.0,0.02840909090909091,0.025393531914893616,0.05950791027154664,0.022385730211817167,0.044642857142857144,0.032492880258899674,0.040441323971915744,0.028830412071967498,0.08032128514056225,0.0,0.0,0.033887272727272724,0.008096385542168676,0.0,0.0,0.0,0.0,0.0,0.0,0.0,0.0,0.0,0.0,0.00792393026941363,0.0,,0.0,0.0,0.0,0.0,0.0,0.027497418478260875,0.0,0.0,0.0,0.0,0.0
2456727, ypeB, C->A, synonymous,1.36003,9.999e-05,120,-1.0,0.218182,118,0.9,0.461538,PASS,0.0,0.0,0.0,0.0,0.0,0.0,0.0,0.0,0.0,0.0,0.0,0.0,0.0,0.0,0.0,0.0,0.0,0.0,0.0,0.0,0.0,0.0,0.0,,0.0,0.0,0.0,0.0,0.0,0.0,0.0,0.0,0.0,0.0,0.0,0.0,0.0,0.0,0.0,0.0,0.0,0.0,0.0,0.0,0.0,0.0,0.0,0.0,0.0,0.0,0.0,0.0,0.0,0.0,0.0,0.0,0.0,0.0,0.0,0.0,0.0,0.0,0.0,0.0,0.0,0.0,0.0,0.0,0.0,0.0,0.0,0.0,0.0,0.0,0.0,0.0,0.0,0.0,0.0,0.0,0.0,0.0,0.0,0.0,0.0,0.0,0.3170731707317073,0.5227272727272727,0.6415094339622641,0.56,0.36,0.9411764705882353,0.7916666666666666,0.85,0.8064516129032258,0.9473684210526315,0.875,0.8767123287671232,0.8115942028985508,0.5849056603773585,0.6444444444444445,0.7971014492753623,0.5342465753424658,0.7674418604651163,0.77,0.8947368421052632,0.7209302325581395,0.5483870967741935,0.782608695652174,0.7333333333333333,0.75,0.6428571428571429,0.7222222222222222,0.782051282051282,0.6744186046511628,0.7857142857142857,0.8703703703703703,0.813953488372093,0.7627118644067796,0.8292682926829268,0.9166666666666666,0.0,0.0,0.0,0.0,0.0,0.0,0.0,0.0,0.0,0.0,0.0,0.0,0.0,0.0,0.0,0.0,0.0,0.012345679012345678,0.0,0.0,1.0,0.0
2480580, amiA, C->T, missense,5.73118,0.00049995,120,-1.0,0.705882,116,0.9,0.857143,PASS,0.0,0.0,0.0,0.0,0.0,0.0,0.0,0.0,0.0,0.0,0.0,0.0,,0.0,0.0,0.0,0.0,0.0,0.0,0.0,0.0,0.0,0.0,,,0.0,0.0,0.0,0.0,0.0,0.0,0.0,0.0,0.0,0.0,0.0,0.0,0.0,0.0,0.0,0.0,0.0,0.0,0.0,0.0,0.0,0.0,0.0,0.0,0.0,0.0,0.0,0.0,0.0,0.0,0.0,0.0,0.0,0.0,0.0,0.0,0.0,0.0,0.0,0.0,0.0,0.0,0.0,0.0,0.0,0.09090909090909091,0.0,0.1,0.7647058823529411,0.4444444444444444,0.2,0.125,0.0,0.0,0.0,0.029411764705882353,0.0,0.0,0.0,0.0,0.0,0.0,0.0,0.0,0.0,0.0,0.0,0.0,0.0,0.0,0.0,0.0,0.0,0.0,0.0,0.0,0.0,0.0,0.0,0.009433962264150943,0.0,0.0,0.0,0.0,0.0,0.0,0.0,0.0,0.0,0.0,0.0,0.0,0.0,0.0,0.0,0.0,0.0,0.008,0.0,0.0,0.0,0.0,0.0,0.0,0.0,0.0,0.0,0.0,0.0,0.0,0.0,0.0,0.0,0.0,0.0,0.0,0.0,0.0
2497505, maeB, indel;-59, indel,4.82177,9.999e-05,119,-1.0,0.8,119,0.9,0.171429,PASS,0.0,0.0,0.0,0.0,0.0,0.0,0.0,0.0,0.0,0.0,0.0,0.0,0.0,0.0,0.0,0.0,0.0,0.0,0.0,0.0,0.0,0.0,0.0,,0.0,0.0,0.0,0.0,0.0,0.0,0.0,0.0,0.0,0.0,0.0,0.0,0.0,0.0,0.0,0.0,0.0,0.0,0.0,0.0,0.0,0.0,0.0,0.0,0.0,0.0,0.0,0.0,0.12121212121212122,0.22727272727272727,0.1509433962264151,0.2823529411764706,0.17142857142857143,0.05263157894736842,0.0425531914893617,0.0,0.0,0.0,0.0,0.0,0.0,0.0,0.0,0.0,0.0,0.0,0.0,0.0,0.0,0.0,0.0,0.0,0.0,0.0,0.0,0.0,0.0,0.0,0.0,0.0,0.0,0.0,0.0,0.0,0.0,0.0,0.0,0.0,0.0,0.0,0.0,0.0,0.0,0.0,0.0,0.0,0.0,0.0,0.0,0.0,0.0,0.0,0.0,0.0,0.0,0.0,0.0,0.0,0.0,0.0,0.0,0.0,0.0,0.0,0.0,0.0,0.0,0.0,0.0,0.0,0.0,0.0,0.0,0.0,0.0,0.0,0.0,0.0,0.0,0.0,0.0,0.0,0.0,0.0,0.0,0.0,0.0,0.0,0.0
2498329, maeB, indel;+TTCCGG;+5, indel,0.950561,9.999e-05,120,-1.0,0.129032,118,0.9,0.214286,PASS,0.014492753623188406,0.0,0.0,0.11764705882352941,0.028985507246376812,0.05714285714285714,0.03125,0.0,0.034482758620689655,0.06666666666666667,0.0,0.0,,0.0,0.0,0.045454545454545456,0.034482758620689655,0.0,0.09523809523809523,0.0,0.0392156862745098,0.0,0.0,,0.0,0.023529411764705882,0.019801980198019802,0.021739130434782608,0.0,0.0,0.022222222222222223,0.024390243902439025,0.015503875968992248,0.038461538461538464,0.07407407407407407,0.0,0.037037037037037035,0.01694915254237288,0.047058823529411764,0.08421052631578947,0.07079646017699115,0.03508771929824561,0.07692307692307693,0.0,0.0,0.043478260869565216,0.042105263157894736,0.034482758620689655,0.0,0.046511627906976744,0.03225806451612903,0.02631578947368421,0.0,0.044444444444444446,0.0,0.0,0.1,0.06896551724137931,0.0,0.0,0.03636363636363636,0.3333333333333333,0.7142857142857143,0.8620689655172413,0.7727272727272727,0.5416666666666666,0.8,0.86,0.5769230769230769,1.0,0.125,0.6666666666666666,0.6666666666666666,0.3,0.4444444444444444,0.7142857142857143,0.45,0.2222222222222222,0.273972602739726,0.19047619047619047,0.8823529411764706,0.3333333333333333,0.6,0.5591397849462365,0.4857142857142857,0.5172413793103449,0.6571428571428571,0.4411764705882353,0.4666666666666667,0.3888888888888889,0.47619047619047616,1.0,0.75,0.8888888888888888,0.7916666666666666,0.6666666666666666,0.9302325581395349,0.76,0.6944444444444444,0.6666666666666666,0.8780487804878049,0.6415094339622641,0.5773195876288659,0.672566371681416,0.7162162162162162,0.75,0.8529411764705882,0.5070422535211268,0.85,0.65,0.6470588235294118,0.5882352941176471,0.6470588235294118,0.7538461538461538,0.75,0.6833333333333333,0.9111111111111111,0.8157894736842105,0.6796116504854369,0.9629629629629629,1.0,0.0683371298405467,0.11428571428571428,0.06349206349206349,0.15384615384615385,0.0764525993883792,0.034013605442176874,0.11494252873563218,0.1282051282051282,0.10810810810810811,0.13725490196078433,0.15384615384615385,0.07352941176470588,0.056179775280898875,0.034782608695652174,0.09383378016085792,0.10330578512396695,0.19607843137254902,0.06451612903225806,1.0,0.22357723577235772,0.9499747347145022,0.0
2522220, hyfA, MOB_2522220_2522222_IS150_-1, sv,0.755867,9.999e-05,120,-1.0,0.342857,118,0.9,0.0794702,PASS,0.0,0.0,0.0,0.0,0.0,0.0,0.0,0.0,0.0,0.0,0.0,0.0,,0.0,0.0,0.0,0.0,0.0,0.0,0.0,0.012048192771084338,0.0,0.0,,0.0,0.0,0.0,0.0,0.0,0.0,0.0,0.07142857142857142,0.0880503144654088,0.125,0.17525773195876287,0.0,0.2,0.125,0.35714285714285715,0.518796992481203,0.30434782608695654,0.18867924528301888,0.37755102040816324,0.225,0.28846153846153844,0.32786885245901637,0.3358208955223881,0.3673469387755102,0.1111111111111111,0.15625,0.0975609756097561,0.19047619047619047,0.07142857142857142,0.09876543209876543,0.09433962264150944,0.06666666666666667,0.14285714285714285,0.05714285714285714,0.18181818181818182,0.21739130434782608,0.18604651162790697,0.11627906976744186,0.23076923076923078,0.16806722689075632,0.2894736842105263,0.2980769230769231,0.2923076923076923,0.08633093525179857,0.23076923076923078,0.4146341463414634,0.6,0.42857142857142855,0.34146341463414637,0.8809523809523809,0.6582278481012658,0.5324675324675324,0.6774193548387096,0.6440677966101694,0.7218543046357616,0.6338028169014085,0.18309859154929578,0.5277777777777778,0.5102040816326531,0.5645161290322581,0.3671875,0.4875,0.41509433962264153,0.5729166666666666,0.48299319727891155,0.5147058823529411,0.5238095238095238,0.10810810810810811,0.36538461538461536,0.2542372881355932,0.226890756302521,0.22666666666666666,0.2608695652173913,0.23717948717948717,0.2076923076923077,0.2732919254658385,0.2540983606557377,0.3055555555555556,0.4253731343283582,0.3668639053254438,0.27049180327868855,0.4533333333333333,0.39473684210526316,0.3942307692307692,0.2,0.30120481927710846,0.3508771929824561,0.16363636363636364,0.28421052631578947,0.26063829787234044,0.4222222222222222,0.26737967914438504,0.09036144578313253,0.2129032258064516,0.296551724137931,0.21794871794871795,0.09090909090909091,0.0,0.0,0.010752688172043012,0.0,0.0,0.0,0.0,0.0,0.0,0.0,0.0,0.0,0.0,0.0,1.0,0.0,0.0,0.0,0.0,1.0,0.0,1.0
2570965, yfhM, MOB_2570965_2570967_IS150_-1, sv,0.887334,9.999e-05,120,-1.0,0.857143,118,0.9,0.666667,PASS,0.0,0.0,0.0,0.0,0.0,0.0,0.0,0.0,0.0,0.014513788098693758,0.0,0.0,0.0,0.0,0.0,0.0,0.0,0.0,0.0,0.0,0.0,0.0,0.0,,0.0,0.0,0.0,0.0,0.0,0.0,0.0,0.0,0.0,0.0,0.0,0.0,0.0,0.0,0.0,0.0,0.0,0.0,0.0,0.0,0.0,0.0,0.0,0.0,0.0,0.0,0.0,0.0,0.0,0.0,0.0,0.0,0.0,0.09090909090909091,0.04336073913043478,0.6461047058823529,0.7239850402761795,0.7601462925851704,0.7844607142857143,0.8515209742895804,0.8488391502276175,0.8180193401592718,0.8188674928503336,0.901468970380818,0.9454252400548695,0.8295845272206305,1.0,1.0,0.6371003039513677,0.1838349693251534,0.42359242424242427,0.7681048951048952,0.7396296296296296,0.7565030303030303,0.43525206124852767,0.6477522123893805,0.8351366313309775,0.5267387862796834,0.7081515892420538,0.5673355886332881,0.5383581514762515,0.42358208092485555,0.781414710485133,0.4166638855780691,0.5153277693474961,0.3936221212121212,0.20018937875751502,0.7604649298597195,0.8144755244755245,0.8901142061281337,0.9234720616570328,0.7464006359300477,1.0,0.7408775216138328,0.6985630397236615,0.7069171686746988,0.8927293046357616,0.813318424566088,0.7714728183118741,0.8394684796044498,0.8262438758845946,0.9467516688918557,0.6442877758913412,0.6467880274779195,0.8082843450479233,0.8533687423687424,0.8088428571428572,0.8691609195402299,0.741040047114252,0.8286666666666667,0.7808998628257887,0.8119005376344085,0.8838817705299942,0.8113328075709779,0.8690426929392447,0.8485113808801213,0.916288842544317,0.0,0.0,0.0,0.0,0.0,0.0,0.0,0.0,0.0,0.0,0.0,0.0,0.0,0.0,0.0,0.0,1.0,0.9841728525980913,1.0,0.0,1.0,0.0
2593521, hcaD, MOB_2593521_2593524_IS150_1, sv,1.23283,9.999e-05,120,-1.0,0.8,118,0.9,0.00363306,PASS,0.0,0.0,0.0,0.0,0.0,0.0,0.0,0.0,0.0,0.0,0.0,0.0,0.0,0.0,0.0,0.0,0.0,0.0,0.0,0.0,0.0,0.0,0.0,,0.0,0.0,0.0,0.0,0.0,0.0,0.0,0.0,0.0,0.0,0.0,0.0,0.0,0.0,0.0,0.0,0.0,0.0,0.0,0.0,0.0,0.0,0.0,0.0,0.0,0.0,0.0,0.0,0.0,0.0,0.0,0.0,0.0,0.0,0.0,0.0,0.0,0.0,0.0,0.0,0.0,0.0,0.0,0.0,0.0,0.0,0.0,0.0,0.0,0.0,0.0,0.07142857142857142,0.34615384615384615,0.5384615384615384,0.5422535211267606,0.6956521739130435,0.18181818181818182,0.7555555555555555,0.46153846153846156,0.6363636363636364,0.5677966101694916,0.6607142857142857,0.36283185840707965,0.4583333333333333,0.42857142857142855,0.6,0.475,0.40540540540540543,0.2702702702702703,0.2909090909090909,0.14516129032258066,0.19298245614035087,0.24528301886792453,0.23931623931623933,0.42105263157894735,0.41509433962264153,0.18269230769230768,0.2875,0.4956521739130435,0.33774834437086093,0.35359116022099446,0.12345679012345678,0.3888888888888889,0.27586206896551724,0.25,0.2857142857142857,0.33766233766233766,0.27848101265822783,0.3137254901960784,0.2677595628415301,0.35051546391752575,0.29559748427672955,0.20535714285714285,0.15555555555555556,0.4,0.18072289156626506,0.04838709677419355,0.0,0.0,0.0,0.0,0.0,0.0,0.0,0.0,0.0,0.0,0.0,0.0,0.0,0.0,0.0,0.0,0.0,0.0,0.0,1.0,0.0,1.0
2594380, yphA, T->G, missense,5.31771,0.00339966,120,-1.0,1.0,117,0.9,0.8,PASS,0.0,0.0,0.0,0.0,0.0,0.0,0.0,0.0,0.0,0.0,0.0,0.0,,0.0,0.0,0.0,0.0,0.0,0.0,0.0,0.0,0.0,0.0,,0.0,0.0,0.0,0.0,0.0,0.0,0.0,0.0,0.0,0.0,0.0,0.0,0.0,0.0,0.0,0.0,0.0,0.5348837209302325,0.4444444444444444,0.07142857142857142,0.0196078431372549,0.0,0.0,0.0,0.0,0.0,0.0,0.0,0.0,0.0,0.0,0.0,0.0,0.0,0.0,0.0,0.0,0.0,0.0,0.0,0.0,0.0,0.0,0.0,0.0,0.0,0.0,0.0,0.0,0.0,0.0,0.0,0.0,0.0,0.0,0.0,0.0,0.0,0.0,0.0,0.0,0.0,0.0,0.0,0.0,0.0,0.0,0.0,0.0,0.0,0.0,0.0,0.0,0.0,0.0,0.0,0.0,0.0,0.0,0.0,0.0,0.0,0.0,0.0,0.0,0.0,0.0,0.0,0.0,0.0,0.0,0.0,0.0,0.0,0.0,0.0,0.0,0.0,0.0,0.0,0.0,0.0,0.0,0.0,0.0,0.0,0.0,0.0,0.0,0.0,0.0,0.0,0.0,0.0,0.0,0.0,0.0,0.0,0.0
2616356, purL, A->G, noncoding,3.81056,0.00029997,120,-1.0,0.75,118,0.9,0.857143,PASS,0.0,0.0,,0.0,0.0,0.0,0.0,0.0,0.0,0.0,0.0,0.0,,0.0,0.0,0.0,0.0,0.0,0.0,0.0,0.0,0.0,0.0,,0.0,0.0,0.0,0.0,0.0,0.0,0.0,0.0,0.0,0.0,0.0,0.0,0.0,0.0,0.0,0.0,0.0,0.0,0.0,0.0,0.0,0.0,0.0,0.0,0.0,0.0,0.0,0.0,0.0,0.0,0.0,0.0,0.0,0.0,0.0,0.0,0.0,0.0,0.0,0.0,0.0,0.0,0.0,0.0,0.0,0.0,0.0,0.0,0.0,0.0,0.0,0.0,0.0,0.0,0.0,0.0,0.0,0.0,0.0,0.0,0.0,0.0,0.0,0.0,0.0,0.0,0.0,0.0,0.0,0.0,0.0,0.0,0.0,0.0,0.0,0.0,0.0,0.0,0.0,0.0,0.0,0.0,0.0,0.0,0.0,0.0,0.0,0.0,0.0,0.0,0.0,0.024691358024691357,0.15789473684210525,0.3125,0.3333333333333333,0.6122448979591837,0.7037037037037037,0.0,0.0,0.0,0.0,0.0,0.0,0.0,0.0,0.0,0.0,0.0,0.0,0.0,0.0,0.0,0.0,0.0,0.0,0.0,0.0,0.004098360655737705,0.0
2623687, recO, A->G, missense,0.985086,9.999e-05,120,-1.0,0.190476,118,0.9,0.24,PASS,0.0,0.0,0.0,0.0,0.0,0.0,0.0,0.0,0.0,0.0,0.0,0.0,,0.0,0.0,0.0,0.0,0.0,0.0,0.0,0.0,0.0,0.0,,0.7142857142857143,0.803921568627451,0.9622641509433962,0.9180327868852459,0.9767441860465116,0.9555555555555556,0.9245283018867925,1.0,0.9833333333333333,0.9661016949152542,0.8979591836734694,1.0,1.0,1.0,1.0,1.0,1.0,1.0,1.0,1.0,1.0,1.0,1.0,1.0,1.0,1.0,1.0,1.0,1.0,1.0,1.0,1.0,1.0,1.0,1.0,1.0,1.0,1.0,1.0,1.0,1.0,1.0,1.0,1.0,1.0,1.0,1.0,1.0,1.0,1.0,1.0,1.0,1.0,1.0,1.0,1.0,1.0,1.0,1.0,1.0,1.0,1.0,1.0,1.0,1.0,1.0,1.0,0.9545454545454546,1.0,1.0,1.0,1.0,1.0,1.0,1.0,1.0,1.0,1.0,1.0,1.0,1.0,1.0,1.0,1.0,1.0,1.0,1.0,1.0,1.0,1.0,1.0,1.0,1.0,1.0,1.0,1.0,1.0,0.0,0.0,0.0,0.0,0.0,0.0,0.0,0.0,0.0,0.0,0.0,0.0,1.0,0.9710144927536232,1.0,1.0,0.9841269841269841,0.974025974025974,1.0,1.0,1.0,1.0
2632300, nadB, C->A, missense,2.96058,0.00019998,120,-1.0,0.6,118,0.9,0.705882,PASS,0.0,0.0,0.0,0.0,0.0,0.0,0.0,0.03333333333333333,0.0,0.0,0.0,0.0,0.0,0.0,0.0,0.0,0.0,0.0,0.0,0.0,0.0,0.0,0.0,,0.0,0.0,0.0,0.0,0.0,0.0,0.0,0.0,0.0,0.0,0.0,0.0,0.0,0.0,0.0,0.0,0.0,0.0,0.0,0.0,0.0,0.0,0.0,0.0,0.0,0.0,0.0,0.0,0.0,0.0,0.0,0.0,0.0,0.0,0.0,0.0,0.0,0.0,0.0,0.0,0.0,0.0,0.0,0.0,0.0,0.0,0.0,0.0,0.0,0.0,0.0,0.0,0.0,0.0,0.0,0.0,0.0,0.0,0.0,0.0,0.0,0.0,0.0,0.0,0.0,0.0,0.0,0.0,0.0,0.0,0.0,0.0,0.0,0.0,0.0,0.0,0.0,0.0,0.0,0.0,0.0,0.0,0.0,0.0,0.0,0.0,0.030303030303030304,0.07692307692307693,0.043478260869565216,0.15853658536585366,0.19607843137254902,0.44086021505376344,0.7746478873239436,0.7361111111111112,0.7142857142857143,0.8648648648648649,0.8979591836734694,0.009900990099009901,0.0,0.0,0.0,0.0,0.0,0.0,0.0,0.0,0.0,0.0,0.0,0.0,0.0,0.0,0.0,0.0,0.0,0.0,0.0,0.0,0.0
2633422, nadB, G->A, missense,3.18849,9.999e-05,120,-1.0,0.25,119,0.9,0.631579,PASS,0.0,0.0,0.0,0.0,0.0,0.0,0.0,0.0,0.0,0.0,0.0,0.0,,0.0,0.0,0.0,0.0,0.0,0.0,0.0,0.0,0.0,0.0,,0.0,0.0,0.0,0.0,0.0,0.0,0.0,0.0,0.0,0.0,0.0,0.0,0.0,0.0,0.0,0.0,0.0,0.0,0.0,0.02564102564102564,0.0,0.0,0.0,0.0,0.0,0.0,0.0,0.0,0.0,0.0,0.0,0.0,0.0,0.0,0.0,0.0,0.0,0.0,0.0,0.0,0.0,0.0,0.0,0.0,0.0,0.0,0.0,0.0,0.0,0.0,0.0,0.0,0.0,0.0,0.0,0.0,0.0,0.0,0.0,0.0,0.0,0.0,0.0,0.0,0.0,0.0,0.0,0.0,0.0,0.0,0.0,0.0,0.0,0.0,0.0,0.0,0.0,0.0,0.0,0.0,0.0,0.0,0.0,0.037037037037037035,0.06521739130434782,0.25,0.2222222222222222,0.3076923076923077,0.4166666666666667,0.3375,0.2807017543859649,0.22666666666666666,0.0970873786407767,0.03278688524590164,0.0,0.0,0.0,0.0,0.0,0.0,0.0,0.0,0.0,0.0,0.0,0.0,0.0,0.0,0.0,0.0,0.0,0.0,0.0,0.0,0.0,0.0,0.0,0.0,0.0
2643809, yfiQ, T->A, missense,1.46673,9.999e-05,120,-1.0,0.48,119,0.9,0.631579,PASS,0.0,0.0,0.0,0.0,0.0,0.0,0.0,0.0,0.0,0.034482758620689655,0.0,0.0,,0.0,0.0,0.0,0.0,0.0,0.0,0.0,0.0,0.0,0.0,,0.0,0.0,0.0,0.0,0.0,0.0,0.0,0.0,0.0,0.0,0.0,0.0,0.0,0.0,0.0,0.0,0.0,0.0,0.0,0.0,0.0,0.0,0.0,0.0,0.0,0.0,0.0,0.0,0.0,0.0,0.0,0.0,0.0,0.0,0.0,0.0,0.0,0.0,0.0,0.0,0.0,0.0,0.0,0.0,0.0,0.0,0.0,0.0,0.0,0.0,0.0,0.0,0.0,0.0,0.0,0.0,0.0,0.0,0.0,0.0196078431372549,0.0,0.027777777777777776,0.3157894736842105,0.4090909090909091,0.47368421052631576,0.3181818181818182,0.5862068965517241,0.7727272727272727,0.6153846153846154,0.8,0.8076923076923077,0.7931034482758621,1.0,0.6911764705882353,0.7375,0.6962025316455697,0.8787878787878788,0.8529411764705882,0.7142857142857143,0.7446808510638298,0.7522935779816514,0.6923076923076923,0.7540983606557377,0.6964285714285714,0.7931034482758621,0.5849056603773585,0.7,0.625,0.7368421052631579,0.7096774193548387,0.5116279069767442,0.691358024691358,0.8181818181818182,0.7894736842105263,0.603448275862069,0.8431372549019608,0.9454545454545454,0.0,0.0,0.0,0.0,0.0,0.0,0.0,0.0,0.0,0.0,0.0,0.0,0.0,0.0,0.0,0.0,0.0,0.0,0.0,0.0,1.0,0.0
2655781, yfiH, MOB_2655781_2655783_IS150_1, sv,1.43361,9.999e-05,120,-1.0,0.857143,118,0.9,0.923077,PASS,0.0,0.0,0.0,0.0,0.0,0.0,0.0,0.0,0.0,0.0,0.0,0.0,0.0,0.0,0.0,0.0,0.0,0.0,0.0,0.0,0.0,0.0,0.0,,0.0,0.0,0.0,0.0,0.0,0.0,0.0,0.0,0.0,0.0,0.0,0.0,0.0,0.0,0.0,0.0,0.0,0.0,0.0,0.0,0.0,0.0,0.0,0.0,0.0,0.0,0.0,0.0,0.0,0.0,0.0,0.0,0.0,0.0,0.0,0.0,0.0,0.0,0.0,0.0,0.0,0.0,0.0,0.006622516556291391,0.0,0.0,0.0,0.058823529411764705,0.037037037037037035,0.0,0.0,0.021739130434782608,0.0,0.0,0.005847953216374269,0.017857142857142856,0.0641025641025641,0.0,0.03125,0.010309278350515464,0.007751937984496124,0.05660377358490566,0.013333333333333334,0.0,0.009345794392523364,0.0,0.0,0.10869565217391304,0.09523809523809523,0.3,0.4117647058823529,0.7719298245614035,0.78,0.8461538461538461,0.7669902912621359,0.75,0.8721804511278195,0.6875,0.6145251396648045,0.7790697674418605,0.7204724409448819,0.8023255813953488,0.7628865979381443,0.5824175824175825,0.8378378378378378,0.8,0.8666666666666667,0.9047619047619048,0.7971014492753623,0.84375,0.7241379310344828,0.785234899328859,0.9,0.8214285714285714,0.7806451612903226,0.8441558441558441,0.9491525423728814,0.0,0.0,0.0,0.0,0.0,0.0,0.0,0.0,0.0,0.0,0.0,0.0,0.0,0.0,0.0,0.0,0.0,0.0,0.0,0.0,0.9936548223350253,0.0
2678867, ECB_02510, C->A, noncoding,3.31417,9.999e-05,120,-1.0,0.666667,119,0.9,1.0,PASS,0.0,0.0,0.0,0.0,0.025,0.0,0.0,0.0,0.0,0.0,0.0,0.0,,0.0,0.0,0.0,0.0,0.0,0.0,0.0,0.0,0.0,0.0,,0.0,0.0,0.0,0.0,0.0,0.0,0.0,0.0,0.0,0.0,0.0,0.0,0.0,0.0,0.0,0.0,0.0,0.015625,0.0,0.0,0.0,0.0,0.0,0.0,0.0,0.0,0.0,0.0,0.0,0.0,0.0,0.0,0.0,0.0,0.0,0.0,0.0,0.0,0.0,0.0,0.0,0.0,0.0,0.02631578947368421,0.13333333333333333,0.07692307692307693,0.0,0.0,0.15151515151515152,0.029850746268656716,0.0,0.16981132075471697,0.20454545454545456,0.20967741935483872,0.10317460317460317,0.0,0.0,0.0,0.0,0.0,0.0,0.0,0.0,0.0,0.0,0.020833333333333332,0.0,0.0,0.0,0.0,0.0,0.0,0.0,0.0,0.0,0.0,0.0,0.0,0.0,0.0,0.0,0.0,0.0,0.0,0.0,0.0,0.0,0.0,0.0,0.0,0.0,0.0,0.0,0.0,0.0,0.0,0.0,0.0,0.0,0.0,0.0,0.0,0.0,0.0,0.0,0.0,0.0,0.0,0.0,0.0,0.0,0.0,0.0,0.0,0.0,0.0,0.0,0.0,0.0
2704626, ygaZ, indel;A;C;-1;T;-2, indel,0.670056,9.999e-05,120,-1.0,0.153846,120,0.9,0.444444,PASS,0.004629629629629629,0.0,0.0,0.0,0.0,0.0,0.0,0.0,0.0,0.0,0.0,0.0,,0.0,0.0,0.0,0.0,0.0,0.0,0.0,0.0,0.02564102564102564,0.0,,0.0,0.0,0.0,0.0,0.0,0.0,0.0,0.0,0.009708737864077669,0.0,0.0,0.0,0.05555555555555555,0.5053763440860215,0.2647058823529412,0.42028985507246375,0.6477272727272727,0.6323529411764706,0.39215686274509803,0.6101694915254238,0.5538461538461539,0.7391304347826086,0.7647058823529411,0.6981132075471698,0.6956521739130435,0.7058823529411765,0.90625,0.8333333333333334,0.875,0.7441860465116279,0.8636363636363636,0.85,0.8,0.8888888888888888,0.9629629629629629,0.8695652173913043,0.7833333333333333,0.8181818181818182,0.6896551724137931,0.8441558441558441,0.7840909090909091,0.7142857142857143,0.8387096774193549,0.7934782608695652,0.82,0.5238095238095238,0.46153846153846156,0.75,0.5714285714285714,0.10526315789473684,0.23529411764705882,0.3333333333333333,0.4594594594594595,0.3103448275862069,0.4482758620689655,0.4146341463414634,0.7948717948717948,0.4782608695652174,0.5217391304347826,0.4025974025974026,0.5396825396825397,0.5102040816326531,0.5416666666666666,0.5357142857142857,0.36585365853658536,0.4838709677419355,0.42105263157894735,0.7096774193548387,0.7142857142857143,0.5609756097560976,0.6363636363636364,0.8709677419354839,0.6829268292682927,0.6966292134831461,0.7439024390243902,0.6504854368932039,0.7571428571428571,0.5169491525423728,0.594059405940594,0.5847457627118644,0.7062937062937062,0.71875,0.6547619047619048,0.7333333333333333,0.6585365853658537,0.5666666666666667,0.6,0.5675675675675675,0.5873015873015873,0.6464646464646465,0.6153846153846154,0.7280701754385965,0.7604166666666666,0.7397260273972602,0.5783132530120482,0.8043478260869565,0.8833333333333333,0.012195121951219513,0.0,0.0,0.0,0.0,0.016129032258064516,0.0,0.0,0.012658227848101266,0.00819672131147541,0.0,0.0,0.0,0.0,0.0,0.8235294117647058,0.9166666666666666,0.8488372093023255,0.7037037037037037,0.0,0.8149779735682819,0.0
2756265, ygbJ, T->C, noncoding,1.55163,9.999e-05,120,-1.0,0.285714,118,0.9,0.24,PASS,0.0,0.0,0.0,0.0,0.0,0.0,0.0,0.0,0.0,0.0,0.0,0.0,,0.0,0.0,0.0,0.0,0.0,0.0,0.0,0.0,0.0,0.0,,0.0,0.0,0.0,0.0,0.0,0.0,0.0,0.0,0.0,0.0,0.0,0.0,0.0,0.0,0.0,0.0,0.0,0.0,0.0,0.0,0.0,0.0,0.0,0.0,0.0,0.0,0.0,0.0,0.0,0.0,0.0,0.0,0.0,0.0,0.0,0.0,0.0,0.0,0.0,0.0,0.0,0.0,0.0,0.0,0.0,0.0,0.0,0.0,0.0,0.0,0.0,0.0,0.0,0.0,0.0,0.0,0.0,0.0,0.0,0.0,0.0,0.0,0.0,0.0,0.0,0.0,0.0,0.0,0.0,0.0,0.2608695652173913,0.6666666666666666,0.7878787878787878,0.8522727272727273,0.7142857142857143,0.6565656565656566,0.8392857142857143,0.7142857142857143,0.7011494252873564,0.7088607594936709,0.7196969696969697,0.9107142857142857,0.7368421052631579,0.6530612244897959,0.8541666666666666,0.5957446808510638,0.6071428571428571,0.5609756097560976,0.7142857142857143,0.7435897435897436,0.6153846153846154,0.6721311475409836,0.8390804597701149,0.8208955223880597,0.746031746031746,0.7058823529411765,0.8936170212765957,0.0,0.0,0.0,0.0,0.0,0.0,0.0,0.0,0.0,0.0,0.0,0.0,0.0,0.0,0.0,0.0,0.0,0.0,0.0,0.0,1.0,0.0
2771456, iap, MOB_2771456_2771464_IS1_1, sv,0.928677,9.999e-05,120,-1.0,0.521739,120,0.9,0.705882,PASS,0.0,0.0,0.0,0.0,0.0,0.0,0.0,0.0,0.0,0.0,0.0,0.0,,0.0,0.0,0.0,0.05102040816326531,0.18181818181818182,0.1,0.8791208791208791,0.9012345679012346,0.8529411764705882,0.3387096774193548,,0.9285714285714286,0.9555555555555556,0.9927536231884058,0.97,0.9306930693069307,0.9307692307692308,0.9025974025974026,0.9619047619047619,0.96045197740113,0.9142857142857143,0.9230769230769231,0.9166666666666666,0.9819819819819819,0.9821428571428571,0.952755905511811,0.9910714285714286,0.984375,0.9895833333333334,0.9833333333333333,0.96,0.9519230769230769,0.9615384615384616,0.9594594594594594,0.9846153846153847,0.9866666666666667,0.9888888888888889,1.0,0.9875,0.95,0.9883720930232558,0.9615384615384616,0.9454545454545454,1.0,0.9142857142857143,1.0,0.9666666666666667,0.9622641509433962,0.94,1.0,0.9823008849557522,0.978021978021978,0.9814814814814815,0.9727272727272728,0.9735449735449735,1.0,1.0,0.8823529411764706,0.96,0.9795918367346939,0.975,0.9555555555555556,0.9523809523809523,0.9487179487179487,1.0,0.9262295081967213,0.9183673469387755,0.9895833333333334,0.972972972972973,1.0,0.959349593495935,0.978021978021978,0.9333333333333333,0.9642857142857143,1.0,0.9333333333333333,1.0,1.0,0.9795918367346939,0.9433962264150944,0.98,0.95,0.9622641509433962,1.0,0.9622641509433962,0.9626168224299065,0.9606741573033708,0.9558823529411765,0.9874213836477987,0.9704142011834319,0.9759615384615384,0.9696969696969697,0.9791666666666666,0.990909090909091,0.989010989010989,0.9875,0.967032967032967,0.96,0.9571428571428572,0.9887640449438202,0.9791666666666666,0.9519230769230769,0.9512195121951219,0.9763313609467456,0.9485294117647058,0.9938271604938271,0.9387755102040817,1.0,0.0,0.0,0.0,0.0,0.0,0.0,0.0,0.0,0.0,0.00510204081632653,0.0,0.9655172413793104,0.9441340782122905,0.9738562091503268,0.9389671361502347,0.976878612716763,0.9476744186046512,0.9822485207100592,0.8857142857142857,0.7235294117647059,0.9074252651880425,0.9636363636363636
2792908, ECB_02621, indel;-61, indel,1.1358,9.999e-05,120,-1.0,0.666667,115,0.9,1.0,PASS,0.0,0.0,,0.0,0.0,0.0,0.0,0.0,0.0,0.0,0.0,0.0,,0.0,0.0,0.0,0.0,0.0,0.0,0.0,0.0,0.0,0.0,,0.0,0.0,0.0,0.0,0.0,0.0,0.0,0.0,0.0,0.0,0.0,0.0,0.0,0.0,0.0,0.0,0.0,0.0,0.0,0.0,0.0,0.0,0.0,0.0,0.0,0.0,0.0,0.0,0.0,0.0,0.0,0.0,0.0,0.0,0.0,0.0,0.0,0.0,0.0,0.0,0.0,0.0,0.0,0.0,0.19011406844106463,0.38961038961038963,0.29411764705882354,1.0,0.42857142857142855,0.1556420233463035,0.3187250996015936,0.05649717514124294,0.18867924528301888,0.15503875968992248,0.11286681715575622,0.45454545454545453,0.7432432432432432,0.29850746268656714,0.847457627118644,0.5627705627705627,0.6735751295336787,0.4608294930875576,0.6787330316742081,0.47120418848167533,0.4400977995110025,0.5913978494623655,0.5617977528089887,0.7258064516129032,0.75,0.7070707070707071,0.8888888888888888,0.7065217391304348,0.9230769230769231,0.7738095238095237,0.7037037037037037,0.7625272331154684,0.7954545454545455,0.6263982102908277,0.763765541740675,0.6484641638225256,0.6432748538011696,0.8270676691729323,0.7335907335907337,0.7434944237918216,0.8071748878923767,0.6853582554517134,0.5952380952380952,0.8695652173913044,0.675,0.7619047619047619,0.5244755244755245,0.7637231503579952,0.8534322820037106,0.7579462102689487,0.603290676416819,0.8645533141210374,0.9446254071661238,0.0,0.0,0.0,0.0,0.0,0.0,0.0,0.0,0.0,0.0,0.0,0.0,0.0,0.0,0.0,0.0,0.0,0.0,,0.0,1.0,0.0
2830450, fucI, MOB_2830450_2830452_IS150_1, sv,2.52346,0.00079992,120,-1.0,0.153846,118,0.9,0.705882,PASS,0.0,0.0,,0.0,0.0,0.0,0.0,0.0,0.0,0.0,0.0,0.0,,0.0,0.0,0.0,0.0,0.0,0.0,0.0,0.0,0.0,0.0,,0.0,0.0,0.0,0.0,0.0,0.0,0.0,0.0,0.0,0.0,0.0,0.0,0.0,0.0,0.0,0.0,0.0,0.0,0.0,0.0,0.0,0.0,0.0,0.0,0.0,0.0,0.0,0.0,0.0,0.0,0.0,0.0,0.0,0.0,0.0,0.0,0.0,0.0,0.05555555555555555,0.08064516129032258,0.07462686567164178,0.0425531914893617,0.1509433962264151,0.13725490196078433,0.014084507042253521,0.0,0.0,0.0,0.1,0.0,0.06060606060606061,0.05555555555555555,0.0,0.0,0.0,0.0,0.0,0.0,0.0,0.0,0.023809523809523808,0.0,0.0,0.0,0.0,0.0,0.0,0.0,0.0,0.0,0.0,0.0,0.0,0.0,0.0,0.0,0.0,0.0,0.0,0.014814814814814815,0.0,0.0,0.0,0.0,0.0,0.0,0.0,0.0,0.0,0.0,0.0,0.0,0.0,0.011494252873563218,0.020618556701030927,0.029411764705882353,0.0,0.0,0.0,0.0,0.0,0.0,0.0,0.0,0.0,0.0,0.0,0.0,0.0,0.0,0.0,0.0,0.0,0.0,0.0,0.0,0.0,0.0,0.0
2877313, kduD, MOB_2877313_2877315_IS150_-1, sv,1.90046,9.999e-05,120,-1.0,0.0375,119,0.9,0.461538,PASS,0.0,0.0,0.0,0.0,0.0,0.0,0.0,0.0,0.0,0.0,0.0,0.0,,0.011152416356877323,0.007518796992481203,0.0,0.0,0.0,0.0,0.0,0.0,0.0,0.0,,0.0,0.014814814814814815,0.0763888888888889,0.06818181818181818,0.2709677419354839,0.2732919254658385,0.4236111111111111,0.20666666666666667,0.3072916666666667,0.31007751937984496,0.264,0.2125,0.3813559322033898,0.25,0.1092896174863388,0.06593406593406594,0.0,0.009259259259259259,0.0,0.0,0.0,0.0,0.0,0.022222222222222223,0.011363636363636364,0.006993006993006993,0.0,0.0,0.0,0.01834862385321101,0.023076923076923078,0.0,0.015151515151515152,0.0,0.03773584905660377,0.0,0.007575757575757576,0.0,0.029411764705882353,0.04395604395604396,0.031088082901554404,0.0,0.032520325203252036,0.06698564593301436,0.0,0.0,0.07317073170731707,0.0,0.05,0.10909090909090909,0.04477611940298507,0.0625,0.08860759493670886,0.010416666666666666,0.015503875968992248,0.03669724770642202,0.0392156862745098,0.061224489795918366,0.0,0.03424657534246575,0.008,0.06451612903225806,0.013333333333333334,0.0,0.0,0.0,0.0,0.030303030303030304,0.0,0.0,0.010638297872340425,0.0,0.0,0.0,0.00625,0.005,0.011695906432748537,0.01932367149758454,0.004048582995951417,0.016,0.01509433962264151,0.009615384615384616,0.0,0.0,0.0,0.0,0.0,0.046875,0.0,0.008928571428571428,0.015267175572519083,0.004329004329004329,0.005,0.011111111111111112,0.0,0.010416666666666666,0.009259259259259259,0.0,0.0,0.0,0.0,0.0,0.0,0.0,0.0,0.0,0.0,0.0,0.0,1.0,0.0,0.0,0.0,0.0,0.0,0.0,0.0,0.0,0.0
2954641, yggA, C->A, noncoding,9.01275,9.999e-05,120,-1.0,0.705882,118,0.9,0.571429,PASS,0.0,0.0,,0.0,0.0,0.0,0.0,0.0,0.0,0.0,0.0,0.0,,0.0,0.0,0.0,0.0,0.0,0.0,0.0,0.0,0.0,0.0,,0.0,0.0,0.0,0.0,0.0,0.0,0.0,0.0,0.0,0.0,0.0,0.0,0.0,0.0,0.0,0.0,0.0,0.0,0.0,0.0,0.0,0.0,0.0,0.0,0.0,0.0,0.0,0.0,0.0,0.0,0.0,0.0,0.10526315789473684,0.3333333333333333,0.21428571428571427,0.0,0.0,0.0,0.0,0.0,0.0,0.0,0.0,0.0,0.0,0.0,0.0,0.0,0.0,0.0,0.0,0.0,0.0,0.0,0.0,0.0,0.0,0.0,0.0,0.0,0.0,0.0,0.0,0.0,0.0,0.0,0.0,0.0,0.0,0.0,0.0,0.0,0.0,0.0,0.0,0.0,0.0,0.0,0.0,0.0,0.0,0.0,0.0,0.0,0.0,0.0,0.0,0.0,0.0,0.0,0.0,0.0,0.0,0.0,0.0,0.0,0.0,0.0,0.0,0.0,0.0,0.0,0.0,0.0,0.0,0.0,0.0,0.0,0.0,0.0,0.0,0.0,0.0,0.0,0.0,0.0,0.0,0.0,0.0
2985316, yggM, C->T, noncoding,0.970474,9.999e-05,120,-1.0,0.857143,119,0.9,0.545455,PASS,0.01,0.0,0.0,0.0,0.0,0.0,0.0,0.0,0.0,0.027777777777777776,0.0,0.0,,0.0,0.0,0.04878048780487805,0.38,0.10256410256410256,0.06666666666666667,0.703125,0.8913043478260869,0.6666666666666666,0.5,,0.9090909090909091,1.0,0.9841269841269841,0.9848484848484849,0.9607843137254902,0.9655172413793104,0.9230769230769231,0.9814814814814815,0.9772727272727273,1.0,1.0,1.0,1.0,1.0,1.0,1.0,1.0,1.0,1.0,1.0,1.0,1.0,1.0,1.0,1.0,1.0,1.0,1.0,1.0,1.0,1.0,1.0,1.0,1.0,1.0,1.0,1.0,1.0,1.0,1.0,0.9807692307692307,1.0,1.0,1.0,1.0,1.0,1.0,1.0,1.0,1.0,1.0,1.0,1.0,1.0,1.0,1.0,1.0,1.0,1.0,1.0,1.0,1.0,1.0,1.0,1.0,1.0,1.0,1.0,1.0,1.0,1.0,1.0,1.0,1.0,1.0,1.0,1.0,1.0,1.0,1.0,1.0,1.0,0.9848484848484849,1.0,1.0,1.0,1.0,1.0,1.0,1.0,1.0,1.0,1.0,1.0,1.0,1.0,1.0,0.0,0.0,0.0,0.0,0.0,0.0,0.0,0.0,0.0,0.0,0.0,1.0,1.0,0.9882352941176471,1.0,0.9886363636363636,0.9866666666666667,1.0,0.9878048780487805,1.0,1.0,1.0
2997410, ECB_02798, junction_2997410_-1_IS3_start, sv,2.63671,0.00069993,120,-1.0,0.705882,117,0.9,1.0,PASS,0.0,0.0,0.0,0.0,0.0,0.0,0.0,0.0,0.0,0.0,0.0,0.0,,0.0,0.0,0.0,0.0,0.0,0.0,0.0,0.0,0.0,0.0,,0.0,0.0,0.0,0.0,0.0,0.0,0.0,0.0,0.0,0.0,0.0,0.0,0.0,0.0,0.0,0.0,0.0,0.0,0.0,0.0,0.0,0.0,0.0,0.0,0.0,0.0,0.0,0.0,0.0,0.0,0.0,0.0,0.0,0.0,0.0,0.0,0.0,0.0,0.0,0.0,0.0,0.0,0.0,0.0,0.0,0.0,0.0,0.0,0.0,0.0,0.0,0.0,0.0,0.0,0.0,0.0,0.0,0.0,0.0,0.0,0.0,0.0,0.0,0.0,0.0,0.0,0.0,0.0,0.0,0.0,0.0,0.0,0.0,0.0,0.0,0.0,0.0,0.03223207091055601,0.07582938388625593,0.1014370245139476,0.06215469613259668,0.1652892561983471,0.04415011037527594,0.10666666666666667,0.0,0.0,0.0,0.0,0.0,0.010471204188481676,0.0,0.0,0.0,0.0,0.0,0.0,0.0,0.0,0.0,0.0,0.0,0.0,0.0,0.0,0.0,0.0,0.0,0.0,0.0,0.0,0.0,0.0,0.0,0.0,0.0,0.0,0.0,0.0,0.0
3001954, flu, MOB_3001954_3001956_IS150_1, sv,1.50893,9.999e-05,119,-1.0,0.0566038,115,0.9,0.315789,PASS,0.0,0.0,,0.0,0.0,0.0,0.0,0.0,0.0,0.0,0.0,0.0,,0.0,0.0,0.0,0.0,0.0,0.0,0.0,0.0,0.0,0.0,,0.0,0.0,0.0,0.0,0.0,0.0,0.0,0.0,0.0,0.0,0.0,0.0,0.0,0.0,0.0,0.0,0.0,0.0,0.0,0.0,0.0,0.0,0.0,0.0,0.0,0.0,0.0,0.0,0.0,0.0,0.0,0.0,0.0,0.0,0.0,0.0,0.0,0.0,0.0,0.0,0.0,0.0,0.0,0.0,0.0,0.0,0.0,0.0,0.06896551724137931,0.1414141414141414,0.06153846153846154,0.15492957746478872,0.125,0.1111111111111111,0.13533834586466165,0.17777777777777778,0.5230769230769231,0.32142857142857145,0.627906976744186,0.25274725274725274,0.33766233766233766,0.3953488372093023,0.3541666666666667,0.3963963963963964,0.4148936170212766,0.4090909090909091,0.2962962962962963,0.8620689655172413,0.574468085106383,0.6774193548387096,0.7777777777777778,0.7333333333333333,0.7647058823529411,0.7669902912621359,0.5816326530612245,0.5533980582524272,0.7227722772277227,0.7391304347826086,0.6818181818181818,0.7685185185185185,0.6756756756756757,0.8153846153846154,0.5,0.5348837209302325,0.676923076923077,0.7272727272727273,0.48936170212765956,0.7333333333333333,0.4864864864864865,0.6861313868613139,0.5454545454545454,0.5984251968503937,0.7364341085271318,0.672566371681416,0.5188679245283019,0.8620689655172413,0.8507462686567164,0.0,0.0,0.0,0.0,0.0,0.0,0.0,0.0,0.0,0.0,0.0,0.0,0.0,0.0,0.0,0.0,0.0,0.0,1.0,0.0,1.0,0.0
3015771, ECB_02816, MOB_3015771_3015773_IS150_1, sv,0.976236,9.999e-05,116,-1.0,0.125,117,0.9,0.444444,PASS,0.0,0.0,0.0,0.0,0.0,0.0,0.0,0.0,0.0,0.0,0.0,0.0,,0.0,0.0,0.0,0.0,0.0,0.0,0.8267716535433071,0.8556701030927835,0.6206896551724138,0.01818181818181818,,1.0,0.984375,1.0,1.0,0.9821428571428571,1.0,1.0,0.9696969696969697,0.9800995024875622,0.9807692307692307,1.0,1.0,1.0,1.0,1.0,1.0,1.0,1.0,1.0,1.0,1.0,1.0,1.0,1.0,1.0,1.0,1.0,1.0,0.9649122807017544,1.0,1.0,1.0,1.0,1.0,1.0,1.0,1.0,1.0,1.0,1.0,1.0,1.0,1.0,1.0,0.9789473684210527,1.0,1.0,1.0,1.0,1.0,1.0,1.0,1.0,1.0,1.0,1.0,1.0,1.0,1.0,1.0,1.0,1.0,1.0,1.0,1.0,1.0,1.0,1.0,1.0,1.0,1.0,1.0,1.0,1.0,1.0,1.0,1.0,1.0,1.0,1.0,1.0,1.0,1.0,1.0,1.0,1.0,1.0,1.0,1.0,1.0,1.0,1.0,1.0,1.0,1.0,1.0,1.0,0.0,0.0,0.06493506493506493,0.0,0.0,0.0,0.0,0.0,0.0,0.0,0.0,0.9906542056074766,1.0,1.0,0.9956140350877193,1.0,1.0,0.9951456310679612,1.0,1.0,1.0,1.0
3020316, intergenic, A->G, noncoding,2.38082,0.00029997,120,-1.0,1.0,107,0.9,0.214286,PASS,0.0,0.0,0.0,0.0,0.0,0.0,0.0,0.0,0.0,0.0,0.0,0.0,,0.0,0.0,0.0,0.0,0.0,0.0,0.0,0.0,0.0,0.0,,0.0,0.0,0.0,0.0,0.0,0.0,0.0,0.0,0.0,0.0,0.0,0.0,0.0,0.0,0.0,0.0,0.0,0.0,0.0,0.0,0.0,0.0,0.0,0.0,0.0,0.0,0.0,0.0,0.0,0.0,0.0,0.0,0.0,0.0,0.0,0.0,0.0,0.0,0.0,0.0,0.0,0.0,0.0,0.0,0.0,0.0,0.0,0.0,0.0,0.0,0.0,0.0,0.0,0.0,0.0,0.0,0.0,0.0,0.0,0.0,0.0,0.0,0.0,0.0,0.0,0.0,0.0,0.0,0.0,0.0,0.0,0.0,0.0,0.0,0.0,0.0,0.0,0.0,0.0,0.0,0.0,0.0,0.0,0.0,0.0,0.0,0.0,0.02,0.13333333333333333,0.19402985074626866,0.4444444444444444,0.48148148148148145,0.8333333333333334,0.711864406779661,0.6435643564356436,0.7358490566037735,0.9397590361445783,0.0,0.0,0.0,0.0,0.0,0.0,0.0,0.0,0.0,0.0,0.0,0.0,0.0,0.0,0.0,0.0,0.0,0.0,0.0,0.0,0.0,0.0
3021129, ECB_02820, MOB_3021129_3021131_IS3_1, sv,2.80525,9.999e-05,120,-1.0,1.0,117,0.9,0.162162,PASS,0.0,0.0,0.0,0.0,0.0,0.0,0.0,0.0,0.0,0.0,0.0,0.0,,0.0,0.0,0.0,0.0,0.0,0.0,0.0,0.0,0.0,0.0,,0.0,0.0,0.0,0.0,0.0,0.0,0.0,0.0,0.0,0.0,0.0,0.0,0.0,0.0,0.0,0.0,0.0,0.0,0.0,0.0,0.0,0.0,0.0,0.0,0.0,0.0,0.0,0.0,0.0,0.0,0.0,0.0,0.0,0.0,0.0,0.0,0.0,0.0,0.0,0.0,0.0,0.0,0.0,0.0,0.0,0.0,0.0,0.0,0.0,0.0,0.0,0.0,0.0,0.0,0.0,0.0,0.0,0.0,0.0,0.0,0.0,0.0,0.0,0.0,0.0,0.0,0.0,0.0,0.0,0.0,0.0,0.0,0.0,0.0,0.0,0.004761904761904762,0.012987012987012988,0.03211009174311927,0.040160642570281124,0.03286384976525822,0.05747126436781609,0.014925373134328358,0.017391304347826087,0.0603448275862069,0.15748031496062992,0.27358490566037735,0.32142857142857145,0.5116279069767442,0.38461538461538464,0.4717948717948718,0.2866666666666667,0.2032520325203252,0.07142857142857142,0.026490066225165563,0.0045871559633027525,0.0,0.0,0.0,0.0,0.0,0.0,0.0,0.0,0.0,0.0,0.0,0.0,0.0,0.0,0.0,0.0,0.0,0.0,0.0,0.0,0.0,0.0,0.0,0.0
3070809, gss, MOB_3070809_3070811_IS3_-1, sv,1.13293,9.999e-05,120,-1.0,0.666667,120,0.9,0.75,PASS,0.0,0.0,0.0,0.0,0.0,0.0,0.0,0.0,0.0,0.0,0.0,0.0,0.0,0.0,0.0,0.0,0.0,0.0,0.0,0.0,0.0,0.0,0.0,,0.0,0.0,0.0,0.0,0.0,0.0,0.0,0.0,0.0,0.0,0.0,0.0,0.0,0.0,0.0,0.0,0.0,0.0,0.0,0.0,0.0,0.0,0.009615384615384616,0.0,0.008264462809917356,0.014285714285714285,0.0684931506849315,0.07462686567164178,0.109375,0.05,0.034013605442176874,0.07407407407407407,0.14285714285714285,0.11320754716981132,0.09433962264150944,0.024390243902439025,0.06040268456375839,0.20634920634920634,0.125,0.15476190476190477,0.1678832116788321,0.19858156028368795,0.28888888888888886,0.1031390134529148,0.2556390977443609,0.3181818181818182,0.35294117647058826,0.4375,0.2542372881355932,0.7549019607843137,0.6063829787234043,0.5362318840579711,0.367816091954023,0.6153846153846154,0.5914634146341463,0.5048543689320388,0.15568862275449102,0.4264705882352941,0.37735849056603776,0.45454545454545453,0.43884892086330934,0.4,0.3333333333333333,0.4140625,0.41721854304635764,0.6086956521739131,0.46,0.30612244897959184,0.208955223880597,0.2833333333333333,0.14285714285714285,0.0975609756097561,0.0989010989010989,0.20603015075376885,0.19117647058823528,0.21243523316062177,0.0989010989010989,0.2980769230769231,0.32407407407407407,0.19343065693430658,0.18545454545454546,0.11194029850746269,0.2356687898089172,0.2222222222222222,0.192,0.14432989690721648,0.16326530612244897,0.25742574257425743,0.36936936936936937,0.2222222222222222,0.3333333333333333,0.2324561403508772,0.07547169811320754,0.22695035460992907,0.23834196891191708,0.08695652173913043,0.06395348837209303,0.0,0.0,0.0,0.0,0.0,0.0,0.0,0.0,0.0,0.0,0.0,0.0,0.0,0.0,0.0,0.0,0.0,0.0,0.0,1.0,0.0,1.0
3143448, ygjD, MOB_3143448_3143450_IS150_1, sv,0.991491,9.999e-05,120,-1.0,0.222222,120,0.9,0.0810811,PASS,0.0030525030525030525,0.0,0.0,0.0,0.0,0.0,0.0,0.0,0.0,0.0,0.0,0.22410242214532874,,0.892456794972506,1.0,1.0,1.0,1.0,1.0,1.0,1.0,1.0,1.0,,1.0,1.0,1.0,1.0,1.0,1.0,1.0,1.0,1.0,1.0,1.0,1.0,1.0,1.0,1.0,1.0,1.0,1.0,1.0,1.0,1.0,1.0,1.0,1.0,1.0,1.0,1.0,1.0,1.0,1.0,1.0,1.0,1.0,1.0,1.0,1.0,1.0,1.0,1.0,1.0,1.0,1.0,1.0,1.0,1.0,1.0,1.0,1.0,1.0,1.0,1.0,1.0,1.0,1.0,1.0,1.0,1.0,1.0,1.0,1.0,1.0,1.0,1.0,1.0,1.0,1.0,1.0,1.0,1.0,1.0,1.0,1.0,1.0,1.0,1.0,1.0,1.0,1.0,1.0,1.0,1.0,1.0,1.0,1.0,1.0,1.0,1.0,1.0,1.0,1.0,1.0,1.0,1.0,1.0,1.0,1.0,1.0,0.0,0.006447453255963895,0.0,0.0,0.005252100840336134,0.0,0.006150061500615006,0.0,0.0,0.0,1.0,1.0,0.9957446808510638,1.0,1.0,0.9867748167888075,1.0,1.0,1.0,1.0,0.9980925021545534,1.0
3147244, rpoD, A->C, missense,1.05433,9.999e-05,120,-1.0,0.4,118,0.9,0.148148,PASS,0.0,0.0,0.0,0.0,0.0,0.0,0.0,0.0,0.0,0.0,0.0,0.0,,0.0,0.0,0.0,0.0,0.0,0.0,0.0,0.0,0.0,0.0,,0.0,0.0,0.0,0.0,0.0,0.0,0.0,0.0,0.0,0.0,0.0,0.0,0.0,0.0,0.0,0.0,0.0,0.0,0.0,0.0,0.0,0.0,0.015384615384615385,0.0,0.024390243902439025,0.014925373134328358,0.05263157894736842,0.03773584905660377,0.23809523809523808,0.08771929824561403,0.046875,0.05405405405405406,0.16666666666666666,0.0,0.125,0.2,0.10526315789473684,0.03571428571428571,0.0,0.15730337078651685,0.1794871794871795,0.3469387755102041,0.25806451612903225,0.11494252873563218,0.23076923076923078,0.3611111111111111,0.2,0.16666666666666666,0.3103448275862069,0.7647058823529411,0.6896551724137931,0.45161290322580644,0.7037037037037037,0.43902439024390244,0.6470588235294118,0.6666666666666666,0.14285714285714285,0.42857142857142855,0.3157894736842105,0.5,0.359375,0.5428571428571428,0.30357142857142855,0.43243243243243246,0.4406779661016949,0.5517241379310345,0.6363636363636364,0.2,0.2,0.25925925925925924,0.2,0.11363636363636363,0.11627906976744186,0.2222222222222222,0.35294117647058826,0.2823529411764706,0.1111111111111111,0.18556701030927836,0.38461538461538464,0.3883495145631068,0.2773722627737226,0.10638297872340426,0.32727272727272727,0.2727272727272727,0.24528301886792453,0.30434782608695654,0.37037037037037035,0.2,0.24,0.2708333333333333,0.2826086956521739,0.30952380952380953,0.11764705882352941,0.125,0.3181818181818182,0.22448979591836735,0.05263157894736842,0.0,0.0,0.0,0.0,0.0,0.0,0.0,0.0,0.0,0.0,0.0,0.0,0.0,0.0,0.0,0.0,0.0,0.0,0.0,0.9927007299270073,0.0,1.0
3153011, ygjG, indel;-2, indel,1.95145,0.01351,120,-1.0,1.0,118,0.9,0.666667,PASS,0.0,0.0,0.0,0.0,0.0,0.0,0.0,0.0,0.0,0.0,0.0,0.0,0.0,0.0,0.0,0.0,0.0,0.0,0.0,0.0,0.0,0.0,0.0,,0.0,0.0,0.0,0.0,0.0,0.0,0.0,0.0,0.0,0.0,0.0,0.0,0.0,0.0,0.0,0.0,0.0,0.0,0.0,0.0,0.0,0.0,0.0,0.0,0.0,0.0,0.0,0.0,0.0,0.0,0.0,0.0,0.0,0.0,0.0,0.0,0.0,0.0,0.0,0.0,0.0,0.0,0.0,0.0,0.0,0.0,0.0,0.0,0.0,0.0,0.0,0.0,0.0,0.0,0.0,0.0,0.0,0.0,0.0,0.0,0.0,0.0,0.0,0.0,0.0,0.0,0.0,0.0,0.0,0.0,0.0,0.0,0.05555555555555555,0.09302325581395349,0.057692307692307696,0.13432835820895522,0.06818181818181818,0.014285714285714285,0.1111111111111111,0.11320754716981132,0.13333333333333333,0.0,0.041666666666666664,0.0,0.02702702702702703,0.022222222222222223,0.0,0.0,0.0,0.0,0.0,0.0,0.0,0.0,0.0,0.0,0.0,0.0,0.0,0.0,0.0,0.0,0.0,0.0,0.0,0.0,0.0,0.0,0.0,0.0,0.0,0.0,0.0,0.0,0.0,0.0,0.0,0.0,0.0
3159290, ygjI, MOB_3159290_3159298_IS1_1, sv,1.11867,9.999e-05,120,-1.0,0.131868,120,0.9,0.00188147,PASS,0.0,0.0,0.0,0.0,0.0,0.0,0.0,0.0,0.0,0.0,0.0,0.0,,0.0,0.0,0.0,0.0,0.0,0.0,0.0,0.0,0.0,0.0,,0.0,0.0,0.0,0.0,0.0,0.0,0.0,0.0,0.0,0.0,0.0,0.0,0.0,0.0,0.0,0.0,0.0,0.0,0.0,0.0,0.0,0.0,0.0,0.0,0.0,0.0,0.0,0.0,0.0,0.0,0.0,0.0,0.0,0.0,0.0,0.0,0.046316262975778545,0.07028644859813084,0.26161503267973857,0.20469328802039083,0.1997439544807966,0.18683780991735535,0.29666221374045804,0.07607084713677235,0.2098593722755013,0.29680837438423646,0.219074672489083,0.13173842794759827,0.480755625,0.6295546511627907,0.7375009416195856,0.501780487804878,0.6016400000000001,0.4218790432801822,0.664105126541207,0.5880011481056258,0.12689467028003612,0.6161985714285714,0.31496070726915526,0.4092372881355932,0.4894168734491315,0.5021170984455958,0.4437670454545455,0.3387240990990991,0.4148681055155875,0.6943256410256411,0.4498535127055306,0.22306239554317547,0.18734914965986396,0.2550596412556054,0.25097625329815304,0.35626388308977036,0.15506774691358025,0.17550077120822624,0.3190407673860911,0.23761300121506684,0.15961982300884955,0.1957192411924119,0.300715628090999,0.2626270880361174,0.1995889235569423,0.161276064333018,0.24232551528073917,0.29173241713823767,0.1504871972318339,0.30441789819376025,0.18130657894736843,0.23450869565217392,0.2088751182592242,0.1924424778761062,0.22373279352226721,0.20489327146171693,0.08645580506450071,0.1437328338762215,0.2959313658201784,0.20149367088607598,0.03787878787878788,0.0,0.0,0.0,0.0,0.0,0.0,0.0,0.0,0.0,0.0,0.0,0.0,0.0,0.0,0.0,0.0,0.0,0.0,0.0,0.8989086731763355,0.0,0.9834412510566357
3249750, infB, A->T, missense,3.49398,0.00179982,120,-1.0,0.0153453,118,0.9,0.324324,PASS,0.0,0.0,,0.0,0.0,0.0,0.0,0.08333333333333333,0.045454545454545456,0.09090909090909091,0.32142857142857145,0.0,0.0,0.013888888888888888,0.0,0.0,0.0,0.0,0.0,0.0,0.0,0.0,0.0,,0.0,0.0,0.0,0.0,0.0,0.0,0.0,0.0,0.0,0.0,0.0,0.0,0.0,0.0,0.0,0.0,0.0,0.0,0.025,0.02702702702702703,0.0,0.0,0.0,0.0,0.0,0.0,0.0,0.0,0.0,0.0,0.0,0.0,0.0,0.0,0.0,0.0,0.0,0.0,0.0,0.0,0.0,0.0,0.0,0.0,0.0,0.0,0.0,0.0,0.0,0.0,0.0,0.0,0.0,0.0,0.0,0.0,0.0,0.0,0.0,0.0,0.0,0.0,0.0,0.0,0.0,0.0,0.0,0.0,0.0,0.0,0.0,0.0,0.0,0.0,0.0,0.0,0.0,0.0,0.0,0.0,0.0,0.0,0.0,0.0,0.0,0.0,0.0,0.037037037037037035,0.0,0.0,0.0,0.0,0.0,0.0,0.0,0.0,0.0,0.011235955056179775,0.0,0.0,0.0,0.0,0.0,0.0,0.0,0.0,0.6442307692307693,0.0,0.0,0.0,0.0,0.0,0.012345679012345678,0.0,0.0,0.0,0.0,0.0,0.0
3270443, intergenic, MOB_3270443_3270446_IS150_-1, sv,2.47092,9.999e-05,120,-1.0,0.230769,119,0.9,0.0769231,PASS,0.0,0.011273957158962795,,0.0,0.0,0.016736401673640166,0.0,0.0,0.0,0.0,0.028694404591104734,0.0,,0.004646840148698885,0.0,0.0,0.0,0.0,0.0,0.0,0.0,0.0,0.0,,0.0,0.0,0.0,0.0,0.0,0.0,0.0,0.0,0.0,0.0,0.01702127659574468,0.0,0.0,0.0,0.0068775790921595595,0.0,0.0,0.0,0.0,0.0,0.0,0.0,0.0,0.0,0.0,0.0,0.0,0.0,0.0,0.0,0.0,0.0,0.0,0.0,0.0,0.0,0.0,0.0,0.0,0.0,0.0,0.0,0.0,0.0053676865271068165,0.0,0.0,0.0,0.0,0.0,0.0,0.03649635036496351,0.05791505791505792,0.14970059880239522,0.08447729672650475,0.04633204633204633,0.05518763796909493,0.0830188679245283,0.016181229773462785,0.049342105263157895,0.0,0.0,0.0,0.0,0.0,0.0,0.0,0.0,0.0,0.0,0.0,0.0,0.0,0.0,0.0,0.0,0.021822149481723948,0.007067137809187279,0.0,0.0050968399592252805,0.004585052728106373,0.003861003861003861,0.0,0.0,0.008880994671403198,0.0,0.027624309392265196,0.0,0.0,0.0,0.00784313725490196,0.0,0.0,0.0,0.0,0.0,0.0,0.0,0.0,0.0,0.0,0.0,0.0,0.0,0.0,0.0,0.0,0.0,0.0,0.0,0.0,0.0,0.0,0.0,0.0,0.0,0.0,0.0,0.0,0.0
3327004, mreC, G->T, missense,0.989975,9.999e-05,120,-1.0,0.631579,119,0.9,0.444444,PASS,0.0,0.0,,0.9772727272727273,1.0,1.0,1.0,0.9666666666666667,1.0,1.0,1.0,1.0,,1.0,1.0,1.0,1.0,1.0,1.0,1.0,1.0,1.0,1.0,,1.0,1.0,1.0,1.0,1.0,1.0,1.0,1.0,1.0,1.0,1.0,1.0,1.0,1.0,1.0,1.0,1.0,1.0,1.0,1.0,1.0,1.0,1.0,1.0,1.0,1.0,1.0,0.9807692307692307,1.0,1.0,1.0,1.0,1.0,1.0,1.0,1.0,1.0,1.0,1.0,1.0,0.9859154929577465,1.0,1.0,1.0,1.0,1.0,1.0,1.0,1.0,1.0,1.0,1.0,1.0,1.0,1.0,1.0,1.0,1.0,1.0,1.0,1.0,0.9545454545454546,1.0,1.0,1.0,1.0,1.0,1.0,1.0,1.0,1.0,1.0,1.0,1.0,1.0,1.0,1.0,1.0,1.0,1.0,1.0,1.0,1.0,1.0,1.0,1.0,1.0,1.0,1.0,1.0,1.0,1.0,1.0,1.0,1.0,1.0,1.0,0.0,0.0,1.0,1.0,1.0,1.0,1.0,0.9859154929577465,1.0,1.0,1.0,1.0,0.9863013698630136,0.9682539682539683,1.0,1.0,1.0,1.0,1.0,1.0,1.0,1.0
3339074, yhdG, G->A, missense,0.987843,9.999e-05,120,-1.0,0.521739,119,0.9,0.545455,PASS,0.0,0.0,0.0,0.0,0.0,0.0,0.02040816326530612,0.0,0.0,0.0,0.0,0.0,,0.8130841121495327,1.0,1.0,1.0,1.0,1.0,1.0,1.0,1.0,1.0,,1.0,1.0,1.0,1.0,1.0,1.0,1.0,1.0,1.0,1.0,1.0,1.0,1.0,1.0,1.0,1.0,1.0,1.0,1.0,1.0,1.0,1.0,1.0,1.0,0.9777777777777777,1.0,1.0,1.0,1.0,1.0,1.0,1.0,1.0,1.0,1.0,1.0,1.0,1.0,1.0,1.0,1.0,1.0,1.0,1.0,1.0,1.0,1.0,1.0,1.0,1.0,1.0,1.0,0.9666666666666667,1.0,1.0,1.0,1.0,1.0,1.0,1.0,1.0,1.0,1.0,0.9855072463768116,1.0,1.0,1.0,1.0,1.0,1.0,1.0,1.0,1.0,1.0,1.0,1.0,1.0,0.9724770642201835,1.0,0.9916666666666667,1.0,1.0,1.0,1.0,1.0,1.0,1.0,0.9791666666666666,1.0,0.9901960784313726,1.0,0.989247311827957,1.0,1.0,1.0,1.0,1.0,0.0,0.0,0.03571428571428571,0.0,0.0,0.0,0.0,0.0,0.0,0.0,1.0,1.0,1.0,0.9907407407407407,1.0,0.9805825242718447,1.0,1.0,1.0,1.0,1.0,1.0
3359332, yrdD, G->T, missense,1.74755,0.00019998,120,-1.0,0.857143,119,0.9,0.8,PASS,0.0,0.0,0.0,0.0,0.0,0.0,0.0,0.0,0.0,0.0,0.0,0.0,,0.0,0.0,0.0,0.0,0.0,0.0,0.0,0.0,0.0,0.0,,0.0,0.0,0.0,0.0,0.0,0.0,0.0,0.0,0.0,0.0,0.0,0.0,0.0,0.0,0.0,0.0,0.0,0.0,0.0,0.0,0.0,0.0,0.0,0.0,0.0,0.0,0.0,0.0,0.0,0.0,0.0,0.0,0.0,0.0,0.0,0.0,0.0,0.0,0.0,0.0,0.0,0.0,0.0,0.0,0.0,0.0,0.0,0.0,0.0,0.0,0.0,0.0,0.0,0.0,0.0,0.0,0.0,0.0,0.0,0.0,0.0,0.0,0.0,0.0,0.0,0.0,0.0,0.0,0.0,0.0,0.0,0.0,0.030303030303030304,0.011904761904761904,0.0,0.08256880733944955,0.07894736842105263,0.15254237288135594,0.1509433962264151,0.11304347826086956,0.06521739130434782,0.13432835820895522,0.2,0.3333333333333333,0.18032786885245902,0.18604651162790697,0.21052631578947367,0.2777777777777778,0.14,0.17525773195876287,0.2638888888888889,0.29906542056074764,0.15217391304347827,0.1111111111111111,0.3037974683544304,0.375,0.10810810810810811,0.0,0.0,0.0,0.0,0.0,0.0,0.0,0.0,0.0,0.0,0.010526315789473684,0.0,0.0,0.0,0.0,0.0,0.0,0.0,0.0,0.0,0.0,1.0
3369432, rpsD, T->C, missense,2.7265,9.999e-05,120,-1.0,0.0238095,119,0.9,0.0508475,PASS,0.0,0.0,0.0,0.0,0.022222222222222223,0.0,0.0,0.0,0.0,0.0,0.0,0.0,,0.0,0.0,0.0,0.0,0.0,0.0,0.0,0.0,0.0,0.0,0.0,0.0,0.0,0.0,0.0,0.0,0.0,0.0,0.18032786885245902,0.26881720430107525,0.2972972972972973,0.31343283582089554,0.4090909090909091,0.18309859154929578,0.07079646017699115,0.03896103896103896,0.078125,0.06315789473684211,0.23880597014925373,0.22641509433962265,0.020833333333333332,0.06666666666666667,0.14285714285714285,0.05,0.07407407407407407,0.0136986301369863,0.0,0.0,0.0,0.0,0.0,0.0,0.0,0.0,0.0,0.0,0.0,0.0,0.0,0.0,0.0,0.0,0.0,0.0,0.0,0.0,0.0,0.0,0.0,0.0,0.0,0.0,0.0,0.0,0.0,0.0,0.0,0.0,0.0,0.0,0.0,0.0,0.0,0.0,0.0,0.0,0.0,0.0,0.0,0.0,0.0,0.0,0.0,0.0,0.0,0.0,0.0,0.0,0.0,0.0,0.0,0.0,0.0,0.0,0.0,0.0,0.014285714285714285,0.0,0.0,0.0,0.0,0.0,0.0,0.0,0.0,0.0,0.0,0.0,0.0,0.0,0.0,0.0,0.0,0.0,0.0,0.0,0.0,0.0,0.0,0.0,0.0,0.0,0.0,0.0,0.0,0.0,0.0,0.0,0.0,0.0
3371734, prlA, A->C, missense,0.974166,9.999e-05,120,-1.0,0.75,119,0.9,1.0,PASS,0.0,0.0,1.0,0.6268656716417911,0.5151515151515151,0.9425287356321839,0.9696969696969697,0.92,0.9285714285714286,1.0,0.9772727272727273,0.7843137254901961,1.0,0.8059701492537313,1.0,1.0,1.0,1.0,1.0,1.0,1.0,1.0,1.0,,1.0,1.0,1.0,1.0,1.0,1.0,0.989247311827957,0.9879518072289156,1.0,1.0,1.0,1.0,1.0,1.0,1.0,1.0,1.0,0.9824561403508771,1.0,1.0,1.0,1.0,1.0,1.0,1.0,1.0,1.0,0.9888888888888889,1.0,1.0,1.0,1.0,1.0,1.0,1.0,1.0,0.9894736842105263,1.0,1.0,1.0,0.99,1.0,1.0,1.0,1.0,1.0,1.0,1.0,1.0,1.0,1.0,1.0,1.0,1.0,1.0,1.0,1.0,1.0,1.0,1.0,1.0,1.0,1.0,1.0,1.0,1.0,1.0,1.0,1.0,1.0,1.0,1.0,1.0,1.0,1.0,1.0,1.0,1.0,1.0,1.0,1.0,1.0,1.0,1.0,1.0,1.0,1.0,1.0,1.0,1.0,0.9871794871794872,1.0,1.0,1.0,0.9781021897810219,1.0,1.0,0.0,0.0,0.03125,0.0,1.0,1.0,0.0,0.0,1.0,1.0,1.0,1.0,1.0,1.0,1.0,0.9900990099009901,1.0,1.0,1.0,1.0,1.0,1.0
3373127, rpsE, T->C, missense,1.47402,9.999e-05,120,-1.0,0.24,119,0.9,0.705882,PASS,0.0,0.0,0.0,0.0,0.0,0.0,0.0,0.0,0.0,0.0,0.0,0.0,0.0,0.007874015748031496,0.0,0.0,0.0,0.0,0.0,0.0,0.0,0.0,0.0,,0.0,0.0,0.0,0.0,0.0,0.0,0.0,0.0,0.0,0.0,0.0,0.0,0.0,0.0,0.0,0.0,0.0,0.0,0.0,0.0,0.0,0.0,0.0,0.0,0.0,0.0,0.0,0.0,0.0,0.0,0.0,0.0,0.0,0.0,0.0,0.0,0.0,0.0,0.0,0.0,0.0,0.0,0.0,0.0,0.0,0.0,0.0,0.0,0.0,0.0,0.0,0.0,0.0,0.0,0.0,0.0,0.0,0.0,0.0,0.0,0.0,0.0,0.0,0.0,0.0,0.0,0.0,0.0,0.0,0.045454545454545456,0.2608695652173913,0.78125,0.75,0.8446601941747572,0.8,0.6534653465346535,0.8055555555555556,0.7307692307692307,0.7052631578947368,0.7685185185185185,0.7152777777777778,0.8490566037735849,0.6229508196721312,0.676923076923077,0.851063829787234,0.8913043478260869,0.625,0.8837209302325582,0.7878787878787878,0.7731958762886598,0.7164179104477612,0.782608695652174,0.88,0.835820895522388,0.7628865979381443,0.7142857142857143,0.9814814814814815,0.0,0.0,0.0,0.0,0.0,0.0,0.0,0.0,0.0,0.0,0.0,0.0,0.0,0.0,0.0,0.0,0.0,0.0,0.0,0.0,1.0,0.0
3374033, rplF, C->T, missense,0.795027,9.999e-05,120,-1.0,0.923077,119,0.9,0.75,PASS,0.0,0.0,,0.0,0.0,0.0,0.0,0.0,0.0,0.0,0.0,0.0,0.0,0.0,0.0,0.0,0.0,0.0,0.0,0.0,0.0,0.0,0.0,,0.0,0.0,0.0,0.0,0.0,0.0,0.0,0.0,0.0,0.0,0.125,0.0,0.09836065573770492,0.14285714285714285,0.31645569620253167,0.4939759036144578,0.18181818181818182,0.17647058823529413,0.3617021276595745,0.47058823529411764,0.36666666666666664,0.25925925925925924,0.273972602739726,0.22857142857142856,0.15789473684210525,0.21951219512195122,0.23076923076923078,0.20689655172413793,0.038461538461538464,0.17777777777777778,0.09302325581395349,0.06666666666666667,0.19047619047619047,0.0,0.10526315789473684,0.0625,0.19607843137254902,0.1111111111111111,0.06666666666666667,0.06666666666666667,0.2631578947368421,0.2127659574468085,0.09090909090909091,0.07058823529411765,0.16393442622950818,0.45,0.4,0.7,0.3333333333333333,0.7391304347826086,0.7692307692307693,0.7428571428571429,0.65625,0.5609756097560976,0.5714285714285714,0.7222222222222222,0.19117647058823528,0.6666666666666666,0.5,0.43636363636363634,0.39344262295081966,0.5454545454545454,0.3148148148148148,0.5192307692307693,0.4430379746835443,0.5454545454545454,0.3181818181818182,0.17857142857142858,0.1794871794871795,0.16666666666666666,0.08571428571428572,0.0975609756097561,0.14285714285714285,0.1619047619047619,0.2891566265060241,0.26373626373626374,0.17073170731707318,0.28421052631578947,0.3592233009708738,0.23478260869565218,0.29559748427672955,0.22727272727272727,0.2191780821917808,0.1774193548387097,0.0784313725490196,0.2553191489361702,0.5,0.25,0.3333333333333333,0.21621621621621623,0.39285714285714285,0.26851851851851855,0.18947368421052632,0.1728395061728395,0.31645569620253167,0.20754716981132076,0.12857142857142856,0.0,0.0,0.0,0.0,0.0,0.0,0.0,0.0,0.0,0.0,0.0,0.0,0.01282051282051282,0.0,1.0,0.0,0.0,0.0,0.0,1.0,0.0,1.0
3374041, rplF, G->T, missense,0.866429,9.999e-05,120,-1.0,0.571429,119,0.9,0.631579,PASS,0.0,0.03225806451612903,,0.0,0.0,0.0,0.0,0.0,0.0,0.0,0.0,0.029411764705882353,,0.0,0.0,0.0,0.0,0.0,0.0,0.0,0.0,0.0,0.0,,0.0,0.0,0.0,0.0,0.0,0.0,0.0,0.0,0.0,0.0,0.0,0.0,0.0,0.0,0.0,0.0,0.0,0.0,0.0,0.0,0.01694915254237288,0.0,0.0,0.0,0.0,0.0,0.0,0.09433962264150944,0.42857142857142855,0.5263157894736842,0.48717948717948717,0.7142857142857143,0.7,0.7407407407407407,0.7777777777777778,0.8333333333333334,0.8125,0.8571428571428571,0.9285714285714286,0.9104477611940298,0.6949152542372882,0.7674418604651163,0.8888888888888888,0.927710843373494,0.8,0.5263157894736842,0.6153846153846154,0.3333333333333333,0.6551724137931034,0.27906976744186046,0.25,0.13793103448275862,0.3,0.3783783783783784,0.4117647058823529,0.2830188679245283,0.7704918032786885,0.37037037037037035,0.5348837209302325,0.5319148936170213,0.5932203389830508,0.43243243243243246,0.6444444444444445,0.49019607843137253,0.5466666666666666,0.41935483870967744,0.7777777777777778,0.8076923076923077,0.8157894736842105,0.8076923076923077,0.9411764705882353,0.8918918918918919,0.8709677419354839,0.8421052631578947,0.6973684210526315,0.7261904761904762,0.8378378378378378,0.7045454545454546,0.6444444444444445,0.7547169811320755,0.6870748299319728,0.7804878048780488,0.7540983606557377,0.8148148148148148,0.94,0.7209302325581395,0.5,0.7241379310344828,0.6363636363636364,0.7714285714285715,0.5925925925925926,0.7184466019417476,0.8,0.8227848101265823,0.6575342465753424,0.7708333333333334,0.8571428571428571,0.0,0.0,0.0,0.0,0.0,0.0,0.0,0.0,0.0,0.0,0.0,0.0,0.0,0.0,0.0,0.0,1.0,0.9902912621359223,1.0,0.0,1.0,0.0
3463760, envZ, A->C, missense,0.977693,9.999e-05,120,-1.0,0.571429,119,0.9,0.8,PASS,0.0,0.0,0.0,0.0,0.0,0.0,0.0,0.0,0.0,0.0,0.0,0.0,,0.0,0.0,0.0,0.03225806451612903,0.0,0.125,0.8615384615384616,0.7818181818181819,0.627906976744186,0.2857142857142857,1.0,0.6923076923076923,1.0,0.9841269841269841,1.0,0.9583333333333334,0.9848484848484849,1.0,1.0,0.9642857142857143,0.9523809523809523,0.9565217391304348,1.0,1.0,1.0,1.0,1.0,0.9883720930232558,1.0,1.0,1.0,1.0,1.0,1.0,1.0,1.0,1.0,1.0,1.0,1.0,1.0,1.0,0.9772727272727273,1.0,1.0,1.0,1.0,1.0,1.0,1.0,1.0,1.0,1.0,1.0,1.0,1.0,1.0,1.0,1.0,1.0,1.0,1.0,1.0,1.0,1.0,1.0,1.0,1.0,1.0,1.0,1.0,1.0,1.0,1.0,1.0,1.0,1.0,1.0,1.0,1.0,1.0,1.0,1.0,1.0,1.0,1.0,1.0,1.0,1.0,1.0,1.0,1.0,1.0,1.0,1.0,1.0,1.0,1.0,1.0,1.0,1.0,1.0,1.0,1.0,1.0,1.0,1.0,1.0,0.0,0.0,0.018518518518518517,0.0,0.0,0.0,0.0,0.0,0.0,0.0,0.0,1.0,1.0,1.0,1.0,1.0,1.0,1.0,1.0,0.993103448275862,1.0,1.0
3475057, intergenic, C->T, noncoding,0.717961,9.999e-05,120,-1.0,0.169014,120,0.9,0.324324,PASS,0.0,0.0,0.0,0.0,0.0,0.0,0.0,0.0,0.0,0.0,0.12,0.0,,0.0,0.0,0.0,0.0,0.0,0.0,0.0,0.0,0.0,0.0,,0.0,0.0,0.07777777777777778,0.04597701149425287,0.24444444444444444,0.20952380952380953,0.38461538461538464,0.3023255813953488,0.23809523809523808,0.3333333333333333,0.18421052631578946,0.25,0.3472222222222222,0.248,0.15,0.1375,0.07368421052631578,0.15517241379310345,0.16666666666666666,0.14492753623188406,0.12307692307692308,0.16,0.0625,0.07692307692307693,0.05084745762711865,0.10126582278481013,0.1836734693877551,0.09722222222222222,0.18181818181818182,0.02,0.043478260869565216,0.08108108108108109,0.3448275862068966,0.15,0.058823529411764705,0.0,0.06666666666666667,0.15151515151515152,0.14285714285714285,0.14102564102564102,0.29411764705882354,0.2535211267605634,0.29508196721311475,0.07692307692307693,0.2619047619047619,0.6451612903225806,0.6153846153846154,0.36363636363636365,0.2222222222222222,0.8333333333333334,0.8125,0.6206896551724138,0.5428571428571428,0.6170212765957447,0.625,0.4782608695652174,0.18055555555555555,0.47368421052631576,0.47619047619047616,0.47297297297297297,0.6290322580645161,0.6896551724137931,0.46938775510204084,0.39436619718309857,0.4533333333333333,0.6111111111111112,0.5675675675675675,0.20689655172413793,0.12,0.3235294117647059,0.2391304347826087,0.14285714285714285,0.08928571428571429,0.18811881188118812,0.31313131313131315,0.3645833333333333,0.20481927710843373,0.23972602739726026,0.2971014492753623,0.30327868852459017,0.2517482517482518,0.22641509433962265,0.3442622950819672,0.4675324675324675,0.3333333333333333,0.32142857142857145,0.36363636363636365,0.125,0.2647058823529412,0.23529411764705882,0.3582089552238806,0.1743119266055046,0.1568627450980392,0.136986301369863,0.2978723404255319,0.2830188679245283,0.1111111111111111,0.0,0.0,0.03571428571428571,0.0,0.0,0.0,0.0,0.0,1.0,0.0,0.0,0.0,1.0,0.0,0.9924242424242424,0.0,0.0,0.0,0.0,1.0,0.0,1.0
3482212, malT, G->A, synonymous,1.0818,9.999e-05,120,-1.0,0.923077,119,0.9,0.6,PASS,0.0,0.0,0.0,0.0,0.0,0.02564102564102564,0.0,0.0,0.0,0.0,0.0,0.0,,0.0,0.0,0.0,0.0,0.0,0.0,0.0,0.0,0.0,0.0,,0.0,0.0,0.015384615384615385,0.0,0.0,0.0,0.0,0.0,0.0,0.0,0.0,0.0,0.0,0.0,0.0,0.0,0.0,0.0,0.0,0.0,0.0,0.0,0.0,0.0,0.0,0.023809523809523808,0.0,0.022727272727272728,0.125,0.046511627906976744,0.022222222222222223,0.0,0.14285714285714285,0.05555555555555555,0.0,0.0,0.15384615384615385,0.10526315789473684,0.15384615384615385,0.04081632653061224,0.325,0.2,0.3404255319148936,0.07954545454545454,0.2692307692307692,0.3888888888888889,0.7142857142857143,0.5714285714285714,0.5,0.8484848484848485,0.631578947368421,0.52,0.47619047619047616,0.6666666666666666,0.625,0.5151515151515151,0.0975609756097561,0.2631578947368421,0.391304347826087,0.5,0.5434782608695652,0.38461538461538464,0.42105263157894735,0.45454545454545453,0.4657534246575342,0.4,0.5769230769230769,0.3103448275862069,0.16666666666666666,0.2857142857142857,0.30303030303030304,0.09523809523809523,0.07692307692307693,0.2911392405063291,0.21311475409836064,0.3188405797101449,0.1568627450980392,0.3013698630136986,0.4,0.2564102564102564,0.26126126126126126,0.1276595744680851,0.3333333333333333,0.3333333333333333,0.10344827586206896,0.20512820512820512,0.34782608695652173,0.20689655172413793,0.29411764705882354,0.19117647058823528,0.34782608695652173,0.2716049382716049,0.14473684210526316,0.19642857142857142,0.32786885245901637,0.1951219512195122,0.12727272727272726,0.0,0.007142857142857143,0.0,0.0,0.0,0.0,0.0,0.0,0.0,0.0,0.0,0.0,0.0,0.0,0.0,0.0,0.0,0.0,0.0,1.0,0.0,1.0
3482675, malT, indel;+24, indel,3.08241,9.999e-05,120,-1.0,0.5,118,0.9,0.5,PASS,0.0,0.0,0.0,0.0,0.0,0.0,0.37037037037037035,0.45714285714285713,0.31976744186046513,0.26229508196721313,0.37209302325581395,0.09302325581395349,,0.0,0.4090909090909091,0.4819277108433735,0.42857142857142855,0.6341463414634146,0.5333333333333333,0.11594202898550725,0.07772020725388601,0.11428571428571428,0.2926829268292683,,0.0,0.0,0.0,0.0,0.0,0.0,0.0,0.0,0.0,0.0,0.0,0.0,0.0,0.0,0.0,0.0,0.0,0.0,0.0,0.0,0.0,0.0,0.0,0.0,0.0,0.0,0.0,0.0,0.0,0.0,0.0,0.0,0.0,0.0,0.0,0.0,0.0,0.0,0.0,0.0,0.0,0.0,0.0,0.0,0.0,0.0,0.0,0.0,0.0,0.0,0.0,0.0,0.0,0.0,0.0,0.0,0.0,0.0,0.0,0.0,0.0,0.0,0.0,0.0,0.0,0.0,0.0,0.0,0.0,0.0,0.0,0.0,0.0,0.0,0.0,0.0,0.0,0.0,0.0,0.0,0.0,0.0,0.0,0.0,0.0,0.0,0.0,0.0,0.0,0.0,0.0,0.0,0.0,0.0,0.0,0.0,0.0,0.0,0.0,0.0,0.0,0.0,0.0,0.0,0.0,0.8014571948998179,0.5501222493887531,0.8317580340264651,0.0,0.0,0.0,0.0,0.0,0.0,0.0,0.0,0.0,0.0,0.0
3482763, malT, C->A, missense,0.966675,9.999e-05,120,-1.0,0.324324,117,0.9,0.666667,PASS,0.0,0.0,0.0,0.0,0.0,0.0,0.0,0.0,0.0,0.0,0.0,0.0,0.0,0.0,0.0,0.15789473684210525,0.4482758620689655,0.047619047619047616,0.625,0.825,0.8478260869565217,0.84375,0.4444444444444444,,1.0,0.9090909090909091,0.9743589743589743,1.0,0.9811320754716981,0.9649122807017544,0.9354838709677419,0.9736842105263158,0.9836065573770492,0.9583333333333334,0.8888888888888888,1.0,1.0,1.0,1.0,1.0,1.0,1.0,1.0,1.0,0.972972972972973,1.0,1.0,1.0,0.95,1.0,1.0,1.0,1.0,1.0,1.0,1.0,1.0,0.9166666666666666,1.0,1.0,1.0,1.0,1.0,0.9787234042553191,0.9743589743589743,1.0,1.0,1.0,1.0,1.0,1.0,1.0,1.0,1.0,1.0,1.0,1.0,1.0,1.0,1.0,1.0,1.0,1.0,1.0,1.0,1.0,1.0,1.0,1.0,1.0,0.967741935483871,1.0,1.0,1.0,0.9583333333333334,1.0,1.0,1.0,1.0,1.0,1.0,1.0,1.0,1.0,1.0,1.0,1.0,1.0,1.0,1.0,1.0,1.0,1.0,1.0,1.0,1.0,1.0,1.0,1.0,1.0,0.9743589743589743,0.0,0.0,0.01639344262295082,0.0,0.0,0.0,0.0,0.0,0.0,0.0,0.0,1.0,1.0,1.0,1.0,0.9818181818181818,1.0,0.9764705882352941,1.0,1.0,1.0,1.0
3483861, malT, A->T, missense,5.5064,0.00029997,120,-1.0,0.705882,118,0.9,0.666667,PASS,0.0,0.0,0.0,0.0,0.0,0.0,0.14814814814814814,0.125,0.6060606060606061,0.7419354838709677,0.6428571428571429,0.0,,0.0,0.0,0.0,0.0,0.0,0.0,0.0,0.0,0.0,0.0,,0.0,0.0,0.0,0.0,0.0,0.0,0.0,0.0,0.0,0.0,0.0,0.0,0.0,0.0,0.0,0.0,0.0,0.0,0.0,0.0,0.0,0.0,0.0,0.0,0.0,0.0,0.0,0.0,0.0,0.0,0.0,0.0,0.0,0.0,0.0,0.0,0.0,0.0,0.0,0.0,0.0,0.0,0.0,0.0,0.0,0.0,0.0,0.0,0.0,0.0,0.0,0.0,0.0,0.0,0.0,0.0,0.0,0.0,0.0,0.0,0.0,0.0,0.0,0.0,0.0,0.0,0.0,0.0,0.0,0.0,0.0,0.0,0.0,0.0,0.0,0.0,0.0,0.0,0.0,0.0,0.0,0.0,0.0,0.0,0.0,0.0,0.0,0.0,0.0,0.0,0.0,0.0,0.0,0.0,0.0,0.0,0.0,0.0,0.0,0.0,0.0,0.0,0.0,0.0,0.0,0.0,0.0,0.013333333333333334,0.0,0.0,0.0,0.0,0.0,0.0,0.022988505747126436,0.0,0.0,0.0,0.0
3484203, malT, A->C, missense,4.09142,9.999e-05,120,-1.0,0.2,119,0.9,0.285714,PASS,0.0,0.0,0.0,0.0,0.0,0.0,0.0,0.0,0.0,0.0,0.0,0.0,,0.07142857142857142,0.12121212121212122,0.08571428571428572,0.15384615384615385,0.37037037037037035,0.25,0.0,0.0,0.0,0.16129032258064516,,0.0,0.0,0.0,0.012195121951219513,0.0,0.0,0.0,0.0,0.0,0.0,0.0,0.0,0.0,0.0,0.0,0.0,0.0,0.0,0.0,0.0,0.0,0.0,0.0,0.0,0.0,0.0,0.0,0.0,0.0,0.0,0.0,0.0,0.0,0.0,0.0,0.0,0.0,0.0,0.0,0.0,0.0,0.0,0.0,0.0,0.0,0.0,0.0,0.0,0.0,0.0,0.0,0.0,0.0,0.0,0.0,0.0,0.0,0.0,0.0,0.0,0.0,0.0,0.0,0.0,0.0,0.0,0.0,0.0,0.0,0.0,0.0,0.0,0.0,0.0,0.0,0.0,0.0,0.0,0.0,0.0,0.0,0.0,0.0,0.0,0.02702702702702703,0.0,0.0,0.0,0.0,0.0,0.0,0.0,0.0,0.0,0.0,0.0,0.0,0.0,0.0,0.0,0.0,0.0,0.0,0.0,0.0,0.0,0.0,0.0,0.0,0.0,0.0,0.0,0.0,0.0,0.0,0.0,0.0,0.0,0.0
3490050, glpG, A->T, missense,0.998581,9.999e-05,120,-1.0,0.0888889,119,0.9,0.363636,PASS,0.0,0.0,0.0,0.0,0.0,0.0,0.0,0.0,0.0,0.0,0.0,0.0,0.0,0.0,0.0,0.0,0.0,0.0,0.0,0.0,0.0,0.0,0.0,0.0,0.0,0.0,0.0,0.0,0.0,0.0,0.0,0.0,0.0,0.0,0.0,0.0,0.0,0.0,0.0,0.0,0.0,0.0,0.0,0.0,0.0,0.0,0.0,0.0,0.0,0.0,0.0,0.0,0.0,0.0,0.0,0.0,0.0,0.0,0.0,0.35,0.6808510638297872,0.7777777777777778,0.42105263157894735,0.7432432432432432,0.6521739130434783,0.7777777777777778,0.5952380952380952,0.9830508474576272,0.5769230769230769,0.6666666666666666,0.5,0.6470588235294118,0.7307692307692307,0.2727272727272727,0.47619047619047616,0.41935483870967744,0.6296296296296297,0.4838709677419355,0.25,0.42857142857142855,0.8536585365853658,0.391304347826087,0.5135135135135135,0.5254237288135594,0.4897959183673469,0.6666666666666666,0.6129032258064516,0.38333333333333336,0.5384615384615384,0.5,0.5227272727272727,0.7692307692307693,0.7608695652173914,0.7090909090909091,0.7708333333333334,0.7575757575757576,0.7666666666666667,0.8085106382978723,0.8333333333333334,0.6309523809523809,0.8115942028985508,0.6666666666666666,0.6067415730337079,0.6422018348623854,0.7361111111111112,0.6857142857142857,0.4426229508196721,0.6875,0.6521739130434783,0.6666666666666666,0.6486486486486487,0.8035714285714286,0.5882352941176471,0.7570093457943925,0.5909090909090909,0.7647058823529411,0.8160919540229885,0.759493670886076,0.7378640776699029,0.7380952380952381,0.8936170212765957,0.0,0.0,0.0,0.0,0.0,0.0,0.0,0.0,0.0,0.0,0.0,0.0,0.0,0.0,0.0,0.0,1.0,0.9775280898876404,1.0,0.0,1.0,0.0
3490475, glpE, G->A, noncoding,4.70488,9.999e-05,120,-1.0,0.705882,119,0.9,0.923077,PASS,0.0,0.0,0.0,0.0,0.0196078431372549,0.0,0.0,0.018518518518518517,0.0,0.0,0.0,0.0,0.0,0.0,0.0,0.0,0.0,0.0,0.0,0.0,0.0,0.0,0.0,,0.0,0.0,0.0,0.0,0.0,0.0,0.0,0.0,0.0,0.0,0.0,0.0,0.0,0.0,0.0,0.0,0.0,0.0,0.0,0.0,0.0,0.0,0.0,0.0,0.0,0.0,0.0,0.23880597014925373,0.45454545454545453,0.2894736842105263,0.35,0.3333333333333333,0.13043478260869565,0.0625,0.25,0.1111111111111111,0.0,0.0,0.0,0.0,0.0,0.0,0.0,0.0,0.0,0.0,0.0,0.0,0.0,0.0,0.0,0.0,0.0,0.0,0.0,0.0,0.0,0.0,0.0,0.0,0.0,0.0,0.0,0.0,0.0,0.0,0.0,0.0,0.0,0.0,0.0,0.0,0.0,0.0,0.0,0.0,0.0,0.0,0.0,0.0,0.0,0.0,0.0,0.0,0.0,0.0,0.0,0.0,0.0,0.0,0.0,0.0,0.0,0.0,0.0,0.0,0.0,0.0,0.0,0.0,0.0,0.0,0.0,0.0,0.0,0.0,0.0,0.0,0.0,0.0,0.0,0.0,0.0,0.0,0.0,0.0,0.0,0.0,0.0
3509840, gntR, MOB_3509840_3509842_IS150_-1, sv,3.31782,9.999e-05,120,-1.0,0.75,119,0.9,0.8,PASS,0.0,0.0,0.0,0.0,0.0,0.0,0.0,0.0,0.0,0.0,0.0,0.0,,0.107981220657277,0.6511627906976745,0.4878048780487805,0.4263565891472868,0.5517241379310345,0.5,0.2153846153846154,0.21,0.23076923076923078,0.5113636363636364,,0.06666666666666667,0.02127659574468085,0.014492753623188406,0.046511627906976744,0.03333333333333333,0.02112676056338028,0.010309278350515464,0.0,0.014778325123152709,0.014285714285714285,0.018867924528301886,0.058823529411764705,0.012738853503184714,0.0,0.0,0.0,0.0,0.0,0.0,0.0,0.0,0.0,0.0,0.0,0.0,0.0,0.0,0.0,0.0,0.0,0.0,0.0,0.0,0.0,0.0,0.0,0.0,0.0,0.0,0.0,0.0,0.0,0.0,0.0,0.0,0.0,0.0,0.0,0.0,0.0,0.0,0.0,0.0,0.0,0.0,0.0,0.0,0.0,0.0,0.0,0.0,0.0,0.0,0.0,0.0,0.0,0.0,0.0,0.0,0.0,0.0,0.0,0.0,0.0,0.0,0.0,0.0,0.0,0.0,0.0,0.0,0.0,0.0,0.0,0.0,0.0,0.0,0.0,0.0,0.0,0.0,0.0,0.0,0.0,0.0,0.0,0.0,0.0,0.0,0.0,0.0,0.0,0.0,0.0,0.0,0.0,0.0,1.0,0.0,0.0,0.0,0.0,0.0,0.0,0.0,0.0,0.0,0.0,0.0
3511785, yhhX, C->T, synonymous,4.41022,0.00079992,120,-1.0,0.104348,118,0.9,0.8,PASS,0.0,0.0,0.0,0.0,0.0,0.0,0.0,0.0,0.0,0.0,0.0,0.0,,0.0,0.0,0.0,0.0,0.0,0.0,0.0,0.0,0.0,0.0,,0.0,0.0,0.0,0.0,0.0,0.0,0.0,0.0,0.0,0.0,0.0,0.0,0.015625,0.0,0.0,0.0,0.0,0.0,0.0,0.0,0.0,0.0,0.0,0.0,0.0,0.0,0.0,0.0,0.0,0.0,0.0,0.0,0.0,0.0,0.0,0.0,0.0,0.0,0.0,0.0,0.0,0.0,0.0,0.0,0.0,0.0,0.0,0.0,0.0,0.0,0.0,0.0,0.0,0.16666666666666666,0.09803921568627451,0.1388888888888889,0.0,0.02857142857142857,0.0,0.0,0.0,0.0,0.0,0.0,0.0,0.0,0.0,0.0,0.0,0.0,0.0,0.0,0.0,0.0,0.0,0.0,0.0,0.0,0.0,0.0,0.0,0.0,0.0,0.0,0.0,0.0,0.0,0.0,0.0,0.0,0.0,0.0,0.0,0.0,0.0,0.0,0.0,0.0,0.0,0.0,0.0,0.0,0.0,0.0,0.0,0.0,0.0,0.0,0.0,0.0,0.0,0.0,0.0,0.0,0.0,0.0,0.0,0.0,0.0
3512474, intergenic, C->T, noncoding,2.90298,0.00029997,120,-1.0,0.5,119,0.9,0.923077,PASS,0.0,0.0,0.0,0.0,0.0,0.0,0.0,0.0,0.0,0.0,0.0,0.0,,0.0,0.0,0.0,0.0,0.0,0.0,0.0,0.0,0.0,0.0,,0.0,0.0,0.0,0.0,0.0,0.0,0.0,0.0,0.008333333333333333,0.0,0.0,0.0,0.0,0.0,0.0,0.0,0.0,0.0,0.0,0.0,0.0,0.0,0.0,0.0,0.0,0.0,0.0,0.0,0.0,0.0,0.0,0.0,0.0,0.0,0.0,0.0,0.0,0.0,0.0,0.0,0.0,0.0,0.0,0.0,0.0,0.0,0.0,0.0,0.0,0.0,0.0,0.0,0.0,0.041666666666666664,0.0,0.0,0.0,0.0,0.0,0.0,0.0,0.0,0.0,0.0,0.0,0.0,0.0,0.0,0.0,0.0,0.02564102564102564,0.0,0.0,0.0,0.0,0.0,0.0,0.0,0.0,0.0,0.0,0.0,0.0,0.0,0.0,0.0,0.0,0.0,0.014925373134328358,0.017543859649122806,0.11666666666666667,0.18461538461538463,0.13934426229508196,0.13924050632911392,0.23255813953488372,0.15714285714285714,0.057971014492753624,0.0,0.0,0.0,0.0,0.0,0.0,0.0,0.0,0.0,0.0,0.0,0.0,0.0,0.0,0.0,0.0,0.0,0.0,0.0,0.0,0.0,0.0
3570444, yhiO, MOB_3570444_3570446_IS150_-1, sv,3.69048,9.999e-05,120,-1.0,0.666667,119,0.9,0.631579,PASS,0.0,0.004218541666666667,0.0,0.0,0.0,0.0,0.0,0.0,0.0,0.0,0.0,0.0,,0.0,0.01566277145811789,0.011035967302452317,0.022912167515563103,0.0,0.02430120048019208,0.11258089468779124,0.05057082405345212,0.03573180008845644,0.041824777711914646,,0.0,0.0,0.0,0.0,0.0,0.0,0.0,0.0,0.0,0.0,0.0,0.0,0.0,0.0,0.0,0.0,0.0,0.0,0.0,0.0,0.0,0.0,0.0,0.0,0.012678083907326238,0.0,0.0,0.0,0.0,0.005038534872052183,0.0,0.0,0.0,0.0,0.0,0.0,0.0,0.0,0.0,0.0,0.0,0.0,0.0,0.0,0.0,0.0,0.0,0.0,0.0,0.0,0.0,0.0,0.0,0.0,0.0,0.0,0.0,0.0,0.0,0.0,0.0,0.0,0.0,0.0,0.0,0.0,0.0,0.0,0.0,0.0,0.0,0.0,0.0,0.0,0.0,0.0,0.0,0.0,0.0,0.0,0.0,0.0,0.0,0.0,0.0,0.0,0.0,0.0,0.0,0.0,0.0,0.0,0.0,0.00370850128252107,0.0,0.0,0.0,0.0,0.0,0.0,0.0,0.0,0.0,0.0,0.0,0.0,0.0,1.0,0.0,0.0,0.0,0.0,0.0,0.0,0.0,0.0,0.0,0.0,0.0
3670205, avtA, indel;-77, indel,3.49608,9.999e-05,120,-1.0,0.923077,119,0.9,0.521739,PASS,0.0,0.0,0.0,0.0,0.0,0.0,0.0,0.0,0.0,0.0,0.0,0.0,,0.0,0.0,0.0,0.0,0.0,0.0,0.0,0.0,0.0,0.0,,0.0,0.0,0.0,0.0,0.0,0.0,0.0,0.0,0.0,0.0,0.0,0.0,0.0,0.0,0.0,0.0,0.0,0.0,0.0,0.0,0.0,0.0,0.0,0.0,0.0,0.0,0.0,0.0,0.0,0.0,0.0,0.0,0.0,0.0,0.0,0.0,0.0,0.0,0.0,0.0,0.0,0.0,0.0,0.0,0.0,0.0,0.0,0.0,0.0,0.0,0.0,0.0,0.0,0.0,0.0,0.0,0.0,0.0,0.0,0.0,0.0,0.0,0.0,0.0,0.0,0.0,0.0,0.0,0.0,0.0,0.0,0.0,0.0,0.0,0.0,0.0,0.0,0.0,0.0,0.0,0.0,0.0,0.0,0.0,0.0,0.0,0.0,0.0,0.0,0.0,0.13651877133105803,0.2092050209205021,0.5022421524663677,0.7225806451612903,0.7357512953367875,0.8514851485148515,0.8767123287671232,0.0,0.0,0.0,0.0,0.0,0.0,0.0,0.0,0.0,0.0,0.0,0.0,0.0,0.0,0.0,0.0,0.0,0.0,0.0,0.0,0.0,0.0
3713694, ECB_03460, MOB_3713694_3713696_IS150_1, sv,1.16698,9.999e-05,120,-1.0,0.666667,119,0.9,0.923077,PASS,0.0,0.0,0.0,0.0,0.0,0.0,0.0,0.0,0.0,0.0,0.0,0.0,0.0,0.0,0.0,0.0,0.0,0.0,0.0,0.0,0.0,0.0,0.0,,0.0,0.0,0.0,0.0,0.0,0.0,0.0,0.0,0.0,0.0,0.0,0.0,0.0,0.0,0.0,0.0,0.0,0.0,0.0,0.0,0.0,0.0,0.0,0.0,0.0,0.0,0.0,0.0,0.0,0.0,0.0,0.0,0.0,0.0,0.0,0.0,0.0,0.0,0.0,0.0,0.0,0.0,0.0,0.0,0.0,0.0,0.0,0.0,0.0,0.0,0.015384615384615385,0.0,0.0,0.06818181818181818,0.04054054054054054,0.2692307692307692,0.7829457364341085,0.5348837209302325,0.59375,0.4715447154471545,0.6097560975609756,0.47572815533980584,0.6792452830188679,0.5691056910569106,0.4734042553191489,0.375,0.4431818181818182,0.5857142857142857,0.7857142857142857,0.7,0.7043478260869566,0.7777777777777778,0.8666666666666667,0.7892561983471075,0.764102564102564,0.6858638743455497,0.8850574712643678,0.6964285714285714,0.7024793388429752,0.7043478260869566,0.7756410256410257,0.8947368421052632,0.7959183673469388,0.65625,0.7142857142857143,0.889763779527559,0.6547619047619048,0.7846153846153846,0.7983193277310925,0.7932489451476793,0.7678571428571429,0.7610619469026548,0.8314176245210728,0.8045977011494253,0.7068062827225131,0.7936507936507936,0.9867549668874173,0.0,0.0,0.0,0.0,0.0,0.0,0.0,0.0,0.0,0.0,0.0,0.0,0.0,0.0,0.0,0.0,0.0,0.0,1.0,0.0,1.0,0.0
3716742, ECB_03460, MOB_3716742_3716750_IS1_1, sv,3.12723,9.999e-05,120,-1.0,0.0425532,119,0.9,0.115385,PASS,0.0,0.0,0.0,0.0,0.0,0.0,0.0,0.0,0.0,0.0,0.0,0.0,0.0,0.0,0.0,0.0,0.0,0.0,0.0,0.0,0.0,0.0,0.0,,0.0,0.0,0.0,0.0,0.0,0.0,0.0,0.0,0.0,0.0,0.0,0.0,0.0,0.0,0.0,0.0,0.0,0.0,0.0,0.0,0.0,0.0,0.0,0.0,0.0,0.0,0.0,0.0,0.0,0.0,0.0,0.0,0.0,0.0,0.0,0.0,0.0,0.0,0.0,0.0,0.0,0.0,0.0,0.0,0.0,0.0,0.0,0.0,0.0,0.0,0.0,0.0,0.0,0.0,0.0,0.0,0.0,0.0,0.0,0.0,0.0,0.0,0.0,0.0,0.0,0.0,0.0,0.0,0.0,0.0,0.0,0.0,0.0,0.0,0.0,0.0,0.0,0.025925925925925925,0.06694560669456066,0.11764705882352941,0.10324483775811209,0.05172413793103448,0.025806451612903226,0.056962025316455694,0.007692307692307693,0.006172839506172839,0.0,0.0,0.0,0.0,0.0,0.0,0.0,0.0,0.0,0.0,0.0,0.0,0.0,0.0,0.0,0.0,0.0,0.0,0.0,0.0,0.0,0.0,0.0,0.0,0.0,0.0,0.0,0.0,0.0,0.0,0.0,0.0,0.0
3755080, yicC, indel;+G;-1, indel,4.41205,0.00039996,120,-1.0,0.0447761,120,0.9,0.705882,PASS,0.0045662100456621,0.0,0.0,0.0,0.0,0.0,0.0,0.0,0.0,0.0,0.0,0.0,0.0,0.0,0.018518518518518517,0.0,0.0,0.0,0.0,0.0,0.0,0.0,0.0,,0.0,0.0,0.0,0.0,0.0,0.0,0.0,0.0,0.0,0.0,0.0,0.0,0.0,0.0,0.0,0.0,0.0,0.0,0.0,0.0,0.0,0.0,0.0,0.0,0.0,0.0,0.0,0.0,0.03225806451612903,0.0,0.0,0.0,0.0,0.0,0.0,0.0,0.2,0.1875,0.125,0.015151515151515152,0.023529411764705882,0.0,0.0,0.0,0.0,0.0,0.0,0.0,0.0,0.0,0.0,0.0,0.0,0.0,0.0,0.0,0.0,0.0,0.0,0.0,0.0,0.0,0.011904761904761904,0.0,0.0,0.0,0.0,0.0,0.0,0.0,0.0,0.0,0.0,0.0,0.0,0.0,0.014285714285714285,0.0,0.0,0.0,0.0,0.0,0.0,0.0,0.0,0.0,0.0,0.0,0.0,0.0,0.0,0.0,0.0,0.0,0.0,0.0,0.0,0.0,0.0,0.0,0.0,0.0,0.0,0.0,0.0,0.0,0.0,0.0,0.0,0.0,0.0,0.0,0.0,0.0,0.0,0.0,0.0,0.0,0.0
3762030, spoT, G->A, missense,1.54846,9.999e-05,120,-1.0,0.307692,116,0.9,0.5,PASS,0.0,0.0,0.0,0.0,0.0,0.0,0.0,0.0,0.0,0.0,0.0,0.0,,0.0,0.0,0.0,0.0,0.0,0.0,0.0,0.0,0.0,0.0,,0.0,0.0,0.0,0.037037037037037035,0.0,0.0,0.0,0.0,0.0,0.0,0.0,0.0,0.0,0.0,0.0,0.0,0.0,0.0,0.0,0.022727272727272728,0.0,0.0,0.0,0.0,0.0,0.0,0.03225806451612903,0.0,0.0,0.0,0.0,0.0,0.0,0.0,0.0,0.0,0.0,0.0,0.0,0.0,0.0,0.0,0.0,0.0,0.0,0.0,0.0,0.0,0.0,0.0,0.0,0.0,0.0,0.0,0.0,0.0,0.0,0.0,0.0,0.0,0.0,0.0,0.0,0.0,0.0,0.0,0.0,0.0,0.0,0.1111111111111111,0.21428571428571427,0.07692307692307693,0.2857142857142857,0.075,0.21052631578947367,0.3,0.15151515151515152,0.22580645161290322,0.3548387096774194,0.33783783783783783,0.35802469135802467,0.38461538461538464,0.4411764705882353,0.3448275862068966,0.14285714285714285,0.20833333333333334,0.3888888888888889,0.3333333333333333,0.2692307692307692,0.29310344827586204,0.3888888888888889,0.42105263157894735,0.13725490196078433,0.16363636363636364,0.23255813953488372,0.20833333333333334,0.08695652173913043,0.0,0.0,0.0,0.0,0.0,0.0,0.0,0.0,0.0,0.0,0.0,0.0,0.0,0.0,0.0,0.0,0.0,0.0,0.0,0.0,0.0,1.0
3762576, spoT, A->C, missense,0.991239,9.999e-05,120,-1.0,0.545455,118,0.9,0.75,PASS,0.0,0.0,0.0,0.0,0.0,0.0,0.0,0.0,0.0,0.0,0.09090909090909091,0.9583333333333334,,0.8901098901098901,1.0,1.0,1.0,1.0,1.0,1.0,1.0,1.0,1.0,,1.0,1.0,1.0,1.0,1.0,1.0,1.0,1.0,1.0,1.0,1.0,1.0,0.9833333333333333,1.0,1.0,0.9836065573770492,1.0,1.0,1.0,1.0,1.0,1.0,1.0,1.0,1.0,1.0,1.0,1.0,1.0,1.0,1.0,1.0,1.0,1.0,1.0,1.0,1.0,1.0,1.0,1.0,1.0,1.0,1.0,1.0,1.0,1.0,1.0,1.0,1.0,1.0,1.0,1.0,1.0,1.0,1.0,1.0,1.0,1.0,1.0,1.0,1.0,1.0,1.0,0.9705882352941176,1.0,1.0,1.0,1.0,1.0,1.0,1.0,1.0,1.0,1.0,1.0,1.0,1.0,1.0,1.0,1.0,1.0,1.0,1.0,1.0,1.0,1.0,1.0,1.0,1.0,1.0,1.0,1.0,1.0,1.0,1.0,1.0,1.0,0.0,0.0,0.0,0.0,0.0,0.0,0.0,0.0,0.0,0.22413793103448276,0.99,1.0,1.0,0.972972972972973,1.0,1.0,1.0,0.9904761904761905,1.0,1.0,1.0,1.0
3767459, gltS, indel;-18, indel,5.21886,0.00059994,120,-1.0,0.0542986,119,0.9,0.00302115,PASS,0.0,0.0,0.0,0.0,0.0,0.0,0.0,0.0,0.0,0.0,0.0,0.0,0.0,0.0,0.0,0.0,0.0,0.0,0.0,0.0,0.0,0.0,0.0,,0.0,0.0,0.0,0.0,0.0,0.0,0.0,0.0,0.0,0.0,0.0,0.0,0.0,0.0,0.0,0.0,0.0,0.0,0.0,0.0,0.0,0.0,0.0,0.0,0.0,0.0,0.0,0.0,0.0,0.0,0.0,0.0,0.0,0.0,0.0,0.0,0.0,0.0,0.0,0.0,0.0,0.0,0.0,0.0,0.0,0.0,0.0,0.0,0.0,0.0,0.0,0.0,0.0,0.0,0.0,0.0,0.0,0.0,0.0,0.0,0.0,0.0,0.0,0.0,0.0,0.0,0.0,0.0,0.0,0.11730205278592375,0.038461538461538464,0.11538461538461539,0.0,0.0,0.0,0.0,0.0,0.0,0.0,0.0,0.0,0.0,0.0,0.0,0.0,0.0,0.0,0.0,0.0,0.0,0.0,0.0,0.0,0.0,0.0,0.0,0.0,0.0,0.0,0.0,0.0,0.0,0.0,0.0,0.0,0.0,0.0,0.0,0.0,0.0,0.0,0.0,0.0,0.0,0.0,0.0,0.0,0.0,0.0
3789553, ECB_03531, G->A, nonsense,3.5737,0.00019998,120,-1.0,0.923077,119,0.9,1.0,PASS,0.0,0.0,0.0,0.0,0.0,0.0,0.0,0.0,0.0,0.013333333333333334,0.0,0.0,0.0,0.0,0.0,0.0,0.0,0.0,0.0,0.0,0.0,0.0,0.0,,0.0,0.0,0.0,0.0,0.0,0.0,0.0,0.0,0.0,0.0,0.0,0.0,0.0,0.0,0.0,0.0,0.0,0.0,0.0,0.0,0.0,0.0,0.0,0.0,0.0,0.0,0.0,0.0,0.0,0.0,0.0,0.0,0.0,0.0,0.0,0.0,0.008333333333333333,0.0,0.0,0.0,0.0,0.0,0.0,0.0,0.0,0.0,0.0,0.0,0.0,0.0,0.0,0.0,0.014084507042253521,0.0,0.0,0.0,0.0,0.0,0.0,0.0,0.0,0.0,0.0,0.0,0.0,0.0,0.0,0.0,0.0,0.0,0.0,0.0,0.0,0.0,0.0,0.0,0.0,0.0,0.0,0.0,0.0,0.0,0.0,0.0,0.0,0.0,0.0,0.0,0.0,0.0,0.0,0.09223300970873786,0.23786407766990292,0.3950617283950617,0.5571428571428572,0.6824324324324325,0.7054794520547946,0.0,0.0,0.0,0.0,0.0,0.0,0.0,0.0,0.0,0.0,0.0,0.0,0.0,0.0,0.0,0.0,0.0,0.0,0.0,0.0,0.0,0.0
3798705, yicL, C->A, missense,1.83435,9.999e-05,120,-1.0,0.4,119,0.9,0.5,PASS,0.0,0.0,0.0,0.0,0.0,0.0,0.0,0.0,0.0,0.0,0.0,0.0,,0.0,0.0,0.0,0.0,0.0,0.0,0.0,0.0,0.0,0.0,,0.0,0.0,0.0,0.0,0.0,0.0,0.0,0.0,0.0,0.0,0.0,0.0,0.0,0.0,0.0,0.0,0.0,0.0,0.0,0.0,0.0,0.0,0.0,0.0,0.0,0.0,0.0,0.0,0.0,0.0,0.0,0.0,0.0,0.0,0.0,0.0,0.0,0.0,0.0,0.0,0.0,0.0,0.0,0.0,0.0,0.0,0.0,0.0,0.0,0.0,0.0,0.0,0.0,0.0,0.0,0.0,0.0,0.0,0.0,0.0,0.0,0.0,0.0,0.0,0.0,0.0,0.0,0.0,0.0,0.0,0.0,0.0,0.0,0.0,0.03076923076923077,0.04411764705882353,0.08928571428571429,0.17045454545454544,0.12048192771084337,0.09574468085106383,0.13761467889908258,0.043478260869565216,0.3076923076923077,0.3333333333333333,0.32653061224489793,0.15,0.36,0.23529411764705882,0.3181818181818182,0.23469387755102042,0.4098360655737705,0.20952380952380953,0.14,0.1774193548387097,0.25555555555555554,0.1568627450980392,0.08,0.0,0.0,0.0,0.0,0.0,0.0,0.0,0.0,0.0,0.0,0.0,0.0,0.0,0.0,0.0,0.0,0.0,0.0,0.0,0.0,0.0,1.0
3799002, yicL, G->A, missense,0.662451,9.999e-05,120,-1.0,0.8,119,0.9,0.923077,PASS,0.004975124378109453,0.0,0.0,0.0,0.0,0.0,0.0,0.0,0.0,0.0,0.0,0.0,,0.0,0.0,0.0,0.0,0.0,0.0,0.0,0.0,0.0,0.0,,0.0,0.0,0.0,0.0,0.0,0.0,0.02666666666666667,0.0,0.13402061855670103,0.13043478260869565,0.058823529411764705,0.05405405405405406,0.11764705882352941,0.5368421052631579,0.31343283582089554,0.22784810126582278,0.7647058823529411,0.723404255319149,0.425,0.525,0.5510204081632653,0.8048780487804879,0.7358490566037735,0.48148148148148145,0.9555555555555556,0.8723404255319149,0.8571428571428571,0.8947368421052632,0.76,0.9210526315789473,0.9615384615384616,0.9444444444444444,0.8461538461538461,0.9333333333333333,0.8695652173913043,0.8823529411764706,0.8688524590163934,0.9230769230769231,0.8333333333333334,0.7872340425531915,0.7627118644067796,0.85,0.8085106382978723,0.8484848484848485,0.7333333333333333,0.6,0.1875,0.7272727272727273,0.8,0.1282051282051282,0.2,0.5714285714285714,0.48484848484848486,0.4146341463414634,0.3,0.5833333333333334,0.7674418604651163,0.5666666666666667,0.5,0.37037037037037035,0.41818181818181815,0.5238095238095238,0.5483870967741935,0.5217391304347826,0.5121951219512195,0.35714285714285715,0.625,0.7586206896551724,0.9655172413793104,0.7647058823529411,0.8888888888888888,0.8571428571428571,0.8913043478260869,0.8125,0.6282051282051282,0.7083333333333334,0.8888888888888888,0.7476635514018691,0.6,0.6869565217391305,0.7461538461538462,0.775,0.639344262295082,0.66,0.6666666666666666,0.7333333333333333,0.7142857142857143,0.7,0.746268656716418,0.735632183908046,0.6666666666666666,0.7078651685393258,0.8691588785046729,0.8024691358024691,0.6705882352941176,0.8275862068965517,0.921875,0.0,0.0,0.0,0.0,0.0,0.0,0.0,0.0,0.0,0.0,0.0,0.0,0.0,0.0,0.0,1.0,1.0,0.9803921568627451,1.0,0.0,1.0,0.0
3857365, yieH, G->A, missense,1.01632,9.999e-05,120,-1.0,0.545455,119,0.9,0.631579,PASS,0.0,0.0,0.0,0.0,0.0,0.0,0.0,0.0,0.0,0.0,0.0,0.0,,0.0,0.0,0.0,0.0,0.0,0.0,0.0,0.0125,0.0,0.0,,0.0,0.0,0.0,0.0,0.0,0.0,0.0,0.0,0.0,0.0,0.0,0.0,0.0,0.0,0.0,0.0,0.0,0.0,0.0,0.0,0.0,0.0,0.0,0.0,0.0,0.0,0.0,0.0,0.0,0.0,0.0,0.0,0.0,0.0,0.0,0.0,0.0,0.0,0.0,0.3333333333333333,0.5275590551181102,0.5866666666666667,0.6875,0.7941176470588235,0.6857142857142857,0.7647058823529411,0.6666666666666666,0.625,0.4897959183673469,0.24285714285714285,0.22,0.46808510638297873,0.4861111111111111,0.5614035087719298,0.38961038961038963,0.5178571428571429,0.7444444444444445,0.5142857142857142,0.52,0.4634146341463415,0.5057471264367817,0.509090909090909,0.7230769230769231,0.5842696629213483,0.5098039215686274,0.52,0.4339622641509434,0.7714285714285715,0.75,0.7407407407407407,0.8,0.8260869565217391,0.8235294117647058,0.7961165048543689,0.6931818181818182,0.7096774193548387,0.8446601941747572,0.7466666666666667,0.6159420289855072,0.7707006369426752,0.7295918367346939,0.8055555555555556,0.7628865979381443,0.6829268292682927,0.7205882352941176,0.8571428571428571,0.6153846153846154,0.7818181818181819,0.6951219512195121,0.7571428571428571,0.7422680412371134,0.7610062893081762,0.8518518518518519,0.8319327731092437,0.7969924812030075,0.7402597402597403,0.9361702127659575,0.0,0.0,0.0,0.0,0.0,0.0,0.0,0.0,0.0,0.0,0.0,0.0,0.0,0.0,0.0,0.0,0.0,0.0,1.0,0.0,1.0,0.0
3862583, yieC, junction_3862583_1_IS1_end, sv,2.82957,0.011083,120,-1.0,0.631579,119,0.9,0.6,PASS,0.0,0.0,0.0,0.0,0.0,0.0,0.0,0.0,0.0,0.0,0.0,0.0,0.0,0.0,0.0,0.0,0.0,0.0,0.0,0.0,0.0,0.0,0.0,,0.0,0.0,0.0,0.0,0.0,0.0,0.0,0.0,0.0,0.0,0.0,0.0,0.0,0.0,0.0,0.0,0.0,0.0,0.0,0.0,0.0,0.0,0.0,0.0,0.0,0.0,0.0,0.0,0.0,0.0,0.0,0.0,0.0,0.0,0.0,0.0,0.0,0.0,0.0,0.0,0.0,0.0,0.0,0.013440860215053762,0.12152777777777778,0.10067114093959731,0.0,0.0,0.05319148936170213,0.04032258064516129,0.0,0.1724137931034483,0.050505050505050504,0.3174603174603175,0.08762322015334063,0.0,0.0,0.0,0.0,0.0,0.0,0.0,0.0,0.0,0.0,0.0,0.0,0.0,0.0,0.0,0.0,0.0,0.0,0.0,0.0,0.0,0.0,0.0,0.0,0.0,0.0,0.0,0.0,0.0,0.0,0.0,0.0,0.0,0.0,0.0,0.0,0.0,0.0,0.0,0.0,0.0,0.0,0.0,0.0,0.0,0.0,0.0,0.0,0.0,0.0,0.0,0.0,0.0,0.0,0.0,0.0,0.0,0.0,0.0,0.0,0.0,0.0,0.0,0.0
3862591, yieC, junction_3862591_-1_IS1_end, sv,3.77541,0.00259974,120,-1.0,0.923077,119,0.9,0.8,PASS,0.0,0.0,0.0,0.0,0.0,0.0,0.0,0.0,0.0,0.0,0.0,0.0,0.0,0.0,0.0,0.0,0.0,0.0,0.0,0.0,0.0,0.0,0.0,,0.0,0.0,0.0,0.0,0.0,0.0,0.0,0.0,0.0,0.0,0.0,0.0,0.0,0.0,0.0,0.0,0.0,0.0,0.0,0.0,0.0,0.0,0.0,0.0,0.0,0.0,0.0,0.0,0.0,0.0,0.0,0.0,0.0,0.0,0.0,0.0,0.0,0.0,0.0,0.0,0.0,0.0,0.0,0.013888888888888888,0.0196078431372549,0.07407407407407407,0.0,0.0,0.0,0.0,0.0,0.0,0.25925925925925924,0.06896551724137931,0.03488372093023256,0.045454545454545456,0.0,0.0,0.0,0.0,0.0,0.0,0.0,0.0,0.0,0.0,0.0,0.0,0.0,0.0,0.0,0.0,0.0,0.0,0.0,0.0,0.0,0.0,0.0,0.0,0.0,0.0,0.0,0.0,0.0,0.0,0.0,0.0,0.0,0.0,0.0,0.0,0.0,0.0,0.0,0.0,0.0,0.0,0.0,0.0,0.0,0.0,0.0,0.0,0.0,0.0,0.0,0.0,0.0,0.0,0.0,0.0,0.0,0.0,0.0,0.0,0.0,0.0,0.0
3873274, glmS, T->A, missense,1.07314,9.999e-05,120,-1.0,0.428571,119,0.9,0.444444,PASS,0.0,0.0,,0.0,0.0,0.0,0.0,0.0,0.0,0.0,0.0,0.0,,0.0,0.0,0.0,0.0,0.0,0.0,0.0,0.0,0.0,0.0,,0.0,0.0,0.0,0.0,0.0,0.0,0.0,0.0,0.0,0.0,0.0,0.0,0.0,0.0,0.0,0.0,0.0,0.0,0.0,0.0,0.0,0.0,0.0,0.0,0.0,0.0,0.0,0.0,0.13043478260869565,0.05172413793103448,0.08108108108108109,0.08695652173913043,0.0,0.045454545454545456,0.14285714285714285,0.0,0.07042253521126761,0.2,0.13636363636363635,0.1875,0.23684210526315788,0.22641509433962265,0.352112676056338,0.1518987341772152,0.22033898305084745,0.5294117647058824,0.5294117647058824,0.875,0.48,0.7272727272727273,0.7407407407407407,0.5161290322580645,0.3333333333333333,0.5263157894736842,0.691358024691358,0.5714285714285714,0.07692307692307693,0.5625,0.5384615384615384,0.4,0.4444444444444444,0.5151515151515151,0.40540540540540543,0.4716981132075472,0.4235294117647059,0.3870967741935484,0.6,0.3181818181818182,0.23076923076923078,0.4,0.12244897959183673,0.2,0.2413793103448276,0.14563106796116504,0.1744186046511628,0.32432432432432434,0.16049382716049382,0.3142857142857143,0.30973451327433627,0.3153846153846154,0.22424242424242424,0.2463768115942029,0.2571428571428571,0.38596491228070173,0.21951219512195122,0.17333333333333334,0.36363636363636365,0.17647058823529413,0.208955223880597,0.2689075630252101,0.23076923076923078,0.15966386554621848,0.11607142857142858,0.2631578947368421,0.20454545454545456,0.1724137931034483,0.046875,0.0,0.0,0.0,0.0,0.0,0.0,0.0,0.0,0.0,0.0,0.0,0.0,0.02040816326530612,0.0,0.0,0.0,0.0,0.0,0.0,1.0,0.0,1.0
3893550, intergenic, indel;C;+G;G;+GG;+T;+GGG, indel,1.16627,9.999e-05,120,-1.0,1.0,120,0.9,1.0,PASS,0.0,0.0,,0.09523809523809523,0.0,0.0,0.021739130434782608,0.0,0.012345679012345678,0.0,0.02702702702702703,0.027777777777777776,,0.017094017094017096,0.017241379310344827,0.05263157894736842,0.044444444444444446,0.0,0.0,0.011363636363636364,0.018518518518518517,0.0,0.0,,0.0,0.0,0.014285714285714285,0.02666666666666667,0.0,0.03409090909090909,0.02197802197802198,0.0,0.009433962264150943,0.0,0.14285714285714285,0.1111111111111111,0.05154639175257732,0.02247191011235955,0.010869565217391304,0.013888888888888888,0.04081632653061224,0.08571428571428572,0.057692307692307696,0.020833333333333332,0.023809523809523808,0.0,0.0,0.0,0.029411764705882353,0.06944444444444445,0.11904761904761904,0.0,0.08333333333333333,0.0784313725490196,0.0196078431372549,0.0,0.05263157894736842,0.06666666666666667,0.0,0.0,0.07407407407407407,0.02857142857142857,0.2,0.1038961038961039,0.04918032786885246,0.05084745762711865,0.0,0.10588235294117647,0.07142857142857142,0.13157894736842105,0.125,0.125,0.04,0.0,0.05128205128205128,0.03125,0.0625,0.047619047619047616,0.011627906976744186,0.022222222222222223,0.015873015873015872,0.07142857142857142,0.05555555555555555,0.09333333333333334,0.1267605633802817,0.09375,0.43243243243243246,0.5166666666666667,0.4854368932038835,0.3076923076923077,0.4583333333333333,0.7777777777777778,0.7878787878787878,0.7441860465116279,0.7209302325581395,0.7435897435897436,0.8095238095238095,0.8181818181818182,0.6831683168316832,0.6021505376344086,0.8072289156626506,0.75,0.680672268907563,0.6666666666666666,0.7034883720930233,0.8541666666666666,0.6338028169014085,0.78,0.6458333333333334,0.6666666666666666,0.59375,0.6875,0.6666666666666666,0.7247706422018348,0.5753424657534246,0.6267605633802817,0.8230088495575221,0.8181818181818182,0.6804123711340206,0.6862745098039216,0.7717391304347826,0.0,0.0,0.0,0.8888888888888888,0.0,0.0,0.0,0.0,0.0,0.0,0.021505376344086023,0.0,0.0,0.0,0.0,0.017699115044247787,0.0,0.0,0.0,0.0,0.8144329896907216,0.0
3901709, yieO, junction_3901709_1_IS150_end, sv,0.992696,9.999e-05,120,-1.0,0.857143,118,0.9,0.75,PASS,0.0,0.051128535353535357,1.0,1.0,0.9819926335174954,1.0,1.0,1.0,1.0,1.0,1.0,1.0,,1.0,1.0,1.0,1.0,1.0,1.0,1.0,1.0,1.0,1.0,,1.0,1.0,1.0,1.0,1.0,1.0,1.0,1.0,1.0,1.0,1.0,1.0,1.0,1.0,1.0,1.0,1.0,1.0,1.0,1.0,1.0,1.0,1.0,1.0,1.0,1.0,1.0,1.0,1.0,1.0,1.0,1.0,0.9022722772277227,1.0,1.0,1.0,1.0,1.0,1.0,1.0,1.0,1.0,1.0,1.0,1.0,1.0,1.0,1.0,1.0,1.0,1.0,1.0,1.0,1.0,1.0,1.0,1.0,1.0,1.0,1.0,1.0,1.0,1.0,1.0,1.0,1.0,1.0,1.0,1.0,1.0,1.0,1.0,1.0,1.0,1.0,1.0,1.0,1.0,1.0,1.0,1.0,1.0,1.0,1.0,1.0,1.0,1.0,0.9827833037300178,1.0,1.0,1.0,1.0,1.0,1.0,1.0,1.0,1.0,0.50877,0.0,1.0,1.0,1.0,1.0,1.0,1.0,1.0,1.0,1.0,1.0,1.0,1.0,1.0,1.0,0.9897486744432661,1.0,0.977979498861048,1.0,0.9945614707008809,1.0
3911965, intergenic, indel;C;-1;G;+T, indel,0.987918,9.999e-05,120,-1.0,1.0,109,0.9,0.0123584,PASS,0.0,0.0,,0.0,0.0,0.0,0.0,0.0,0.0,0.0,0.0,0.0,,0.0,0.0,0.0,0.0,0.0,0.0,0.0,0.0,0.0,0.0,,0.0,0.0,0.0,0.0,0.0,0.0,0.0,0.0,0.0,0.0,0.0,0.0,0.0,0.0,0.0,0.0,0.0,0.0,0.0,0.0,0.0,0.0,0.0,0.0,0.0,0.0,0.0,0.0,0.0,0.0,0.0,0.0,0.0,0.0,0.0,0.0,0.058823529411764705,0.0,0.0,0.0,0.0,0.0,0.0,0.0,0.0,0.2,0.0,0.0,0.0,0.07692307692307693,0.15789473684210525,0.25,0.375,0.7142857142857143,0.5833333333333334,0.5555555555555556,0.16666666666666666,0.375,0.5,0.35714285714285715,0.4,0.6923076923076923,0.2857142857142857,0.41379310344827586,0.35135135135135137,0.6363636363636364,0.4074074074074074,0.25,0.18181818181818182,0.5,0.3125,0.18181818181818182,0.0,0.10869565217391304,0.2682926829268293,0.29508196721311475,0.08163265306122448,0.3157894736842105,0.2777777777777778,0.2028985507246377,0.3402061855670103,0.25,0.32142857142857145,0.40540540540540543,0.08333333333333333,0.3142857142857143,0.3181818181818182,0.35714285714285715,0.42424242424242425,0.30158730158730157,0.2647058823529412,0.35,0.15384615384615385,0.15555555555555556,0.375,0.14285714285714285,0.07272727272727272,0.0,0.0,0.0,0.014492753623188406,0.0,0.0,0.0,0.0,0.0,0.0,0.0,0.0,0.0,0.0,0.0,0.0,0.0,0.0,0.029411764705882353,0.6888888888888889,0.0,0.9772727272727273
3958797, xerC, C->T, missense,3.67727,0.00449955,120,-1.0,0.164384,119,0.9,0.631579,PASS,0.005235602094240838,0.0,0.0,0.0,0.0,0.0,0.0,0.0,0.0,0.0,0.0,0.0,0.0,0.0,0.0,0.0,0.0,0.0,0.0,0.0,0.0,0.0,0.0,,0.0,0.0,0.0,0.0,0.0,0.0,0.014705882352941176,0.0,0.0,0.0,0.0,0.0,0.0,0.011235955056179775,0.0,0.014492753623188406,0.0,0.0,0.0,0.0,0.0,0.0,0.0,0.0,0.0,0.0,0.0,0.0,0.0,0.0,0.0,0.0,0.0,0.0,0.0,0.0,0.0,0.0,0.0,0.0,0.0,0.0,0.0,0.0,0.0,0.125,0.13333333333333333,0.0,0.0,0.0,0.0,0.0,0.0,0.0,0.0,0.0,0.0,0.0,0.0,0.0,0.0,0.0,0.0,0.0,0.0,0.05714285714285714,0.0,0.0,0.0,0.0,0.0,0.0,0.0,0.0,0.0,0.0,0.015384615384615385,0.0,0.0,0.0,0.0,0.0,0.0,0.0,0.0,0.0,0.0,0.0,0.0,0.0,0.0,0.0,0.0,0.0,0.0,0.0,0.0,0.0,0.0,0.0,0.0,0.0,0.0,0.0,0.0,0.0,0.0,0.0,0.0,0.0,0.0,0.0,0.0,0.0,0.0,0.0,0.0,0.004201680672268907,0.0
4012562, trkH, T->G, missense,4.15631,0.00812399,120,-1.0,0.137931,118,0.9,0.255319,PASS,0.0,0.0,0.0,0.24489795918367346,0.45714285714285713,0.0,0.019230769230769232,0.024390243902439025,0.0,0.0,0.09090909090909091,0.16666666666666666,0.0,0.037037037037037035,0.0,0.0,0.0,0.0,0.0,0.0,0.0,0.0,0.0,,0.0,0.0,0.0,0.0,0.0,0.0,0.0,0.0,0.0,0.0,0.0,0.0,0.0,0.0,0.0,0.0,0.0,0.0,0.0,0.0,0.0,0.0,0.0,0.0,0.0,0.0,0.0,0.0,0.0,0.0,0.0,0.0,0.0,0.0,0.0,0.0,0.0,0.0,0.0,0.0,0.015384615384615385,0.0,0.0,0.0,0.0,0.0,0.0,0.0,0.0,0.0,0.0,0.0,0.0,0.0,0.0,0.0,0.0,0.0,0.0,0.0,0.0,0.0,0.0,0.0,0.0,0.0,0.0,0.0,0.0,0.0,0.0,0.0,0.0,0.0,0.0,0.0,0.0,0.0,0.0,0.0,0.0,0.0,0.0,0.0,0.0,0.0,0.0,0.030303030303030304,0.0,0.0,0.0,0.0,0.0,0.0,0.0,0.0,0.0,0.0,0.0,0.0,0.0,0.014705882352941176,0.0,1.0,1.0,0.015625,0.0,0.014492753623188406,0.0,0.0,0.0,0.0,0.018867924528301886,0.0,0.0,0.0,0.0,0.0427807486631016,0.0
4025052, intergenic, A->G, noncoding,2.80425,9.999e-05,120,-1.0,1.0,116,0.9,0.631579,PASS,0.0,0.0,0.0,0.0,0.0,0.0,0.0,0.0,0.0,0.0,0.0,0.0,,0.0,0.0,0.0,0.0,0.0,0.0,0.0,0.0,0.0,0.0,,0.0,0.0,0.01639344262295082,0.0,0.0,0.0,0.024390243902439025,0.2413793103448276,0.33,0.45,0.631578947368421,0.46875,0.42,0.0625,0.10606060606060606,0.15384615384615385,0.09210526315789473,0.12903225806451613,0.075,0.02857142857142857,0.0975609756097561,0.10256410256410256,0.05405405405405406,0.0,0.02631578947368421,0.0,0.0,0.0,0.0,0.0,0.0,0.0,0.0,0.0,0.0,0.0,0.0,0.0,0.0,0.0,0.0,0.0,0.0,0.0,0.0,0.0,0.0,0.0,0.0,0.0,0.0,0.0,0.0,0.0,0.0,0.0,0.0,0.0,0.0,0.0,0.0,0.0,0.0,0.0,0.0,0.0,0.0,0.0,0.0,0.0,0.0,0.0,0.0,0.0,0.0,0.0,0.0,0.0,0.0,0.0,0.0,0.0,0.0,0.0,0.0,0.0,0.0,0.0,0.0,0.0,0.0,0.0,0.0,0.0,0.0,0.0,0.0,0.0,0.0,0.0,0.0,0.0,0.0,0.0,0.0,0.0,0.0,0.0,0.0,0.0,0.0,0.0,0.0,0.0,0.0,0.0,0.0,0.0,0.0
4049580, yihS, MOB_4049580_4049582_IS150_-1, sv,1.58482,0.00029997,120,-1.0,0.169014,119,0.9,0.315789,PASS,0.0,0.0,0.0,0.0,0.01694915254237288,0.0,0.0,0.0,0.0,0.0,0.0,0.0,,0.0,0.0,0.0,0.0,0.0,0.0,0.0,0.0,0.0,0.0,,0.0,0.0,0.0,0.0,0.0,0.0,0.0,0.0,0.01639344262295082,0.0,0.01639344262295082,0.0,0.0,0.0,0.0,0.0,0.006802721088435374,0.0,0.0,0.0,0.0,0.0,0.0,0.0125,0.0,0.009009009009009009,0.0,0.0,0.0,0.0,0.0,0.0,0.0,0.0,0.0,0.0,0.01098901098901099,0.15151515151515152,0.0,0.033707865168539325,0.027586206896551724,0.0,0.0,0.007518796992481203,0.022727272727272728,0.0,0.0,0.0,0.0,0.0,0.025,0.02631578947368421,0.0,0.05172413793103448,0.008130081300813009,0.02127659574468085,0.03333333333333333,0.02564102564102564,0.04,0.0,0.016666666666666666,0.017241379310344827,0.0,0.0,0.03571428571428571,0.02702702702702703,0.0625,0.04081632653061224,0.016666666666666666,0.058823529411764705,0.0,0.0,0.0,0.024691358024691357,0.037037037037037035,0.044444444444444446,0.12751677852348994,0.1678832116788321,0.05952380952380952,0.09090909090909091,0.038834951456310676,0.04838709677419355,0.008264462809917356,0.0,0.0,0.019230769230769232,0.029850746268656716,0.015151515151515152,0.010526315789473684,0.0,0.0,0.0072992700729927005,0.008,0.0,0.015267175572519083,0.03389830508474576,0.0,0.0,0.0,0.0,0.0,0.0,0.0,0.0,0.0,0.0,0.0,0.0,0.0,0.0,0.0,0.005780346820809248,0.0,0.0,0.0,0.0,0.0,0.0,0.0
4073812, rhaD, G->A, synonymous,3.64777,0.00259974,120,-1.0,0.444444,119,0.9,0.6,PASS,0.0,0.0,0.0,0.0,0.0,0.0,0.0,0.0,0.0,0.0,0.0,0.0,,0.0,0.0,0.0,0.0,0.0,0.0,0.0,0.0,0.018867924528301886,0.10714285714285714,,0.16666666666666666,0.0,0.0,0.0,0.0,0.0,0.0,0.0,0.014285714285714285,0.0,0.0,0.0,0.0,0.0,0.0,0.0,0.0,0.0,0.02702702702702703,0.0,0.0,0.0,0.0,0.0,0.0,0.0,0.0,0.0,0.0,0.0,0.034482758620689655,0.0,0.0,0.0,0.0,0.0,0.0,0.0,0.043478260869565216,0.0,0.0,0.0,0.0,0.0,0.0,0.0,0.0,0.0,0.0,0.0,0.0,0.0,0.0,0.0,0.0,0.0,0.0,0.0,0.0,0.038461538461538464,0.0,0.0,0.0,0.0,0.0,0.0,0.0,0.0,0.0,0.0,0.0,0.0,0.0,0.0,0.0,0.0,0.0,0.0,0.0,0.0,0.0,0.0,0.0,0.0,0.0,0.0,0.0,0.0,0.0,0.0,0.0,0.0,0.0,0.0,0.0,0.0,0.0,0.0,0.0,0.0,0.0,0.0,0.0,0.0,0.0,0.0,0.0,0.0,0.0,0.0,0.0,0.0,0.0,0.0,0.0,0.0,0.0,0.0,0.0
4087599, pfkA, T->G, missense,0.79571,9.999e-05,120,-1.0,0.4,119,0.9,0.115385,PASS,0.0,0.0,0.0,0.0,0.0,0.0,0.0,0.0,0.0,0.0,0.0,0.0,,0.0,0.0,0.0,0.0,0.0,0.0,0.0,0.0,0.0,0.029411764705882353,,0.0,0.0,0.0,0.0,0.0,0.0,0.0,0.0196078431372549,0.13541666666666666,0.0,0.21568627450980393,0.0,0.12941176470588237,0.17333333333333334,0.2736842105263158,0.44776119402985076,0.3333333333333333,0.22950819672131148,0.3191489361702128,0.3333333333333333,0.16666666666666666,0.28205128205128205,0.2641509433962264,0.225,0.06521739130434782,0.16071428571428573,0.17391304347826086,0.12307692307692308,0.1111111111111111,0.0784313725490196,0.1388888888888889,0.05714285714285714,0.2,0.17391304347826086,0.0,0.11764705882352941,0.058823529411764705,0.13157894736842105,0.07142857142857142,0.1746031746031746,0.18461538461538463,0.20408163265306123,0.2553191489361702,0.031578947368421054,0.2413793103448276,0.55,0.6363636363636364,0.375,0.26666666666666666,0.7111111111111111,0.6666666666666666,0.5357142857142857,0.26666666666666666,0.6,0.7222222222222222,0.6888888888888889,0.12962962962962962,0.44,0.425531914893617,0.5131578947368421,0.3620689655172414,0.47368421052631576,0.4,0.5151515151515151,0.5079365079365079,0.6551724137931034,0.5,0.30303030303030304,0.23333333333333334,0.0625,0.1,0.29411764705882354,0.06451612903225806,0.21518987341772153,0.3157894736842105,0.34146341463414637,0.14545454545454545,0.25,0.3611111111111111,0.26785714285714285,0.1506849315068493,0.20454545454545456,0.3939393939393939,0.171875,0.3076923076923077,0.17647058823529413,0.3103448275862069,0.3191489361702128,0.3695652173913043,0.2549019607843137,0.2909090909090909,0.21348314606741572,0.12162162162162163,0.18518518518518517,0.35,0.18181818181818182,0.15517241379310345,0.0,0.0,0.0,0.0,0.0,0.0,0.0,0.0,0.0,0.0,0.0,0.0,0.0,0.0,1.0,0.0,0.0,0.0,0.0,1.0,0.0,1.0
4100276, hslU, T->G, missense,3.54473,0.00109989,120,-1.0,0.0916031,118,0.9,0.0116845,PASS,0.0,0.0,0.0,0.0,0.0,0.0,0.05555555555555555,0.0,0.0410958904109589,0.06896551724137931,0.047619047619047616,0.2692307692307692,,0.11650485436893204,0.029411764705882353,0.0,0.0,0.0,0.0,0.0,0.0,0.0,0.0,,0.0,0.0,0.0,0.0,0.0,0.0,0.0,0.0,0.0,0.0,0.0,0.0,0.0,0.0,0.0,0.0,0.0,0.0,0.0,0.0,0.0,0.0,0.0,0.0,0.0,0.0,0.0,0.0,0.0,0.0,0.0,0.0,0.0,0.0,0.0,0.0,0.0,0.0,0.0,0.018518518518518517,0.0,0.0,0.0,0.0,0.0,0.0,0.0,0.0,0.0,0.0,0.0,0.0,0.0,0.0,0.0,0.0,0.0,0.0,0.0,0.0,0.0,0.0,0.0,0.0,0.0,0.0,0.0,0.0,0.0,0.0,0.0,0.0,0.0,0.017241379310344827,0.0,0.0,0.0,0.0,0.0,0.0,0.0,0.0,0.0,0.0,0.0,0.0,0.0,0.0,0.0,0.0,0.0,0.0,0.0,0.0,0.0,0.0,0.0,0.0,0.0,0.0,0.0,0.0,0.0,0.0,0.0,0.0,0.0,0.0,0.0,0.0,0.0,0.0,0.0,0.0,0.0,0.0,0.0,0.0,0.0
4101029, hslU, G->A, missense,0.984235,9.999e-05,120,-1.0,0.114286,117,0.9,0.272727,PASS,0.0,0.0,0.0,0.0,0.1724137931034483,1.0,0.9393939393939394,1.0,0.896551724137931,0.9655172413793104,0.9285714285714286,0.8,0.0,0.9367088607594937,1.0,1.0,1.0,1.0,1.0,1.0,1.0,1.0,1.0,1.0,1.0,1.0,1.0,1.0,1.0,1.0,1.0,1.0,1.0,1.0,1.0,1.0,1.0,1.0,1.0,1.0,1.0,1.0,1.0,1.0,1.0,1.0,1.0,1.0,0.9705882352941176,1.0,1.0,1.0,1.0,1.0,1.0,1.0,1.0,1.0,1.0,1.0,1.0,1.0,1.0,1.0,1.0,1.0,1.0,1.0,1.0,1.0,1.0,1.0,1.0,1.0,1.0,1.0,1.0,1.0,1.0,1.0,1.0,1.0,1.0,1.0,1.0,1.0,1.0,1.0,1.0,1.0,1.0,1.0,1.0,1.0,1.0,1.0,1.0,1.0,1.0,1.0,1.0,1.0,1.0,1.0,1.0,1.0,0.96875,1.0,1.0,1.0,1.0,1.0,1.0,1.0,1.0,1.0,1.0,1.0,1.0,1.0,0.96,0.0,0.0,0.0,0.0,0.0,0.0,0.0,0.0,1.0,1.0,1.0,1.0,1.0,1.0,1.0,0.9868421052631579,1.0,0.9886363636363636,1.0,1.0,0.995850622406639,1.0
4141120, yijC, A->G, missense,3.86414,0.00739926,120,-1.0,0.666667,120,0.9,0.923077,PASS,0.0,0.0,,0.1956521739130435,0.5517241379310345,0.0,0.0,0.06976744186046512,0.021739130434782608,0.0,0.0,0.05,,0.06976744186046512,0.0,0.041666666666666664,0.0,0.0,0.0,0.0,0.0,0.0,0.0,,0.0,0.0,0.0,0.0,0.0,0.0,0.0,0.0,0.0,0.0,0.0,0.0,0.0,0.0,0.0,0.0,0.0,0.0,0.0,0.0,0.0,0.0,0.0,0.0,0.0,0.0,0.0,0.0,0.0,0.0,0.0,0.0,0.0,0.0,0.0,0.0,0.0,0.0,0.0,0.0,0.0,0.0,0.0,0.0,0.0,0.0,0.0,0.0,0.0,0.0,0.0,0.0,0.0,0.0,0.0,0.0,0.0,0.0,0.0,0.0,0.0,0.0,0.0,0.0,0.0,0.0,0.0,0.0,0.0,0.0,0.0,0.0,0.0,0.0,0.0,0.0,0.0,0.0,0.0,0.0,0.0,0.0,0.0,0.0,0.0,0.0,0.0,0.0,0.0,0.0,0.0,0.0,0.0,0.0,0.0,0.0,0.0,0.0,0.0,0.0,0.0,0.0,0.0,1.0,1.0,0.0,0.0,0.0,0.0,0.0,0.0,0.0,0.0,0.0,0.0,0.0,0.0,0.0,0.0
4145952, murI, A->G, missense,1.54693,9.999e-05,120,-1.0,0.705882,118,0.9,0.103448,PASS,0.0,0.0,0.0,0.0,0.0,0.0,0.0,0.0,0.0,0.0,0.0,0.0,0.0,0.0,0.0,0.0,0.0,0.0,0.0,0.0,0.0,0.0,0.0,,0.0,0.0,0.0,0.0,0.0,0.0,0.0,0.0,0.0,0.0,0.0,0.0,0.0,0.0,0.0,0.0,0.0,0.0,0.0,0.0,0.0,0.0,0.0,0.0,0.0,0.0,0.0,0.0,0.0,0.0,0.0,0.0,0.0,0.0,0.0,0.0,0.0,0.03333333333333333,0.0,0.0196078431372549,0.0,0.0,0.0,0.0,0.0,0.0,0.0,0.0,0.0,0.0,0.0,0.0,0.0,0.0,0.0,0.0,0.0,0.0,0.0,0.0,0.0,0.023255813953488372,0.0,0.07142857142857142,0.10294117647058823,0.34782608695652173,0.39473684210526316,0.8333333333333334,0.8888888888888888,0.6,0.8333333333333334,0.7647058823529411,0.8205128205128205,0.8082191780821918,0.8095238095238095,0.7701149425287356,0.8032786885245902,0.7849462365591398,0.7264150943396226,0.7254901960784313,0.7368421052631579,0.7045454545454546,0.5490196078431373,0.72,0.7647058823529411,0.7837837837837838,0.75,0.7575757575757576,0.7317073170731707,0.7567567567567568,0.6739130434782609,0.627906976744186,0.7439024390243902,0.7241379310344828,0.6753246753246753,0.7619047619047619,0.7936507936507936,0.0,0.0,0.0,0.0,0.0,0.0,0.0,0.0,0.0,0.0,0.0,0.0,0.0,0.0,0.0,0.0,0.0,0.0,0.0,0.0,0.9910714285714286,0.0
4160272, rplL, indel;+GCTGCT, indel,0.949644,9.999e-05,120,-1.0,1.0,119,0.9,1.0,PASS,0.04893964110929853,0.0,,0.0,0.04784688995215311,0.0,0.0,0.041237113402061855,0.0,0.03717472118959108,0.0,0.0,,0.02444987775061125,0.04098360655737705,0.040160642570281124,0.05730659025787966,0.0,0.0,0.029411764705882353,0.02666666666666667,0.0,0.0,,0.0,0.031347962382445145,0.05063291139240506,0.023310023310023312,0.056074766355140186,0.01730103806228374,0.014749262536873156,0.0,0.01890359168241966,0.07425742574257425,0.030395136778115502,0.051546391752577324,0.032051282051282055,0.043290043290043295,0.03968253968253968,0.03289473684210526,0.03105590062111801,0.020703933747412008,0.0,0.0,0.0,0.13793103448275862,0.09363295880149813,0.0,0.0,0.01926782273603083,0.0,0.0,0.0,0.03289473684210526,0.0,0.0,0.10526315789473684,0.06060606060606061,0.0,0.11764705882352941,0.031347962382445145,0.07751937984496124,0.08,0.025062656641604012,0.29680365296803657,0.38596491228070173,0.29469548133595286,0.12396694214876033,0.18469656992084432,0.2926829268292683,0.5042016806722689,0.7407407407407407,0.16666666666666666,0.8786610878661089,0.5676855895196506,0.5333333333333333,0.7391304347826086,0.6153846153846154,0.632688927943761,0.6428571428571429,0.379746835443038,0.8,0.6909090909090909,0.5893909626719057,0.5591397849462365,0.7894736842105263,0.3342618384401114,0.633245382585752,0.5108055009823183,0.65,0.5789473684210527,0.09174311926605504,0.42105263157894735,0.26666666666666666,0.16949152542372883,0.4,0.26666666666666666,0.3815580286168522,0.44568245125348194,0.3762135922330097,0.31141868512110726,0.30656934306569344,0.2807486631016043,0.3566529492455418,0.37181996086105673,0.29850746268656714,0.35058430717863104,0.4251012145748988,0.28169014084507044,0.3271028037383178,0.23364485981308414,0.2127659574468085,0.32934131736526945,0.2996845425867508,0.48523206751054854,0.42912873862158646,0.21186440677966104,0.2961672473867596,0.3759398496240602,0.19823788546255508,0.18835616438356165,0.13333333333333333,0.13986013986013987,0.1673640167364017,0.06960556844547564,0.099009900990099,0.1497504159733777,0.05859375,0.13095238095238096,0.20512820512820512,0.0730816077953715,0.15006821282401092,0.1447661469933185,0.13024602026049206,0.05545286506469501,0.07905138339920947,0.03442340791738382,0.17699115044247787,0.15853658536585366,0.9150326797385621,1.0,0.4779080252479711,1.0
4160670, intergenic, T->A, noncoding,2.32745,9.999e-05,120,-1.0,0.923077,119,0.9,1.0,PASS,0.0,0.0,,0.0,0.0,0.0,0.0,0.0,0.0,0.0,0.0,0.0,,0.0,0.0,0.0,0.0,0.0,0.1,0.0,0.0,0.0,0.0,,0.0,0.0,0.0,0.0,0.0,0.0,0.0,0.0,0.0,0.0,0.0,0.0,0.0,0.0,0.0,0.0,0.0,0.0,0.0,0.0,0.0,0.0,0.0,0.0,0.0,0.0,0.0,0.0,0.0,0.0,0.0,0.0,0.0,0.0,0.0,0.0,0.0,0.0,0.0,0.0,0.0,0.0,0.0,0.0,0.0,0.0,0.0,0.0,0.0,0.0,0.0,0.0,0.0,0.0,0.0,0.0,0.0,0.0,0.0,0.0,0.0,0.0,0.0,0.0,0.0,0.0,0.0,0.0,0.0,0.0,0.0,0.0,0.0,0.0,0.0,0.0,0.0,0.0,0.0,0.0,0.0,0.0,0.0,0.018867924528301886,0.03333333333333333,0.09615384615384616,0.1935483870967742,0.125,0.20754716981132076,0.10666666666666667,0.17543859649122806,0.3111111111111111,0.0975609756097561,0.16129032258064516,0.2926829268292683,0.19230769230769232,0.07352941176470588,0.0,0.0,0.0,0.0,0.0,0.0,0.0,0.0,0.0,0.0,0.0,0.0,0.0,0.0,0.0,0.0,0.0,0.0,0.0,0.0,0.0,0.0
4161211, rpoB, A->G, missense,1.04769,9.999e-05,120,-1.0,0.923077,119,0.9,0.75,PASS,0.0,0.0,0.0,0.0,0.0,0.0,0.0,0.0,0.0,0.0,0.0,0.0,,0.0,0.0,0.0,0.0,0.0,0.0,0.0,0.0,0.0,0.0,,0.0,0.0,0.0,0.0,0.0,0.0,0.0,0.0,0.0,0.0,0.0,0.0,0.0,0.0,0.0,0.0,0.0,0.0,0.0,0.0,0.0,0.0,0.0,0.0,0.0,0.0,0.0,0.0,0.0,0.0,0.0,0.0,0.0,0.0,0.0,0.0,0.09803921568627451,0.22580645161290322,0.2631578947368421,0.15873015873015872,0.17105263157894737,0.19230769230769232,0.3333333333333333,0.15306122448979592,0.18518518518518517,0.2,0.5454545454545454,0.1,0.25,0.6944444444444444,0.75,0.37037037037037035,0.46,0.6538461538461539,0.6923076923076923,0.6111111111111112,0.1791044776119403,0.6363636363636364,0.39473684210526316,0.4266666666666667,0.28846153846153844,0.4523809523809524,0.3157894736842105,0.38,0.5394736842105263,0.3793103448275862,0.7142857142857143,0.375,0.28,0.3076923076923077,0.3225806451612903,0.14285714285714285,0.22857142857142856,0.32,0.32926829268292684,0.3023255813953488,0.18823529411764706,0.21348314606741572,0.3010752688172043,0.2857142857142857,0.2751677852348993,0.2972972972972973,0.2698412698412698,0.25,0.2608695652173913,0.275,0.3333333333333333,0.2564102564102564,0.23529411764705882,0.24691358024691357,0.3283582089552239,0.3384615384615385,0.08737864077669903,0.2698412698412698,0.2871287128712871,0.20833333333333334,0.0945945945945946,0.0,0.0,0.0,0.0,0.0,0.0,0.0,0.0,0.0,0.0,0.0,0.0,0.0,0.0,0.0,0.0,0.0,0.0,0.0,1.0,0.0,1.0
4179771, intergenic, T->A, noncoding,2.32403,0.011989,120,-1.0,0.179104,119,0.9,0.196721,PASS,0.0,0.0,0.0,0.0,0.0,0.0,0.0,0.0,0.0,0.0,0.0,0.0,,0.0,0.0,0.0,0.0,0.0,0.0,0.0,0.0,0.0,0.0,,0.0,0.0,0.0,0.0,0.0,0.0,0.0,0.0,0.0,0.0,0.0,0.0,0.0,0.0,0.0,0.0,0.009900990099009901,0.03571428571428571,0.024390243902439025,0.0,0.17857142857142858,0.03636363636363636,0.041666666666666664,0.02564102564102564,0.01694915254237288,0.0,0.0,0.0,0.0,0.0,0.014084507042253521,0.0,0.0,0.0,0.0,0.0,0.0,0.0,0.0,0.0,0.0,0.0,0.0,0.0,0.0,0.0,0.0,0.0,0.0,0.0,0.0,0.0,0.0,0.0,0.0,0.0,0.0,0.0,0.0,0.0,0.0,0.0,0.0,0.0,0.0,0.0,0.0,0.0,0.0,0.0,0.0,0.0,0.0,0.0,0.0,0.0,0.0,0.0,0.0,0.0,0.0,0.0,0.0,0.0,0.0,0.0,0.0,0.0,0.01818181818181818,0.0,0.0,0.0,0.0,0.0,0.0,0.0,0.0,0.0,0.0,0.0,0.0,0.0,0.0,0.0,0.0,0.0,0.0,0.0,0.0,0.0,0.0,0.0,0.0,0.0,0.0,0.0,0.0,0.0,0.0
4202378, iclR, T->C, missense,3.67268,0.00429957,120,-1.0,0.48,119,0.9,0.666667,PASS,0.0,0.0,0.0,0.0,0.0,0.0,0.0,0.0,0.0,0.0,0.0,0.0,,0.0,0.0,0.0,0.0,0.0,0.0,0.0,0.0,0.0,0.0,,0.0,0.0,0.0,0.0,0.0,0.0,0.0,0.02631578947368421,0.0,0.0,0.0,0.0,0.0,0.0,0.0,0.0,0.0,0.0,0.0,0.0,0.0,0.0,0.0,0.08823529411764706,0.13333333333333333,0.0,0.041666666666666664,0.05263157894736842,0.0,0.0,0.0,0.0,0.0,0.0,0.0,0.0,0.0,0.0,0.0,0.0,0.0,0.0,0.0,0.0,0.0,0.0,0.0,0.0,0.0,0.0,0.0,0.0,0.0,0.0,0.0,0.0,0.0,0.0,0.0,0.0,0.0,0.0,0.0,0.0,0.0,0.0,0.0,0.0,0.0,0.0,0.0,0.0,0.0,0.0,0.0,0.0,0.0,0.0,0.0,0.0,0.0,0.0,0.0,0.0,0.0,0.0,0.0,0.0,0.0,0.0,0.0,0.0,0.0,0.0,0.0,0.0,0.0,0.0,0.0,0.0,0.0,0.0,0.0,0.0,0.0,0.0,0.0,0.0,0.0,0.0,0.0,0.0,0.0,0.0,0.0,0.0,0.0,0.0,0.0
4202486, iclR, T->G, missense,0.846662,9.999e-05,120,-1.0,0.857143,119,0.9,0.75,PASS,0.0,0.0,0.0,0.0,0.0,0.0,0.0,0.0,0.0,0.0,0.0,0.0,,0.0,0.0,0.0,0.0,0.0,0.0,0.0,0.0,0.0,0.0,,0.0,0.0,0.0,0.0,0.0,0.0,0.0,0.0,0.0,0.0,0.0,0.0,0.0,0.013513513513513514,0.0,0.0,0.0,0.0,0.0,0.0,0.0,0.0,0.0,0.0,0.45652173913043476,0.9767441860465116,0.8666666666666667,0.8780487804878049,0.8461538461538461,0.875,0.8863636363636364,0.875,1.0,0.9285714285714286,0.8333333333333334,0.9,0.8947368421052632,0.8636363636363636,0.8666666666666667,0.8947368421052632,0.8653846153846154,0.7586206896551724,0.75,0.875,0.7777777777777778,0.5,0.375,0.6,0.6666666666666666,0.25,0.3157894736842105,0.28,0.5588235294117647,0.4642857142857143,0.4576271186440678,0.5769230769230769,0.8846153846153846,0.2222222222222222,0.4166666666666667,0.3877551020408163,0.475,0.4166666666666667,0.4888888888888889,0.66,0.54,0.2222222222222222,0.5925925925925926,0.9047619047619048,0.95,0.4,0.7647058823529411,0.7142857142857143,0.9666666666666667,0.7794117647058824,0.6470588235294118,0.6,0.7297297297297297,0.7313432835820896,0.6323529411764706,0.7558139534883721,0.8034188034188035,0.8,0.7419354838709677,0.5121951219512195,0.7027027027027027,0.9230769230769231,0.782608695652174,0.625,0.6304347826086957,0.8333333333333334,0.6326530612244898,0.68,0.7802197802197802,0.7358490566037735,0.576271186440678,0.6041666666666666,0.9444444444444444,0.0,0.0,0.0,0.0,0.0,0.0,0.0,0.0,0.0,0.0,0.0,0.0,0.0,0.0,0.0,0.0,1.0,0.989247311827957,0.9880952380952381,0.0,0.9957983193277311,0.018518518518518517
4203685, metH, indel;-17, indel,0.974184,9.999e-05,120,-1.0,1.0,117,0.9,0.857143,PASS,0.0,0.0,0.0,0.0,0.0,0.0,0.0,0.0,0.0,0.0,0.0,0.0,,0.0,0.06666666666666667,0.13636363636363635,0.22857142857142856,0.0,0.0,0.6896551724137931,0.9,0.7931034482758621,0.30303030303030304,,0.6666666666666666,1.0,1.0,1.0,1.0,1.0,1.0,1.0,1.0,0.9666666666666667,1.0,1.0,0.9795918367346939,1.0,1.0,1.0,1.0,1.0,1.0,1.0,1.0,1.0,1.0,1.0,1.0,1.0,1.0,1.0,1.0,1.0,1.0,1.0,1.0,1.0,1.0,0.9166666666666666,1.0,1.0,1.0,1.0,1.0,1.0,1.0,1.0,1.0,1.0,1.0,1.0,1.0,1.0,1.0,1.0,1.0,1.0,1.0,1.0,1.0,1.0,1.0,1.0,1.0,1.0,1.0,1.0,1.0,1.0,1.0,1.0,1.0,1.0,1.0,1.0,1.0,1.0,1.0,1.0,1.0,1.0,1.0,1.0,1.0,1.0,1.0,1.0,1.0,1.0,1.0,1.0,1.0,1.0,1.0,1.0,1.0,1.0,1.0,1.0,1.0,0.0,0.011299435028248588,0.0,0.0,0.0,0.02040816326530612,0.0,0.0,0.0,0.0,0.0,1.0,1.0,0.9818181818181818,1.0,1.0,1.0,1.0,1.0,1.0,1.0,1.0
4212450, intergenic, C->T, noncoding,2.44422,9.999e-05,120,-1.0,1.0,119,0.9,0.00793126,PASS,0.0,0.0,0.0,0.0,0.0,0.0,0.0,0.02040816326530612,0.0,0.0,0.0,0.0,,0.0,0.0,0.0,0.0,0.0,0.0,0.0,0.0,0.0,0.0,,0.0,0.0,0.0,0.03125,0.18867924528301888,0.14814814814814814,0.39325842696629215,0.2054794520547945,0.2692307692307692,0.3582089552238806,0.11320754716981132,0.2727272727272727,0.3382352941176471,0.2396694214876033,0.12121212121212122,0.11578947368421053,0.0,0.0,0.0,0.0,0.0,0.0,0.0,0.0,0.0,0.0,0.0,0.0,0.0,0.0,0.0,0.0,0.0,0.0,0.0,0.0,0.0,0.0,0.0,0.0,0.0,0.0,0.0,0.0,0.0,0.0,0.0,0.0,0.0,0.0,0.0,0.0,0.0,0.0,0.0,0.0,0.0,0.0,0.0,0.0,0.0,0.0,0.0,0.0,0.0,0.0,0.0,0.0,0.0,0.0,0.0,0.0,0.0,0.0,0.0,0.0,0.0,0.0,0.0,0.0,0.0,0.0,0.0,0.0,0.0,0.0,0.0,0.0,0.0,0.0,0.0,0.0,0.0,0.0,0.0,0.0,0.0,0.0,0.0,0.0,0.0,0.0,0.0,0.0,0.0,0.0,0.0,0.0,0.0,1.0,0.0,0.0,0.0,0.0,0.0,0.0,0.0,0.0,0.0
4236348, lexA, A->C, missense,3.37395,0.00459954,120,-1.0,0.923077,118,0.9,1.0,PASS,0.0,0.0,0.0,0.0,0.0,0.0,0.038461538461538464,0.04918032786885246,0.02,0.02564102564102564,0.0,0.25925925925925924,,0.09174311926605505,0.0,0.0,0.0,0.0,0.0,0.0,0.0,0.0,0.0,,0.0,0.0,0.0,0.0,0.0,0.0,0.0,0.018867924528301886,0.0,0.0,0.0,0.0,0.0,0.0,0.0,0.0,0.0,0.0,0.0,0.0,0.0,0.0,0.0,0.0,0.0,0.0,0.0,0.0,0.0,0.0,0.0,0.0,0.0,0.0,0.0,0.0,0.0,0.0,0.0,0.0,0.0,0.0,0.0,0.0,0.0,0.0,0.0,0.0,0.0,0.0,0.0,0.0,0.0,0.0,0.0,0.0,0.0,0.0,0.0,0.0,0.0,0.0,0.0,0.0,0.0,0.0,0.0,0.0,0.0,0.0,0.0,0.0,0.0,0.0,0.0,0.0,0.0,0.0,0.0,0.0,0.0,0.017241379310344827,0.0,0.0,0.0,0.0,0.0,0.0,0.0,0.0,0.0,0.0,0.0,0.0,0.010526315789473684,0.0,0.0,0.0,0.0,0.0,0.0,0.0,0.0,0.0,0.0,0.0,0.0,0.0,0.0,0.0,0.0,0.0,0.0,0.0,0.0,0.0,0.0,0.0,0.0
4263828, actP, C->T, missense,0.991113,9.999e-05,120,-1.0,0.222222,120,0.9,0.27907,PASS,0.0,0.0,0.0,0.0,0.0,0.0,0.0,0.0,0.0,0.0,0.0,0.0,0.0,0.0,0.0,0.0,0.0,0.0,0.0,0.0,0.0,0.0,0.0,,0.0,0.0,0.0,0.0,0.0,0.0,0.0,0.0,0.008403361344537815,0.0,0.0,0.0,0.0,0.0,0.0,0.0,0.0,0.0,0.0,0.0,0.0,0.0,0.0,0.0,0.0,0.0,0.0,0.0,0.0,0.0,0.0,0.027777777777777776,0.3235294117647059,0.5714285714285714,0.5,0.8666666666666667,0.7681159420289855,0.8620689655172413,0.95,0.8064516129032258,0.6756756756756757,0.6875,0.6923076923076923,0.8952380952380953,0.7833333333333333,0.6666666666666666,0.42857142857142855,0.9333333333333333,0.8518518518518519,0.16326530612244897,0.21428571428571427,0.35714285714285715,0.45,0.325,0.3125,0.375,0.835820895522388,0.4074074074074074,0.6470588235294118,0.4857142857142857,0.5588235294117647,0.6216216216216216,0.7192982456140351,0.6595744680851063,0.5462962962962963,0.5263157894736842,0.45454545454545453,0.8181818181818182,0.8235294117647058,0.6470588235294118,0.7714285714285715,0.8461538461538461,0.725,0.881578947368421,0.7922077922077922,0.6888888888888889,0.8271604938271605,0.6949152542372882,0.6964285714285714,0.6696428571428571,0.7070063694267515,0.9298245614035088,0.8021978021978022,0.6931818181818182,0.7169811320754716,0.7358490566037735,0.6296296296296297,0.7272727272727273,0.8142857142857143,0.8,0.7027027027027027,0.7238095238095238,0.84375,0.7948717948717948,0.7008547008547008,0.7719298245614035,0.8840579710144928,0.0,0.0,0.0,0.0,0.0,0.0,0.0,0.0,0.0,0.0,0.0,0.0,0.0,0.0,0.0,0.0,0.9782608695652174,0.9864864864864865,0.9841269841269841,0.0,1.0,0.0
4266390, acs, C->A, noncoding,0.606528,9.999e-05,120,-1.0,0.4,120,0.9,0.75,PASS,0.0,0.0,0.0,0.0,0.0,0.0,0.0,0.0,0.0,0.0,0.0,0.0,,0.0,0.0,0.0,0.0,0.0,0.0,0.0,0.014084507042253521,0.0,0.0,,0.0,0.1076923076923077,0.23333333333333334,0.18181818181818182,0.2962962962962963,0.4230769230769231,0.28695652173913044,0.1188118811881188,0.15,0.14285714285714285,0.08333333333333333,0.0,0.125,0.5684931506849316,0.3644067796610169,0.2222222222222222,0.6916666666666667,0.5822784810126582,0.3111111111111111,0.5344827586206896,0.6376811594202898,0.7777777777777778,0.7215189873417721,0.6595744680851063,0.8732394366197183,0.9354838709677419,0.9534883720930233,0.8536585365853658,0.8787878787878788,0.8484848484848485,0.90625,1.0,0.9523809523809523,0.8333333333333334,0.9444444444444444,1.0,0.8974358974358975,0.9487179487179487,0.95,0.7023809523809523,0.8157894736842105,0.8414634146341463,0.6428571428571429,0.9252336448598131,0.8545454545454545,0.65625,0.4166666666666667,0.75,0.5555555555555556,0.23333333333333334,0.24,0.41818181818181815,0.5306122448979592,0.43478260869565216,0.3113207547169811,0.6744186046511628,0.9069767441860465,0.6153846153846154,0.42105263157894735,0.4666666666666667,0.38028169014084506,0.6666666666666666,0.6571428571428571,0.4230769230769231,0.5670103092783505,0.4782608695652174,0.4318181818181818,0.7777777777777778,0.8636363636363636,0.8333333333333334,0.7868852459016393,0.803921568627451,0.9166666666666666,0.8898305084745762,0.8016528925619835,0.7205882352941176,0.835820895522388,0.7116564417177914,0.6453488372093024,0.7058823529411765,0.7647058823529411,0.9146341463414634,0.7474747474747475,0.6271186440677966,0.796875,0.7391304347826086,0.56,0.825,0.7702702702702703,0.7941176470588235,0.5568181818181818,0.7278911564625851,0.8387096774193549,0.7543859649122807,0.7419354838709677,0.8571428571428571,0.975609756097561,0.0,0.0,0.0,0.0,0.0,0.0,0.0,0.0,0.0,0.0,0.006493506493506494,0.0,0.0,1.0,0.020689655172413793,1.0,1.0,0.9758064516129032,0.9830508474576272,0.0,1.0,0.0
4278538, yjcP, T->A, missense,1.27546,9.999e-05,120,-1.0,0.923077,117,0.9,0.857143,PASS,0.0,0.0,0.0,0.0,0.0,0.0,0.0,0.0,0.0,0.0,0.0,0.0,,0.0,0.0,0.0,0.0,0.0,0.0,0.0,0.0,0.0,0.0,,0.0,0.0,0.0,0.0,0.0,0.0,0.0,0.0,0.0,0.0,0.0,0.0,0.0,0.0,0.0,0.0,0.0,0.0,0.0,0.0,0.0,0.0,0.0,0.0,0.0,0.0,0.0,0.0,0.0,0.0,0.0,0.0,0.0,0.0,0.0,0.0,0.0,0.0,0.0,0.03225806451612903,0.0,0.0,0.0,0.0,0.0,0.0,,0.0,0.0,0.0,0.0,0.0,0.0,0.0,0.0,0.05263157894736842,0.0,0.0,0.0,0.0,0.0,0.0,0.3,0.5,0.546875,0.4166666666666667,0.25925925925925924,0.8888888888888888,0.8,0.5,0.5833333333333334,1.0,0.8421052631578947,0.7708333333333334,0.75,0.6538461538461539,0.8947368421052632,0.8055555555555556,0.8214285714285714,0.7457627118644068,0.7477477477477478,0.8484848484848485,0.6829268292682927,0.6923076923076923,0.7037037037037037,0.717948717948718,0.7727272727272727,0.7,0.71875,0.8705882352941177,0.675,0.7681159420289855,0.9032258064516129,0.6666666666666666,0.7619047619047619,0.7777777777777778,0.9047619047619048,0.0,0.0,0.0,0.0,0.0,0.0,0.0,0.0,0.0,0.0,0.0,0.0,0.0,0.0,0.0,0.0,0.0,0.0,0.0,0.0,0.9956331877729258,0.0
4329503, intergenic, indel;-5, indel,1.18287,0.00859914,120,-1.0,0.631579,119,0.9,0.48,PASS,0.0,0.0,0.0,0.0,0.0,0.0,0.0,0.016025641025641028,0.013888888888888888,0.08602150537634409,0.09375,0.0,0.0,0.0,0.0,0.04175365344467641,0.0,0.0,0.0,0.0,0.01855287569573284,0.12727272727272726,0.0,,0.0,0.0,0.0,0.0,0.0,0.0,0.0,0.019801980198019802,0.0,0.013623978201634876,0.0,0.0,0.0,0.0,0.0,0.015503875968992248,0.021413276231263382,0.09463722397476342,0.02040816326530612,0.036036036036036036,0.08403361344537816,0.17817371937639198,0.04807692307692308,0.0,0.08016032064128256,0.050933786078098474,0.043478260869565216,0.0,0.06779661016949153,0.0,0.0,0.031347962382445145,0.0,0.0,0.0,0.0,0.0,0.0,0.0,0.0,0.0,0.0,0.0,0.0,0.0,0.0,0.0,0.0,0.0,0.0,0.0,0.0,0.0,0.0,0.0,0.0,0.0,0.0273972602739726,0.0,0.0,0.0,0.0,0.0333889816360601,0.0,0.013089005235602092,0.0,0.0,0.0,0.0,0.0,0.0,0.0,0.0,0.0,0.0,0.011709601873536299,0.0,0.027548209366391182,0.02063983488132095,0.008375209380234505,0.0,0.0,0.08836524300441825,0.0782472613458529,0.09191176470588236,0.140597539543058,0.05063291139240506,0.0,0.08333333333333333,0.008417508417508417,0.030165912518853696,0.0,0.0,0.020100502512562814,0.03007518796992481,0.03584229390681004,0.07418397626112759,0.0,0.0,0.0,0.0,0.0,0.0,0.0,0.0,0.0,0.0,0.0,0.0,0.0,0.0,0.0,0.0,0.0,0.0,0.0,0.0,0.0,0.0
4347127, aspA, A->G, noncoding,4.70685,9.999e-05,120,-1.0,0.8,119,0.9,0.48,PASS,0.0,0.0,0.0,0.0,0.0,0.0,0.0,0.0,0.0,0.0,0.0,0.0,0.0,0.0,0.0,0.0,0.0,0.0,0.0,0.0,0.0,0.0,0.0,,0.0,0.0,0.0,0.0,0.0,0.0,0.0,0.0,0.0,0.0,0.0,0.0,0.0,0.0,0.0,0.0,0.0,0.0,0.0,0.0,0.0,0.0,0.0,0.0,0.0,0.0,0.0,0.0,0.0,0.0,0.0,0.0,0.0,0.0,0.0,0.0,0.0,0.0,0.0,0.0,0.0,0.0,0.02857142857142857,0.18181818181818182,0.24528301886792453,0.14285714285714285,0.047619047619047616,0.0,0.0,0.0,0.0,0.030303030303030304,0.024390243902439025,0.0,0.0,0.0,0.0,0.0,0.0,0.0,0.0,0.0,0.0,0.0,0.0,0.0,0.0,0.0,0.0,0.0,0.0,0.0,0.0,0.0,0.0,0.0,0.0,0.0,0.0,0.0,0.0,0.0,0.0,0.0,0.0,0.0,0.0,0.0,0.0,0.0,0.0,0.0,0.0,0.0,0.0,0.0,0.0,0.0,0.0,0.0,0.0,0.0,0.0,0.0,0.0,0.0,0.0,0.0,0.0,0.0,0.0,0.0,0.0,0.0,0.0,0.0,0.0,0.0,0.0
4347134, aspA, T->C, noncoding,1.12674,9.999e-05,120,-1.0,0.857143,119,0.9,0.857143,PASS,0.0,0.0,0.0,0.0,0.0,0.0,0.0,0.0,0.0,0.0,0.0,0.0,0.0,0.0,0.02127659574468085,0.0,0.0,0.0,0.0,0.0,0.0,0.0,0.0,,0.0,0.0,0.0,0.0,0.0,0.0,0.0,0.0,0.0,0.0,0.0,0.0,0.0,0.0,0.0,0.0,0.0,0.0,0.0,0.0,0.0,0.0,0.0,0.0,0.0,0.0,0.0,0.0,0.0,0.0,0.0,0.0,0.0,0.0,0.0,0.0,0.0,0.0,0.0,0.0,0.0,0.0,0.0,0.0,0.16,0.2857142857142857,0.47619047619047616,0.8571428571428571,0.48484848484848486,0.13636363636363635,0.1724137931034483,0.16129032258064516,0.5428571428571428,0.3404255319148936,0.16666666666666666,0.3404255319148936,0.8382352941176471,0.5517241379310345,0.48717948717948717,0.4588235294117647,0.5517241379310345,0.4444444444444444,0.6197183098591549,0.5882352941176471,0.43157894736842106,0.6666666666666666,0.43243243243243246,0.7,0.7575757575757576,0.7551020408163265,0.7368421052631579,0.8108108108108109,0.7692307692307693,0.8390804597701149,0.6829268292682927,0.7191011235955056,0.8241758241758241,0.7741935483870968,0.6854838709677419,0.7272727272727273,0.7692307692307693,0.8028169014084507,0.6923076923076923,0.7321428571428571,0.7547169811320755,0.6721311475409836,0.7931034482758621,0.7142857142857143,0.7962962962962963,0.7672413793103449,0.6451612903225806,0.7431192660550459,0.8307692307692308,0.8780487804878049,0.6818181818181818,0.8333333333333334,0.875,0.0,0.0,0.0,0.0,0.0,0.0,0.0,0.0,0.0,0.0,0.0,0.0,0.0,0.0,0.0,0.0,0.0,0.0,0.9714285714285714,0.007407407407407408,0.9948186528497409,0.0
4358286, frdC, G->T, missense,0.573554,9.999e-05,120,-1.0,1.0,117,0.9,1.0,PASS,0.0,0.0,0.0,0.0,0.0,0.0,0.0,0.0,0.017241379310344827,0.0,0.0,0.0,0.0,0.0,0.0,0.0,0.0,0.0,0.0,0.0,0.0,0.0,0.0,,0.0,0.35714285714285715,0.30612244897959184,0.16666666666666666,0.6216216216216216,0.5384615384615384,0.6140350877192983,0.2549019607843137,0.4583333333333333,0.4444444444444444,0.25,0.15,0.44680851063829785,0.7903225806451613,0.3333333333333333,0.36538461538461536,0.7796610169491526,0.5882352941176471,0.29411764705882354,0.6666666666666666,0.5588235294117647,0.5555555555555556,0.7058823529411765,0.6521739130434783,0.8888888888888888,0.8863636363636364,0.7894736842105263,0.925,0.9375,0.875,0.9117647058823529,0.9444444444444444,0.75,0.875,0.875,1.0,0.8611111111111112,0.9230769230769231,0.8888888888888888,0.9230769230769231,0.6585365853658537,0.6571428571428571,0.7333333333333333,0.8775510204081632,0.7560975609756098,0.8181818181818182,1.0,0.875,0.6923076923076923,0.13636363636363635,0.29411764705882354,0.391304347826087,0.5,0.2,0.41304347826086957,0.38461538461538464,0.8727272727272727,0.5384615384615384,0.6086956521739131,0.4444444444444444,0.5471698113207547,0.4782608695652174,0.65,0.6956521739130435,0.543859649122807,0.5,0.3939393939393939,0.75,0.9130434782608695,0.7368421052631579,0.8461538461538461,0.8095238095238095,1.0,0.7931034482758621,0.6341463414634146,0.703125,0.7924528301886793,0.7678571428571429,0.6515151515151515,0.7474747474747475,0.719626168224299,0.8048780487804879,0.6226415094339622,0.7741935483870968,0.8823529411764706,0.6222222222222222,0.75,0.7352941176470589,0.7692307692307693,0.8636363636363636,0.6341463414634146,0.7571428571428571,0.9195402298850575,0.8947368421052632,0.7666666666666667,0.8095238095238095,0.873015873015873,0.0,0.0,0.0,0.0,0.0,0.0,0.0,0.0,0.0,0.0,0.0,0.0,0.9846153846153847,1.0,0.0,1.0,1.0,0.975,1.0,0.0,0.99581589958159,0.0
4378108, miaA, T->G, missense,1.29082,9.999e-05,120,-1.0,0.545455,116,0.9,0.5,PASS,0.0,0.0,0.0,0.0,0.0,0.0,0.0,0.0,0.0,0.0,0.0,0.0,,0.0,0.0,0.0,0.0,0.0,0.0,0.0,0.0,0.0,0.0,,0.0,0.0,0.0,0.0,0.0,0.0,0.0,0.0,0.0,0.0,0.0,0.0,0.0,0.0,0.0,0.0,0.0,0.0,0.0,0.0,0.0,0.0,0.0,0.0,0.0,0.0,0.0,0.0,0.0,0.0,0.0,0.0,0.0,0.0,0.0,0.0,0.0,0.0,0.0,0.0,0.0,0.0,0.0,0.0,0.0,0.0,0.0,0.0,0.0,0.0,0.09090909090909091,0.18181818181818182,0.2857142857142857,0.5555555555555556,0.7346938775510204,0.7692307692307693,0.029411764705882353,0.5,0.19047619047619047,0.48484848484848486,0.4146341463414634,0.3888888888888889,0.2553191489361702,0.5416666666666666,0.5178571428571429,0.5217391304347826,0.5416666666666666,0.1875,0.2222222222222222,0.4,0.2631578947368421,0.2222222222222222,0.1,0.09433962264150944,0.23684210526315788,0.13333333333333333,0.12,0.30985915492957744,0.2835820895522388,0.27058823529411763,0.23423423423423423,0.24,0.3111111111111111,0.4230769230769231,0.16216216216216217,0.2916666666666667,0.5,0.4117647058823529,0.4186046511627907,0.2641509433962264,0.5185185185185185,0.22972972972972974,0.13924050632911392,0.13953488372093023,0.2631578947368421,0.11538461538461539,0.08333333333333333,0.0,0.0,0.0,0.0,0.0,0.0,0.0,0.0,0.0,0.0,0.0,0.0,0.0,0.0,0.0,0.0,0.0,0.0,0.0,1.0,0.0,1.0
4446363, treC, MOB_4446363_4446376_IS150_-1, sv,4.00034,9.999e-05,120,-1.0,0.8,119,0.9,0.631579,PASS,0.0,0.0,,0.0,0.0,0.0,0.0,0.0,0.0,0.0,0.0,0.0,,0.0,0.0,0.0,0.0,0.0,0.0,0.0,0.0,0.0,0.0,,0.0,0.0,0.0,0.0,0.0,0.0,0.0,0.0,0.0,0.0,0.0,0.0,0.0,0.0,0.0,0.0,0.0,0.0,0.0,0.0,0.0,0.0,0.0,0.0,0.0,0.0,0.0,0.0,0.0,0.0,0.0,0.0,0.0,0.0,0.0,0.0,0.0,0.0,0.0,0.0,0.0,0.0,0.0,0.0,0.0,0.0,0.0,0.0,0.0,0.0,0.03736177024482109,0.10970275735294119,0.2263994936708861,0.11106840148698885,0.027154595086442218,0.06698279569892474,0.05981305389221556,0.0,0.0,0.0,0.0,0.0,0.0,0.0,0.0,0.0,0.0,0.0,0.0,0.0,0.0,0.0,0.0,0.0,0.013932865168539326,0.0,0.0,0.0,0.007405069801616459,0.0,0.013590426966292136,0.0,0.0,0.011761493582263709,0.0,0.0,0.0,0.0,0.0,0.0,0.0,0.0,0.0,0.0,0.0,0.0,0.0,0.0,0.0,0.0,0.0,0.0,0.0,0.0,0.0,0.0,0.0,0.0,0.0,0.0,0.0,0.0,0.0,0.0,0.0,0.0,0.0,0.0,0.0
4453625, intergenic, MOB_4453625_4453627_IS150_1, sv,1.04149,9.999e-05,120,-1.0,0.857143,117,0.9,0.24,PASS,0.0,0.0,,0.0,0.0,0.0,0.0,0.0,0.0,0.0,0.0,0.0,,0.0,0.0,0.0,0.0,0.0,0.0,0.0,0.0,0.0,0.0,,0.0,0.0,0.0,0.0,0.0,0.0,0.0,0.0,0.0,0.0,0.0,0.024390243902439025,0.0,0.0,0.0,0.0,0.0,0.0,0.0,0.0,0.0,0.0,0.0,0.0,0.0,0.0,0.0,0.0,0.0,0.0,0.0,0.0,0.034482758620689655,0.0,0.0,0.0,0.0,0.0,0.0,0.0,0.027777777777777776,0.0,0.047619047619047616,0.006944444444444444,0.0,0.0,0.0,0.0,0.04878048780487805,0.0,0.0,0.024390243902439025,0.0,0.03773584905660377,0.1744186046511628,0.2857142857142857,0.7666666666666667,0.3793103448275862,0.8222222222222222,0.5855855855855856,0.5408163265306123,0.7241379310344828,0.8,0.6530612244897959,0.5471698113207547,0.4126984126984127,0.48484848484848486,0.8378378378378378,0.8297872340425532,0.7543859649122807,0.7333333333333333,0.8064516129032258,0.9285714285714286,0.9171270718232044,0.7446808510638298,0.7543859649122807,0.9235668789808917,0.8232044198895028,0.6666666666666666,0.7606837606837606,0.8471074380165289,0.7606837606837606,0.803030303030303,0.7037037037037037,0.9130434782608695,0.7142857142857143,0.9272727272727272,0.8588235294117647,0.7613636363636364,0.7285067873303167,0.8558558558558559,0.7894736842105263,0.8971428571428571,0.8450704225352113,0.8333333333333334,0.7840909090909091,0.8442622950819673,0.0,0.0,0.0,0.0,0.0,0.0,0.0,0.0,0.0,0.0,0.0,0.0,0.0,0.0,0.0,0.0,0.0,0.0,1.0,0.0,1.0,0.0
4462709, yjgN, MOB_4462709_4462717_IS1_-1, sv,0.741702,9.999e-05,120,-1.0,0.8,120,0.9,0.705882,PASS,0.0025135916203937406,0.0,0.0,0.0,0.0,0.0,0.0,0.0,0.0,0.0,0.0,0.0,,0.0,0.0,0.0,0.0,0.0,0.0,0.0,0.0,0.0,0.0,,0.0,0.0,0.0,0.0,0.0,0.0,0.0,0.0,0.0,0.0,0.0,0.0,0.0,0.0,0.0,0.0,0.006381620931716656,0.0,0.15490262529832938,0.5884006734006734,0.440718990889979,0.6336347438752784,0.5775774735532048,0.7941659807956104,0.8263493360572013,0.8499299568965518,0.8080137174211248,0.835987684729064,0.910009111617312,0.9765168800931315,0.8750438282647585,0.9204909819639279,0.9488675000000001,0.8299095354523228,0.9539184149184149,0.9275613382899629,0.8529079528718703,1.0,0.9100546697038725,0.9158398876404494,0.8460818094321463,0.7433351063829788,0.8122371031746033,0.9061850324101355,0.7758314606741573,0.7762625215889465,0.735961052631579,0.5643078260869565,0.5927532467532468,0.1538781310211946,0.19065135135135136,0.6316309314586994,0.5282174535050072,0.4927898448519041,0.23602250984805856,0.46364180929095355,0.9056424050632912,0.4515815831987076,0.5292037691401649,0.5119944794952682,0.48716550522648083,0.48485280728376323,0.5758327032136106,0.6879530271398748,0.5608171970209885,0.3765526657997399,0.5535008944543829,0.8169081803005008,0.6087053701015964,0.7590538033395176,0.7634978448275862,0.8099214195183776,0.8591486697965571,0.8230398450470393,0.7212324471710976,0.5993742277140335,0.7964780457637601,0.7291520351157224,0.5493809114359416,0.6274746666666666,0.7440117891816922,0.8073642433234421,0.7481069482288828,0.6002605390463027,0.7810209923664122,0.7060338733431517,0.636267071320182,0.6997753058954393,0.7273925318761384,0.7034285132382891,0.6593416856492028,0.6668399826539463,0.843587543554007,0.7278580968280468,0.7740193861066236,0.7168085106382979,0.8878124065769805,0.0,0.0,0.0,0.0,0.0,0.0,0.0,0.0,0.0,0.0,0.0,0.0,0.0,0.0,0.0,0.0,0.9803659384309831,0.9805087209302326,0.8767869022869023,0.0,0.9194599018003274,0.0
4469066, pepA, A->C, missense,4.91235,0.00089991,120,-1.0,0.387097,118,0.9,0.545455,PASS,0.0,0.0,0.0,0.0,0.0,0.0,0.0,0.0,0.0,0.0,0.0,0.0,,0.011627906976744186,0.0,0.0,0.0,0.0,0.0,0.0,0.0,0.0,0.0,,0.0,0.0,0.0,0.0,0.0,0.0,0.0,0.0,0.0,0.0,0.0,0.0,0.0,0.0,0.0,0.0,0.0,0.16666666666666666,0.13513513513513514,0.09090909090909091,0.0,0.0,0.0,0.0,0.0,0.0,0.0,0.0,0.0,0.0,0.0,0.0,0.0,0.0,0.0,0.0,0.0,0.0,0.0,0.0,0.0,0.0,0.0,0.0,0.0,0.0,0.0,0.0,0.0,0.0,0.0,0.0,0.0,0.0,0.0,0.0,0.0,0.0,0.0,0.0,0.0,0.0,0.0,0.0,0.0,0.0,0.0,0.0,0.0,0.0,0.0,0.0,0.0,0.0,0.0,0.0,0.0,0.0,0.0,0.009615384615384616,0.0,0.0,0.0,0.0,0.0,0.0,0.0,0.0,0.0,0.0,0.0,0.0,0.0,0.0,0.0,0.0,0.0,0.0,0.0,0.0,0.0,0.0,0.0,0.0,0.0,0.0,0.0,0.0,0.0,0.0,0.0,0.0,0.0,0.0,0.0,0.0,0.0,0.0,0.0
4504890, ECB_04162, C->A, noncoding,0.947086,9.999e-05,120,-1.0,0.857143,117,0.9,0.0983607,PASS,0.0,0.0,0.0,0.0,0.0,0.0,0.0,0.0,0.0,0.0,0.0,0.0,,0.0,0.0,0.0,0.0,0.0,0.0,0.0,0.0,0.0,0.0,,0.0,0.0,0.0,0.0,0.0,0.0,0.0,0.0,0.0,0.0,0.0,0.0,0.0,0.0,0.0,0.0,0.0,0.0,0.0,0.0,0.0,0.0,0.0,0.0,0.0,0.0,0.0,0.0,0.0,0.0,0.0,0.034482758620689655,0.2,0.7142857142857143,0.38461538461538464,0.7222222222222222,0.8260869565217391,0.8275862068965517,0.6666666666666666,0.7241379310344828,0.6458333333333334,0.711864406779661,0.696969696969697,0.8602150537634409,0.8260869565217391,0.76,0.3333333333333333,0.5,0.6,0.18181818181818182,0.13636363636363635,0.3333333333333333,0.36363636363636365,0.275,0.3103448275862069,0.4857142857142857,0.7391304347826086,0.2777777777777778,0.589041095890411,0.4819277108433735,0.425,0.4090909090909091,0.576271186440678,0.421875,0.41333333333333333,0.36666666666666664,0.475,0.7727272727272727,0.7407407407407407,0.6590909090909091,0.8260869565217391,0.9285714285714286,0.7241379310344828,0.8031496062992126,0.6972477064220184,0.7264957264957265,0.8,0.625,0.6326530612244898,0.6587301587301587,0.7290322580645161,0.7916666666666666,0.5925925925925926,0.6595744680851063,0.7254901960784313,0.7377049180327869,0.4666666666666667,0.6875,0.6440677966101694,0.816,0.6461538461538462,0.6713286713286714,0.8198198198198198,0.7604166666666666,0.6607142857142857,0.7738095238095238,0.8842105263157894,0.0,0.0,0.0,0.0,0.0,0.0,0.0,0.0,0.0,0.0,0.0,0.0,0.0,0.0,0.0,0.0,1.0,0.9902912621359223,1.0,0.0,0.9937106918238994,0.0
4524522, fimA, MOB_4524522_4524527_IS186_-1, sv,1.00381,0.00129987,120,-1.0,0.631579,119,0.9,0.75,PASS,0.0,0.0,0.3333333333333333,0.02197802197802198,0.014925373134328358,0.017543859649122806,0.0,0.010869565217391304,0.0297029702970297,0.0,0.0,0.0,,0.011560693641618497,0.019230769230769232,0.0,0.0,0.0,0.0,0.0078125,0.0,0.0,0.031746031746031744,,0.0,0.01639344262295082,0.006756756756756757,0.0,0.01639344262295082,0.00847457627118644,0.0,0.011363636363636364,0.0,0.0,0.0,0.011494252873563218,0.02857142857142857,0.006172839506172839,0.008,0.00980392156862745,0.0,0.007936507936507936,0.0,0.0,0.012345679012345678,0.011111111111111112,0.008264462809917356,0.02127659574468085,0.0,0.0,0.0,0.0,0.0,0.0,0.0,0.15625,0.06451612903225806,0.12903225806451613,0.06451612903225806,0.125,0.04597701149425287,0.011904761904761904,0.11627906976744186,0.050505050505050504,0.1037037037037037,0.06140350877192982,0.03125,0.0,0.0,0.0,0.1,0.0,0.12962962962962962,0.060240963855421686,0.024390243902439025,0.0,0.0,0.0,0.032520325203252036,0.0,0.008928571428571428,0.0,0.043478260869565216,0.06896551724137931,0.08035714285714286,0.011627906976744186,0.08080808080808081,0.043859649122807015,0.008130081300813009,0.0,0.0,0.023809523809523808,0.0,0.0,0.0,0.0,0.0,0.0,0.008,0.016666666666666666,0.0,0.010416666666666666,0.029850746268656716,0.0,0.017921146953405017,0.0,0.006578947368421052,0.0,0.017543859649122806,0.01020408163265306,0.0136986301369863,0.0,0.025210084033613446,0.031413612565445025,0.0136986301369863,0.04142011834319527,0.017857142857142856,0.040268456375838924,0.006622516556291391,0.0,0.007936507936507936,0.0,0.0,0.0,0.0,0.0,0.0,0.0,0.0,0.0,0.0,0.0,0.0,0.0,0.0,0.0,0.0,0.0,0.0,0.0,0.0,0.0,0.0
4563715, hsdR, MOB_4563715_4563723_IS1_-1, sv,1.31755,9.999e-05,43,-1.63653,0.00470035,94,0.9,0.75,PASS,0.0,0.0,0.0,0.0,0.0,0.0,0.0,0.0,0.0,0.0,0.0,0.0,,0.0,0.0,0.0,0.0,0.0,0.0,0.0,0.0,0.0,0.0,,0.0,0.0,0.0,0.0,0.02527791878172589,0.1826064387917329,0.1679602048280907,0.24985535307517084,0.14415658844765344,0.08218763736263736,0.1539602422907489,0.3016742448330684,0.22735421412300685,0.13790670352453355,0.2702708192281652,0.5613374233128835,0.3301672967863894,0.15476551312649164,0.43192915717539865,0.6008157894736842,0.8880503703703704,0.7378673913043478,0.9666666666666667,0.74822875,0.8178167272727273,1.0,1.0,1.0,1.0,1.0,0.6666666666666666,1.0,0.74897125,1.0,1.0,1.0,1.0,1.0,1.0,0.9394535294117647,0.93593125,1.0,1.0,1.0,1.0,1.0,1.0,1.0,1.0,0.9695614567526555,0.9680129449838188,1.0,0.9602928870292888,1.0,1.0,1.0,1.0,0.9666666666666667,1.0,1.0,0.9795177453027141,1.0,0.9322941176470589,0.969665588235294,1.0,1.0,1.0,1.0,1.0,1.0,1.0,1.0,1.0,1.0,0.9319134948096887,0.9787867803837953,1.0,1.0,0.9789019189765459,1.0,0.9678998384491114,0.93628375,0.9347357859531773,1.0,1.0,1.0,1.0,1.0,0.9705882352941176,1.0,0.9615384615384616,0.9741568123393317,0.9510633333333333,1.0,1.0,0.9583333333333334,1.0,0.0,0.0,0.0,0.0,0.0,0.0,0.0,0.0,0.0,0.0,0.0,0.0,0.0,0.0,0.9788165236051503,0.0,,,0.0,0.8533436276642018,,0.9876824196597355
4573236, hpaX, junction_4573236_1_IS1_end, sv,0.81614,9.999e-05,120,-1.0,0.857143,119,0.9,0.6,PASS,0.0,0.0,0.0,0.0,0.0,0.0,0.0,0.0,0.0,0.0,0.0,0.0,,0.0,0.0,0.0,0.0,0.0,0.0,0.0,0.0,0.0,0.0,,0.0,0.0,0.0,0.0,0.0,0.0,0.0,0.0,0.0,0.0,0.0,0.0,0.0,0.0,0.0,0.0,0.07042253521126761,0.0,0.0847457627118644,0.56,0.5125,0.5897435897435898,0.6404494382022472,0.6274509803921569,0.9090909090909091,0.8970588235294118,0.9259259259259259,0.8035714285714286,0.8888888888888888,0.9152542372881356,0.9629629629629629,0.9705882352941176,1.0,0.8333333333333334,0.9166666666666666,0.8421052631578947,0.9655172413793104,0.8620689655172413,0.875,0.7647058823529411,0.8024691358024691,0.75,0.7529411764705882,0.9555555555555556,0.6666666666666666,0.7777777777777778,0.2857142857142857,0.6666666666666666,0.6129032258064516,0.1774193548387097,0.30434782608695654,0.3333333333333333,0.3333333333333333,0.358974358974359,0.2222222222222222,0.24242424242424243,0.8333333333333334,0.48148148148148145,0.6888888888888889,0.43478260869565216,0.5227272727272727,0.4318181818181818,0.5172413793103449,0.5119047619047619,0.38571428571428573,0.3333333333333333,0.53125,0.7419354838709677,0.8125,0.84,0.7377049180327869,0.8409090909090909,0.9333333333333333,0.7010309278350515,0.6956521739130435,0.7403846153846154,0.8488372093023255,0.7459016393442623,0.5957446808510638,0.63,0.6612903225806451,0.7945205479452054,0.7349397590361446,0.6444444444444445,0.8813559322033898,0.8260869565217391,0.6756756756756757,0.7804878048780488,0.6438356164383562,0.6630434782608695,0.6582278481012658,0.6936936936936937,0.8809523809523809,0.7802197802197802,0.5857142857142857,0.921875,0.9358974358974359,0.0,0.0,0.0,0.0,0.0,0.0,0.0,0.0,0.0,0.0,0.0,0.0,0.0,0.0,0.0,0.0,1.0,0.9831932773109243,1.0,0.0,0.99822695035461,0.0
4580214, intergenic, indel;A;C;-1, indel,1.556,0.00019998,120,-1.0,1.0,107,0.9,0.857143,PASS,0.0,0.0,,0.0,0.0,0.0,0.0,0.0,0.0,0.0,0.0,0.0,0.0,0.0,0.0,0.0,0.0,0.0,0.0,0.0,0.0,0.0,0.0,,0.0,0.0,0.0,0.0,0.0,0.0,0.0,0.0,0.0,0.0,0.0,0.0,0.0,0.0,0.0,0.0,0.0,0.0,0.0,0.0,0.0,0.0,0.0,0.0,0.0625,0.0,0.0,0.0,0.0,0.0,0.0,0.0,0.0,0.0,0.0,0.0,0.0,0.0,0.0,0.0,0.0,0.0,0.0,0.0,0.0,0.0,0.0,0.0,0.0,0.0,0.0,0.0,0.0,0.0,0.0,0.0,0.0,0.0,0.0,0.0,0.0,0.0,0.0,0.0,0.0,0.0,0.0,0.0,0.0,0.0,0.0,0.0,0.0,0.15151515151515152,0.0,0.045454545454545456,0.06451612903225806,0.16279069767441862,0.125,0.3018867924528302,0.27419354838709675,0.4117647058823529,0.42857142857142855,0.16666666666666666,0.2,0.2777777777777778,0.15384615384615385,0.6363636363636364,0.5555555555555556,0.4358974358974359,0.3684210526315789,0.15555555555555556,0.08333333333333333,0.05263157894736842,0.0,0.0,0.0,0.0,0.0,0.0,0.0,0.0,0.0,0.0,0.0,0.0,0.0,0.0,0.0,0.0,0.0,0.0,0.0,0.0,0.0,0.0,0.0,0.0,0.0
4615842, nadR, A->T, missense,0.988406,9.999e-05,120,-1.0,0.75,119,0.9,0.8,PASS,0.0,0.0,,0.9767441860465116,0.9111111111111111,0.9852941176470589,1.0,1.0,1.0,1.0,1.0,1.0,,1.0,1.0,1.0,1.0,1.0,1.0,1.0,1.0,1.0,1.0,,1.0,1.0,1.0,1.0,1.0,1.0,1.0,1.0,1.0,1.0,1.0,1.0,1.0,1.0,1.0,1.0,1.0,1.0,1.0,1.0,1.0,1.0,1.0,1.0,0.9772727272727273,1.0,1.0,1.0,1.0,1.0,1.0,0.967741935483871,1.0,1.0,1.0,1.0,1.0,0.9565217391304348,1.0,1.0,1.0,1.0,1.0,1.0,1.0,1.0,1.0,0.9375,1.0,1.0,1.0,1.0,1.0,1.0,1.0,1.0,1.0,1.0,1.0,1.0,1.0,0.98,1.0,1.0,1.0,1.0,1.0,1.0,1.0,1.0,1.0,1.0,1.0,1.0,1.0,1.0,1.0,1.0,1.0,1.0,1.0,1.0,1.0,1.0,1.0,1.0,1.0,1.0,1.0,1.0,1.0,1.0,1.0,1.0,0.9894736842105263,1.0,1.0,0.0,0.0,1.0,1.0,1.0,1.0,1.0,0.9900990099009901,1.0,1.0,0.9903846153846154,1.0,1.0,1.0,1.0,0.9883720930232558,0.9775280898876404,1.0,1.0,1.0,1.0,1.0
4627816, arcA, indel;-9, indel,0.987215,9.999e-05,120,-1.0,0.857143,116,0.9,0.24,PASS,0.0,0.0,0.0,0.0,0.14285714285714285,0.0,0.0,0.0,0.06451612903225806,0.047619047619047616,0.2,0.8571428571428571,,0.8288288288288288,1.0,1.0,1.0,1.0,1.0,1.0,1.0,1.0,1.0,,1.0,1.0,1.0,1.0,1.0,0.9767441860465116,1.0,1.0,1.0,1.0,1.0,1.0,1.0,1.0,1.0,1.0,1.0,1.0,1.0,1.0,1.0,1.0,1.0,1.0,1.0,1.0,1.0,1.0,1.0,1.0,1.0,1.0,1.0,1.0,1.0,1.0,1.0,1.0,1.0,1.0,1.0,1.0,1.0,1.0,1.0,1.0,1.0,,1.0,1.0,1.0,1.0,1.0,1.0,1.0,1.0,1.0,1.0,1.0,1.0,1.0,1.0,1.0,1.0,1.0,1.0,1.0,1.0,1.0,1.0,1.0,1.0,1.0,1.0,1.0,1.0,1.0,1.0,0.9814814814814815,1.0,1.0,1.0,0.9666666666666667,1.0,1.0,1.0,1.0,1.0,1.0,1.0,1.0,1.0,1.0,1.0,1.0,1.0,1.0,0.0,0.0,0.019305019305019305,0.0,0.0,0.0,0.0,0.0,0.0,0.38147138964577654,1.0,1.0,1.0,0.9743589743589743,1.0,0.9866666666666667,0.9803921568627451,1.0,1.0,1.0,0.9974025974025974,0.9866666666666667
