Position,Gene,Allele,Annotation,Test statistic,P-value,Deletion index,Fold reduction,Deletion P-value,Duplication index,Fold increase,Duplication pvalue,Passed?,AF:0,AF:1000,AF:1500,AF:2000,AF:3000,AF:3500,AF:4000,AF:4500,AF:5000,AF:5500,AF:6000,AF:6500,AF:7000,AF:7500,AF:8000,AF:8500,AF:9000,AF:9500,AF:10000,AF:10500,AF:11000,AF:11500,AF:12000,AF:12500,AF:13000,AF:13500,AF:14000,AF:14500,AF:15000,AF:15500,AF:16000,AF:16500,AF:17000,AF:17500,AF:18000,AF:18500,AF:19000,AF:19500,AF:20000,AF:20500,AF:21000,AF:21500,AF:22000,AF:22500,AF:23000,AF:23500,AF:24000,AF:24500,AF:25000,AF:25500,AF:26000,AF:26500,AF:27000,AF:27500,AF:28000,AF:28500,AF:29000,AF:29500,AF:30000,AF:30500,AF:31000,AF:31500,AF:32000,AF:32500,AF:33000,AF:33500,AF:34000,AF:34500,AF:35000,AF:35500,AF:36000,AF:36500,AF:37000,AF:37500,AF:38000,AF:38500,AF:39000,AF:39500,AF:40000,AF:40500,AF:41000,AF:41500,AF:42000,AF:42500,AF:43000,AF:43500,AF:44000,AF:44500,AF:45000,AF:45500,AF:46000,AF:46500,AF:47000,AF:47500,AF:48000,AF:48500,AF:49000,AF:49500,AF:50000,AF:50500,AF:51000,AF:51500,AF:52000,AF:52500,AF:53000,AF:53500,AF:54000,AF:54500,AF:55000,AF:55500,AF:56000,AF:56500,AF:57000,AF:57500,AF:1000500,AF:1000600,AF:1001000,AF:1001100,AF:1001500,AF:1001600,AF:1002000,AF:1002100,AF:1005000,AF:1005100,AF:1010000,AF:1010100,AF:1015000,AF:1015100,AF:1020000,AF:1020100,AF:1030000,AF:1030099,AF:1040000,AF:1040099,AF:1050000,AF:1050100
1266, thrA, A->G, missense,0.647915,9.999e-05,113,-1.0,0.6,113,0.9,1.0,PASS,0.0,0.0,0.0,0.0,0.0,0.0,0.0,0.0,0.0,0.0,0.0,0.0,0.0,0.0,0.0,0.0,0.0,0.0,0.0,0.0,0.0,0.0,0.0,0.0,0.0,0.0,0.0,0.0,0.0,0.0,0.0,0.0,0.0,0.0,0.014285714285714285,0.027777777777777776,0.11320754716981132,0.25,0.125,0.30434782608695654,0.20454545454545456,0.3103448275862069,0.7192982456140351,1.0,0.6172839506172839,0.6226415094339622,0.6551724137931034,0.5061728395061729,0.6,0.48484848484848486,0.6938775510204082,0.6875,0.65625,0.8076923076923077,0.9032258064516129,0.7666666666666667,0.8153846153846154,0.9367088607594937,0.9705882352941176,0.9577464788732394,0.9782608695652174,1.0,1.0,0.7962962962962963,0.8850574712643678,0.8064516129032258,0.9583333333333334,0.8706896551724138,0.8076923076923077,0.625,0.8313253012048193,0.7878787878787878,0.7333333333333333,0.6,0.7638888888888888,0.7352941176470589,0.821917808219178,0.6,0.9361702127659575,0.7741935483870968,0.8260869565217391,0.6181818181818182,0.8026315789473685,0.7570093457943925,0.5294117647058824,0.9130434782608695,0.8472222222222222,0.5423728813559322,0.7901234567901234,0.6160714285714286,0.9425287356321839,0.8135593220338984,0.6075949367088608,0.75,0.968421052631579,0.8085106382978723,0.9340659340659341,0.47368421052631576,0.8651685393258427,0.6153846153846154,0.7419354838709677,0.6477272727272727,0.8076923076923077,0.717391304347826,0.8421052631578947,0.3902439024390244,0.6947368421052632,0.8135593220338984,0.3620689655172414,0.6885245901639344,0.631578947368421,0.5818181818181818,0.6216216216216216,0.5802469135802469,0.0,0.0,0.0,0.0,0.0,0.0,0.0,0.0,0.0,0.0,0.0,0.0,0.0,0.0,0.0,0.0,0.9807692307692307,1.0,1.0,1.0,1.0,1.0
17045, mokC, MOB_17045_17047_IS150_1, sv,0.609595,9.999e-05,113,-1.0,0.75,111,0.9,0.5,PASS,0.0,0.0,0.0,0.0,0.0,0.014492753623188406,0.0,0.0,0.0,0.0,0.0,0.0,0.14285714285714285,0.3793103448275862,0.8421052631578947,0.5211267605633803,0.8888888888888888,0.5294117647058824,1.0,0.7333333333333333,0.7714285714285715,0.9541984732824428,0.6785714285714286,0.5576923076923077,0.7014925373134329,0.8444444444444444,0.8117647058823529,0.7333333333333333,0.8877551020408163,0.6730769230769231,0.8,0.7843137254901961,0.7272727272727273,0.5495495495495496,0.8916256157635468,0.7718120805369127,0.9731543624161074,0.8035714285714286,0.3508771929824561,0.5925925925925926,0.7152777777777778,0.3220338983050847,0.8738738738738738,0.673469387755102,0.6858638743455497,0.6146788990825688,0.8297872340425532,0.5,0.6039603960396039,0.64,0.8035714285714286,0.7166666666666667,0.847953216374269,0.7987804878048781,0.8901098901098901,0.9452054794520548,0.8778625954198473,0.9166666666666666,0.9555555555555556,0.959731543624161,0.9,0.978021978021978,0.972027972027972,0.8582089552238806,0.9195402298850575,0.8053097345132744,0.9481865284974094,0.9363957597173145,0.9459459459459459,0.859375,0.8260869565217391,0.8676470588235294,0.6888888888888889,0.8057142857142857,0.8875,0.7647058823529411,0.8804347826086957,0.6343283582089553,0.9539748953974896,0.8888888888888888,0.8110236220472441,0.6557377049180327,0.8307692307692308,0.7395833333333334,0.6142131979695431,0.9288888888888889,0.6575342465753424,0.6540880503144654,0.7953216374269005,0.782258064516129,0.9518900343642611,0.8318181818181818,0.6596858638743456,0.8446601941747572,0.9853479853479854,0.8274111675126904,0.873015873015873,0.680327868852459,0.8690476190476191,0.8860759493670886,0.7714285714285715,0.6447368421052632,0.7596899224806202,0.6421052631578947,0.9655172413793104,0.875,0.6631578947368421,0.8685714285714285,0.7833333333333333,0.654320987654321,0.8026315789473685,0.8852459016393442,0.722488038277512,0.6296296296296297,0.0,0.0,0.0,0.0,0.0,0.0,0.0,0.0,0.0,0.0,0.0,0.0,1.0,1.0,0.0,0.0,1.0,1.0,1.0,1.0,1.0,1.0
91833, fruR, junction_91833_-1_IS1_start, sv,1.79761,9.999e-05,113,-1.0,1.0,111,0.9,0.00255319,PASS,0.0,0.0,0.0,0.0,0.0,0.0,0.0,0.0,0.0,0.0,0.0,0.0,0.0,0.0,0.0,0.0,0.0,0.0,0.0,0.0,0.0,0.0,0.0,0.0,0.0,0.0,0.0,0.0,0.0,0.0,0.0,0.0,0.0,0.0,0.0,0.0,0.0,0.0,0.0,0.0,0.0,0.0,0.0,0.0,0.0,0.0,0.0,0.0,0.0,0.0,0.0,0.0,0.0,0.0,0.0,0.0,0.0,0.0,0.0,0.0,0.0,0.0,0.0,0.0,0.0,0.0,0.0,0.0,0.0,0.0,0.03763227611940299,0.0,0.0,0.0,0.0,0.0,0.0,0.0,0.0,0.0,0.0,0.0,0.0,0.0,0.0,0.0,0.0,0.0,0.0,0.0,0.0,0.01738483786152498,0.0,0.0,0.0,0.03348626799557032,0.07694248302618817,0.20598427299703262,0.14292252252252252,0.3056876456876457,0.24661325966850828,0.37820418204182044,0.17705777310924367,0.285878962536023,0.14480377019748653,0.21989516129032258,0.3075568475452196,0.03174204724409449,0.43300715563506265,0.3073943355119826,0.36188841201716737,0.13533758389261744,0.12116809160305343,0.4268856243441763,0.0,0.0,0.0,0.0,0.0,0.0,0.0,0.0,0.0,0.0,0.0,0.0,0.0,0.0,0.0,0.0,0.0,0.0,0.0,0.0,0.0,0.0
92330, intergenic, MOB_92330_92338_IS1_-1, sv,0.653835,9.999e-05,113,-1.0,0.0789474,111,0.9,0.27907,PASS,0.0,0.0,0.0,0.0,0.0,0.0,0.0,0.0,0.0,0.0,0.0,0.0,0.0,0.0,0.0,0.0,0.0,0.0,0.0,0.0,0.0,0.0,0.0,0.0,0.0,0.0,0.0,0.0,0.0,0.0,0.0,0.0,0.0,0.0,0.0,0.0,0.0,0.0,0.022222222222222223,0.0,0.0,0.4387755102040816,0.04054054054054054,0.18518518518518517,0.3228346456692913,0.275,0.2736842105263158,0.460431654676259,0.4634146341463415,0.22950819672131148,0.16455696202531644,0.3888888888888889,0.20588235294117646,0.18095238095238095,0.21666666666666667,0.25,0.056179775280898875,0.03488372093023256,0.022222222222222223,0.02857142857142857,0.01694915254237288,0.06944444444444445,0.0,0.22058823529411764,0.09322033898305085,0.21323529411764705,0.05982905982905983,0.08837209302325581,0.06060606060606061,0.21212121212121213,0.1694915254237288,0.20987654320987653,0.26506024096385544,0.42168674698795183,0.06086956521739131,0.21495327102803738,0.1390728476821192,0.3508771929824561,0.08045977011494253,0.15,0.17346938775510204,0.30701754385964913,0.1360544217687075,0.21808510638297873,0.5,0.23076923076923078,0.29473684210526313,0.4111111111111111,0.28368794326241137,0.3724137931034483,0.07926829268292683,0.1557377049180328,0.26666666666666666,0.1206896551724138,0.0,0.14482758620689656,0.07482993197278912,0.24242424242424243,0.07058823529411765,0.22826086956521738,0.11450381679389313,0.20930232558139536,0.1111111111111111,0.42857142857142855,0.022988505747126436,0.15,0.0594059405940594,0.043859649122807015,0.22580645161290322,0.36,0.25882352941176473,0.09090909090909091,0.09523809523809523,0.22727272727272727,0.0,0.0,0.0,0.0,0.0,0.0,0.0,0.0,0.0,0.0,0.0,0.0,0.0,0.0,0.0,0.0,0.0,0.0,0.0,0.0,0.0,0.0
94739, ftsI, A->G, missense,3.78617,9.999e-05,113,-1.0,0.666667,112,0.9,0.857143,PASS,0.0,0.0,0.0,0.0,0.0,0.0,0.0,0.0,0.0,0.0,0.0,0.0,0.034482758620689655,0.0,0.0,0.0,0.0,0.0,0.0,0.0,0.0,0.0,0.0,0.0,0.0,0.0,0.0,0.0,0.0,0.0,0.0,0.0,0.0,0.0,0.0,0.0,0.0,0.0,0.0,0.0,0.0,0.0,0.0,0.0,0.0,0.0,0.0,0.0,0.0,0.0,0.0,0.0,0.0,0.0,0.037037037037037035,0.16666666666666666,0.08823529411764706,0.32727272727272727,0.125,0.0784313725490196,0.0,0.0,0.0,0.0,0.0,0.0,0.0,0.0,0.0,0.0,0.0,0.0,0.0,0.0,0.0,0.0,0.0,0.0,0.009900990099009901,0.0,0.0,0.0,0.0,0.0,0.0,0.0,0.0,0.0196078431372549,0.0,0.0,0.0,0.0,0.0,0.0,0.0,0.0,0.0,0.0,0.0,0.0,0.0,0.0,0.0,0.0,0.0,0.0,0.0,0.0,0.0,0.0,0.0,0.0,0.0,0.0,0.0,0.0,0.0,0.0,0.0,0.0,0.0,0.0,0.0,0.0,0.0,0.0,0.0,0.0,0.0,0.0,0.0,0.0,0.0,0.0,0.0,0.0
95435, ftsI, T->A, missense,3.45922,0.00089991,113,-1.0,0.20339,113,0.9,0.133333,PASS,0.0,0.0,0.0,0.0,0.0,0.0,0.0,0.0,0.0,0.0,0.0,0.0,0.0,0.0,0.0,0.0,0.0,0.0,0.0,0.0,0.0,0.0,0.0,0.0,0.0,0.0,0.0,0.0,0.0,0.012195121951219513,0.0,0.02857142857142857,0.12162162162162163,0.1,0.14634146341463414,0.0273972602739726,0.015625,0.0,0.0,0.0,0.0,0.0,0.0,0.0,0.0,0.0,0.0,0.0,0.0,0.0,0.0,0.0,0.0,0.0,0.0,0.0,0.0,0.0,0.0,0.0,0.0,0.0,0.0,0.0,0.0,0.0,0.0,0.0,0.0,0.0,0.01020408163265306,0.0,0.0,0.0,0.0,0.0,0.0,0.0,0.0,0.0,0.0,0.0,0.0,0.0,0.0,0.0,0.0,0.0,0.0,0.0,0.0,0.010869565217391304,0.0,0.0,0.0,0.0,0.0,0.0,0.0,0.017543859649122806,0.0,0.0,0.0,0.0,0.0,0.0,0.0,0.0,0.0,0.0,0.0,0.0,0.0,0.0,0.0,0.0,0.0,0.0,0.0,0.0,0.0,0.0,0.0,0.0,0.0,0.0,0.0,0.0,0.0,0.0,0.0,0.0,0.0,0.0,0.0,0.0
95448, ftsI, A->G, missense,3.91672,0.00139986,113,-1.0,0.171429,113,0.9,0.193548,PASS,0.0,0.0,0.0,0.0,0.0,0.0,0.0,0.0,0.0,0.0,0.0,0.0,0.0,0.0,0.0,0.0,0.0,0.0,0.0,0.0,0.013333333333333334,0.01694915254237288,0.0425531914893617,0.10344827586206896,0.03389830508474576,0.0,0.0,0.0,0.0,0.0,0.0,0.0,0.0,0.0,0.0,0.0,0.0,0.0,0.0,0.0,0.0,0.0,0.0,0.0,0.0,0.0,0.0,0.0,0.0,0.0,0.0,0.0,0.0,0.0,0.0,0.0,0.0,0.0,0.0,0.0,0.0,0.0,0.0,0.0,0.0,0.0,0.009708737864077669,0.0,0.0,0.0,0.0,0.0,0.0,0.0,0.0,0.0,0.0,0.0,0.0,0.0,0.0,0.0,0.0,0.0,0.0,0.0,0.0,0.0,0.0,0.0,0.0,0.008771929824561403,0.0,0.0,0.0,0.0,0.0,0.0,0.0,0.0,0.0,0.0,0.006666666666666667,0.0,0.0,0.0,0.0,0.0,0.0,0.0,0.0,0.0,0.0,0.0,0.0,0.0,0.0,0.0,0.0,0.0,0.0,0.0,0.0,0.0,0.0,0.0,0.0,0.0,0.0,0.0,0.0,0.0,0.0,0.0,0.0,0.0
118857, hofB, MOB_118857_118859_IS150_-1, sv,0.304195,0.00019998,113,-1.0,0.857143,113,0.9,0.923077,PASS,0.0,0.0,0.0,0.0,0.0,0.0,0.0,0.0,0.0,0.0,0.0,0.026385224274406333,0.13620569476082003,0.0,0.2697993630573249,0.3330721021611002,0.04999646616541353,0.06658797327394209,0.0,0.12853470437017994,0.2644636678200692,0.03294674751929438,0.3270424300867888,0.38633653295128945,0.36576132190942473,0.2521069418386492,0.19172843406593407,0.22632112171837712,0.19451749663526247,0.3268168380462725,0.3813720316622692,0.5142650429799427,0.3520666131621188,0.5848452508004268,0.18699206349206351,0.4012217514124294,0.06906516724336793,0.3332364902506964,0.608474945533769,0.6667676579925651,0.3049761904761905,0.7978071359691418,0.062429467084639506,0.37469153605015676,0.43973815261044175,0.37243873978996495,0.33319529837251355,0.5522538569424965,0.30145541401273884,0.3886208178438662,0.21872518286311388,0.3243048780487805,0.3150496838301716,0.26081831395348837,0.16656538839724677,0.15092060491493384,0.16844644870349493,0.059425097706032284,0.0,0.0719945165945166,0.06129744114636643,0.08235495283018868,0.01392757660167131,0.2680916870415648,0.08238346253229974,0.335231884057971,0.10077986520640268,0.20783323943661972,0.020328895705521474,0.1545252039151713,0.14181165311653118,0.3244010840108401,0.22032653061224491,0.3362543252595156,0.12166233653007846,0.27710840108401086,0.11770406290956749,0.34665792922673655,0.027949299719887955,0.11997945425361156,0.19419026290165528,0.3307420814479638,0.15164868603042878,0.20832358208955223,0.5479019830028329,0.16547053712480253,0.24822775263951735,0.4034064080944351,0.31355045871559634,0.34153128103277064,0.07470507204610952,0.29874083129584356,0.3693735465116279,0.21324438502673798,0.0,0.21915656836461128,0.1943990250696379,0.4540638297872341,0.062954698457223,0.32740051903114187,0.20418328840970348,0.43894308943089433,0.29118173258003766,0.34987218045112783,0.11123652561247216,0.2554717182497332,0.24449100817438693,0.0945058405682715,0.27667515432098766,0.34191116751269035,0.48635591689250224,0.17472979552093476,0.18455250596658712,0.4430273504273504,0.0,0.0,0.0,0.0,0.0,0.0,0.0,0.0,0.0,0.0,0.0,0.0,0.0,0.0,1.0,1.0,0.0,0.0,0.0,0.0,0.0,0.0
122591, ampE, T->A, synonymous,1.06322,9.999e-05,113,-1.0,0.24,112,0.9,0.5,PASS,0.0,0.0,0.0,0.0,0.0,0.0,0.0,0.0,0.0,0.0,0.0,0.0,0.0,0.0,0.0,0.0,0.0,0.0,0.0,0.0,0.0,0.0,0.0,0.0,0.0,0.0,0.0,0.0,0.0,0.0,0.0,0.024390243902439025,0.0,0.0,0.0,0.0,0.0,0.0,0.0,0.0,0.0,0.0,0.0,0.0,0.0,0.0,0.0,0.0,0.0,0.0,0.0,0.0,0.0,0.0,0.0,0.0,0.0,0.0,0.0,0.0,0.0,0.0,0.0,0.0,0.0,0.0,0.0,0.0,0.0,0.015384615384615385,0.2753623188405797,0.2711864406779661,0.3181818181818182,0.17204301075268819,0.3194444444444444,0.43529411764705883,0.813953488372093,0.64,0.9769230769230769,0.7922077922077922,0.6885245901639344,0.620253164556962,0.8433734939759037,0.7530864197530864,0.46788990825688076,0.839622641509434,0.7714285714285715,0.5789473684210527,0.6145833333333334,0.7040816326530612,0.8984375,0.7339449541284404,0.6989247311827957,0.717948717948718,0.9901960784313726,0.8191489361702128,0.8235294117647058,0.6666666666666666,0.7833333333333333,0.463768115942029,0.8230088495575221,0.5483870967741935,0.6694915254237288,0.4838709677419355,0.9178082191780822,0.3013698630136986,0.5742574257425742,0.8470588235294118,0.6785714285714286,0.7575757575757576,0.48333333333333334,0.3728813559322034,0.5918367346938775,0.4146341463414634,0.0,0.0,0.0,0.0,0.0,0.0,0.0,0.0,0.0,0.0,0.0,0.0,0.0,0.0,0.0,0.0,0.0,0.0,1.0,1.0,1.0,0.9873417721518988
145609, yadG, C->T, missense,1.07648,9.999e-05,113,-1.0,1.0,111,0.9,0.705882,PASS,0.0,0.0,0.0,0.0,0.0,0.0,0.0,0.0,0.0,0.0,0.0,0.0,0.0,0.0,0.0,0.0,0.0,0.0,0.0,0.0,0.0,0.0,0.0,0.0,0.0,0.0,0.0,0.0,0.0,0.0,0.0,0.0,0.0,0.0,0.0,0.0,0.0,0.0,0.0,0.0,0.0,0.0,0.0,0.0,0.0,0.0,0.0,0.0,0.043478260869565216,0.0,0.0,0.0,0.0,0.0,0.0,0.0,0.0,0.0,0.0,0.0,0.0,0.0,0.0,0.0,0.0,0.0,0.0,0.0,0.0,0.0,0.045454545454545456,0.0,0.0,0.0,0.0851063829787234,0.4146341463414634,0.6521739130434783,0.4666666666666667,0.9466666666666667,0.7222222222222222,0.7966101694915254,0.5272727272727272,0.8170731707317073,0.7422680412371134,0.5760869565217391,0.8857142857142857,0.8297872340425532,0.5384615384615384,0.6732673267326733,0.65,0.8773584905660378,0.7692307692307693,0.8,0.7894736842105263,0.9813084112149533,0.7307692307692307,0.8805970149253731,0.625,0.9444444444444444,0.43902439024390244,0.5824175824175825,0.5777777777777777,0.6329113924050633,0.6111111111111112,0.8867924528301887,0.3333333333333333,0.6336633663366337,0.8695652173913043,0.6046511627906976,0.5217391304347826,0.6410256410256411,0.5333333333333333,0.5901639344262295,0.4380952380952381,0.0,0.0,0.0,0.0,0.0,0.0,0.0,0.0,0.0,0.0,0.0,0.0,0.0,0.0,0.0,0.0,0.0,0.0,1.0,1.0,1.0,1.0
160054, intergenic, MOB_160054_160062_IS1_-1, sv,3.29541,9.999e-05,113,-1.0,0.923077,104,0.9,0.0153453,PASS,0.0,0.0,0.0,0.0,0.0,0.0,0.0,0.0,0.0,0.0,0.0,0.0,0.0,0.0,0.0,0.0,0.0,0.0,0.0,0.0,0.0,0.0,0.0,0.0,0.0,0.0,0.0,0.0,0.0,0.0,0.0,0.0,0.0,0.0,0.0,0.0,0.0,0.0,0.0,0.0,0.0,0.0,0.0,0.0,0.0,0.0,0.0,0.0,0.0,0.0,0.0,0.0,0.0,0.0,0.0,0.0,0.0,0.0,0.0,0.0,0.0,0.07142857142857142,0.07894736842105263,0.04878048780487805,0.1282051282051282,0.11666666666666667,0.21212121212121213,0.058823529411764705,0.0,0.0,0.0,0.0,0.0,0.0,0.0,0.0,0.0,0.0,0.0,0.0,0.0,0.0,0.0,0.0,0.0,0.0,0.0,0.0,0.0,0.0,0.0,0.0,0.02040816326530612,0.0,0.0125,0.0,0.0,0.0,0.0,0.0,0.0,0.0,0.0,0.0,0.0,0.0,0.0,0.0,0.0,0.0,0.0,0.0,0.0,0.0,0.0,0.0,0.0,0.0,0.0,0.0,0.0,0.0,0.0,0.0,0.0,0.0,0.0,0.0,0.0,0.0,0.0,0.0,0.0,0.0,0.0,0.0
190475, glnD, C->T, missense,1.98217,9.999e-05,113,-1.0,0.631579,111,0.9,0.109091,PASS,0.0,0.0,0.0,0.0,0.0,0.0,0.0,0.0,0.0,0.0,0.0,0.0,0.0,0.0,0.0,0.0,0.0,0.0,0.0,0.0,0.0,0.0,0.0,0.0,0.0,0.0,0.0,0.0,0.0,0.0,0.0,0.0,0.0,0.0,0.0,0.0,0.0,0.0,0.0,0.0,0.0,0.0,0.0,0.0,0.0,0.0,0.0,0.0,0.0,0.0,0.0,0.0,0.0,0.0,0.0,0.0,0.0,0.0,0.0,0.0,0.0,0.0,0.0,0.0,0.0,0.0,0.0,0.0,0.0,0.0,0.0,0.0,0.0,0.0,0.0,0.0,0.0,0.0,0.0,0.0,0.0,0.0,0.0,0.0,0.0,0.0,0.0,0.0,0.0,0.0,0.0,0.011111111111111112,0.03125,0.02631578947368421,0.0,0.06,0.11267605633802817,0.36363636363636365,0.30952380952380953,0.16216216216216217,0.17346938775510204,0.40789473684210525,0.24324324324324326,0.38235294117647056,0.02,0.23255813953488372,0.21621621621621623,0.0958904109589041,0.32653061224489793,0.3333333333333333,0.3469387755102041,0.08888888888888889,0.10526315789473684,0.3424657534246575,0.0,0.0,0.0,0.0,0.0,0.0,0.0,0.0,0.0,0.0,0.0,0.0,0.0,0.0,0.0,0.0,0.0,0.0,0.0,0.0,0.0,0.011235955056179775
190922, glnD, C->T, missense,0.814063,9.999e-05,113,-1.0,0.6,112,0.9,0.75,PASS,0.0,0.0,0.0,0.0,0.0,0.0,0.0,0.0,0.0,0.0,0.0,0.0,0.0,0.0,0.0,0.0,0.0,0.0,0.0,0.0,0.0,0.0,0.0,0.0,0.02564102564102564,0.0,0.0,0.0,0.0,0.0,0.0,0.0,0.0,0.0,0.0,0.0,0.0,0.0,0.0,0.0,0.0,0.0,0.0,0.0,0.0,0.0,0.0,0.0136986301369863,0.0,0.0,0.0,0.0,0.0,0.0,0.0,0.0,0.0,0.0,0.03773584905660377,0.043478260869565216,0.09523809523809523,0.4482758620689655,0.8974358974358975,0.7714285714285715,0.8888888888888888,0.85,0.9666666666666667,0.8921568627450981,0.7142857142857143,0.35555555555555557,0.7407407407407407,0.6333333333333333,0.72,0.6530612244897959,0.8571428571428571,0.3953488372093023,0.7894736842105263,0.5875,0.9263157894736842,0.59375,0.7777777777777778,0.574468085106383,0.8636363636363636,0.7258064516129032,0.6417910447761194,0.8923076923076924,0.82,0.5384615384615384,0.6274509803921569,0.65,0.925531914893617,0.8378378378378378,0.6865671641791045,0.7,0.9325842696629213,0.8441558441558441,0.8035714285714286,0.5121951219512195,0.75,0.4838709677419355,0.6867469879518072,0.4925373134328358,0.7415730337078652,0.7631578947368421,0.92,0.5102040816326531,0.6923076923076923,0.8727272727272727,0.6451612903225806,0.7631578947368421,0.6461538461538462,0.4186046511627907,0.6705882352941176,0.6,0.0,0.0,0.0,0.0,0.0,0.0,0.0,0.0,0.0,0.0,0.0,0.0,0.0,0.0,0.0,0.0,0.0,0.0,1.0,1.0,1.0,0.9901960784313726
197681, uppS, indel;+TT;T+T;-1;+T, indel,1.25381,9.999e-05,113,-1.0,0.3,113,0.9,0.3,PASS,0.015625,0.03333333333333333,0.0,0.0,0.08823529411764706,0.0,0.0,0.0,0.0,0.0,0.0,0.0,0.0,0.0,0.037037037037037035,0.0,0.0,0.0,0.0,0.0,0.029411764705882353,0.0,0.0,0.046511627906976744,0.0,0.0,0.0,0.0,0.020202020202020204,0.009900990099009901,0.02127659574468085,0.0,0.013157894736842105,0.0,0.0,0.011235955056179775,0.015384615384615385,0.0,0.0,0.0,0.0,0.020833333333333332,0.0,0.0,0.0,0.0,0.012345679012345678,0.02531645569620253,0.0,0.0,0.0,0.0,0.013513513513513514,0.0,0.045454545454545456,0.0,0.0,0.0,0.0,0.05063291139240506,0.019230769230769232,0.03225806451612903,0.0,0.016129032258064516,0.020833333333333332,0.0,0.011904761904761904,0.009345794392523364,0.0,0.0,0.0,0.0,0.05714285714285714,0.016129032258064516,0.015151515151515152,0.014705882352941176,0.043010752688172046,0.0,0.0,0.017543859649122806,0.0,0.011904761904761904,0.0,0.0,0.0,0.1016949152542373,0.22784810126582278,0.2833333333333333,0.22580645161290322,0.32558139534883723,0.08196721311475409,0.32967032967032966,0.3561643835616438,0.15384615384615385,0.013157894736842105,0.2,0.08737864077669903,0.24561403508771928,0.05660377358490566,0.2553191489361702,0.1891891891891892,0.23333333333333334,0.2892561983471074,0.29545454545454547,0.07462686567164178,0.16279069767441862,0.22058823529411764,0.08433734939759036,0.3404255319148936,0.2608695652173913,0.29310344827586204,0.12962962962962962,0.13953488372093023,0.3291139240506329,0.05,0.0,0.0,0.0,0.0,0.0,0.0,0.0,0.0,0.0,0.0,0.0,0.0,0.0,0.0,0.0,0.0,0.0,0.0,0.0,0.004166666666666667,0.0
209958, dnaE, C->T, missense,0.82582,9.999e-05,113,-1.0,0.26087,112,0.9,0.4,PASS,0.0,0.0,0.0,0.0,0.0,0.0,0.0,0.0,0.0,0.0,0.0,0.0,0.0,0.0,0.0,0.0,0.0,0.0,0.0,0.0,0.0,0.0,0.0,0.0,0.0,0.0,0.0,0.0,0.0,0.0,0.0,0.0,0.0,0.0,0.0,0.0,0.0,0.0,0.0,0.0,0.0,0.0,0.0,0.0,0.0,0.0,0.0,0.0,0.0,0.0,0.0,0.0,0.0,0.0,0.0,0.0,0.0,0.0,0.0,0.0,0.013333333333333334,0.22727272727272727,0.7634408602150538,0.746268656716418,0.8759124087591241,0.7868852459016393,0.9354838709677419,0.8571428571428571,0.7368421052631579,0.29347826086956524,0.7115384615384616,0.7291666666666666,0.6344086021505376,0.6354166666666666,0.796875,0.5529411764705883,0.7790697674418605,0.48,0.9741379310344828,0.8478260869565217,0.7352941176470589,0.6063829787234043,0.8426966292134831,0.7247706422018348,0.41935483870967744,0.875,0.782608695652174,0.5671641791044776,0.57,0.7011494252873564,0.9315068493150684,0.7214285714285714,0.7766990291262136,0.7,0.9797979797979798,0.8055555555555556,0.9256198347107438,0.5769230769230769,0.8152173913043478,0.358974358974359,0.8272727272727273,0.5882352941176471,0.7619047619047619,0.45714285714285713,0.875,0.29333333333333333,0.6463414634146342,0.8823529411764706,0.5416666666666666,0.7424242424242424,0.6853932584269663,0.25925925925925924,0.6880733944954128,0.7032967032967034,0.0,0.0,0.0,0.0,0.0,0.0,0.0,0.0,0.0,0.0,0.0,0.0,0.0,0.0,0.0,0.0,0.0,0.0,1.0,0.9878048780487805,1.0,0.9761904761904762
212865, ldcC, T->C, synonymous,0.547995,9.999e-05,113,-1.0,0.521739,113,0.9,0.5,PASS,0.0,0.0,0.0,0.0,0.0,0.0,0.0,0.0,0.0,0.0,0.0,0.0,0.0,0.0,0.0,0.0,0.0625,0.09523809523809523,0.9,0.6190476190476191,0.6904761904761905,0.9375,0.6617647058823529,0.4473684210526316,0.8,0.7735849056603774,0.8333333333333334,0.8461538461538461,0.8666666666666667,0.6153846153846154,0.7037037037037037,0.625,0.6818181818181818,0.3018867924528302,0.8899082568807339,0.6944444444444444,0.9787234042553191,0.6666666666666666,0.32432432432432434,0.47368421052631576,0.7,0.34328358208955223,0.9259259259259259,0.45454545454545453,0.7066666666666667,0.7142857142857143,0.5555555555555556,0.5760869565217391,0.46153846153846156,0.5,0.7272727272727273,0.6666666666666666,0.8181818181818182,0.8235294117647058,0.8421052631578947,0.6578947368421053,0.9193548387096774,0.9782608695652174,0.9841269841269841,0.9411764705882353,0.9193548387096774,0.9333333333333333,0.9821428571428571,0.8571428571428571,0.898876404494382,0.7121212121212122,0.9404761904761905,0.8512396694214877,0.9583333333333334,0.8392857142857143,0.8656716417910447,0.6274509803921569,0.6666666666666666,0.7014925373134329,0.9240506329113924,0.6216216216216216,0.8080808080808081,0.5833333333333334,0.9385964912280702,0.86,0.8524590163934426,0.6266666666666667,0.93,0.7622950819672131,0.4672897196261682,0.9081632653061225,0.8333333333333334,0.6129032258064516,0.6904761904761905,0.6454545454545455,0.9112903225806451,0.8050847457627118,0.6753246753246753,0.7,1.0,0.7804878048780488,0.9433962264150944,0.5294117647058824,0.7931034482758621,0.8166666666666667,0.7528089887640449,0.660377358490566,0.781021897810219,0.5957446808510638,0.9076923076923077,0.7560975609756098,0.7162162162162162,0.9264705882352942,0.5588235294117647,0.6612903225806451,0.4883720930232558,0.7777777777777778,0.6470588235294118,0.43529411764705883,0.0,0.0,0.0,0.0,0.0,0.0,0.0,0.0,0.0,0.0,0.0,0.0,0.9838709677419355,1.0,0.0,0.0,1.0,1.0,1.0,1.0,0.9901960784313726,1.0
320993, prpR, T->G, missense,0.265068,0.015694,113,-1.0,0.666667,112,0.9,0.521739,PASS,0.0,0.0,0.0,0.0,0.0,0.0,0.0,0.0,0.0,0.0,0.0,0.0,0.0,0.0,0.0,0.0,0.0,0.0,0.0,0.0,0.2765957446808511,0.06818181818181818,0.3,0.34285714285714286,0.391304347826087,0.17142857142857143,0.34615384615384615,0.1388888888888889,0.1875,0.3787878787878788,0.15384615384615385,0.34375,0.5294117647058824,0.5384615384615384,0.10526315789473684,0.36,0.08108108108108109,0.125,0.6842105263157895,0.3103448275862069,0.20408163265306123,0.6944444444444444,0.0,0.11764705882352941,0.4383561643835616,0.25,0.19402985074626866,0.4444444444444444,0.35135135135135137,0.34285714285714286,0.2413793103448276,0.2,0.13846153846153847,0.23636363636363636,0.17142857142857143,0.045454545454545456,0.1951219512195122,0.06349206349206349,0.0,0.017543859649122806,0.075,0.12903225806451613,0.016666666666666666,0.16981132075471697,0.06666666666666667,0.2087912087912088,0.1,0.17777777777777778,0.05555555555555555,0.21052631578947367,0.20634920634920634,0.24489795918367346,0.16129032258064516,0.2708333333333333,0.06557377049180328,0.27419354838709675,0.09210526315789473,0.3918918918918919,0.047619047619047616,0.12307692307692308,0.2127659574468085,0.4807692307692308,0.0975609756097561,0.3484848484848485,0.4,0.1566265060240964,0.1506849315068493,0.35714285714285715,0.273972602739726,0.29577464788732394,0.023529411764705882,0.2159090909090909,0.2054794520547945,0.12121212121212122,0.0,0.23170731707317074,0.12345679012345678,0.42424242424242425,0.24444444444444444,0.26785714285714285,0.12345679012345678,0.3253012048192771,0.1259259259259259,0.37037037037037035,0.038461538461538464,0.12903225806451613,0.2191780821917808,0.04081632653061224,0.4418604651162791,0.4146341463414634,0.5238095238095238,0.27586206896551724,0.07575757575757576,0.5,0.0625,0.0,0.0,0.0,0.0,0.0,0.0,0.0,0.0,0.0,0.0,0.014084507042253521,0.0,0.0,1.0,1.0,0.0,0.0,0.0,0.0,0.0,0.0
428531, clpX, G->T, missense,1.82419,9.999e-05,113,-1.0,0.444444,113,0.9,0.428571,PASS,0.0,0.0,0.0,0.0,0.0,0.0,0.0,0.0,0.0,0.0,0.0,0.0,0.0,0.0,0.0,0.0,0.0,0.0,0.0,0.0,0.0,0.0,0.0,0.0,0.0,0.0,0.0,0.0,0.0,0.019230769230769232,0.0,0.0,0.0,0.0,0.0,0.0,0.0,0.0,0.0,0.0,0.0,0.0,0.0,0.0,0.0,0.0,0.0,0.0,0.0,0.0,0.0,0.0,0.0,0.0,0.0,0.0,0.0,0.0,0.0,0.0,0.0,0.0,0.0,0.0,0.0,0.0,0.0,0.0,0.04,0.0,0.03571428571428571,0.0,0.0,0.019230769230769232,0.0,0.0,0.0,0.0,0.0,0.020833333333333332,0.0,0.0,0.0,0.0,0.0,0.0,0.0,0.0,0.0,0.0,0.0,0.08333333333333333,0.0,0.07407407407407407,0.37349397590361444,0.6704545454545454,0.6951219512195121,0.6470588235294118,0.8214285714285714,0.3584905660377358,0.7848101265822784,0.578125,0.7247706422018348,0.525,0.8222222222222222,0.41025641025641024,0.5846153846153846,0.8909090909090909,0.6190476190476191,0.6046511627906976,0.5135135135135135,0.5217391304347826,0.5,0.4925373134328358,0.0,0.0,0.0,0.0,0.0,0.0,0.0,0.0,0.0,0.0,0.0,0.0,0.012658227848101266,0.0,0.0,0.0,0.0,0.0,0.0,0.012658227848101266,0.9744897959183674,1.0
431011, lon, G->T, synonymous,2.27536,0.00019998,113,-1.0,0.857143,113,0.9,0.857143,PASS,0.0,0.0,0.0,0.0,0.0,0.0,0.0,0.0,0.0,0.0,0.0,0.0,0.0,0.0,0.0,0.0,0.0,0.0,0.0,0.0,0.0,0.0,0.0,0.0,0.0,0.0,0.0,0.0,0.0,0.0,0.0,0.0,0.0,0.0,0.0,0.0,0.0,0.0,0.0,0.0,0.0,0.0,0.0,0.0,0.0,0.0,0.0,0.0,0.0,0.0,0.0,0.0,0.0,0.0,0.0,0.0,0.0,0.0,0.0,0.0,0.0,0.0,0.0,0.0,0.0,0.0,0.0,0.0,0.0,0.0,0.0,0.0,0.0,0.022222222222222223,0.0,0.0,0.0,0.0,0.0,0.0,0.0,0.0,0.0,0.0,0.0,0.0,0.0,0.0,0.0,0.0,0.0,0.009900990099009901,0.0,0.0,0.0,0.0,0.0,0.0,0.0,0.0,0.009615384615384616,0.03614457831325301,0.02197802197802198,0.045454545454545456,0.046875,0.10416666666666667,0.25,0.0641025641025641,0.15789473684210525,0.0975609756097561,0.2857142857142857,0.1590909090909091,0.1323529411764706,0.29213483146067415,0.0,0.0,0.0,0.0,0.0,0.0,0.024390243902439025,0.0,0.0,0.0,0.0,0.015873015873015872,0.0,0.015384615384615385,0.0,0.0,0.0,0.0,0.02,0.0,0.0,0.0
431022, lon, T->C, missense,0.767537,9.999e-05,113,-1.0,0.857143,112,0.9,0.3,PASS,0.0,0.0,0.0,0.0,0.0,0.0,0.0,0.0,0.0,0.0,0.0,0.0,0.0,0.0,0.0,0.0,0.0,0.0,0.03125,0.0,0.0,0.0,0.0,0.0,0.0,0.0,0.0,0.0,0.0,0.0,0.0,0.0,0.0,0.0,0.0,0.0,0.0,0.0,0.0,0.0,0.0,0.0,0.0,0.0,0.0,0.0,0.0,0.015625,0.0,0.0,0.0,0.0,0.0,0.0,0.0,0.0,0.06451612903225806,0.21428571428571427,0.42424242424242425,0.6551724137931034,0.6923076923076923,0.5454545454545454,0.96,0.875,0.9041095890410958,0.7288135593220338,0.9411764705882353,0.811965811965812,0.6666666666666666,0.2545454545454545,0.7666666666666667,0.631578947368421,0.6296296296296297,0.5714285714285714,0.94,0.5833333333333334,0.8059701492537313,0.48148148148148145,0.9452054794520548,0.7241379310344828,0.7959183673469388,0.5357142857142857,0.8679245283018868,0.7733333333333333,0.57,0.9444444444444444,0.6888888888888889,0.54,0.6172839506172839,0.7666666666666667,0.8901098901098901,0.7764705882352941,0.7543859649122807,0.7368421052631579,0.9878048780487805,0.7972972972972973,0.8666666666666667,0.6538461538461539,0.8235294117647058,0.4,0.7215189873417721,0.589041095890411,0.6712328767123288,0.7058823529411765,0.9019607843137255,0.38095238095238093,0.5466666666666666,0.8059701492537313,0.6078431372549019,0.696969696969697,0.7083333333333334,0.5277777777777778,0.5882352941176471,0.5068493150684932,0.0,0.0,0.0,0.0,0.0,0.0,0.0,0.0,0.0,0.0,0.0,0.0,0.0,0.0,0.014925373134328358,0.0,1.0,1.0,1.0,1.0,1.0,1.0
433690, hupB, A->C, missense,3.60922,9.999e-05,113,-1.0,0.333333,112,0.9,0.521739,PASS,0.0,0.0,0.0,0.0,0.0,0.0,0.0,0.0,0.0,0.0,0.0,0.0,0.0,0.0,0.0,0.0,0.0,0.0,0.0,0.0,0.0,0.0,0.0,0.0,0.0,0.0,0.018518518518518517,0.016129032258064516,0.3894736842105263,0.25301204819277107,0.2857142857142857,0.3902439024390244,0.16666666666666666,0.08163265306122448,0.031914893617021274,0.0,0.04477611940298507,0.0,0.0,0.0,0.0,0.0,0.0,0.0,0.0,0.0,0.0,0.0,0.0,0.0,0.0,0.0,0.0,0.0,0.0,0.0,0.0,0.0,0.0,0.0,0.0,0.0,0.0,0.0,0.0,0.0,0.0,0.0,0.0,0.0,0.0,0.0,0.0,0.0,0.0,0.0,0.0,0.00980392156862745,0.0,0.0,0.0,0.0,0.0,0.0,0.0,0.0,0.0,0.0,0.0,0.0,0.0,0.0,0.0,0.0,0.0,0.0,0.0,0.0,0.0,0.0,0.0,0.0,0.0,0.0,0.0,0.0,0.0,0.0,0.0,0.0,0.0,0.0,0.0,0.0,0.0,0.0,0.0,0.0,0.0,0.0,0.0,0.014492753623188406,0.0,0.0,0.0,0.0,0.0,0.0,0.011764705882352941,0.0,0.0,0.0,0.0,0.0,0.0,0.0
433831, intergenic, indel;-1;T, indel,0.602775,9.999e-05,113,-1.0,0.631579,110,0.9,0.285714,PASS,0.0,0.0,0.0,0.0,0.0,0.0,0.0,0.0,0.0,0.0,0.0,0.0,0.0,0.0,0.0,0.0,0.0,0.0,0.0,0.0,0.0,0.0,0.0,0.0,0.0,0.0,0.0,0.0,0.0,0.03508771929824561,0.42105263157894735,0.35294117647058826,0.3111111111111111,0.4583333333333333,0.7843137254901961,0.6031746031746031,0.9130434782608695,0.8518518518518519,0.3333333333333333,0.47058823529411764,0.673469387755102,0.21428571428571427,0.8064516129032258,0.7272727272727273,0.7333333333333333,0.64,0.6530612244897959,0.5254237288135594,0.6842105263157895,0.46153846153846156,0.8108108108108109,0.6086956521739131,0.8405797101449275,0.8181818181818182,0.8611111111111112,0.7222222222222222,0.8225806451612904,0.8983050847457628,0.9571428571428572,0.9354838709677419,0.9152542372881356,0.9024390243902439,0.9607843137254902,0.7083333333333334,0.8524590163934426,0.7589285714285714,0.8714285714285714,0.9183673469387755,0.8,0.7368421052631579,0.8194444444444444,0.7419354838709677,0.8148148148148148,0.723404255319149,0.8936170212765957,0.625,0.8513513513513513,0.6231884057971014,0.9770114942528736,0.7,0.7441860465116279,0.7169811320754716,0.8235294117647058,0.7592592592592593,0.5569620253164557,0.8783783783783784,0.7361111111111112,0.6363636363636364,0.7395833333333334,0.7101449275362319,0.9351851851851852,0.78125,0.6470588235294118,0.5833333333333334,0.975609756097561,0.8041237113402062,0.8604651162790697,0.6,0.7872340425531915,0.7454545454545455,0.7261904761904762,0.6555555555555556,0.7128712871287128,0.5849056603773585,0.8225806451612904,0.7166666666666667,0.5978260869565217,0.8902439024390244,0.7045454545454546,0.6428571428571429,0.6555555555555556,0.7301587301587301,0.6363636363636364,0.6046511627906976,0.0,0.0,0.0,0.0,0.0,0.0,0.0,0.0,0.020833333333333332,0.0,0.0,0.0,0.0,0.0,0.0,0.0,0.7627118644067796,0.6744186046511628,0.8913043478260869,0.7419354838709677,0.8028169014084507,0.8723404255319149
467806, htpG, C->T, missense,2.98987,0.00569943,113,-1.0,0.8,111,0.9,0.75,PASS,0.0,0.0,0.0,0.0,0.0,0.0,0.0,0.0,0.0,0.0,0.0,0.0,0.0,0.0,0.0,0.0,0.0,0.0,0.0,0.0,0.0,0.0,0.0,0.0,0.0,0.0,0.0,0.0,0.0,0.0,0.0,0.0,0.0,0.0,0.0,0.0,0.0,0.0,0.0,0.0,0.0,0.0,0.0,0.0,0.0,0.0,0.0,0.0,0.0,0.0,0.0,0.0,0.04081632653061224,0.0,0.0,0.0,0.0,0.03278688524590164,0.03076923076923077,0.0392156862745098,0.11538461538461539,0.0,0.0,0.0,0.0,0.0136986301369863,0.0,0.0,0.0,0.0,0.0,0.0,0.0,0.0,0.0,0.0,0.0,0.0,0.0,0.0,0.0,0.0,0.0,0.0,0.0,0.0,0.0,0.0,0.0,0.0,0.0,0.01282051282051282,0.0,0.0,0.0,0.0,0.0,0.0,0.0,0.0,0.0,0.0,0.0,0.0,0.0,0.0,0.0,0.0,0.0,0.0,0.0,0.0,0.0,0.0,0.0,0.0,0.0,0.0,0.0,0.0,0.0,0.0,0.0,0.0,0.0,0.0,0.0,0.0,0.0,0.0,0.0,0.0,0.0,0.01818181818181818,0.0,0.0
499183, rhsD, MOB_499183_499191_IS1_1, sv,7.04013,0.00029997,113,-1.0,0.857143,113,0.9,0.8,PASS,0.0,0.025210084033613446,0.3142857142857143,0.7628865979381443,0.02857142857142857,0.02,0.011494252873563218,0.0,0.0,0.0,0.0,0.0,0.0,0.0,0.0,0.0,0.0,0.0,0.0,0.0,0.0,0.0,0.0,0.0,0.0,0.0,0.0,0.0,0.0,0.0,0.0,0.0,0.0,0.0,0.0,0.0,0.0,0.0,0.0,0.0,0.0,0.0,0.0,0.0,0.0,0.0,0.0,0.0,0.0,0.0,0.0,0.0,0.0,0.0,0.0,0.0,0.0,0.0,0.0,0.0,0.0,0.0,0.0,0.0,0.0,0.0,0.0,0.0,0.0,0.0,0.0,0.0,0.0,0.0,0.0,0.0,0.0,0.0,0.0,0.0,0.0,0.0,0.0,0.0,0.0,0.0,0.0,0.0,0.0,0.0,0.0,0.0,0.0,0.0,0.0,0.0,0.0,0.0,0.0,0.0,0.0,0.0,0.0,0.0,0.0,0.0,0.0,0.0,0.0,0.0,0.0,0.0,0.0,0.0,0.0,0.0,0.0,0.0,0.8194444444444444,0.0,0.9454545454545454,0.8901098901098901,0.0,0.0,0.0,0.0,0.0,0.0,0.0,0.0,0.0,0.0,0.0,0.0,0.0,0.0
556772, ECB_00513, junction_556772_1_IS1_start, sv,2.16642,0.00519948,112,-1.0,0.00295276,108,0.9,0.0157895,PASS,0.0,0.0,0.0,0.0,0.0,0.0,0.0,0.0,0.0,0.0,0.0,0.0,0.0,0.0,0.0,0.0,0.0,0.0,0.0,0.0,0.0,0.0,0.0,0.0,0.0,0.0,0.0,0.0,0.0,0.0,0.0,0.0,0.0,0.0,0.0,0.0,0.01639344262295082,0.05263157894736842,0.0,0.0,0.0,0.15789473684210525,0.0,0.0,0.046511627906976744,0.041666666666666664,0.07142857142857142,0.05714285714285714,0.10526315789473684,0.16666666666666666,0.03571428571428571,0.0,0.0392156862745098,0.03636363636363636,0.0,0.0,0.0,0.0,0.0,0.0,0.0,0.0,0.0,0.0,0.0,0.0,0.0,0.0,0.0,0.0,0.018518518518518517,0.0,0.0,0.0,0.0,0.0,0.0,0.0,0.0,0.0,0.0,0.017241379310344827,0.0,0.0,0.0,0.0,0.0,0.0,0.0,0.0,0.0,0.0,0.0,0.0,0.0,0.0,0.0,0.029411764705882353,0.0,0.0,0.0,0.0,0.0,0.0,0.0,0.0,0.0,0.0,0.0,0.0,0.0,0.0,0.0,0.0,0.0,0.0,0.0,0.0,0.0,0.0,0.0,0.0,0.0,0.0,0.0,0.0,0.0,0.0,,,0.0,0.0,0.0,0.0,0.0,0.0
557614, ECB_00515, junction_557614_1_IS1_start, sv,5.90635,9.999e-05,112,-1.0,0.00019998,109,0.9,0.11215,PASS,0.0,0.0,0.0,0.0,0.0,0.0,0.0,0.0,0.0,0.0,0.0,0.0,0.0,0.0,0.0,0.0,0.0,0.0,0.0,0.0,0.0,0.0,0.0,0.0,0.0,0.0,0.0,0.0,0.0,0.0,0.0,0.0,0.0,0.0,0.0,0.0,0.0,0.26435947368421053,0.6066344086021506,0.5009666666666667,0.5581268436578172,0.10627830687830687,0.0,0.0,0.0,0.0,0.0,0.0,0.0,0.0,0.0,0.0,0.0,0.0,0.0,0.0,0.0,0.0,0.0,0.0,0.0,0.0,0.0,0.0,0.0,0.0,0.0,0.0,0.0,0.0,0.0,0.0,0.0,0.0,0.0,0.0,0.0,0.0,0.0,0.0,0.0,0.0,0.0,0.0,0.0,0.0,0.0,0.0,0.0,0.0,0.0,0.0,0.0,0.028770200573065906,0.0,0.0,0.0,0.0,0.0,0.0,0.0,0.0,0.0,0.0,0.0,0.0,0.0,0.0,0.0,0.0,0.0,0.0,0.0,0.0,0.0,0.0,0.0,0.0,0.0,0.0,0.0,0.0,0.0,0.0,0.0,0.0,0.0,0.0,1.0,1.0,0.0,0.0,0.0,0.0,0.0,0.0
559352, appY, junction_559352_1_IS1_start, sv,4.40738,0.00109989,113,-1.0,0.324324,110,0.9,0.5,PASS,0.0,0.0,0.0,0.0,0.0,0.0,0.0,0.0,0.0,0.0,0.0,0.0,0.0,0.0,0.0,0.0,0.0,0.0,0.0,0.0,0.0,0.0,0.0,0.0,0.0,0.0,0.0,0.0,0.0,0.0,0.0,0.0,0.0,0.0,0.0,0.0,0.0,0.0,0.0,0.0,0.0,0.0,0.0,0.0,0.0,0.0,0.0,0.0,0.0,0.0,0.0,0.0,0.0,0.0,0.0,0.0,0.0,0.0,0.0,0.0,0.0,0.0,0.0,0.0,0.0,0.0,0.0,0.0,0.0,0.0,0.03665164233576642,0.0,0.0,0.0,0.0,0.0,0.0,0.0,0.0,0.0,0.0,0.0,0.0,0.0,0.0,0.0,0.0,0.0,0.0,0.0,0.0,0.0,0.0,0.0,0.0,0.0,0.0,0.0,0.0,0.0,0.0,0.0,0.0,0.0,0.0,0.0,0.0,0.0,0.03250032362459547,0.0,0.09747411003236246,0.12500648535564854,0.466376254180602,0.6791856060606061,0.0,0.0,0.0,0.0,0.0,0.0,0.0,0.0,0.0,0.0,0.0,0.0,0.0,0.0,0.0,0.0,0.0,0.0,0.0,0.0,0.0,0.0
576881, cusC, MOB_576881_576888_IS1_-1, sv,3.74257,9.999e-05,113,-1.0,0.444444,109,0.9,0.571429,PASS,0.0,0.0,0.0,0.0,0.0,0.0,0.0,0.0,0.0,0.0,0.0,0.0,0.0,0.0,0.0,0.0,0.0,0.0,0.0,0.0,0.0,0.0,0.0,0.0,0.0,0.0,0.0,0.0,0.0,0.0,0.0,0.0,0.0,0.0,0.0,0.0,0.0,0.0,0.0,0.0,0.0,0.0,0.0,0.0,0.0,0.0,0.0,0.0,0.0,0.0,0.0,0.0,0.0,0.0,0.0,0.0,0.0,0.0,0.0,0.0,0.0,0.0,0.0,0.0,0.0,0.0,0.0,0.0,0.0,0.0,0.0,0.0,0.0,0.0,0.0,0.0,0.0,0.0,0.0,0.0,0.0,0.0,0.0,0.0,0.0,0.0,0.0,0.0,0.0,0.0,0.0,0.0,0.0,0.0,0.0,0.0,0.0,0.0,0.0,0.0,0.0,0.0,0.0,0.0,0.0,0.0,0.04411764705882353,0.3333333333333333,0.42857142857142855,0.6,0.4727272727272727,0.32608695652173914,0.27692307692307694,0.22413793103448276,0.0,0.0,0.0,0.0,0.0,0.0,0.0,0.0,0.0,0.0,0.0,0.0,0.0,0.0,0.0,0.0,0.0,0.0,0.0,0.0,0.0,0.0
578107, ylcC, junction_578107_1_IS1_start, sv,0.553302,0.00029997,113,-1.0,0.206897,112,0.9,0.0754717,PASS,0.0,0.0,0.0,0.0,0.0,0.0,0.0,0.0,0.0,0.0,0.0,0.0,0.0,0.0,0.0,0.0,0.0,0.0,0.0,0.0,0.0,0.0,0.0,0.0,0.0,0.0,0.0,0.0,0.0,0.0,0.0,0.0,0.0,0.0,0.0,0.0,0.0,0.0,0.0,0.0,0.0,0.6481481481481481,0.0,0.391304347826087,0.21518987341772153,0.5,0.2537313432835821,0.6666666666666666,0.3333333333333333,0.28125,0.1896551724137931,0.3157894736842105,0.11864406779661017,0.15476190476190477,0.07317073170731707,0.3333333333333333,0.08,0.08620689655172414,0.0,0.03571428571428571,0.1076923076923077,0.0,0.0,0.16326530612244897,0.140625,0.26666666666666666,0.11267605633802817,0.14705882352941177,0.0,0.16326530612244897,0.24444444444444444,0.11363636363636363,0.4032258064516129,0.373134328358209,0.12244897959183673,0.296875,0.038461538461538464,0.379746835443038,0.03571428571428571,0.13725490196078433,0.16393442622950818,0.32051282051282054,0.1,0.21428571428571427,0.3627450980392157,0.21666666666666667,0.3333333333333333,0.2978723404255319,0.2898550724637681,0.19791666666666666,0.041666666666666664,0.19607843137254902,0.2676056338028169,0.11538461538461539,0.009900990099009901,0.17777777777777778,0.06741573033707865,0.30952380952380953,0.12280701754385964,0.16666666666666666,0.15789473684210525,0.34285714285714286,0.2894736842105263,0.42857142857142855,0.020833333333333332,0.2222222222222222,0.35555555555555557,0.1,0.32653061224489793,0.35555555555555557,0.15384615384615385,0.18181818181818182,0.2,0.3870967741935484,0.0,0.0,0.0,0.0,0.0,0.0,0.0,0.0,0.0,0.0,0.0,0.0,0.0,0.0,0.0,0.0,0.0,0.0,0.0,0.0,0.0,0.0
578492, cusB, junction_578492_1_IS1_start, sv,2.06885,0.016796,113,-1.0,0.5,112,0.9,0.75,PASS,0.0,0.0,0.0,0.0,0.0,0.0,0.0,0.0,0.0,0.0,0.0,0.0,0.0,0.0,0.0,0.0,0.0,0.0,0.0,0.0,0.0,0.0,0.0,0.0,0.0,0.0,0.0,0.0,0.0,0.0,0.0,0.0,0.0,0.0,0.0,0.0,0.02,0.08333333333333333,0.14285714285714285,0.22727272727272727,0.43243243243243246,0.0,0.4358974358974359,0.0,0.0,0.0,0.0,0.0,0.0,0.0,0.0,0.0,0.0,0.0,0.0,0.0,0.0,0.0,0.0,0.0,0.0,0.0,0.0,0.0,0.0,0.0,0.0,0.0,0.13333333333333333,0.13793103448275862,0.07272727272727272,0.0,0.0,0.041666666666666664,0.015151515151515152,0.04878048780487805,0.016666666666666666,0.013157894736842105,0.0,0.0,0.0,0.0,0.0,0.014084507042253521,0.0,0.0,0.0,0.0,0.015873015873015872,0.0,0.0,0.0,0.0,0.0,0.0,0.0,0.015873015873015872,0.0,0.0,0.03333333333333333,0.0,0.0,0.0,0.03571428571428571,0.030303030303030304,0.0,0.0,0.0,0.0,0.0,0.02127659574468085,0.0,0.0,0.0,0.0,0.0,0.0,0.0,0.0,0.0,0.0,0.0,0.0,0.0,0.0,0.0,0.0,0.0,0.0,0.0,0.0,0.0,0.0,0.0,0.0,0.0
579212, cusB, C->T, synonymous,0.432642,0.012577,113,-1.0,0.923077,110,0.9,0.8,PASS,0.0,0.0,0.0,0.0,0.0,0.0,0.0,0.0,0.0,0.0,0.0,0.0,0.0,0.0,0.0,0.0,0.0,0.0,0.0,0.0,0.13157894736842105,0.0,0.3870967741935484,0.4166666666666667,0.18181818181818182,0.2222222222222222,0.3125,0.2222222222222222,0.15555555555555556,0.2857142857142857,0.21212121212121213,0.3076923076923077,0.358974358974359,0.7391304347826086,0.13793103448275862,0.46875,0.0,0.23076923076923078,0.7777777777777778,0.6428571428571429,0.37037037037037035,0.76,0.030303030303030304,0.0,0.28205128205128205,0.4090909090909091,0.375,0.5957446808510638,0.5333333333333333,0.42857142857142855,0.38095238095238093,0.0,0.14285714285714285,0.3235294117647059,0.125,0.13333333333333333,0.14285714285714285,0.06451612903225806,0.0,0.03225806451612903,0.034482758620689655,0.0,0.0,0.12903225806451613,0.03636363636363636,0.14285714285714285,0.13793103448275862,0.1,0.07692307692307693,0.16666666666666666,0.10256410256410256,0.4444444444444444,0.43243243243243246,0.3488372093023256,0.08,0.4222222222222222,0.02631578947368421,0.38181818181818183,0.0,0.1891891891891892,0.275,0.25,0.16279069767441862,0.21052631578947367,0.4878048780487805,0.1346153846153846,0.18421052631578946,0.2647058823529412,0.26,0.22413793103448276,0.05555555555555555,0.37254901960784315,0.30952380952380953,0.21428571428571427,0.0,0.16129032258064516,0.02040816326530612,0.038461538461538464,0.18181818181818182,0.3548387096774194,0.11538461538461539,0.26,0.3770491803278688,0.2777777777777778,0.16666666666666666,0.16666666666666666,0.22580645161290322,0.07142857142857142,0.2727272727272727,0.25,0.25,0.15625,0.22916666666666666,0.3103448275862069,0.0,0.0,0.0,0.0,0.0,0.0,0.0,0.0,0.0,0.0,0.0,0.0,0.0,0.0,1.0,1.0,0.0,0.0,0.0,0.0,0.0,0.0
583677, pheP, A->C, missense,3.50896,0.00769923,113,-1.0,0.0930233,112,0.9,0.179104,PASS,0.0,0.0,0.0,0.0,0.0,0.0,0.0,0.0,0.0,0.0,0.0,0.0,0.0,0.0,0.0,0.0,0.0,0.0,0.0,0.0,0.0,0.0,0.0,0.0,0.0,0.0,0.0,0.0,0.0,0.0,0.0,0.0,0.0,0.0,0.0,0.0,0.0,0.0,0.0,0.0,0.0,0.0,0.0,0.0,0.0,0.0,0.0,0.0,0.0,0.0,0.0,0.0,0.0,0.0,0.0,0.0,0.0,0.0,0.0,0.0,0.0,0.0,0.0,0.0,0.0,0.0,0.0,0.0,0.0,0.0,0.0,0.0,0.0,0.0,0.0,0.0,0.0,0.0,0.0,0.0,0.1111111111111111,0.2676056338028169,0.012345679012345678,0.019230769230769232,0.011627906976744186,0.0,0.0,0.0,0.0,0.0,0.0,0.0,0.0,0.0,0.0,0.0,0.0,0.0,0.0,0.0,0.0,0.0,0.0,0.0,0.0,0.0,0.0,0.0,0.0,0.0,0.0,0.0,0.0,0.0,0.0,0.0,0.0,0.0,0.0,0.0,0.0,0.0,0.0,0.0,0.0,0.0,0.0,0.0,0.0,0.0,0.0,0.0,0.0,0.0,0.0,0.0
600943, fepE, junction_600943_1_IS1_start, sv,3.95935,0.00019998,113,-1.0,0.923077,111,0.9,0.196721,PASS,0.0,0.0,0.0,0.0,0.0,0.0,0.0,0.0,0.0,0.0,0.0,0.05263157894736842,0.8666666666666667,0.375,0.14285714285714285,0.20689655172413793,0.1111111111111111,0.5,0.0,0.28,0.06666666666666667,0.022222222222222223,0.0,0.0,0.0,0.0,0.0,0.0,0.0,0.0,0.0,0.0,0.0,0.0,0.0,0.0,0.0,0.0,0.0,0.0,0.0,0.0,0.0,0.0,0.0,0.0,0.0,0.0,0.0,0.0,0.0,0.0,0.0,0.0,0.0,0.0,0.0,0.0,0.0,0.0,0.0,0.0,0.0,0.0,0.0,0.0,0.0,0.0,0.0,0.0,0.0,0.0,0.0,0.0,0.0,0.0,0.0,0.0,0.0,0.0,0.0,0.0,0.0,0.0,0.0,0.0,0.0,0.0,0.0,0.0,0.0,0.0,0.0,0.0,0.0,0.0,0.0,0.0,0.0,0.0,0.0,0.0,0.0,0.0,0.0,0.0,0.0,0.0,0.0,0.0,0.0,0.0,0.0,0.0,0.0,0.0,0.0,0.0,0.0,0.0,0.0,0.0,0.0,0.0,1.0,1.0,0.0,0.0,0.0,0.0,0.0,0.0,0.0,0.0,0.0,0.0
708611, kdpB, G->A, missense,2.99463,0.00659934,113,-1.0,1.0,111,0.9,0.20339,PASS,0.0,0.0,0.16666666666666666,0.1111111111111111,0.0,0.0,0.0,0.0,0.0,0.05555555555555555,0.0,0.0,0.0,0.0,0.0,0.0,0.0,0.0,0.0,0.0,0.0,0.0,0.0,0.04,0.0,0.0,0.0,0.0,0.0,0.016129032258064516,0.0,0.0,0.0,0.0,0.0,0.0,0.0,0.0,0.0,0.0,0.0,0.0,0.0,0.0,0.0,0.0,0.0,0.020833333333333332,0.03125,0.0,0.0,0.0,0.0,0.0,0.045454545454545456,0.0,0.0,0.0,0.0,0.0,0.0,0.0,0.0,0.0,0.0,0.0,0.0,0.0,0.0,0.0,0.0,0.0,0.0,0.0,0.0,0.0,0.0,0.0,0.0,0.0,0.0,0.0,0.0,0.0,0.0,0.0136986301369863,0.0,0.04878048780487805,0.0,0.0,0.0,0.0,0.0,0.0,0.0,0.0,0.0,0.0,0.0,0.0,0.0,0.0,0.0,0.0,0.0,0.0,0.0,0.0,0.0,0.0,0.0,0.0,0.0,0.0,0.0,0.0,0.0,0.0,0.0,0.0,0.0,0.0,0.0,0.0,0.0,0.0,0.0,0.0,0.0,0.0,0.0,0.0,0.0,0.0,0.0,0.0
735556, intergenic, T->G, noncoding,3.88398,0.00119988,113,-1.0,0.75,111,0.9,0.75,PASS,0.0,0.0,0.0,0.0,0.0,0.0,0.0,0.0,0.0,0.0,0.0,0.0,0.0,0.0,0.0,0.0,0.0,0.0,0.0196078431372549,0.0,0.0,0.0,0.0,0.0,0.0,0.0,0.0,0.0,0.0,0.0,0.0,0.0,0.0,0.0,0.0,0.0,0.0,0.0,0.0,0.0,0.0,0.0,0.0,0.0,0.0,0.0,0.0,0.0,0.0,0.0,0.0,0.0,0.0,0.0,0.0,0.0,0.0,0.0,0.0,0.0,0.0,0.0,0.0,0.0,0.0,0.0,0.0,0.0,0.0,0.0,0.0,0.0,0.0,0.0,0.0,0.0,0.0,0.0,0.0,0.019230769230769232,0.06349206349206349,0.12087912087912088,0.06666666666666667,0.022222222222222223,0.0,0.0,0.0,0.0,0.0,0.0,0.0,0.0,0.0,0.0,0.0,0.0,0.0,0.0,0.0,0.0,0.0,0.0,0.0,0.0,0.0,0.0,0.0,0.0,0.0,0.0,0.0,0.0,0.0,0.01020408163265306,0.0,0.0,0.0,0.0,0.0,0.0,0.0,0.0,0.0,0.0,0.0,0.0,0.0,0.0,0.0,0.0,0.0,0.0,0.0,0.0,0.0,0.0
760619, ybgF, G->A, missense,3.22018,0.00789921,113,-1.0,0.923077,111,0.9,0.6,PASS,0.0,0.0,0.0,0.0,0.0,0.0,0.0,0.0,0.0,0.0,0.0,0.0,0.0,0.0,0.0,0.0,0.0,0.0,0.0,0.0,0.0,0.0,0.0,0.0,0.0,0.0,0.0,0.0,0.0,0.0,0.0,0.0,0.0,0.0,0.0,0.0,0.0,0.0,0.0,0.0,0.0,0.0,0.0,0.0,0.0,0.0,0.0,0.0,0.0,0.0,0.0,0.0,0.0,0.0,0.0,0.0,0.0,0.0,0.0,0.0,0.0,0.0,0.0,0.0,0.0,0.0,0.0,0.0,0.0,0.0,0.0,0.0,0.0,0.0,0.0,0.0,0.0,0.0,0.0,0.0,0.0,0.0,0.0,0.0,0.0,0.0,0.0,0.0,0.0,0.0,0.0,0.0,0.0,0.0,0.0,0.0,0.0,0.03225806451612903,0.18181818181818182,0.05555555555555555,0.046153846153846156,0.01694915254237288,0.0,0.0,0.0,0.0,0.0,0.0,0.0,0.0,0.0,0.0,0.0,0.0,0.0,0.0,0.0,0.0,0.0,0.0,0.0,0.0,0.0,0.0,0.0,0.0,0.0,0.0,0.0,0.0,0.0,0.0,0.0,0.0,0.0,0.0
766774, aroG, MOB_766774_766776_IS150_1, sv,0.68968,9.999e-05,113,-1.0,0.166667,112,0.9,0.210526,PASS,0.0,0.0,0.0,0.0,0.0,0.0,0.0,0.0,0.0,0.0,0.0,0.0,0.0,0.0,0.0,0.0,0.0,0.0,0.0,0.0,0.0,0.0,0.0,0.0,0.0,0.0,0.0,0.0,0.0,0.0,0.0,0.0,0.0,0.0,0.008620689655172414,0.011627906976744186,0.02702702702702703,0.2,0.14705882352941177,0.28125,0.3977272727272727,0.33707865168539325,0.8309859154929577,0.7777777777777778,0.7279411764705882,0.7283950617283951,0.7218543046357616,0.6574074074074074,0.559322033898305,0.7142857142857143,0.8854166666666666,0.8461538461538461,0.8524590163934426,0.7450980392156863,0.7857142857142857,0.8032786885245902,0.9545454545454546,0.9705882352941176,1.0,0.9611650485436893,1.0,1.0,1.0,0.8588235294117647,0.8770949720670391,0.7697368421052632,0.953125,0.8883928571428571,0.7142857142857143,0.6666666666666666,0.8867924528301887,0.8333333333333334,0.82,0.7572815533980582,0.896551724137931,0.8181818181818182,0.8705035971223022,0.5460122699386503,0.9534883720930233,0.8765432098765432,0.7851239669421488,0.7894736842105263,0.8661971830985915,0.8050314465408805,0.6967741935483871,0.8908045977011494,0.7092198581560284,0.5737704918032787,0.7407407407407407,0.725,0.9270833333333334,0.7857142857142857,0.8073394495412844,0.76,0.9634703196347032,0.8304093567251462,0.9,0.75,0.819047619047619,0.5393258426966292,0.7412587412587412,0.6010928961748634,0.6859903381642513,0.6862745098039216,0.8737864077669902,0.449438202247191,0.6343283582089553,0.8888888888888888,0.7684210526315789,0.6,0.6470588235294118,0.7083333333333334,0.7007874015748031,0.6037735849056604,0.0,0.0,0.0,0.0,0.0,0.0,0.0,0.0,0.0,0.0,0.0,0.0,0.0,0.0,0.0,0.0,1.0,1.0,1.0,1.0,1.0,1.0
787878, ybhC, junction_787878_-1_799969_1, sv,1.52798,0.00109989,113,-1.0,0.571429,111,0.9,0.6,PASS,0.0,0.04310344827586207,0.0,0.0,0.0,0.0,0.0,0.0,0.0,0.0,0.0,0.0,0.0,0.0,0.0,0.0,0.0,0.0,0.0,0.0,0.0,0.0,0.0,0.0,0.0,0.0,0.0,0.0,0.0,0.0,0.0,0.0,0.0,0.0,0.0,0.0,0.0,0.0,0.0,0.0,0.0,0.0,0.0,0.0,0.0,0.0,0.0,0.0,0.0,0.0,0.0,0.0,0.0,0.0,0.0,0.0,0.0,0.0,0.0,0.0,0.0,0.0,0.0,0.07220216606498195,0.0,0.0,0.0,0.0,0.0,0.0,0.0,0.0,0.02481389578163772,0.0,0.0,0.0,0.0,0.0,0.0,0.0,0.037383177570093455,0.0,0.0,0.011160714285714286,0.048355899419729204,0.06313131313131314,0.14522821576763484,0.24175824175824176,0.1510574018126888,0.13414634146341464,0.02652519893899204,0.09313154831199068,0.15100671140939598,0.1183431952662722,0.008992805755395683,0.04420866489832007,0.05398110661268556,0.12307692307692308,0.023255813953488372,0.15243902439024393,0.11299435028248588,0.19914651493598862,0.223463687150838,0.21406727828746175,0.08658008658008658,0.03787878787878788,0.12129380053908355,0.06242197253433209,0.10723860589812333,0.2768166089965398,0.35989717223650386,0.05509641873278237,0.10230179028132992,0.18651362984218076,0.0,0.0,0.0,0.0,0.0,0.0,0.0,0.0,0.0,0.0,0.0,0.0,0.0,0.0,0.0,0.0,0.0,0.0,0.0,0.0,0.0,0.0
831855, ybiX, MOB_831855_831860_IS186_-1, sv,0.465563,9.999e-05,113,-1.0,0.48,112,0.9,0.857143,PASS,0.0,0.0,0.0,0.0,0.0,0.0,0.0,0.0,0.037037037037037035,0.02564102564102564,0.030303030303030304,0.0,0.0,0.0,0.02631578947368421,0.030303030303030304,0.0,0.0,0.0,0.0,0.0,0.022222222222222223,0.09375,0.3620689655172414,0.22641509433962265,0.05405405405405406,0.038461538461538464,0.02666666666666667,0.10344827586206896,0.2897196261682243,0.37735849056603776,0.39622641509433965,0.24107142857142858,0.6111111111111112,0.20212765957446807,0.30097087378640774,0.045454545454545456,0.23076923076923078,0.7,0.6,0.3333333333333333,0.5106382978723404,0.0958904109589041,0.3,0.36538461538461536,0.3717948717948718,0.5405405405405406,0.6018518518518519,0.4230769230769231,0.35185185185185186,0.22807017543859648,0.375,0.20408163265306123,0.25287356321839083,0.12121212121212122,0.375,0.12903225806451613,0.060240963855421686,0.028846153846153848,0.05063291139240506,0.029850746268656716,0.030303030303030304,0.0,0.1348314606741573,0.10294117647058823,0.2647058823529412,0.16666666666666666,0.20279720279720279,0.14893617021276595,0.2,0.0975609756097561,0.23529411764705882,0.28421052631578947,0.40384615384615385,0.1780821917808219,0.20454545454545456,0.1780821917808219,0.4803921568627451,0.05128205128205128,0.16666666666666666,0.2916666666666667,0.5180722891566265,0.20952380952380953,0.37373737373737376,0.3875968992248062,0.15873015873015872,0.20967741935483872,0.4090909090909091,0.4925373134328358,0.42342342342342343,0.050359712230215826,0.23417721518987342,0.32954545454545453,0.26666666666666666,0.02,0.20588235294117646,0.19811320754716982,0.4107142857142857,0.2631578947368421,0.2073170731707317,0.21100917431192662,0.43846153846153846,0.3656716417910448,0.5254237288135594,0.17647058823529413,0.2702702702702703,0.24761904761904763,0.10227272727272728,0.4533333333333333,0.3088235294117647,0.35526315789473684,0.1746031746031746,0.23423423423423423,0.49056603773584906,0.0,0.0,0.0,0.0,0.0,0.0,0.0,0.0,0.0,0.0,0.0,0.0,0.0,0.0,0.9523809523809523,0.9024390243902439,0.0,0.0,0.0,0.0,0.0,0.0
920892, ybjP, T->A, missense,3.73168,9.999e-05,113,-1.0,0.0176211,113,0.9,0.315789,PASS,0.0,0.0,0.0,0.0,0.0,0.0,0.0,0.0,0.0,0.0,0.0,0.0,0.0,0.0,0.0,0.0,0.0,0.0,0.0,0.0,0.0,0.0,0.0,0.0,0.0,0.0,0.0,0.0,0.0,0.0,0.0,0.0,0.0,0.0,0.0,0.0,0.0,0.0,0.0,0.0,0.0,0.0,0.0,0.0,0.0,0.0,0.0,0.0,0.0,0.0,0.0,0.0,0.0,0.0,0.0,0.0,0.0,0.0,0.0,0.0,0.0,0.0,0.0,0.0,0.0,0.0,0.0,0.0,0.0,0.0,0.0,0.0,0.0,0.0,0.0,0.0,0.0,0.0,0.009174311926605505,0.0,0.0,0.0,0.0,0.0,0.0,0.0,0.0,0.0,0.0,0.0,0.0,0.0,0.0,0.0,0.0,0.0,0.0,0.0,0.0,0.0,0.0,0.0,0.0,0.0,0.0,0.0,0.041666666666666664,0.417910447761194,0.3283582089552239,0.5625,0.3709677419354839,0.3116883116883117,0.17708333333333334,0.16176470588235295,0.0,0.0,0.0,0.0,0.0,0.0,0.0,0.0,0.0,0.0,0.0,0.010752688172043012,0.0,0.0,0.0,0.0,0.0,0.0,0.0,0.0,0.0,0.0
931548, ybjE, A->C, nonsense,0.802469,9.999e-05,113,-1.0,0.444444,112,0.9,0.272727,PASS,0.0,0.0,0.0,0.0,0.0,0.0,0.0,0.0,0.0,0.0,0.0,0.0,0.0,0.0,0.0,0.0,0.0,0.0,0.0,0.0,0.0,0.0,0.0,0.0,0.0,0.0,0.0,0.0,0.0,0.0,0.0,0.0,0.0,0.0,0.0,0.0,0.0,0.0,0.0,0.0,0.0,0.0,0.0,0.0,0.0,0.0,0.0,0.0,0.0,0.0,0.0,0.0,0.0,0.0,0.0,0.0,0.041666666666666664,0.1282051282051282,0.4507042253521127,0.5737704918032787,0.6511627906976745,0.6470588235294118,0.9142857142857143,0.7142857142857143,0.927536231884058,0.7415730337078652,0.8902439024390244,0.8125,0.45454545454545453,0.17647058823529413,0.6981132075471698,0.43902439024390244,0.6170212765957447,0.5,0.8596491228070176,0.6271186440677966,0.7619047619047619,0.4634146341463415,0.9438202247191011,0.6530612244897959,0.7291666666666666,0.6545454545454545,0.9054054054054054,0.7105263157894737,0.5824175824175825,0.8676470588235294,0.7246376811594203,0.6585365853658537,0.6904761904761905,0.6568627450980392,0.9207920792079208,0.75,0.6666666666666666,0.6190476190476191,0.9469026548672567,0.8289473684210527,0.8513513513513513,0.625,0.8103448275862069,0.7297297297297297,0.7386363636363636,0.6428571428571429,0.6699029126213593,0.6086956521739131,0.9433962264150944,0.28,0.5443037974683544,0.9090909090909091,0.5813953488372093,0.631578947368421,0.7027027027027027,0.35135135135135137,0.603448275862069,0.581081081081081,0.0,0.0,0.025,0.0,0.0,0.0,0.0,0.0,0.0,0.0,0.0,0.0,0.0,0.0,0.0,0.0,1.0,1.0,1.0,1.0,0.9954128440366973,1.0
944343, aat, A->G, missense,4.49804,0.0019998,113,-1.0,0.0189573,112,0.9,0.444444,PASS,0.0,0.0,0.0,0.0,0.0,0.0,0.0,0.0,0.0,0.0,0.0,0.0,0.0,0.0,0.0,0.0,0.0,0.0,0.0,0.0,0.0,0.0,0.0,0.0,0.0,0.0,0.0,0.0,0.0,0.0,0.0,0.0,0.0,0.0,0.0,0.0,0.0,0.0,0.0,0.0,0.0,0.0,0.0,0.0,0.0,0.0,0.0,0.0,0.0,0.0,0.0,0.0,0.0,0.01694915254237288,0.0,0.2222222222222222,0.11538461538461539,0.02040816326530612,0.0,0.04477611940298507,0.0,0.0,0.0,0.0,0.0,0.0,0.0,0.0,0.0,0.0,0.0,0.0,0.0,0.0,0.0,0.0,0.0,0.0,0.0,0.0,0.0,0.0,0.0,0.0,0.0,0.0,0.0,0.0,0.0,0.0,0.0,0.0,0.0,0.0,0.0,0.0,0.0,0.0,0.0,0.0,0.0,0.0,0.0,0.0,0.0,0.0,0.0,0.0,0.0,0.0,0.0,0.0,0.0,0.0,0.0,0.0,0.022727272727272728,0.0,0.0,0.0,0.0,0.0,0.0,0.014084507042253521,0.0,0.0,0.0,0.0,0.0,0.0,0.0,0.0,0.0,0.0,0.0,0.0
962005, intergenic, MOB_962005_962010_IS186_-1, sv,0.797289,9.999e-05,113,-1.0,0.6,113,0.9,0.705882,PASS,0.0029940119760479044,0.0,0.0,0.0,0.0,0.0,0.0,0.0,0.0,0.0,0.0,0.0,0.0,0.0,0.0,0.0,0.0,0.0,0.0,0.0,0.0,0.0,0.0,0.0,0.0,0.0,0.0,0.0,0.0,0.0,0.0,0.0,0.0,0.028169014084507043,0.0,0.0,0.0,0.0,0.0,0.0,0.0125,0.0,0.0,0.0,0.0,0.0,0.007633587786259542,0.0,0.016129032258064516,0.0,0.0,0.0,0.008928571428571428,0.0,0.0,0.0,0.03278688524590164,0.017391304347826087,0.09009009009009009,0.16822429906542055,0.26666666666666666,0.4657534246575342,0.8440366972477065,0.8253968253968254,0.9347826086956522,0.847953216374269,0.9609375,0.8260869565217391,0.5238095238095238,0.22388059701492538,0.625,0.5,0.6976744186046512,0.6320754716981132,0.94,0.5346534653465347,0.8833333333333333,0.6615384615384615,0.9518716577540107,0.9042553191489362,0.8333333333333334,0.6444444444444445,0.9090909090909091,0.7070063694267515,0.536697247706422,0.8933333333333333,0.7551020408163265,0.5370370370370371,0.684931506849315,0.7869822485207101,0.8983050847457628,0.8393782383419689,0.6923076923076923,0.6666666666666666,0.9636363636363636,0.8582089552238806,0.8734177215189873,0.6296296296296297,0.8089887640449438,0.3813559322033898,0.8392857142857143,0.5357142857142857,0.8,0.6266666666666667,0.9175257731958762,0.410958904109589,0.5394736842105263,0.9223300970873787,0.7,0.6041666666666666,0.6415094339622641,0.5949367088607594,0.6484375,0.62,0.0,0.0,0.0,0.0,0.0,0.0,0.0,0.0,0.0,0.0,0.0,0.0,0.0,0.0,0.0,0.0,0.0,0.0,0.967741935483871,0.9701492537313433,0.9318448883666275,0.9528795811518325
968076, pflA, C->A, missense,0.782534,9.999e-05,113,-1.0,0.666667,112,0.9,0.857143,PASS,0.0,0.0,0.0,0.0,0.0,0.0,0.0,0.0,0.0,0.0,0.0,0.0,0.0,0.0,0.0,0.0,0.0,0.0,0.0,0.0,0.0,0.0,0.0,0.0,0.0,0.0,0.0,0.0,0.0,0.0,0.0,0.0,0.0,0.0,0.0,0.0,0.0,0.0,0.0,0.0,0.0,0.0,0.0,0.0,0.0,0.0,0.0,0.0,0.0,0.0,0.0,0.0,0.0,0.11538461538461539,0.0,0.0,0.030303030303030304,0.0,0.0,0.02857142857142857,0.13513513513513514,0.06896551724137931,0.03125,0.16,0.03333333333333333,0.2727272727272727,0.11764705882352941,0.1411764705882353,0.058823529411764705,0.07142857142857142,0.21311475409836064,0.26666666666666666,0.26785714285714285,0.32432432432432434,0.058823529411764705,0.19148936170212766,0.15384615384615385,0.45901639344262296,0.045454545454545456,0.12244897959183673,0.2542372881355932,0.4634146341463415,0.1780821917808219,0.20833333333333334,0.3493975903614458,0.16129032258064516,0.25862068965517243,0.27586206896551724,0.4,0.32894736842105265,0.0410958904109589,0.2676056338028169,0.1774193548387097,0.3055555555555556,0.0,0.171875,0.20270270270270271,0.35714285714285715,0.10526315789473684,0.23404255319148937,0.2,0.32941176470588235,0.4074074074074074,0.23809523809523808,0.0851063829787234,0.20512820512820512,0.32142857142857145,0.0392156862745098,0.2916666666666667,0.22580645161290322,0.2564102564102564,0.16666666666666666,0.18461538461538463,0.5147058823529411,0.047619047619047616,0.0,0.0,0.0,0.0,0.0,0.0,0.0,0.045454545454545456,0.0,0.0,0.0,0.0,0.0,0.0,0.0,0.0,0.0,0.0,0.0,0.0,0.0
969836, pflB, MOB_969836_969838_IS150_-1, sv,1.82596,0.018503,113,-1.0,0.115385,112,0.9,0.176471,PASS,0.0,0.0,0.0,0.0,0.0,0.0,0.0,0.0,0.0,0.0,0.0,0.0,0.0,0.0,0.0,0.0,0.0,0.0,0.0,0.0,0.0,0.0,0.0,0.0,0.0,0.0,0.0,0.0,0.0,0.0,0.0,0.0,0.0,0.0,0.0,0.0,0.0,0.0,0.0,0.16322172131147542,0.19438633828996285,0.011188532731376976,0.1856625538020086,0.0,0.0,0.0,0.0,0.0,0.0,0.0,0.0,0.012006489104116223,0.0,0.0,0.0,0.0,0.0,0.0,0.0,0.0,0.0,0.0,0.0,0.009667982456140351,0.0,0.0,0.0,0.0,0.01934235976789168,0.0979528384279476,0.04128099585062241,0.010683760683760684,0.015698587127158554,0.013337093101138646,0.040417206477732795,0.01770048,0.025610386266094423,0.0,0.0,0.01394700139470014,0.009856113320079523,0.0,0.006609385327164573,0.008032128514056224,0.0,0.009950248756218905,0.0,0.0,0.0,0.0,0.0,0.0,0.0,0.0,0.0,0.0,0.0,0.0,0.0,0.0,0.0,0.012050030248033878,0.0,0.020920502092050212,0.021655131004366814,0.009302325581395349,0.016462572614107884,0.005966253758268189,0.03256451965065502,0.007331378299120234,0.00727802037845706,0.010058174442190669,0.014188482905982906,0.007782101167315175,0.0,0.0,0.0,0.0,0.0,0.0,0.0,0.0,0.0,0.0,0.0,0.0,0.0,0.0,0.0,0.0,0.0,0.0,0.0,0.0,0.004545119533527697,0.0
970343, pflB, MOB_970343_970345_IS150_1, sv,3.37868,9.999e-05,113,-1.0,0.705882,112,0.9,0.923077,PASS,0.0,0.0,0.0,0.0,0.0,0.0,0.0,0.0,0.0,0.0,0.0,0.0,0.0,0.0,0.0,0.0,0.0,0.0,0.0,0.0,0.0,0.0,0.0,0.0,0.0,0.0,0.0,0.0,0.0,0.0,0.0,0.0,0.0,0.0,0.0,0.0,0.0,0.0,0.0,0.0,0.0,0.0,0.0,0.0,0.0,0.010638297872340425,0.07971014492753623,0.3670886075949367,0.296875,0.03636363636363636,0.022222222222222223,0.0425531914893617,0.12087912087912088,0.05517241379310345,0.1,0.18604651162790697,0.08620689655172414,0.02,0.01,0.01020408163265306,0.0,0.0,0.0,0.0,0.0,0.0,0.0,0.0,0.0,0.0,0.0,0.0,0.0,0.0,0.0,0.0,0.0,0.0,0.0,0.0,0.0,0.0,0.0,0.0,0.0,0.0,0.0,0.0,0.0,0.0,0.0,0.0,0.0,0.0,0.0,0.0,0.0,0.0,0.0,0.0,0.0,0.0,0.0,0.0,0.028169014084507043,0.0,0.0,0.0,0.0,0.0,0.0,0.0,0.0,0.0,0.0,0.0,0.0,0.0,0.0,0.0,0.0,0.0,0.0,0.0,0.0,0.0,0.0,0.0,0.0,0.0,0.0,0.0,0.0,0.0,0.0,0.0
1075331, torC, T->G, missense,5.27678,9.999e-05,113,-1.0,0.461538,112,0.9,0.923077,PASS,0.0,0.0,0.0,0.0,0.0,0.0,0.0,0.0,0.0,0.0,0.0,0.0,0.0,0.0,0.0,0.0,0.0,0.0,0.0,0.0,0.0,0.0,0.0,0.0,0.0,0.0,0.0,0.0,0.0,0.0,0.0,0.0,0.0,0.0,0.0,0.0,0.0,0.058823529411764705,0.45454545454545453,0.5833333333333334,0.32653061224489793,0.1276595744680851,0.0,0.0,0.0,0.0,0.0,0.0,0.0,0.0,0.0,0.0,0.0,0.0,0.0,0.0,0.0,0.0,0.0,0.0,0.0,0.0,0.0,0.0,0.0,0.0,0.0,0.0,0.0,0.0,0.0,0.0,0.0,0.0,0.0,0.0,0.0,0.0125,0.0,0.0,0.0,0.0,0.0,0.0,0.0,0.022988505747126436,0.0,0.0,0.0,0.0,0.0,0.0,0.0,0.0,0.0,0.0,0.0,0.0,0.0,0.0,0.0,0.0,0.0,0.0,0.0,0.0,0.0,0.0,0.038461538461538464,0.0,0.0,0.0,0.0,0.0,0.0,0.0,0.0,0.0,0.0,0.0,0.0,0.0,0.0,0.0,0.0,0.0,0.010416666666666666,0.0,1.0,1.0,0.0,0.0,0.0,0.0,0.0,0.0
1091912, putA, C->A, synonymous,3.62117,0.0009999,113,-1.0,0.131868,111,0.9,0.0991736,PASS,0.0,0.0,0.0,0.0,0.0,0.0,0.0,0.0,0.0,0.0,0.0,0.0,0.0,0.0,0.0,0.0,0.0,0.0,0.0,0.0,0.0,0.0,0.0,0.0,0.0,0.03333333333333333,0.0,0.0,0.0,0.0,0.0,0.0,0.0,0.0,0.0,0.0,0.0,0.0,0.0,0.0,0.0,0.0,0.0,0.0,0.0,0.0,0.014492753623188406,0.0,0.0,0.0,0.0,0.0,0.0,0.0,0.0,0.0,0.0,0.0,0.14705882352941177,0.09090909090909091,0.0975609756097561,0.05660377358490566,0.0,0.0,0.0,0.0,0.0,0.0,0.0,0.0,0.0,0.0,0.0,0.0,0.0,0.0,0.0,0.0,0.0,0.0,0.0,0.0,0.0,0.0,0.0,0.0,0.015873015873015872,0.0,0.0,0.0,0.0,0.0,0.0,0.0,0.0,0.0,0.0,0.0,0.0,0.0,0.0,0.0,0.0,0.0,0.0,0.0,0.0,0.0,0.0,0.02564102564102564,0.0,0.0,0.0,0.0,0.0,0.0,0.0,0.0,0.0,0.0,0.0,0.0,0.0,0.0,0.0,0.015384615384615385,0.0,0.0,0.0,0.0,0.0,0.0,0.0,0.021739130434782608,0.0,0.0
1113277, ycdW, C->T, missense,3.83908,0.00029997,113,-1.0,0.444444,112,0.9,0.631579,PASS,0.0,0.0,0.0,0.0,0.0,0.0,0.0,0.0,0.0,0.0,0.0,0.0,0.0,0.0,0.0,0.0,0.0,0.0,0.0,0.0,0.0,0.0,0.0,0.0,0.0,0.0,0.0,0.0,0.0,0.0,0.0,0.0,0.0,0.0,0.0,0.0,0.0,0.0,0.0,0.0,0.0,0.0,0.0,0.0,0.0,0.0,0.0,0.0,0.0,0.0,0.0,0.0,0.0,0.0,0.0,0.0,0.0,0.1,0.08,0.0410958904109589,0.10714285714285714,0.09090909090909091,0.0,0.0,0.0,0.0,0.0,0.0,0.0,0.0,0.0,0.0,0.0,0.0,0.0,0.0,0.0,0.0,0.0,0.0,0.0,0.0,0.0,0.0,0.0,0.0,0.0,0.0,0.0,0.0,0.0,0.0,0.0,0.0,0.0,0.0,0.0,0.0,0.0,0.0,0.011627906976744186,0.0,0.0,0.0,0.0,0.0,0.0,0.0,0.0,0.0,0.0,0.0,0.0,0.0,0.0,0.0,0.014705882352941176,0.0,0.0,0.0,0.0,0.0,0.0,0.0,0.0,0.014285714285714285,0.0,0.0,0.0,0.0,0.0,0.0,0.0,0.0,0.0,0.0
1135102, solA, indel;-14, indel,0.707826,9.999e-05,113,-1.0,0.857143,110,0.9,0.0930233,PASS,0.0,0.0,0.0,0.0,0.0,0.0,0.0,0.0,0.0,0.0,0.0,0.0,0.0,0.0,0.0,0.0,0.0,0.0,0.0,0.0,0.0,0.0,0.0,0.0,0.0,0.0,0.0,0.0,0.0,0.0,0.0,0.0,0.0,0.0,0.0,0.0,0.0,0.0,0.0,0.0,0.0,0.0,0.0,0.0,0.0,0.0,0.0,0.0,0.0,0.0,0.0,0.0,0.0,0.0,0.0,0.2,0.06451612903225806,0.21818181818181817,0.49411764705882355,0.7128712871287128,0.7352941176470589,0.65,0.8823529411764706,0.972972972972973,0.9102564102564102,0.7814569536423841,0.9357798165137615,0.9171974522292994,0.8666666666666667,0.27586206896551724,0.7619047619047619,0.5,0.6575342465753424,0.5961538461538461,0.7777777777777778,0.45454545454545453,0.8070175438596491,0.48484848484848486,0.9428571428571428,0.7580645161290323,0.7872340425531915,0.7727272727272727,0.8833333333333333,0.7079646017699115,0.49333333333333335,0.953125,0.8210526315789474,0.7142857142857143,0.6285714285714286,0.8047337278106509,0.967741935483871,0.801980198019802,0.6105263157894737,0.7906976744186046,0.9574468085106383,0.9291338582677166,0.912621359223301,0.6136363636363636,0.8764044943820225,0.5365853658536586,0.8682170542635659,0.5588235294117647,0.8652482269503546,0.6666666666666666,0.8478260869565217,0.5194805194805194,0.6222222222222222,0.7704918032786885,0.5217391304347826,0.8656716417910447,0.6741573033707865,0.4444444444444444,0.6935483870967742,0.6928104575163399,0.0,0.0,0.0,0.0,0.0,0.0,0.0,0.0,0.0,0.0,0.0,0.0,0.0,0.0,0.0,0.0,1.0,1.0,1.0,1.0,0.9964580873671782,1.0
1158528, rne, C->T, missense,0.705111,9.999e-05,113,-1.0,0.6,110,0.9,0.705882,PASS,0.0,0.0,0.0,0.0,0.0,0.0,0.0,0.0,0.0,0.0,0.0,0.0,0.0,0.0,0.0,0.0,0.0,0.0,0.0,0.0,0.0,0.0,0.0,0.0,0.0,0.0,0.0,0.0,0.020833333333333332,0.0,0.0,0.0,0.0,0.0,0.0,0.0,0.0,0.0,0.0,0.0,0.0,0.0,0.0,0.0,0.0,0.0,0.02702702702702703,0.06666666666666667,0.4,0.75,0.8787878787878788,0.9230769230769231,0.8275862068965517,0.7948717948717948,0.7878787878787878,0.7419354838709677,0.9782608695652174,0.9142857142857143,1.0,0.8947368421052632,0.9523809523809523,0.9642857142857143,1.0,0.6190476190476191,0.896551724137931,0.7,1.0,0.7727272727272727,0.43478260869565216,0.2413793103448276,0.5116279069767442,0.6956521739130435,0.5357142857142857,0.375,0.8444444444444444,0.5555555555555556,0.7209302325581395,0.5384615384615384,0.9777777777777777,0.7857142857142857,0.8484848484848485,0.6666666666666666,0.8333333333333334,0.6056338028169014,0.5076923076923077,0.7916666666666666,0.6097560975609756,0.5217391304347826,0.6956521739130435,0.7936507936507936,0.9636363636363636,0.7974683544303798,0.6,0.7142857142857143,0.9318181818181818,0.8333333333333334,0.68,0.5483870967741935,0.7857142857142857,0.4358974358974359,0.7538461538461538,0.5490196078431373,0.6666666666666666,0.5,0.7222222222222222,0.35294117647058826,0.6862745098039216,0.8837209302325582,0.6818181818181818,0.625,0.6060606060606061,0.4666666666666667,0.6346153846153846,0.7735849056603774,0.0,0.0,0.0,0.0,0.0,0.0,0.0,0.0,0.0,0.0,0.0,0.0,0.0,0.0,0.0,0.0,0.9565217391304348,1.0,1.0,0.9767441860465116,0.9914529914529915,0.9620253164556962
1167343, fabF, G->A, missense,0.990808,9.999e-05,113,-1.0,0.3,112,0.9,0.226415,PASS,0.0,0.0,0.25,0.08333333333333333,1.0,1.0,1.0,1.0,0.9565217391304348,1.0,1.0,1.0,1.0,1.0,1.0,1.0,1.0,1.0,1.0,1.0,1.0,1.0,1.0,1.0,1.0,1.0,1.0,1.0,1.0,1.0,1.0,1.0,0.9821428571428571,1.0,1.0,0.9863013698630136,1.0,1.0,1.0,1.0,1.0,1.0,1.0,1.0,1.0,1.0,1.0,1.0,1.0,1.0,1.0,1.0,1.0,1.0,1.0,1.0,1.0,1.0,1.0,1.0,0.9607843137254902,1.0,1.0,1.0,1.0,1.0,1.0,1.0,1.0,1.0,1.0,0.972972972972973,1.0,1.0,1.0,1.0,1.0,1.0,1.0,1.0,1.0,0.9811320754716981,1.0,1.0,1.0,1.0,1.0,1.0,1.0,1.0,0.9871794871794872,1.0,1.0,1.0,1.0,1.0,1.0,1.0,1.0,1.0,1.0,1.0,1.0,1.0,1.0,1.0,1.0,1.0,1.0,1.0,1.0,1.0,1.0,1.0,0.0,0.0,0.0,0.0,0.012048192771084338,0.0,0.0,0.0,1.0,1.0,1.0,1.0,1.0,0.9875,1.0,1.0,1.0,0.9655172413793104,1.0,1.0,1.0,1.0
1172287, intergenic, C->T, noncoding,1.71638,9.999e-05,113,-1.0,0.375,112,0.9,0.292683,PASS,0.007042253521126761,0.0,0.0,0.0,0.0,0.0,0.0,0.0,0.0,0.0,0.0,0.0,0.0,0.0,0.0,0.0,0.0,0.0,0.0,0.0,0.0,0.0,0.0,0.0,0.0,0.0,0.0,0.0,0.0,0.0,0.0,0.0,0.0,0.0,0.0,0.0,0.0,0.0,0.0,0.0,0.0,0.0,0.0,0.0,0.0,0.0,0.0,0.0,0.0,0.0,0.0,0.0,0.0,0.0,0.0,0.0,0.0,0.0,0.0,0.0,0.0,0.0,0.0,0.0,0.0,0.0,0.0,0.0196078431372549,0.0,0.0,0.0,0.0,0.0,0.0,0.0,0.0,0.016129032258064516,0.0,0.0,0.0,0.0,0.0,0.0,0.0,0.0,0.0,0.0,0.0,0.0,0.011111111111111112,0.042105263157894736,0.03571428571428571,0.09302325581395349,0.3235294117647059,0.0,0.14516129032258066,0.10256410256410256,0.37037037037037035,0.18604651162790697,0.2391304347826087,0.22058823529411764,0.34285714285714286,0.26582278481012656,0.34615384615384615,0.1,0.23809523809523808,0.3037974683544304,0.09836065573770492,0.34285714285714286,0.2727272727272727,0.21428571428571427,0.15625,0.09523809523809523,0.4909090909090909,0.0,0.0,0.0,0.0,0.0,0.0,0.0,0.0,0.0,0.0,0.0,0.0,0.0,0.0,0.0,0.0,0.0,0.0,0.0,0.0,0.0,0.0
1317194, trpC, G->A, synonymous,0.861979,9.999e-05,113,-1.0,0.545455,110,0.9,0.571429,PASS,0.0,0.0,0.0,0.0,0.0,0.0,0.0,0.0,0.0,0.0,0.0,0.0,0.0,0.0,0.0,0.0,0.0,0.0,0.0,0.0,0.0,0.0,0.0,0.0,0.0,0.0,0.0,0.0,0.0,0.0,0.0,0.0,0.0,0.0,0.0,0.0,0.0,0.0,0.0,0.0,0.0,0.0,0.0,0.0,0.0,0.0,0.0,0.0,0.0,0.0,0.0,0.0,0.0,0.0,0.0,0.0,0.0,0.0,0.0,0.0,0.0,0.043478260869565216,0.02564102564102564,0.047619047619047616,0.0784313725490196,0.19047619047619047,0.74,0.7536231884057971,0.5,0.34285714285714286,0.65,0.8148148148148148,0.5555555555555556,0.5769230769230769,0.8709677419354839,0.5555555555555556,0.9375,0.6486486486486487,0.9622641509433962,0.7777777777777778,0.88,0.6,0.925,0.6875,0.5714285714285714,0.7741935483870968,0.8222222222222222,0.6451612903225806,0.8032786885245902,0.6111111111111112,1.0,0.717948717948718,0.75,0.4166666666666667,1.0,0.75,0.85,0.25,0.8571428571428571,0.4375,0.7142857142857143,0.6935483870967742,0.6086956521739131,0.7142857142857143,0.92,0.42424242424242425,0.7352941176470589,0.8461538461538461,0.9,0.6153846153846154,0.6428571428571429,0.4,0.6458333333333334,0.5,0.0,0.0,0.0,0.0,0.0,0.0,0.0,0.0,0.0,0.0,0.0,0.0,0.0,0.0,0.0,0.0,0.0,0.0,1.0,0.9807692307692307,0.9954545454545455,1.0
1391477, intergenic, A->T, noncoding,0.546727,9.999e-05,113,-1.0,0.923077,110,0.9,0.631579,PASS,0.0,0.0,0.0,0.0,0.0,0.0,0.0,0.0,0.0,0.0,0.0,0.0,0.0,0.0,0.0,0.0,0.0,0.0,0.0,0.0,0.0,0.0,0.0,0.0,0.05714285714285714,0.0,0.0,0.0,0.0,0.16666666666666666,0.3235294117647059,0.26666666666666666,0.34285714285714286,0.28888888888888886,0.8,0.5283018867924528,0.875,0.7777777777777778,0.4117647058823529,0.23529411764705882,0.5833333333333334,0.20689655172413793,0.9736842105263158,0.7142857142857143,0.6842105263157895,0.6511627906976745,0.5952380952380952,0.43478260869565216,0.5925925925925926,0.46153846153846156,0.8888888888888888,0.2857142857142857,0.717948717948718,0.6842105263157895,0.76,0.625,0.9583333333333334,1.0,0.896551724137931,0.8108108108108109,1.0,0.8888888888888888,0.9545454545454546,0.75,0.8947368421052632,0.6379310344827587,0.86,0.8166666666666667,0.9,0.75,0.875,0.5294117647058824,0.6666666666666666,0.72,0.9166666666666666,0.7428571428571429,0.8448275862068966,0.6086956521739131,0.96,0.8461538461538461,0.8387096774193549,0.5405405405405406,0.8292682926829268,0.6538461538461539,0.3287671232876712,0.6666666666666666,0.6486486486486487,0.4864864864864865,0.6455696202531646,0.5416666666666666,0.8648648648648649,0.8194444444444444,0.6756756756756757,0.5806451612903226,1.0,0.75,0.8955223880597015,0.5833333333333334,0.7435897435897436,0.68,0.7058823529411765,0.5735294117647058,0.6142857142857143,0.5,0.7878787878787878,0.5769230769230769,0.6612903225806451,0.7777777777777778,0.53125,0.6428571428571429,0.5227272727272727,0.6285714285714286,0.6410256410256411,0.5342465753424658,0.0,0.0,0.0,0.0,0.0,0.0,0.0,0.0,0.0,0.0,0.0,0.0,0.0,0.0,0.0,0.0,1.0,1.0,1.0,1.0,0.9351851851851852,0.9838709677419355
1420711, ECB_01341, MOB_1420711_1420723_IS4_-1, sv,3.70188,0.00049995,113,-1.0,0.333333,111,0.9,0.342857,PASS,0.0,0.0,0.0,0.0,0.0,0.0,0.0,0.0,0.0,0.0,0.0,0.0,0.0,0.0,0.0,0.0,0.0,0.0,0.0,0.0,0.0,0.0,0.0,0.0,0.0,0.0,0.0,0.0,0.02788104089219331,0.05947955390334572,0.13192612137203166,0.08960573476702509,0.12687427912341406,0.018248175182481754,0.0,0.0,0.0,0.0,0.0,0.0,0.0,0.0,0.0,0.0,0.0,0.0,0.0,0.0,0.0,0.0,0.0,0.0,0.0,0.0,0.0,0.0,0.0,0.0,0.0,0.0,0.0,0.0,0.0,0.0,0.0,0.0,0.0,0.0,0.0,0.0,0.0,0.0,0.0,0.0,0.0,0.0,0.0,0.0,0.0,0.0,0.0,0.0,0.0,0.0,0.0,0.0,0.0,0.0,0.0,0.0,0.0,0.0,0.0,0.0,0.0,0.0,0.0,0.0,0.0,0.0,0.0,0.0,0.0,0.0,0.0,0.0,0.0,0.0,0.0,0.0,0.0,0.0,0.0,0.011148272017837234,0.0,0.0,0.0,0.0,0.0,0.0,0.0,0.0,0.0,0.0,0.0,0.0,0.0,0.0,0.0,0.0,0.0,0.0,0.0,0.0,0.0,0.0
1432315, ydbK, junction_1432315_-1_IS3_start, sv,2.68582,9.999e-05,113,-1.0,0.461538,111,0.9,0.4,PASS,0.0,0.0,0.0,0.0,0.0,0.0,0.0,0.0,0.0,0.0,0.0,0.0,0.0,0.0,0.0,0.0,0.0,0.0,0.0,0.0,0.0,0.0,0.0,0.0,0.0,0.0,0.0,0.0,0.0,0.0,0.0,0.0,0.0,0.0,0.0,0.0,0.0,0.0,0.0,0.0,0.0,0.0,0.0,0.0,0.0,0.0,0.0,0.0,0.0,0.0,0.0,0.0,0.0,0.0,0.0,0.0,0.0,0.0,0.0,0.0,0.0,0.0,0.0,0.0,0.0,0.0,0.0,0.0,0.0,0.0,0.0,0.0,0.0,0.0,0.0,0.0,0.0,0.0,0.0,0.0,0.0,0.0,0.0,0.0,0.0,0.0,0.0,0.0,0.0,0.0,0.0,0.0,0.0,0.0,0.0,0.0,0.0,0.0,0.0,0.0,0.0,0.23225806451612904,0.5824039653035935,0.56047197640118,0.6504065040650406,0.2958579881656805,0.44176706827309237,0.7637231503579952,0.4142011834319527,0.397489539748954,0.6605922551252847,0.5263157894736843,0.6854130052724078,0.4512372634643377,0.0,0.0,0.0,0.0,0.0,0.0,0.0,0.0,0.0,0.0,0.0,0.0,0.0,0.0,0.0,0.0,0.0,0.0,0.0,0.0,0.0,0.0
1453841, hrpA, T->A, missense,5.56332,0.00059994,113,-1.0,1.0,111,0.9,0.923077,PASS,0.0,0.0,0.0,0.0,0.0,0.0,0.0,0.0,0.0,0.0,0.0,0.0,0.0,0.0,0.0,0.0,0.0,0.0,0.0,0.0,0.0,0.0,0.0,0.0,0.0,0.0,0.0,0.0,0.0,0.0,0.0,0.0,0.0,0.0,0.0,0.0,0.0,0.0,0.0,0.0,0.0,0.0,0.0,0.0,0.0,0.0,0.0,0.0,0.0,0.2,0.09375,0.1,0.0,0.0,0.0,0.0,0.0,0.0,0.0,0.0,0.0,0.0,0.0,0.0,0.0,0.0,0.0,0.01639344262295082,0.0,0.0,0.0,0.0,0.0,0.0,0.0,0.0,0.0,0.0,0.0,0.0,0.0,0.0,0.0,0.0,0.0,0.0,0.0,0.0,0.0,0.0,0.0,0.0,0.0,0.0,0.0,0.0,0.0,0.0,0.0,0.0,0.0,0.0,0.0,0.0,0.0,0.0,0.0,0.0,0.0,0.0,0.0,0.0,0.0,0.0,0.0,0.0,0.0,0.0,0.0,0.0,0.0,0.0,0.0,0.0,0.0,0.0,0.0,0.0,0.0,0.0,0.0,0.0,0.0,0.0,0.0,0.0
1462251, hokB, MOB_1462251_1462253_IS150_1, sv,0.508879,0.00309969,113,-1.0,0.352941,112,0.9,0.179104,PASS,0.0,0.0,0.0,0.07691395348837209,0.0,0.0,0.0,0.05532492997198879,0.0,0.0,0.0,0.0,0.0,0.0,0.06663483146067416,0.08468421232876713,0.4603325581395349,0.21017214854111405,0.09749382716049383,0.04547949541284404,0.05966259426847663,0.09999325463743676,0.01890285986653956,0.030305344563552834,0.046837251184834124,0.018791371428571426,0.0,0.06909076655052265,0.018866682554814107,0.03150891719745223,0.128528612716763,0.12303271028037382,0.14639235197368422,0.0,0.059400359589041093,0.08498635496183207,0.03458952879581152,0.0742191011235955,0.0500713164556962,0.06226498422712934,0.030776656298600314,0.09708853932584269,0.16842849035187288,0.03994603238866397,0.08793752025931928,0.10532862849533955,0.0556023595505618,0.0872634543670265,0.05716427128427129,0.13650367534456356,0.15058795013850415,0.062371789473684214,0.08999808917197452,0.02495652906486942,0.06671824915824916,0.10544512411347517,0.03747348484848485,0.04348923076923077,0.061699127182044886,0.07688379578246393,0.07759803729146221,0.018814380952380954,0.07913856382978723,0.035668810096153844,0.029177554636739513,0.02302688422688423,0.022019762258543834,0.022330717185385655,0.11772708333333333,0.11264957264957265,0.07459796226415094,0.0404462482946794,0.013919536516853933,0.08258654970760233,0.03536956004756243,0.06859772051536174,0.09578872180451128,0.08959449860724233,0.02310899007589025,0.026296781914893617,0.06733246311010216,0.035701997593261134,0.05806099706744868,0.02226796407185629,0.05116153846153847,0.02397992736077482,0.01054813829787234,0.0,0.05433809710258418,0.03946425249169436,0.04103457439446367,0.025492079845460397,0.03324385521885522,0.0444821797752809,0.007208357558139536,0.013983834745762713,0.029209372693726938,0.015666145339652448,0.028553520923520925,0.03995684636118598,0.04167978947368421,0.03904506708760852,0.03046672828096118,0.07584097859327217,0.05962531889290012,0.06183625,0.04048225255972696,0.0267687826871055,0.0564126600284495,0.025955740498034077,0.03889580052493438,0.029409925705794947,0.038487747572815534,0.05553009345794393,0.0,0.0,0.0,0.0,0.0,0.015571696574225124,0.0,0.0,0.01898434693877551,0.0,0.01086545351473923,0.0,0.0,0.0,0.0,0.015924896907216494,0.0,0.0,0.0,0.21857453754080522,0.0,0.0
1487911, ydcY, junction_1487911_-1_1508145_1, sv,4.70774,0.00119988,113,-1.0,0.244898,113,0.9,0.103448,PASS,0.0,0.0,0.0,0.0,0.0,0.0,0.0,0.0,0.0,0.0,0.0,0.0,0.0,0.0,0.0,0.0,0.0,0.0,0.0,0.0,0.0,0.0,0.0,0.0,0.0,0.0,0.0,0.0,0.0,0.0,0.0,0.0,0.0,0.0,0.0,0.0,0.0,0.0,0.0,0.0,0.0,0.0,0.0,0.0,0.008818342151675485,0.011961722488038277,0.0,0.0,0.0,0.12552301255230125,0.06711409395973154,0.0,0.020512820512820513,0.0,0.0,0.0,0.0,0.0,0.0,0.0,0.0,0.0,0.0,0.0,0.0,0.0,0.0,0.0,0.0,0.0,0.0,0.0,0.0,0.0,0.0,0.0,0.0,0.0,0.0,0.0,0.0,0.0,0.0,0.0,0.0,0.0,0.0,0.0,0.0,0.0,0.0,0.0,0.0,0.0,0.0,0.0,0.0,0.0,0.0,0.0,0.0,0.0,0.0,0.0,0.0,0.0,0.0,0.0,0.0,0.0,0.0,0.0,0.0,0.0,0.0,0.0,0.0,0.0,0.0,0.0,0.0,0.0,0.0,0.0,0.0,0.0,0.0,0.0,0.0,0.0,0.0,0.0,0.0,0.0,0.0,0.0
1619834, hokD, MOB_1619834_1619836_IS150_1, sv,3.03347,9.999e-05,113,-1.0,0.111111,112,0.9,0.0794702,PASS,0.0,0.0,0.0,0.0,0.0,0.0,0.0,0.0,0.0,0.0,0.0,0.0,0.0,0.0,0.0,0.0,0.029411764705882353,0.0,0.0,0.0,0.0,0.0,0.0,0.0,0.0,0.0,0.0,0.0,0.0,0.0,0.0,0.0,0.0,0.0,0.0,0.0,0.0,0.0,0.0,0.0,0.0,0.0,0.0,0.0,0.012422360248447204,0.0,0.012422360248447204,0.0,0.0,0.0,0.0,0.03076923076923077,0.012903225806451613,0.0,0.0,0.0,0.0078125,0.0,0.008620689655172414,0.02,0.0,0.0,0.0,0.0,0.0,0.0,0.0,0.005050505050505051,0.0,0.0,0.0,0.03333333333333333,0.0,0.021505376344086023,0.010309278350515464,0.008695652173913044,0.019230769230769232,0.02247191011235955,0.07734806629834254,0.16363636363636364,0.17796610169491525,0.11666666666666667,0.034722222222222224,0.0,0.005208333333333333,0.0,0.0,0.0,0.0,0.0,0.0,0.005714285714285714,0.0,0.0,0.0,0.0,0.0,0.0,0.0,0.0,0.005649717514124294,0.006711409395973154,0.0,0.0,0.0,0.0,0.0,0.0,0.0,0.0,0.0,0.0,0.0,0.0,0.0,0.0,0.0,0.0,0.0,0.0,0.0,0.0,0.0,0.0,0.0,0.0,0.0,0.0,0.0,0.0,0.0,0.0,0.0,0.012048192771084338,0.0,0.0
1631764, rspA, indel;-93, indel,4.02023,0.00209979,113,-1.0,0.8,113,0.9,0.857143,PASS,0.0,0.0,0.0,0.0,0.0,0.0,0.0,0.0,0.0,0.0,0.0,0.0,0.0,0.0,0.0,0.0,0.0,0.0,0.0,0.0,0.0,0.0,0.0,0.0,0.0,0.0,0.0,0.0,0.0,0.0,0.0,0.0,0.0,0.0,0.0,0.0,0.0,0.0,0.0,0.0,0.0,0.0,0.0,0.0,0.0,0.0,0.0,0.0,0.0,0.0,0.0,0.0,0.0,0.0,0.0,0.0,0.0,0.0,0.0,0.0,0.0,0.0,0.0,0.0,0.0,0.0,0.0,0.0,0.0,0.0,0.11904761904761904,0.0,0.0,0.0,0.0,0.0,0.0,0.0,0.0,0.0,0.0,0.0,0.0,0.0,0.0,0.0,0.0,0.0,0.0,0.0,0.0,0.0,0.0,0.0,0.0,0.0,0.0,0.0,0.0,0.0,0.0,0.0,0.0,0.0,0.0,0.0,0.0,0.0,0.0,0.0,0.034364261168384876,0.1607717041800643,0.36231884057971014,0.4426229508196721,0.0,0.0,0.0,0.0,0.0,0.0,0.0,0.0,0.0,0.0,0.0,0.0,0.0,0.0,0.0,0.0,0.0,0.0,0.0,0.0,0.0,0.0
1689797, intergenic, G->A, noncoding,1.13314,9.999e-05,113,-1.0,0.153846,112,0.9,0.0821918,PASS,0.0,0.0,0.0,0.0,0.0,0.0,0.0,0.0,0.0,0.0,0.0,0.0,0.0,0.0,0.0,0.0,0.0,0.0,0.0,0.0,0.0,0.0,0.0,0.0,0.0,0.0,0.0,0.0,0.0,0.0,0.0,0.0,0.0,0.0,0.0,0.0,0.0,0.0,0.0,0.0,0.0,0.0,0.0,0.0,0.0,0.0,0.0,0.0,0.0,0.0,0.0,0.0,0.0,0.0,0.0,0.0,0.0,0.0,0.0,0.01639344262295082,0.0,0.0,0.0,0.0,0.0,0.0,0.0,0.0,0.0,0.0,0.0,0.0,0.0,0.0,0.0,0.0410958904109589,0.0,0.2,0.009259259259259259,0.06349206349206349,0.13432835820895522,0.40540540540540543,0.1,0.20408163265306123,0.4368932038834951,0.205607476635514,0.24489795918367346,0.35526315789473684,0.3706896551724138,0.24503311258278146,0.0546875,0.19626168224299065,0.29591836734693877,0.2826086956521739,0.0,0.1941747572815534,0.15217391304347827,0.32727272727272727,0.22535211267605634,0.2765957446808511,0.08333333333333333,0.46987951807228917,0.30392156862745096,0.46,0.12195121951219512,0.18181818181818182,0.2716049382716049,0.1076923076923077,0.2222222222222222,0.27586206896551724,0.21666666666666667,0.10344827586206896,0.08108108108108109,0.42028985507246375,0.0,0.0,0.0,0.0,0.0,0.0,0.0,0.0,0.0,0.0,0.0,0.0,0.0,0.0,0.0,0.0,0.0,0.0,0.0,0.0,0.0,0.0
1724854, ydhS, G->A, missense,0.584881,0.00519948,113,-1.0,0.26087,111,0.9,0.705882,PASS,0.0,0.0,0.0,0.0,0.0,0.0,0.0,0.0,0.0,0.0,0.0,0.0,0.0,0.0,0.0,0.0,0.0,0.0,0.0,0.0,0.0,0.0,0.0,0.0,0.0,0.0,0.0,0.0,0.0,0.0,0.0,0.03225806451612903,0.0,0.0,0.0,0.0,0.0,0.0,0.0,0.07142857142857142,0.0,0.6341463414634146,0.045454545454545456,0.16666666666666666,0.19402985074626866,0.32608695652173914,0.24193548387096775,0.532258064516129,0.22727272727272727,0.16216216216216217,0.23076923076923078,0.2631578947368421,0.1320754716981132,0.1509433962264151,0.15384615384615385,0.3157894736842105,0.1111111111111111,0.044444444444444446,0.0,0.038461538461538464,0.061224489795918366,0.0,0.0,0.10869565217391304,0.03389830508474576,0.24193548387096775,0.018518518518518517,0.07446808510638298,0.0,0.047619047619047616,0.05555555555555555,0.45714285714285713,0.3235294117647059,0.17777777777777778,0.2,0.21153846153846154,0.08064516129032258,0.45,0.06329113924050633,0.37142857142857144,0.22727272727272727,0.2857142857142857,0.14754098360655737,0.36363636363636365,0.3670886075949367,0.06666666666666667,0.1206896551724138,0.4642857142857143,0.40625,0.2727272727272727,0.08450704225352113,0.25882352941176473,0.31666666666666665,0.1935483870967742,0.0,0.23728813559322035,0.13513513513513514,0.38095238095238093,0.16393442622950818,0.3548387096774194,0.18518518518518517,0.36,0.30666666666666664,0.4,0.078125,0.14285714285714285,0.26582278481012656,0.061224489795918366,0.23636363636363636,0.37777777777777777,0.2222222222222222,0.09259259259259259,0.15517241379310345,0.4230769230769231,0.0,0.0,0.0,0.0,0.0,0.0,0.0,0.0,0.0,0.0,0.0,0.0,0.0,0.0,0.0,0.0,0.0,0.0,0.0,0.0,0.0,0.0
1733433, pykF, G->T, missense,0.56054,9.999e-05,113,-1.0,0.096,111,0.9,0.285714,PASS,0.0,0.0,0.0,0.0,0.0,0.0,0.0,0.0,0.0,0.0,0.0,0.0,0.0,0.0,0.0,0.0,0.0,0.0,0.0,0.0,0.0,0.030303030303030304,0.0425531914893617,0.0,0.09302325581395349,0.6190476190476191,0.7037037037037037,0.8333333333333334,0.8055555555555556,0.6901408450704225,0.6086956521739131,0.7428571428571429,0.5172413793103449,0.3684210526315789,0.782608695652174,0.7333333333333333,0.9473684210526315,0.64,0.4117647058823529,0.4666666666666667,0.5853658536585366,0.20833333333333334,0.9696969696969697,0.6842105263157895,0.671875,0.5777777777777777,0.7,0.36363636363636365,0.5609756097560976,0.6176470588235294,0.6857142857142857,0.5,0.6666666666666666,0.7936507936507936,0.8095238095238095,0.7777777777777778,0.819672131147541,0.9565217391304348,0.9375,0.9069767441860465,0.9047619047619048,0.896551724137931,1.0,0.7714285714285715,0.8840579710144928,0.7333333333333333,0.9166666666666666,0.8625,0.9545454545454546,0.8947368421052632,0.9459459459459459,0.6923076923076923,0.717948717948718,0.7454545454545455,0.9210526315789473,0.7213114754098361,0.8723404255319149,0.3037974683544304,0.9402985074626866,0.8536585365853658,0.775,0.5348837209302325,0.8805970149253731,0.675,0.4266666666666667,0.8979591836734694,0.7575757575757576,0.6086956521739131,0.75,0.5942028985507246,0.967032967032967,0.6493506493506493,0.7567567567567568,0.7419354838709677,0.9878048780487805,0.8082191780821918,0.7941176470588235,0.59375,0.803921568627451,0.7307692307692307,0.8225806451612904,0.6666666666666666,0.723404255319149,0.6857142857142857,0.925,0.6666666666666666,0.5694444444444444,0.9166666666666666,0.5333333333333333,0.5476190476190477,0.59375,0.7727272727272727,0.6349206349206349,0.625,0.0,0.0,0.0,0.0,0.0,0.0,0.0,0.0,0.0,0.0,0.0,0.0,1.0,1.0,0.010638297872340425,0.0,1.0,1.0,1.0,1.0,0.9950980392156863,1.0
1733865, pykF, G->T, missense,0.991932,9.999e-05,113,-1.0,0.631579,111,0.9,0.428571,PASS,0.0,0.09090909090909091,0.5,0.23529411764705882,0.8571428571428571,1.0,0.9333333333333333,1.0,1.0,1.0,1.0,1.0,1.0,1.0,1.0,1.0,1.0,1.0,1.0,1.0,1.0,1.0,1.0,1.0,1.0,1.0,1.0,1.0,1.0,1.0,1.0,1.0,1.0,1.0,1.0,1.0,1.0,1.0,1.0,1.0,1.0,1.0,1.0,1.0,1.0,1.0,1.0,1.0,1.0,1.0,1.0,1.0,1.0,1.0,1.0,1.0,1.0,1.0,1.0,1.0,1.0,1.0,1.0,1.0,1.0,1.0,1.0,1.0,1.0,1.0,1.0,1.0,1.0,1.0,1.0,1.0,1.0,1.0,1.0,1.0,1.0,1.0,1.0,1.0,1.0,1.0,1.0,1.0,1.0,1.0,1.0,0.9767441860465116,1.0,1.0,1.0,1.0,1.0,1.0,1.0,1.0,1.0,1.0,1.0,1.0,1.0,1.0,1.0,1.0,1.0,1.0,1.0,1.0,1.0,1.0,0.0,0.0,0.0,0.0,0.0,1.0,0.0,0.0,0.9787234042553191,1.0,1.0,1.0,1.0,1.0,1.0,1.0,1.0,1.0,1.0,1.0,0.933920704845815,1.0
1734102, pykF, G->A, missense,5.16364,9.999e-05,113,-1.0,0.292683,112,0.9,0.461538,PASS,0.0,0.11428571428571428,0.2857142857142857,0.9705882352941176,0.09375,0.1,0.0,0.08333333333333333,0.0,0.0,0.0,0.0,0.0,0.0,0.0,0.0,0.0,0.0,0.0,0.0,0.0,0.0,0.0,0.0,0.0,0.0,0.0,0.0,0.0,0.0,0.0,0.0,0.0,0.0,0.0,0.0,0.0,0.0,0.0,0.0,0.0,0.0,0.0,0.0,0.0,0.0,0.0,0.0,0.0,0.0,0.0,0.0,0.0,0.0,0.0,0.0,0.0,0.0,0.0,0.0,0.0,0.0,0.0,0.0,0.0,0.0,0.0,0.0,0.0,0.0,0.0,0.0,0.0,0.0,0.0,0.0,0.0,0.0,0.0,0.0,0.0,0.0,0.0,0.0,0.0,0.0,0.0,0.0,0.0,0.0,0.0,0.0,0.0,0.0,0.0,0.0,0.0,0.0,0.0,0.0,0.0,0.0,0.0,0.0,0.0,0.0,0.0,0.0,0.0,0.0,0.0,0.0,0.0,0.0,0.0,0.0,0.0,0.0,1.0,0.0,1.0,1.0,0.0,0.0,0.0,0.0,0.0,0.0,0.0,0.0,0.0,0.0,0.0,0.0,0.0,0.0
1746199, intergenic, indel;-1;T;G;+T, indel,0.894265,9.999e-05,113,-1.0,0.153846,111,0.9,0.0517241,PASS,0.018691588785046728,0.0,0.0,0.0,0.0,0.0,0.0,0.0,0.0,0.0,0.05,0.0,0.0,0.0,0.0,0.0,0.0,0.0,0.0,0.0,0.0,0.0,0.0,0.0,0.0,0.0,0.0,0.02564102564102564,0.0,0.0,0.0,0.0,0.02127659574468085,0.0,0.018518518518518517,0.0,0.0,0.0,0.0,0.0,0.0,0.0,0.0,0.0,0.0,0.0,0.0,0.0,0.0,0.0,0.0,0.0,0.0,0.0,0.0,0.0,0.0,0.0,0.0,0.0,0.0,0.0,0.0,0.0,0.0,0.19047619047619047,0.5294117647058824,0.7386363636363636,0.4666666666666667,0.41379310344827586,0.6363636363636364,0.7777777777777778,0.5625,0.5294117647058824,0.8484848484848485,0.5135135135135135,0.6666666666666666,0.31746031746031744,0.8928571428571429,0.8,0.7894736842105263,0.56,0.8297872340425532,0.6756756756756757,0.6571428571428571,0.7857142857142857,0.6326530612244898,0.5555555555555556,0.6666666666666666,0.5113636363636364,0.8833333333333333,0.6756756756756757,0.6481481481481481,0.75,0.9487179487179487,0.8805970149253731,0.8679245283018868,0.7272727272727273,0.8863636363636364,0.42857142857142855,0.7428571428571429,0.4838709677419355,0.6071428571428571,0.5185185185185185,0.825,0.45714285714285713,0.5555555555555556,0.8181818181818182,0.6046511627906976,0.7096774193548387,0.7391304347826086,0.5833333333333334,0.5625,0.5526315789473685,0.0,0.0,0.0,0.0,0.023255813953488372,0.0,0.0,0.022727272727272728,0.0,0.02040816326530612,0.0,0.0,0.0,0.0,0.0,0.0,0.0,0.0,0.7297297297297297,0.7021276595744681,0.7363636363636363,0.8522727272727273
1754595, ydiO, G->T, synonymous,2.5149,0.00789921,113,-1.0,1.0,112,0.9,0.923077,PASS,0.0,0.0,0.0,0.0,0.0,0.0,0.0,0.0,0.0,0.0,0.0,0.0,0.0,0.0,0.0,0.0,0.0,0.0,0.045454545454545456,0.0,0.0,0.0,0.0,0.0,0.0,0.0,0.0,0.0,0.0,0.0,0.0,0.0,0.0,0.0,0.0,0.0,0.0,0.0,0.0,0.0,0.0,0.0,0.0,0.0,0.0,0.0,0.0,0.0,0.0,0.0,0.0,0.0,0.0,0.0,0.0,0.0,0.0,0.0,0.0,0.0,0.0,0.0,0.0,0.14285714285714285,0.0,0.14545454545454545,0.14814814814814814,0.10144927536231885,0.0,0.0,0.0,0.0,0.0625,0.0,0.0,0.0,0.06666666666666667,0.0,0.03636363636363636,0.0,0.0,0.0,0.0,0.0,0.0,0.0,0.0,0.0,0.0,0.0,0.016666666666666666,0.0,0.0,0.0,0.0,0.0,0.0,0.0,0.0,0.0,0.0,0.0,0.0,0.0,0.0,0.0,0.0,0.0,0.0,0.0,0.0,0.0,0.0,0.0,0.0,0.0,0.0,0.0,0.0,0.0,0.0,0.0,0.0,0.0,0.0,0.0,0.0,0.0,0.0,0.0,0.0,0.0,0.0,0.0,0.0,0.0
1758556, ydiR, G->A, synonymous,2.88643,9.999e-05,113,-1.0,0.857143,111,0.9,0.923077,PASS,0.0,0.0,0.0,0.0,0.0,0.0,0.0,0.0,0.0,0.0,0.0,0.0,0.0,0.0,0.0,0.0,0.0,0.0,0.0,0.0,0.0,0.0,0.0,0.0,0.0,0.0,0.0,0.0,0.0,0.0,0.0,0.0,0.0,0.0,0.0,0.0,0.0,0.0,0.0,0.0,0.0,0.0,0.0,0.0,0.0,0.0,0.0,0.0,0.0,0.0,0.0,0.0,0.0,0.0,0.0,0.0,0.0,0.0,0.0,0.0,0.0,0.0,0.0,0.0,0.0,0.0,0.0,0.012048192771084338,0.0,0.0,0.045454545454545456,0.0,0.0,0.0,0.0,0.0,0.0,0.0,0.0,0.0,0.0,0.0,0.0,0.0,0.0,0.0,0.0,0.0,0.0,0.0,0.0,0.0,0.0,0.0,0.0,0.0,0.0,0.0,0.0,0.0,0.014705882352941176,0.0425531914893617,0.031746031746031744,0.043478260869565216,0.12121212121212122,0.0,0.13114754098360656,0.2608695652173913,0.34285714285714286,0.56,0.45,0.21052631578947367,0.2765957446808511,0.1896551724137931,0.0,0.0,0.0,0.0,0.0,0.0,0.0,0.0,0.0,0.0,0.0,0.0,0.0,0.0,0.0,0.0,0.0,0.0,0.0,0.0,0.0,0.0
1787447, ydjM, T->A, noncoding,1.19037,9.999e-05,113,-1.0,0.20339,112,0.9,0.0952381,PASS,0.0,0.0,0.0,0.0,0.0,0.0,0.0,0.0,0.0,0.0,0.0,0.0,0.0,0.0,0.0,0.0,0.0,0.0,0.0,0.0,0.0,0.0,0.0,0.0,0.0,0.0,0.0,0.0,0.0,0.0,0.0,0.0,0.0,0.0,0.0,0.0,0.0,0.0,0.0,0.0,0.0,0.0,0.0,0.0,0.0,0.0,0.0,0.0,0.0,0.0,0.0,0.0,0.0,0.0,0.019230769230769232,0.0,0.0,0.0,0.0,0.0,0.0,0.0,0.0,0.0,0.0,0.0,0.0,0.0,0.0,0.0,0.0,0.0,0.0,0.011494252873563218,0.014084507042253521,0.05128205128205128,0.03529411764705882,0.2553191489361702,0.009009009009009009,0.0963855421686747,0.09210526315789473,0.22988505747126436,0.14285714285714285,0.18681318681318682,0.4020618556701031,0.10638297872340426,0.358695652173913,0.4025974025974026,0.2857142857142857,0.3013698630136986,0.03418803418803419,0.1761006289308176,0.20454545454545456,0.1111111111111111,0.0,0.14285714285714285,0.09210526315789473,0.16666666666666666,0.125,0.234375,0.13,0.2682926829268293,0.2,0.27586206896551724,0.1774193548387097,0.12121212121212122,0.2840909090909091,0.05405405405405406,0.16071428571428573,0.40816326530612246,0.3333333333333333,0.2549019607843137,0.18072289156626506,0.35135135135135137,0.0,0.0,0.0,0.0,0.0,0.0,0.0,0.0,0.0,0.0,0.0,0.0,0.0,0.0,0.0,0.0,0.0,0.0,0.0,0.0,0.0,0.0
1821482, ynjI, MOB_1821482_1821484_IS150_-1, sv,1.40754,9.999e-05,113,-1.0,0.48,112,0.9,0.571429,PASS,0.0,0.0,0.0,0.0,0.0,0.0,0.0,0.0,0.0,0.0,0.0,0.0,0.0,0.0,0.0,0.0,0.0,0.0,0.0,0.0,0.0,0.0,0.0,0.0,0.0,0.0,0.0,0.0,0.0,0.0,0.0,0.0,0.0,0.0,0.0,0.0,0.0,0.0,0.01564945226917058,0.0,0.01615508885298869,0.0,0.0,0.0,0.0,0.0,0.014769786293294031,0.04856502423263328,0.061895531587057,0.022876765375854213,0.0,0.0,0.0,0.0064226075786769435,0.0,0.0,0.0,0.0,0.0,0.0,0.0,0.0,0.0,0.0,0.009029345372460496,0.0070855328158080455,0.0,0.0,0.0,0.0,0.03984494828957836,0.0,0.010064529058116233,0.017474891020052313,0.020478663940013634,0.022522522522522525,0.0052957805907173005,0.0,0.004514672686230248,0.0,0.00835421888053467,0.1173793103448276,0.05285101733232856,0.26726748251748256,0.3931943587483473,0.12720493991989318,0.2575294117647059,0.3332378679395386,0.382523370638578,0.3046608980355472,0.043507892454466617,0.2542332427536232,0.37590575479566307,0.28255211267605634,0.004836464354527939,0.2066158940397351,0.06872197871008141,0.4752103092783505,0.16196340150699676,0.15400242326332794,0.2836622851365015,0.33999999999999997,0.2584974721941355,0.37745529411764706,0.0675947013487476,0.24999373695198332,0.3030318039624609,0.4716344537815126,0.7726327782646801,0.7343762486126526,0.7805419847328244,0.36402663438256655,0.3959888888888889,0.5744177215189874,0.0,0.0,0.0,0.0,0.0,0.0,0.0,0.0,0.0,0.0,0.0,0.0,0.0,0.0,0.0,0.0,0.0,0.0,0.0,0.0,0.0,0.0
1851840, yeaL, T->C, missense,3.48425,0.0019998,113,-1.0,0.631579,111,0.9,0.666667,PASS,0.0,0.0,0.0,0.0,0.0,0.0,0.0,0.0,0.0,0.0,0.0,0.0,0.0,0.0,0.0,0.0,0.0,0.0,0.0,0.0,0.0,0.0,0.0,0.0,0.0,0.0,0.0,0.0,0.0,0.0,0.0,0.0,0.05128205128205128,0.045454545454545456,0.13157894736842105,0.1724137931034483,0.16666666666666666,0.0,0.0,0.0,0.0,0.0,0.0,0.0,0.0,0.0,0.0,0.0,0.0,0.0,0.0,0.0,0.0,0.0,0.0,0.0,0.0,0.0,0.0,0.0,0.0,0.0,0.0,0.0,0.0,0.0,0.0,0.0,0.0,0.0,0.0,0.0,0.0,0.0,0.0,0.0,0.0,0.0,0.0,0.0,0.0,0.0,0.0,0.0,0.0,0.0,0.0,0.0,0.0,0.0,0.0,0.0,0.0,0.0,0.0,0.0,0.0,0.0,0.0,0.0,0.0,0.0,0.018867924528301886,0.0,0.0,0.041666666666666664,0.0,0.0,0.0,0.0,0.0,0.027777777777777776,0.0,0.0,0.0,0.0,0.0,0.0,0.0,0.0,0.0,0.0,0.0,0.0,0.0,0.0,0.0,0.0,0.0,0.0,0.0,0.0,0.0,0.0,0.0,0.0
1949527, tap, A->C, synonymous,2.11971,0.014879,113,-1.0,0.27907,112,0.9,0.461538,PASS,0.0,0.0,0.0,0.0,0.0,0.0,0.0,0.0,0.0,0.0,0.0,0.0,0.0,0.0,0.0,0.0,0.0,0.0,0.0,0.0,0.0,0.0,0.0,0.0,0.0,0.0,0.0,0.0,0.0,0.0,0.0,0.0,0.0,0.0,0.0,0.0,0.0,0.0,0.0,0.0,0.0,0.0,0.0,0.0,0.0,0.0,0.0,0.0,0.0,0.0,0.0,0.0,0.0,0.0,0.0,0.0,0.0,0.0,0.0,0.0,0.0,0.0,0.0,0.0,0.0,0.0,0.0,0.0,0.0,0.0,0.0,0.0,0.0,0.0,0.0,0.0,0.0,0.0,0.0,0.0,0.0,0.0,0.0,0.0,0.0,0.0,0.0,0.0,0.0,0.0,0.0,0.0,0.0,0.0,0.0,0.0,0.0,0.0,0.0,0.0,0.0,0.09090909090909091,0.11904761904761904,0.07407407407407407,0.03333333333333333,0.023809523809523808,0.08695652173913043,0.023809523809523808,0.10869565217391304,0.027777777777777776,0.05405405405405406,0.0,0.0,0.0,0.0,0.0,0.0,0.0,0.0,0.0,0.0,0.0,0.0,0.0,0.0,0.0,0.0,0.0,0.0,0.0,0.0,0.0,0.0,0.0,0.0,0.0
1975011, yedV, MOB_1975011_1975019_IS1_1, sv,0.92766,9.999e-05,113,-1.0,0.375,109,0.9,0.8,PASS,0.0,0.0,0.0,0.0,0.0,0.0,0.0,0.0,0.0,0.0,0.0,0.0,0.0,0.0,0.0,0.0,0.0,0.0,0.0,0.0,0.0,0.0,0.0,0.0,0.0,0.0,0.0,0.0,0.0,0.0,0.0,0.0,0.0,0.0,0.0,0.0,0.0,0.0,0.0,0.0,0.0,0.0,0.0,0.0,0.0,0.0,0.0,0.0,0.0,0.0,0.0,0.0,0.0,0.0,0.0,0.0,0.0,0.0,0.0,0.0,0.0,0.0,0.0,0.0,0.0,0.0,0.0,0.0,0.0,0.0,0.057692307692307696,0.0,0.045454545454545456,0.01818181818181818,0.2,0.5949367088607594,0.7714285714285715,0.568,0.9375,0.8493150684931506,0.90625,0.5512820512820513,0.8558558558558559,0.8016528925619835,0.5308641975308642,0.8803418803418803,0.8181818181818182,0.6307692307692307,0.6423841059602649,0.639344262295082,0.9242424242424242,0.816,0.6777777777777778,0.6461538461538462,0.9612903225806452,0.8175675675675675,0.896551724137931,0.5882352941176471,0.7849462365591398,0.5555555555555556,0.8412698412698413,0.6044776119402985,0.824,0.6744186046511628,0.9058823529411765,0.4339622641509434,0.672566371681416,0.9191919191919192,0.7543859649122807,0.7,0.7164179104477612,0.4927536231884058,0.6947368421052632,0.6506024096385542,0.0,0.0,0.0,0.0,0.0,0.02857142857142857,0.0,0.0,0.0,0.0,0.0,0.0,0.0,0.0,0.0,0.0,0.0,0.0,0.788235294117647,0.9,0.9109900090826522,0.9385964912280702
1998319, cbl, T->C, missense,0.650551,9.999e-05,113,-1.0,0.272727,113,0.9,0.115385,PASS,0.0,0.0,0.0,0.0,0.0,0.0,0.0,0.0,0.0,0.0,0.0,0.0,0.0,0.0,0.0,0.0,0.0,0.0,0.0,0.0,0.0,0.0,0.0,0.0,0.0,0.0,0.0,0.0,0.0,0.0,0.0,0.0,0.0,0.0,0.0,0.0,0.0,0.0,0.0,0.0,0.0,0.5094339622641509,0.07894736842105263,0.21428571428571427,0.25274725274725274,0.4090909090909091,0.325,0.525,0.4318181818181818,0.3076923076923077,0.1590909090909091,0.375,0.16883116883116883,0.12195121951219512,0.1282051282051282,0.15,0.12698412698412698,0.022727272727272728,0.0136986301369863,0.0967741935483871,0.04225352112676056,0.0,0.046153846153846156,0.20930232558139536,0.08333333333333333,0.21428571428571427,0.025974025974025976,0.12903225806451613,0.0,0.14285714285714285,0.1744186046511628,0.21875,0.21666666666666667,0.29333333333333333,0.13043478260869565,0.13333333333333333,0.054945054945054944,0.49333333333333335,0.08163265306122448,0.21428571428571427,0.203125,0.41818181818181815,0.0958904109589041,0.3076923076923077,0.3394495412844037,0.06666666666666667,0.2375,0.4107142857142857,0.3333333333333333,0.34545454545454546,0.06451612903225806,0.2018348623853211,0.30434782608695654,0.2564102564102564,0.0,0.1,0.13592233009708737,0.29411764705882354,0.15254237288135594,0.22972972972972974,0.15730337078651685,0.3793103448275862,0.20952380952380953,0.42857142857142855,0.09803921568627451,0.3018867924528302,0.175,0.04081632653061224,0.2413793103448276,0.3684210526315789,0.48333333333333334,0.06382978723404255,0.15476190476190477,0.32,0.0,0.0,0.0,0.0,0.0,0.0,0.0,0.0,0.0,0.0,0.0,0.0,0.0,0.0,0.0,0.0,0.0,0.0,0.0,0.0,0.0,0.0
2009188, yoeD, G->T, noncoding,0.584575,9.999e-05,113,-1.0,0.352941,113,0.9,0.705882,PASS,0.0,0.0,0.0,0.0,0.0,0.0,0.0,0.0,0.0,0.0,0.0,0.0,0.0,0.0,0.0,0.0,0.0,0.0,0.0,0.0,0.0,0.0,0.046511627906976744,0.03225806451612903,0.1794871794871795,0.6571428571428571,0.8,0.9583333333333334,0.8115942028985508,0.6865671641791045,0.7619047619047619,0.75,0.5517241379310345,0.3541666666666667,0.9154929577464789,0.6231884057971014,0.9444444444444444,0.8666666666666667,0.32142857142857145,0.5,0.8,0.32653061224489793,0.8974358974358975,0.7272727272727273,0.6875,0.7142857142857143,0.6470588235294118,0.576271186440678,0.6666666666666666,0.6285714285714286,0.7586206896551724,0.8421052631578947,0.8392857142857143,0.8225806451612904,0.8484848484848485,0.6206896551724138,0.8095238095238095,0.9130434782608695,1.0,0.9375,0.9482758620689655,0.9772727272727273,0.9761904761904762,0.7555555555555555,0.8947368421052632,0.7127659574468085,0.9,0.8636363636363636,0.7083333333333334,0.8214285714285714,0.8275862068965517,0.8461538461538461,0.8222222222222222,0.7441860465116279,0.8846153846153846,0.6935483870967742,0.8028169014084507,0.6022727272727273,0.9333333333333333,0.6829268292682927,0.775,0.6274509803921569,0.8133333333333334,0.7078651685393258,0.6875,0.9166666666666666,0.8,0.5185185185185185,0.7469879518072289,0.7425742574257426,0.8974358974358975,0.7954545454545454,0.6511627906976745,0.6206896551724138,0.9767441860465116,0.8556701030927835,0.8108108108108109,0.5208333333333334,0.86,0.7,0.7411764705882353,0.5227272727272727,0.7614678899082569,0.7948717948717948,0.85,0.6590909090909091,0.6527777777777778,0.9142857142857143,0.6818181818181818,0.54,0.5714285714285714,0.9117647058823529,0.49230769230769234,0.7076923076923077,0.0,0.0,0.0,0.0,0.0,0.0,0.0,0.0,0.0,0.0,0.0,0.0,1.0,1.0,0.0,0.0,1.0,1.0,1.0,0.9836065573770492,0.9950980392156863,0.9852941176470589
2047545, galF, MOB_2047545_2047553_IS1_-1, sv,0.933134,9.999e-05,113,-1.0,0.131868,110,0.9,0.375,PASS,0.0,0.0,0.0,0.0,0.0,0.0,0.0,0.0,0.0,0.0,0.0,0.0,0.0,0.0,0.0,0.0,0.0,0.0,0.0,0.0,0.0450423019431988,0.10898962605548854,0.07502696629213483,0.025168421052631576,0.1476646539027982,0.501256,0.9480765171503958,0.946076225045372,0.9218699360341152,0.9587955010224949,0.9836065573770492,1.0,0.9863013698630136,1.0,0.9724770642201835,0.9588502747252747,0.9787470010905125,0.9583333333333334,0.9565636363636364,1.0,0.9838155668358715,0.9090909090909091,0.968014802631579,1.0,0.9610973451327434,1.0,0.989010989010989,0.9552238805970149,0.9629629629629629,0.9417817109144544,1.0,1.0,0.9892839912280702,0.9457527233115468,0.9510888529886914,1.0,0.9432933709449928,0.9617344794651385,0.9727817531305905,0.9893674321503132,0.971015988372093,0.9649122807017544,0.930451048951049,0.9694388714733543,0.974378933847142,0.975609756097561,0.9594111470113086,0.980818401937046,1.0,1.0,0.9550313059033989,1.0,0.9859154929577465,0.9493055555555555,0.9154119850187267,0.9879518072289156,0.9745762711864406,1.0,0.9866666666666667,0.975,0.9871794871794872,0.9861604584527222,0.9751002527379949,1.0,0.9591836734693877,1.0,0.963745487364621,0.9645483304042181,0.9702897838899803,0.9568587328767123,0.9827586206896551,0.9921259842519685,0.9859154929577465,0.9675767366720517,0.9767484168105931,0.985237377543331,0.9757691043549712,0.9835670436187399,1.0,0.9661016949152542,0.8924991055456173,0.9790266524520257,0.9619234889058914,1.0,0.9803921568627451,0.9823636363636363,0.8303691073219659,0.9356831896551725,0.913452034883721,0.9228150289017342,1.0,0.9867200557103065,0.757808562197092,0.9753086419753086,0.0,0.0,0.0,0.0,0.0,0.0,0.0,0.0,0.0,0.0,0.0,0.0,0.9248380434782608,0.8861163594470046,,,0.8223884615384615,0.90122,0.8888304891922639,0.8845017421602789,0.8969830111306385,0.9147798488664988
2098362, yegP, indel;+A;-1, indel,1.55813,0.016477,113,-1.0,0.413793,112,0.9,0.25,PASS,0.0,0.0,0.0,0.0,0.0,0.0,0.0,0.0,0.0,0.0,0.0,0.0,0.0,0.0,0.0,0.0,0.0,0.0,0.0,0.0,0.0,0.0,0.0,0.0,0.0,0.0,0.0,0.0,0.0,0.0,0.0,0.0,0.0,0.0,0.0,0.0,0.0,0.0,0.0,0.0,0.0,0.0,0.0,0.0,0.0,0.0,0.0136986301369863,0.0,0.0,0.0,0.0,0.0,0.0,0.0425531914893617,0.0,0.0,0.0,0.0,0.0,0.015151515151515152,0.0,0.0,0.0,0.14893617021276595,0.0410958904109589,0.011627906976744186,0.08695652173913043,0.0707070707070707,0.0,0.046511627906976744,0.07575757575757576,0.225,0.03508771929824561,0.0,0.043478260869565216,0.06153846153846154,0.04918032786885246,0.13978494623655913,0.036585365853658534,0.044444444444444446,0.0,0.0,0.0,0.01694915254237288,0.0,0.0,0.0,0.0,0.0,0.0,0.0,0.0,0.018518518518518517,0.0,0.0,0.0,0.0,0.0,0.0,0.0,0.0,0.0,0.0,0.0,0.0,0.0,0.0,0.0,0.0,0.0,0.044444444444444446,0.0,0.0,0.0,0.0,0.0,0.0,0.0,0.0,0.0,0.0,0.0,0.0,0.0,0.0,0.0,0.0,0.0,0.0,0.0,0.0,0.0,0.0,0.0,0.0,0.0
2098365, yegP, MOB_2098365_2098367_IS150_-1, sv,0.527759,0.00019998,113,-1.0,0.324324,113,0.9,0.6,PASS,0.0,0.0,0.0,0.0,0.0,0.0,0.0,0.0,0.0,0.0,0.0,0.0,0.0,0.0,0.0,0.0,0.0,0.0,0.0,0.0,0.0,0.0,0.0,0.0,0.0,0.0,0.0,0.0,0.0,0.0,0.0,0.0,0.0,0.015873015873015872,0.0,0.009345794392523364,0.0,0.0,0.0,0.0,0.0,0.5538461538461539,0.07692307692307693,0.24,0.2698412698412698,0.25925925925925924,0.3203125,0.6386554621848739,0.30357142857142855,0.3888888888888889,0.30303030303030304,0.38,0.14049586776859505,0.25333333333333335,0.2777777777777778,0.38596491228070173,0.10227272727272728,0.034482758620689655,0.014285714285714285,0.1111111111111111,0.08450704225352113,0.1320754716981132,0.0,0.20481927710843373,0.045112781954887216,0.22077922077922077,0.11627906976744186,0.1952662721893491,0.12,0.18840579710144928,0.13114754098360656,0.39344262295081966,0.23076923076923078,0.22988505747126436,0.11764705882352941,0.2761904761904762,0.09803921568627451,0.47019867549668876,0.05263157894736842,0.15294117647058825,0.16091954022988506,0.42696629213483145,0.15827338129496402,0.25,0.5031446540880503,0.12844036697247707,0.23684210526315788,0.4421052631578947,0.3221476510067114,0.3931034482758621,0.0641025641025641,0.17293233082706766,0.39325842696629215,0.18181818181818182,0.0,0.2536231884057971,0.15315315315315314,0.47058823529411764,0.16304347826086957,0.20202020202020202,0.24358974358974358,0.4418604651162791,0.2459016393442623,0.2878787878787879,0.0684931506849315,0.3,0.19424460431654678,0.17475728155339806,0.3522727272727273,0.2894736842105263,0.5555555555555556,0.16666666666666666,0.18095238095238095,0.4485981308411215,0.0,0.0,0.0,0.0,0.0,0.0,0.0,0.0,0.0,0.0,0.0,0.0,0.0,0.0,0.0,0.0,0.0,0.0,0.0,0.0,0.0,0.0
2100307, intergenic, junction_2100307_-1_2122454_1, sv,0.706049,9.999e-05,113,-1.0,0.444444,110,0.9,0.342857,PASS,0.0,0.0,0.0,0.0,0.0,0.018018018018018018,0.0,0.0,0.0,0.0,0.0,0.0,0.046296296296296294,0.0,0.0,0.01557632398753894,0.0,0.0,0.0,0.0,0.0,0.015673981191222573,0.02444987775061125,0.017182130584192438,0.0,0.0,0.0,0.0,0.0,0.0,0.03816793893129771,0.030030030030030033,0.05025125628140704,0.0,0.022900763358778626,0.0,0.01394700139470014,0.0,0.021551724137931036,0.0,0.0,0.2711864406779661,0.6995884773662551,0.5921052631578948,0.6292749658002736,0.5149051490514905,0.6111833550065019,0.3813038130381304,0.4838709677419355,0.4230769230769231,0.5981308411214953,0.6830601092896175,0.6690997566909975,0.5672823218997362,0.5172413793103449,0.7326007326007326,0.7524752475247525,0.9251968503937008,0.9574468085106383,0.889261744966443,0.8974358974358975,0.8844765342960289,0.9712230215827338,0.7126436781609196,0.8088235294117647,0.6756756756756757,0.8255659121171771,0.7130584192439863,0.8333333333333333,0.5724508050089445,0.7290015847860538,0.4589371980676329,0.631578947368421,0.591715976331361,0.8302583025830258,0.671462829736211,0.7566204287515763,0.42424242424242425,0.8305647840531561,0.799347471451876,0.9174311926605504,0.5091937765205091,0.7547169811320755,0.6543075245365322,0.3891402714932127,0.831353919239905,0.7304347826086957,0.6150341685649203,0.534629404617254,0.5342624854819977,0.8619173262972735,0.7298001737619462,0.5825242718446603,0.6554307116104869,0.9536082474226805,0.7066052227342551,0.8117249154453213,0.6290672451193058,0.907258064516129,0.48245614035087714,0.7389162561576355,0.31784841075794623,0.6974358974358974,0.5021834061135372,0.7573415765069551,0.4333868378812199,0.532150776053215,0.7653061224489797,0.4936014625228519,0.4945904173106646,0.5555555555555556,0.42372881355932207,0.5251875669882101,0.36004645760743326,0.0,0.0,0.0,0.0,0.0,0.0,0.0,0.0,,,0.0,0.0,,0.0,0.0,0.0,,,1.0,1.0,1.0,1.0
2196654, cirA, MOB_2196654_2196656_IS150_-1, sv,0.679657,9.999e-05,113,-1.0,0.151899,113,0.9,0.226415,PASS,0.0,0.0,0.0,0.0,0.0,0.0,0.0,0.0,0.0,0.0,0.0,0.0,0.0,0.0,0.0,0.0,0.0,0.0,0.0,0.0,0.0,0.0,0.0,0.0,0.0,0.0,0.0,0.0,0.0,0.0,0.0,0.0,0.0,0.0,0.0,0.0,0.0,0.0,0.0,0.0,0.0,0.4470588235294118,0.8076923076923077,0.8947368421052632,0.7790697674418605,0.71,0.674074074074074,0.6029411764705882,0.5128205128205128,0.6129032258064516,0.75,0.7142857142857143,0.7829457364341085,0.6551724137931034,0.9047619047619048,0.75,0.8198198198198198,0.9041095890410958,0.9558823529411765,0.9047619047619048,0.9801980198019802,0.875,1.0,0.8373983739837398,0.9753086419753086,0.794392523364486,0.9493670886075949,0.851528384279476,0.9512195121951219,0.7171717171717171,0.770949720670391,0.73,0.7377049180327869,0.6694214876033058,0.8918918918918919,0.6814159292035398,0.8402366863905325,0.635,0.961352657004831,0.8333333333333334,0.9065420560747663,0.6190476190476191,0.8159509202453987,0.7831325301204819,0.5944444444444444,0.9387755102040817,0.7575757575757576,0.6229508196721312,0.806060606060606,0.6956521739130435,0.954337899543379,0.8679245283018868,0.7364864864864865,0.5714285714285714,0.9696969696969697,0.8765432098765432,0.9324324324324325,0.5909090909090909,0.8507462686567164,0.5726495726495726,0.7914110429447853,0.643312101910828,0.7175925925925926,0.7195121951219512,0.8267716535433071,0.43902439024390244,0.7215909090909091,0.85,0.7263157894736842,0.7395833333333334,0.7798165137614679,0.550561797752809,0.6216216216216216,0.65,0.0,0.0,0.0,0.0,0.0,0.0,0.0,0.0,0.0,0.0,0.0,0.0,0.0,0.0,0.0,0.0,1.0,1.0,1.0,1.0,0.9903730445246691,1.0
2196656, cirA, MOB_2196656_2196658_IS150_1, sv,1.80497,0.00319968,113,-1.0,0.193548,112,0.9,0.190476,PASS,0.0,0.0,0.0,0.0,0.0,0.0,0.0,0.0,0.0,0.0,0.0,0.0,0.0,0.0,0.0,0.0,0.0,0.0,0.0,0.0,0.0,0.0,0.0,0.0,0.0,0.0,0.0,0.0,0.0,0.0,0.0,0.0,0.0,0.0,0.0,0.0,0.0,0.0,0.0,0.0,0.0,0.011627906976744186,0.1346153846153846,0.0,0.0,0.0,0.0,0.0,0.0,0.0,0.0,0.0,0.0,0.0,0.0,0.0,0.0,0.0,0.0,0.0,0.0,0.0,,0.0,0.0,0.0,0.0,0.0,0.1111111111111111,0.09183673469387756,0.03932584269662921,0.050505050505050504,0.03278688524590164,0.03305785123966942,0.0,0.043859649122807015,0.01775147928994083,0.01507537688442211,0.0,0.0,0.0,0.01904761904761905,0.0,0.006060606060606061,0.0,0.006802721088435374,0.0,0.0,0.0,0.01098901098901099,0.0,0.0,0.006756756756756757,0.0,0.0,0.0,0.0,0.0,0.0,0.0,0.0,0.0,0.0,0.012195121951219513,0.0,0.0,0.011299435028248588,0.0125,0.0,0.010416666666666666,0.0,0.0,0.0,0.0,0.0,0.0,0.0,0.0,0.0,0.0,0.0,0.0,0.0,0.0,0.0,0.0,0.0,0.0,0.011494252873563218,0.0,,,,,0.0,
2202359, nfo, junction_2202359_1_IS150_end, sv,4.48087,0.00179982,113,-1.0,0.923077,110,0.9,0.0916031,PASS,0.0,0.0,0.0,0.0,0.0,0.0,0.0,0.0,0.0,0.0,0.0,0.0,0.0,0.0,0.0,0.0,0.0,0.0,0.0,0.0,0.0,0.0,0.0,0.0,0.0,0.0,0.0,0.0,0.0,0.0,0.0,0.0,0.0,0.0,0.0,0.0,0.0,0.0,0.0,0.0,0.0,0.0,0.0,0.0,0.0,0.0,0.0,0.0,0.0,0.0,0.0,0.0,0.0,0.0,0.0,0.0,0.0,0.0,0.0,0.0,0.0,0.0,0.0,0.0,0.0,0.0,0.0,0.0,0.0,0.0,0.0,0.0,0.0,0.0,0.0,0.0,0.0,0.0,0.0,0.11904761904761904,0.18181818181818182,0.1875,0.030303030303030304,0.0,0.0,0.0,0.0,0.0,0.0,0.0,0.0,0.0,0.0,0.0,0.0,0.0,0.0,0.0,0.0,0.0,0.0,0.0,0.0,0.0,0.0,0.0,0.0,0.0,0.0,0.0,0.0,0.0,0.0,0.0,0.0,0.0,0.0,0.0,0.0,0.0,0.0,0.0,0.0,0.0,0.0,0.0,0.0,0.0,0.0,0.0,0.0,0.0,0.0,0.0,0.0,0.0
2207132, yeiL, C->T, synonymous,2.46728,0.00479952,113,-1.0,0.857143,110,0.9,0.545455,PASS,0.0,0.0,0.0,0.0,0.0,0.0,0.0,0.0,0.0,0.0,0.0,0.0,0.0,0.0,0.0,0.0,0.0,0.0,0.0,0.0,0.0,0.0,0.0,0.0,0.0,0.0,0.0,0.0,0.0,0.0,0.0,0.0,0.0,0.0,0.0,0.0,0.0,0.0,0.0,0.0,0.0,0.0,0.0,0.0,0.0,0.0,0.0,0.0,0.0,0.0,0.0,0.0,0.0,0.0,0.0,0.0,0.0,0.0,0.0,0.0,0.0,0.0,0.0,0.0,0.0,0.0,0.0,0.0,0.0,0.0,0.0,0.0,0.0,0.020833333333333332,0.0,0.0,0.0,0.0,0.0,0.0,0.0,0.0,0.0,0.0,0.0,0.0,0.0,0.0,0.0,0.0,0.0,0.0,0.0,0.0,0.0,0.0,0.03508771929824561,0.0,0.0,0.03225806451612903,0.10810810810810811,0.13924050632911392,0.1506849315068493,0.03125,0.04878048780487805,0.0,0.046875,0.06896551724137931,0.041666666666666664,0.0,0.0,0.0,0.0,0.0,0.0,0.0,0.0,0.0,0.0,0.0,0.0,0.0,0.0,0.0,0.0,0.0,0.0,0.0,0.0,0.0,0.0,0.0,0.0,0.0,1.0,0.0
2247369, ccmA, MOB_2247369_2247375_IS186_-1, sv,0.714196,9.999e-05,113,-1.0,0.75,111,0.9,1.0,PASS,0.0,0.0,0.0,0.0,0.0,0.0,0.0,0.0,0.0,0.0,0.0,0.0,0.0,0.0,0.0,0.0,0.0,0.0,0.0,0.0,0.0,0.0,0.0,0.0,0.0,0.0,0.0,0.0,0.0,0.0,0.0,0.0,0.0,0.0,0.0,0.0,0.0,0.0,0.0,0.0,0.0,0.0,0.0,0.0,0.0,0.0,0.00847457627118644,0.011111111111111112,0.13636363636363635,0.1,0.15789473684210525,0.6956521739130435,0.8811881188118812,0.8942307692307693,0.8169014084507042,0.8113207547169812,0.9222222222222223,0.9901960784313726,1.0,0.9607843137254902,0.9789473684210527,0.9444444444444444,0.9875,0.9,0.8670520231213873,0.8148148148148148,0.9464285714285714,0.926829268292683,0.5454545454545454,0.4393939393939394,0.8380952380952381,0.7283950617283951,0.6867469879518072,0.75,0.8958333333333334,0.5698924731182796,0.8613861386138614,0.5918367346938775,0.9731543624161074,0.8817204301075269,0.8974358974358975,0.7619047619047619,0.9153846153846154,0.7272727272727273,0.644927536231884,0.8859649122807017,0.8229166666666666,0.625,0.8725490196078431,0.7467532467532467,0.9296482412060302,0.7515527950310559,0.7583333333333333,0.5344827586206896,0.9929577464788732,0.8230088495575221,0.8322981366459627,0.6266666666666667,0.8735632183908046,0.5405405405405406,0.7054263565891473,0.6854838709677419,0.6959459459459459,0.631578947368421,0.9047619047619048,0.47692307692307695,0.6296296296296297,0.9782608695652174,0.5888888888888889,0.7297297297297297,0.6341463414634146,0.45569620253164556,0.7,0.6330935251798561,0.0,0.0,0.0,0.0,0.0,0.0,0.0,0.0,0.0,0.0,0.0,0.0,0.0,0.0,0.0,0.0,0.9411764705882353,0.9230769230769231,0.9454545454545454,0.9318181818181818,0.9421800947867298,0.9746835443037974
2251393, napA, G->A, synonymous,0.580613,9.999e-05,113,-1.0,0.210526,112,0.9,0.101695,PASS,0.0,0.0,0.0,0.0,0.0,0.0,0.0,0.0,0.0,0.0,0.0,0.0,0.0,0.0,0.0,0.0,0.0,0.0,0.0,0.0,0.0,0.044444444444444446,0.09090909090909091,0.04081632653061224,0.2553191489361702,0.575,0.66,0.7727272727272727,0.8295454545454546,0.7073170731707317,0.6666666666666666,0.5918367346938775,0.6071428571428571,0.4411764705882353,0.883495145631068,0.704225352112676,0.9230769230769231,0.6923076923076923,0.3684210526315789,0.5882352941176471,0.5454545454545454,0.3137254901960784,0.9743589743589743,0.4375,0.6494845360824743,0.6610169491525424,0.6712328767123288,0.6142857142857143,0.6486486486486487,0.6521739130434783,0.7903225806451613,0.8,0.7096774193548387,0.7727272727272727,0.76,0.8928571428571429,0.8225806451612904,0.9795918367346939,1.0,0.9387755102040817,0.9444444444444444,1.0,1.0,0.803030303030303,0.8942307692307693,0.7708333333333334,0.9404761904761905,0.8058252427184466,0.9333333333333333,0.8481012658227848,0.7058823529411765,0.7358490566037735,0.6724137931034483,0.7755102040816326,0.9206349206349206,0.686046511627907,0.8933333333333333,0.5333333333333333,0.9595959595959596,0.9454545454545454,0.7567567567567568,0.6451612903225806,0.8842105263157894,0.7692307692307693,0.48148148148148145,0.8404255319148937,0.8241758241758241,0.6086956521739131,0.6442307692307693,0.5875,0.9191176470588235,0.8046875,0.8131868131868132,0.8571428571428571,1.0,0.6956521739130435,0.9431818181818182,0.7317073170731707,0.8333333333333334,0.8115942028985508,0.7875,0.5164835164835165,0.75,0.7209302325581395,0.9148936170212766,0.7857142857142857,0.56,0.8955223880597015,0.6129032258064516,0.7384615384615385,0.6129032258064516,0.7916666666666666,0.5526315789473685,0.4852941176470588,0.0,0.013333333333333334,0.0,0.0,0.0,0.0,0.0,0.0,0.0,0.0,0.0,0.0,0.9887640449438202,1.0,0.0,0.0,1.0,1.0,0.9855072463768116,0.9642857142857143,0.9646017699115044,1.0
2266459, rcsC, junction_2266459_1_IS1_start, sv,3.37565,0.00019998,113,-1.0,0.923077,111,0.9,0.75,PASS,0.0,0.0,0.0,0.0,0.0,0.0,0.0,0.0,0.0,0.0,0.0,0.0,0.0,0.0,0.0,0.0,0.0,0.0,0.0,0.0,0.0,0.023255813953488372,0.2037037037037037,0.09375,0.3170731707317073,0.09090909090909091,0.17391304347826086,0.030303030303030304,0.019230769230769232,0.0136986301369863,0.0,0.0,0.0,0.0,0.0,0.0,0.0,0.0,0.0,0.0,0.0,0.0,0.0,0.0,0.0,0.0,0.0,0.0,0.0,0.0,0.0,0.0,0.0,0.0,0.0,0.0,0.0,0.0,0.0,0.0,0.0,0.0,0.0,0.0,0.0,0.0,0.0,0.0,0.0,0.0,0.0,0.0,0.0,0.0,0.0,0.0,0.0,0.0,0.0,0.0,0.0,0.0,0.0,0.0,0.0,0.0,0.0,0.0,0.0,0.0,0.0,0.0,0.0,0.0,0.0,0.0,0.0,0.02564102564102564,0.0,0.0,0.0,0.0,0.0,0.0,0.0,0.0,0.0,0.0,0.0,0.0,0.0,0.0,0.0,0.0,0.0,0.0,0.0,0.0,0.0,0.0,0.0,0.0,0.0,0.0,0.0,0.0,0.0,0.0,0.0,0.0,0.0,0.0,0.0,0.0,0.0,0.0
2280480, yfaS, MOB_2280480_2280487_IS1_1, sv,1.43675,9.999e-05,113,-1.0,0.631579,112,0.9,0.705882,PASS,0.0,0.0,0.0,0.0,0.0,0.0,0.0,0.0,0.0,0.0,0.0,0.0,0.0,0.0,0.0,0.0,0.0,0.0,0.0,0.0,0.0,0.0,0.0,0.0,0.0,0.0,0.0,0.0,0.0,0.0,0.0,0.0,0.0,0.0,0.0,0.0,0.0,0.0,0.0,0.0,0.0,0.0,0.0,0.0,0.0,0.0,0.0,0.0,0.0,0.0,0.0,0.0,0.0,0.0,0.0,0.0,0.0,0.0,0.0,0.0,0.0,0.0,0.0,0.0,0.0,0.0,0.0,0.0,0.0,0.0,0.0,0.0,0.0,0.0,0.0,0.0,0.0,0.0,0.0,0.0,0.0,0.0,0.0,0.0,0.009891196834817014,0.08565330960854092,0.2356425548589342,0.2721838204592902,0.2776491422246818,0.36135186396337476,0.04406159844054581,0.22107980972515856,0.29742895927601815,0.25812690437601293,0.0,0.14052876106194692,0.14588184818481847,0.3507461352657005,0.18554803312629403,0.24775315870570108,0.19247324875896304,0.37324028268551235,0.18347780678851178,0.36444774477447744,0.09852288861689106,0.2813661087866109,0.2012739255014327,0.09863038596491229,0.5244122222222222,0.3501158605174353,0.30866600594648164,0.09785511197663097,0.1250336749633968,0.31561725067385443,0.0,0.0,0.0,0.0,0.0,0.0,0.0,0.0,0.0,0.0,0.0,0.0,0.0,0.0,0.0,0.0,0.0,0.0,0.0,0.0,0.0,0.0
2296626, intergenic, G->T, noncoding,0.947075,9.999e-05,113,-1.0,0.413793,113,0.9,0.521739,PASS,0.0,0.0,0.0,0.0,0.0,0.0,0.0,0.0,0.0,0.0,0.0,0.0,0.0,0.0,0.0,0.0,0.0,0.0,0.0,0.0,0.0,0.0,0.0,0.0,0.0,0.02040816326530612,0.0,0.0,0.0,0.0,0.0,0.0,0.0,0.0,0.0,0.0,0.0,0.0,0.0,0.0,0.0,0.0,0.0,0.0,0.0,0.0,0.0,0.0,0.0,0.0,0.0,0.0,0.0,0.0,0.0,0.0,0.0,0.0,0.0,0.0,0.0,0.0,0.0,0.0,0.0,0.007352941176470588,0.06349206349206349,0.0896551724137931,0.024390243902439025,0.21153846153846154,0.7326732673267327,0.7258064516129032,0.6111111111111112,0.5588235294117647,0.88,0.7037037037037037,0.8796296296296297,0.5669291338582677,0.9743589743589743,0.7789473684210526,0.8333333333333334,0.660377358490566,0.8543689320388349,0.8080808080808081,0.7244094488188977,0.9375,0.7333333333333333,0.6063829787234043,0.5833333333333334,0.6826923076923077,0.9302325581395349,0.8736263736263736,0.7386363636363636,0.7627118644067796,0.965034965034965,0.8245614035087719,0.8389830508474576,0.7352941176470589,0.9305555555555556,0.573170731707317,0.8380281690140845,0.6194029850746269,0.7464788732394366,0.6612903225806451,0.8441558441558441,0.5060240963855421,0.7075471698113207,0.8596491228070176,0.5955056179775281,0.72,0.7058823529411765,0.5135135135135135,0.782258064516129,0.6372549019607843,0.0,0.0,0.0,0.0,0.0,0.0,0.0,0.0,0.0,0.0,0.01639344262295082,0.0,0.020833333333333332,0.0,0.0,0.0,0.0,0.0,1.0,1.0,1.0,0.9724770642201835
2375218, dedD, A->C, missense,0.795875,9.999e-05,113,-1.0,0.705882,112,0.9,0.857143,PASS,0.0,0.0,0.0,0.0,0.0,0.0,0.0,0.0,0.0,0.0,0.0,0.0,0.0,0.0,0.0,0.0,0.0,0.0,0.0,0.0,0.0,0.0,0.0,0.08333333333333333,0.05555555555555555,0.038461538461538464,0.0,0.0,0.0196078431372549,0.0,0.0,0.046511627906976744,0.0,0.0,0.0,0.0,0.0,0.0,0.0,0.0,0.0,0.0,0.0,0.0,0.0,0.0,0.0,0.0,0.0,0.0,0.037037037037037035,0.0,0.0,0.02631578947368421,0.0,0.0,0.0,0.17647058823529413,0.525,0.46774193548387094,0.696969696969697,0.8,0.9459459459459459,0.8,0.8571428571428571,0.6451612903225806,0.9565217391304348,0.9333333333333333,0.7894736842105263,0.30434782608695654,0.5172413793103449,0.6551724137931034,0.6086956521739131,0.2857142857142857,0.8,0.6181818181818182,0.8085106382978723,0.589041095890411,0.9333333333333333,0.7941176470588235,0.7777777777777778,0.5135135135135135,0.8461538461538461,0.7142857142857143,0.6,0.8181818181818182,0.6944444444444444,0.5333333333333333,0.75,0.660377358490566,0.88,0.8253968253968254,0.6585365853658537,0.5172413793103449,0.9655172413793104,0.7627118644067796,0.8,0.5882352941176471,0.813953488372093,0.3584905660377358,0.75,0.5892857142857143,0.7761194029850746,0.45714285714285713,0.9354838709677419,0.39285714285714285,0.5384615384615384,0.8387096774193549,0.6666666666666666,0.5833333333333334,0.8095238095238095,0.5777777777777777,0.6666666666666666,0.4603174603174603,0.041666666666666664,0.0,0.0,0.0,0.0,0.0,0.0,0.0,0.0,0.0,0.0,0.0,0.0,0.0,0.0,0.0,1.0,1.0,1.0,1.0,0.9905660377358491,0.9827586206896551
2375267, dedD, T->G, missense,0.607593,9.999e-05,113,-1.0,0.333333,111,0.9,0.285714,PASS,0.0,0.0,0.0,0.0,0.0,0.0,0.0,0.0,0.0,0.0,0.0,0.0,0.0,0.0,0.0,0.0,0.0,0.0,0.0,0.0,0.0,0.0,0.0,0.0,0.0,0.0,0.15384615384615385,0.28888888888888886,0.32727272727272727,0.27450980392156865,0.2,0.4146341463414634,0.2878787878787879,0.3870967741935484,0.8793103448275862,0.5660377358490566,0.8846153846153846,0.7777777777777778,0.4117647058823529,0.5714285714285714,0.6,0.3541666666666667,0.9411764705882353,0.8,0.6794871794871795,0.5365853658536586,0.7068965517241379,0.4222222222222222,0.717948717948718,0.35294117647058826,0.8214285714285714,0.8148148148148148,0.8269230769230769,0.8484848484848485,0.9642857142857143,0.5757575757575758,0.9649122807017544,0.9375,1.0,0.8620689655172413,1.0,1.0,1.0,0.8222222222222222,0.9428571428571428,0.6875,0.9830508474576272,0.9204545454545454,1.0,0.7674418604651163,0.8571428571428571,0.8095238095238095,0.7037037037037037,0.41379310344827586,0.8571428571428571,0.6938775510204082,0.92,0.6097560975609756,0.9272727272727272,0.8648648648648649,0.8235294117647058,0.46511627906976744,0.9230769230769231,0.8148148148148148,0.6323529411764706,0.8245614035087719,0.6097560975609756,0.7419354838709677,0.8,0.6923076923076923,0.9125,0.8076923076923077,0.8,0.6470588235294118,1.0,0.8360655737704918,0.8113207547169812,0.725,0.7608695652173914,0.703125,0.7272727272727273,0.6349206349206349,0.7808219178082192,0.5,0.9069767441860465,0.7931034482758621,0.6949152542372882,0.8529411764705882,0.7692307692307693,0.6458333333333334,0.7352941176470589,0.868421052631579,0.7090909090909091,0.49122807017543857,0.030303030303030304,0.0,0.0,0.0,0.0,0.0,0.0,0.0,0.0,0.0,0.0,0.0,0.9863013698630136,0.0,0.0,0.0,1.0,1.0,1.0,1.0,0.9954128440366973,1.0
2385257, fabB, T->C, noncoding,0.382235,9.999e-05,113,-1.0,0.3,112,0.9,0.24,PASS,0.0,0.0,0.0,0.0,0.0,0.0,0.0,0.0,0.0,0.0,0.0,0.0,0.0,0.0,0.0,0.0,0.0,0.0,0.0,0.0,0.0,0.0,0.12962962962962962,0.22950819672131148,0.05555555555555555,0.07317073170731707,0.05,0.05194805194805195,0.08333333333333333,0.24778761061946902,0.2125,0.31746031746031744,0.2804878048780488,0.574468085106383,0.12931034482758622,0.35,0.04285714285714286,0.1276595744680851,0.631578947368421,0.5952380952380952,0.3522727272727273,0.6166666666666667,0.016129032258064516,0.13333333333333333,0.34177215189873417,0.21794871794871795,0.2878787878787879,0.5630252100840336,0.4032258064516129,0.23404255319148937,0.14285714285714285,0.2702702702702703,0.20408163265306123,0.25555555555555554,0.06896551724137931,0.23404255319148937,0.07954545454545454,0.0,0.02040816326530612,0.15463917525773196,0.047619047619047616,0.07352941176470588,0.0,0.16853932584269662,0.15337423312883436,0.2357142857142857,0.05042016806722689,0.14689265536723164,0.0967741935483871,0.2,0.17777777777777778,0.20270270270270271,0.26666666666666666,0.16129032258064516,0.07246376811594203,0.27450980392156865,0.1134020618556701,0.4496124031007752,0.0743801652892562,0.2765957446808511,0.2,0.3684210526315789,0.16483516483516483,0.31746031746031744,0.4954954954954955,0.12056737588652482,0.16666666666666666,0.41414141414141414,0.3728813559322034,0.30973451327433627,0.09271523178807947,0.18072289156626506,0.358695652173913,0.2608695652173913,0.014705882352941176,0.17266187050359713,0.12396694214876033,0.373134328358209,0.0958904109589041,0.28205128205128205,0.136,0.3584905660377358,0.19135802469135801,0.32786885245901637,0.033707865168539325,0.3,0.22666666666666666,0.06818181818181818,0.2978723404255319,0.22972972972972974,0.3010752688172043,0.09333333333333334,0.13333333333333333,0.44660194174757284,0.0,0.0,0.0,0.0,0.0,0.0,0.0,0.0,0.0,0.0,0.0,0.0,0.0,0.0,1.0,1.0,0.0,0.0,0.0,0.0,0.0,0.0
2446999, mntH, C->T, noncoding,1.67619,0.00609939,113,-1.0,0.8,112,0.9,0.8,PASS,0.0,0.0,0.0,0.0,0.0,0.0,0.0,0.0,0.0,0.0,0.0,0.0,0.0,0.0,0.0,0.0,0.0,0.0,0.0,0.0,0.0,0.0,0.0,0.0,0.0,0.0,0.0,0.0,0.0,0.0,0.0,0.0,0.0,0.020833333333333332,0.0,0.0,0.0,0.0,0.0,0.0,0.0,0.0,0.0,0.0,0.0,0.0,0.0,0.0,0.0,0.0,0.0,0.0,0.0,0.0,0.0,0.0,0.0,0.0,0.0,0.0,0.0,0.0,0.0,0.20634920634920634,0.04878048780487805,0.0761904761904762,0.047619047619047616,0.0851063829787234,0.0,0.09803921568627451,0.030303030303030304,0.0,0.04225352112676056,0.05555555555555555,0.0,0.058823529411764705,0.06060606060606061,0.011494252873563218,0.014814814814814815,0.015625,0.0,0.0,0.0,0.0,0.0,0.0,0.0,0.0,0.0,0.0,0.0,0.0,0.0,0.0,0.0,0.0,0.008695652173913044,0.0,0.0,0.0,0.0,0.0,0.0,0.0,0.0,0.0,0.0,0.0,0.0,0.0,0.0,0.0,0.0,0.0,0.0,0.0,0.0,0.0,0.0,0.0,0.0,0.0,0.0,0.0,0.0,0.0,0.0,0.0,0.0,0.0,0.0,0.0,0.0,0.0,0.0,0.0
2448493, intergenic, MOB_2448493_2448498_IS186_-1, sv,0.83097,9.999e-05,113,-1.0,0.6,112,0.9,1.0,PASS,0.0035211267605633804,0.0,0.0,0.0,0.0,0.03389830508474576,0.0,0.08695652173913043,0.0,0.0,0.0,0.0,0.0,0.0,0.0,0.044444444444444446,0.0,0.024390243902439025,0.016129032258064516,0.0,0.0,0.01639344262295082,0.03361344537815126,0.0,0.012048192771084338,0.03125,0.0,0.024096385542168676,0.01652892561983471,0.017241379310344827,0.0,0.015873015873015872,0.0,0.030303030303030304,0.0,0.0,0.019801980198019802,0.0,0.02702702702702703,0.0,0.024691358024691357,0.0,0.0,0.0,0.009708737864077669,0.0,0.0,0.05673758865248227,0.0,0.0,0.0,0.05172413793103448,0.030303030303030304,0.035398230088495575,0.06349206349206349,0.07317073170731707,0.07692307692307693,0.014492753623188406,0.03669724770642202,0.06299212598425197,0.0379746835443038,0.0,0.08333333333333333,0.06060606060606061,0.08717948717948718,0.22377622377622378,0.5921052631578947,0.8846153846153846,0.6666666666666666,0.41304347826086957,0.7480916030534351,0.7659574468085106,0.7619047619047619,0.5754716981132075,0.925,0.5190839694656488,0.8482758620689655,0.68,0.9341317365269461,0.847457627118644,0.9247311827956989,0.6134453781512605,0.8615384615384616,0.8615384615384616,0.5662650602409639,0.8117647058823529,0.8066666666666666,0.76,0.6756756756756757,0.6896551724137931,0.9624413145539906,0.8373205741626795,0.688,0.7411764705882353,0.9736842105263158,0.8157894736842105,0.8723404255319149,0.6506024096385542,0.8380952380952381,0.5851063829787234,0.8091603053435115,0.6164383561643836,0.806930693069307,0.7692307692307693,0.9306930693069307,0.43157894736842106,0.6666666666666666,0.8461538461538461,0.6,0.7804878048780488,0.5705882352941176,0.5333333333333333,0.7317073170731707,0.6714285714285714,0.0,0.0,0.0,0.0,0.0,0.0,0.0,0.0,0.0,0.0,0.0,0.0,0.0,0.0,0.0,0.022222222222222223,0.0,0.0,0.9272727272727272,0.9696969696969697,0.9798387096774194,0.9741935483870968
2448493, intergenic, MOB_2448493_2448498_IS186_1, sv,0.617553,0.00819918,113,-1.0,0.413793,112,0.9,0.923077,PASS,0.0,0.0,0.0,0.016666666666666666,0.043478260869565216,0.0,0.020833333333333332,0.0,0.0,0.01694915254237288,0.0,0.0,0.0,0.1111111111111111,0.046511627906976744,0.022222222222222223,0.023809523809523808,0.024390243902439025,0.0,0.0,0.015873015873015872,0.0,0.008403361344537815,0.0136986301369863,0.012048192771084338,0.015625,0.014084507042253521,0.0,0.0,0.008620689655172414,0.0273972602739726,0.047619047619047616,0.031914893617021274,0.030303030303030304,0.023529411764705882,0.03731343283582089,0.06930693069306931,0.08,0.0,0.044444444444444446,0.012345679012345678,0.07936507936507936,0.023529411764705882,0.06896551724137931,0.0970873786407767,0.0625,0.06944444444444445,0.02127659574468085,0.0,0.02564102564102564,0.046511627906976744,0.017241379310344827,0.0,0.07964601769911504,0.015873015873015872,0.04878048780487805,0.06593406593406594,0.043478260869565216,0.0,0.047244094488188976,0.02531645569620253,0.02857142857142857,0.011904761904761904,0.20202020202020202,0.07692307692307693,0.08391608391608392,0.05263157894736842,0.04395604395604396,0.06666666666666667,0.03260869565217391,0.03816793893129771,0.031914893617021274,0.05952380952380952,0.04716981132075472,0.008333333333333333,0.030534351145038167,0.041379310344827586,0.06,0.029940119760479042,0.01694915254237288,0.03225806451612903,0.01680672268907563,0.0,0.015384615384615385,0.060240963855421686,0.01764705882352941,0.006666666666666667,0.0,0.013513513513513514,0.027586206896551724,0.009389671361502348,0.03349282296650718,0.008,0.09411764705882353,0.0,0.0,0.0,0.024096385542168676,0.0,0.010638297872340425,0.0,0.0,0.0,0.015384615384615385,0.0,0.031578947368421054,0.02564102564102564,0.023076923076923078,0.01818181818181818,0.0,0.0,0.02666666666666667,0.006097560975609756,0.007142857142857143,0.0,0.0,0.0,0.0,0.0,0.0,0.0,0.0,0.0,0.0,0.0,0.0,0.0,0.0,0.0,0.0,0.0,0.0,0.0,0.0,0.0020161290322580645,0.012903225806451613
2459911, zipA, T->C, missense,3.10823,0.00049995,113,-1.0,0.375,112,0.9,0.162162,PASS,0.0,0.0,0.0,0.0,0.0,0.0,0.0,0.0,0.0,0.0,0.0,0.0,0.0,0.0,0.0,0.0,0.0,0.0,0.0,0.0,0.0,0.0,0.0,0.0,0.0,0.0,0.0,0.0,0.0,0.0,0.0,0.0,0.0,0.0,0.0,0.0,0.0,0.0,0.0,0.0,0.0,0.0,0.0,0.0,0.0,0.0,0.0,0.0,0.0,0.0,0.0,0.0,0.0,0.0,0.0,0.0,0.0,0.0,0.0,0.0,0.0,0.0,0.0,0.0,0.0,0.0,0.0,0.0,0.0,0.0,0.0,0.0,0.0,0.0,0.0,0.0,0.0,0.0,0.0,0.0,0.0,0.0,0.0,0.0,0.0,0.0,0.0,0.0,0.0,0.0,0.0,0.0,0.0,0.0,0.0,0.0,0.0,0.0,0.0,0.0,0.017391304347826087,0.14893617021276595,0.17272727272727273,0.275,0.03076923076923077,0.02127659574468085,0.06382978723404255,0.03076923076923077,0.10909090909090909,0.041666666666666664,0.04,0.0,0.0,0.013888888888888888,0.0,0.0,0.0,0.0,0.0,0.0,0.0,0.0,0.0,0.0,0.0,0.0,0.0,0.0,0.0,0.0,0.0,0.0,0.0,0.0,0.0,0.0
2474194, yfeT, T->G, missense,0.632619,0.00029997,113,-1.0,1.0,111,0.9,0.857143,PASS,0.0,0.0,0.0,0.0,0.0,0.0,0.0,0.0,0.0,0.0,0.0,0.0,0.0,0.0,0.0,0.0,0.0,0.0,0.0,0.0,0.0,0.0,0.0,0.0,0.0,0.0,0.0,0.0,0.0,0.0,0.0,0.0,0.0,0.0,0.0,0.0,0.0,0.0,0.0,0.0,0.0,0.07692307692307693,0.0,0.09090909090909091,0.1232876712328767,0.16666666666666666,0.2682926829268293,0.4,0.2857142857142857,0.2916666666666667,0.0625,0.21739130434782608,0.09302325581395349,0.20512820512820512,0.0,0.30434782608695654,0.14285714285714285,0.03508771929824561,0.02564102564102564,0.047619047619047616,0.02857142857142857,0.03571428571428571,0.0,0.1388888888888889,0.11290322580645161,0.24,0.11538461538461539,0.16417910447761194,0.0,0.16666666666666666,0.17857142857142858,0.0975609756097561,0.29411764705882354,0.1891891891891892,0.09302325581395349,0.16666666666666666,0.2,0.28,0.04,0.15384615384615385,0.125,0.3055555555555556,0.3,0.1702127659574468,0.38571428571428573,0.2558139534883721,0.16216216216216217,0.125,0.296875,0.42,0.06451612903225806,0.2191780821917808,0.34782608695652173,0.09090909090909091,0.0,0.15,0.11666666666666667,0.32142857142857145,0.18181818181818182,0.17142857142857143,0.2641509433962264,0.2833333333333333,0.2328767123287671,0.3939393939393939,0.09375,0.28205128205128205,0.19230769230769232,0.11627906976744186,0.40540540540540543,0.12,0.23809523809523808,0.1891891891891892,0.10869565217391304,0.3287671232876712,0.0,0.0,0.0,0.0,0.0,0.0,0.0,0.0,0.0,0.0,0.0,0.0,0.0,0.0,0.0,0.0,0.0,0.0,0.0,0.0,0.0,0.0
2480155, amiA, G->T, missense,0.840177,0.00139986,113,-1.0,0.0923077,112,0.9,0.0009999,PASS,0.0,0.0,0.0,0.0,0.0,0.0,0.0,0.0,0.0,0.0,0.0,0.0,0.0,0.0,0.0,0.0,0.0,0.0,0.0,0.0,0.0,0.034482758620689655,0.0,0.0,0.0,0.0,0.0,0.0,0.0,0.0,0.0,0.0,0.0,0.0,0.0,0.0,0.0,0.0,0.0,0.0,0.0,0.0,0.0,0.0,0.0,0.0,0.0,0.0,0.0,0.0,0.0,0.0,0.0,0.0,0.03571428571428571,0.11764705882352941,0.04081632653061224,0.0,0.0,0.15,0.05263157894736842,0.0,0.0,0.0967741935483871,0.016666666666666666,0.1111111111111111,0.11627906976744186,0.08139534883720931,0.047619047619047616,0.029411764705882353,0.1346153846153846,0.2,0.2653061224489796,0.16666666666666666,0.11904761904761904,0.10714285714285714,0.0,0.32558139534883723,0.016129032258064516,0.06382978723404255,0.27450980392156865,0.22727272727272727,0.25,0.09090909090909091,0.3235294117647059,0.07547169811320754,0.23404255319148937,0.30303030303030304,0.38461538461538464,0.24390243902439024,0.05263157894736842,0.22727272727272727,0.2786885245901639,0.5238095238095238,0.0,0.09615384615384616,0.10144927536231885,0.391304347826087,0.14,0.1935483870967742,0.25,0.3125,0.3103448275862069,0.55,0.05128205128205128,0.17777777777777778,0.39622641509433965,0.0625,0.15151515151515152,0.21739130434782608,0.25806451612903225,0.10344827586206896,0.15217391304347827,0.3,0.0,0.0,0.0,0.0,0.0,0.0,0.0,0.0,0.0,0.0,0.011111111111111112,0.0,0.0,0.0,0.0,0.022222222222222223,0.02,0.023255813953488372,0.0,0.0,0.0,0.0
2513745, ECB_02364, G->A, nonsense,0.785336,9.999e-05,113,-1.0,0.521739,111,0.9,0.218182,PASS,0.0,0.0,0.0,0.0,0.0,0.0,0.0,0.0,0.0,0.0,0.0,0.0,0.0,0.0,0.0,0.0,0.0,0.0,0.0,0.0,0.0,0.0,0.0,0.0,0.0,0.0,0.0,0.0,0.0,0.0,0.0,0.0,0.0,0.0,0.0,0.0,0.0,0.0,0.0,0.0,0.0,0.0,0.0,0.0,0.0,0.0,0.0,0.0,0.0,0.0,0.0,0.0,0.0,0.0,0.0,0.0,0.0,0.0,0.03571428571428571,0.020833333333333332,0.02857142857142857,0.5217391304347826,0.8787878787878788,0.8260869565217391,0.8979591836734694,0.6923076923076923,0.9565217391304348,0.8536585365853658,0.375,0.20588235294117646,0.6833333333333333,0.45714285714285713,0.5135135135135135,0.40540540540540543,0.9583333333333334,0.6285714285714286,0.9117647058823529,0.4838709677419355,0.935064935064935,0.7555555555555555,0.7941176470588235,0.6129032258064516,0.875,0.6307692307692307,0.47540983606557374,0.717391304347826,0.85,0.6363636363636364,0.6590909090909091,0.7096774193548387,0.9493670886075949,0.7272727272727273,0.575,0.6129032258064516,1.0,0.782608695652174,0.9,0.5454545454545454,0.9056603773584906,0.5588235294117647,0.75,0.6307692307692307,0.8481012658227848,0.4482758620689655,0.9183673469387755,0.3448275862068966,0.5961538461538461,0.873015873015873,0.2857142857142857,0.75,0.5625,0.4,0.6,0.6037735849056604,0.0,0.0,0.0,0.0,0.0,0.0,0.0,0.0,0.0,0.0,0.0,0.0,0.0,0.0,0.0,0.0,0.0,0.0,1.0,1.0,1.0,1.0
2544394, ppk, A->C, missense,3.55296,0.00889911,113,-1.0,0.285714,112,0.9,0.6,PASS,0.0,0.0,0.0,0.0,0.0,0.0,0.0,0.0,0.0,0.0,0.0,0.0,0.0,0.0,0.0,0.0,0.0,0.0,0.0,0.0,0.0,0.0,0.0,0.0,0.0,0.0,0.0,0.0,0.0,0.0,0.0,0.0,0.0,0.0,0.0,0.0,0.0,0.0,0.0,0.0,0.0,0.0,0.0,0.0,0.0,0.0,0.0,0.0,0.0,0.0,0.0,0.0,0.0,0.0,0.0,0.0,0.0,0.0,0.0,0.0,0.0,0.0,0.0,0.0,0.0,0.0,0.0,0.0,0.0,0.0,0.0,0.0,0.0,0.0,0.0,0.0,0.0,0.0,0.010638297872340425,0.0,0.0,0.0,0.0,0.0,0.0,0.0,0.0,0.0,0.0,0.059322033898305086,0.5517241379310345,0.43010752688172044,0.0,0.037037037037037035,0.0,0.0,0.0,0.0,0.0,0.0,0.0,0.0,0.011627906976744186,0.0,0.0,0.0,0.0,0.0,0.0,0.0,0.0,0.0,0.0,0.0,0.0,0.0,0.0,0.0,0.0,0.0,0.0,0.0,0.0,0.0,0.0,0.0,0.0,0.0,0.0,0.0,0.0,0.0,0.0,0.0,0.0,0.0
2545946, ppx, G->T, missense,2.03662,9.999e-05,113,-1.0,0.342857,112,0.9,0.333333,PASS,0.0,0.0,0.0,0.0,0.0,0.0,0.0,0.0,0.0,0.0,0.0,0.0,0.0,0.0,0.0,0.0,0.0,0.0,0.0,0.0,0.0,0.0,0.0,0.0,0.0,0.0,0.0,0.0,0.0,0.0,0.0,0.0,0.0,0.0,0.0,0.0,0.0,0.0,0.0,0.0,0.0,0.0,0.0,0.0,0.0,0.0,0.0,0.0,0.0,0.0196078431372549,0.0,0.0,0.0,0.0,0.0,0.0,0.0,0.0,0.0,0.0,0.0,0.0,0.0,0.0,0.0,0.0,0.0,0.0,0.0,0.0,0.047058823529411764,0.0,0.0,0.0,0.0,0.0,0.038461538461538464,0.0,0.0,0.0,0.0,0.0,0.0,0.0,0.0,0.0,0.0,0.0,0.0,0.0,0.0,0.03676470588235294,0.0,0.0,0.0,0.017094017094017096,0.02857142857142857,0.1016949152542373,0.3626373626373626,0.30612244897959184,0.5966386554621849,0.45871559633027525,0.7055214723926381,0.6136363636363636,0.8823529411764706,0.30357142857142855,0.6938775510204082,0.8846153846153846,0.5833333333333334,0.6625,0.5869565217391305,0.38333333333333336,0.6836734693877551,0.5684210526315789,0.0,0.0,0.0,0.0,0.0,0.0,0.0,0.0,0.0,0.0,0.0,0.0,0.0,0.0,0.0,0.0,0.0,0.0,0.0,0.0,1.0,0.0
2591648, hcaC, MOB_2591648_2591650_IS150_-1, sv,1.33346,9.999e-05,113,-1.0,0.461538,112,0.9,0.571429,PASS,0.0,0.0,0.0,0.0,0.0,0.0,0.0,0.0,0.0,0.041666666666666664,0.0,0.0,0.0,0.0,0.0,0.0,0.0,0.0,0.0,0.0,0.009523809523809525,0.0,0.0,0.0,0.0,0.0,0.0,0.0,0.0,0.0,0.0,0.0,0.0,0.0,0.0,0.007407407407407408,0.0,0.0,0.0,0.0,0.0,0.0,0.010752688172043012,0.0,0.0,0.0,0.0,0.0,0.0,0.0,0.0,0.0,0.013605442176870748,0.0,0.0,0.0,0.0,0.0,0.0,0.0,0.0,0.0,0.0,0.0,0.0,0.0,0.0,0.0,0.0,0.0,0.01680672268907563,0.0,0.0,0.015267175572519083,0.0,0.0,0.011363636363636364,0.0,0.0,0.0,0.0,0.011904761904761904,0.020833333333333332,0.16556291390728478,0.29651162790697677,0.15469613259668508,0.1568627450980392,0.3357142857142857,0.37185929648241206,0.32038834951456313,0.10638297872340426,0.20967741935483872,0.32061068702290074,0.15151515151515152,0.005319148936170213,0.23684210526315788,0.11320754716981132,0.5342465753424658,0.16793893129770993,0.15079365079365079,0.2182741116751269,0.42857142857142855,0.34684684684684686,0.42168674698795183,0.10256410256410256,0.2777777777777778,0.30625,0.05223880597014925,0.319672131147541,0.23703703703703705,0.2708333333333333,0.13793103448275862,0.13872832369942195,0.40397350993377484,0.0,0.0,0.0,0.0,0.0,0.0,0.0,0.0,0.0,0.0,0.0,0.0,0.0,0.0,0.0,0.0,0.0,0.0,0.0,0.0,0.0,0.0
2631292, rpoE, T->A, missense,3.47872,9.999e-05,113,-1.0,0.8,113,0.9,0.666667,PASS,0.0,0.0,0.0,0.0,0.0,0.0,0.0,0.0,0.0,0.0,0.0,0.0,0.0,0.0,0.0,0.0,0.0,0.0,0.0,0.0,0.0,0.0,0.0,0.0,0.0,0.0,0.0,0.0,0.0,0.0,0.0,0.0,0.0,0.0,0.0,0.0,0.0,0.0,0.0,0.0,0.0,0.0,0.0,0.0,0.010869565217391304,0.1836734693877551,0.20833333333333334,0.3707865168539326,0.11764705882352941,0.07692307692307693,0.0,0.038461538461538464,0.024691358024691357,0.0,0.11904761904761904,0.12903225806451613,0.05172413793103448,0.029411764705882353,0.0,0.0,0.0,0.0,0.0,0.0,0.0,0.0,0.0,0.0,0.0,0.0,0.0,0.0,0.0,0.0,0.0,0.0,0.0,0.0,0.0,0.0,0.0,0.0,0.0,0.0,0.0,0.0,0.0,0.0,0.0,0.0,0.0,0.0,0.0,0.0,0.0,0.0,0.0,0.0,0.0,0.0,0.0,0.0,0.0,0.0,0.0,0.0,0.0,0.0,0.013888888888888888,0.0,0.0,0.0,0.0,0.0,0.0,0.0,0.0,0.0,0.0,0.0,0.0,0.0,0.0,0.0,0.0,0.0,0.0,0.0,0.0,0.0,0.0,0.0,0.0,0.0,0.0,0.0
2631893, nadB, T->G, noncoding,0.831489,0.00069993,113,-1.0,0.8,112,0.9,0.857143,PASS,0.0,0.0,0.0,0.0,0.0,0.0,0.0,0.0,0.0,0.0,0.0,0.0,0.0,0.0,0.0,0.0,0.0,0.0,0.0,0.0,0.0,0.0,0.0,0.0,0.0,0.0,0.0,0.0,0.0,0.0,0.0,0.0,0.0,0.030303030303030304,0.0,0.0,0.0,0.0,0.0,0.0,0.0,0.0,0.0,0.0,0.0,0.0,0.0,0.0,0.0,0.0,0.0,0.0,0.0,0.0,0.0,0.0,0.0,0.0,0.03333333333333333,0.13114754098360656,0.0,0.0,0.0,0.041666666666666664,0.0,0.13636363636363635,0.011111111111111112,0.05154639175257732,0.0,0.11764705882352941,0.05357142857142857,0.2830188679245283,0.14583333333333334,0.140625,0.08064516129032258,0.11764705882352941,0.0,0.3194444444444444,0.039603960396039604,0.09302325581395349,0.23076923076923078,0.2857142857142857,0.06153846153846154,0.20430107526881722,0.42857142857142855,0.04054054054054054,0.16071428571428573,0.42105263157894735,0.2261904761904762,0.3392857142857143,0.030612244897959183,0.2,0.36507936507936506,0.2222222222222222,0.0,0.25316455696202533,0.12658227848101267,0.2857142857142857,0.30158730158730157,0.13513513513513514,0.18181818181818182,0.46153846153846156,0.25316455696202533,0.5,0.06521739130434782,0.1791044776119403,0.23684210526315788,0.06896551724137931,0.2857142857142857,0.38235294117647056,0.5,0.13559322033898305,0.20588235294117646,0.3246753246753247,0.0,0.0,0.0,0.0,0.0,0.0,0.0,0.0,0.0,0.0,0.0,0.0,0.0,0.0,0.0,0.0,0.0,0.0,0.0,0.0,0.0,0.0
2734827, ascF, MOB_2734827_2734829_IS150_1, sv,0.627199,9.999e-05,113,-1.0,0.75,12,1.06659,1.0,PASS,0.0,0.0,0.0,0.0,0.0,0.0,0.0,0.0,0.0,0.0,0.0,0.0,0.0,0.0,0.0,0.032,0.6571428571428571,0.5303867403314917,0.9805825242718447,0.8055555555555556,0.7211538461538461,0.9327731092436975,0.6378378378378379,0.4666666666666667,0.7553956834532374,0.7864077669902912,0.8490566037735849,0.8541666666666666,0.8327759197324415,0.8452380952380952,0.7616279069767442,0.6727272727272727,0.7725118483412322,0.5535055350553506,0.89568345323741,0.74609375,0.965034965034965,0.9271523178807947,0.47674418604651164,0.4666666666666667,0.7844311377245509,0.32456140350877194,0.912751677852349,0.8356164383561644,0.7096774193548387,0.7425149700598802,0.7264957264957265,0.6443914081145584,0.6608695652173913,0.5473684210526316,0.6971830985915493,0.8771929824561403,0.8550185873605948,0.8508064516129032,0.92,0.7009345794392523,0.8958333333333334,0.966804979253112,0.981651376146789,0.9576271186440678,0.9701492537313433,0.9710144927536232,1.0,0.8407643312101911,0.9139072847682119,0.8289241622574955,0.9585062240663901,0.8694362017804155,0.8461538461538461,0.8823529411764706,0.8564356435643564,0.8533333333333334,0.8387096774193549,0.775609756097561,0.9254658385093167,0.8353658536585366,0.8743961352657005,0.6330434782608696,0.9681528662420382,0.9272727272727272,0.8442906574394463,0.6287128712871287,0.8390243902439024,0.8444444444444444,0.6528301886792452,0.8735177865612648,0.7928286852589641,0.7170868347338936,0.6993603411513859,0.7237354085603113,0.93,0.8090614886731392,0.805,0.82,0.9935897435897436,0.8047619047619048,0.8661417322834646,0.7739130434782608,0.863013698630137,0.8571428571428571,0.8430034129692833,0.559322033898305,0.7052023121387283,0.6159420289855072,0.9455782312925171,0.8082191780821918,0.6867469879518072,0.9227166276346604,0.6987179487179487,0.7197452229299363,0.6417112299465241,0.8717948717948718,0.7132867132867133,0.58984375,0.0,0.0,0.0,0.0,0.0,0.0,0.0,0.0,0.0,0.0,0.0,0.0,1.0,1.0,0.0,0.0,1.0,1.0,1.0,1.0,1.0,0.9937694704049844
2772459, iap, indel;-12, indel,6.01947,0.00019998,113,-1.0,0.705882,18,1.10897,1.0,PASS,0.0,0.0,0.0,0.0,0.0,0.0,0.0,0.0,0.0,0.0,0.0,0.0,0.0,0.0,0.0,0.0,0.0,0.0,0.0,0.0,0.0,0.0,0.0,0.0,0.0,0.0,0.0,0.0,0.0,0.0,0.0,0.0,0.0,0.0,0.0,0.0,0.0,0.0,0.0,0.0,0.0,0.0,0.0,0.0,0.0,0.0,0.0,0.01990049751243781,0.11530398322851153,0.3404255319148936,0.47619047619047616,0.05602240896358543,0.0,0.0,0.0,0.013793103448275862,0.0,0.0,0.0,0.0,0.0,0.0,0.0,0.0,0.0,0.0,0.0,0.0,0.0,0.0,0.0,0.0,0.0,0.0,0.0,0.0,0.0,0.0,0.0,0.0,0.0,0.0,0.0,0.0,0.0,0.0,0.0,0.0,0.0,0.0,0.0,0.0,0.0,0.0,0.0,0.0,0.0,0.0,0.0,0.0,0.0,0.0,0.0,0.0,0.0,0.0,0.0,0.0,0.0,0.0,0.0,0.0,0.0,0.0,0.0,0.0,0.0,0.0,0.0,0.0,0.0,0.0,0.0,0.0,0.0,0.0,0.0,0.0,0.0,0.0,0.0,0.0,0.0,0.0,0.0,0.0
2842744, amiC, C->T, missense,2.79883,0.011853,113,-1.0,0.666667,112,0.9,0.75,PASS,0.0,0.0,0.0,0.0,0.0,0.0,0.0,0.0,0.0,0.0,0.0,0.0,0.0,0.0,0.0,0.0,0.0,0.0,0.0,0.0,0.0,0.0,0.0,0.0,0.0,0.0,0.0,0.0,0.0,0.0,0.0,0.0,0.0,0.0,0.0,0.0,0.0,0.0,0.0,0.0,0.0,0.0,0.0,0.0,0.0,0.0,0.0,0.0,0.0,0.0,0.0,0.0,0.0,0.0,0.0,0.0,0.0,0.0,0.0,0.0,0.0,0.0,0.0,0.0,0.0,0.0,0.0,0.0,0.0,0.0,0.0,0.0,0.0,0.0,0.0,0.0,0.0,0.00847457627118644,0.0,0.0,0.0,0.0,0.0,0.0,0.008695652173913044,0.023809523809523808,0.0,0.0,0.0,0.0,0.0,0.0,0.0,0.0,0.0,0.0,0.009345794392523364,0.0,0.0,0.0,0.0,0.0125,0.0,0.0,0.034482758620689655,0.10526315789473684,0.0,0.0,0.0,0.0,0.0,0.0,0.0,0.0,0.0,0.0,0.0,0.0,0.0,0.0,0.0,0.0,0.0,0.0,0.0,0.0,0.0,0.0,0.0,0.0,0.0,0.0,0.0,0.0,0.0,0.0
2999343, intergenic, G->A, noncoding,3.69988,0.00109989,113,-1.0,0.4,113,0.9,0.545455,PASS,0.0,0.0,0.0,0.0,0.0,0.0,0.0,0.0,0.0,0.0,0.0,0.0,0.0,0.0,0.0,0.0,0.0,0.0,0.0,0.0,0.0,0.0,0.0,0.0,0.0,0.0,0.0,0.0,0.0,0.0,0.0,0.0,0.0,0.0,0.0,0.0,0.0,0.0,0.0,0.0,0.0,0.0,0.01818181818181818,0.0,0.0,0.0,0.0,0.0,0.0,0.0,0.0,0.0,0.0,0.0,0.0,0.0,0.0,0.0,0.0,0.0,0.0,0.0,0.0,0.0,0.0,0.0,0.0,0.0,0.0,0.0,0.011627906976744186,0.0,0.0,0.0,0.0,0.0,0.0,0.0,0.014285714285714285,0.012987012987012988,0.09302325581395349,0.2840909090909091,0.09090909090909091,0.0,0.0,0.0,0.0,0.0,0.0,0.0,0.01680672268907563,0.0,0.0,0.0,0.0,0.0,0.0,0.0,0.0,0.0,0.0,0.0,0.0,0.0,0.0,0.0,0.0,0.0,0.0,0.0,0.013333333333333334,0.0,0.0,0.0,0.0,0.0,0.0,0.0,0.0,0.0,0.0,0.0,0.0,0.0,0.0,0.0,0.0,0.0,0.0,0.0,0.0,0.0,0.0,0.0,0.0,0.0
3001954, flu, MOB_3001954_3001956_IS150_1, sv,3.7699,9.999e-05,113,-1.0,0.136364,112,0.9,0.12,PASS,0.0,0.0,0.0,0.0,0.0,0.0,0.0,0.0,0.0,0.0,0.0,0.0,0.0,0.0,0.0,0.0,0.0,0.0,0.0,0.0,0.0,0.0,0.0,0.0,0.0,0.0,0.0,0.0,0.0,0.0,0.0,0.0,0.0,0.0,0.0125,0.0,0.0,0.0,0.0,0.0,0.0,0.0,0.0,0.0,0.0,0.0,0.0,0.0,0.0,0.0,0.0,0.0,0.0,0.0,0.0,0.0,0.0,0.0,0.0,0.0,0.0,0.0,0.0,0.0,0.0,0.0,0.0,0.0,0.0,0.0,0.0,0.0,0.0,0.0,0.0,0.0,0.007518796992481203,0.023696682464454975,0.0472972972972973,0.13125,0.25,0.08148148148148149,0.043243243243243246,0.0,0.0,0.0,0.0,0.0,0.0,0.0,0.0,0.0,0.0,0.0,0.027777777777777776,0.0,0.0,0.0,0.0,0.0,0.0,0.0,0.0,0.0,0.0,0.0,0.0,0.0,0.0,0.0,0.0,0.0,0.0,0.0,0.0,0.0,0.0,0.0,0.0,0.0,0.0,0.0,0.0,0.0,0.0,0.0,0.0,0.0,0.0,0.0,0.0,0.0,0.0,0.0,0.0,0.0
3005629, intergenic, junction_3005629_-1_IS150_start, sv,3.46387,0.00649935,113,-1.0,0.666667,112,0.9,0.705882,PASS,0.0,0.0,0.0,0.0,0.0,0.0,0.0,0.0,0.0,0.0,0.0,0.0,0.0,0.0,0.0,0.0,0.0,0.0,0.0,0.0,0.0,0.0,0.0,0.0,0.0,0.0,0.0,0.0,0.0,0.109375,0.09090909090909091,0.02702702702702703,0.06,0.020833333333333332,0.0,0.0,0.0,0.0,0.0,0.0,0.0,0.0,0.0,0.0,0.0,0.0,0.0,0.0,0.0,0.0,0.0,0.0,0.0,0.0,0.0,0.0,0.0,0.0,0.0,0.0,0.0,0.0,0.0,0.0,0.0,0.0,0.0,0.0,0.0,0.0,0.0,0.0,0.0,0.0,0.0,0.0,0.0,0.0,0.0,0.0,0.0,0.0,0.0,0.0,0.0,0.0,0.0,0.0,0.0,0.0,0.0,0.0,0.0,0.0,0.0,0.0,0.0,0.0,0.0,0.0,0.0,0.0,0.0,0.0,0.0,0.0,0.0,0.0,0.0,0.0,0.0,0.0,0.0,0.0,0.0,0.0,0.0,0.0,0.0,0.0,0.0,0.0,0.0,0.0,0.0,0.0,0.0,0.0,0.0,0.0,0.0,0.0,0.0,0.0,0.0,0.0
3007451, ECB_02804, junction_3007451_-1_IS150_start, sv,0.53906,9.999e-05,113,-1.0,0.75,112,0.9,0.266667,PASS,0.0,0.0,0.0,0.0,0.0,0.0,0.0,0.0,0.0,0.0,0.0,0.0,0.0,0.0,0.0,0.0,0.0,0.0,0.0,0.0,0.0,0.0,0.0,0.0,0.0,0.0,0.0,0.0,0.0,0.0,0.0,0.0,0.0,0.017857142857142856,0.0,0.0,0.0,0.0,0.0,0.0,0.0,0.4883720930232558,0.025,0.36363636363636365,0.35443037974683544,0.375,0.3194444444444444,0.43209876543209874,0.3103448275862069,0.32,0.3076923076923077,0.4666666666666667,0.1864406779661017,0.296875,0.08108108108108109,0.41379310344827586,0.21568627450980393,0.038461538461538464,0.0,0.03389830508474576,0.0847457627118644,0.16666666666666666,0.0,0.29411764705882354,0.10526315789473684,0.3364485981308411,0.06329113924050633,0.20833333333333334,0.0,0.19298245614035087,0.14925373134328357,0.2641509433962264,0.1724137931034483,0.2545454545454545,0.0392156862745098,0.16981132075471697,0.08064516129032258,0.35714285714285715,0.08641975308641975,0.07017543859649122,0.14285714285714285,0.5873015873015873,0.14285714285714285,0.23943661971830985,0.5238095238095238,0.04225352112676056,0.2903225806451613,0.5416666666666666,0.45454545454545453,0.2714285714285714,0.14285714285714285,0.2719298245614035,0.3225806451612903,0.1724137931034483,0.009615384615384616,0.13953488372093023,0.0989010989010989,0.42857142857142855,0.17391304347826086,0.2647058823529412,0.1797752808988764,0.4318181818181818,0.23863636363636365,0.35,0.14285714285714285,0.17105263157894737,0.17142857142857143,0.0641025641025641,0.3157894736842105,0.23404255319148937,0.40298507462686567,0.1509433962264151,0.17857142857142858,0.4268292682926829,0.0,0.0,0.0,0.0,0.0,0.0,0.0,0.02702702702702703,0.0,0.0,0.0,0.0,0.0,0.0,0.0,0.0,0.0,0.0,0.0,0.0,0.0,0.0
3015254, ECB_02816, MOB_3015254_3015256_IS150_1, sv,1.70094,0.012308,113,-1.0,0.134831,110,0.9,0.266667,PASS,0.0,0.0,0.0,0.0,0.0,0.0,0.0,0.0,0.0,0.0,0.0,0.0,0.0,0.0,0.0,0.0,0.0,0.0,0.0,0.0,0.0,0.0,0.0,0.0,0.0,0.0,0.10294117647058823,0.15555555555555556,0.06289308176100629,0.04316546762589928,0.08695652173913043,0.03076923076923077,0.06976744186046512,0.056338028169014086,0.0,0.05084745762711865,0.0,0.0,0.05,0.024390243902439025,0.0,0.38235294117647056,0.0,0.16,0.017699115044247787,0.01818181818181818,0.058823529411764705,0.05063291139240506,0.16666666666666666,0.15254237288135594,0.0,0.0,0.03225806451612903,0.0,0.0,0.0,0.0,0.0,0.0,0.0,0.0,0.0,0.0,0.0,0.0,0.0,0.0,0.0,0.0,0.028037383177570093,0.007042253521126761,0.0,0.0,0.03125,0.0,0.0,0.007194244604316547,0.0,0.0,0.0,0.0,0.0,0.0,0.0,0.0,0.0,0.0,0.0,0.0,0.0,0.0,0.0,0.0,0.0,0.0,0.0,0.0,0.0,0.018018018018018018,0.013333333333333334,0.0,0.0,0.0,0.0,0.0,0.0,0.0,0.0,0.0,0.0,0.0,0.0,0.009009009009009009,0.0,0.0,0.0,0.0,0.0,0.0,0.0,0.0,0.0,0.0,0.0,0.0,0.0,0.0,0.0,0.0,0.0,0.0,0.0,0.0,0.0,0.0,0.0
3015771, ECB_02816, MOB_3015771_3015773_IS150_1, sv,3.16643,9.999e-05,113,-1.0,0.218182,111,0.9,0.3,PASS,0.0,0.0,0.0,0.0,0.0,0.0,0.0,0.0,0.0,0.0,0.0,0.0,0.03227906148867314,0.0,0.0,0.0,0.0,0.030317386018237084,0.0,0.0,0.0,0.0,0.0,0.0,0.0,0.0,0.0,0.0,0.008826125330979701,0.1103243216080402,0.11820665680473375,0.04991680532445923,0.10003603275705186,0.18574875930521093,0.13627695620961952,0.0667068447412354,0.0,0.17168771498771496,0.605826359832636,0.4273398395721925,0.33437889374090246,0.2797607476635514,0.018621973929236497,0.0,0.0,0.0,0.0,0.0,0.0,0.0,0.0,0.0,0.0,0.0,0.0,0.0,0.0,0.0,0.0,0.0,0.0,0.0,0.0,0.0,0.0,0.0,0.008794700176366842,0.0,0.0,0.011015723756906078,0.0,0.0,0.0,0.0,0.0,0.0,0.0,0.0,0.0,0.0,0.0,0.0,0.0,0.0,0.0,0.0,0.0,0.0,0.008635578583765112,0.0,0.0,0.0,0.0,0.0,0.0,0.0,0.0,0.0,0.0,0.01953125,0.0,0.0,0.0,0.0,0.0,0.0,0.0,0.0,0.0,0.03189792663476874,0.0,0.0,0.0,0.0,0.0,0.0,0.0,0.0,0.0,0.0,0.0,0.0,0.0,0.0,0.0,0.0,0.0,0.00988680040120361,1.0,1.0,0.0,0.0,0.0,0.0,0.0,0.0
3021974, ECB_02821, indel;A;+A;G;+AA;-1;T, indel,1.37637,0.00209979,113,-1.0,0.0433213,107,0.9,0.129032,PASS,0.0,0.1,0.0,0.0,0.0,0.0,0.2,0.0,0.0,0.058823529411764705,0.07142857142857142,0.0,0.0,0.0,0.0,0.2727272727272727,0.0,0.0,0.037037037037037035,0.0,0.04878048780487805,0.0,0.08823529411764706,0.047619047619047616,0.041666666666666664,0.03571428571428571,0.0,0.022222222222222223,0.03389830508474576,0.04,0.0,0.0,0.0,0.030303030303030304,0.044444444444444446,0.02564102564102564,0.0,0.1875,0.5833333333333334,0.5,0.14705882352941177,0.06666666666666667,0.03571428571428571,0.0,0.017241379310344827,0.03333333333333333,0.0,0.0,0.058823529411764705,0.0,0.058823529411764705,0.0,0.06666666666666667,0.04,0.043478260869565216,0.0,0.11764705882352941,0.058823529411764705,0.05263157894736842,0.0,0.0,0.0,0.08695652173913043,0.043478260869565216,0.0,0.0,0.047619047619047616,0.03571428571428571,0.0,0.058823529411764705,0.0,0.0,0.029411764705882353,0.043478260869565216,0.08333333333333333,0.0,0.025,0.0,0.016666666666666666,0.0,0.07142857142857142,0.038461538461538464,0.06,0.02040816326530612,0.022222222222222223,0.031746031746031744,0.0,0.0,0.0,0.0,0.057971014492753624,0.0,0.0,0.0,0.015384615384615385,0.0,0.0,0.0,0.12,0.0,0.046511627906976744,0.0625,0.0,0.0,0.06896551724137931,0.0,0.025,0.023255813953488372,0.0,0.09090909090909091,0.047619047619047616,0.08695652173913043,0.05,0.0,0.0,0.0,0.0,0.0,0.0,0.0,0.0,0.0,0.0,0.0,0.03333333333333333,0.0,0.0,0.0,0.625,0.25,0.05,0.0,0.0,0.0,0.012396694214876033,0.0
3080114, intergenic, MOB_3080114_3080116_IS150_-1, sv,0.898039,9.999e-05,18,-1.0454,0.00019998,105,0.9,0.48,PASS,0.0,0.0,0.13249737991266378,0.014828467153284671,0.7979939148073022,0.8739392,0.872897435897436,0.898989898989899,0.9755591133004926,1.0,1.0,0.9776693091732729,0.9736146788990826,1.0,1.0,1.0,1.0,1.0,1.0,1.0,1.0,1.0,1.0,1.0,1.0,1.0,1.0,1.0,1.0,1.0,1.0,1.0,1.0,1.0,1.0,1.0,1.0,1.0,1.0,1.0,1.0,1.0,1.0,1.0,1.0,1.0,1.0,1.0,1.0,1.0,1.0,1.0,1.0,1.0,1.0,1.0,1.0,1.0,1.0,1.0,1.0,1.0,1.0,1.0,1.0,1.0,1.0,1.0,1.0,1.0,1.0,1.0,1.0,1.0,1.0,1.0,1.0,1.0,1.0,1.0,1.0,1.0,1.0,1.0,1.0,1.0,1.0,1.0,1.0,1.0,1.0,1.0,1.0,1.0,1.0,1.0,1.0,1.0,1.0,1.0,1.0,1.0,1.0,1.0,1.0,1.0,1.0,1.0,1.0,1.0,1.0,1.0,1.0,1.0,0.0,0.0,0.0,0.0,0.0,0.0,0.0,0.0,0.984940170940171,1.0,1.0,1.0,1.0,1.0,1.0,1.0,1.0,1.0,1.0,1.0,0.9961530674225553,0.9746835443037974
3244196, nlpI, indel;-26, indel,0.697483,9.999e-05,113,-1.0,0.631579,111,0.9,0.521739,PASS,0.0,0.0,0.0,0.0,0.0,0.0,0.0,0.0,0.0,0.0,0.0,0.0,0.0,0.0,0.0,0.0,0.0,0.0,0.0,0.0,0.0,0.0,0.0,0.0,0.0,0.0,0.0,0.0,0.0,0.0,0.0,0.0,0.0,0.0,0.0,0.0,0.0,0.0,0.0,0.0,0.0,0.0,0.8235294117647058,0.8461538461538461,0.7738095238095238,0.49230769230769234,0.6792452830188679,0.5316455696202531,0.6486486486486487,0.7,0.8333333333333334,0.8421052631578947,0.927536231884058,0.8395061728395061,0.8656716417910447,0.5454545454545454,0.935064935064935,1.0,1.0,0.9074074074074074,0.9655172413793104,0.8679245283018868,1.0,0.825,0.8811188811188811,0.7445255474452555,0.9545454545454546,0.8780487804878049,0.9361702127659575,0.6896551724137931,0.8118811881188119,0.6666666666666666,0.8169014084507042,0.7021276595744681,0.9230769230769231,0.7130434782608696,0.8831168831168831,0.4915254237288136,0.9425287356321839,0.8571428571428571,0.8888888888888888,0.6835443037974683,0.8598130841121495,0.8131868131868132,0.5655526992287918,0.8735632183908046,0.779510022271715,0.5573770491803278,0.6021505376344086,0.7081174438687392,0.9050279329608939,0.7872340425531915,0.7238095238095238,0.72,1.0,0.8586762075134169,0.8399366085578447,0.7536231884057971,0.8627450980392157,0.6531531531531531,0.8205128205128205,0.5471698113207547,0.8689655172413793,0.4126984126984127,0.9387755102040817,0.4845814977973568,0.6131386861313869,0.8070175438596491,0.6666666666666666,0.875,0.7216494845360825,0.3806228373702422,0.6035665294924554,0.6656101426307448,0.0,0.0,0.0,0.0,0.0,0.0,0.0,0.0,0.0,0.0,0.0,0.0,0.0,0.0,0.0,0.0,1.0,1.0,1.0,1.0,1.0,0.9948717948717949
3248578, infB, A->C, missense,1.88676,9.999e-05,113,-1.0,0.2,113,0.9,0.27907,PASS,0.0,0.0,0.0,0.0,0.0,0.0,0.0,0.0,0.0,0.0,0.0,0.0,0.0,0.0,0.0,0.0,0.0,0.0,0.0,0.0,0.0,0.0,0.0,0.0,0.0,0.0,0.0,0.0,0.0,0.0,0.0,0.0,0.0,0.0,0.0,0.0,0.0,0.0,0.0,0.0,0.0,0.0,0.0,0.0,0.0,0.0,0.0,0.0,0.0,0.0,0.0,0.0,0.0,0.0,0.0,0.0,0.0,0.0,0.0,0.0,0.0,0.0,0.0,0.0,0.0,0.0,0.0,0.008849557522123894,0.0,0.0,0.0,0.0,0.0,0.0,0.0,0.0,0.03636363636363636,0.0,0.0,0.0,0.0,0.0,0.0,0.0,0.0,0.0,0.0,0.0,0.0,0.0,0.0,0.024691358024691357,0.0,0.0,0.0,0.02702702702702703,0.0963855421686747,0.23529411764705882,0.09523809523809523,0.10869565217391304,0.1728395061728395,0.24074074074074073,0.27848101265822783,0.24390243902439024,0.0425531914893617,0.1875,0.323943661971831,0.15625,0.34,0.16666666666666666,0.391304347826087,0.0625,0.16417910447761194,0.2903225806451613,0.0,0.0,0.0,0.0,0.0,0.0,0.0,0.0,0.0,0.0,0.0,0.0,0.0,0.0,0.0,0.0,0.0,0.0,0.0,0.0,0.0,0.0
3260653, hflB, T->A, missense,1.44619,9.999e-05,113,-1.0,0.666667,113,0.9,0.705882,PASS,0.0,0.0,0.0,0.0,0.0,0.0,0.0,0.0,0.0,0.0,0.0,0.0,0.0,0.0,0.0,0.0,0.0,0.0,0.0,0.0,0.0,0.0,0.0,0.0,0.0,0.0,0.0,0.0,0.0,0.0,0.0,0.0,0.0,0.0,0.0,0.0,0.0,0.0,0.0,0.0,0.0,0.0,0.0,0.0,0.0,0.0,0.0,0.0,0.0,0.0,0.0,0.0,0.0,0.0,0.0,0.0,0.0,0.0,0.0,0.0,0.0,0.0,0.0,0.0,0.0,0.0,0.0,0.0,0.0,0.0,0.047619047619047616,0.0,0.0,0.0,0.0,0.0,0.02127659574468085,0.0,0.0,0.0,0.0,0.0,0.0,0.015151515151515152,0.042105263157894736,0.19047619047619047,0.6333333333333333,0.7049180327868853,0.6091954022988506,0.7168141592920354,0.96875,0.780952380952381,0.6666666666666666,0.6,0.9636363636363636,0.7474747474747475,0.8372093023255814,0.4666666666666667,0.7692307692307693,0.37362637362637363,0.788235294117647,0.6116504854368932,0.708029197080292,0.45098039215686275,0.95,0.34545454545454546,0.6190476190476191,0.8,0.6875,0.6724137931034483,0.7258064516129032,0.44,0.5957446808510638,0.5168539325842697,0.0,0.0,0.0,0.0,0.0,0.0,0.0,0.0,0.0,0.0,0.0,0.0,0.0,0.0,0.0,0.0,0.0,0.0,0.0,0.0,0.9910313901345291,0.9583333333333334
3270281, nlp, junction_3270281_-1_IS150_start, sv,0.665993,9.999e-05,113,-1.0,0.857143,112,0.9,0.181818,PASS,0.0,0.0,0.0,0.0,0.0,0.0,0.0,0.0,0.0,0.0,0.0,0.0,0.0,0.0,0.0,0.0,0.0,0.0,0.0,0.0,0.0,0.0,0.0,0.0,0.0,0.0,0.0,0.0,0.0,0.0,0.0,0.0,0.0,0.0,0.0,0.0,0.0,0.0,0.0,0.0,0.0,0.3387096774193548,0.75,0.7619047619047619,0.64,0.5116279069767442,0.7636363636363637,0.5294117647058824,0.6086956521739131,0.6578947368421053,0.8095238095238095,0.7037037037037037,0.8095238095238095,0.8448275862068966,0.775,0.78125,0.85,0.92,0.9814814814814815,0.953125,0.9411764705882353,1.0,0.9772727272727273,0.8541666666666666,0.8518518518518519,0.7368421052631579,0.9625,0.8703703703703703,0.7857142857142857,0.5333333333333333,0.6938775510204082,0.7073170731707317,0.7547169811320755,0.627906976744186,0.8833333333333333,0.7377049180327869,0.9102564102564102,0.5773195876288659,0.9540229885057471,0.8771929824561403,0.8846153846153846,0.5737704918032787,0.8311688311688312,0.725,0.5666666666666667,0.8602150537634409,0.8813559322033898,0.6440677966101694,0.6962025316455697,0.7745098039215687,0.9298245614035088,0.7346938775510204,0.71875,0.625,0.9921259842519685,0.76,0.8850574712643678,0.6428571428571429,0.8166666666666667,0.39215686274509803,0.7261904761904762,0.5487804878048781,0.7676767676767676,0.8125,0.8085106382978723,0.38461538461538464,0.6626506024096386,0.84375,0.7192982456140351,0.7457627118644068,0.6216216216216216,0.42857142857142855,0.7115384615384616,0.6704545454545454,0.0,0.0,0.0,0.0,0.0,0.0,0.0,0.0,0.0,0.0,0.0,0.0,0.0,0.0,0.0,0.0,1.0,1.0,1.0,1.0,0.9980506822612085,1.0
3270443, intergenic, MOB_3270443_3270446_IS150_-1, sv,0.98995,9.999e-05,113,-1.0,0.4,110,0.9,0.857143,PASS,0.0,0.0,0.0,0.01618816,0.8199522727272727,0.7149856459330144,0.8490791245791246,1.0,0.9661061643835617,1.0,1.0,0.9741892617449665,1.0,1.0,1.0,1.0,1.0,1.0,1.0,1.0,1.0,1.0,1.0,1.0,1.0,1.0,1.0,1.0,1.0,1.0,1.0,1.0,1.0,1.0,1.0,1.0,1.0,1.0,1.0,1.0,1.0,1.0,1.0,1.0,1.0,1.0,1.0,1.0,1.0,1.0,1.0,1.0,1.0,1.0,1.0,1.0,1.0,1.0,1.0,1.0,1.0,1.0,1.0,1.0,1.0,1.0,1.0,1.0,1.0,1.0,1.0,1.0,1.0,1.0,1.0,1.0,1.0,1.0,1.0,1.0,1.0,1.0,1.0,1.0,1.0,1.0,1.0,1.0,1.0,1.0,1.0,1.0,1.0,1.0,1.0,1.0,1.0,1.0,1.0,1.0,1.0,1.0,1.0,1.0,1.0,1.0,1.0,1.0,1.0,1.0,1.0,1.0,1.0,1.0,0.0,0.0,0.0,0.0,0.0,0.0,0.0,0.0,1.0,1.0,1.0,1.0,1.0,1.0,1.0,1.0,1.0,1.0002642045454544,1.0,1.0,0.9976536312849161,1.0
3289780, gltB, T->G, noncoding,0.964682,9.999e-05,113,-1.0,0.307692,113,0.9,0.115385,PASS,0.0,0.0,0.0,0.0,0.0,0.0,0.0,0.0,0.0,0.0,0.0,0.0,0.0,0.0,0.0,0.0,0.0,0.0,0.0,0.0,0.0,0.0,0.0,0.0,0.0,0.0,0.0,0.0,0.0,0.0,0.0,0.0,0.0,0.0,0.0,0.0,0.0,0.0,0.0,0.0,0.0,0.019230769230769232,0.0,0.0,0.0,0.0,0.0,0.0,0.0,0.0,0.0,0.0,0.0,0.0,0.0,0.0,0.0,0.0,0.0,0.0,0.0,0.0,0.0,0.0,0.0,0.05217391304347826,0.011111111111111112,0.017543859649122806,0.0,0.018518518518518517,0.0410958904109589,0.16071428571428573,0.175,0.17582417582417584,0.08108108108108109,0.21333333333333335,0.04819277108433735,0.26,0.010752688172043012,0.05263157894736842,0.09836065573770492,0.30120481927710846,0.07526881720430108,0.22772277227722773,0.3333333333333333,0.13392857142857142,0.16883116883116883,0.4305555555555556,0.28865979381443296,0.2396694214876033,0.06060606060606061,0.15254237288135594,0.30927835051546393,0.2127659574468085,0.008130081300813009,0.2,0.08163265306122448,0.2549019607843137,0.08823529411764706,0.19230769230769232,0.1588785046728972,0.36363636363636365,0.3181818181818182,0.47058823529411764,0.018867924528301886,0.16666666666666666,0.20388349514563106,0.041237113402061855,0.23809523809523808,0.22916666666666666,0.39622641509433965,0.15789473684210525,0.16216216216216217,0.3924050632911392,0.0,0.0,0.0,0.0,0.0,0.0,0.0,0.0,0.0,0.0,0.0,0.0,0.0,0.0,0.0,0.0,0.0,0.0,0.0,0.0,0.0,0.0
3290294, gltB, junction_3290294_-1_3290420_1, sv,1.43509,9.999e-05,113,-1.0,0.315789,113,0.9,0.244898,PASS,0.0,0.0,0.0,0.0,0.0,0.0,0.0,0.0,0.0,0.0,0.0,0.0,0.0,0.0,0.0,0.0,0.0,0.0,0.0,0.0,0.0,0.0,0.0,0.0,0.0,0.0,0.0,0.0,0.0,0.0,0.0,0.0,0.0,0.0,0.0,0.0,0.0,0.0,0.0,0.0,0.0,0.0,0.0,0.0,0.0,0.0,0.0,0.0,0.0,0.0,0.0,0.0,0.0,0.0,0.0,0.0,0.0,0.0,0.0,0.0,0.0,0.0,0.0,0.0,0.0,0.0,0.0,0.0,0.0,0.0,0.0,0.0,0.0,0.0,0.0,0.0,0.017094017094017096,0.0,0.0,0.0,0.0,0.0,0.0,0.022058823529411766,0.034722222222222224,0.059322033898305086,0.16161616161616163,0.11940298507462686,0.2037037037037037,0.16666666666666666,0.02654867256637168,0.23853211009174313,0.19230769230769232,0.14,0.0,0.027522935779816515,0.1111111111111111,0.2037037037037037,0.06578947368421052,0.07936507936507936,0.057692307692307696,0.24,0.11827956989247312,0.23809523809523808,0.027777777777777776,0.0967741935483871,0.14,0.02830188679245283,0.2537313432835821,0.14285714285714285,0.15,0.05970149253731343,0.07079646017699115,0.1958762886597938,0.0,0.0,0.0,0.0,0.0,0.0,0.0,0.0,0.0,0.0,0.0,0.0,0.0,0.0,0.0,0.0,0.0,0.0,0.0,0.0,0.0,0.0
3312946, argR, G->A, missense,1.6954,9.999e-05,113,-1.0,0.173913,113,0.9,0.176471,PASS,0.0,0.0,0.06666666666666667,0.02857142857142857,0.0,0.0,0.0,0.0,0.0,0.0,0.0,0.0,0.0,0.0,0.0,0.0,0.0,0.0,0.0,0.0,0.0,0.0,0.0,0.0,0.0,0.0,0.0,0.0,0.0,0.011363636363636364,0.0,0.0,0.0,0.0,0.0,0.0,0.0,0.0,0.0,0.0,0.0,0.0,0.0,0.0,0.0,0.0,0.0,0.0,0.0,0.0,0.0,0.0,0.0,0.016666666666666666,0.019230769230769232,0.0,0.0,0.0,0.0,0.0,0.0,0.0,0.0,0.0,0.0,0.0,0.012658227848101266,0.0,0.0,0.0,0.046875,0.0,0.0,0.0,0.0,0.0,0.023529411764705882,0.0,0.0,0.018518518518518517,0.0,0.0,0.0,0.01,0.0,0.0,0.0,0.0,0.0,0.0,0.049019607843137254,0.3275862068965517,0.6708860759493671,0.5909090909090909,0.978494623655914,0.782608695652174,0.8348623853211009,0.5357142857142857,0.8548387096774194,0.6041666666666666,0.7032967032967034,0.5571428571428572,0.6976744186046512,0.5517241379310345,0.813953488372093,0.3684210526315789,0.6593406593406593,0.8714285714285714,0.5161290322580645,0.6666666666666666,0.7014925373134329,0.5932203389830508,0.7536231884057971,0.6,0.0,0.0,0.0,0.0,0.0,0.0,0.0,0.0,0.0,0.0,0.0,0.0,0.0,0.0,0.0,0.0,0.0,0.0,0.0,0.0,0.9910714285714286,0.9823008849557522
3313021, argR, T->C, missense,0.731516,0.00019998,113,-1.0,0.105263,113,0.9,0.352941,PASS,0.0,0.0,0.0,0.0,0.0,0.0,0.0,0.0,0.0,0.0,0.0,0.0,0.0,0.0,0.0,0.0,0.0,0.0,0.0,0.0,0.0,0.0,0.0,0.0,0.0,0.0,0.0,0.0,0.0,0.0,0.0,0.0,0.0,0.0,0.0,0.0,0.0,0.0,0.0,0.0,0.0,0.0,0.0,0.0,0.0,0.0,0.0,0.0,0.0,0.0,0.0196078431372549,0.0,0.015625,0.13432835820895522,0.0,0.029411764705882353,0.0851063829787234,0.015151515151515152,0.04054054054054054,0.06578947368421052,0.0847457627118644,0.047619047619047616,0.0,0.1276595744680851,0.07368421052631578,0.41333333333333333,0.028169014084507043,0.17272727272727273,0.0,0.14893617021276595,0.171875,0.10909090909090909,0.23333333333333334,0.1323529411764706,0.13333333333333333,0.22807017543859648,0.11267605633802817,0.35443037974683544,0.019417475728155338,0.07692307692307693,0.2413793103448276,0.25806451612903225,0.1875,0.2717391304347826,0.38613861386138615,0.06578947368421052,0.13793103448275862,0.2542372881355932,0.25,0.23636363636363636,0.08490566037735849,0.17757009345794392,0.32926829268292684,0.15789473684210525,0.0,0.13924050632911392,0.11926605504587157,0.3392857142857143,0.14285714285714285,0.1568627450980392,0.18181818181818182,0.4868421052631579,0.25688073394495414,0.38636363636363635,0.02,0.10526315789473684,0.2891566265060241,0.0379746835443038,0.3877551020408163,0.21052631578947367,0.42857142857142855,0.10204081632653061,0.11594202898550725,0.19672131147540983,0.0,0.0,0.0,0.0,0.0,0.0,0.0,0.0,0.0,0.0,0.0,0.0,0.0,0.0,0.0,0.0,0.0,0.0,0.0,0.0,0.004201680672268907,0.0
3328402, mreB, G->A, missense,0.987486,9.999e-05,113,-1.0,0.173913,112,0.9,0.214286,PASS,0.0,0.6481481481481481,0.9166666666666666,1.0,1.0,1.0,1.0,1.0,1.0,1.0,1.0,1.0,1.0,1.0,1.0,1.0,1.0,1.0,1.0,1.0,1.0,1.0,0.9833333333333333,1.0,1.0,1.0,1.0,1.0,1.0,1.0,1.0,1.0,1.0,1.0,1.0,1.0,1.0,1.0,1.0,1.0,1.0,1.0,1.0,1.0,1.0,1.0,1.0,1.0,1.0,1.0,1.0,1.0,1.0,1.0,1.0,1.0,1.0,1.0,1.0,1.0,1.0,1.0,1.0,0.9833333333333333,1.0,1.0,1.0,1.0,1.0,1.0,0.9866666666666667,1.0,1.0,0.987012987012987,1.0,1.0,1.0,1.0,1.0,1.0,1.0,1.0,1.0,1.0,1.0,1.0,1.0,1.0,1.0,1.0,1.0,1.0,1.0,1.0,1.0,1.0,1.0,1.0,1.0,1.0,1.0,1.0,1.0,0.9782608695652174,1.0,1.0,1.0,1.0,1.0,1.0,1.0,1.0,1.0,1.0,1.0,1.0,0.0,1.0,1.0,0.0,1.0,1.0,1.0,1.0,1.0,1.0,1.0,1.0,1.0,1.0,1.0,1.0,1.0,1.0,1.0,0.9885057471264368
3339113, yhdG, G->A, missense,0.992913,9.999e-05,113,-1.0,0.244898,112,0.9,0.428571,PASS,0.0,0.0,0.0,0.0,0.0,0.0,0.53125,0.625,1.0,1.0,1.0,1.0,1.0,1.0,1.0,1.0,1.0,1.0,0.967741935483871,1.0,1.0,1.0,1.0,1.0,1.0,1.0,1.0,1.0,1.0,1.0,1.0,1.0,1.0,1.0,1.0,1.0,1.0,1.0,1.0,1.0,1.0,1.0,1.0,1.0,1.0,1.0,1.0,1.0,1.0,1.0,1.0,1.0,1.0,1.0,1.0,1.0,1.0,1.0,1.0,1.0,1.0,1.0,1.0,1.0,1.0,1.0,1.0,1.0,1.0,1.0,1.0,1.0,1.0,1.0,1.0,1.0,1.0,1.0,0.9883720930232558,1.0,1.0,1.0,1.0,1.0,1.0,1.0,1.0,1.0,1.0,1.0,1.0,0.9888888888888889,1.0,1.0,1.0,1.0,1.0,1.0,1.0,1.0,1.0,1.0,1.0,1.0,0.9830508474576272,1.0,1.0,1.0,1.0,1.0,1.0,1.0,1.0,0.9818181818181818,0.0,0.0,0.0,0.0,0.0,0.0,0.0,0.0,1.0,1.0,1.0,1.0,1.0,1.0,1.0,1.0,1.0,1.0,1.0,1.0,1.0,0.9746835443037974
3344571, acrF, G->A, missense,0.723347,9.999e-05,113,-1.0,0.0697674,113,0.9,0.571429,PASS,0.0,0.0,0.0,0.0,0.0,0.0,0.0,0.0,0.0,0.0,0.0,0.0,0.0,0.0,0.0,0.0,0.0,0.0,0.0,0.0,0.0,0.0,0.0,0.0,0.0,0.0,0.0,0.0,0.0,0.0,0.0,0.0,0.0,0.0,0.0,0.0,0.0,0.0,0.0,0.0,0.0,0.0,0.0,0.0,0.0,0.0,0.0,0.0,0.0,0.0,0.10344827586206896,0.6326530612244898,0.7402597402597403,0.7446808510638298,0.8461538461538461,0.825,0.8695652173913043,0.9550561797752809,0.978494623655914,0.7808219178082192,0.9315068493150684,0.9387755102040817,0.9814814814814815,0.819672131147541,0.9320388349514563,0.7102803738317757,0.9560439560439561,0.8333333333333334,0.4482758620689655,0.09876543209876543,0.53125,0.6578947368421053,0.5567010309278351,0.4895833333333333,0.8314606741573034,0.6419753086419753,0.723404255319149,0.5113636363636364,0.9051094890510949,0.8823529411764706,0.7340425531914894,0.65625,0.8383838383838383,0.7983193277310925,0.5603448275862069,0.826530612244898,0.74,0.5730337078651685,0.5089285714285714,0.717948717948718,0.9487179487179487,0.75,0.6777777777777778,0.5849056603773585,0.9849624060150376,0.7851239669421488,0.8692307692307693,0.40625,0.8170731707317073,0.48314606741573035,0.7064220183486238,0.5116279069767442,0.7133333333333334,0.5333333333333333,0.8507462686567164,0.2727272727272727,0.6607142857142857,0.8958333333333334,0.5543478260869565,0.6190476190476191,0.6621621621621622,0.35714285714285715,0.7721518987341772,0.5189873417721519,0.0,0.0,0.0,0.0,0.0,0.0,0.0,0.0,0.0,0.0,0.0,0.0,0.0,0.0,0.0,0.0,1.0,1.0,1.0,0.987012987012987,0.9954545454545455,0.9893617021276596
3360261, smg, indel;-22, indel,3.01865,0.00309969,113,-1.0,0.324324,113,0.9,0.26087,PASS,0.0,0.0,0.0,0.0,0.0,0.0,0.0,0.0,0.0,0.0,0.0,0.0,0.0,0.0,0.0,0.0,0.0,0.0,0.0,0.0,0.0,0.0,0.0,0.0,0.0,0.0,0.0,0.0,0.0,0.0,0.0,0.0,0.0,0.0,0.0,0.0,0.0,0.0,0.0,0.0,0.0,0.0,0.0,0.0,0.0,0.0,0.0,0.0,0.0,0.0,0.0,0.0,0.0,0.0,0.0,0.0,0.0,0.0,0.0,0.0,0.0,0.0,0.0,0.0,0.0,0.0,0.0,0.0,0.0,0.0,0.0,0.0,0.0,0.0,0.0,0.0,0.0,0.0,0.0,0.0,0.0,0.0,0.0,0.0,0.0,0.0,0.0,0.0,0.0,0.0,0.0,0.0,0.0,0.0,0.0,0.0,0.0,0.0,0.0,0.0,0.0,0.0,0.0,0.0,0.0,0.0,0.0,0.0,0.0,0.0,0.1518987341772152,0.05847953216374269,0.08602150537634409,0.36363636363636365,0.0,0.0,0.0,0.0,0.0,0.0,0.0,0.0,0.0,0.0,0.0,0.0,0.0,0.0,0.0,0.0,0.0,0.0,0.0,0.0,0.0,0.0
3373799, rplF, A->G, missense,0.994847,9.999e-05,113,-1.0,0.151899,112,0.9,0.333333,PASS,0.0,0.0,0.0,0.0,0.0,0.0,0.0,0.07142857142857142,1.0,0.972972972972973,1.0,1.0,1.0,1.0,1.0,0.9574468085106383,1.0,1.0,1.0,1.0,1.0,1.0,1.0,1.0,1.0,1.0,1.0,1.0,1.0,1.0,1.0,1.0,1.0,1.0,1.0,1.0,1.0,1.0,1.0,1.0,1.0,1.0,1.0,1.0,1.0,1.0,1.0,1.0,0.9696969696969697,1.0,0.9868421052631579,1.0,0.9861111111111112,1.0,1.0,1.0,1.0,1.0,1.0,1.0,1.0,1.0,1.0,0.9649122807017544,1.0,1.0,1.0,1.0,1.0,1.0,1.0,1.0,1.0,1.0,1.0,1.0,1.0,1.0,0.990909090909091,1.0,1.0,1.0,1.0,1.0,1.0,1.0,1.0,1.0,1.0,1.0,0.9885714285714285,1.0,1.0,1.0,1.0,1.0,1.0,1.0,1.0,1.0,1.0,1.0,1.0,1.0,1.0,1.0,1.0,1.0,1.0,1.0,1.0,1.0,0.9911504424778761,1.0,0.0,0.0,0.0,0.0,0.0,0.0,0.0,0.0,1.0,0.9852941176470589,1.0,1.0,1.0,1.0,1.0,1.0,1.0,1.0,1.0,1.0,0.985981308411215,1.0
3374118, rpsH, C->A, missense,1.65871,0.00019998,113,-1.0,0.8,112,0.9,1.0,PASS,0.0,0.125,0.058823529411764705,0.037037037037037035,0.0,0.09090909090909091,0.07142857142857142,0.0,0.0,0.0,0.034482758620689655,0.0,0.0,0.0,0.0,0.05555555555555555,0.0,0.0,0.0,0.0,0.023255813953488372,0.02631578947368421,0.02702702702702703,0.05714285714285714,0.027777777777777776,0.0,0.06666666666666667,0.05128205128205128,0.0,0.03125,0.03125,0.0,0.0,0.020833333333333332,0.037037037037037035,0.017857142857142856,0.0,0.0,0.0,0.06666666666666667,0.03773584905660377,0.06818181818181818,0.06060606060606061,0.0,0.019230769230769232,0.0,0.043478260869565216,0.03225806451612903,0.0,0.0,0.0,0.0,0.0,0.022222222222222223,0.0,0.0,0.02564102564102564,0.020833333333333332,0.0,0.0,0.0,0.045454545454545456,0.03333333333333333,0.0,0.014705882352941176,0.08196721311475409,0.0,0.011904761904761904,0.07142857142857142,0.02631578947368421,0.09722222222222222,0.043478260869565216,0.02,0.0,0.02,0.03225806451612903,0.0,0.0379746835443038,0.012658227848101266,0.0,0.02702702702702703,0.037037037037037035,0.0,0.0,0.011764705882352941,0.025974025974025976,0.038461538461538464,0.02040816326530612,0.0,0.020618556701030927,0.0,0.013333333333333334,0.0,0.0,0.010869565217391304,0.034482758620689655,0.04819277108433735,0.0,0.02,0.03571428571428571,0.0,0.012987012987012988,0.023529411764705882,0.0,0.022222222222222223,0.0,0.01639344262295082,0.03225806451612903,0.0,0.09090909090909091,0.20833333333333334,0.2222222222222222,0.38666666666666666,0.4594594594594595,0.0,0.0,0.0,0.0,0.0,0.0,0.0,0.0,0.0,0.0,0.0,0.0,0.0,0.0,0.0,0.0,0.0,0.0,0.0,0.0,0.0,0.0
3377549, rpsC, T->G, missense,0.994695,9.999e-05,113,-1.0,0.5,112,0.9,0.118812,PASS,0.0,0.0,0.0,0.0,0.0,0.0,0.0,0.0,0.7096774193548387,1.0,1.0,1.0,1.0,1.0,1.0,1.0,1.0,1.0,1.0,1.0,1.0,1.0,1.0,1.0,1.0,1.0,1.0,1.0,1.0,1.0,1.0,1.0,1.0,1.0,1.0,1.0,1.0,1.0,1.0,1.0,1.0,1.0,1.0,1.0,1.0,1.0,1.0,1.0,1.0,1.0,1.0,1.0,1.0,1.0,1.0,1.0,1.0,1.0,1.0,1.0,1.0,1.0,1.0,1.0,1.0,0.98989898989899,1.0,1.0,1.0,0.987012987012987,0.987012987012987,1.0,1.0,1.0,1.0,1.0,1.0,0.9904761904761905,1.0,1.0,1.0,1.0,1.0,1.0,1.0,1.0,1.0,1.0,1.0,1.0,0.9745762711864406,1.0,0.9868421052631579,1.0,1.0,1.0,1.0,1.0,1.0,1.0,1.0,1.0,1.0,1.0,1.0,1.0,1.0,1.0,1.0,1.0,1.0,1.0,1.0,1.0,0.0,0.0,0.0,0.0,0.0,0.0,0.0,0.0,1.0,0.0,1.0,1.0,1.0,0.9824561403508771,1.0,1.0,1.0,1.0,1.0,1.0,0.9951219512195122,0.9907407407407407
3444175, dam, G->T, missense,1.2959,9.999e-05,113,-1.0,0.375,111,0.9,0.571429,PASS,0.0,0.0,0.0,0.0,0.0,0.0,0.0,0.0,0.0,0.0,0.0,0.0,0.0,0.0,0.0,0.0,0.0,0.0,0.0,0.0,0.027777777777777776,0.0,0.0,0.0,0.0,0.0,0.0,0.0,0.0,0.0,0.0,0.0,0.0,0.0,0.0,0.0,0.0,0.0,0.0,0.0,0.0,0.0,0.0,0.0,0.0,0.0,0.0,0.0,0.0,0.0,0.0,0.0,0.0,0.0,0.0,0.0,0.0,0.0,0.0,0.0,0.0,0.0,0.0,0.0,0.0,0.0,0.012658227848101266,0.0,0.0,0.0,0.01818181818181818,0.0,0.0,0.0,0.0,0.0,0.0,0.0,0.0,0.0,0.017857142857142856,0.0,0.013333333333333334,0.07142857142857142,0.1839080459770115,0.11842105263157894,0.16455696202531644,0.10638297872340426,0.32051282051282054,0.26666666666666666,0.08547008547008547,0.19387755102040816,0.2318840579710145,0.21428571428571427,0.0,0.22916666666666666,0.029411764705882353,0.25,0.3235294117647059,0.19298245614035087,0.1282051282051282,0.26436781609195403,0.24778761061946902,0.36666666666666664,0.10256410256410256,0.1836734693877551,0.23170731707317074,0.11827956989247312,0.375,0.2682926829268293,0.40425531914893614,0.08695652173913043,0.16853932584269662,0.4189189189189189,0.0,0.0,0.01818181818181818,0.0,0.0,0.0,0.0,0.0,0.0,0.01694915254237288,0.0,0.0,0.0,0.0,0.0,0.0,0.0,0.0,0.0,0.0,0.0,0.0
3464761, ompR, T->G, missense,0.982994,9.999e-05,113,-1.0,0.666667,112,0.9,0.857143,PASS,0.0,0.0,0.0,0.0,0.0,0.0,0.0,0.0,0.0,0.0,0.0,0.0,0.0,0.0,0.0,0.0,0.0,0.0,0.0,0.0,0.0,0.0,0.0,0.0,0.0,0.0,0.0,0.0,0.0,0.0,0.0,0.0,0.0,0.0,0.0,0.0,0.0,0.0,0.0,0.0,0.0,0.0,0.0,0.0,0.0,0.0,0.0,0.0,0.0,0.0,0.0,0.0,0.0,0.0,0.0,0.0,0.0,0.0,0.0,0.0,0.0,0.0,0.0,0.0,0.0,0.0,0.0,0.0,0.0,0.0,0.04477611940298507,0.275,0.14925373134328357,0.24324324324324326,0.05357142857142857,0.1276595744680851,0.011111111111111112,0.23376623376623376,0.02702702702702703,0.10256410256410256,0.1,0.3157894736842105,0.14516129032258066,0.22033898305084745,0.5454545454545454,0.03125,0.22580645161290322,0.3333333333333333,0.23076923076923078,0.390625,0.05,0.15254237288135594,0.43548387096774194,0.1951219512195122,0.0,0.14285714285714285,0.06944444444444445,0.25925925925925924,0.3148148148148148,0.175,0.16216216216216217,0.3235294117647059,0.2641509433962264,0.3448275862068966,0.05454545454545454,0.23076923076923078,0.24,0.031746031746031744,0.3617021276595745,0.375,0.14545454545454545,0.20833333333333334,0.14864864864864866,0.3283582089552239,0.0,0.0,0.0,0.0,0.0,0.0,0.0,0.0,0.0,0.0,0.0,0.0,0.0,0.0,0.0,0.0,0.0,0.0,0.0,0.0,0.0,0.0
3465338, ompR, A->T, noncoding,4.04012,0.015449,113,-1.0,0.5,112,0.9,0.171429,PASS,0.0,0.0,0.0,0.0,0.0,0.0,0.0,0.0,0.0,0.0,0.0,0.0,0.0,0.0,0.0,0.0196078431372549,0.06666666666666667,0.4090909090909091,0.017543859649122806,0.36363636363636365,0.1,0.019230769230769232,0.0,0.0,0.0,0.0,0.0,0.0,0.0,0.0,0.0,0.0,0.0,0.0,0.0,0.0,0.0,0.0,0.0,0.0,0.0,0.0,0.0,0.0,0.0,0.0,0.0,0.0,0.0,0.0,0.0,0.0,0.0,0.0,0.0,0.0,0.0,0.0,0.0,0.0,0.0,0.0,0.0,0.0,0.0,0.0,0.008695652173913044,0.0,0.0,0.0,0.0,0.0,0.0,0.0,0.0,0.0,0.0,0.0,0.0,0.0,0.0,0.0,0.0,0.0,0.0,0.0,0.0,0.0,0.0,0.0,0.0,0.0,0.0,0.0,0.0,0.0,0.0,0.0,0.0,0.0,0.0,0.0,0.0,0.0,0.0,0.0,0.0125,0.0,0.0,0.0,0.0,0.0,0.0,0.0,0.0,0.0,0.0,0.0,0.0,0.0,0.0,0.0,0.0,0.0,1.0,0.0,0.0,0.0,0.0,0.0,0.0,0.0,0.0,0.0,0.0,0.0
3475057, intergenic, C->T, noncoding,1.01457,9.999e-05,113,-1.0,0.666667,113,0.9,0.857143,PASS,0.0,0.0,0.1,0.0,0.08,0.18181818181818182,0.0,0.21428571428571427,0.0,0.0,0.0,0.0,0.0,0.0,0.1,0.08571428571428572,0.0,0.0,0.0,0.034482758620689655,0.023809523809523808,0.041666666666666664,0.038461538461538464,0.0,0.03508771929824561,0.0,0.02631578947368421,0.028985507246376812,0.050505050505050504,0.06542056074766354,0.043478260869565216,0.04878048780487805,0.06944444444444445,0.09433962264150944,0.03614457831325301,0.05063291139240506,0.015625,0.09523809523809523,0.0625,0.0,0.10294117647058823,0.09375,0.0,0.0625,0.05714285714285714,0.11864406779661017,0.04,0.0625,0.10416666666666667,0.08823529411764706,0.08888888888888889,0.0,0.0,0.05952380952380952,0.0625,0.11428571428571428,0.04477611940298507,0.08823529411764706,0.12987012987012986,0.09859154929577464,0.13114754098360656,0.11428571428571428,0.09859154929577464,0.0945945945945946,0.10344827586206896,0.09174311926605505,0.02247191011235955,0.06832298136645963,0.0,0.10204081632653061,0.102803738317757,0.0,0.1038961038961039,0.014925373134328358,0.08,0.05714285714285714,0.04040404040404041,0.009259259259259259,0.045454545454545456,0.07547169811320754,0.27692307692307694,0.3181818181818182,0.6699029126213593,0.7115384615384616,0.5259259259259259,0.75,0.7126436781609196,0.569620253164557,0.7142857142857143,0.6739130434782609,0.972027972027972,0.7904761904761904,0.7142857142857143,0.625,0.984375,0.8333333333333334,0.8470588235294118,0.6666666666666666,0.8709677419354839,0.4142857142857143,0.6402877697841727,0.5537190082644629,0.7870370370370371,0.6557377049180327,0.7887323943661971,0.3448275862068966,0.648936170212766,0.8648648648648649,0.7142857142857143,0.7346938775510204,0.7058823529411765,0.421875,0.62,0.6288659793814433,0.0,0.0,0.0,0.0,0.0,0.0,0.0,0.0,0.0,0.0,0.0,1.0,0.0,0.0,0.0,0.0,0.0,0.0,0.0,1.0,1.0,0.990990990990991
3482835, malT, T->A, missense,4.42074,0.00979902,113,-1.0,0.75,112,0.9,0.857143,PASS,0.0,0.0,0.0,0.0,0.0,0.0,0.0,0.0,0.0,0.0,0.0,0.0,0.0,0.0,0.0,0.0,0.0,0.3125,0.037037037037037035,0.2857142857142857,0.1111111111111111,0.0,0.0,0.0,0.0,0.0,0.0,0.0,0.0,0.0,0.0,0.0,0.0,0.0,0.0,0.0,0.0,0.0,0.0,0.0,0.0,0.0,0.0,0.0,0.0,0.0,0.0,0.0,0.0,0.0,0.0,0.0,0.0,0.0,0.0,0.0,0.0,0.0,0.0,0.0,0.0,0.0,0.0,0.0,0.0,0.0,0.0,0.0,0.0,0.0,0.0,0.0,0.0,0.0,0.0,0.0,0.0,0.0,0.0,0.0,0.0,0.0,0.0,0.0,0.0,0.0,0.0,0.0,0.0,0.0,0.0,0.0,0.0,0.0,0.0,0.0,0.0,0.0,0.0,0.0,0.0,0.0,0.0,0.0,0.0,0.0,0.0,0.0,0.0,0.0,0.0,0.0,0.0,0.0,0.0,0.0,0.0,0.0,0.0,0.0,0.0,0.014925373134328358,0.0,0.0,1.0,0.0,0.0,0.0,0.0,0.0,0.0,0.0,0.0,0.0,0.0,0.0
3484254, malT, C->T, missense,0.596204,9.999e-05,113,-1.0,0.3,112,0.9,0.08,PASS,0.0,0.0,0.0,0.027777777777777776,0.0,0.0,0.0,0.0,0.0,0.0,0.0,0.0,0.0,0.0,0.0,0.041666666666666664,0.47619047619047616,0.6111111111111112,0.9782608695652174,0.7083333333333334,0.7777777777777778,0.9807692307692307,0.6,0.6086956521739131,0.8125,0.8837209302325582,0.84375,0.8571428571428571,0.8809523809523809,0.711340206185567,0.7,0.5853658536585366,0.6404494382022472,0.36,0.8352941176470589,0.6265060240963856,0.9811320754716981,0.8235294117647058,0.3103448275862069,0.5416666666666666,0.5909090909090909,0.3333333333333333,0.9615384615384616,0.631578947368421,0.7444444444444445,0.6666666666666666,0.7209302325581395,0.5977011494252874,0.5405405405405406,0.6578947368421053,0.8095238095238095,0.875,0.8507462686567164,0.7123287671232876,0.9111111111111111,0.8918918918918919,0.9,0.9714285714285714,1.0,0.9041095890410958,0.9047619047619048,0.9473684210526315,0.9692307692307692,0.8387096774193549,0.9836065573770492,0.8172043010752689,0.9117647058823529,0.8833333333333333,0.9142857142857143,0.7777777777777778,0.7757009345794392,0.6285714285714286,0.6818181818181818,0.6447368421052632,0.9661016949152542,0.7752808988764045,0.8571428571428571,0.7142857142857143,0.9158878504672897,0.8354430379746836,0.8382352941176471,0.7407407407407407,0.8736842105263158,0.7894736842105263,0.46153846153846156,0.8771929824561403,0.7115384615384616,0.4107142857142857,0.704225352112676,0.7236842105263158,0.9461538461538461,0.7739130434782608,0.7213114754098361,0.7843137254901961,0.989247311827957,0.8181818181818182,0.9195402298850575,0.6896551724137931,0.9344262295081968,0.7605633802816901,0.8636363636363636,0.6206896551724138,0.7734375,0.7384615384615385,0.8285714285714286,0.8266666666666667,0.7045454545454546,0.8767123287671232,0.8225806451612904,0.7096774193548387,0.640625,0.859375,0.7333333333333333,0.6266666666666667,0.0,0.0,0.0,0.0,0.0,0.0,0.0,0.0,0.0,0.0,0.0,0.0,0.9868421052631579,0.9852941176470589,0.0,0.0,1.0,1.0,1.0,1.0,1.0,0.979381443298969
3488791, glpR, A->C, missense,0.772781,0.00019998,113,-1.0,0.20339,111,0.9,0.08,PASS,0.0,0.0,0.0,0.0,0.0,0.0,0.0,0.0,0.0,0.0,0.0,0.0,0.0,0.0,0.0,0.0,0.0,0.0,0.0,0.0,0.0,0.0,0.0,0.0,0.0,0.0,0.0,0.0,0.0,0.0,0.0,0.0,0.0,0.0,0.0,0.0,0.0,0.0,0.0,0.0,0.0,0.0,0.0,0.0,0.0,0.0,0.0,0.0,0.0,0.030303030303030304,0.0,0.16666666666666666,0.0,0.0,0.0,0.0,0.05555555555555555,0.0,0.03571428571428571,0.03773584905660377,0.08333333333333333,0.034482758620689655,0.0,0.25806451612903225,0.05194805194805195,0.2972972972972973,0.05454545454545454,0.14666666666666667,0.0,0.12195121951219512,0.24528301886792453,0.25,0.3076923076923077,0.4583333333333333,0.1282051282051282,0.3958333333333333,0.07142857142857142,0.30666666666666664,0.1095890410958904,0.25,0.20512820512820512,0.3103448275862069,0.05454545454545454,0.2222222222222222,0.40298507462686567,0.0784313725490196,0.3333333333333333,0.4473684210526316,0.20689655172413793,0.3492063492063492,0.04285714285714286,0.140625,0.23076923076923078,0.2727272727272727,0.0,0.19298245614035087,0.08620689655172414,0.3333333333333333,0.13157894736842105,0.23076923076923078,0.21428571428571427,0.41935483870967744,0.2711864406779661,0.11538461538461539,0.02127659574468085,0.125,0.2,0.08888888888888889,0.3157894736842105,0.3902439024390244,0.24324324324324326,0.17391304347826086,0.2222222222222222,0.3125,0.0,0.0,0.0,0.0,0.0,0.0,0.0,0.0,0.0,0.0,0.0,0.0,0.013513513513513514,0.0,0.0,0.0,0.0,0.0,0.0,0.0,0.0,0.0
3490064, glpG, G->A, noncoding,1.28001,9.999e-05,113,-1.0,0.444444,112,0.9,0.0805369,PASS,0.0,0.0,0.0,0.0,0.0,0.0,0.0,0.0,0.0,0.0,0.0,0.0,0.0,0.0,0.0,0.0,0.0,0.0,0.0,0.0,0.0,0.0,0.0,0.0,0.0,0.0,0.0,0.0,0.0,0.0,0.0,0.0,0.0,0.0,0.0,0.0,0.0,0.0,0.0,0.0,0.0,0.0,0.0,0.0,0.0,0.0,0.0,0.0,0.0,0.0,0.0,0.0,0.0,0.0,0.0,0.0,0.0,0.0,0.0,0.0,0.0,0.0,0.0,0.0,0.0,0.0,0.0,0.008130081300813009,0.0,0.0,0.03260869565217391,0.0,0.0,0.0,0.0,0.0,0.0,0.0,0.0,0.0,0.0,0.05,0.5555555555555556,0.6578947368421053,0.5108695652173914,0.8073394495412844,0.6867469879518072,0.6515151515151515,0.6847826086956522,0.7857142857142857,0.9266666666666666,0.7619047619047619,0.8395061728395061,0.6595744680851063,0.979381443298969,0.8245614035087719,0.8362068965517241,0.5813953488372093,0.8111111111111111,0.4,0.8229166666666666,0.5980392156862745,0.7711864406779662,0.47368421052631576,0.8840579710144928,0.3037974683544304,0.6847826086956522,0.9,0.4716981132075472,0.6666666666666666,0.7027027027027027,0.5081967213114754,0.7164179104477612,0.5444444444444444,0.0,0.0,0.0,0.0,0.0,0.0,0.0,0.0,0.0,0.0,0.0,0.0,0.0,0.0,0.0,0.0,0.0,0.0,0.0,0.012195121951219513,0.9906976744186047,1.0
3542568, yhhT, MOB_3542568_3542569_IS150_1, sv,0.638734,9.999e-05,113,-1.0,0.521739,112,0.9,0.324324,PASS,0.0,0.0,0.0,0.0,0.0,0.0,0.0,0.0,0.0,0.0,0.0,0.02702702702702703,0.0,0.0,0.0,0.05357142857142857,0.7692307692307693,0.8478260869565217,1.0,0.6226415094339622,0.8611111111111112,0.9787234042553191,0.6986301369863014,0.620253164556962,0.7478991596638656,0.8604651162790697,0.8360655737704918,0.8347107438016529,0.8707865168539326,0.7431693989071039,0.8795180722891566,0.5824175824175825,0.6482758620689655,0.5061728395061729,0.9130434782608695,0.8160919540229885,0.927536231884058,0.8928571428571429,0.5333333333333333,0.5416666666666666,0.6461538461538462,0.4642857142857143,0.9801980198019802,0.65,0.7485714285714286,0.7,0.7969924812030075,0.5943396226415094,0.5178571428571429,0.6226415094339622,0.7555555555555555,0.7142857142857143,0.926605504587156,0.7984496124031008,0.8604651162790697,0.8360655737704918,0.9368421052631579,0.9349593495934959,1.0,0.9173553719008265,1.0,0.8636363636363636,1.0,0.8823529411764706,0.9399141630901288,0.7452830188679245,0.9627329192546584,0.8801498127340824,0.9692307692307692,0.7666666666666667,0.8321678321678322,0.7606837606837606,0.8790322580645161,0.6363636363636364,0.8901098901098901,0.7536231884057971,0.9358974358974359,0.6443514644351465,0.9783783783783784,0.9017857142857143,0.9030303030303031,0.6183206106870229,0.9166666666666666,0.75,0.4491525423728814,0.9217877094972067,0.8111888111888111,0.7457627118644068,0.7837837837837838,0.7729257641921398,0.943089430894309,0.8348214285714286,0.7266666666666667,0.8378378378378378,1.0,0.8404255319148937,0.9024390243902439,0.7261904761904762,0.859375,0.8269230769230769,0.7978723404255319,0.7175925925925926,0.8432203389830508,0.7910447761194029,0.8870967741935484,0.9065420560747663,0.734375,0.9234972677595629,0.7227722772277227,0.8787878787878788,0.7709923664122137,0.7636363636363637,0.73125,0.6623376623376623,0.0,0.0,0.0,0.0,0.0,0.0,0.0,0.0,0.0,0.0,0.0,0.0,1.0,1.0,0.0,0.0,1.0,1.0,0.972972972972973,1.0,0.9980787704130644,1.0
3651089, hokA, T->A, noncoding,1.5686,0.00119988,113,-1.0,0.0666667,112,0.9,0.3,PASS,0.0,0.0,0.0,0.0,0.0,0.08771929824561403,0.0,0.0,0.06666666666666667,0.038461538461538464,0.0,0.08333333333333333,0.0,0.05263157894736842,0.09090909090909091,0.11290322580645161,0.19444444444444445,0.0,0.06172839506172839,0.0,0.05660377358490566,0.0,0.026785714285714284,0.0,0.10588235294117647,0.0,0.0,0.046511627906976744,0.0,0.019867549668874173,0.102803738317757,0.031746031746031744,0.0,0.14130434782608695,0.08,0.104,0.047244094488188976,0.09090909090909091,0.0,0.0,0.0,0.024691358024691357,0.0,0.0,0.0,0.0,0.0,0.0,0.0,0.0,0.0,0.0,0.0,0.0,0.013333333333333334,0.0,0.0,0.0,0.0,0.0,0.0,0.0,0.0,0.0,0.0,0.0,0.0,0.0,0.0,0.10091743119266056,0.0,0.0,0.0,0.0,0.0,0.0,0.0,0.0,0.0,0.0,0.0,0.0,0.0,0.006024096385542169,0.0,0.0,0.0,0.0,0.0,0.006578947368421052,0.0,0.0,0.0,0.0,0.0,0.0,0.006060606060606061,0.0,0.0,0.0,0.0,0.0,0.00684931506849315,0.0,0.0,0.0,0.0,0.0,0.0,0.0,0.0,0.0,0.0,0.0,0.0,0.0,0.0,0.0,0.0,0.0,0.0,0.0,0.0,0.0,0.0,0.0,0.0,0.0,0.0,0.0,0.0,0.0,0.0,0.0,0.0,0.0
3651090, hokA, A->C, noncoding,1.58829,0.00049995,113,-1.0,0.130435,112,0.9,0.461538,PASS,0.0,0.0,0.0,0.0,0.0,0.08620689655172414,0.0,0.0,0.06666666666666667,0.038461538461538464,0.0,0.08333333333333333,0.0,0.05263157894736842,0.09090909090909091,0.11290322580645161,0.19444444444444445,0.0,0.06172839506172839,0.0,0.05660377358490566,0.0,0.026785714285714284,0.0,0.10588235294117647,0.0,0.0,0.046511627906976744,0.0,0.019867549668874173,0.102803738317757,0.031746031746031744,0.0,0.13978494623655913,0.07960199004975124,0.104,0.047244094488188976,0.09090909090909091,0.0,0.0,0.0,0.023529411764705882,0.0,0.0,0.0,0.0,0.0,0.0,0.0,0.0,0.0,0.0,0.0,0.0,0.0,0.0,0.0,0.0,0.0,0.0,0.0,0.0196078431372549,0.0,0.0,0.0,0.0,0.0,0.0,0.0,0.10091743119266056,0.0,0.0,0.0,0.0,0.0,0.0,0.0,0.0,0.0,0.0,0.0,0.0,0.0,0.0,0.0,0.0,0.0,0.0,0.0,0.006622516556291391,0.0,0.0,0.009259259259259259,0.0,0.0,0.0,0.0,0.0,0.0,0.0,0.0,0.0,0.0,0.0,0.0,0.0,0.0,0.0,0.0,0.0,0.0,0.0,0.0,0.0,0.041666666666666664,0.0,0.0,0.0,0.0,0.0,0.0,0.0,0.0,0.0,0.0,0.0,0.0,0.0,0.0,0.0,0.0,0.0,0.0,0.0,0.0,0.0
3686430, yiaT, MOB_3686430_3692768_IS1_1, sv,3.10259,0.00029997,113,-1.0,0.857143,107,0.9,0.545455,PASS,0.0,0.0,0.0,0.0,0.0,0.0,0.0,0.0,0.0,0.0,0.0,0.0,0.0,0.0,0.0,0.0,0.0,0.0,0.0,0.0,0.0,0.0,0.0,0.0,0.0,0.0,0.038461538461538464,0.0,0.03389830508474576,0.055944055944055944,0.38461538461538464,0.6964285714285714,0.7233201581027668,0.5454545454545454,0.04807692307692308,0.09183673469387756,0.02857142857142857,0.0,0.05405405405405406,0.0,0.0,0.0,0.0,0.041666666666666664,0.0,0.0,0.0,0.0,0.0,0.0,0.0,0.0,0.0,0.0,0.0,0.0,0.0,0.0,0.0,0.0,0.0,0.0,0.0,0.0,0.0,0.0,0.0,0.0,0.0,0.0,0.0,0.0,0.0,0.0,0.0,0.0,0.0,0.0,0.0,0.0,0.0,0.0,0.0,0.0,0.0,0.0,0.0,0.0,0.0,0.0,0.0,0.0,0.0,0.0,0.0,0.0,0.0,0.0,0.015625,0.0,0.0,0.0,0.0,0.0,0.0,0.021739130434782608,0.0,0.0,0.0,0.0,0.0,0.0,0.0,0.0,0.0,0.0,0.0,0.0,0.0,0.0,0.0,0.0,0.0,0.0,0.0,0.0,0.0,0.0,0.0,0.0,0.0,0.0,0.014492753623188406,0.0,0.0,0.0
3706724, intergenic, indel;-1;-2, indel,3.35377,0.0009999,113,-1.0,0.5,112,0.9,0.133333,PASS,0.0,0.0,0.0,0.0,0.0,0.0,0.0,0.0,0.0,0.0,0.0,0.0,0.0,0.0,0.0,0.0,0.0,0.0,0.0,0.0,0.0,0.0,0.0,0.0,0.0,0.0,0.0,0.0,0.0,0.0,0.0,0.0,0.0,0.0,0.0,0.0,0.0,0.0,0.0,0.0,0.0,0.0,0.0,0.0,0.009433962264150943,0.0,0.06862745098039216,0.06896551724137931,0.1,0.0,0.0,0.0,0.0,0.05970149253731343,0.08,0.1111111111111111,0.02857142857142857,0.0,0.0,0.0,0.0,0.0,0.0,0.0,0.0,0.0,0.0,0.0,0.0,0.0,0.0,0.0,0.0,0.0,0.0,0.0,0.0,0.0,0.0,0.0,0.0,0.0,0.0,0.0,0.0,0.0,0.0,0.0,0.0,0.0,0.0,0.0,0.0,0.0,0.0,0.0,0.0,0.0,0.0,0.0,0.0,0.0,0.015151515151515152,0.0,0.0,0.0,0.0,0.010869565217391304,0.0,0.0,0.0,0.0,0.0,0.0,0.0,0.0,0.0,0.0,0.0,0.0,0.0,0.0,0.0,0.0,0.0,0.0,0.0,0.0,0.0,0.0,0.0,0.0,0.0,0.0,0.0,0.0
3727546, yibO, T->G, synonymous,5.11761,9.999e-05,113,-1.0,0.705882,113,0.9,0.705882,PASS,0.0,0.0,0.0,0.0,0.0,0.0,0.0,0.0,0.0,0.0,0.0,0.0,0.0,0.0,0.0,0.0,0.0,0.0,0.0,0.0,0.0,0.0,0.012987012987012988,0.0,0.0,0.0,0.0,0.0,0.0,0.0,0.0,0.0,0.0,0.0,0.0,0.0,0.0,0.13043478260869565,0.6666666666666666,0.43333333333333335,0.17543859649122806,0.14893617021276595,0.024390243902439025,0.0,0.011904761904761904,0.0,0.0,0.0,0.0,0.0,0.0,0.0,0.0,0.0,0.0,0.0,0.0,0.0,0.0,0.0,0.0,0.0,0.0,0.0,0.011111111111111112,0.0,0.0,0.0,0.0,0.013513513513513514,0.0,0.0,0.0,0.0,0.0,0.0,0.0,0.0,0.0,0.0,0.0,0.0,0.0,0.0,0.0,0.0,0.0,0.0,0.0,0.0,0.0,0.0,0.0,0.0,0.0,0.0,0.0,0.0,0.0,0.0,0.0,0.0,0.0,0.0,0.0,0.0,0.0,0.0,0.0,0.0,0.0,0.0,0.0,0.0,0.0,0.0,0.0,0.0,0.0,0.0,0.0,0.0,0.0,0.0,0.0,0.0,0.0,0.0,1.0,1.0,0.0,0.0,0.0,0.0,0.0,0.0
3727797, yibP, T->C, missense,3.00247,9.999e-05,113,-1.0,0.461538,111,0.9,0.413793,PASS,0.0,0.0,0.0,0.0,0.0,0.0,0.0,0.0,0.0,0.0,0.0,0.0,0.0,0.0,0.0,0.0,0.0,0.0,0.0,0.0,0.0,0.0,0.0,0.0,0.0,0.7058823529411765,0.5882352941176471,0.14634146341463414,0.39705882352941174,0.3620689655172414,0.34782608695652173,0.4482758620689655,0.4166666666666667,0.13043478260869565,0.10204081632653061,0.01818181818181818,0.0625,0.0,0.0,0.0,0.0,0.0,0.0,0.0,0.0,0.0,0.0,0.029411764705882353,0.0,0.0,0.0,0.0,0.0,0.0,0.0,0.0,0.0,0.0,0.0,0.0,0.0,0.0,0.0,0.0,0.0,0.0,0.0,0.0,0.0,0.0,0.01694915254237288,0.0,0.0,0.0,0.0,0.0,0.0,0.0,0.0,0.0,0.0,0.0,0.0,0.0,0.0,0.0,0.0,0.0,0.0,0.0,0.011111111111111112,0.0,0.0,0.0,0.0,0.0,0.0,0.0,0.0,0.0,0.0,0.0,0.0,0.0,0.0,0.0,0.0,0.0,0.0,0.0,0.0,0.0,0.0,0.0,0.0,0.0,0.0,0.0,0.0,0.0,0.0,0.0,0.0,0.0,0.0,0.0,0.0,1.0,0.0,0.0,0.022222222222222223,0.0,0.0,0.0,0.0,0.0
3728700, yibP, A->G, missense,4.78656,0.0009999,113,-1.0,1.0,111,0.9,0.857143,PASS,0.0,0.0,0.0,0.0,0.0,0.0,0.0,0.0,0.0,0.0,0.0,0.0,0.0,0.0,0.0,0.0,0.0,0.0,0.0,0.0,0.0,0.0,0.12244897959183673,0.08,0.08888888888888889,0.0,0.0,0.0,0.0,0.0,0.0,0.0,0.0,0.0,0.0,0.0,0.0,0.0,0.0,0.0,0.0,0.0,0.0,0.0,0.0,0.0,0.0,0.0,0.0,0.0,0.0,0.0,0.0,0.0,0.0,0.0,0.0,0.0,0.0,0.0,0.0,0.0,0.0,0.0,0.0,0.0,0.0,0.0,0.0,0.0,0.0,0.0,0.0,0.0,0.0,0.0,0.0,0.0,0.0,0.0,0.0,0.0,0.0,0.0,0.0,0.0,0.0,0.0,0.0,0.0,0.0,0.0,0.0,0.0,0.0,0.0,0.0,0.0,0.0,0.0,0.0,0.0,0.0,0.0,0.0,0.0,0.0,0.0,0.0,0.0,0.0,0.0,0.0,0.0,0.0,0.0,0.0,0.0,0.0,0.0,0.0,0.0,0.0,0.0,0.0,0.0,0.0,0.0,0.0,0.0,0.0,0.0,0.0,0.0,0.0,0.0
3750611, radC, junction_3750611_1_IS150_end, sv,4.31897,0.00039996,113,-1.0,0.10084,113,0.9,0.244898,PASS,0.0,0.0,0.0,0.0,0.0,0.0,0.0,0.0,0.0,0.0,0.040004377510040164,0.0,0.0,0.0,0.0,0.0,0.0,0.0,0.0,0.0,0.0,0.0,0.0,0.0,0.0,0.0,0.0,0.0,0.0,0.0,0.0,0.0,0.0,0.0,0.0,0.0,0.0,0.0,0.0,0.0,0.0,0.0,0.0,0.0,0.0,0.0,0.032970419426048565,0.08328494623655915,0.12485360501567398,0.04546438356164384,0.0,0.0,0.0,0.0,0.0,0.0,0.0,0.0,0.0,0.0,0.0,0.0,0.0,0.0,0.0,0.0,0.0,0.0,0.0,0.0,0.01563120879120879,0.0,0.0,0.0,0.0,0.0,0.0,0.0,0.0,0.0,0.0,0.0,0.0,0.0,0.0,0.0,0.0,0.0,0.0,0.009999508032128514,0.0,0.0,0.0,0.0,0.0,0.0,0.0,0.0,0.0,0.0,0.0,0.0,0.0,0.0,0.0,0.0,0.0,0.0,0.0,0.0,0.0,0.0,0.0,0.0,0.0,0.0,0.0,0.0,0.0,0.0,0.0,0.0,0.0,0.0,0.0,0.0,0.0,0.0,0.0,0.0,0.0,0.0,0.0,0.0,0.0,0.0
3762080, spoT, A->G, missense,2.79037,0.00979902,113,-1.0,0.923077,111,0.9,0.571429,PASS,0.0,0.0,0.0,0.0,0.0,0.0,0.0625,0.0,0.0,0.0,0.0,0.0,0.0,0.0,0.0,0.0,0.0,0.0,0.0,0.0,0.0,0.0,0.0,0.0,0.0,0.0,0.0,0.0,0.0,0.0,0.0,0.0,0.0,0.0,0.0,0.0,0.0,0.0,0.0,0.0,0.0,0.0,0.0,0.0,0.0,0.0,0.0,0.0,0.0,0.0,0.0,0.0,0.0,0.0,0.0,0.0,0.0,0.0,0.0,0.0,0.0,0.0,0.0,0.0,0.0,0.0,0.0,0.0,0.0,0.0,0.0,0.0,0.0,0.0,0.0,0.0,0.0,0.0,0.0,0.0,0.0,0.0,0.0,0.0,0.0,0.0,0.0,0.0,0.0,0.0,0.0,0.0,0.0,0.0,0.0,0.0,0.0,0.0,0.0,0.0,0.0,0.016129032258064516,0.2033898305084746,0.23809523809523808,0.07692307692307693,0.0,0.02127659574468085,0.0,0.022727272727272728,0.1,0.07142857142857142,0.03571428571428571,0.4186046511627907,0.37777777777777777,0.0,0.0,0.0,0.0,0.0,0.0,0.0,0.0,0.0,0.0,0.0,0.0,0.0,0.0,0.0,0.0,0.0,0.0,0.03125,0.0,0.0,0.0
3872959, glmS, C->A, missense,1.14494,9.999e-05,113,-1.0,0.235294,113,0.9,0.387097,PASS,0.0,0.0,0.0,0.0,0.0,0.0,0.0,0.0,0.0,0.0,0.0,0.0,0.0,0.0,0.0,0.0,0.0,0.0,0.0,0.0,0.0,0.0,0.0,0.0,0.0,0.0,0.0,0.0,0.0,0.0,0.0,0.0,0.0,0.0,0.0,0.0,0.0,0.0,0.0,0.0,0.0,0.0,0.0,0.0,0.0,0.0,0.0,0.0,0.0,0.0,0.0,0.0,0.0,0.0,0.0,0.0,0.0,0.0,0.0,0.0,0.0,0.0,0.0,0.0,0.0,0.0,0.0,0.0,0.0,0.0,0.024691358024691357,0.0,0.0,0.0,0.06741573033707865,0.6052631578947368,0.782608695652174,0.6,0.9553571428571429,0.8571428571428571,0.8305084745762712,0.6455696202531646,0.9036144578313253,0.7333333333333333,0.67,0.8202247191011236,0.7857142857142857,0.6268656716417911,0.746268656716418,0.7375,0.9444444444444444,0.7916666666666666,0.6964285714285714,0.6363636363636364,0.9818181818181818,0.7040816326530612,0.7840909090909091,0.6037735849056604,0.8421052631578947,0.2545454545454545,0.6931818181818182,0.5591397849462365,0.7614678899082569,0.46808510638297873,0.859375,0.5454545454545454,0.5483870967741935,0.9090909090909091,0.6470588235294118,0.6904761904761905,0.578125,0.4177215189873418,0.5368421052631579,0.5128205128205128,0.0,0.0,0.0,0.0,0.0,0.0,0.0,0.0,0.0,0.011235955056179775,0.0,0.0,0.0,0.0,0.0,0.0,0.0,0.0,1.0,1.0,0.9953051643192489,0.9879518072289156
3886106, intergenic, A->C, noncoding,1.10427,9.999e-05,113,-1.0,0.8,112,0.9,1.0,PASS,0.0,0.0,0.0,0.018518518518518517,0.0,0.0,0.0,0.0,0.0,0.0,0.0,0.0,0.0,0.0,0.0,0.0,0.0,0.0,0.0,0.0,0.0,0.023809523809523808,0.0,0.0,0.0,0.0,0.01818181818181818,0.0,0.0,0.0,0.0,0.0,0.0,0.0,0.010638297872340425,0.0,0.0,0.0,0.0,0.0,0.0,0.0,0.0,0.0,0.0,0.0,0.0,0.0,0.027777777777777776,0.0,0.0,0.0,0.0,0.0,0.0,0.0,0.0,0.0,0.0,0.0,0.0,0.0,0.0,0.0,0.0,0.0,0.0,0.00684931506849315,0.0,0.0,0.0,0.0,0.0,0.0,0.0,0.08333333333333333,0.0,0.20300751879699247,0.04827586206896552,0.10465116279069768,0.15492957746478872,0.32941176470588235,0.10975609756097561,0.20588235294117646,0.38738738738738737,0.12096774193548387,0.1232876712328767,0.45348837209302323,0.26119402985074625,0.27927927927927926,0.10240963855421686,0.2204724409448819,0.3707865168539326,0.21212121212121213,0.006493506493506494,0.15503875968992248,0.13274336283185842,0.1956521739130435,0.12307692307692308,0.2830188679245283,0.22962962962962963,0.3629032258064516,0.2018348623853211,0.3387096774193548,0.05555555555555555,0.1,0.26666666666666666,0.11333333333333333,0.2545454545454545,0.45,0.3875,0.16666666666666666,0.17763157894736842,0.3333333333333333,0.0,0.0,0.0,0.0,0.0,0.0,0.0,0.0,0.0,0.0,0.0,0.0,0.0,0.0,0.0,0.0,0.0,0.0,0.0,0.0,0.0,0.0
3893550, intergenic, indel;+G;+GG, indel,0.92411,0.00079992,113,-1.0,0.333333,113,0.9,0.444444,PASS,0.0,0.0,0.0,0.0,0.0,0.02702702702702703,0.0625,0.0625,0.0,0.08823529411764706,0.0,0.029411764705882353,0.0,0.0,0.0,0.0,0.0,0.02857142857142857,0.0,0.06060606060606061,0.02,0.0,0.03125,0.09523809523809523,0.1044776119402985,0.0,0.06382978723404255,0.03773584905660377,0.0,0.01098901098901099,0.0,0.04081632653061224,0.13432835820895522,0.175,0.18292682926829268,0.06451612903225806,0.07936507936507936,0.030303030303030304,0.029411764705882353,0.03125,0.0,0.0,0.0,0.05555555555555555,0.022727272727272728,0.01818181818181818,0.0,0.0,0.0,0.05,0.02040816326530612,0.0,0.0,0.033707865168539325,0.06,0.0,0.014925373134328358,0.015151515151515152,0.015151515151515152,0.018518518518518517,0.0,0.0,0.03278688524590164,0.0,0.05309734513274336,0.024,0.011627906976744186,0.025423728813559324,0.0,0.0,0.02127659574468085,0.0,0.02702702702702703,0.011904761904761904,0.0,0.0,0.009615384615384616,0.0,0.05319148936170213,0.014492753623188406,0.04,0.0,0.010101010101010102,0.0,0.0,0.0125,0.0,0.0,0.025974025974025976,0.009523809523809525,0.0,0.00847457627118644,0.0379746835443038,0.06,0.031746031746031744,0.04,0.00980392156862745,0.0,0.0,0.029411764705882353,0.0425531914893617,0.028846153846153848,0.059322033898305086,0.02127659574468085,0.05084745762711865,0.0196078431372549,0.045112781954887216,0.06172839506172839,0.0,0.02564102564102564,0.030303030303030304,0.0,0.010416666666666666,0.011494252873563218,0.0,0.0,0.0,0.0,0.0,0.0,0.0,0.0,0.0,0.0,0.0,0.0,0.0,0.0,0.0,0.0,0.0,0.0,0.0,0.0,0.0,0.0
3895280, rbsD, junction_3895280_1_IS150_end, sv,0.998124,9.999e-05,113,-1.0,0.571429,4,1.91618,1.0,PASS,0.063925,0.4987015,1.0,1.0,1.0,1.0,1.0,1.0,1.0,1.0,1.0,1.0,1.0,1.0,1.0,1.0,1.0,1.0,1.0,1.0,1.0,1.0,1.0,1.0,1.0,1.0,1.0,1.0,1.0,1.0,1.0,1.0,1.0,1.0,1.0,1.0,1.0,1.0,1.0,0.9989240121580548,1.0,1.0007279411764707,1.0,1.0,1.0,1.0,1.0,1.0,1.0,1.0,1.0,1.0,1.0,1.0,1.0,1.0,1.0,1.0,1.0,1.0,1.0,1.0,1.0,1.0,1.0,1.0,1.0,1.0,1.0,1.0,1.0001639839034204,0.9995933609958505,1.0,1.0,1.0,1.0,1.0,1.0004123711340207,1.0,1.0,1.0,1.0,1.0,1.0,1.0,1.0,1.0,1.0,1.0,1.0,1.0,1.0,1.0002080706179068,1.0,1.0,1.0,1.0,1.0,1.0,1.0,1.0,0.9998747433264886,1.0,1.0,1.0,1.0,1.0,1.0,1.0,1.0,1.0,1.0,1.0003703703703704,1.0005436681222708,0.0,0.0,,,,0.0,,,1.0,1.0,1.0,1.0,1.0,1.0,1.0,1.0,1.0,1.0,1.0,1.0,1.0,1.0
3900108, rbsR, junction_3900108_1_IS150_end, sv,5.44875,9.999e-05,113,-1.0,1.0,111,0.9,1.0,PASS,0.0,0.4473684210526316,0.5714285714285714,0.8611111111111112,0.0,0.027777777777777776,0.0,0.0,0.0,0.0,0.0,0.0,0.0,0.0,0.0,0.0,0.0,0.0,0.0,0.0,0.0,0.0,0.0,0.0,0.0,0.0,0.0,0.0,0.0,0.0,0.0,0.0,0.0,0.0,0.0,0.0,0.0,0.0,0.0,0.0,0.0,0.0,0.0,0.0,0.0,0.0,0.0,0.0,0.0,0.0,0.0,0.0,0.0,0.0,0.0,0.0,0.0,0.0,0.0,0.0,0.0,0.0,0.0,0.0,0.0,0.0,0.0,0.0,0.0,0.0,0.0,0.0,0.0,0.0,0.0,0.0,0.0,0.0,0.0,0.0,0.0,0.0,0.0,0.0,0.0,0.0,0.0,0.0,0.0,0.0,0.0,0.0,0.0,0.0,0.0,0.0,0.0,0.0,0.0,0.0,0.0,0.0,0.0,0.0,0.0,0.0,0.0,0.0,0.0,0.0,0.0,0.0,0.0,0.0,0.0,0.0,0.0,0.0,1.0,0.0,1.0,1.0,0.0,0.0,0.0,0.0,0.0,0.0,0.0,0.0,0.0,0.0,0.0,0.0,0.0,0.0
3900158, rbsR, junction_3900158_1_IS150_end, sv,2.18375,9.999e-05,113,-1.0,1.0,4,0.95212,1.0,PASS,0.0,0.0,0.0,0.0,0.0,0.0,0.0,0.0,0.0,0.0,0.0,0.0,0.0,0.0,0.0,0.0,0.0,0.0,0.0,0.0,0.0,0.0,0.0,0.0,0.0,0.0,0.0,0.0,0.0,0.0,0.0,0.0,0.0,0.0,0.0,0.0,0.06976744186046512,0.24,0.2608695652173913,0.23529411764705882,0.5185185185185185,0.0,0.1509433962264151,0.0,0.0,0.0,0.0,0.0,0.0,0.0,0.0,0.0,0.0,0.0,0.0,0.0,0.0,0.0,0.0,0.0,0.0,0.0,0.0,0.0,0.0,0.0,0.0,0.0,0.058823529411764705,0.1,0.08,0.05,0.0,0.07407407407407407,0.0,0.0425531914893617,0.0136986301369863,0.0,0.0,0.0,0.0,0.03508771929824561,0.030303030303030304,0.0,0.012658227848101266,0.0,0.0,0.022222222222222223,0.0,0.0,0.0,0.0,0.0,0.0,0.0,0.0,0.01,0.0392156862745098,0.0,0.0,0.013513513513513514,0.0,0.0,0.0,0.0,0.0,0.013513513513513514,0.0,0.045454545454545456,0.0,0.023809523809523808,0.025,0.010309278350515464,0.010526315789473684,0.0,0.0,0.0,0.0,0.0,0.0,0.0,0.0,0.0,0.0,0.0,0.0,0.0,0.0,0.0,0.0,0.0,0.0,0.0,0.0,0.0,0.024096385542168676
3911965, intergenic, indel;C;-1;T;G;+T, indel,1.22549,9.999e-05,113,-1.0,0.923077,109,0.9,1.0,PASS,0.0,0.0,0.0,0.0,0.0,0.0,0.0,0.0,0.0,0.0,0.0,0.0,0.0,0.0,0.0,0.0,0.0,0.0,0.030303030303030304,0.0,0.0,0.0,0.0,0.0,0.06896551724137931,0.0,0.23529411764705882,0.0975609756097561,0.0,0.0,0.0,0.0,0.0,0.0,0.0,0.0,0.0,0.0,0.0,0.0,0.0,0.0,0.0,0.0,0.0,0.0,0.0,0.06896551724137931,0.15384615384615385,0.0,0.0,0.0,0.0,0.0,0.0,0.0,0.0,0.0,0.0,0.0,0.0,0.0,0.0,0.0,0.0,0.0,0.0,0.041666666666666664,0.0,0.06666666666666667,0.07142857142857142,0.0,0.0,0.0,0.0,0.029411764705882353,0.0,0.0,0.018518518518518517,0.034482758620689655,0.0,0.0,0.4318181818181818,0.6949152542372882,0.5,0.8048780487804879,0.7419354838709677,0.6,0.5714285714285714,0.6610169491525424,0.9090909090909091,0.8205128205128205,0.7073170731707317,0.6470588235294118,0.95,0.8518518518518519,0.8181818181818182,0.5384615384615384,0.9032258064516129,0.47368421052631576,0.7777777777777778,0.43333333333333335,0.7884615384615384,1.0,0.8846153846153846,0.25,0.5319148936170213,0.8857142857142857,0.5,0.5454545454545454,0.625,0.6666666666666666,0.6,0.5964912280701754,0.0,0.0,0.0,0.0,0.0,0.0,0.0,0.0,0.0,0.0,0.0,0.0,0.0,0.42857142857142855,0.0,0.0,0.0,0.0,0.0,0.0,0.7955555555555556,0.8260869565217391
3923770, rep, G->T, missense,4.43164,9.999e-05,113,-1.0,0.8,113,0.9,0.857143,PASS,0.0,0.0,0.0,0.0,0.0,0.0,0.0,0.0,0.0,0.0,0.0,0.0,0.0,0.0,0.0,0.0,0.0,0.0,0.0,0.0,0.0,0.0,0.0,0.0,0.0,0.0,0.0,0.0,0.0,0.0,0.0,0.0,0.0,0.0,0.0,0.0,0.0,0.0,0.0,0.0,0.0,0.0,0.0,0.0,0.0,0.0,0.0,0.0,0.0,0.0,0.0,0.0,0.0,0.03773584905660377,0.058823529411764705,0.25,0.17142857142857143,0.2631578947368421,0.12,0.07692307692307693,0.0,0.0,0.0,0.0,0.0,0.0,0.0,0.0,0.0,0.0,0.0,0.0,0.0,0.0,0.0,0.0,0.0,0.0,0.0,0.0,0.0,0.0,0.0,0.0,0.0,0.0,0.0,0.0,0.0,0.0,0.0,0.0,0.0,0.0,0.0,0.0,0.0,0.0,0.0,0.0,0.0,0.0,0.0,0.0,0.0,0.0,0.0,0.0,0.0,0.0,0.0,0.0,0.0,0.0,0.0,0.0,0.0,0.0,0.0,0.0,0.0,0.0,0.0,0.0,0.0,0.0,0.0,0.0,0.0,0.02564102564102564,0.0,0.0,0.0,0.0,0.0,0.0
3984195, ECB_03713, C->T, missense,1.36568,9.999e-05,113,-1.0,0.571429,112,0.9,0.0774194,PASS,0.0,0.0,0.0,0.0,0.0,0.0,0.0,0.0,0.0,0.0,0.0,0.0,0.0,0.0,0.0,0.0,0.0,0.0,0.0,0.0,0.0,0.0,0.0,0.0,0.0,0.0,0.0,0.0,0.0,0.0,0.0,0.0,0.0,0.0,0.0,0.0,0.0,0.0,0.0,0.0,0.0,0.0,0.0,0.0,0.0,0.0,0.0,0.0,0.0,0.0,0.0,0.0,0.0,0.0,0.0,0.0,0.0,0.0,0.0,0.0,0.0,0.0,0.0,0.0,0.0,0.0,0.0,0.0,0.0,0.0,0.0,0.0,0.0,0.0,0.0,0.0,0.03333333333333333,0.0,0.0,0.0,0.0,0.0,0.0,0.0,0.0,0.12962962962962962,0.13043478260869565,0.46153846153846156,0.2,0.3333333333333333,0.07317073170731707,0.20967741935483872,0.288135593220339,0.28125,0.0,0.15384615384615385,0.0,0.24,0.08,0.21052631578947367,0.203125,0.4067796610169492,0.26506024096385544,0.3076923076923077,0.058823529411764705,0.16279069767441862,0.34375,0.08823529411764706,0.25925925925925924,0.3333333333333333,0.34210526315789475,0.03225806451612903,0.1951219512195122,0.46,0.0,0.0,0.0,0.0,0.0,0.01694915254237288,0.0,0.0,0.0,0.0,0.0,0.0,0.0,0.0,0.0,0.0,0.0,0.0,0.0,0.0,0.0,0.0
4000849, tatB, indel;-15, indel,4.26164,0.00129987,113,-1.0,0.235294,112,0.9,0.206897,PASS,0.0,0.0,0.0,0.0,0.0,0.0,0.0,0.0,0.0,0.0,0.0,0.0,0.0,0.0,0.0,0.0,0.0,0.0,0.0,0.0,0.0,0.0,0.0,0.0,0.0,0.0,0.0,0.0,0.0,0.0,0.0,0.0,0.0,0.0,0.0,0.0,0.0,0.0,0.0,0.0,0.0,0.0,0.0,0.0,0.0,0.0,0.0,0.0,0.0,0.0,0.0,0.0,0.0,0.0,0.0,0.0,0.0,0.0,0.0,0.0,0.0,0.0,0.0,0.0,0.0,0.0,0.0,0.0,0.0,0.0,0.0,0.0,0.0,0.0,0.0,0.0,0.0,0.0,0.012121212121212121,0.08264462809917356,0.0881057268722467,0.1485148514851485,0.0,0.011862396204033215,0.0,0.0,0.0,0.0,0.0,0.0,0.0,0.0,0.0,0.0,0.0,0.0,0.0,0.0,0.0,0.0,0.0,0.0,0.0,0.0,0.0,0.0,0.0,0.0,0.0,0.0,0.0,0.0,0.0,0.0,0.0,0.0,0.0,0.0,0.0,0.0,0.0,0.0,0.0,0.0,0.0,0.0,0.0,0.0,0.0,0.0,0.0,0.0,0.0,0.0,0.0,0.0
4012725, trkH, C->T, missense,0.992186,9.999e-05,113,-1.0,0.857143,113,0.9,1.0,PASS,0.0,0.2777777777777778,1.0,1.0,1.0,1.0,1.0,1.0,1.0,1.0,1.0,1.0,1.0,1.0,1.0,1.0,1.0,1.0,1.0,1.0,1.0,0.9777777777777777,1.0,1.0,1.0,1.0,1.0,1.0,1.0,1.0,1.0,1.0,1.0,1.0,0.9868421052631579,1.0,1.0,1.0,1.0,1.0,1.0,1.0,1.0,1.0,1.0,1.0,1.0,1.0,1.0,1.0,1.0,1.0,1.0,1.0,1.0,1.0,1.0,1.0,0.9846153846153847,1.0,1.0,1.0,1.0,1.0,1.0,1.0,1.0,1.0,1.0,1.0,1.0,1.0,1.0,1.0,1.0,1.0,1.0,1.0,1.0,0.9833333333333333,1.0,1.0,1.0,1.0,1.0,1.0,1.0,1.0,1.0,1.0,1.0,1.0,0.9830508474576272,1.0,1.0,1.0,1.0,1.0,1.0,1.0,1.0,1.0,0.9901960784313726,1.0,1.0,1.0,1.0,1.0,1.0,1.0,1.0,1.0,1.0,1.0,0.0,1.0,0.0,0.0,1.0,0.0,1.0,0.9836065573770492,1.0,1.0,1.0,1.0,1.0,1.0,1.0,1.0,1.0,0.9772727272727273,1.0,1.0,1.0,0.989247311827957
4022420, yihF, A->G, noncoding,1.34757,9.999e-05,113,-1.0,0.8,109,0.9,0.4,PASS,0.0,0.0,0.0,0.0,0.0,0.0,0.0,0.0,0.0,0.0,0.0,0.0,0.0,0.0,0.0,0.0,0.0,0.0,0.0,0.0,0.0,0.0,0.0,0.0,0.0,0.0,0.0,0.0,0.0,0.0,0.0,0.0,0.0,0.0,0.0,0.0,0.0,0.0,0.0,0.0,0.0,0.0,0.0,0.0,0.0,0.0,0.0,0.0,0.0,0.0,0.0,0.0,0.0,0.0,0.0,0.0,0.0,0.0,0.0,0.0,0.0,0.0,0.0,0.0,0.0,0.0,0.0,0.0,0.0,0.0,0.03125,0.0,0.0,0.0,0.0,0.0,0.0125,0.0,0.0,0.02631578947368421,0.0,0.0,0.0,0.0,0.0,0.04950495049504951,0.6533333333333333,0.509090909090909,0.5581395348837209,0.648936170212766,0.8938053097345132,0.7615384615384615,0.6301369863013698,0.734375,0.981651376146789,0.7888888888888889,0.8556701030927835,0.7380952380952381,0.8148148148148148,0.4634146341463415,0.8210526315789474,0.5903614457831325,0.73,0.6888888888888889,0.8360655737704918,0.43103448275862066,0.5882352941176471,0.9452054794520548,0.7090909090909091,0.5161290322580645,0.6153846153846154,0.4888888888888889,0.7066666666666667,0.5662650602409639,0.0,0.0,0.0,0.0,0.0,0.0,0.0,0.0,0.0,0.0,0.0,0.0,0.0,0.0,0.0,0.0,0.0,0.0,0.0,0.0,1.0,0.9375
4024605, yihG, MOB_4024605_4024613_IS1_-1, sv,2.51745,9.999e-05,113,-1.0,0.266667,113,0.9,0.226415,PASS,0.0,0.0,0.0,0.0,0.0,0.0,0.0,0.0,0.0,0.0,0.0,0.0,0.0,0.0,0.0,0.0,0.0,0.0,0.0,0.0,0.0,0.0,0.0,0.0,0.0,0.0,0.0,0.0,0.0,0.0,0.0,0.0,0.0,0.0,0.0,0.0,0.0,0.0,0.0,0.0,0.0,0.0,0.0,0.0,0.0,0.0,0.0,0.0,0.0,0.0,0.0,0.0,0.0,0.0,0.0,0.0,0.0,0.0,0.0,0.0,0.0,0.0,0.0,0.0,0.0,0.0,0.0,0.0,0.0,0.0,0.039054267815191855,0.0,0.0,0.0,0.0,0.0,0.0,0.0,0.0,0.0,0.0,0.0,0.0,0.0,0.0,0.0,0.0,0.0,0.0,0.0,0.0,0.020913039832285114,0.0,0.0,0.0,0.0,0.0,0.0,0.0,0.015593343774471418,0.05587861142217245,0.17972409909909912,0.47644397163120566,0.5451274382314694,0.8017470167064439,0.3159662447257384,0.4346372121966397,0.6830043559427504,0.49529007633587785,0.5002352185089974,0.49134550084889644,0.4580876826722338,0.7200159453302961,0.6264782899131597,0.0,0.0,0.0,0.0,0.0,0.0,0.0,0.0,0.0,0.0,0.0,0.0,0.0,0.0,0.0,0.0,0.0,0.0,0.0,0.0,0.0,0.0
4063468, fdoG, C->T, missense,4.82716,9.999e-05,113,-1.0,0.292683,111,0.9,0.176471,PASS,0.0,0.0,0.0,0.0,0.0,0.0,0.0,0.0,0.0,0.0,0.0,0.0,0.0,0.0,0.0,0.0,0.0,0.0,0.0,0.0,0.0,0.0,0.0,0.0,0.0,0.0,0.0,0.0,0.0,0.0,0.0,0.0,0.014285714285714285,0.13157894736842105,0.02702702702702703,0.06060606060606061,0.03571428571428571,0.16,0.675,0.8076923076923077,0.3103448275862069,0.018518518518518517,0.0,0.058823529411764705,0.0,0.0,0.0,0.0,0.0,0.0,0.0,0.0,0.0,0.0,0.0,0.0,0.0,0.0,0.0,0.0,0.0,0.0,0.0,0.0,0.0,0.0,0.0,0.0,0.0,0.0,0.014925373134328358,0.0,0.0,0.0,0.0,0.0,0.0,0.0,0.0,0.0,0.0,0.0,0.0,0.0,0.0,0.0,0.0,0.0,0.0,0.0,0.0,0.0,0.0,0.0,0.0,0.0,0.0,0.0,0.0,0.016129032258064516,0.0,0.0,0.0,0.0,0.0,0.0,0.0,0.0,0.0,0.0,0.0,0.0,0.0,0.0,0.0,0.0,0.0,0.0,0.0,0.0,0.0,0.0,0.0,0.0,0.0,0.0,0.0,0.0,1.0,1.0,0.01694915254237288,0.0,0.0,0.0,0.0,0.0
4063474, fdoG, C->T, missense,0.963534,9.999e-05,113,-1.0,0.292683,112,0.9,0.6,PASS,0.0,0.0,0.0,0.0,0.0,0.0,0.0,0.0,0.0,0.0,0.0,0.0,0.0,0.0,0.0,0.0,0.0,0.0,0.0,0.0,0.0,0.0,0.0,0.0,0.0,0.0,0.0,0.0,0.0,0.0,0.0,0.0,0.0,0.0,0.0,0.0,0.0,0.0,0.0,0.0,0.0,0.0,0.0,0.0,0.0,0.0,0.0,0.0,0.0,0.0,0.0,0.0,0.0,0.0,0.0,0.0,0.0,0.0,0.0,0.022222222222222223,0.046875,0.0,0.0,0.044444444444444446,0.047619047619047616,0.09523809523809523,0.04054054054054054,0.05660377358490566,0.0,0.05660377358490566,0.045454545454545456,0.23076923076923078,0.1935483870967742,0.3111111111111111,0.15,0.12857142857142856,0.03125,0.3246753246753247,0.03529411764705882,0.02564102564102564,0.10869565217391304,0.23214285714285715,0.1125,0.14457831325301204,0.375,0.06451612903225806,0.1276595744680851,0.22727272727272727,0.1791044776119403,0.22077922077922077,0.08653846153846154,0.21839080459770116,0.3157894736842105,0.29411764705882354,0.0,0.12903225806451613,0.1724137931034483,0.22727272727272727,0.07936507936507936,0.09375,0.14492753623188406,0.4177215189873418,0.25555555555555554,0.3333333333333333,0.024390243902439025,0.2391304347826087,0.2835820895522388,0.08823529411764706,0.2807017543859649,0.29411764705882354,0.41025641025641024,0.14893617021276595,0.189873417721519,0.515625,0.0,0.0,0.0,0.0,0.0,0.0,0.021739130434782608,0.0,0.0,0.0,0.0,0.0,0.0,0.0,0.0,0.0,0.0,0.0,0.0,0.0,0.0,0.0
4100048, hslU, A->C, missense,0.992124,9.999e-05,113,-1.0,0.11215,113,0.9,0.096,PASS,0.0,0.0,0.0,0.0,0.9047619047619048,0.8,0.7692307692307693,0.9230769230769231,0.9473684210526315,1.0,1.0,1.0,1.0,1.0,1.0,0.972972972972973,1.0,1.0,1.0,1.0,1.0,1.0,1.0,1.0,1.0,1.0,1.0,1.0,1.0,1.0,1.0,1.0,1.0,1.0,1.0,1.0,1.0,1.0,1.0,1.0,1.0,1.0,1.0,1.0,1.0,1.0,1.0,1.0,1.0,1.0,1.0,1.0,1.0,1.0,1.0,1.0,1.0,1.0,1.0,1.0,1.0,1.0,1.0,1.0,1.0,1.0,1.0,0.9907407407407407,1.0,1.0,1.0,1.0,1.0,1.0,1.0,1.0,0.9882352941176471,1.0,1.0,1.0,1.0,1.0,1.0,1.0,1.0,1.0,1.0,1.0,1.0,1.0,1.0,1.0,0.9894736842105263,1.0,1.0,1.0,1.0,1.0,1.0,1.0,1.0,1.0,1.0,1.0,1.0,1.0,1.0,1.0,1.0,1.0,1.0,1.0,1.0,1.0,0.0,0.0,0.0,0.0,0.0,0.0,0.0,0.0,1.0,1.0,1.0,1.0,1.0,0.9861111111111112,1.0,1.0,1.0,1.0,1.0,1.0,1.0,0.9791666666666666
4100216, hslU, C->T, missense,5.3009,0.00079992,113,-1.0,0.333333,112,0.9,1.0,PASS,0.0,0.0,0.0,0.0,0.3,0.28,0.0,0.0625,0.0,0.0,0.0,0.0,0.14285714285714285,0.0,0.0,0.0,0.0,0.0,0.0,0.0,0.0,0.0,0.0,0.0,0.0,0.0,0.0,0.0,0.0,0.0,0.0,0.0,0.0,0.0,0.0,0.0,0.0,0.0,0.0,0.0,0.018867924528301886,0.0,0.0,0.0,0.0,0.0,0.0,0.0,0.0,0.0,0.0,0.0,0.0,0.0,0.0,0.0,0.0,0.0,0.0,0.0,0.0,0.0,0.0,0.0,0.0,0.0,0.0,0.0,0.0,0.0,0.0,0.0,0.0,0.0,0.0,0.0,0.0,0.0,0.014492753623188406,0.0,0.0,0.0,0.024096385542168676,0.0,0.0,0.0,0.0,0.0,0.0,0.0,0.0,0.0,0.0,0.0,0.0,0.0,0.0,0.0,0.0,0.0,0.0,0.0,0.0,0.0,0.0,0.0,0.0,0.0,0.0,0.0,0.0,0.0,0.0,0.0,0.0,0.0,0.0,0.0,0.0,0.01639344262295082,0.0,0.0,0.0,0.0,0.0,0.0,0.0,0.0,0.0,0.0,0.0,0.0,0.0,0.0,0.0,0.0
4108785, metB, C->A, missense,1.32532,9.999e-05,113,-1.0,0.6,113,0.9,0.375,PASS,0.0,0.0,0.0,0.0,0.0,0.0,0.0,0.0,0.0,0.0,0.0,0.0,0.0,0.0,0.0,0.0,0.0,0.0,0.0,0.0,0.0,0.0,0.0,0.0,0.0,0.0,0.0,0.0,0.0,0.0,0.0,0.0,0.0,0.0,0.0,0.0,0.0,0.0,0.0,0.0,0.0,0.0,0.0,0.0,0.0,0.0,0.0,0.0,0.0,0.0,0.0,0.0,0.0,0.0,0.0,0.0,0.0,0.0,0.0,0.0,0.0,0.0,0.0,0.0,0.0,0.0,0.0,0.0,0.0,0.0,0.009615384615384616,0.0,0.0,0.0,0.0,0.012345679012345678,0.0,0.0,0.007042253521126761,0.0,0.010309278350515464,0.109375,0.046153846153846156,0.1527777777777778,0.20454545454545456,0.10317460317460317,0.22764227642276422,0.27710843373493976,0.33636363636363636,0.2900763358778626,0.03910614525139665,0.1597222222222222,0.3050847457627119,0.1917808219178082,0.0,0.203125,0.08391608391608392,0.32,0.18085106382978725,0.2222222222222222,0.23357664233576642,0.36923076923076925,0.21710526315789475,0.4523809523809524,0.125,0.14285714285714285,0.22321428571428573,0.046296296296296294,0.3424657534246575,0.36065573770491804,0.2077922077922078,0.10588235294117647,0.17647058823529413,0.3008849557522124,0.0,0.0,0.0,0.0,0.0,0.0,0.0,0.0,0.0,0.0,0.0,0.0,0.0,0.0,0.0,0.0,0.0,0.0,0.0,0.0,0.0,0.0
4110237, metL, MOB_4110237_4110239_IS150_1, sv,2.13675,0.00019998,113,-1.0,0.666667,113,0.9,0.631579,PASS,0.0,0.0,0.0,0.0,0.0,0.0,0.0,0.0,0.0,0.014084507042253521,0.0,0.0,0.0,0.0,0.0,0.0,0.0,0.0,0.0,0.0,0.0,0.0,0.0,0.0,0.0,0.0,0.0,0.0,0.0,0.0,0.0,0.0,0.0,0.0,0.007194244604316547,0.0,0.0,0.0,0.0,0.0,0.01652892561983471,0.0,0.0,0.0,0.0,0.0,0.0,0.0,0.0,0.0,0.0,0.05128205128205128,0.0,0.006896551724137931,0.0,0.0,0.0,0.0,0.0,0.0,0.0,0.0,0.0,0.0,0.0,0.0,0.0,0.0,0.0,0.0,0.0,0.0,0.0,0.0,0.0,0.0,0.0,0.0,0.0,0.0,0.0,0.0,0.0,0.0,0.0,0.0,0.0,0.0,0.0,0.0,0.014285714285714285,0.003875968992248062,0.0,0.0,0.0,0.0,0.0,0.0,0.011560693641618497,0.025423728813559324,0.03488372093023256,0.07471264367816093,0.09375,0.02531645569620253,0.11949685534591195,0.046875,0.11392405063291139,0.07954545454545454,0.015503875968992248,0.0,0.0,0.0,0.0,0.012658227848101266,0.0,0.0,0.0,0.0,0.0,0.0,0.0,0.0,0.0,0.0,0.0,0.0,0.0,0.0,0.0,0.0,0.0,0.0,0.0,0.0,0.9981006647673314,0.0
4110741, metL, indel;-13, indel,0.750614,0.00019998,113,-1.0,1.0,111,0.9,1.0,PASS,0.0,0.0,0.0,0.0,0.0,0.0,0.0,0.0,0.0,0.0,0.0,0.0,0.0,0.0,0.0,0.0,0.0,0.0,0.0,0.0,0.0,0.0,0.0,0.0,0.0,0.0,0.0,0.0,0.0,0.0,0.0,0.0,0.0,0.0,0.0,0.0,0.0,0.0,0.0,0.0,0.0,0.0,0.0,0.0,0.0,0.0,0.0,0.0,0.0,0.0,0.0,0.0,0.031746031746031744,0.0,0.0,0.0,0.023809523809523808,0.0,0.0,0.17582417582417584,0.022988505747126436,0.0,0.0,0.2857142857142857,0.026845637583892617,0.1746031746031746,0.046511627906976744,0.03502626970227671,0.0,0.19646365422396858,0.11869436201780414,0.2028985507246377,0.14842300556586271,0.25225225225225223,0.061855670103092786,0.11023622047244094,0.036036036036036036,0.39705882352941174,0.05442176870748299,0.11764705882352941,0.25882352941176473,0.3434343434343434,0.12195121951219512,0.09345794392523364,0.43636363636363634,0.15384615384615385,0.2,0.4864864864864865,0.38028169014084506,0.30357142857142855,0.039603960396039604,0.28901734104046245,0.47058823529411764,0.18,0.0,0.1062215477996965,0.08836524300441825,0.2711864406779661,0.16908212560386474,0.2826086956521739,0.12396694214876033,0.4462809917355372,0.2074074074074074,0.19047619047619047,0.21875,0.23333333333333334,0.2206896551724138,0.03418803418803419,0.25787965616045844,0.28205128205128205,0.2682926829268293,0.20202020202020202,0.1183431952662722,0.4755244755244755,0.0,0.0,0.0,0.0,0.0,0.0,0.0,0.0,0.0,0.0,0.0,0.0,0.0,0.0,0.0,0.0,0.0,0.0,0.0,0.0,0.0,0.0
4117323, yijF, C->A, missense,4.13142,0.00019998,113,-1.0,0.157895,113,0.9,0.157895,PASS,0.0,0.0,0.0,0.0,0.0,0.0,0.0,0.0,0.0,0.0,0.0,0.0,0.0,0.0,0.0,0.0,0.0,0.0,0.030303030303030304,0.058823529411764705,0.05714285714285714,0.06976744186046512,0.1320754716981132,0.04081632653061224,0.044444444444444446,0.0,0.0,0.0,0.0,0.0,0.0,0.0,0.0,0.0,0.0,0.0,0.0,0.0,0.0,0.0,0.0,0.0,0.0,0.0,0.0,0.0,0.0,0.0,0.0,0.0,0.0,0.0,0.0,0.0,0.0,0.0,0.0,0.0,0.0,0.0,0.0,0.0,0.0,0.0,0.0,0.0,0.0,0.0,0.0,0.0,0.0,0.0,0.0,0.0,0.0,0.0,0.0,0.0,0.0,0.0,0.0,0.0,0.0,0.0,0.0,0.0,0.0,0.0,0.0,0.0,0.0,0.0,0.0,0.0,0.0,0.0,0.0,0.0,0.0,0.0,0.0,0.0,0.0,0.0,0.0,0.0,0.0,0.0,0.0,0.0,0.0,0.0,0.0,0.0,0.0,0.0,0.0,0.0,0.0,0.0,0.0,0.0,0.0,0.0,0.0,0.0,0.0,0.0,0.0,0.0,0.0,0.0,0.0,0.0,0.0,0.0
4133233, ppc, indel;+TGATAG, indel,0.935749,0.00069993,113,-1.0,0.0784314,112,0.9,0.184615,PASS,0.00919963201471941,0.0,0.0,0.0,0.0,0.0,0.0,0.0,0.0,0.0,0.0,0.0,0.0,0.0,0.03636363636363636,0.0,0.0,0.0,0.0,0.0,0.024390243902439025,0.0,0.0,0.0,0.0,0.0,0.0,0.02247191011235955,0.0,0.009174311926605505,0.0,0.0,0.0,0.0,0.0,0.014619883040935672,0.0,0.03125,0.0,0.0,0.016260162601626018,0.0,0.0,0.0,0.012578616352201259,0.0,0.01059322033898305,0.015174506828528072,0.0,0.0,0.0,0.0,0.0,0.014184397163120567,0.0,0.0,0.0,0.0,0.0,0.0,0.0,0.0,0.0,0.014492753623188406,0.011235955056179775,0.0,0.0,0.022658610271903322,0.0,0.05714285714285714,0.06568144499178982,0.25263157894736843,0.11864406779661017,0.30158730158730157,0.08695652173913043,0.26506024096385544,0.03571428571428571,0.279126213592233,0.03968253968253968,0.1414141414141414,0.09933774834437087,0.2911392405063291,0.15681544028950542,0.21560574948665295,0.437956204379562,0.1699029126213592,0.14285714285714285,0.4411764705882353,0.21164021164021163,0.35514018691588783,0.03254678600488202,0.1708542713567839,0.2002503128911139,0.24528301886792453,0.0,0.19607843137254902,0.1774397972116603,0.3010752688172043,0.13592233009708737,0.1346153846153846,0.1871345029239766,0.42528735632183906,0.2575107296137339,0.38,0.1595744680851064,0.144,0.26490066225165565,0.10434782608695652,0.34782608695652173,0.3089430894308943,0.40707964601769914,0.17475728155339806,0.15625,0.25,0.0,0.11811023622047245,0.02824858757062147,0.027173913043478264,0.0,0.16556291390728478,0.0,0.0591715976331361,0.0,0.026109660574412535,0.02564102564102564,0.0,0.09456264775413713,0.02183406113537118,0.024038461538461536,0.0,0.0684931506849315,0.025974025974025976,0.05361930294906166,0.05555555555555555,0.017972681524083396,0.0
4163657, rpoB, T->G, missense,2.85565,0.011322,113,-1.0,0.923077,112,0.9,0.26087,PASS,0.0,0.0,0.0,0.0,0.0,0.0,0.0,0.0,0.0,0.0,0.0,0.0,0.0,0.0,0.0,0.0,0.0,0.0,0.0,0.0,0.0,0.0,0.0,0.0,0.0,0.0,0.0,0.0,0.0,0.0,0.0,0.0,0.0,0.0,0.0,0.0,0.0,0.0,0.0,0.0,0.0,0.0,0.0,0.0,0.0,0.0,0.0,0.0,0.0,0.0,0.0,0.0,0.0,0.0,0.0,0.0,0.0,0.0,0.0,0.0,0.0,0.0,0.0,0.0,0.0,0.0,0.0,0.0,0.0,0.0,0.029411764705882353,0.0,0.08333333333333333,0.125,0.023809523809523808,0.045454545454545456,0.0,0.0,0.011235955056179775,0.0,0.0,0.0,0.0,0.0,0.0,0.0,0.0,0.0,0.0,0.011111111111111112,0.0,0.0,0.0,0.0,0.0,0.0,0.014084507042253521,0.0,0.0,0.0,0.0,0.0,0.0,0.0,0.0,0.0,0.0,0.0,0.0,0.0,0.0,0.0,0.0,0.0,0.0,0.0,0.0,0.0,0.0,0.0,0.0,0.0,0.0,0.0,0.0,0.0,0.0,0.0,0.0,0.0,0.0,0.0,0.0,0.0,0.0,0.0
4202427, iclR, C->T, missense,0.992039,9.999e-05,113,-1.0,0.857143,112,0.9,0.444444,PASS,0.0,0.0,0.0,0.0,0.08333333333333333,0.7,1.0,1.0,1.0,1.0,1.0,0.9565217391304348,0.9259259259259259,1.0,1.0,1.0,1.0,1.0,1.0,1.0,1.0,1.0,1.0,1.0,1.0,1.0,1.0,1.0,1.0,1.0,1.0,1.0,1.0,1.0,1.0,1.0,1.0,1.0,1.0,1.0,1.0,1.0,1.0,1.0,1.0,1.0,1.0,1.0,1.0,1.0,1.0,1.0,1.0,1.0,1.0,1.0,1.0,1.0,1.0,1.0,1.0,1.0,1.0,1.0,1.0,1.0,1.0,1.0,1.0,1.0,1.0,1.0,1.0,1.0,1.0,1.0,1.0,1.0,1.0,1.0,1.0,1.0,1.0,1.0,1.0,1.0,1.0,1.0,0.984375,1.0,1.0,1.0,1.0,1.0,1.0,1.0,1.0,0.9714285714285714,1.0,1.0,0.9859154929577465,1.0,0.9868421052631579,1.0,1.0,1.0,1.0,1.0,0.9583333333333334,1.0,1.0,1.0,1.0,1.0,0.0,0.0,0.0,0.0,0.0,0.0,0.0,0.0,1.0,1.0,1.0,1.0,1.0,1.0,1.0,1.0,1.0,1.0,1.0,1.0,0.9958333333333333,1.0
4205901, metH, indel;-11, indel,0.655761,9.999e-05,113,-1.0,0.118812,112,0.9,0.285714,PASS,0.0,0.0,0.0,0.0,0.0,0.0,0.0,0.0,0.0,0.0,0.0,0.0,0.0,0.0,0.0,0.0,0.0,0.0,0.0,0.0,0.0,0.0,0.0,0.0,0.0,0.0,0.0,0.0,0.0,0.0,0.0,0.0,0.05063291139240506,0.14545454545454545,0.5619834710743802,0.5,0.8484848484848485,0.9473684210526315,0.6521739130434783,0.6086956521739131,0.6176470588235294,0.2702702702702703,0.9818181818181818,0.48,0.7019867549668874,0.782608695652174,0.6923076923076923,0.46511627906976744,0.6,0.7368421052631579,0.7777777777777778,0.75,0.9142857142857143,0.7741935483870968,0.9666666666666667,0.8461538461538461,0.8787878787878788,0.9914529914529915,0.9807692307692307,0.819672131147541,0.975609756097561,0.9117647058823529,1.0,0.8307692307692308,0.8679245283018868,0.8181818181818182,0.9615384615384616,0.8587570621468926,1.0,0.7567567567567568,0.7878787878787878,0.819672131147541,0.8717948717948718,0.7710843373493976,0.8627450980392157,0.7326732673267327,0.8333333333333334,0.6412213740458015,0.9206349206349206,0.7901234567901234,0.8108108108108109,0.7058823529411765,0.8034188034188035,0.7666666666666667,0.5254237288135594,0.8712871287128713,0.7899159663865546,0.9014084507042254,0.6829268292682927,0.7692307692307693,0.9176470588235294,0.782608695652174,0.6557377049180327,0.7457627118644068,0.9871794871794872,0.8391608391608392,0.7307692307692307,0.6808510638297872,0.8596491228070176,0.8048780487804879,0.7479674796747967,0.5801526717557252,0.6461538461538462,0.3902439024390244,0.9215686274509803,0.7931034482758621,0.5734265734265734,1.0,0.7216494845360825,0.7142857142857143,0.6585365853658537,0.8421052631578947,0.6567164179104478,0.7391304347826086,0.0,0.0,0.0,0.0,0.0,0.0,0.0,0.0,0.0,0.0,0.0,0.0,0.0,0.0,0.0,0.0,1.0,1.0,1.0,1.0,0.9863013698630136,0.9801324503311258
4212236, lysC, G->A, noncoding,0.503189,9.999e-05,113,-1.0,0.413793,112,0.9,0.108108,PASS,0.0,0.0,0.0,0.0,0.0,0.0,0.0,0.0,0.0,0.0,0.0,0.0,0.0,0.0,0.05263157894736842,0.2413793103448276,0.0,0.0,0.03125,0.0,0.2,0.06451612903225806,0.20454545454545456,0.4482758620689655,0.45161290322580644,0.17857142857142858,0.22727272727272727,0.125,0.0967741935483871,0.3050847457627119,0.2903225806451613,0.32,0.3157894736842105,0.5172413793103449,0.08928571428571429,0.3076923076923077,0.1276595744680851,0.2,0.5172413793103449,0.55,0.3076923076923077,0.5813953488372093,0.05714285714285714,0.3125,0.2597402597402597,0.16666666666666666,0.2727272727272727,0.5,0.6923076923076923,0.2962962962962963,0.1875,0.13333333333333333,0.08333333333333333,0.2391304347826087,0.175,0.32,0.12195121951219512,0.014925373134328358,0.019230769230769232,0.05357142857142857,0.0,0.03125,0.0,0.07142857142857142,0.056338028169014086,0.14634146341463414,0.015151515151515152,0.08333333333333333,0.08333333333333333,0.07936507936507936,0.10714285714285714,0.0,0.2894736842105263,0.21818181818181817,0.0625,0.1111111111111111,0.04819277108433735,0.2962962962962963,0.014705882352941176,0.14754098360655737,0.14634146341463414,0.32558139534883723,0.11627906976744186,0.20689655172413793,0.4098360655737705,0.09722222222222222,0.32,0.45714285714285713,0.265625,0.3424657534246575,0.047619047619047616,0.20224719101123595,0.14035087719298245,0.08823529411764706,0.0,0.1506849315068493,0.09375,0.34375,0.07462686567164178,0.11904761904761904,0.18,0.2777777777777778,0.1978021978021978,0.3181818181818182,0.16666666666666666,0.13636363636363635,0.19444444444444445,0.1111111111111111,0.5106382978723404,0.16666666666666666,0.36538461538461536,0.16666666666666666,0.13725490196078433,0.26666666666666666,0.0,0.0,0.0,0.0,0.0,0.0,0.0,0.0,0.0,0.0,0.0,0.0,0.0,0.0,0.9866666666666667,1.0,0.0,0.0,0.0,0.0,0.0,0.0
4225078, malE, G->A, missense,0.721331,9.999e-05,113,-1.0,0.1875,112,0.9,0.244898,PASS,0.0,0.0,0.0,0.0,0.0,0.0,0.0,0.0,0.0,0.0,0.0,0.0,0.0,0.0,0.0,0.0,0.0,0.0,0.0,0.0,0.0,0.0,0.0,0.0,0.0,0.0,0.0,0.0,0.0,0.0,0.0,0.0,0.0,0.0,0.0,0.0,0.0,0.0,0.0,0.0,0.0,0.0,0.0,0.0,0.0,0.0,0.015625,0.03571428571428571,0.41935483870967744,0.5,0.75,0.6666666666666666,0.8125,0.6857142857142857,0.8095238095238095,0.8846153846153846,0.8787878787878788,0.9761904761904762,0.9722222222222222,0.8484848484848485,0.9666666666666667,0.9259259259259259,1.0,0.8181818181818182,0.921875,0.7307692307692307,0.9183673469387755,0.8235294117647058,0.18181818181818182,0.1875,0.625,0.6428571428571429,0.6041666666666666,0.5757575757575758,0.7916666666666666,0.43902439024390244,0.8688524590163934,0.5483870967741935,0.8955223880597015,0.7916666666666666,0.7659574468085106,0.46938775510204084,0.9245283018867925,0.8382352941176471,0.46153846153846156,0.8333333333333334,0.8153846153846154,0.3793103448275862,0.6984126984126984,0.59375,0.9555555555555556,0.8181818181818182,0.7857142857142857,0.35714285714285715,0.974025974025974,0.6949152542372882,0.8241758241758241,0.75,0.75,0.5,0.625,0.6363636363636364,0.7282608695652174,0.78125,0.9111111111111111,0.3488372093023256,0.6233766233766234,0.7777777777777778,0.525,0.5833333333333334,0.6060606060606061,0.3333333333333333,0.6538461538461539,0.6904761904761905,0.0,0.0,0.0,0.0,0.0,0.01818181818181818,0.0,0.0,0.0,0.0,0.0,0.0,0.0,0.0,0.0,0.0,1.0,1.0,1.0,1.0,0.9957264957264957,0.9770114942528736
4233294, plsB, C->T, missense,0.44456,0.00029997,113,-1.0,0.0784314,112,0.9,0.105263,PASS,0.0,0.0,0.0,0.0,0.0,0.0,0.0,0.0,0.0,0.0,0.0,0.0,0.07142857142857142,0.0,0.1724137931034483,0.11428571428571428,0.0,0.0,0.0,0.07407407407407407,0.13043478260869565,0.02127659574468085,0.2857142857142857,0.4523809523809524,0.36363636363636365,0.21875,0.13953488372093023,0.11904761904761904,0.11224489795918367,0.38666666666666666,0.21428571428571427,0.38461538461538464,0.4666666666666667,0.40540540540540543,0.05263157894736842,0.24390243902439024,0.031746031746031744,0.125,0.6216216216216216,0.2857142857142857,0.32,0.6590909090909091,0.0784313725490196,0.2777777777777778,0.3793103448275862,0.3673469387755102,0.3968253968253968,0.627906976744186,0.475,0.2857142857142857,0.18421052631578946,0.3157894736842105,0.0847457627118644,0.1643835616438356,0.07692307692307693,0.15789473684210525,0.11475409836065574,0.030303030303030304,0.0,0.03773584905660377,0.09803921568627451,0.07142857142857142,0.0,0.23214285714285715,0.10989010989010989,0.27884615384615385,0.027777777777777776,0.08396946564885496,0.06060606060606061,0.25333333333333335,0.14666666666666667,0.2708333333333333,0.3188405797101449,0.2753623188405797,0.16666666666666666,0.125,0.07407407407407407,0.45348837209302323,0.03,0.1016949152542373,0.13333333333333333,0.16279069767441862,0.06666666666666667,0.2087912087912088,0.42391304347826086,0.08974358974358974,0.19753086419753085,0.4888888888888889,0.21212121212121213,0.2571428571428571,0.045454545454545456,0.22772277227722773,0.3333333333333333,0.14583333333333334,0.011764705882352941,0.17333333333333334,0.047619047619047616,0.24489795918367346,0.28,0.14285714285714285,0.23376623376623376,0.3950617283950617,0.2923076923076923,0.20512820512820512,0.13953488372093023,0.2459016393442623,0.21739130434782608,0.043478260869565216,0.2222222222222222,0.3,0.41818181818181815,0.1836734693877551,0.17142857142857143,0.30357142857142855,0.0,0.0,0.0,0.0,0.0,0.0,0.0,0.0,0.0,0.0,0.0,0.0,0.0,0.0,1.0,1.0,0.0,0.0,0.0,0.0,0.0,0.0
4261008, yjcF, junction_4261008_1_IS1_end, sv,1.29875,0.00529947,33,-1.0,0.00977199,97,0.9,0.034188,PASS,0.0,0.0,0.0,0.0,0.0,0.0,0.0,0.0,0.0,0.0,0.0,0.0,0.0,0.0,0.0,0.0,0.0,0.0,0.0,0.0,0.0,0.0,0.0,0.026754440497335705,0.24334856828193835,0.10078010033444816,0.07468252788104089,0.09114949279231178,0.05282840955078916,0.02201271372205173,0.0,0.0,0.0,0.0,0.0,0.0,0.0,0.0,0.0,0.0,0.0,0.0,0.0,0.0,0.0,0.0,0.0,0.0,0.0,0.0,0.0,0.0,0.0,0.0,0.0,0.0,0.0,0.0,0.0,0.0,0.0,0.0,0.0,0.0,0.0,0.0,0.0,0.0,0.0,0.0,0.0,0.0,0.0,0.0,0.0,0.0,0.0,0.0,0.0,0.0,0.0,0.0,0.0,0.0,0.0,0.00800207171314741,0.0,0.0,0.0,0.0,0.0,0.0,0.0,0.0,0.0,0.0,0.0,0.014202970297029703,0.0,0.0,0.0,0.0,0.0,0.0,0.0,0.0,0.0,0.0,0.0,0.03357491638795987,0.0,0.0,0.0,0.0,0.0,0.0,0.0,0.0,0.0,0.0,0.0,0.0,0.0,0.0,0.0,0.0,0.0,0.0,0.0,0.0,0.0,0.0,0.0,0.0,0.0,0.0
4262863, actP, C->T, missense,1.33625,9.999e-05,113,-1.0,0.324324,10,1.02183,1.0,PASS,0.0,0.0,0.0,0.0,0.0,0.0,0.0,0.0,0.0,0.0,0.0,0.0,0.0,0.0,0.0,0.0,0.0,0.0,0.0,0.01,0.0,0.0,0.0,0.0,0.0,0.0,0.0,0.0,0.0,0.005128205128205128,0.007352941176470588,0.0,0.0,0.0,0.0,0.0,0.004878048780487805,0.0,0.0,0.0,0.0,0.0,0.0,0.0,0.0,0.0,0.0,0.005555555555555556,0.0,0.0,0.0,0.0,0.0,0.0,0.0,0.0,0.0,0.0,0.0,0.005747126436781609,0.011049723756906077,0.0,0.0,0.0,0.0,0.0,0.0,0.004545454545454545,0.0,0.0,0.024390243902439025,0.0,0.0,0.0,0.0,0.0,0.0,0.0,0.004830917874396135,0.0,0.0,0.04,0.2835820895522388,0.38497652582159625,0.34831460674157305,0.45893719806763283,0.40993788819875776,0.2916666666666667,0.3212121212121212,0.3698630136986301,0.4072398190045249,0.4219409282700422,0.45098039215686275,0.3389830508474576,0.44642857142857145,0.4623115577889447,0.48792270531400966,0.2717391304347826,0.4423076923076923,0.1977401129943503,0.3230088495575221,0.3217821782178218,0.45064377682403434,0.27450980392156865,0.4968944099378882,0.13636363636363635,0.31666666666666665,0.3878787878787879,0.36538461538461536,0.3977272727272727,0.49645390070921985,0.29931972789115646,0.518918918918919,0.6648936170212766,0.0,0.0,0.0,0.0,0.0,0.0,0.0,0.0,0.0,0.0,0.0,0.0,0.0,0.0,0.0,0.0,0.0,0.0,0.0,0.0,0.4669421487603306,0.9866666666666667
4263826, actP, C->T, missense,0.766888,9.999e-05,113,-1.0,0.153846,10,1.12212,1.0,PASS,0.0,0.0,0.0,0.0,0.0,0.0,0.0,0.0,0.0,0.0,0.0,0.0,0.0,0.0,0.0,0.0,0.0,0.0,0.0,0.009259259259259259,0.012738853503184714,0.0449438202247191,0.024630541871921183,0.04132231404958678,0.06217616580310881,0.5,0.5892857142857143,0.6871165644171779,0.6666666666666666,0.6782178217821783,0.7583333333333333,0.64,0.6645161290322581,0.7117117117117117,0.9623430962343096,0.8823529411764706,0.9741935483870968,0.9101123595505618,0.7014925373134329,0.6724137931034483,0.8979591836734694,0.5871559633027523,0.9842105263157894,0.8727272727272727,0.8853211009174312,0.864516129032258,0.8713692946058091,0.7845303867403315,0.7530864197530864,0.8282828282828283,0.8622754491017964,0.8854166666666666,0.9403669724770642,0.9285714285714286,0.9642857142857143,0.8472222222222222,0.9602649006622517,0.9806451612903225,0.9830508474576272,0.9852216748768473,0.9692307692307692,1.0,0.9928057553956835,0.9318181818181818,0.9608695652173913,0.88,1.0,0.935064935064935,0.9292929292929293,0.9181286549707602,0.9502487562189055,0.8802395209580839,0.8794326241134752,0.8497109826589595,0.9554140127388535,0.8344370860927153,0.9552238805970149,0.7850467289719626,0.9634703196347032,0.924812030075188,0.926829268292683,0.7833333333333333,0.930379746835443,0.8316326530612245,0.785,0.9464285714285714,0.8870056497175142,0.8110236220472441,0.8229665071770335,0.8432203389830508,0.9702127659574468,0.8577405857740585,0.8316831683168316,0.9393939393939394,0.9958333333333333,0.8894230769230769,0.935064935064935,0.7727272727272727,0.8819444444444444,0.8961038961038961,0.8530805687203792,0.7612612612612613,0.8609865470852018,0.75,0.9463087248322147,0.8974358974358975,0.7391304347826086,0.9414893617021277,0.6956521739130435,0.7419354838709677,0.7482014388489209,0.9367088607594937,0.7058823529411765,0.7378048780487805,0.0,0.0,0.0,0.0,0.0,0.0,0.0,0.0,0.0,0.0,0.0,0.0,1.0,0.6046511627906976,0.0,0.0,1.0,1.0,1.0,1.0,1.0,0.9753086419753086
4329503, intergenic, indel;-5, indel,3.34137,9.999e-05,113,-1.0,0.155844,112,0.9,0.255319,PASS,0.0,0.0,0.0,0.0,0.0,0.0,0.0,0.0,0.0,0.0,0.0,0.0,0.0,0.0,0.0,0.030395136778115502,0.0,0.0,0.0,0.0,0.0,0.0,0.012135922330097087,0.0,0.0,0.0,0.0,0.0,0.0,0.0,0.0,0.0,0.0,0.0,0.0,0.0,0.0,0.0,0.0,0.0,0.0,0.0,0.0,0.0,0.0,0.027972027972027972,0.02188183807439825,0.012836970474967907,0.0,0.0,0.0,0.0,0.0,0.0,0.0,0.031746031746031744,0.0,0.0,0.0,0.0,0.029895366218236172,0.0,0.0,0.032,0.01905972045743329,0.0,0.0,0.0,0.0,0.0,0.0,0.0,0.0,0.0,0.0,0.0,0.0,0.0,0.0,0.0,0.0,0.0,0.009775171065493646,0.0,0.0,0.0,0.0,0.0,0.0,0.0,0.0,0.0,0.0,0.0,0.0,0.0,0.0,0.0,0.01697792869269949,0.0,0.0,0.0,0.0,0.0,0.0,0.0,0.061457418788410885,0.29850746268656714,0.36024844720496896,0.45901639344262296,0.43902439024390244,0.23480662983425413,0.19675925925925924,0.11627906976744186,0.0,0.0,0.0,0.0,0.0,0.0,0.0,0.0,0.0,0.0,0.0,0.0,0.0,0.0,0.0,0.0,0.0,0.0,0.0,0.0,0.0,0.0
4333228, lysU, MOB_4333228_4333230_IS150_-1, sv,0.9332,0.00089991,113,-1.0,0.705882,113,0.9,0.666667,PASS,0.0,0.0,0.0,0.0,0.0,0.0,0.0,0.0,0.0,0.0,0.0,0.0,0.0,0.0,0.0,0.0,0.0,0.02127659574468085,0.0,0.0,0.0,0.0,0.0,0.0,0.0,0.0,0.0,0.0,0.0,0.0,0.0,0.0,0.0,0.0,0.0,0.0,0.0,0.0,0.0,0.0,0.0,0.0,0.0,0.0,0.0045045045045045045,0.0,0.0,0.0,0.0,0.0,0.0,0.02,0.0,0.0,0.0,0.010101010101010102,0.0,0.0,0.0,0.0,0.0,0.0,0.0,0.0,0.0,0.005291005291005291,0.031746031746031744,0.022151898734177215,0.05555555555555555,0.0072992700729927005,0.06936416184971098,0.15671641791044777,0.08571428571428572,0.2755905511811024,0.0963855421686747,0.1564625850340136,0.005747126436781609,0.38857142857142857,0.023255813953488372,0.15555555555555556,0.24444444444444444,0.4110429447852761,0.09178743961352658,0.2620320855614973,0.4067796610169492,0.125,0.1643835616438356,0.3950617283950617,0.30416666666666664,0.3291139240506329,0.04262295081967213,0.25333333333333335,0.24719101123595505,0.19387755102040816,0.011904761904761904,0.24786324786324787,0.10480349344978165,0.22916666666666666,0.09392265193370165,0.23728813559322035,0.21304347826086956,0.33852140077821014,0.2749003984063745,0.32558139534883723,0.08633093525179857,0.2345679012345679,0.34759358288770054,0.09876543209876543,0.24285714285714285,0.35877862595419846,0.2926829268292683,0.10714285714285714,0.13744075829383887,0.45918367346938777,0.0,0.0,0.0,0.0,0.0,0.0,0.012195121951219513,0.018867924528301886,0.0,0.0,0.0,0.0,0.0,0.0,0.0,0.0,0.0,0.0,0.0,0.0,0.0,0.0
4347124, aspA, C->T, noncoding,3.78779,9.999e-05,113,-1.0,0.375,112,0.9,0.315789,PASS,0.0,0.0,0.0,0.0,0.0,0.0,0.0,0.0,0.0,0.0,0.0,0.0,0.0,0.0,0.0,0.0,0.0,0.0,0.0,0.0,0.0,0.0,0.0,0.0,0.0,0.0,0.0,0.0,0.0,0.0,0.0,0.0,0.0,0.0,0.0,0.0,0.0,0.0,0.0,0.0,0.0,0.0,0.0,0.0,0.0,0.0,0.0,0.0,0.0,0.0,0.0,0.0,0.0,0.0,0.06,0.07142857142857142,0.14285714285714285,0.20253164556962025,0.16666666666666666,0.15625,0.12280701754385964,0.037037037037037035,0.019230769230769232,0.0,0.009523809523809525,0.0,0.0,0.0,0.0,0.01639344262295082,0.0,0.0,0.0,0.0,0.0,0.0,0.0,0.0,0.0,0.0,0.0,0.0,0.0,0.007751937984496124,0.0,0.0,0.0,0.0,0.0,0.0,0.0064516129032258064,0.0,0.010101010101010102,0.0,0.0,0.0,0.0,0.0,0.0,0.0,0.0,0.0,0.0,0.0,0.0,0.0,0.0,0.0,0.0,0.0,0.0,0.0,0.0,0.0,0.0,0.0,0.0,0.0,0.0,0.0,0.0,0.0,0.0,0.0,0.0,0.0,0.0,0.0,0.0,0.0,0.0,0.0,0.0,0.0,0.0,0.0
4378459, hfq, C->T, missense,0.721022,9.999e-05,113,-1.0,0.09375,112,0.9,0.857143,PASS,0.0,0.0,0.0,0.0,0.0,0.0,0.0,0.0,0.0,0.0,0.0,0.0,0.0,0.0,0.0,0.0,0.0,0.0,0.0,0.0,0.0,0.0,0.0,0.0,0.0,0.0,0.0,0.0,0.0,0.0,0.0,0.0,0.028985507246376812,0.0,0.01282051282051282,0.0,0.0,0.0,0.0,0.02857142857142857,0.0,0.0,0.0,0.0,0.0,0.0,0.0,0.0,0.0,0.0,0.0,0.39285714285714285,0.726027397260274,0.8064516129032258,0.7719298245614035,0.7391304347826086,0.8695652173913043,0.9487179487179487,0.9545454545454546,0.8113207547169812,0.9344262295081968,0.9047619047619048,0.9482758620689655,0.7924528301886793,0.8878504672897196,0.6923076923076923,0.9090909090909091,0.8344827586206897,0.6428571428571429,0.11538461538461539,0.5882352941176471,0.54,0.7619047619047619,0.5421686746987951,0.6835443037974683,0.4583333333333333,0.7222222222222222,0.5869565217391305,0.9622641509433962,0.7142857142857143,0.7205882352941176,0.5542168674698795,0.8023255813953488,0.6666666666666666,0.5684931506849316,0.7961165048543689,0.7777777777777778,0.5636363636363636,0.6666666666666666,0.6346153846153846,0.9333333333333333,0.7833333333333333,0.6547619047619048,0.6956521739130435,0.9538461538461539,0.8083333333333333,0.872093023255814,0.5576923076923077,0.7941176470588235,0.3472222222222222,0.7087378640776699,0.543859649122807,0.7064220183486238,0.7692307692307693,0.7468354430379747,0.3269230769230769,0.5979381443298969,0.8607594936708861,0.6610169491525424,0.6363636363636364,0.6065573770491803,0.5370370370370371,0.6386554621848739,0.4520547945205479,0.0,0.0,0.0,0.0,0.0,0.0,0.0,0.0,0.0,0.0,0.0,0.0,0.0,0.0,0.0,0.0,1.0,1.0,1.0,1.0,0.9910714285714286,1.0
4414175, fklB, C->T, missense,3.12553,0.00209979,113,-1.0,0.631579,111,0.9,0.857143,PASS,0.0,0.0,0.0,0.0,0.0,0.0,0.0,0.0,0.0,0.0,0.0,0.0,0.0,0.0,0.0,0.0,0.0,0.0,0.0,0.0,0.0,0.0,0.0,0.0,0.0,0.0,0.0,0.0,0.0,0.0,0.0,0.0,0.0,0.0,0.0,0.05357142857142857,0.0,0.0,0.058823529411764705,0.0,0.0,0.043478260869565216,0.0,0.0,0.04918032786885246,0.0,0.0,0.0,0.21428571428571427,0.18181818181818182,0.08,0.0,0.0,0.025,0.0,0.0,0.0,0.0,0.020833333333333332,0.0,0.0,0.0,0.0,0.0,0.0,0.0,0.0,0.0,0.0,0.0,0.0,0.0,0.0,0.0,0.0,0.017857142857142856,0.0,0.0,0.014285714285714285,0.0,0.0,0.0,0.0,0.0,0.0,0.0,0.0,0.0,0.0,0.0,0.010869565217391304,0.0,0.0,0.0,0.0,0.0,0.0,0.0,0.0,0.0,0.0,0.0,0.0,0.0,0.0,0.0,0.0,0.0,0.0,0.0,0.0,0.0,0.0,0.0,0.0,0.0,0.0,0.0,0.0,0.0,0.0,0.0,0.0,0.0,0.0,0.0,0.0,0.0,0.0,0.0,0.0,0.0,0.0,0.0,0.0,0.0
4415710, cycA, MOB_4415710_4415712_IS150_1, sv,0.734674,0.00069993,113,-1.0,0.148148,112,0.9,0.244898,PASS,0.0,0.0,0.02516942355889724,0.03584830053667263,0.0,0.0,0.0,0.0,0.0,0.0,0.0,0.0,0.0,0.0,0.01358403247631935,0.0,0.0,0.0,0.0,0.0,0.0,0.0,0.0,0.0,0.022572184684684686,0.0,0.0,0.0,0.0,0.005567928730512249,0.0,0.0,0.0,0.0,0.0,0.0,0.029270914396887157,0.0,0.013192612137203167,0.0,0.0,0.00681663258350375,0.0,0.02178649237472767,0.027186052809749495,0.0,0.0,0.010061623246492988,0.0,0.015240212443095598,0.0,0.04555808656036447,0.03506692361597758,0.09203103975535168,0.0,0.1141740318906606,0.0317645786963434,0.0836145242070117,0.020079959919839678,0.0783262784090909,0.027360837887067398,0.0,0.02543248730964467,0.09716085271317829,0.09335910572892409,0.3358361249434133,0.08452492965672483,0.15930382466695317,0.04366971677559914,0.12212922868741541,0.17039745145631066,0.3741157580283794,0.22998400556328233,0.3065635858234885,0.14348870481927709,0.27215296640457465,0.1894093198992443,0.41428177777777775,0.07798249027237354,0.21566791393826004,0.13500252525252526,0.34314719173660424,0.1585401288810779,0.19744037199124725,0.4845510989010989,0.17594788441692466,0.2951479028697572,0.3841766233766234,0.2948257522743177,0.4491110444177671,0.07561399832355406,0.25587337337337335,0.28758699808795407,0.3883882882882883,0.011113226342003322,0.23580624465355005,0.10139384191176472,0.40894078947368423,0.11082654521795707,0.19240672153635116,0.23154671457905543,0.408673735725938,0.3343691874119305,0.37298023255813956,0.08109241531664212,0.20073733804475852,0.3300348612007747,0.09897947813822285,0.28741844769403824,0.2608209926769732,0.3539970559371933,0.21835270379338173,0.18816744913928013,0.4976404255319149,0.0,0.0,0.0,0.0,0.0,0.0,0.0,0.0,0.0,0.0,0.0,0.0,0.0,0.0,0.0,0.0,0.0,0.0,0.0,0.0,0.008985879332477536,0.0
4439729, mpl, indel;A;C;-1, indel,1.47353,9.999e-05,113,-1.0,0.0794702,112,0.9,0.193548,PASS,0.0,0.0,0.0,0.0,0.0,0.0,0.0,0.0,0.0,0.0,0.0,0.0,0.0,0.0,0.0,0.0,0.0,0.0,0.0,0.0,0.0,0.0,0.0,0.0,0.0,0.0,0.0,0.0,0.0,0.0,0.0,0.0,0.0,0.0,0.0,0.0,0.0,0.0,0.0,0.05263157894736842,0.0,0.0,0.0,0.0,0.0,0.0,0.0,0.0,0.0,0.0,0.0,0.0,0.0,0.0,0.0,0.0,0.0,0.0,0.0,0.0,0.0,0.0,0.0,0.0,0.0,0.0,0.0,0.0,0.0,0.0,0.03389830508474576,0.0,0.0,0.0,0.0,0.0,0.0,0.013888888888888888,0.0,0.0,0.0,0.0,0.0,0.0,0.0,0.05660377358490566,0.7721518987341772,0.5,0.6142857142857143,0.49333333333333335,0.8923076923076924,0.8484848484848485,0.7368421052631579,0.5925925925925926,0.9753086419753086,0.7297297297297297,0.7866666666666666,0.5333333333333333,0.9038461538461539,0.3333333333333333,0.5652173913043478,0.4411764705882353,0.6224489795918368,0.5348837209302325,0.9722222222222222,0.36538461538461536,0.5217391304347826,0.8070175438596491,0.5263157894736842,0.5365853658536586,0.5535714285714286,0.40625,0.6071428571428571,0.5961538461538461,0.0,0.0,0.0,0.0,0.0,0.0,0.0,0.0,0.0,0.0,0.0,0.0,0.0,0.0,0.012345679012345678,0.0,0.0,0.0,0.0,0.0,0.8781512605042017,0.9078947368421053
4440254, mpl, C->A, missense,0.585837,0.00669933,113,-1.0,0.8,113,0.9,0.923077,PASS,0.0,0.0,0.0,0.0,0.0,0.0,0.0,0.0,0.0,0.0,0.0,0.0,0.0,0.0,0.0,0.0,0.0,0.0,0.023255813953488372,0.0,0.0,0.0,0.0,0.0,0.0,0.0,0.0,0.0,0.0,0.0,0.0,0.0,0.0,0.0,0.0,0.010752688172043012,0.0,0.0,0.0,0.0,0.0,0.417910447761194,0.0784313725490196,0.2608695652173913,0.20481927710843373,0.2786885245901639,0.24175824175824176,0.42857142857142855,0.25,0.3,0.13725490196078433,0.20588235294117646,0.10256410256410256,0.1927710843373494,0.15151515151515152,0.175,0.15873015873015872,0.041237113402061855,0.01694915254237288,0.06756756756756757,0.07042253521126761,0.03508771929824561,0.0,0.2112676056338028,0.064,0.21,0.06481481481481481,0.15483870967741936,0.07142857142857142,0.08695652173913043,0.20202020202020202,0.17105263157894737,0.2571428571428571,0.2191780821917808,0.04819277108433735,0.2597402597402597,0.15294117647058825,0.38405797101449274,0.030927835051546393,0.15,0.2222222222222222,0.3561643835616438,0.10204081632653061,0.25,0.36607142857142855,0.07142857142857142,0.11904761904761904,0.32941176470588235,0.34615384615384615,0.2413793103448276,0.07913669064748201,0.20512820512820512,0.2727272727272727,0.17647058823529413,0.0,0.18681318681318682,0.1485148514851485,0.24,0.14285714285714285,0.18478260869565216,0.17142857142857143,0.4230769230769231,0.2711864406779661,0.25,0.08571428571428572,0.19047619047619047,0.18095238095238095,0.08602150537634409,0.28,0.373134328358209,0.21666666666666667,0.1282051282051282,0.15730337078651685,0.3333333333333333,0.0,0.0,0.0,0.0,0.0,0.0,0.0,0.0,0.0,0.0,0.0,0.0,0.0,0.0,0.0,0.0,0.0,0.0,0.0,0.0,0.0,0.0
4462697, yjgN, junction_4462697_-1_IS1_end, sv,5.23666,0.00079992,113,-1.0,0.4,110,0.9,0.00678733,PASS,0.0,0.0,0.0,0.0,0.0,0.0,0.0,0.0,0.0,0.0,0.0,0.0,0.0,0.0,0.0,0.06818181818181818,0.38461538461538464,0.0,0.0,0.0,0.0,0.0,0.0,0.0,0.0,0.0,0.0,0.0,0.0,0.0,0.0,0.0,0.0,0.0,0.0,0.0,0.0,0.0,0.0,0.0,0.0,0.0,0.0,0.0,0.0,0.0,0.0,0.0,0.0,0.0,0.0,0.0,0.0,0.0,0.0,0.0,0.0,0.0,0.0,0.0,0.0,0.0,0.0,0.0,0.0,0.0,0.0,0.0,0.0,0.0,0.0,0.0,0.0,0.0,0.0,0.0,0.0,0.0,0.0,0.0,0.0,0.0,0.0,0.0,0.0,0.0,0.0,0.0,0.0,0.0,0.0,0.0,0.0,0.0,0.0,0.0,0.0,0.0,0.0,0.0,0.0,0.0,0.0,0.0,0.0,0.0,0.0,0.0,0.0,0.0,0.0,0.0,0.0,0.028169014084507043,0.0,0.0,0.0,0.0,0.0,0.0,0.0,0.0,0.0,0.0,0.0,0.0,0.0,0.0,0.0,0.0,0.0,0.0,0.0,0.0,0.0,0.0
4462769, yjgN, MOB_4462769_4462777_IS1_-1, sv,1.09147,9.999e-05,113,-1.0,0.521739,112,0.9,0.666667,PASS,0.0,0.0,0.0,0.0,0.0,0.0,0.0,0.0,0.0,0.0,0.0,0.0,0.0,0.0,0.0,0.0,0.0,0.0,0.0,0.0,0.0,0.0,0.0,0.0,0.0,0.0,0.0,0.0,0.0,0.0,0.0,0.0,0.0,0.0,0.0,0.0,0.0,0.0,0.0,0.0,0.0,0.0,0.0,0.0,0.0,0.0,0.0,0.0,0.0,0.0,0.0,0.0,0.0,0.0,0.0,0.0,0.0,0.0,0.0,0.0,0.0,0.0,0.0,0.0,0.0,0.0,0.0,0.0,0.0,0.0,0.020833333333333332,0.0,0.0,0.007407407407407408,0.06282722513089005,0.5267175572519084,0.7568807339449541,0.5019305019305019,0.8978102189781022,0.7410071942446043,0.8623188405797102,0.6577540106951871,0.8406593406593407,0.6903765690376569,0.5263157894736842,0.7747747747747747,0.6861702127659575,0.5220588235294118,0.5806451612903226,0.6259541984732825,0.8709677419354839,0.7678571428571429,0.6896551724137931,0.5517241379310345,0.9809160305343512,0.7546296296296297,0.8237704918032787,0.42990654205607476,0.8256880733944955,0.4051724137931034,0.6704545454545454,0.4817813765182186,0.6551724137931034,0.6407766990291263,0.8987341772151899,0.3828125,0.5684210526315789,0.8475609756097561,0.4948453608247423,0.6129032258064516,0.5915492957746479,0.42016806722689076,0.6952380952380952,0.4975845410628019,0.0,0.0,0.0,0.0,0.0,0.0,0.0,0.0,0.0,0.0,0.0,0.0,0.0,0.0,0.0,0.0,0.0,0.0,0.6976744186046512,0.8354430379746836,0.9092369477911647,0.9558823529411765
4470451, yjgP, T->G, missense,2.18424,0.00149985,113,-1.0,0.545455,112,0.9,0.8,PASS,0.0,0.0,0.0,0.0,0.0,0.0,0.0,0.0,0.0,0.0,0.0,0.0,0.0,0.0,0.0,0.0,0.0,0.0,0.0,0.0,0.0,0.0,0.0,0.125,0.10869565217391304,0.0,0.17857142857142858,0.25,0.02666666666666667,0.05,0.03333333333333333,0.03225806451612903,0.0410958904109589,0.0,0.0,0.013513513513513514,0.03225806451612903,0.09523809523809523,0.0,0.0,0.0,0.02127659574468085,0.0,0.09090909090909091,0.0410958904109589,0.02,0.0,0.03125,0.03333333333333333,0.07894736842105263,0.05263157894736842,0.0,0.014084507042253521,0.0,0.0,0.0,0.0,0.0,0.0,0.0,0.0,0.0,0.0,0.0,0.0,0.0,0.0,0.010416666666666666,0.0,0.0,0.0,0.0,0.0,0.0,0.0,0.0,0.0,0.0,0.0,0.0,0.0,0.0,0.0,0.0,0.0,0.0,0.0,0.0,0.0,0.0,0.0,0.0,0.0,0.0,0.0,0.0,0.0,0.0,0.0,0.0,0.0,0.0,0.0,0.0,0.0,0.0,0.0,0.0,0.0,0.0,0.0,0.0,0.011111111111111112,0.0,0.0,0.0,0.0,0.0,0.0,0.0,0.0,0.0,0.0,0.0,0.0,0.0,0.0,0.0,0.0,0.0,0.0,0.0,0.0,0.0,0.0,0.0
4478258, idnK, G->A, synonymous,2.74551,0.0079992,113,-1.0,0.8,112,0.9,0.6,PASS,0.0,0.0,0.0,0.0,0.0,0.0,0.0,0.0,0.0,0.0,0.0,0.0,0.0,0.0,0.0,0.0,0.0,0.0,0.0,0.0,0.0,0.0,0.0,0.0,0.0,0.0,0.0,0.0,0.0,0.0,0.0,0.0,0.0,0.0,0.0,0.0,0.0,0.0,0.0,0.0,0.0,0.0,0.0,0.0,0.0,0.0,0.0,0.022988505747126436,0.03125,0.0625,0.1509433962264151,0.0,0.034482758620689655,0.0,0.0,0.0,0.0,0.0,0.0,0.0,0.0,0.0,0.0,0.0,0.0,0.0,0.023529411764705882,0.0,0.0,0.0,0.0,0.0,0.0,0.0,0.0,0.0,0.01020408163265306,0.0,0.0,0.0,0.0,0.0,0.0,0.0,0.0,0.0,0.0,0.0,0.0,0.0,0.0,0.00909090909090909,0.010638297872340425,0.0,0.0,0.0,0.0,0.0,0.0,0.0,0.0,0.0,0.0,0.0,0.0,0.0,0.008547008547008548,0.0,0.0,0.0,0.0,0.0,0.0,0.0,0.0,0.0,0.0,0.0,0.0,0.0,0.0,0.0,0.0,0.0,0.0,0.0,0.0,0.0,0.0,0.0,0.0,0.0,0.0,0.0,0.0,0.0
4524522, fimA, MOB_4524522_4524527_IS186_1, sv,3.37832,0.00029997,113,-1.0,0.0591133,112,0.9,0.155844,PASS,0.0,0.0,0.0,0.0,0.0,0.01639344262295082,0.0,0.0,0.03125,0.0,0.0,0.0,0.015384615384615385,0.0,0.0,0.0,0.0,0.0,0.0,0.0,0.0,0.0,0.0,0.0,0.0,0.0,0.0,0.026785714285714284,0.007042253521126761,0.0,0.0,0.0,0.014925373134328358,0.0136986301369863,0.006369426751592357,0.0,0.0,0.0,0.0,0.0196078431372549,0.020618556701030927,0.0,0.0,0.0,0.02197802197802198,0.0,0.0,0.07096774193548387,0.30434782608695654,0.375,0.6914893617021277,0.1076923076923077,0.0,0.0,0.0,0.0,0.0196078431372549,0.0,0.0,0.0,0.008333333333333333,0.010752688172043012,0.0,0.02857142857142857,0.005649717514124294,0.0,0.0,0.0,0.0,0.009523809523809525,0.0,0.0,0.0,0.017391304347826087,0.0,0.0,0.0,0.0,0.025806451612903226,0.0,0.0,0.008130081300813009,0.0,0.005917159763313609,0.0,0.006369426751592357,0.0,0.0,0.007194244604316547,0.014018691588785047,0.024193548387096774,0.013333333333333334,0.0,0.01098901098901099,0.013513513513513514,0.0,0.0,0.0,0.00980392156862745,0.0,0.0,0.0,0.004048582995951417,0.0,0.008,0.011363636363636364,0.010752688172043012,0.0,0.016260162601626018,0.03125,0.025974025974025976,0.024096385542168676,0.021897810218978103,0.01639344262295082,0.0,0.0,0.0,0.0,0.0,0.0,0.0,0.0,0.0,0.0,0.0,0.0,0.0,0.0,0.0,0.0,0.0,0.0,0.0,0.0,0.0,0.0
4558685, hsdS, indel;-5, indel,0.787879,9.999e-05,113,-1.0,0.0740741,110,0.9,0.307692,PASS,0.0,0.0,0.0,0.0,0.0,0.0,0.0,0.0,0.0,0.0,0.0,0.0,0.0,0.0,0.0,0.0,0.0,0.0,0.0,0.0,0.0,0.0,0.0,0.0,0.02109704641350211,0.02666666666666667,0.25806451612903225,0.56,0.3709677419354839,0.2745995423340961,0.4485981308411215,0.345679012345679,0.2996845425867508,0.3669724770642202,0.7796610169491526,0.7288135593220338,0.9444444444444444,0.7037037037037037,0.4067796610169492,0.36666666666666664,0.6909090909090909,0.20224719101123595,0.9863013698630136,0.6222222222222222,0.7368421052631579,0.6666666666666666,0.6101694915254238,0.5384615384615384,0.6097560975609756,0.6666666666666666,0.7941176470588235,0.7368421052631579,0.78,0.7472527472527473,0.8260869565217391,0.6538461538461539,0.847457627118644,0.9285714285714286,1.0,0.912621359223301,0.9736842105263158,0.9230769230769231,0.98,0.8409090909090909,0.8548387096774194,0.7651006711409396,0.9496402877697842,0.8461538461538461,1.0,0.7333333333333333,0.8666666666666667,0.896551724137931,0.9148936170212766,0.95,0.9516129032258065,0.9111111111111111,0.96,0.9285714285714286,0.968421052631579,0.9454545454545454,0.975,0.9333333333333333,0.9552238805970149,0.9818181818181818,1.0,0.9621621621621622,0.9838709677419355,0.8857142857142857,1.0,1.0,0.9904761904761905,0.9583333333333334,1.0,0.9615384615384616,0.984375,0.9876543209876543,1.0,1.0,1.0,0.9761904761904762,1.0,0.9743589743589743,1.0,1.0,0.9795918367346939,0.9787234042553191,0.8849557522123894,0.96875,0.9411764705882353,1.0,0.8571428571428571,0.8780487804878049,0.8833333333333333,1.0,0.0,0.0,0.0,0.0,0.0,0.0,0.0,0.0,0.0,0.0,0.0,0.0,1.0,0.0,0.0,0.0,1.0,1.0,1.0,1.0,0.9980657640232108,0.9900990099009901
4558774, hsdS, indel;-1, indel,1.32838,9.999e-05,113,-1.0,0.705882,109,0.9,0.181818,PASS,0.0,0.0,0.0,0.0,0.0,0.0,0.0,0.0,0.0,0.0,0.0,0.0,0.0,0.0,0.0,0.0,0.0,0.0,0.0,0.0,0.0,0.0,0.0,0.0,0.0,0.0,0.027777777777777776,0.0,0.0,0.012987012987012988,0.0,0.03333333333333333,0.05555555555555555,0.0,0.0,0.0,0.0,0.0,0.05263157894736842,0.0,0.0,0.4878048780487805,0.0,0.3333333333333333,0.15625,0.36,0.2962962962962963,0.4523809523809524,0.3333333333333333,0.16666666666666666,0.18518518518518517,0.3,0.14285714285714285,0.2647058823529412,0.2222222222222222,0.3,0.20833333333333334,0.17142857142857143,0.0,0.08,0.0,0.058823529411764705,0.03225806451612903,0.14285714285714285,0.16,0.16923076923076924,0.015625,0.20253164556962025,0.0,0.16666666666666666,0.24,0.06666666666666667,0.10256410256410256,0.06666666666666667,0.04081632653061224,0.023809523809523808,0.1,0.06976744186046512,0.01694915254237288,0.13636363636363635,0.027777777777777776,0.1,0.021739130434782608,0.06382978723404255,0.0,0.029850746268656716,0.020833333333333332,0.0,0.0,0.0,0.0,0.015625,0.0,0.0,0.0,0.0,0.0,0.0,0.0,0.0,0.0,0.0,0.0,0.0,0.0,0.0,0.0,0.0,0.0,0.0,0.0,0.0,0.0,0.0,0.0,0.0,0.0,0.0,0.0,0.0,0.0,0.0,0.0,0.0,0.0,0.0,0.0,0.0,0.016666666666666666,0.0,0.0,0.0,0.0,0.0,0.0,0.0
4560361, hsdM, junction_4560361_1_IS1_end, sv,1.05638,9.999e-05,113,-1.0,0.333333,112,0.9,0.75,PASS,0.0,0.0,0.0,0.0,0.0,0.0,0.0,0.0,0.0,0.0,0.0,0.0,0.0,0.0,0.0,0.0,0.0,0.0,0.0,0.0,0.0,0.0,0.0,0.0,0.0,0.0,0.0,0.0,0.0,0.0,0.0,0.0,0.0,0.0,0.0,0.0,0.0,0.0,0.0,0.0,0.0,0.0,0.0,0.0,0.0,0.0,0.0,0.0,0.0,0.0,0.0,0.0,0.0,0.0,0.0,0.0,0.0,0.0,0.0,0.0,0.0,0.0,0.0,0.0,0.0,0.0,0.0,0.013157894736842105,0.0,0.0,0.018518518518518517,0.11904761904761904,0.16326530612244897,0.3673469387755102,0.075,0.20930232558139536,0.08571428571428572,0.3888888888888889,0.05084745762711865,0.11627906976744186,0.23809523809523808,0.4,0.21666666666666667,0.22077922077922077,0.48717948717948717,0.125,0.21153846153846154,0.4782608695652174,0.5,0.3783783783783784,0.11428571428571428,0.23170731707317074,0.2898550724637681,0.06451612903225806,0.0,0.16666666666666666,0.2247191011235955,0.5116279069767442,0.19607843137254902,0.23809523809523808,0.27848101265822783,0.417910447761194,0.4375,0.30303030303030304,0.06382978723404255,0.17073170731707318,0.23333333333333334,0.08888888888888889,0.20930232558139536,0.3548387096774194,0.2682926829268293,0.21951219512195122,0.1566265060240964,0.3275862068965517,0.0,0.0,0.0,0.0,0.0,0.0,0.0,0.0,0.0,0.0,0.0,0.0,0.0,0.0,0.0,0.0,0.0,0.0,0.0,0.0,0.0,0.0
4560483, hsdM, indel;C;-1;T;G, indel,2.9853,0.00019998,113,-1.0,0.923077,112,0.9,0.75,PASS,0.0,0.0,0.0,0.0,0.0,0.0,0.0,0.0,0.0,0.0,0.0,0.0,0.0,0.0,0.0,0.0,0.0,0.0,0.0,0.0,0.0,0.0,0.0,0.0,0.03225806451612903,0.0,0.0,0.0,0.0,0.0,0.0,0.10344827586206896,0.2608695652173913,0.28,0.021739130434782608,0.3,0.11428571428571428,0.06666666666666667,0.6,0.5,0.16666666666666666,0.046511627906976744,0.025,0.0,0.0,0.0,0.0,0.0,0.0,0.04,0.0,0.0,0.0,0.0,0.0,0.0,0.024390243902439025,0.0,0.0,0.0,0.0,0.0,0.0,0.0,0.014492753623188406,0.0,0.022727272727272728,0.020202020202020204,0.0,0.0,0.0,0.0,0.0,0.0,0.0,0.0,0.0,0.0,0.0,0.0,0.0,0.0,0.0,0.0,0.0,0.0,0.0,0.0,0.0,0.0,0.0,0.009174311926605505,0.0,0.0,0.0,0.0,0.0,0.0,0.0,0.0,0.0,0.013157894736842105,0.0,0.0,0.0,0.06060606060606061,0.0,0.0,0.0,0.0,0.0,0.04,0.0,0.0,0.034482758620689655,0.0,0.0,0.0,0.0,0.0,0.0,0.0,0.0,0.0,0.02,0.0,0.0,0.0,0.9333333333333333,0.8888888888888888,0.0,0.0,0.0,0.0,0.0,0.0
4603065, yjjV, C->T, synonymous,0.406538,0.00039996,113,-1.0,0.235294,111,0.9,0.923077,PASS,0.0,0.0,0.0,0.0,0.0,0.041666666666666664,0.0,0.0,0.0,0.0,0.0,0.0,0.0,0.0,0.045454545454545456,0.2727272727272727,0.0,0.038461538461538464,0.0,0.0,0.21212121212121213,0.10344827586206896,0.2909090909090909,0.5609756097560976,0.3333333333333333,0.2903225806451613,0.15,0.075,0.1346153846153846,0.3333333333333333,0.2857142857142857,0.2647058823529412,0.17307692307692307,0.625,0.125,0.3684210526315789,0.046511627906976744,0.2,0.85,0.6818181818181818,0.40625,0.7674418604651163,0.08823529411764706,0.25,0.36363636363636365,0.275,0.3508771929824561,0.5970149253731343,0.44,0.3,0.2,0.16666666666666666,0.1320754716981132,0.19607843137254902,0.1,0.4,0.0,0.07692307692307693,0.0,0.07547169811320754,0.02631578947368421,0.05263157894736842,0.019230769230769232,0.13333333333333333,0.11290322580645161,0.273972602739726,0.11363636363636363,0.15384615384615385,0.05555555555555555,0.21052631578947367,0.1836734693877551,0.2894736842105263,0.24528301886792453,0.203125,0.11764705882352941,0.23404255319148937,0.05263157894736842,0.4246575342465753,0.0,0.16666666666666666,0.2608695652173913,0.4444444444444444,0.14,0.2413793103448276,0.47435897435897434,0.11666666666666667,0.21428571428571427,0.4418604651162791,0.2857142857142857,0.23809523809523808,0.02531645569620253,0.20952380952380953,0.21568627450980393,0.13793103448275862,0.0,0.18518518518518517,0.11320754716981132,0.4838709677419355,0.15151515151515152,0.175,0.2608695652173913,0.5192307692307693,0.2916666666666667,0.36585365853658536,0.0,0.225,0.288135593220339,0.05263157894736842,0.39215686274509803,0.4634146341463415,0.3,0.07407407407407407,0.0847457627118644,0.4489795918367347,0.0,0.0,0.014492753623188406,0.0,0.0,0.0,0.0,0.0,0.0,0.0,0.0,0.0,0.0,0.0,1.0,0.9736842105263158,0.0,0.0,0.0,0.0,0.0,0.0
4616409, nadR, A->G, missense,0.5187,9.999e-05,113,-1.0,0.292683,112,0.9,0.545455,PASS,0.0044444444444444444,0.0,0.0,0.0,0.0,0.0,0.045454545454545456,0.2,0.0,0.0,0.0,0.0,0.0,0.0,0.6521739130434783,0.4523809523809524,0.8571428571428571,0.6,0.926829268292683,0.5652173913043478,0.6388888888888888,0.925,0.7049180327868853,0.6862745098039216,0.8545454545454545,0.8076923076923077,0.7647058823529411,0.8,0.7596153846153846,0.6153846153846154,0.7090909090909091,0.6363636363636364,0.75,0.2765957446808511,0.7922077922077922,0.7272727272727273,0.9324324324324325,0.8,0.32,0.3793103448275862,0.7,0.30357142857142855,0.8809523809523809,0.8095238095238095,0.5402298850574713,0.7727272727272727,0.6442307692307693,0.5301204819277109,0.3333333333333333,0.5405405405405406,0.66,0.5405405405405406,0.8045977011494253,0.7638888888888888,0.7948717948717948,0.5454545454545454,0.9454545454545454,0.9393939393939394,0.9795918367346939,0.9166666666666666,0.9464285714285714,0.9354838709677419,0.9833333333333333,0.75,0.9076923076923077,0.696078431372549,0.8936170212765957,0.8472222222222222,0.8125,0.8620689655172413,0.8295454545454546,0.6428571428571429,0.6349206349206349,0.5535714285714286,0.8571428571428571,0.7681159420289855,0.8051948051948052,0.5102040816326531,0.9534883720930233,0.8421052631578947,0.6811594202898551,0.6666666666666666,0.8068181818181818,0.7555555555555555,0.5238095238095238,0.9069767441860465,0.7228915662650602,0.6944444444444444,0.5392156862745098,0.6494845360824743,0.8978102189781022,0.75,0.6666666666666666,0.8636363636363636,0.9858156028368794,0.8539325842696629,0.8247422680412371,0.6666666666666666,0.8947368421052632,0.6949152542372882,0.7281553398058253,0.5102040816326531,0.6716417910447762,0.5409836065573771,0.8947368421052632,0.6842105263157895,0.6057692307692307,0.9117647058823529,0.6166666666666667,0.6304347826086957,0.578125,0.7777777777777778,0.6888888888888889,0.6071428571428571,0.0,0.0,0.0,0.018867924528301886,0.0,0.0,0.0,0.0,0.0,0.0,0.0,0.0,1.0,1.0,0.0,0.0,1.0,1.0,1.0,1.0,1.0,1.0
4616420, nadR, G->A, missense,0.37641,0.00169983,113,-1.0,0.352941,112,0.9,0.545455,PASS,0.0,0.0,0.0,0.0,0.0,0.0,0.0,0.0,0.0,0.0,0.0,0.0,0.0,0.0,0.0,0.0,0.0,0.0,0.0,0.041666666666666664,0.1388888888888889,0.07142857142857142,0.22807017543859648,0.2826086956521739,0.15384615384615385,0.16666666666666666,0.1794871794871795,0.1780821917808219,0.2222222222222222,0.37349397590361444,0.2692307692307692,0.23684210526315788,0.24,0.725,0.1511627906976744,0.22535211267605634,0.056338028169014086,0.17857142857142858,0.6086956521739131,0.625,0.2571428571428571,0.6428571428571429,0.11904761904761904,0.0,0.45454545454545453,0.21568627450980393,0.30612244897959184,0.4084507042253521,0.5517241379310345,0.3548387096774194,0.2558139534883721,0.4473684210526316,0.21176470588235294,0.140625,0.16216216216216217,0.375,0.03571428571428571,0.0425531914893617,0.018518518518518517,0.041666666666666664,0.05,0.06060606060606061,0.01639344262295082,0.22807017543859648,0.06923076923076923,0.25,0.07291666666666667,0.14864864864864866,0.21428571428571427,0.16981132075471697,0.1625,0.2857142857142857,0.38333333333333336,0.4230769230769231,0.10666666666666667,0.22727272727272727,0.16666666666666666,0.40425531914893614,0.0390625,0.10909090909090909,0.2753623188405797,0.29333333333333333,0.11764705882352941,0.20689655172413793,0.4260869565217391,0.0449438202247191,0.24050632911392406,0.234375,0.42424242424242425,0.27472527472527475,0.1079136690647482,0.216,0.273972602739726,0.11904761904761904,0.007518796992481203,0.09278350515463918,0.13978494623655913,0.2978723404255319,0.0847457627118644,0.2807017543859649,0.1919191919191919,0.4444444444444444,0.29365079365079366,0.4067796610169492,0.11538461538461539,0.3684210526315789,0.29411764705882354,0.04477611940298507,0.38596491228070173,0.2682926829268293,0.4666666666666667,0.20689655172413793,0.21348314606741572,0.32432432432432434,0.0,0.0,0.0,0.0,0.0,0.0,0.0,0.0,0.0,0.0,0.0,0.0,0.0,0.0,1.0,1.0,0.0,0.0,0.0,0.0,0.0,0.0
4627769, arcA, C->A, missense,0.542956,9.999e-05,113,-1.0,1.0,110,0.9,0.857143,PASS,0.0,0.0,0.0,0.0,0.0,0.0,0.0,0.0,0.0,0.0,0.0,0.0,0.0,1.0,0.5333333333333333,0.3888888888888889,0.9230769230769231,0.2222222222222222,0.9166666666666666,0.8125,0.6923076923076923,0.9444444444444444,0.6060606060606061,0.3333333333333333,0.6666666666666666,0.7916666666666666,0.5833333333333334,0.8076923076923077,0.9210526315789473,0.7432432432432432,0.8181818181818182,0.7333333333333333,0.4411764705882353,0.3103448275862069,0.9090909090909091,0.7692307692307693,0.9534883720930233,0.6111111111111112,0.21052631578947367,0.45,0.7857142857142857,0.32142857142857145,0.9354838709677419,0.625,0.625,0.6296296296296297,0.717391304347826,0.38095238095238093,0.5909090909090909,0.6666666666666666,0.8823529411764706,0.5789473684210527,0.7586206896551724,0.8064516129032258,0.9166666666666666,0.7272727272727273,0.9090909090909091,0.9583333333333334,0.9642857142857143,0.8333333333333334,0.9655172413793104,0.8,1.0,0.875,0.9491525423728814,0.84375,0.9038461538461539,0.8271604938271605,1.0,0.72,0.7777777777777778,0.7142857142857143,0.5686274509803921,0.6756756756756757,0.9090909090909091,0.7941176470588235,0.8620689655172413,0.7352941176470589,0.9259259259259259,0.9512195121951219,0.7857142857142857,0.5789473684210527,0.8620689655172413,0.6949152542372882,0.5869565217391305,0.8571428571428571,0.8571428571428571,0.6818181818181818,0.6379310344827587,0.6226415094339622,0.8947368421052632,0.6756756756756757,0.6285714285714286,0.7941176470588235,0.9824561403508771,0.8627450980392157,0.8181818181818182,0.4444444444444444,0.7931034482758621,0.8709677419354839,0.7872340425531915,0.5714285714285714,0.6285714285714286,0.6818181818181818,0.8620689655172413,0.8076923076923077,0.7391304347826086,0.8823529411764706,0.5,0.6,0.5882352941176471,0.6428571428571429,0.6176470588235294,0.574468085106383,0.0,0.0,0.0,0.0,0.0,0.0,0.0,0.0,0.0,0.0,0.0,0.0,1.0,1.0,0.016129032258064516,0.0,1.0,1.0,1.0,1.0,1.0,0.9831932773109243
