Position,Gene,Allele,Annotation,Test statistic,P-value,Deletion index,Fold reduction,Deletion P-value,Duplication index,Fold increase,Duplication pvalue,Passed?,AF:0,AF:500,AF:1000,AF:1500,AF:2000,AF:2500,AF:3000,AF:3500,AF:4000,AF:4500,AF:5000,AF:5500,AF:6000,AF:6500,AF:7000,AF:7500,AF:8000,AF:8500,AF:9000,AF:9500,AF:10000,AF:10500,AF:11000,AF:11500,AF:12000,AF:12500,AF:13000,AF:13500,AF:14000,AF:14500,AF:15000,AF:15500,AF:16000,AF:16500,AF:17000,AF:17500,AF:18000,AF:18500,AF:19000,AF:19500,AF:20000,AF:20500,AF:21000,AF:21500,AF:22000,AF:22500,AF:23000,AF:23500,AF:24000,AF:24500,AF:25000,AF:25500,AF:26000,AF:26500,AF:27000,AF:27500,AF:28000,AF:28500,AF:29000,AF:29500,AF:30000,AF:30500,AF:31000,AF:31500,AF:32000,AF:32500,AF:33000,AF:33500,AF:34000,AF:34500,AF:35000,AF:35500,AF:36000,AF:36500,AF:37000,AF:37500,AF:38000,AF:38500,AF:39000,AF:39500,AF:40000,AF:40500,AF:41000,AF:41500,AF:42000,AF:42500,AF:43000,AF:43500,AF:44000,AF:44500,AF:45000,AF:45500,AF:46000,AF:46500,AF:47000,AF:47500,AF:48000,AF:48500,AF:49000,AF:49500,AF:50000,AF:50500,AF:51000,AF:51500,AF:52000,AF:52500,AF:53000,AF:53500,AF:54000,AF:54500,AF:55000,AF:55500,AF:56000,AF:56500,AF:57000,AF:57500,AF:58000,AF:58500,AF:59000,AF:59500,AF:60000,AF:60500,AF:1000500,AF:1000600,AF:1001000,AF:1001100,AF:1001500,AF:1001600,AF:1002000,AF:1002100,AF:1005000,AF:1005100,AF:1010000,AF:1010100,AF:1015000,AF:1015100,AF:1020000,AF:1020100,AF:1030000,AF:1030099,AF:1040000,AF:1040099,AF:1050000,AF:1050100
1249, thrA, C->T, missense,0.838054,9.999e-05,121,-1.0,0.75,120,0.9,0.461538,PASS,0.0,0.0,0.0,0.015625,0.0,0.0,0.008733624454148471,0.0,0.0,0.0,0.0,0.0,0.0,0.0,0.0,0.0,0.0,0.0,0.0,0.0,0.011904761904761904,0.0,0.0,0.0,0.0,0.0,0.0,0.0,0.0,0.11764705882352941,0.8095238095238095,1.0,0.8571428571428571,0.8846153846153846,0.8953488372093024,0.95,0.855072463768116,0.9787234042553191,0.9230769230769231,0.8571428571428571,0.9,0.7777777777777778,0.85,0.9772727272727273,1.0,1.0,0.9666666666666667,0.9365079365079365,0.9726027397260274,0.8928571428571429,0.8876404494382022,0.9282511210762332,0.9708029197080292,1.0,0.9428571428571428,0.9791666666666666,0.9146341463414634,0.8426966292134831,0.8852459016393442,0.8571428571428571,0.9873417721518988,1.0,0.9090909090909091,0.916256157635468,0.8518518518518519,0.8545454545454545,1.0,0.9534883720930233,0.8863636363636364,0.8301886792452831,0.7538461538461538,0.8584070796460177,0.8961038961038961,0.7692307692307693,0.9090909090909091,0.6158536585365854,0.7777777777777778,0.7543859649122807,0.64,0.4166666666666667,0.4424778761061947,0.8214285714285714,0.625,0.8651685393258427,0.5740740740740741,0.7888888888888889,0.9459459459459459,0.8243243243243243,0.5263157894736842,0.6967741935483871,0.7380952380952381,0.9139784946236559,0.912621359223301,0.9066666666666666,0.9375,0.9661016949152542,1.0,0.9367088607594937,0.8928571428571429,0.9420289855072463,0.9803921568627451,0.9935897435897436,1.0,1.0,0.9494949494949495,0.983739837398374,0.911504424778761,0.9423076923076923,1.0,0.9791666666666666,0.9864864864864865,0.9823008849557522,1.0,0.9934640522875817,0.9452054794520548,0.9555555555555556,0.8493150684931506,0.9192546583850931,1.0,0.9550561797752809,0.9343065693430657,0.9020979020979021,0.0,0.0,0.0,0.0,0.0,0.0,0.0,0.0,0.0,0.0,0.0,0.0,0.04395604395604396,1.0,1.0,1.0,0.0,1.0,1.0,0.9885714285714285,0.995,1.0
16972, mokC, MOB_16972_16974_IS150_-1, sv,1.0622,9.999e-05,109,-1.0,0.130435,114,0.9,0.0493827,PASS,0.0,0.01781860465116279,0.0,0.0,0.0,0.030892142857142854,0.0,0.0,0.0,0.017397161629434953,0.0,0.0,0.007120214592274678,0.017156724137931036,0.0,0.005337942122186495,0.0,0.0,0.03615453720508167,0.0,0.0,0.023748548644338115,0.014858662182361733,0.0,0.02445142576204523,0.0,0.054504652014652016,0.013609756030701753,0.0,0.0,0.006613718459495352,0.035744110576923074,0.014504102189781022,0.035494693295292444,0.043434539315002414,0.053883355886332876,0.1313218872870249,0.07571981845688353,0.025591343669250644,0.0056055061179087875,0.0,0.0,0.0,0.0,0.03905922521339461,0.005382175800325556,0.017945825825825826,0.005646230158730159,0.06840306469920544,0.07466573991031389,0.13385163014430787,0.09537193185099624,0.08278345323741007,0.03911779195289499,0.0875357917570499,0.06615192943770672,0.14593291139240508,0.18627136824324322,0.11132958333333333,0.1567751677852349,0.11498190376569038,0.30610349344978166,0.23346186770428018,0.2277791706846673,0.07414158415841585,0.22564384748700173,0.0,0.13417630619684082,0.10933619344773791,0.14094294670846397,0.25529927338782926,0.1645362210604929,0.1953426183844011,0.2653061224489796,0.18627450980392157,0.39331619537275064,0.27419354838709675,0.3291139240506329,0.3008130081300813,0.7074829931972789,0.5454545454545454,0.3150684931506849,1.0,0.3282442748091603,0.40404040404040403,0.2520491803278688,0.05128205128205128,0.2344213649851632,0.5303030303030303,0.29453681710213775,0.250936329588015,0.07777777777777778,0.1056338028169014,0.1328125,,0.25,,0.08333333333333333,0.14655172413793102,0.10204081632653061,0.05,0.004427225433526011,0.5,,0.12318840579710146,0.03968253968253968,0.08759124087591241,0.06914893617021277,0.05673758865248227,0.5,,0.018018018018018018,0.03225806451612903,0.04050632911392405,0.0851063829787234,0.078125,0.26785714285714285,0.049852999548940014,,0.042105263157894736,0.06030150753768844,0.03614457831325301,0.0,0.0,0.0,0.0,0.0,0.0,0.0,0.0,0.0,0.0,0.0,0.0,0.0,0.0,0.0,0.0,0.9619047619047619,0.0,,0.0,0.0,
16972, mokC, MOB_16972_16974_IS150_1, sv,0.768507,9.999e-05,121,-1.0,0.0606061,119,0.9,0.444444,PASS,0.005736355502535043,0.03277423469387755,0.0,0.01575094627105052,0.01212398322851153,0.05576656891495601,0.0249924893314367,0.016406218161683278,0.04157180267965895,0.04065153272576637,0.01592356687898089,0.05133867228661749,0.07560082487309645,0.14304017571884983,0.0,0.18660289181513037,0.1488317717717718,0.0667302192564347,0.12974849290780144,0.06861591647331786,0.14268425702811244,0.13077052785923754,0.16715562174236784,0.22833482993197277,0.1671688132474701,0.12239245960502693,0.2688200729927007,0.2035588312027133,0.14926475195822453,0.13540959488272922,0.06386774821544451,0.07360936170212766,0.12536912751677853,0.07684518888096935,0.19447491795593058,0.14166227781435153,0.21763307984790875,0.22285448079658607,0.4778888631090487,0.5773476821192053,0.620065371024735,0.9053134872417984,0.9694789785916947,0.43307565337001375,0.5207946544980443,0.3639764327798608,0.23172689817539727,0.08092979189485214,0.14791032258064518,0.15873015873015875,0.06604012474012474,0.08772982749026155,0.08822590782122906,0.1517117808219178,0.0383562,0.041528098290598295,0.05961436123348018,0.07098161943319838,0.07983350736278447,0.021008403361344536,0.14995158002038736,0.1737168888888889,0.09316770186335403,0.12632782369146006,0.08971705215419501,0.25692125645438896,0.8494376744186046,0.5995319711538462,0.5687458194233688,0.37326876947040494,0.4263564149226569,0.6219523185185185,0.7330827067669172,0.7346938775510204,0.8137254901960784,0.7002967359050445,0.7692307692307693,0.6708860759493671,0.6991869918699187,0.2925170068027211,0.6,0.684931506849315,1.0,0.6717557251908397,0.7108433734939759,0.8004385964912281,0.961038961038961,0.7655786350148368,0.62,0.8092643051771117,0.7490636704119851,0.9222222222222223,0.9694656488549618,0.8671875,1.0,0.75,1.0,0.9565217391304348,0.9611650485436893,0.9606986899563319,0.95,0.9869896814715119,0.987012987012987,1.0,0.8768115942028986,0.9918032786885246,0.9398496240601504,0.9308510638297872,0.9568345323741008,0.9935483870967742,1.0,0.9819819819819819,0.9836065573770492,0.9499747347145022,0.9148936170212766,0.9267015706806283,0.8367346938775511,0.9326652094717668,1.0,0.9837837837837838,0.9639175257731959,0.975609756097561,0.03242870608397601,0.020065906680805937,0.024352895752895752,0.02971444723618091,0.052150045998160074,0.0,0.03207141242937853,0.06094090177133655,0.050218046709129514,0.01706239855725879,0.023741718946047676,0.02453171996542783,0.006806532374100719,0.046039334955393356,1.0,0.9946720171214553,0.08163265306122448,0.020500704225352114,1.0,0.991206437291898,0.9977022948366178,1.0
17045, mokC, MOB_17045_17047_IS150_1, sv,1.10231,9.999e-05,72,-1.16141,0.01875,100,0.9,0.428571,PASS,0.0,0.0,0.0,0.0,0.0,0.0,0.0,0.0,0.020833333333333332,0.0,0.0,0.0,0.0,0.0,0.0,0.0,0.0,0.0,0.0,0.0,0.0,0.0,0.0,0.0,0.03488372093023256,0.0,0.0,0.006097560975609756,0.0,0.0,0.0,0.0,0.04081632653061224,0.0,0.0,0.0,0.0,0.0,0.0,0.0,0.0,0.0,0.0,0.0,0.0,0.0,0.03787878787878788,0.04225352112676056,0.0,0.02,0.0,0.010050251256281407,0.0,0.0,0.4166666666666667,0.06976744186046512,0.6842105263157895,0.7101449275362319,0.7538461538461538,0.7333333333333333,0.7205882352941176,0.5714285714285714,0.6,0.6404494382022472,1.0,0.6442307692307693,0.5,0.7272727272727273,0.6666666666666666,0.9036144578313253,0.5098039215686274,0.8796296296296297,0.9166666666666666,0.8666666666666667,0.8095238095238095,0.8,0.9375,0.6363636363636364,0.8666666666666667,0.3793103448275862,0.5,0.8588235294117647,1.0,0.8428571428571429,0.7142857142857143,0.875,1.0,0.9565217391304348,0.8333333333333334,0.8490566037735849,0.7299270072992701,0.96,0.92,0.8875,1.0,0.9607843137254902,0.8461538461538461,1.0,0.9148936170212766,0.9193548387096774,0.9607843137254902,0.9649122807017544,0.9411764705882353,1.0,0.8,0.96,0.9238095238095239,0.9090909090909091,0.971830985915493,1.0,1.0,1.0,1.0,0.9545454545454546,0.9649122807017544,0.9,1.0,1.0,1.0,0.9642857142857143,0.92,0.9545454545454546,0.0,0.0,0.0,0.0,0.0,0.0,0.0,0.0,0.0,0.0,0.0,0.0,0.0,0.0,0.0,0.0,0.0,1.0,1.0,1.0,0.9945205479452055,1.0
61189, imp, T->G, missense,3.86809,9.999e-05,121,-1.0,0.8,120,0.9,0.75,PASS,0.0,0.0,0.0,0.0,0.0,0.0,0.0,0.0,0.0,0.0,0.0,0.0,0.0,0.0,0.0,0.0,0.0,0.0,0.0,0.0,0.0,0.0,0.0,0.0,0.0,0.0,0.0,0.0,0.0,0.0,0.0,0.0,0.0,0.0,0.0,0.0,0.0,0.0,0.0,0.0,0.0,0.0,0.0,0.0,0.0,0.0,0.0,0.0,0.0,0.0,0.0,0.0,0.0,0.0,0.0,0.0,0.0,0.0,0.009523809523809525,0.02531645569620253,0.05660377358490566,0.10344827586206896,0.25925925925925924,0.04602510460251046,0.24242424242424243,0.3225806451612903,0.2,0.014492753623188406,0.16101694915254236,0.47435897435897434,0.0,0.0,0.0,0.0,0.0,0.0,0.0,0.0,0.0,0.0,0.0,0.0,0.0,0.0,0.0,0.0,0.0,0.0,0.0,0.0,0.0,0.0,0.0,0.0,0.0,0.0,0.0,0.0,0.0,0.0,0.0,0.0,0.0,0.0,0.0,0.0,0.0,0.0,0.0,0.0,0.0,0.0,0.0,0.0,0.0,0.0,0.0,0.0,0.0,0.0,0.0,0.0,0.0,0.0,0.0,0.0,0.0,0.0,0.0,0.0,0.0,0.0,0.0,0.0,0.0,0.014084507042253521,0.0,0.0,0.0,0.0,0.0,0.0,0.0,0.0
78888, yabN, MOB_78888_78890_IS150_-1, sv,1.46004,9.999e-05,121,-1.0,0.8,121,0.9,0.6,PASS,0.0,0.0,0.0,0.0,0.0,0.0,0.0,0.0,0.0,0.0,0.0,0.0,0.0,0.0,0.0,0.0,0.0,0.0,0.0,0.01694915254237288,0.011235955056179775,0.006172839506172839,0.0,0.0,0.0,0.015151515151515152,0.0,0.0,0.0,0.0,0.0,0.0,0.014285714285714285,0.031496062992125984,0.08092485549132948,0.007194244604316547,0.0,0.011111111111111112,0.0,0.0,0.0,0.0,0.00273224043715847,0.0,0.0078125,0.0,0.008403361344537815,0.0,0.014285714285714285,0.0,0.0,0.004395604395604396,0.0,0.0,0.0,0.0,0.0,0.0,0.0,0.00909090909090909,0.0,0.0,0.0,0.0,0.0,0.0,0.0,0.009615384615384616,0.005128205128205128,0.00684931506849315,0.125,0.11711711711711711,0.15789473684210525,0.11818181818181818,0.0945945945945946,0.3,0.21951219512195122,0.20588235294117646,0.2786885245901639,0.53125,0.5102040816326531,0.2,0.1111111111111111,0.22857142857142856,0.30303030303030304,0.28187919463087246,0.0273972602739726,0.2626865671641791,0.4177215189873418,0.3018867924528302,0.1559633027522936,0.0625,0.06363636363636363,0.14388489208633093,0.05555555555555555,0.059322033898305086,0.021505376344086023,0.05,0.145985401459854,0.06116207951070336,0.04285714285714286,0.008695652173913044,0.03424657534246575,0.005263157894736842,0.047619047619047616,0.022727272727272728,0.06716417910447761,0.018779342723004695,0.011494252873563218,0.010752688172043012,0.016129032258064516,0.043010752688172046,0.03816793893129771,0.029940119760479042,0.039473684210526314,0.045714285714285714,0.13043478260869565,0.059278350515463915,0.013605442176870748,0.07162534435261708,0.041379310344827586,0.06769230769230769,0.0,0.0,0.0,0.0,0.0,0.0,0.0,0.0,0.0,0.0,0.0,0.0,0.0,0.0,0.0,0.00641025641025641,0.0,0.0053475935828877,0.0,0.0,0.0,0.0
94940, ftsI, G->A, missense,1.5201,9.999e-05,121,-1.0,0.5,121,0.9,0.6,PASS,0.0,0.0,0.0,0.0,0.0,0.0,0.004807692307692308,0.0,0.0,0.0,0.0,0.0,0.0,0.0,0.0,0.0,0.0,0.0,0.0,0.0,0.0,0.0,0.0,0.0,0.0,0.0,0.0,0.0,0.0,0.0,0.0,0.0,0.0,0.0,0.0,0.0,0.0,0.0,0.0,0.0,0.0,0.0,0.0,0.0,0.0,0.0,0.0,0.0,0.0,0.0,0.0,0.0,0.0,0.0,0.0,0.0,0.0,0.0,0.0,0.0,0.0,0.0,0.0,0.0,0.0,0.0,0.0,0.017543859649122806,0.0,0.0,0.0,0.0,0.0,0.0,0.0,0.005434782608695652,0.0,0.0,0.0,0.0,0.0,0.0,0.0,0.0,0.0,0.0,0.0,0.0,0.0,0.0784313725490196,0.08071748878923767,0.8307692307692308,0.8829787234042553,0.9454545454545454,0.9166666666666666,0.8888888888888888,1.0,0.9487179487179487,0.927536231884058,0.9504132231404959,0.972972972972973,0.9827586206896551,1.0,1.0,0.9651162790697675,0.9736842105263158,0.9322033898305084,0.957983193277311,0.9873417721518988,0.9759036144578314,1.0,0.9844961240310077,0.9836065573770492,0.9664429530201343,0.9384615384615385,0.9367088607594937,0.8450704225352113,0.9337748344370861,0.9761904761904762,0.9473684210526315,0.9932885906040269,0.9428571428571428,0.0,0.0,0.0,0.0,0.0,0.0,0.0,0.0,0.014705882352941176,0.0,0.0,0.0,0.0,0.0,0.0,0.0,0.030303030303030304,0.0,0.0,0.0,1.0,1.0
106537, ftsQ, G->A, missense,3.09058,9.999e-05,121,-1.0,0.5,120,0.9,0.6,PASS,0.0,0.0,0.0,0.0,0.0,0.0,0.0,0.0,0.0,0.0,0.0,0.0,0.0,0.0,0.0,0.0,0.0,0.0,0.02127659574468085,0.0,0.0,0.0,0.0,0.0,0.0,0.0,0.0,0.0,0.0,0.0,0.0,0.0,0.0,0.0,0.0,0.0,0.0,0.0,0.0,0.0,0.0,0.0,0.0,0.0,0.0,0.0,0.0,0.0,0.0,0.0,0.0,0.0,0.0,0.0,0.0,0.0,0.0,0.0,0.0,0.0,0.0,0.0,0.0,0.0,0.0,0.0,0.0,0.0,0.0,0.0,0.0,0.0,0.0,0.0,0.0,0.0,0.0,0.0,0.0,0.0,0.0,0.0,0.0,0.0,0.0,0.0,0.0,0.0,0.0,0.0,0.0,0.0,0.0,0.0,0.0,0.0,0.0,0.0,0.0,0.0,0.0,0.0,0.0,0.0,0.010309278350515464,0.0,0.0,0.0,0.0,0.0,0.0,0.0,0.0,0.09558823529411764,0.021739130434782608,0.3881578947368421,0.5081967213114754,0.8103448275862069,0.9191919191919192,0.8732394366197183,0.8263888888888888,0.8661417322834646,0.0,0.0,0.0,0.0,0.0,0.0,0.0,0.0,0.0,0.0,0.0,0.0,0.0,0.0,0.0,0.0,0.0,0.0,0.0,0.0,0.0,0.0
124945, pdhR, A->T, missense,4.4679,0.00129987,121,-1.0,0.666667,120,0.9,0.48,PASS,0.0,0.0,0.0,0.0,0.0,0.0,0.0,0.0,0.0,0.0,0.0,0.0,0.0,0.0,0.0,0.0,0.0,0.0,0.0,0.0,0.0,0.0,0.0,0.0,0.0,0.0,0.0,0.0,0.0,0.0,0.0,0.0,0.0,0.0,0.0,0.0,0.0,0.0,0.0,0.0,0.0,0.0,0.0,0.0,0.0,0.0,0.0,0.0,0.0,0.06976744186046512,0.109375,0.05286343612334802,0.0,0.01694915254237288,0.0,0.0,0.0,0.0,0.0,0.0,0.0,0.0,0.0,0.0,0.0,0.0,0.0,0.0,0.0,0.0,0.0,0.0,0.0,0.0,0.0,0.0,0.0,0.0,0.0,0.0,0.0,0.0,0.0,0.0,0.0,0.0,0.0,0.0,0.0,0.0,0.0,0.0,0.0,0.0,0.0,0.0,0.0,0.0,0.0,0.0,0.0,0.0,0.0,0.0,0.0,0.0,0.0,0.0,0.0,0.0,0.0,0.0,0.0,0.0,0.0,0.0,0.0,0.0,0.0,0.0,0.0,0.0,0.0,0.0,0.0,0.0,0.0,0.0,0.0,0.0,0.0,0.0,0.0,0.0,0.0,0.0,0.0,0.0,0.0,0.0,0.0,0.0,0.0,0.0
129095, aceF, C->A, synonymous,2.06674,0.014648,121,-1.0,0.444444,118,0.9,0.631579,PASS,0.0,0.0,0.0,0.0,0.0,0.0,0.0,0.0,0.0,0.0,0.0,0.0,0.0,0.0,0.0,0.0,0.0,0.0,0.0,0.0,0.0,0.0,0.021739130434782608,0.0,0.0,0.0,0.0,0.0,0.0,0.0,0.023809523809523808,0.0,0.025,0.0,0.07142857142857142,0.0,0.0,0.0,0.0,0.0,0.0,0.0,0.0,0.0,0.0,0.04,0.029411764705882353,0.015384615384615385,0.0,0.0,0.0,0.0,0.0,0.0,0.0,0.0,0.0,0.0,0.07692307692307693,0.11538461538461539,0.044444444444444446,0.0,0.0,0.0,0.0,0.0,0.0,0.0,0.0,0.0,0.0,0.04878048780487805,0.0,0.0,0.0,0.0,0.0,0.0,0.0,0.0,0.0,0.0,0.0,0.0,0.0,0.0,0.0,0.0,0.0,0.009345794392523364,0.0,0.0,0.0,0.0,0.0,0.0,0.0,0.0,0.0,0.0,0.047619047619047616,0.0,0.0,0.0,0.0,0.0,0.0,0.0,0.024390243902439025,0.0,0.0,0.0,0.0,0.0,0.0,0.0,0.015384615384615385,0.0,0.0,0.0,0.0,0.0,0.0,0.0,0.0,0.0,0.0,0.0,0.0,0.0,0.0,0.0,0.0,0.0,0.0,0.0,0.0,0.0,0.0,0.0,0.0,0.0,0.004048582995951417,0.0
134616, acnB, C->T, synonymous,4.48535,0.00019998,121,-1.0,0.375,120,0.9,0.413793,PASS,0.0,0.0,0.0,0.0,0.0,0.0,0.0,0.0,0.0,0.0,0.0,0.0,0.0,0.0,0.0,0.0,0.0,0.0,0.0,0.0,0.0,0.0,0.0,0.0,0.0,0.0,0.0,0.0,0.0,0.0,0.0,0.0,0.0,0.0,0.0,0.0,0.0,0.0,0.0,0.0,0.0,0.0,0.0,0.0,0.0,0.0,0.0,0.0,0.0,0.0,0.0,0.0,0.0,0.0,0.0,0.0,0.0,0.0,0.0,0.0,0.0,0.0,0.0,0.0,0.0,0.0,0.0,0.0,0.0,0.0,0.0,0.0,0.0,0.0,0.0,0.0,0.0,0.0,0.0,0.0,0.0,0.0,0.0,0.0,0.0,0.0,0.0,0.0,0.0,0.0,0.0,0.0,0.0,0.0,0.0,0.0,0.0,0.0,0.0,0.0,0.0,0.0,0.0,0.0,0.0,0.007518796992481203,0.008130081300813009,0.02830188679245283,0.14634146341463414,0.14018691588785046,0.1414141414141414,0.013888888888888888,0.023255813953488372,0.0,0.0,0.0,0.0,0.0,0.0,0.0,0.0,0.0,0.0,0.0,0.0,0.0,0.0,0.0,0.0,0.0,0.0,0.0,0.0,0.0,0.0,0.0,0.0,0.0,0.0,0.0,0.0,0.0,0.0,0.0
145447, yadF, G->T, missense,3.9394,0.00029997,121,-1.0,0.8,120,0.9,0.461538,PASS,0.0,0.0,0.0,0.0,0.0,0.0,0.0,0.0,0.0,0.0,0.0,0.0,0.0,0.0,0.0,0.0,0.0,0.0,0.0,0.0,0.0,0.0,0.0,0.0,0.0,0.0,0.0,0.0,0.0,0.0,0.0,0.0,0.0,0.0,0.0,0.0,0.0,0.0,0.0,0.0,0.0,0.0,0.0,0.0,0.0,0.0,0.0,0.0,0.0,0.0,0.0,0.0,0.0,0.0,0.0,0.0,0.0,0.0,0.0,0.0,0.0,0.0,0.0,0.0,0.0,0.0,0.0,0.0,0.0,0.0,0.0,0.0,0.0,0.0,0.0,0.0,0.0,0.0,0.0,0.0,0.0,0.0,0.0,0.0,0.028985507246376812,0.06751054852320675,0.14754098360655737,0.08370044052863436,0.0,0.004761904761904762,0.0,0.0,0.0,0.0,0.0,0.0,0.0,0.0,0.0,0.0,0.0,0.0,0.0,0.0,0.0,0.0,0.009523809523809525,0.0,0.0,0.0,0.00980392156862745,0.0,0.0,0.0,0.0,0.0,0.0,0.0,0.0,0.0,0.0,0.0,0.0,0.0,0.02631578947368421,0.0,0.0,0.0,0.0,0.01818181818181818,0.0,0.0,0.0,0.0,0.0,0.0,0.0,0.0,0.0,0.0,0.0,0.0,0.0,0.0
200502, yaeL, C->T, missense,3.6883,0.00409959,121,-1.0,0.571429,121,0.9,0.631579,PASS,0.0,0.0,0.0,0.0,0.0,0.0,0.0,0.0,0.0,0.006802721088435374,0.045454545454545456,0.16981132075471697,0.20689655172413793,0.0,0.11764705882352941,0.009615384615384616,0.0,0.0,0.0,0.0,0.0,0.0,0.0,0.0,0.0,0.0,0.0,0.005681818181818182,0.013157894736842105,0.0,0.0,0.0,0.0,0.0,0.0,0.0,0.0,0.0,0.0,0.0,0.0,0.0,0.0,0.0,0.012658227848101266,0.0,0.0,0.0,0.0,0.0,0.0,0.0,0.0,0.0,0.0,0.0,0.0,0.0,0.0,0.0,0.0,0.0,0.0,0.0,0.0,0.0,0.0,0.0,0.011494252873563218,0.0,0.0,0.0,0.0,0.0,0.0,0.011235955056179775,0.0,0.0,0.0,0.0,0.0,0.0,0.0,0.0,0.0,0.00558659217877095,0.0,0.0,0.0,0.0,0.0,0.0,0.0,0.0,0.0,0.0,0.0,0.0,0.0,0.0,0.0,0.0,0.0,0.0,0.0,0.007518796992481203,0.0,0.0,0.0,0.0,0.0,0.0,0.0,0.0,0.0,0.0,0.0,0.014814814814814815,0.0,0.0,0.0,0.0,0.0,0.0,0.0,0.0,0.0,0.0,0.0,0.0,0.0,0.0,0.0,0.0,0.0,0.0,0.0,0.0,0.0,0.0,0.0,0.0,0.0,0.0
210997, dnaE, C->T, synonymous,2.9673,9.999e-05,121,-1.0,0.8,120,0.9,0.631579,PASS,0.0,0.0,0.0,0.0,0.0,0.0,0.0,0.0,0.0,0.0,0.0,0.0,0.0,0.0,0.0,0.0,0.0,0.0,0.0,0.0,0.0,0.0,0.0,0.0,0.0,0.0,0.0,0.0,0.012048192771084338,0.0,0.0,0.0,0.0,0.0,0.0,0.0,0.0,0.0,0.05263157894736842,0.0,0.0,0.0,0.0,0.0,0.0,0.0,0.0,0.0,0.0,0.0,0.0,0.0,0.0,0.0,0.0,0.0,0.0,0.0,0.0,0.0,0.06382978723404255,0.0,0.16666666666666666,0.22613065326633167,0.24,0.20253164556962025,0.0,0.0,0.0380952380952381,0.0,0.0,0.20454545454545456,0.14583333333333334,0.023809523809523808,0.0,0.0049504950495049506,0.0,0.0,0.0,0.0,0.0,0.0,0.0,0.0,0.0,0.0,0.0,0.0,0.0,0.0,0.0,0.0,0.0,0.0,0.0,0.0,0.0,0.0,0.0,0.0,0.0,0.0,0.0,0.0,0.0,0.0,0.0,0.0,0.0,0.0,0.0,0.0,0.0,0.0,0.0,0.0,0.0,0.0,0.0,0.0,0.0,0.0,0.0,0.0,0.0,0.0,0.0,0.0,0.0,0.0,0.0,0.0,0.0,0.0,0.0,0.0,0.0,0.0,0.0,0.0,0.0,0.0,0.0,0.0
252414, yafM, C->T, synonymous,1.59243,9.999e-05,121,-1.0,0.571429,120,0.9,0.75,PASS,0.0,0.0,0.0,0.0,0.0,0.0,0.0,0.0,0.0,0.0,0.0,0.0,0.0,0.0,0.0,0.0,0.0,0.0,0.0,0.0,0.0,0.0,0.0,0.0,0.0,0.0,0.0,0.0,0.0,0.0,0.0,0.0,0.0,0.0,0.0,0.0,0.0,0.0,0.0,0.0,0.0,0.0,0.0,0.0,0.0,0.0,0.0,0.0,0.0,0.0,0.0,0.0,0.0,0.0,0.0,0.0,0.0,0.0,0.0,0.0,0.0,0.0,0.0,0.0,0.0,0.0,0.0,0.0,0.0,0.0,0.0,0.019417475728155338,0.0,0.0,0.0,0.0,0.015873015873015872,0.0,0.0,0.0,0.0,0.0,0.0,0.0,0.0,0.0,0.0,0.00904977375565611,0.0,0.08125,0.10087719298245613,0.7962962962962963,0.9042553191489362,0.8863636363636364,0.9,0.9726027397260274,0.9047619047619048,0.9682539682539683,0.8939393939393939,0.9380530973451328,0.9852941176470589,1.0,1.0,1.0,0.9719626168224299,0.9782608695652174,0.8785714285714286,0.989247311827957,1.0,1.0,1.0,0.9769230769230769,1.0,0.9595959595959596,0.958904109589041,0.916030534351145,0.8421052631578947,0.9337748344370861,0.9917355371900827,0.9583333333333334,0.9622641509433962,0.9477124183006536,0.0,0.0,0.0,0.0,0.0,0.0,0.0,0.0,0.0,0.0,0.0,0.0,0.0,0.0,0.0,0.0,0.0,0.0,0.0,0.0,1.0,1.0
289017, ykgA, MOB_289017_289029_IS4_1, sv,1.11454,9.999e-05,121,-1.0,0.923077,120,0.9,0.75,PASS,0.0,0.0,0.0,0.0,0.0,0.0,0.0,0.0,0.0,0.0,0.0,0.0,0.0,0.0,0.0,0.0,0.0,0.0,0.015197568389057751,0.0,0.0063613231552162855,0.022650056625141565,0.052830188679245285,0.04048582995951417,0.01857872735717603,0.0,0.01689189189189189,0.03658815458495312,0.03763440860215054,0.0,0.0311284046692607,0.02109704641350211,0.04766949152542373,0.0771604938271605,0.01984126984126984,0.01884422110552764,0.006798096532970768,0.04411764705882353,0.0,0.04235044997353097,0.0,0.014684287812041117,0.009772782799902272,0.013315579227696406,0.006325110689437066,0.012484394506866418,0.04421983575489576,0.06543723973825104,0.06598240469208211,0.0802407221664995,0.0904295403165034,0.06449091264412742,0.013452914798206279,0.020263424518743668,0.09345794392523364,0.07115749525616698,0.0745077168706759,0.12744651797906237,0.060836501901140684,0.09416195856873823,0.025923525599481526,0.1444043321299639,0.10869565217391304,0.11418533157663593,0.08097165991902834,0.15993265993265993,0.16853932584269662,0.04012036108324975,0.12372634643377001,0.1179554390563565,0.3695652173913043,0.07988721804511278,0.15916955017301038,0.07511737089201878,0.18072289156626506,0.382183117954358,0.23543990086741015,0.24752475247524752,0.246422893481717,0.47468354430379744,0.4759329367225527,0.2296555167249126,0.21739130434782608,0.10936431989063568,0.3913894324853229,0.20545158665581773,0.06147540983606558,0.2045728038507822,0.42397660818713445,0.2848252752513164,0.2016260162601626,0.08561643835616438,0.1177730192719486,0.04845548152634767,0.0,0.05665722379603399,0.0,0.04746835443037975,0.05115089514066496,0.07270323859881031,0.03468208092485549,0.01539645881447267,0.01486988847583643,0.0,0.03322259136212625,0.01733102253032929,0.09060562708631378,0.02675227394328518,0.020222446916076844,0.0076045627376425855,0.019442644199611146,0.00957548675390999,0.019249278152069296,0.016057808109193095,0.036101083032490974,0.04285714285714286,0.16033254156769597,0.04697430229345123,0.007352941176470588,0.049140049140049144,0.04777070063694268,0.07101884730947829,0.0,0.0,0.0,0.0,0.0,0.0,0.0,0.0,0.0,0.0,0.0,0.0,0.0,0.0,0.0,0.0,0.9320557491289199,0.0,0.0,0.0,0.0,0.0
305569, yahA, MOB_305569_305577_IS1_1, sv,1.30636,9.999e-05,121,-1.0,0.0681818,120,0.9,0.75,PASS,0.0,0.0,0.0,0.0,0.0,0.0,0.002136752136752137,0.0,0.0,0.0,0.0,0.0,0.0,0.0,0.0,0.0023752969121140144,0.0,0.0,0.0,0.0,0.0,0.0,0.0,0.0,0.005780346820809248,0.0,0.0,0.0,0.0,0.0,0.0,0.0,0.0,0.0,0.0,0.0,0.0,0.0,0.0,0.0,0.0,0.0,0.0,0.0,0.0,0.0,0.0,0.0,0.0,0.0,0.0,0.0,0.0,0.0,0.0,0.0,0.0,0.0,0.0,0.0,0.0,0.0,0.0,0.0,0.0,0.0,0.0,0.0,0.0,0.0,0.0,0.0,0.0,0.0,0.0,0.0,0.0,0.013513513513513514,0.01020408163265306,0.0603448275862069,0.17751479289940827,0.6141732283464567,0.5333333333333333,0.610062893081761,0.6336633663366337,0.3817663817663818,0.4818181818181818,0.5634674922600619,0.547945205479452,0.7392857142857143,0.8215962441314554,0.9008264462809917,0.9174757281553398,0.9448275862068966,1.0,0.8787878787878788,0.9285714285714286,0.9182389937106918,0.9207920792079208,0.9613899613899614,0.9809523809523809,0.9509433962264151,0.9761904761904762,0.9727272727272728,0.7967479674796748,0.9056603773584906,0.868421052631579,0.9101796407185628,0.9797297297297297,0.9435483870967742,0.9708029197080292,0.9716312056737588,0.926829268292683,0.9210526315789473,0.9358974358974359,0.8604651162790697,0.7272727272727273,0.9562043795620438,0.9716981132075472,0.935251798561151,0.9019607843137255,0.8827586206896552,0.0,0.0,0.0,0.0,0.0,0.0,0.0,0.0,0.0,0.0,0.0,0.0,0.0,0.0,0.0,0.0,0.0,0.0,0.8823529411764706,0.8818897637795275,0.9160732451678535,0.9405940594059405
307594, yahC, C->T, synonymous,0.776425,9.999e-05,103,-1.84958,9.999e-05,110,0.9,0.75,PASS,0.0,0.0,0.0,0.0,0.0,0.0,0.0,0.0,0.0,0.005813953488372093,0.0,0.0,0.0,0.0,0.045454545454545456,0.00904977375565611,0.0,0.0,0.0,0.0,0.011235955056179775,0.0,0.0,0.0,0.007042253521126761,0.0,0.0,0.0,0.0,0.0,0.013888888888888888,0.0,0.030303030303030304,0.046875,0.2,0.1276595744680851,0.24489795918367346,0.5757575757575758,0.4583333333333333,0.4803921568627451,0.2926829268292683,0.14893617021276595,0.07075471698113207,0.5076923076923077,0.4915254237288136,0.5675675675675675,0.8421052631578947,0.9489795918367347,0.9298245614035088,0.8636363636363636,0.9117647058823529,0.9262672811059908,0.9391304347826087,0.975609756097561,0.9642857142857143,0.9381443298969072,0.8909090909090909,0.8793103448275862,0.9642857142857143,0.8923076923076924,0.96875,0.7142857142857143,0.8620689655172413,0.8928571428571429,0.8709677419354839,0.8545454545454545,0.6666666666666666,0.9047619047619048,0.8804347826086957,0.9230769230769231,0.7796610169491526,0.9224806201550387,0.8405797101449275,0.8852459016393442,0.8850574712643678,0.6064814814814815,0.7613636363636364,0.631578947368421,0.813953488372093,0.5757575757575758,0.5959595959595959,0.7901234567901234,0.6428571428571429,0.717391304347826,0.49206349206349204,0.7385321100917431,0.96,0.7629310344827587,0.5081967213114754,0.75,0.7924528301886793,0.8481012658227848,0.9508196721311475,0.948051948051948,1.0,0.9726027397260274,0.9473684210526315,0.9509803921568627,0.7926829268292683,0.9893048128342246,0.9864864864864865,1.0,0.9166666666666666,1.0,0.8275862068965517,1.0,0.5161290322580645,0.9629629629629629,0.9545454545454546,0.9607843137254902,1.0,1.0,1.0,0.5714285714285714,0.8,0.07142857142857142,0.0,0.0,0.0,0.0,0.0,0.0,0.0,0.0,0.0,0.0,0.0,0.0,0.0,0.0,0.0,0.0,0.0,0.0,0.0,0.0,0.0,0.0,0.0,1.0,1.0,0.9866666666666667,1.0,0.9915254237288136
309386, yahE, junction_309386_1_IS1_start, sv,1.96105,9.999e-05,121,-1.0,0.705882,119,0.9,0.1,PASS,0.00596625074272133,0.0,0.0,0.0,0.0,0.0,0.0,0.0,0.0,0.0,0.0,0.0,0.0,0.0,0.0,0.0,0.0,0.0,0.0,0.0,0.0,0.0,0.0,0.0,0.0,0.0,0.0,0.0,0.0,0.0,0.0,0.0,0.0,0.0,0.0,0.0,0.0,0.0,0.0,0.0,0.0,0.0,0.0,0.0,0.0,0.0,0.0,0.0,0.0,0.0,0.0,0.0,0.0,0.0,0.0,0.0,0.0,0.0,0.0,0.0,0.0,0.0,0.0,0.0,0.0,0.0,0.0,0.0,0.0,0.0,0.0,0.0,0.0,0.0,0.0,0.0,0.0,0.0,0.0,0.0,0.0,0.0,0.0,0.0,0.0,0.0,0.0,0.0,0.0,0.0,0.0,0.0,0.0,0.0,0.0,0.0,0.0,0.0,0.0,0.0,0.0,0.019387837837837835,0.0,0.568426193118757,0.6665958815958816,0.8094398907103825,0.8276460905349794,0.3766701434159061,0.07420982048574445,0.2127959401709402,0.23668172888015718,0.8896363636363637,0.9348025889967638,0.9372669683257918,0.9800461847389559,0.9420849420849421,0.8795951661631419,0.9716929698708752,0.9905204460966544,0.954296577946768,0.9562333825701623,0.9455719844357977,0.0,0.0,0.0,0.0,0.0,0.0,0.0,0.0,0.0,0.0,0.0,0.0,0.0,0.0,0.0,0.0,0.0,0.0,0.0,0.0,0.0,0.0
324624, prpD, MOB_324624_324626_IS150_-1, sv,4.70806,9.999e-05,121,-1.0,0.307692,119,0.9,0.244898,PASS,0.0,0.0,0.0,0.0,0.0,0.0,0.0035335689045936395,0.0,0.0,0.0,0.07142857142857142,0.15384615384615385,0.1125,0.06666666666666667,0.04,0.00909090909090909,0.0,0.0,0.0,0.0,0.0,0.0,0.0,0.0,0.0,0.0,0.0,0.0,0.0,0.0,0.0,0.0,0.0,0.0,0.0,0.0,0.0,0.0,0.0,0.0,0.0,0.0,0.0,0.0,0.0,0.0,0.0,0.0,0.0,0.0,0.0,0.0,0.0,0.0,0.0,0.0,0.0,0.0,0.0,0.0,0.0,0.0,0.0,0.0,0.0,0.011363636363636364,0.0,0.0,0.0,0.0,0.0,0.0,0.0,0.0,0.0,0.0,0.0,0.0,0.0,0.0,0.0,0.0,0.0,0.015037593984962405,0.0,0.0,0.0,0.0,0.0,0.0,0.0,0.0,0.0,0.0,0.0,0.0,0.0,0.0,0.0,0.0,0.0,0.0,0.0,0.0,0.0,0.0,0.005714285714285714,0.0,0.0,0.0,0.0,0.0,0.0,0.005235602094240838,0.0,0.0,0.0,0.0,0.0,0.0,0.0,0.0,0.0,0.0,0.0,0.0,0.0,0.0,0.0,0.0,0.0,0.0,0.0,0.0,0.0,0.0,0.0,0.0,0.0,0.0,0.0,0.0,0.0,0.0
335448, lacY, C->T, synonymous,1.80428,9.999e-05,121,-1.0,0.666667,120,0.9,1.0,PASS,0.0,0.0,0.0,0.0,0.0,0.0,0.0,0.0,0.0,0.0,0.0,0.0,0.0,0.0,0.0,0.0,0.0,0.0,0.0,0.0,0.0,0.0,0.0,0.0,0.0,0.0,0.0,0.0,0.0,0.0,0.0,0.0,0.0,0.0,0.0,0.0,0.0,0.0,0.0,0.0,0.0,0.0,0.0,0.0,0.0,0.0,0.0,0.0,0.0,0.0,0.0,0.0,0.0,0.03225806451612903,0.0,0.0,0.0,0.0,0.0,0.0,0.0,0.0,0.0,0.0,0.0,0.0,0.0,0.0,0.0,0.0,0.0,0.0,0.0,0.17073170731707318,0.29545454545454547,0.3691275167785235,0.2413793103448276,0.1590909090909091,0.2608695652173913,0.5079365079365079,0.5454545454545454,0.24705882352941178,0.0,0.17045454545454544,0.3333333333333333,0.325,0.05714285714285714,0.22099447513812154,0.5,0.273972602739726,0.14285714285714285,0.11594202898550725,0.0449438202247191,0.023809523809523808,0.1111111111111111,0.04,0.0,0.06451612903225806,0.04,0.034482758620689655,0.0196078431372549,0.0,0.0,0.0,0.03614457831325301,0.008928571428571428,0.030303030303030304,0.047058823529411764,0.012987012987012988,0.0,0.03636363636363636,0.0136986301369863,0.07142857142857142,0.0,0.078125,0.0,0.09090909090909091,0.032,0.012987012987012988,0.02027027027027027,0.0136986301369863,0.041666666666666664,0.0,0.0,0.0,0.0,0.0,0.0,0.0,0.0,0.0,0.0,0.0,0.0,0.0,0.0,0.0,0.0,0.0,0.0,0.0,0.0,0.0,0.0
360117, yaiT, T->A, missense,1.10308,9.999e-05,121,-1.0,0.857143,120,0.9,0.00069993,PASS,0.0,0.0,0.0,0.0,0.004424778761061947,0.0,0.017241379310344827,0.011494252873563218,0.0,0.013761467889908258,0.0,0.0,0.011494252873563218,0.03125,0.0,0.024489795918367346,0.0,0.0,0.024390243902439025,0.0,0.01,0.02912621359223301,0.030612244897959183,0.10416666666666667,0.015625,0.02702702702702703,0.0,0.06382978723404255,0.020833333333333332,0.0,0.019230769230769232,0.011627906976744186,0.025423728813559324,0.061855670103092786,0.01694915254237288,0.009708737864077669,0.02197802197802198,0.05555555555555555,0.03125,0.06,0.0,0.0,0.0,0.017543859649122806,0.0125,0.0,0.01904761904761905,0.046296296296296294,0.05128205128205128,0.15217391304347827,0.13740458015267176,0.05,0.05844155844155844,0.03571428571428571,0.0,0.03418803418803419,0.11965811965811966,0.13513513513513514,0.06097560975609756,0.10227272727272728,0.021739130434782608,0.18181818181818182,0.05555555555555555,0.06465517241379311,0.2,0.14457831325301204,0.09090909090909091,0.05555555555555555,0.1746031746031746,0.1724137931034483,0.18823529411764706,0.16030534351145037,0.2,0.07017543859649122,0.21818181818181817,0.3852813852813853,0.23529411764705882,0.2375,0.1348314606741573,0.4392523364485981,0.4336283185840708,0.2358490566037736,0.125,0.16964285714285715,0.42857142857142855,0.23577235772357724,0.06153846153846154,0.21428571428571427,0.5882352941176471,0.24489795918367346,0.17695473251028807,0.17708333333333334,0.05925925925925926,0.10476190476190476,0.0,0.023255813953488372,0.0,0.07746478873239436,0.07547169811320754,0.04430379746835443,0.0,0.004807692307692308,0.0,0.0,0.01652892561983471,0.015706806282722512,0.10256410256410256,0.05442176870748299,0.01680672268907563,0.008064516129032258,0.02608695652173913,0.0056179775280898875,0.0375,0.020618556701030927,0.034482758620689655,0.05652173913043478,0.08,0.06694560669456066,0.012345679012345678,0.05240174672489083,0.029045643153526972,0.0502092050209205,0.0,0.0,0.0,0.0,0.0,0.0,0.0,0.0,0.0,0.0,0.0,0.0,0.0,0.0,0.0,0.0,0.9900990099009901,0.0,0.0,0.0,0.0,0.0
360452, yaiT, MOB_360452_360454_IS3_1, sv,3.36998,0.00029997,121,-1.0,0.923077,118,0.9,1.0,PASS,0.0,0.0,0.0,0.0,0.0,0.0,0.0,0.0,0.0,0.0,0.0,0.0,0.0,0.0,0.0,0.0,0.0,0.0,0.0,0.0,0.0,0.0,0.0,0.0,0.0,0.0,0.0,0.0,0.0,0.0,0.0,0.0,0.0,0.0,0.0,0.0,0.0,0.0,0.0,0.0,0.0,0.0,0.0,0.0,0.0,0.0,0.0,0.0,0.0,0.0,0.0,0.0,0.0,0.0,0.0,0.0,0.0,0.0,0.0,0.0,0.0,0.0,0.0,0.0,0.0,0.0,0.0,0.0,0.0,0.0,0.0,0.0,0.0,0.0,0.0,0.0,0.0,0.0,0.0,0.0,0.0,0.0,0.0,0.0,0.0,0.0,0.0,0.0,0.0,0.0,0.0,0.0,0.0,0.0,0.0,0.0,0.0,0.0,0.0,0.0,0.0,0.0,0.0,0.024291497975708502,0.0038022813688212928,0.0106951871657754,0.003937007874015748,0.0,0.0,0.024154589371980676,0.019230769230769232,0.2111368909512761,0.18421052631578946,0.14705882352941177,0.059322033898305086,0.033391915641476276,0.026455026455026454,0.015517241379310345,0.011627906976744186,0.0,0.0018796992481203006,0.0,0.0,0.0,0.0,0.0,0.0,0.0,0.0,0.0,0.0,0.0,0.0,0.0,0.0,0.0,0.0,0.0,0.0,0.0,0.0,0.0,0.0,0.0
415425, ECB_00376, G->A, noncoding,1.56011,0.011664,121,-1.0,0.6,114,0.9,0.285714,PASS,0.0,0.0,0.0,0.0,0.0,0.0,0.0,0.0,0.0,0.0,0.0,0.0,0.03571428571428571,0.0,0.0,0.009615384615384616,0.045454545454545456,0.1,0.014492753623188406,0.5,0.01818181818181818,0.04918032786885246,0.14423076923076922,0.0,0.18181818181818182,0.05263157894736842,0.058823529411764705,0.16981132075471697,0.13445378151260504,0.14814814814814814,0.0,0.0,0.22807017543859648,0.0641025641025641,0.009259259259259259,0.05194805194805195,0.02040816326530612,0.1,0.21428571428571427,0.102803738317757,0.0,0.038461538461538464,0.1506849315068493,0.0,0.0,0.0,0.0,0.0,0.0,0.0,0.0,0.0,0.0,0.0,0.0,0.0,0.0,0.0,0.0,0.0,0.0,0.0,0.0,0.014778325123152709,0.0,0.0,0.0,0.0,0.0,0.0,0.0,0.0,0.0,0.0,0.0,0.0,0.0,0.0,0.0,0.038461538461538464,0.0,0.0,0.0,0.0,0.0,0.0,0.0,0.0,0.0,0.004166666666666667,0.0,0.0,0.0,0.0,0.0,0.0,0.0,0.0,0.0,0.0,0.0,0.0,0.0,0.011235955056179775,0.0,0.0,0.0,0.0,0.0,0.0,0.0,0.0,0.0,0.0,0.0,0.0,0.0,0.0,0.0,0.0,0.0,0.0,0.0,0.0,0.0,0.0,0.0,0.0,0.0,0.0,0.0,0.0,0.0,0.9849624060150376,0.0,0.0,0.0,0.0,0.0,0.0,0.0,0.0,0.0,0.0
422595, intergenic, G->A, noncoding,3.40046,0.00039996,121,-1.0,0.545455,115,0.9,0.5,PASS,0.0,0.0,0.0,0.0,0.0,0.0,0.0,0.0,0.0,0.0,0.0,0.0,0.0,0.0,0.0,0.0,0.0,0.0,0.0,0.0,0.0,0.0,0.0,0.0,0.0,0.0,0.0,0.0056179775280898875,0.0,0.0,0.02,0.0,0.0,0.0,0.0,0.0,0.0,0.0,0.0,0.0,0.0,0.0,0.0,0.0,0.0,0.0,0.0,0.0,0.0,0.0,0.0,0.004975124378109453,0.0,0.0,0.0,0.0,0.0,0.0,0.0,0.0,0.0,0.0,0.0,0.0,0.0,0.0,0.0,0.0,0.0,0.0,0.0,0.0,0.0,0.0,0.0,0.0,0.0,0.0,0.0,0.0,0.0,0.0,0.0,0.0,0.0,0.0,0.0,0.0,0.0,0.0,0.0,0.0,0.0,0.0,0.0,0.0,0.0,0.0,0.0,0.0,0.0,0.0,0.0,0.0,0.0,0.0,0.0,0.016666666666666666,0.0,0.0,0.031746031746031744,0.11940298507462686,0.375,0.2033898305084746,0.18032786885245902,0.07608695652173914,0.023255813953488372,0.04054054054054054,0.08333333333333333,0.0379746835443038,0.030303030303030304,0.04040404040404041,0.0,0.0,0.0,0.0,0.0,0.0,0.0,0.0,0.0,0.0,0.0,0.0,0.0,0.0,0.0,0.0,0.0,0.0,0.0,0.0,0.0,0.0
428704, clpX, A->C, missense,4.00668,0.00019998,121,-1.0,0.75,121,0.9,0.857143,PASS,0.0,0.0,0.0,0.0,0.0,0.0,0.0,0.0,0.0,0.0,0.0,0.0,0.0,0.0,0.0,0.0,0.0,0.0,0.0,0.0,0.0,0.0,0.0,0.0,0.0,0.0,0.0,0.0,0.0,0.0,0.0,0.0,0.0,0.0,0.0,0.0,0.0,0.0,0.0,0.0,0.0,0.0,0.0,0.0,0.0,0.0,0.0,0.0,0.0,0.0,0.0,0.0,0.0,0.0,0.0,0.0,0.0,0.0,0.0,0.0,0.0,0.0,0.0,0.0,0.0,0.0,0.0,0.0,0.0,0.0,0.0,0.0,0.0,0.0,0.0,0.0,0.0,0.0,0.0,0.0,0.0,0.0,0.0,0.0,0.0,0.0,0.0,0.0,0.0,0.0,0.0,0.0,0.0,0.0,0.0,0.0,0.0,0.0,0.0,0.0,0.0,0.0,0.0,0.0,0.0,0.007518796992481203,0.008547008547008548,0.16216216216216217,0.09473684210526316,0.16176470588235295,0.24285714285714285,0.03389830508474576,0.022727272727272728,0.0,0.0,0.007352941176470588,0.0,0.0,0.0,0.0,0.0,0.0,0.0,0.0,0.0,0.0,0.0,0.0,0.0,0.0,0.0,0.0,0.0,0.0,0.0,0.0,0.0,0.0,0.0,0.0,0.0,0.0,0.0,0.0
433329, intergenic, MOB_433329_433339_IS4_1, sv,2.01428,9.999e-05,121,-1.0,0.705882,120,0.9,0.857143,PASS,0.0,0.0,0.0,0.0,0.0,0.0,0.0,0.0,0.0,0.0,0.0,0.0,0.0,0.0,0.0,0.0,0.0,0.0,0.0,0.0,0.0,0.0,0.0,0.0,0.0,0.0,0.0,0.0,0.0,0.0,0.0,0.0,0.0,0.0,0.0,0.0,0.0,0.0,0.03460207612456748,0.0,0.0,0.0,0.0,0.0,0.0,0.0,0.0,0.0,0.0,0.0,0.0,0.0037460198539052258,0.0,0.0,0.0,0.0,0.0,0.0,0.0,0.0,0.0,0.0,0.0,0.0,0.0,0.0,0.0,0.0,0.0,0.0,0.0,0.0,0.0,0.0,0.0,0.0,0.0,0.0,0.0,0.0,0.0,0.0,0.0,0.0,0.0,0.0,0.0,0.0,0.0,0.0,0.0,0.0,0.0,0.0,0.0,0.0,0.0,0.0,0.0,0.0,0.0,0.02625533311453889,0.07981755986316989,0.5856727976766699,0.7774227902023428,0.8369283865401208,0.718096019696348,0.29750479846449135,0.06900878293601004,0.14204545454545456,0.1941747572815534,0.8587650816181689,0.9354838709677419,0.9527027027027027,0.9084924292297564,0.937766410912191,0.9379310344827586,0.936132983377078,0.9918367346938776,0.9321340964840557,0.949845895208742,0.9537123330226779,0.0,0.0,0.0,0.0,0.0,0.0,0.0,0.0,0.0,0.0,0.0,0.0,0.0,0.0,0.0,0.0,0.0,0.0,0.0,0.0,0.0,0.0
441551, mdlA, MOB_441551_441553_IS150_1, sv,5.03468,9.999e-05,121,-1.0,0.666667,120,0.9,0.75,PASS,0.0,0.0,0.0,0.0,0.0,0.0,0.0,0.0,0.0,0.0,0.0,0.0,0.0,0.0,0.0,0.0,0.0,0.0,0.0963855421686747,0.3103448275862069,0.0873015873015873,0.0,0.05217391304347826,0.0,0.0,0.0,0.0,0.0,0.0,0.0,0.0,0.0,0.016129032258064516,0.0,0.0,0.0,0.0,0.0,0.0,0.0,0.0,0.0,0.0,0.0,0.0,0.0,0.0,0.0,0.009174311926605505,0.0,0.02030456852791878,0.0021691973969631237,0.0,0.0,0.0,0.0,0.0,0.009345794392523364,0.0,0.0,0.0,0.0,0.0,0.0,0.0,0.0,0.0,0.0,0.0,0.0,0.0,0.0,0.0,0.0,0.0,0.0,0.009433962264150943,0.0,0.0,0.0,0.013422818791946308,0.0,0.0,0.0,0.0,0.0,0.0,0.0,0.0,0.0,0.0,0.0,0.0,0.0,0.0,0.0,0.0,0.0,0.0,0.0,0.0,0.0,0.0,0.0,0.0,0.0,0.0,0.0,0.0,0.0,0.0,0.0,0.0,0.0,0.0,0.0,0.0,0.0,0.0,0.0,0.0,0.00390625,0.0,0.0,0.0,0.0,0.0,0.0,0.0,0.0,0.0,0.0,0.0,0.0,0.0,0.0,0.0,0.0,0.0,0.0,0.0,0.0,0.0,0.0
467448, htpG, MOB_467448_467450_IS150_1, sv,4.80774,9.999e-05,121,-1.0,0.8,120,0.9,0.75,PASS,0.0,0.0,0.0,0.0,0.0,0.0,0.0,0.0,0.0,0.0,0.0,0.0,0.0,0.0,0.0,0.004842615012106538,0.02127659574468085,0.45454545454545453,0.5425531914893617,0.16,0.48936170212765956,0.02877697841726619,0.0,0.0,0.0,0.0,0.0,0.0,0.0,0.0,0.0,0.0,0.0,0.0,0.0,0.0,0.0,0.0,0.0,0.0,0.0,0.0,0.0,0.0,0.0,0.0,0.0,0.0,0.0,0.00980392156862745,0.0,0.0,0.0,0.0,0.0,0.0,0.0,0.0,0.0,0.0,0.0,0.0,0.0,0.0,0.0,0.0,0.0,0.0,0.0,0.0,0.0,0.0,0.0,0.0,0.0,0.0,0.0,0.0,0.0,0.0,0.0,0.0,0.0,0.0,0.0,0.0,0.0,0.0,0.0,0.0,0.0,0.0,0.0,0.0,0.0,0.0,0.0,0.0,0.0,0.0,0.0,0.0,0.0,0.0,0.0,0.0,0.0,0.0,0.0,0.0,0.0,0.0,0.0,0.0,0.0,0.0,0.0,0.0,0.0,0.0,0.0,0.0,0.0,0.0,0.0,0.0,0.0,0.0,0.0,0.0,0.0,0.0,0.0,0.0,0.0,0.0,0.0,0.0,0.0,0.0,0.0,0.0,0.0,0.0
467507, htpG, MOB_467507_467509_IS150_1, sv,5.66583,0.00029997,121,-1.0,1.0,120,0.9,1.0,PASS,0.0,0.0,0.0,0.0,0.0,0.0,0.0,0.0,0.0,0.0,0.0,0.0,0.0,0.0,0.0,0.0,0.0,0.0,0.04285714285714286,0.038461538461538464,0.4,0.4276315789473684,0.06837606837606838,0.0,0.0,0.0,0.0,0.0,0.0,0.0,0.0,0.0,0.0,0.0,0.0,0.0,0.0,0.0,0.0,0.0,0.0,0.0,0.0,0.0,0.0,0.0,0.0,0.0,0.0,0.0,0.0,0.0,0.0,0.0,0.0,0.0,0.0,0.0,0.0,0.0,0.0,0.0,0.0,0.0,0.0,0.0,0.0,0.0,0.0,0.0,0.0,0.0,0.0,0.0,0.0,0.0,0.009259259259259259,0.0,0.0,0.0,0.0,0.0,0.0,0.0,0.0,0.0,0.0,0.0,0.0,0.0,0.0,0.0,0.0,0.0,0.0,0.0,0.0,0.0,0.0,0.0,0.0,0.0,0.0,0.0,0.0,0.0,0.0,0.0,0.0,0.0,0.0,0.0,0.0,0.0,0.0,0.0,0.0,0.0,0.0,0.0,0.0,0.0,0.0,0.0,0.0,0.0,0.0,0.0,0.0,0.0,0.0,0.0,1.0,0.0,0.0,0.0,0.0,0.0,0.0,0.0,0.0,0.0,0.0,0.0
471783, aes, MOB_471783_471785_IS150_1, sv,1.74397,9.999e-05,121,-1.0,0.342857,121,0.9,0.4,PASS,0.0,0.0,0.0,0.0,0.0,0.0,0.0,0.0,0.0,0.0,0.0,0.0,0.006969434628975265,0.02457002457002457,0.0,0.008113201387471944,0.038208527131782945,0.028165314685314684,0.018418266542404475,0.09188475609756099,0.033481212524983345,0.06279068650984157,0.10837051495016611,0.029182302158273377,0.04927807250221043,0.0,0.019011406844106463,0.12197300442168955,0.11466400719856029,0.0443362973760933,0.0,0.012468923076923075,0.12376630513376716,0.022782602118003027,0.04652132947976879,0.048857258718572584,0.07337223032069971,0.04298964539007092,0.2690127090301004,0.04200118302018094,0.05972209072978303,0.21632777777777779,0.156884268125855,0.0,0.0,0.0,0.0,0.0,0.0,0.0,0.0,0.0023781212841854932,0.0,0.0,0.0,0.0,0.0,0.0,0.0,0.0,0.0,0.0,0.0,0.0,0.0,0.0,0.0,0.0,0.0,0.0,0.0,0.0,0.0,0.0,0.0,0.0,0.0,0.0,0.0,0.0,0.0,0.0,0.0,0.0,0.0,0.0,0.0,0.0,0.0,0.0032195416931890515,0.008591065292096219,0.0,0.0,0.0,0.0,0.0,0.0,0.0,0.0,0.0,0.0,0.0,0.0,0.0,0.005252100840336134,0.0,0.0,0.003883495145631068,0.036609741969457606,0.043516624999999996,0.10095533904910366,0.004393673110720563,0.0,0.0,0.007651109410864576,0.0,0.0,0.0,0.0039447731755424065,0.0,0.0,0.0,0.0,0.0,0.0,0.0,0.0,0.0,0.0,0.0,0.0,0.0,0.0,1.0,0.0,0.0,0.0,0.0,0.0,0.0,0.0,0.0,0.0,0.0
474382, ybaL, indel;-9, indel,0.927951,9.999e-05,121,-1.0,0.444444,119,0.9,0.137931,PASS,0.0,0.0,0.0,0.0,0.0,0.0,0.33492822966507174,0.7804878048780488,0.9791666666666666,0.6709677419354839,0.4444444444444444,0.0,0.0308641975308642,0.0,0.14285714285714285,0.348605577689243,0.625,0.28,0.0784313725490196,0.18181818181818182,0.395778364116095,0.7727272727272727,0.7457627118644068,1.0,0.95,0.8333333333333334,0.95,0.9397590361445783,0.8831168831168831,1.0,1.0,1.0,0.8695652173913043,1.0,0.9591836734693877,0.9642857142857143,0.9318181818181818,1.0,0.9,0.9230769230769231,1.0,0.9333333333333333,0.8287292817679558,1.0,0.9859154929577465,1.0,1.0,0.9885057471264368,1.0,1.0,1.0,1.0,1.0,1.0,1.0,0.9863013698630136,1.0,1.0,1.0,1.0,1.0,1.0,1.0,1.0,1.0,1.0,0.8,1.0,1.0,1.0,1.0,1.0,1.0,1.0,0.9850746268656716,0.9808917197452229,0.9655172413793104,1.0,0.9777777777777777,0.923913043478261,0.9850746268656716,1.0,1.0,1.0,0.975609756097561,0.993421052631579,1.0,1.0,0.8666666666666667,0.989247311827957,1.0,1.0,1.0,0.975609756097561,1.0,1.0,1.0,1.0,1.0,1.0,1.0,1.0,1.0,1.0,1.0,1.0,1.0,1.0,1.0,1.0,1.0,1.0,1.0,1.0,1.0,1.0,1.0,0.9864864864864865,0.9777777777777777,1.0,0.9923664122137404,1.0,0.0,0.0,0.0,0.0,0.0,0.0,0.0,0.0,0.0,0.0,1.0,0.0,1.0,1.0,1.0,1.0,0.0,1.0,1.0,1.0,1.0,1.0
474687, ybaL, C->T, missense,4.32051,9.999e-05,121,-1.0,0.923077,121,0.9,0.631579,PASS,0.0,0.0,0.0,0.0,0.0,0.0,0.0,0.0,0.0,0.0,0.0,0.0,0.0,0.0,0.1,0.3238095238095238,0.4583333333333333,0.5957446808510638,0.825,0.6,0.5245901639344263,0.08108108108108109,0.017857142857142856,0.0,0.0,0.0,0.0,0.0,0.0,0.0,0.0,0.0,0.0,0.0,0.0,0.0,0.0,0.0,0.0,0.0,0.0,0.0,0.0,0.0,0.0,0.0,0.0,0.0,0.0,0.0,0.0,0.0,0.0,0.0,0.0,0.0,0.0,0.012345679012345678,0.0,0.0,0.0,0.0,0.0,0.0,0.0,0.0,0.0,0.0,0.0,0.0,0.0,0.0,0.0,0.0,0.0,0.0,0.0,0.0,0.0,0.0,0.0,0.0,0.0,0.0,0.0,0.0,0.0,0.0,0.0,0.0,0.0,0.0,0.0,0.0,0.0,0.0,0.0,0.0,0.0,0.0,0.0,0.0,0.0,0.0,0.0,0.0,0.0,0.0,0.0,0.0,0.0,0.0,0.0,0.0,0.0,0.0,0.0,0.0,0.0,0.0,0.0,0.0,0.0,0.0,0.0,0.0,0.0,0.0,0.0,0.0,0.0,0.0,0.0,0.0,0.0,0.0,0.0,0.0,0.0,0.0,0.0,0.0,0.0,0.0
474944, ybaL, C->A, missense,2.78037,0.00069993,121,-1.0,0.324324,120,0.9,0.666667,PASS,0.017857142857142856,0.0,0.0,0.0,0.010752688172043012,0.0,0.00641025641025641,0.0,0.0,0.0,0.0,0.0,0.0,0.0,0.10526315789473684,0.2624113475177305,0.35714285714285715,0.11764705882352941,0.05128205128205128,0.0,0.0,0.028985507246376812,0.0,0.0,0.015873015873015872,0.0,0.0,0.009009009009009009,0.0,0.0,0.0,0.0,0.0,0.0,0.0,0.0,0.017543859649122806,0.0,0.0,0.0,0.0,0.04,0.008928571428571428,0.02702702702702703,0.0,0.0,0.0,0.0,0.0,0.0,0.0,0.0,0.0,0.0,0.0,0.0,0.02040816326530612,0.0,0.0,0.0,0.0,0.0,0.0,0.0072992700729927005,0.0,0.0,0.0,0.0,0.04081632653061224,0.0,0.0,0.0,0.015151515151515152,0.0,0.0,0.0,0.0,0.0,0.0,0.02127659574468085,0.0,0.0,0.0,0.0,0.0,0.0,0.03389830508474576,0.0,0.0,0.0,0.0,0.0,0.0,0.0,0.047619047619047616,0.0,0.0,0.0,0.0,0.0,0.0,0.019417475728155338,0.0,0.0,0.0,0.010869565217391304,0.0,0.010101010101010102,0.0,0.0,0.0,0.0,0.0,0.009174311926605505,0.0,0.0,0.0,0.007936507936507936,0.0,0.010309278350515464,0.011627906976744186,0.010416666666666666,0.0,0.0,0.0,0.0,0.0,0.0,0.0,0.0,0.0,0.0,0.0,0.0,0.0,0.0,0.0,0.0,0.0,0.0,0.0,0.0,0.0,0.0
475185, ybaL, C->T, missense,5.40789,0.00089991,121,-1.0,0.0916031,121,0.9,0.142857,PASS,0.0,0.0,0.17647058823529413,0.14285714285714285,0.007407407407407408,0.0,0.017857142857142856,0.0,0.0,0.0,0.0,0.0,0.0,0.0,0.0,0.0,0.0,0.0,0.0,0.0,0.0,0.0,0.0,0.0,0.0,0.0,0.0,0.0,0.0,0.0,0.0,0.018518518518518517,0.0,0.0,0.0,0.0,0.0,0.0,0.0,0.0,0.0,0.0,0.0,0.0,0.0,0.0,0.0,0.0,0.0,0.0,0.0,0.0,0.0,0.0,0.0,0.0,0.0,0.0,0.0,0.0,0.0,0.0,0.0,0.0,0.0,0.0,0.0,0.0,0.0,0.0,0.0,0.0,0.0,0.0,0.0,0.0,0.0,0.0,0.0,0.0,0.0,0.0,0.0,0.0,0.0,0.0,0.0,0.0,0.0,0.0,0.0,0.0,0.0,0.0,0.0,0.0,0.0,0.0,0.0,0.0,0.0,0.0,0.0,0.0,0.0,0.0,0.0,0.0,0.0,0.0,0.0,0.0,0.0,0.0,0.0,0.0,0.0,0.0,0.0,0.0,0.0,0.0,0.0,0.0,0.0,0.0,0.0,0.0273972602739726,0.0,0.0,0.0,0.0,0.0,0.0,0.0,0.0,0.0,0.0,0.0,0.0,0.0,0.0,0.0,0.0
477848, ushA, junction_477848_1_IS150_end, sv,2.50654,0.00269973,121,-1.0,0.26087,120,0.9,0.137931,PASS,0.0,0.0,0.0,0.0,0.0,0.0,0.0,0.0,0.0,0.0,0.0,0.0,0.0,0.0,0.0,0.0,0.0,0.0,0.0,0.0,0.0,0.0,0.0,0.03333333333333333,0.1388888888888889,0.09523809523809523,0.13636363636363635,0.2616279069767442,0.04878048780487805,0.0,0.0,0.0,0.03773584905660377,0.0,0.0,0.0,0.0,0.0,0.0,0.0,0.0,0.0,0.0,0.0,0.0,0.0,0.0,0.0,0.0,0.0,0.0,0.0,0.0,0.0,0.0,0.0,0.0,0.0,0.0,0.0,0.0,0.0,0.0,0.0,0.0,0.0,0.0,0.0,0.0,0.0,0.0,0.0,0.0,0.0,0.0,0.0,0.0,0.0,0.0,0.0,0.0,0.0,0.0,0.0,0.0,0.0,0.0,0.0,0.0,0.0,0.0,0.0,0.0,0.0,0.0,0.0,0.0,0.0,0.0,0.0,0.0,0.0,0.0,0.0,0.0,0.0,0.0,0.0,0.0,0.0,0.0,0.0,0.0,0.0,0.0,0.0,0.0,0.0,0.0,0.0,0.0,0.0,0.0,0.0,0.0,0.0,0.0,0.0,0.0,0.0,0.0,0.0,0.0,0.0,0.0,0.0,0.0,0.0,0.0,0.0,0.0,0.0,0.0,0.0
490283, ybbN, MOB_490283_490285_IS150_-1, sv,1.58637,9.999e-05,121,-1.0,0.6,120,0.9,0.387097,PASS,0.0,0.0,0.0,0.0,0.0,0.0,0.0023057412958266085,0.0,0.0,0.0,0.0,0.0,0.0,0.0,0.022611685649202733,0.0,0.0,0.0,0.0,0.0,0.0,0.008180734693877551,0.0,0.0,0.005157673935617861,0.0,0.0,0.0,0.0,0.0,0.0,0.0,0.017699115044247787,0.0,0.0,0.0,0.006582955599734924,0.0,0.0,0.0,0.0,0.015205666156202145,0.0,0.0,0.0,0.0,0.0,0.0,0.0,0.0,0.011553018539976825,0.0,0.0,0.0,0.0,0.0,0.006195786864931846,0.0,0.0,0.0,0.009054134790528233,0.0,0.0,0.002488355444305382,0.053475935828877004,0.03186207264957265,0.0,0.018867924528301886,0.0,0.023711581450653985,0.0,0.0,0.0,0.013368983957219251,0.0,0.029405422818791944,0.0,0.046814689265536724,0.0,0.014856199701937408,0.008912125560538116,0.0,0.0,0.0,0.0,0.009570175438596491,0.006882312456985546,0.020245055264688772,0.020242914979757085,0.0031927874116891458,0.00739173422172867,0.0,0.005833047563123899,0.0,0.0,0.024059581320450885,0.0,0.08349832723470987,0.20379406614785994,0.1356589103291714,0.11928677290836653,0.08682003231017771,0.12217338530066817,0.019780690112806903,0.046959375000000005,0.08917097415506958,0.2433688995215311,0.17676528231451236,0.1889297267150028,0.15736612309310888,0.1821802380952381,0.0804147966339411,0.1125222972972973,0.054417216642754666,0.19695624558927313,0.10068451652386781,0.20506073997944502,0.08297464686707715,0.04384403714565005,0.06823254752851711,0.06511238250919493,0.08818863049095609,0.0,0.0,0.0,0.0,0.0,0.0,0.0,0.0,0.0,0.0,0.0,0.0,0.0,0.0,0.0,0.0,0.0,0.0,0.0,0.0,0.0,0.0
513380, ybbY, C->A, nonsense,1.69981,0.00019998,121,-1.0,0.6,120,0.9,0.857143,PASS,0.0,0.0,0.0,0.0,0.0,0.0,0.0,0.0,0.0,0.0,0.0,0.0,0.0,0.0,0.0,0.0,0.0,0.05,0.029411764705882353,0.09090909090909091,0.0967741935483871,0.1,0.09523809523809523,0.02631578947368421,0.1411764705882353,0.08823529411764706,0.05555555555555555,0.2254335260115607,0.09259259259259259,0.1,0.021739130434782608,0.029411764705882353,0.10869565217391304,0.022727272727272728,0.0,0.07692307692307693,0.03773584905660377,0.14285714285714285,0.2413793103448276,0.11764705882352941,0.05714285714285714,0.1724137931034483,0.18045112781954886,0.0,0.0,0.0,0.0,0.0,0.0,0.0,0.0,0.0,0.0,0.0,0.0,0.0,0.0,0.0,0.0,0.0,0.0,0.0,0.0,0.0,0.0,0.0,0.0,0.0,0.0,0.0,0.0,0.0,0.0,0.0,0.0,0.0,0.0,0.0,0.0,0.0,0.0,0.0,0.0,0.0,0.0,0.0,0.0,0.0,0.0,0.0,0.0,0.0,0.0,0.0,0.0,0.0,0.0,0.0,0.0,0.0,0.0,0.0,0.0,0.0,0.0,0.0,0.0,0.0,0.0,0.0,0.0,0.0,0.0,0.0,0.0,0.0,0.0,0.0,0.0,0.0,0.0,0.0,0.0,0.0,0.0,0.0,0.0,0.0,0.0,0.0,0.0,0.0,0.0,1.0,0.0,0.0,0.0,0.0,0.0,0.0,0.0,0.0,0.0,0.0
542931, ybcL, MOB_542931_542934_IS3_1, sv,2.165,0.00029997,121,-1.0,0.705882,120,0.9,0.8,PASS,0.0,0.0,0.0,0.0,0.0,0.0,0.0,0.0,0.0,0.0,0.0,0.0,0.0,0.0,0.0,0.0013175230566534915,0.0,0.0,0.0,0.0,0.0,0.0,0.0,0.0,0.0,0.0,0.0,0.0015883100381194409,0.0,0.0,0.0,0.0,0.0,0.0,0.0,0.0,0.0,0.0,0.0,0.0,0.0,0.0,0.0,0.0,0.0,0.0,0.0,0.0,0.0,0.0,0.0,0.0,0.0,0.0,0.0,0.0,0.0,0.0,0.0,0.0,0.0,0.0,0.0,0.001485001485001485,0.0,0.0,0.0,0.0,0.0,0.0,0.0,0.0,0.0,0.0,0.0,0.0,0.00411522633744856,0.049126637554585156,0.0448681996634885,0.07841087297438577,0.10241704219582139,0.1786327722432154,0.22831050228310504,0.07501442585112521,0.32855939342881213,0.19374282433983928,0.03263707571801567,0.15794091839719218,0.5169628432956381,0.2844284428442844,0.17852001151742009,0.0409626216077829,0.024489795918367346,0.04261363636363637,0.0,0.023612750885478158,0.00851063829787234,0.004098360655737705,0.01948368241597662,0.015033072760072158,0.022641509433962263,0.002860411899313501,0.0,0.0,0.0038022813688212928,0.007171886206072197,0.020088388911209322,0.024229837313949464,0.01818181818181818,0.0,0.0,0.002485089463220676,0.005254860746190226,0.01045751633986928,0.009560229445506692,0.008748906386701663,0.019430051813471502,0.017678255745433115,0.005284015852047556,0.025498377375985166,0.007292173067574137,0.01568451714093659,0.0,0.0,0.0,0.0,0.0,0.0,0.0,0.0,0.0,0.0,0.0,0.0,0.0,0.0,0.0,0.0,0.0,0.0,0.0,0.0,0.0,0.0
561176, intergenic, G->T, noncoding,0.838935,9.999e-05,121,-1.0,0.857143,115,0.9,0.307692,PASS,0.0,0.0,0.0,0.024390243902439025,0.0,0.0,0.0,0.0,0.0,0.0,0.0,0.0,0.0,0.0,0.0,0.0,0.0,0.0,0.0,0.0,0.0,0.0,0.0,0.0,0.0,0.0,0.0,0.0,0.0,0.0,0.013157894736842105,0.0,0.0,0.0,0.0,0.0,0.01639344262295082,0.0,0.0,0.0,0.0,0.0,0.017543859649122806,0.6363636363636364,0.3793103448275862,0.6842105263157895,0.8,0.8921568627450981,0.8809523809523809,0.8636363636363636,0.9316239316239316,0.9110169491525424,0.9897959183673469,1.0,0.9333333333333333,0.9230769230769231,0.9142857142857143,0.8666666666666667,0.9591836734693877,0.855072463768116,0.8653846153846154,0.8333333333333334,1.0,0.74,0.9444444444444444,0.8653846153846154,1.0,0.926829268292683,0.7678571428571429,0.8936170212765957,0.6486486486486487,0.8899082568807339,0.7441860465116279,0.8275862068965517,0.6590909090909091,0.6896551724137931,0.7049180327868853,0.7241379310344828,0.9,0.42857142857142855,0.5466666666666666,0.7692307692307693,1.0,0.6981132075471698,0.48,0.7929515418502202,0.9130434782608695,0.7850877192982456,0.5909090909090909,0.634020618556701,0.7419354838709677,0.8529411764705882,0.9436619718309859,0.9659090909090909,1.0,0.9122807017543859,1.0,0.9322033898305084,0.8842105263157894,0.9642857142857143,1.0,0.983739837398374,0.9836065573770492,0.9642857142857143,0.9176470588235294,0.9863945578231292,0.9090909090909091,0.970873786407767,1.0,0.98,1.0,0.983739837398374,0.9508196721311475,0.9680851063829787,0.9523809523809523,0.9473684210526315,0.9259259259259259,0.9509803921568627,0.9866666666666667,0.9868421052631579,0.9726027397260274,0.935251798561151,0.0,0.0,0.0,0.0,0.0,0.0,0.0,0.0,0.011904761904761904,0.0,0.0,0.0,0.0,0.0,0.0,0.012422360248447204,0.0,1.0,1.0,1.0,0.9952153110047847,1.0
574493, cusS, MOB_574493_574495_IS150_1, sv,1.21366,9.999e-05,121,-1.0,0.857143,119,0.9,0.705882,PASS,0.0,0.0,0.0,0.0,0.0,0.0,0.0,0.0,0.0,0.0,0.0,0.0,0.0,0.0,0.0,0.0,0.0,0.0,0.0,0.0,0.0,0.0,0.0,0.0,0.0,0.0,0.0,0.0,0.0,0.0,0.0,0.0,0.0,0.0,0.0,0.0,0.0,0.01644736842105263,0.0,0.0,0.0,0.0,0.0,0.039383837056504604,0.055944055944055944,0.012376237623762377,0.0255562074829932,0.06345663224781573,0.11859377966101695,0.0948509485094851,0.09503979238754325,0.08220507544581618,0.023796064400715567,0.08073817762399077,0.1560940625,0.08692275769745648,0.06722576923076923,0.10267229845626073,0.0571865522174535,0.25459340329835084,0.03566716071428571,0.25232405063291136,0.16778806722689074,0.30936338797814206,0.2105992957746479,0.22956792144026186,0.11201382022471909,0.20473696145124717,0.0731368804664723,0.1810925257731959,0.31523353293413175,0.27213825275657333,0.13967678018575852,0.11260258136924804,0.09257277970011533,0.327949263502455,0.3055112866817156,0.3754549237170597,0.2118944835680751,0.7042979127134725,0.5078014469453376,0.2966820940819423,0.26547566137566136,0.18859482758620688,0.45744680851063835,0.24766677503250972,0.05148040885860306,0.26883717647058825,0.4320519713261649,0.38479716193656094,0.2635753286147624,0.09391122448979593,0.05423899613899614,0.1776787056367432,0.14440813397129187,0.06699287305122495,0.026595744680851064,0.05814172313649564,0.10335051546391753,0.048638132295719845,0.03268881650380022,0.0,0.01694915254237288,0.0,0.02808268156424581,0.0469541348973607,0.1117177472167649,0.03881784098254687,0.032738126361655774,0.0,0.0,0.006690219560878244,0.0,0.024896265560165973,0.025510204081632654,0.09183408674404399,0.14122265258215963,0.06801429263565892,0.006456775850995505,0.06342708113804005,0.058920860495436767,0.05358544395924309,0.0,0.0,0.0,0.0,0.0,0.0,0.0,0.0,0.0,0.0,0.0,0.0,0.0,0.0,0.0,0.0,1.0,0.0,0.0,0.0,0.0,0.0
641158, ybeM, MOB_641158_641161_IS150_1, sv,0.838988,9.999e-05,121,-1.0,1.0,121,0.9,0.8,PASS,0.0,0.0,0.0,0.0,0.0,0.0,0.0,0.0,0.005750431282346175,0.0,0.0,0.0,0.0,0.0,0.0,0.0,0.0,0.0,0.0,0.0,0.0,0.0,0.0,0.0,0.0,0.5203073979591836,0.6337718832891246,0.3312942759295499,0.7934367227505488,0.6206922290388548,0.9676408163265307,0.9696886503067484,0.8808300117233294,0.9019118616144974,0.9434079184163168,0.9638914323086984,0.9326809232858113,0.9498259385665528,0.7377528517110266,0.9547684449489218,0.9517772397094432,0.8624551792828685,0.8247333685322069,1.0,1.0,0.9797121588089329,0.9684421296296296,0.937900681044268,0.8864669636228657,0.8670804020100502,0.943039542639352,0.9524321567027136,0.9853635014836795,1.0,1.0,0.9639703569267997,0.8368508217446272,0.9075825996892802,0.983835725677831,0.8835553925165076,0.9739735624586913,0.9476666666666668,0.8628993055555556,0.9492765587660221,0.8973177377892031,0.8827356418918919,1.0,0.9662666098807495,0.8879825355756793,0.9762269230769232,0.7408980061349694,0.9284896907216496,0.8457344740177438,0.8362905692438403,0.8745784224841342,0.7151393560788083,0.7283659506762131,0.8575988023952096,0.8003914501257334,0.4122732558139535,0.5714987373737374,0.8223091482649842,1.0,0.8570268041237113,0.6406738241308794,0.7903835051546392,0.9834583676834295,0.7977777777777779,0.39936896197327854,0.7523454790823213,0.7758195211786372,0.9360861244019139,0.9645154086645824,0.8781053351573187,1.0,0.9845660079051384,1.0,0.9666098300970873,0.9471645736946464,0.9463356643356643,0.9753238213399503,0.9929810671256455,1.0,1.0,0.9752357320099256,0.9748681732580038,0.8983845437616388,0.9642747747747747,0.9879663056558363,0.9658309537407196,0.9870620601407549,1.0,0.910780269058296,0.9777490261547024,0.9874007682458388,0.9523727827856936,0.9223052959501558,0.9618472185254192,1.0,0.9828015194681862,0.9724699002407982,0.9550983269738773,0.0,0.0,0.0,0.0,0.0,0.0,0.0,0.0,0.0,0.0,0.0,0.0,1.0,1.0,1.0,1.0,0.0,1.0,1.0,0.9518259518259519,1.0,1.0
650942, ybeA, A->T, missense,0.846965,9.999e-05,121,-1.0,0.75,120,0.9,0.3,PASS,0.0,0.0,0.0,0.0,0.0,0.0,0.0,0.0,0.0,0.0,0.0,0.0,0.0,0.0,0.0,0.0,0.0,0.0,0.021739130434782608,0.0,0.0,0.0,0.0,0.0,0.0,0.0,0.0,0.0,0.0,0.0,0.0,0.0,0.0,0.0,0.0,0.0,0.0,0.0,0.0,0.0,0.0,0.020833333333333332,0.0,0.7619047619047619,0.49122807017543857,0.7441860465116279,0.819672131147541,0.8656716417910447,0.7755102040816326,0.8870967741935484,0.9404761904761905,0.9509803921568627,0.972972972972973,0.96,0.875,0.9701492537313433,0.9139784946236559,0.8586956521739131,0.9411764705882353,0.8,1.0,0.75,1.0,0.8601036269430051,0.9333333333333333,0.9565217391304348,1.0,0.8095238095238095,0.8923076923076924,0.8333333333333334,0.8409090909090909,0.8166666666666667,0.9193548387096774,0.8727272727272727,0.9076923076923077,0.6923076923076923,0.6721311475409836,0.7678571428571429,0.7922077922077922,0.4246575342465753,0.47368421052631576,0.7540983606557377,1.0,0.8,0.6,0.7868020304568528,0.9436619718309859,0.7687074829931972,0.6666666666666666,0.7093023255813954,0.8025210084033614,0.967741935483871,0.9,0.8484848484848485,0.8695652173913043,0.9375,0.9333333333333333,0.9487179487179487,0.9215686274509803,0.9627329192546584,0.9777777777777777,0.9849624060150376,0.9836065573770492,1.0,0.958904109589041,0.9854014598540146,0.8764044943820225,0.9734513274336283,0.9859154929577465,1.0,1.0,0.9782608695652174,0.9761904761904762,0.9733333333333334,1.0,0.928,0.9655172413793104,0.9763313609467456,0.9908256880733946,0.9819819819819819,0.9333333333333333,0.9492753623188406,0.0,0.0,0.0,0.0,0.0,0.0,0.0,0.0,0.0,0.0,0.0,0.0,0.0,0.0,0.0,0.0,0.0,1.0,1.0,0.9805825242718447,1.0,1.0
651601, ybeB, T->A, missense,0.841658,9.999e-05,121,-1.0,0.571429,120,0.9,0.705882,PASS,0.0,0.22857142857142856,1.0,1.0,1.0,1.0,0.9755102040816327,1.0,1.0,0.9923076923076923,1.0,1.0,0.9384615384615385,1.0,1.0,0.9801980198019802,1.0,1.0,1.0,1.0,0.9859154929577465,1.0,0.9846153846153847,0.9142857142857143,0.9213483146067416,1.0,1.0,0.9587628865979382,1.0,0.9696969696969697,0.9464285714285714,1.0,1.0,0.9361702127659575,1.0,0.9882352941176471,0.9552238805970149,1.0,1.0,0.96,0.9393939393939394,1.0,0.9922480620155039,1.0,1.0,0.9859154929577465,1.0,0.9315068493150684,0.8888888888888888,0.9148936170212766,0.8734177215189873,0.9157894736842105,0.9607843137254902,0.9722222222222222,0.8636363636363636,0.935064935064935,0.875,0.8202247191011236,0.9298245614035088,0.8333333333333334,1.0,1.0,0.8571428571428571,0.9367816091954023,0.8571428571428571,0.828125,0.8571428571428571,0.85,0.8714285714285714,0.925,0.8409090909090909,0.8765432098765432,0.7878787878787878,0.8604651162790697,0.8043478260869565,0.6777777777777778,0.704225352112676,0.6904761904761905,0.8235294117647058,0.38333333333333336,0.527027027027027,0.6376811594202898,0.9230769230769231,0.84375,0.6,0.7669902912621359,0.921875,0.8260869565217391,0.46153846153846156,0.7277777777777777,0.8465116279069768,0.8961038961038961,0.8089887640449438,0.8958333333333334,0.8333333333333334,0.9836065573770492,1.0,0.9166666666666666,0.9622641509433962,0.9411764705882353,0.9444444444444444,1.0,1.0,0.989010989010989,0.9358974358974359,0.9926470588235294,0.8811881188118812,0.9532710280373832,0.9701492537313433,1.0,0.9848484848484849,0.9922480620155039,1.0,0.9824561403508771,0.9014084507042254,0.9562043795620438,0.8805970149253731,0.96875,1.0,0.9385964912280702,0.9534883720930233,0.9548872180451128,0.0,0.0,1.0,1.0,1.0,1.0,1.0,1.0,1.0,0.9591836734693877,1.0,1.0,1.0,1.0,1.0,0.9791666666666666,0.0,1.0,1.0,0.9700598802395209,1.0,1.0
680761, asnB, MOB_680761_680763_IS150_-1, sv,1.38639,9.999e-05,121,-1.0,0.413793,120,0.9,0.387097,PASS,0.0,0.0,0.0,0.0,0.0,0.0,0.0,0.0,0.0,0.0,0.0,0.0,0.0,0.0,0.0,0.0,0.0,0.0,0.0,0.0,0.0,0.0,0.0,0.0,0.0,0.012195121951219513,0.0,0.005660377358490566,0.0,0.008771929824561403,0.0,0.0,0.0,0.0,0.0,0.0,0.0,0.0,0.0,0.0,0.0,0.0,0.003424657534246575,0.0,0.0,0.0,0.0,0.0,0.0,0.0,0.0,0.002053388090349076,0.03162055335968379,0.04504504504504504,0.08571428571428572,0.08333333333333333,0.05235602094240838,0.0798611111111111,0.05333333333333334,0.10434782608695652,0.02631578947368421,0.1,0.06666666666666667,0.0819327731092437,0.021739130434782608,0.13675213675213677,0.06666666666666667,0.11458333333333333,0.06842105263157895,0.04132231404958678,0.24770642201834864,0.16666666666666666,0.13793103448275862,0.09090909090909091,0.13513513513513514,0.36729857819905215,0.22941176470588234,0.21495327102803738,0.19285714285714287,0.5575757575757576,0.35,0.2962962962962963,0.30303030303030304,0.14594594594594595,0.31932773109243695,0.2198019801980198,0.0641025641025641,0.22888283378746593,0.559322033898305,0.28106508875739644,0.21016949152542372,0.0736196319018405,0.08021390374331551,0.09027777777777778,0.05263157894736842,0.05970149253731343,0.0,0.018867924528301886,0.10526315789473684,0.032520325203252036,0.018404907975460124,0.002849002849002849,0.0,0.0,0.02843601895734597,0.028409090909090908,0.08018867924528301,0.01384083044982699,0.02824858757062147,0.03225806451612903,0.012658227848101266,0.012307692307692308,0.0,0.03409090909090909,0.025157232704402517,0.05367231638418079,0.10273972602739725,0.04449648711943794,0.019736842105263157,0.04788732394366197,0.03048780487804878,0.049342105263157895,0.0,0.0,0.0,0.0,0.0,0.0,0.0,0.0,0.0,0.0,0.0,0.0,0.0,0.0,0.0,0.0,1.0,0.0,0.0,0.0,0.0,0.0
680763, asnB, MOB_680763_682402_IS150_-1, sv,2.39496,9.999e-05,121,-1.0,0.375,121,0.9,0.631579,PASS,0.0,0.0,0.0,0.0,0.0,0.0,0.0,0.0,0.0,0.0,0.0,0.0,0.0,0.0,0.0,0.0,0.0,0.0,0.0,0.0,0.0,0.0,0.0,0.0,0.0,0.0,0.0,0.021176470588235293,0.024844720496894408,0.07058823529411765,0.0,0.0,0.0859375,0.061224489795918366,0.025157232704402517,0.038461538461538464,0.0472972972972973,0.041666666666666664,0.18181818181818182,0.047619047619047616,0.07246376811594203,0.05194805194805195,0.14335664335664336,0.0,0.0,0.0,0.0,0.0,0.0,0.0,0.0,0.0,0.0,0.0,0.0,0.0,0.0,0.0,0.0,0.0,0.0,0.0,0.0,0.0,0.0,0.0,0.0,0.0,0.0,0.0,0.0,0.0,0.0,0.0,0.0,0.0,0.0,0.0,0.0,0.0,0.0,0.0,0.0,0.0,0.0,0.0,0.0,0.0,0.0,0.0,0.0,0.0,0.0,0.0,0.0,0.0,0.0,0.0,0.0,0.0,0.0,0.0,0.0,0.0,0.0,0.0,0.0,0.0,0.0,0.0,0.0,0.0,0.0,0.0,0.0,0.0,0.0,0.0,0.0,0.0,0.0,0.0,0.0,0.0,0.0,0.0,0.0,0.0,0.0,0.0,0.0,0.0,0.0,0.0,0.0,0.0,0.0,0.0,0.0,0.0,0.0,0.0,0.0,0.0
735668, intergenic, A->T, noncoding,0.822568,9.999e-05,121,-1.0,0.75,114,0.9,0.307692,PASS,0.004878048780487805,0.0,0.0,0.0,0.0049504950495049506,0.0,0.0,0.0,0.0,0.0,0.0,0.0,0.0,0.0,0.0,0.0,0.0,0.09375,0.03614457831325301,0.4444444444444444,0.014925373134328358,0.425,0.8076923076923077,0.7916666666666666,0.8043478260869565,1.0,0.6666666666666666,0.8110599078341014,0.9,1.0,0.9866666666666667,1.0,0.9,0.984375,0.9108910891089109,0.9358974358974359,0.9,0.9375,0.782608695652174,0.8791208791208791,0.8333333333333334,0.7894736842105263,0.8597560975609756,1.0,0.9811320754716981,1.0,0.9154929577464789,0.9444444444444444,0.9142857142857143,0.9130434782608695,0.9420289855072463,0.9141414141414141,0.9647058823529412,0.9375,1.0,0.9907407407407407,0.8831168831168831,0.9594594594594594,1.0,0.9358974358974359,0.9871794871794872,1.0,1.0,0.8756218905472637,0.8,0.8064516129032258,0.75,0.9090909090909091,0.9090909090909091,0.8727272727272727,0.6883116883116883,0.8773584905660378,0.8059701492537313,0.7714285714285715,0.9393939393939394,0.6787564766839378,0.7352941176470589,0.6666666666666666,0.8055555555555556,0.43283582089552236,0.43209876543209874,0.7981651376146789,0.7777777777777778,0.7857142857142857,0.6451612903225806,0.7673267326732673,0.8636363636363636,0.7545454545454545,0.7,0.7129186602870813,0.7832512315270936,0.8541666666666666,0.8918918918918919,0.8571428571428571,0.9285714285714286,0.926829268292683,1.0,0.896551724137931,0.9491525423728814,0.9621212121212122,1.0,0.9849624060150376,0.967741935483871,1.0,0.9150943396226415,0.9935897435897436,0.9420289855072463,0.9338842975206612,0.9368421052631579,0.96875,1.0,0.9883720930232558,0.9841269841269841,0.9741379310344828,0.9466666666666667,0.91875,0.9384615384615385,0.9534883720930233,1.0,0.9294871794871795,0.9316770186335404,0.9451219512195121,0.0,0.0,0.0,0.0,0.0,0.0,0.0,0.0,0.0,0.0,0.0,0.0,0.9897959183673469,1.0,1.0,1.0,0.0,1.0,1.0,0.9924812030075187,0.9954337899543378,1.0
750246, ybgG, MOB_750246_750248_IS150_-1, sv,1.65693,9.999e-05,121,-1.0,0.631579,120,0.9,0.8,PASS,0.0,0.0,0.0,0.0,0.0,0.0,0.0,0.0,0.0,0.0,0.0,0.0,0.0,0.0,0.0,0.0,0.0,0.0,0.0,0.0,0.0,0.0,0.0,0.0,0.0,0.0,0.0,0.0,0.0,0.0,0.0,0.0,0.0,0.0,0.0,0.0,0.0,0.0,0.0,0.0,0.0,0.0,0.0,0.0,0.0,0.0,0.0,0.0,0.0,0.0,0.0,0.0,0.0,0.0,0.0,0.0,0.0,0.0,0.0,0.0,0.0,0.0,0.0,0.015779092702169626,0.0,0.046153846153846156,0.0,0.044444444444444446,0.017142857142857144,0.012345679012345678,0.05128205128205128,0.08994708994708994,0.10077519379844961,0.16883116883116883,0.13274336283185842,0.3056872037914692,0.26,0.27102803738317754,0.16153846153846155,0.4195804195804196,0.5026455026455027,0.17679558011049723,0.0,0.2222222222222222,0.3047619047619048,0.21301775147928995,0.02564102564102564,0.18660287081339713,0.5370370370370371,0.23529411764705882,0.1835564053537285,0.060240963855421686,0.02717391304347826,0.04964539007092199,0.0625,0.08633093525179857,0.0,0.043478260869565216,0.03164556962025317,0.044673539518900345,0.01910828025477707,0.00949367088607595,0.0,0.004784688995215311,0.026595744680851064,0.017045454545454544,0.09090909090909091,0.01893939393939394,0.010416666666666666,0.041176470588235294,0.01744186046511628,0.006734006734006734,0.022058823529411766,0.018404907975460124,0.034653465346534656,0.0702247191011236,0.06666666666666667,0.024128686327077747,0.013605442176870748,0.036619718309859155,0.03869047619047619,0.059154929577464786,0.0,0.0,0.0,0.0,0.0,0.0,0.0,0.0,0.0,0.0,0.0,0.0,0.0,0.0,0.0,0.0,0.0,0.0,0.0,0.0,0.0,0.0
795320, intergenic, MOB_795320_795325_IS186_-1, sv,3.29149,9.999e-05,121,-1.0,0.8,112,0.9,0.923077,PASS,0.0,0.0,0.0,0.0,0.0,0.0,0.001455604075691412,0.0,0.01694915254237288,0.008968609865470852,0.0,0.0,0.0,0.0,0.0,0.0041928721174004195,0.0,0.0,0.005813953488372093,0.0,0.0,0.0,0.013333333333333334,0.0,0.0,0.0,0.0,0.0,0.010416666666666666,0.046511627906976744,0.0,0.0136986301369863,0.0,0.0,0.01015228426395939,0.0,0.02459016393442623,0.125,0.03333333333333333,0.0,0.0,0.0,0.012594458438287154,0.0,0.0,0.0,0.02027027027027027,0.005747126436781609,0.0,0.0,0.0,0.0,0.0,0.0,0.0,0.0,0.0,0.0136986301369863,0.0,0.0,0.006666666666666667,0.0,0.0,0.007920792079207921,0.0,0.021739130434782608,0.0,0.02127659574468085,0.031914893617021274,0.023809523809523808,0.0,0.009852216748768473,0.010526315789473684,0.0,0.0,0.005249343832020997,0.0,0.0,0.013513513513513514,0.0,0.0,0.0,0.0,0.0,0.0,0.009933774834437087,0.021739130434782608,0.0024096385542168677,0.0,0.003472222222222222,0.004081632653061225,0.0,0.02531645569620253,0.0,0.0,0.010309278350515464,0.0,0.0,0.008064516129032258,0.0,0.014598540145985401,0.011111111111111112,0.0,0.0,0.0,0.0,0.0,0.05844155844155844,0.22872340425531915,0.45161290322580644,0.22424242424242424,0.04838709677419355,0.009345794392523364,0.024793388429752067,0.0,0.0,0.0,0.0,0.007462686567164179,0.01893939393939394,0.0,0.003787878787878788,0.0,0.0,0.0,0.0,0.0,0.0,0.0,0.0,0.0,0.0,0.0,0.0,0.0,0.0,0.0,0.0,0.0,0.0,0.0,0.0,0.0,0.0
795520, ECB_00737, A->G, synonymous,2.30555,0.015694,121,-1.0,0.6,112,0.9,0.75,PASS,0.0,0.0,0.0,0.0,0.0,0.0,0.11372549019607843,0.00980392156862745,0.0975609756097561,0.09876543209876543,0.13636363636363635,0.0,0.061224489795918366,0.0,0.0,0.0,0.0,0.0,0.0,0.0,0.0,0.0,0.0,0.0,0.0,0.0,0.0,0.0,0.0,0.0,0.0,0.0,0.0,0.0,0.0,0.0,0.0,0.0,0.0,0.0,0.0,0.0,0.0,0.0,0.0,0.0,0.0,0.0,0.0,0.0,0.0,0.0,0.0,0.0,0.0,0.0,0.0,0.0,0.0,0.0,0.0,0.0,0.0,0.004291845493562232,0.0,0.0,0.0,0.0,0.0,0.0,0.0,0.0,0.0,0.0,0.0,0.0,0.0,0.0,0.0,0.0,0.0,0.0,0.0,0.0,0.0,0.0,0.0,0.0,0.0,0.0,0.0,0.0,0.0,0.0,0.0,0.0,0.0,0.0,0.014925373134328358,0.0,0.0,0.0,0.0,0.0,0.0,0.0,0.0,0.0,0.0,0.0,0.0,0.0,0.0,0.0,0.0,0.0,0.0,0.0,0.0,0.0,0.0,0.0,0.0,0.0,0.0,0.0,0.0,0.0,0.0,0.0,0.0,0.0,0.0,0.0,0.0,0.0,0.0,0.0,0.0,0.0,0.0,0.0,0.0,0.0
831855, ybiX, MOB_831855_831860_IS186_-1, sv,2.23068,9.999e-05,121,-1.0,0.705882,120,0.9,0.6,PASS,0.0,0.0,0.0,0.0,0.00904977375565611,0.0,0.0,0.021505376344086023,0.0,0.0041841004184100415,0.0,0.0,0.011494252873563218,0.0,0.0,0.008403361344537815,0.0,0.0,0.0,0.07407407407407407,0.0072992700729927005,0.007194244604316547,0.0,0.11904761904761904,0.03759398496240601,0.0,0.06666666666666667,0.009966777408637873,0.0,0.0,0.023529411764705882,0.0,0.0,0.0,0.008849557522123894,0.008403361344537815,0.008064516129032258,0.0,0.02040816326530612,0.0,0.0,0.0,0.12213740458015267,0.20833333333333334,0.30864197530864196,0.23943661971830985,0.08571428571428572,0.008849557522123894,0.0,0.024390243902439025,0.009009009009009009,0.0,0.0056179775280898875,0.0,0.0,0.0,0.0,0.006535947712418301,0.011111111111111112,0.0,0.0,0.0,0.0,0.005934718100890208,0.05263157894736842,0.0,0.0,0.0,0.0,0.014492753623188406,0.0,0.0,0.019417475728155338,0.016666666666666666,0.03488372093023256,0.007462686567164179,0.0,0.015151515151515152,0.0,0.009259259259259259,0.0,0.0,0.0,0.016,0.0,0.02027027027027027,0.015625,0.011428571428571429,0.0,0.009852216748768473,0.006872852233676976,0.0,0.007518796992481203,0.00909090909090909,0.0,0.012658227848101266,0.0,0.0,0.0,0.0,0.009433962264150943,0.028688524590163935,0.0,0.0,0.0,0.014634146341463415,0.02027027027027027,0.02127659574468085,0.0,0.0,0.0,0.033783783783783786,0.013333333333333334,0.0,0.0,0.026595744680851064,0.024390243902439025,0.009900990099009901,0.0,0.014778325123152709,0.014084507042253521,0.010101010101010102,0.0,0.0,0.0,0.0,0.0,0.0,0.0,0.0,0.0,0.0,0.0,0.0,0.0,0.0,0.0,0.0,0.0,0.0,0.0,0.0,0.0016326530612244899,0.0
831855, ybiX, MOB_831855_831860_IS186_1, sv,1.42875,0.00219978,121,-1.0,0.666667,120,0.9,0.857143,PASS,0.0,0.0,0.0,0.0,0.00904977375565611,0.0,0.00554016620498615,0.0,0.0,0.0,0.0,0.0,0.034482758620689655,0.0,0.0,0.0028011204481792717,0.0,0.044444444444444446,0.0,0.0,0.0072992700729927005,0.007194244604316547,0.0,0.0,0.0,0.0,0.0,0.0,0.013071895424836602,0.0,0.0,0.019801980198019802,0.011363636363636364,0.0,0.0,0.0,0.0,0.0,0.0,0.0,0.0,0.0,0.003816793893129771,0.0,0.0,0.0,0.0,0.0,0.0,0.012195121951219513,0.009009009009009009,0.0,0.0,0.0,0.0,0.0,0.0,0.006535947712418301,0.011111111111111112,0.0,0.0,0.0,0.07142857142857142,0.008902077151335312,0.0,0.0,0.0,0.0,0.0,0.0,0.0,0.030612244897959183,0.0,0.08333333333333333,0.06976744186046512,0.22388059701492538,0.075,0.0,0.046511627906976744,0.0,0.0,0.0,0.0,0.0,0.0,0.0033783783783783786,0.015625,0.022857142857142857,0.02,0.009852216748768473,0.013745704467353952,0.011111111111111112,0.022556390977443608,0.0,0.0,0.0,0.0,0.010869565217391304,0.0,0.01764705882352941,0.0,0.00819672131147541,0.011235955056179775,0.008771929824561403,0.006578947368421052,0.00975609756097561,0.0,0.0070921985815602835,0.0625,0.011111111111111112,0.02666666666666667,0.0,0.04,0.005235602094240838,0.009523809523809525,0.02127659574468085,0.012195121951219513,0.0049504950495049506,0.0,0.024630541871921183,0.023474178403755867,0.06060606060606061,0.0,0.0,0.0,0.0,0.0,0.0,0.0,0.0,0.0,0.0,0.0,0.031578947368421054,0.0,0.0,0.0,0.0,0.0,0.0,0.0,0.0,0.0,0.0
835108, ybiN, C->A, missense,1.57027,0.00049995,121,-1.0,0.48,120,0.9,0.75,PASS,0.0,0.0,0.0,0.0,0.0,0.0,0.0,0.0,0.0,0.0,0.0,0.0,0.0,0.0,0.0,0.0,0.0,0.0,0.0,0.0,0.0,0.0,0.0,0.0,0.009259259259259259,0.0,0.0,0.0,0.0,0.0,0.0,0.0,0.0,0.0,0.0,0.0,0.0,0.0,0.0,0.0,0.0,0.0,0.0,0.0,0.0,0.0,0.0,0.0,0.0,0.0,0.0,0.0,0.0,0.0,0.0,0.0,0.0,0.0,0.0,0.0,0.0,0.0,0.0,0.0,0.0,0.0,0.0,0.0,0.0,0.0,0.0,0.0,0.0,0.0392156862745098,0.0,0.0,0.0,0.0,0.0,0.0,0.0,0.02040816326530612,0.0,0.08333333333333333,0.30357142857142855,0.06956521739130435,0.016129032258064516,0.08280254777070063,0.2926829268292683,0.16201117318435754,0.10824742268041238,0.08333333333333333,0.09375,0.11764705882352941,0.3076923076923077,0.08695652173913043,0.0,0.039473684210526314,0.06896551724137931,0.029411764705882353,0.1111111111111111,0.007518796992481203,0.0,0.0,0.03333333333333333,0.04807692307692308,0.05825242718446602,0.022727272727272728,0.04411764705882353,0.02197802197802198,0.0,0.0,0.019230769230769232,0.006711409395973154,0.04285714285714286,0.058823529411764705,0.10714285714285714,0.03424657534246575,0.0,0.06862745098039216,0.04477611940298507,0.05,0.0,0.0,0.0,0.0,0.0,0.0,0.0,0.0,0.0,0.0,0.0,0.0,0.0,0.0,0.0,0.0,0.0,0.0,0.0,0.0,0.0,0.0
835448, ybiN, MOB_835448_835448_IS150_1, sv,0.884133,9.999e-05,121,-1.0,1.0,119,0.9,0.923077,PASS,0.0,0.0,0.0,0.0,0.0,0.0,0.0,0.0,0.0,0.0,0.0,0.0,0.0,0.0,0.0,0.0,0.0,0.0,0.0,0.0,0.0,0.0,0.0,0.0,0.0,0.0,0.0,0.0,0.0,0.0,0.0,0.0,0.0,0.0,0.0,0.0,0.0,0.0,0.0,0.0,0.0,0.0,0.0,0.0,0.0,0.0,0.0129366106080207,0.0,0.0,0.0,0.0,0.0,0.0,0.0,0.0,0.0,0.0,0.0,0.0,0.0,0.03865979381443299,0.0,0.0,0.03589680893498205,0.0,0.2593417867435158,0.499925,0.48171875000000003,0.69240733197556,0.2588783171521036,0.6294163090128755,0.8236651904340123,0.8859873417721519,0.7981277213352684,0.8191443433029908,0.7300955585464334,0.8195767511177348,0.7348485523385301,0.8790390720390721,0.5833600729261622,0.6450976230899831,0.7977849056603774,0.8749625,0.8756264124293786,0.6249375,0.7921691586699398,0.9794381443298968,0.9064499819429398,0.503767895878525,0.7942263279445728,0.8118793357157873,0.9410436507936509,0.9729838165879972,0.9820220791168354,1.0,0.9398040201005025,0.9756957055214723,0.9439662921348315,0.9494104289318755,0.9448857917150599,0.9695983358547656,1.0,1.0,1.0001537890044576,0.9575358410220014,0.9670140612076096,0.9626154806491887,0.9792524573202276,1.0000583025830259,0.9384759556103577,1.0,0.9770746728252502,0.9609076620825149,0.9999090081892629,0.9822780309936189,0.922399307059333,0.9458828828828828,0.939890524726312,0.9775664804469273,0.9767673597489211,0.9699441340782122,0.9313540319103061,0.0,0.0,0.0,0.0,0.0,0.0,0.0,0.0,0.0,0.0,0.0,0.0,0.0,0.0,0.0,0.0,0.0,0.0,1.0,0.9833815397703106,0.9984552362074661,1.0
845680, intergenic, G->A, noncoding,3.87929,0.00039996,121,-1.0,0.8,119,0.9,0.857143,PASS,0.0,0.0,0.0,0.0,0.0,0.0,0.0,0.0,0.0,0.0,0.0,0.0,0.0,0.0,0.0,0.0,0.0,0.0,0.0,0.0,0.0,0.0,0.0,0.0,0.0,0.0,0.0,0.0,0.0,0.0,0.0,0.0,0.0,0.0,0.0,0.0,0.0,0.0,0.0,0.0,0.0,0.0,0.0,0.0,0.0,0.0,0.0,0.0,0.0,0.0,0.0,0.0,0.0,0.0,0.0,0.0,0.0,0.0,0.0,0.0,0.0,0.0,0.0,0.0,0.023809523809523808,0.007194244604316547,0.0,0.0,0.04310344827586207,0.00980392156862745,0.009708737864077669,0.1346153846153846,0.08411214953271028,0.022988505747126436,0.0,0.0,0.0,0.0,0.0,0.0,0.0,0.0,0.0,0.0,0.0,0.0,0.0,0.0,0.0,0.0,0.0,0.0,0.0,0.0,0.0,0.0,0.0,0.0,0.0,0.0,0.0,0.0,0.0,0.0,0.0,0.0,0.0,0.0,0.0,0.0,0.0,0.0,0.0,0.0,0.0,0.0,0.009009009009009009,0.0,0.0,0.0,0.0,0.004032258064516129,0.0,0.0,0.0,0.0,0.0,0.0,0.0,0.0,0.0,0.0,0.0,0.0,0.0,0.0,0.0,0.0,0.0,0.0,0.0,0.0,0.0,0.0
866522, yliE, A->C, missense,0.84177,9.999e-05,121,-1.0,0.8,120,0.9,0.545455,PASS,0.007246376811594203,0.0,0.0,0.0,0.0,0.0,0.0,0.0,0.0,0.0,0.0,0.0,0.0,0.0,0.0,0.0,0.0,0.0,0.0,0.0,0.0,0.0,0.0,0.0,0.010869565217391304,0.0,0.0,0.0,0.0,0.0,0.0,0.0,0.0,0.0,0.0,0.0,0.0,0.0,0.0,0.0392156862745098,0.0,0.0,0.01875,0.7333333333333333,0.5370370370370371,0.7678571428571429,0.819672131147541,0.9333333333333333,0.8837209302325582,0.8235294117647058,1.0,0.9179487179487179,0.9285714285714286,0.9761904761904762,1.0,0.9016393442622951,0.9298245614035088,0.8539325842696629,0.9761904761904762,0.7333333333333333,0.9333333333333333,1.0,0.8333333333333334,0.9285714285714286,1.0,0.8367346938775511,1.0,0.9166666666666666,0.8873239436619719,0.8695652173913043,0.8918918918918919,0.8552631578947368,0.8947368421052632,0.813953488372093,0.8857142857142857,0.6666666666666666,0.734375,0.7551020408163265,0.9183673469387755,0.6507936507936508,0.4936708860759494,0.7910447761194029,0.6,0.8981481481481481,0.6739130434782609,0.8616352201257862,0.95,0.6694915254237288,0.5161290322580645,0.6936936936936937,0.8033707865168539,0.9056603773584906,0.8979591836734694,0.890625,1.0,0.8709677419354839,1.0,0.9387755102040817,0.9629629629629629,0.9320388349514563,1.0,0.9915254237288136,1.0,1.0,0.91,0.9732142857142857,0.9907407407407407,0.9705882352941176,0.92,0.9726027397260274,0.9705882352941176,0.9714285714285714,0.9411764705882353,0.975609756097561,0.9464285714285714,0.8829787234042553,0.7906976744186046,0.9607843137254902,1.0,0.9528301886792453,0.897196261682243,0.9482758620689655,0.0,0.0,0.0,0.0,0.0,0.0,0.0,0.0,0.0,0.0,0.0,0.0,0.0,0.0,0.0,0.0,0.0,1.0,1.0,1.0,0.9947916666666666,1.0
910340, intergenic, C->A, noncoding,2.04057,0.00109989,121,-1.0,0.666667,118,0.9,0.545455,PASS,0.0,0.0,0.0,0.0,0.0,0.0,0.0,0.0,0.0,0.0,0.0,0.0,0.0,0.0,0.0,0.0,0.0,0.0,0.0,0.0,0.0,0.0,0.0,0.0,0.0,0.0,0.0,0.004807692307692308,0.0,0.0,0.0,0.0,0.0,0.0,0.0,0.0,0.0,0.0,0.0,0.0,0.0,0.0,0.0,0.0,0.0,0.0,0.0,0.0,0.0,0.0,0.0,0.0,0.0,0.0,0.0,0.0,0.0,0.045454545454545456,0.18867924528301888,0.2,0.39655172413793105,0.4,0.125,0.42702702702702705,0.0,0.23809523809523808,0.14285714285714285,0.22857142857142856,0.24390243902439024,0.14,0.265625,0.04310344827586207,0.0,0.0,0.0,0.0,0.0,0.0,0.0,0.0,0.0,0.0,0.0,0.0,0.0,0.0,0.0,0.0,0.0,0.0,0.0,0.0,0.0,0.0,0.0,0.0,0.0,0.0,0.0,0.0,0.0,0.0,0.0,0.0,0.0,0.0,0.0,0.0,0.0,0.0,0.0,0.0,0.0,0.0,0.0,0.0,0.0,0.0,0.0,0.0,0.0,0.0,0.0,0.0,0.0,0.0,0.0,0.0,0.0,0.0,0.0,0.0,0.0,0.0,0.0,0.0,0.0,0.0,0.0045662100456621,0.0,0.0,0.0,0.0,0.0
916753, artJ, indel;+C, indel,1.12501,9.999e-05,121,-1.0,0.48,119,0.9,0.461538,PASS,0.0,0.0,0.0,0.0,0.0,0.0,0.0,0.0,0.0,0.0,0.0,0.0,0.0,0.0,0.0,0.0,0.0,0.0,0.0,0.0,0.0,0.0,0.0,0.0,0.0,0.0,0.0,0.0,0.0,0.0,0.0,0.0,0.0,0.0,0.0,0.0,0.0,0.0,0.0,0.0,0.0,0.0,0.0,0.0,0.03508771929824561,0.0,0.0,0.013888888888888888,0.09090909090909091,0.1111111111111111,0.06097560975609756,0.037037037037037035,0.018018018018018018,0.017857142857142856,0.0,0.025,0.0625,0.08421052631578947,0.044444444444444446,0.07547169811320754,0.0,0.08333333333333333,0.0,0.08780487804878048,0.11538461538461539,0.07936507936507936,0.0,0.1206896551724138,0.060240963855421686,0.017857142857142856,0.14492753623188406,0.1,0.06493506493506493,0.0821917808219178,0.056338028169014086,0.16738197424892703,0.16853932584269662,0.1232876712328767,0.1875,0.26605504587155965,0.21481481481481482,0.18681318681318682,0.0,0.14285714285714285,0.2625,0.18404907975460122,0.029411764705882353,0.13068181818181818,0.12280701754385964,0.15254237288135594,0.08256880733944955,0.03333333333333333,0.10236220472440945,0.06666666666666667,0.0,0.015625,0.0,0.05357142857142857,0.02,0.040983606557377046,0.05405405405405406,0.0,0.0,0.0,0.011363636363636364,0.017699115044247787,0.034782608695652174,0.0,0.019417475728155338,0.0,0.015625,0.0,0.0,0.014388489208633094,0.014925373134328358,0.028169014084507043,0.06896551724137931,0.034013605442176874,0.020833333333333332,0.06040268456375839,0.0078125,0.02962962962962963,0.0,0.0,0.0,0.0,0.0,0.0,0.0,0.0,0.0,0.0,0.0,0.0,0.0,0.0,0.0,0.0,0.2892561983471074,0.0,0.0,0.0,0.0,0.0
931346, ybjE, MOB_931346_931353_IS1_1, sv,1.38153,9.999e-05,121,-1.0,0.923077,120,0.9,0.923077,PASS,0.006997900629811056,0.0,0.0,0.0,0.0,0.0,0.0,0.0,0.0,0.0,0.0,0.0,0.0,0.0,0.0,0.0,0.0,0.0,0.0,0.0,0.0,0.0,0.0,0.0,0.0,0.0,0.0,0.0026150627615062765,0.0,0.0,0.0,0.0,0.0,0.0,0.0,0.0,0.0,0.0,0.0,0.0,0.0,0.0,0.0,0.0,0.0,0.0,0.0,0.0,0.0,0.0,0.0,0.0,0.0,0.013568521031207597,0.0,0.0,0.0,0.0,0.0,0.0,0.0,0.0,0.0,0.0,0.0,0.0,0.0,0.0,0.0,0.0,0.0,0.0,0.0,0.0,0.0,0.0,0.0,0.0,0.0,0.0,0.0,0.0,0.0,0.0,0.0,0.008490766291657821,0.03864734299516908,0.16225165562913907,0.3559870550161812,0.46349041947177627,0.6732418524871355,0.8818181818181818,0.8797850906648758,0.9338235294117647,0.9142857142857143,0.946236559139785,0.9882352941176471,0.8522283033620015,0.9238095238095239,0.9327354260089686,0.8829787234042553,0.9439252336448598,0.9361702127659575,0.9662921348314607,0.9328859060402684,0.9459459459459459,0.9675324675324676,0.9569377990430622,0.9574468085106383,0.9178082191780822,0.9537037037037037,0.9180070615927814,0.9142857142857143,0.9311740890688259,0.9320388349514563,0.8897403150276714,0.9333333333333333,0.9116465863453815,0.9281767955801105,0.9773584905660377,0.9308613364233296,0.9196787148594378,0.0,0.0,0.0,0.0,0.0,0.0,0.0,0.0,0.0,0.0,0.0,0.0,0.0,0.0,0.0,0.0,0.0,0.0,0.0,0.0,0.9416488222698073,0.9671361502347418
950427, ftsK, C->T, missense,5.8143,0.00039996,121,-1.0,0.705882,121,0.9,0.923077,PASS,0.0,0.0,0.0,0.0,0.0,0.0,0.0,0.0,0.0,0.0,0.0,0.0,0.0,0.0,0.0,0.0,0.0,0.0,0.0,0.0,0.0,0.0,0.0,0.0,0.0,0.0,0.047619047619047616,0.0,0.1111111111111111,0.12,0.08108108108108109,0.0,0.0,0.0,0.0,0.0,0.0,0.0,0.0,0.0,0.0,0.0,0.0,0.0,0.0,0.0,0.0,0.0,0.0,0.0,0.0,0.0,0.0,0.0,0.0,0.0,0.0,0.0,0.0,0.0,0.0,0.0,0.0,0.0,0.0,0.0,0.0,0.0,0.0,0.0,0.0,0.0,0.0,0.0,0.0,0.0,0.0,0.0,0.0,0.0,0.0,0.0,0.0,0.0,0.0,0.0,0.0,0.0,0.0,0.0,0.0,0.0,0.0,0.0,0.0,0.0,0.0,0.0,0.0,0.0,0.01694915254237288,0.0,0.0,0.0,0.0,0.0,0.0,0.0,0.0,0.0,0.0,0.0,0.0,0.0,0.0,0.0,0.0,0.0,0.0,0.0,0.0,0.0,0.0,0.0,0.0,0.0,0.0,0.0,0.0,0.0,0.0,0.0,0.0,0.0,0.0,0.0,0.0,0.0,0.0,0.0,0.0,0.0,0.0,0.0
956277, ycaJ, C->T, synonymous,2.71355,0.00219978,121,-1.0,0.3,119,0.9,0.266667,PASS,0.0,0.0,0.0,0.0,0.0,0.0,0.0,0.0,0.0,0.0,0.0,0.0,0.0,0.0,0.0,0.0,0.0,0.0,0.023809523809523808,0.0,0.0,0.0,0.0,0.0,0.0,0.0,0.0,0.0,0.0,0.0,0.0,0.0,0.0,0.0,0.0,0.0,0.0,0.0,0.0,0.0,0.0,0.0,0.0,0.0,0.0,0.0,0.0,0.0,0.0,0.0,0.0,0.0,0.0,0.0,0.0,0.0,0.0,0.0,0.0,0.0,0.0,0.0,0.0,0.0,0.0,0.0,0.0,0.0,0.0,0.0,0.0,0.0,0.0,0.0,0.0,0.0,0.0,0.0,0.0,0.0,0.0,0.015873015873015872,0.0,0.0,0.0,0.0,0.0,0.0,0.0,0.0,0.0,0.0,0.0,0.0,0.0,0.0,0.0,0.0,0.0,0.0,0.0,0.0,0.0,0.0,0.0,0.0,0.0,0.0,0.0,0.020833333333333332,0.0,0.047619047619047616,0.25,0.061855670103092786,0.13333333333333333,0.0392156862745098,0.029411764705882353,0.08163265306122448,0.03296703296703297,0.05555555555555555,0.010869565217391304,0.022988505747126436,0.0,0.0,0.0,0.0,0.0,0.0,0.0,0.0,0.0,0.0,0.0,0.0,0.0,0.0,0.0,0.0,0.0,0.0,0.0,0.0,0.0,0.0
968326, intergenic, MOB_968326_968328_IS150_1, sv,1.90108,0.00359964,121,-1.0,0.6,119,0.9,0.705882,PASS,0.0,0.0,0.0,0.0,0.0,0.0,0.0,0.0,0.0,0.0,0.0,0.0,0.0,0.045454545454545456,0.0,0.00211864406779661,0.0,0.01694915254237288,0.01680672268907563,0.0,0.17791411042944785,0.44696969696969696,0.056910569105691054,0.0,0.0106951871657754,0.0,0.0,0.00847457627118644,0.007246376811594203,0.0,0.0,0.0,0.0,0.0,0.0,0.0,0.008064516129032258,0.0,0.0,0.00641025641025641,0.0,0.0,0.00303951367781155,0.0,0.0,0.0,0.0,0.0,0.0,0.0,0.0,0.0024875621890547263,0.0,0.0,0.0,0.0,0.0,0.013888888888888888,0.0,0.0,0.0,0.0,0.0,0.0024509803921568627,0.0,0.0,0.0,0.0,0.0,0.009708737864077669,0.0,0.0,0.0,0.02127659574468085,0.03076923076923077,0.010498687664041995,0.008130081300813009,0.0,0.0,0.00909090909090909,0.011049723756906077,0.0,0.0,0.006802721088435374,0.008064516129032258,0.007594936708860759,0.013333333333333334,0.002577319587628866,0.0,0.002386634844868735,0.0035087719298245615,0.0,0.0,0.0,0.0,0.0,0.0,0.016129032258064516,0.0,0.0,0.016666666666666666,0.009615384615384616,0.009259259259259259,0.005494505494505495,0.07,0.032388663967611336,0.13333333333333333,0.02702702702702703,0.020689655172413793,0.05185185185185185,0.007936507936507936,0.03349282296650718,0.0,0.0330188679245283,0.04,0.03308823529411765,0.09016393442622951,0.04888888888888889,0.0392156862745098,0.046875,0.0364963503649635,0.08015267175572519,0.0,0.0,0.0,0.0,0.0,0.0,0.0,0.0,0.0,0.0,1.0,0.00684931506849315,0.0,0.0,0.005494505494505495,0.0,1.0,0.0,0.0,0.0,0.0,0.0
970687, pflB, MOB_970687_970689_IS150_-1, sv,0.86111,9.999e-05,121,-1.0,0.857143,120,0.9,1.0,PASS,0.0,0.0,0.0,0.017391304347826087,0.0,0.0,0.0,0.0,0.0,0.0,0.0,0.0,0.0,0.0,0.0,0.0,0.0,0.0,0.0,0.0,0.0,0.0,0.0,0.0,0.0,0.0,0.0,0.0,0.0,0.015873015873015872,0.0,0.0,0.06986899563318777,0.2585034013605442,0.5240963855421686,0.5669291338582677,0.7626459143968871,0.8571428571428571,0.6410256410256411,0.9029850746268657,1.0,0.8545454545454545,0.8744038155802861,0.9722222222222222,1.0,0.9824561403508771,0.984375,0.9724137931034482,1.0,0.8850574712643678,0.9463087248322147,0.9425837320574163,0.9489795918367347,0.9285714285714286,1.0,0.962457337883959,0.9680365296803652,0.8544891640866873,0.9629629629629629,0.8860759493670886,0.9836065573770492,0.8888888888888888,1.0,0.9436619718309859,1.0,0.7596153846153846,1.0,0.9436619718309859,0.9425287356321839,0.9090909090909091,0.8113207547169812,0.9137931034482759,0.8811881188118812,0.896551724137931,0.8490566037735849,0.660347551342812,0.8222222222222222,0.6486486486486487,0.9459459459459459,0.6,0.563573883161512,0.9072847682119205,1.0,0.8796296296296297,0.7368421052631579,0.8084577114427861,1.0,0.8116788321167884,0.6410256410256411,0.7413010590015129,0.8076009501187649,0.803921568627451,0.8608695652173913,0.9671361502347418,1.0,0.9772727272727273,1.0,0.8389830508474576,1.0,0.9411764705882353,0.952,1.0,1.0,1.0,0.9636963696369637,0.983402489626556,0.9111111111111111,0.967741935483871,0.9675675675675676,0.959731543624161,1.0,1.0,1.0,0.9815668202764977,1.0,0.9574468085106383,0.9041095890410958,0.9833333333333333,0.978494623655914,0.9840637450199203,0.9924528301886792,0.9400749063670412,0.0,0.0,0.0,0.0,0.0,0.0,0.0,0.0,0.0,0.0,0.0,0.0,0.0,0.0,1.0,1.0,0.0,1.0,1.0,0.9923664122137404,1.0,0.9919028340080972
998846, ycbB, MOB_998846_998849_IS150_1, sv,2.69088,0.00069993,121,-1.0,0.923077,120,0.9,0.8,PASS,0.0,0.0,0.0,0.0,0.0,0.0,0.0,0.0,0.0,0.0,0.0,0.0,0.0,0.0,0.0,0.0,0.0,0.0,0.0,0.0,0.0,0.0,0.0,0.0,0.0,0.0,0.0,0.0,0.0,0.0,0.0,0.0,0.0,0.0,0.01834862385321101,0.008264462809917356,0.049019607843137254,0.03389830508474576,0.1,0.02912621359223301,0.07462686567164178,0.07142857142857142,0.17883211678832117,0.0,0.0,0.0,0.0,0.0,0.0,0.0,0.0,0.0,0.0,0.0,0.0,0.0,0.0,0.0,0.0,0.0,0.0,0.0,0.0,0.0,0.0,0.0,0.0,0.0,0.0,0.0,0.0,0.0,0.0,0.0,0.0,0.0,0.0,0.0,0.0,0.0,0.0,0.0,0.0,0.0,0.0,0.0,0.0,0.0,0.0,0.0,0.0,0.0,0.0,0.0,0.0,0.0,0.0,0.0,0.0,0.0,0.0,0.0,0.0,0.0,0.0,0.0,0.0,0.0,0.0,0.0,0.0,0.0,0.0,0.0,0.0,0.0,0.0,0.0,0.00510204081632653,0.0,0.0,0.0,0.0,0.0,0.0,0.0,0.0,0.0,0.0,0.0,0.0,0.0,0.0,0.0,0.0,0.0,0.0,0.0,0.0,0.0,0.0,0.0,0.0,0.0
999840, ycbB, C->T, nonsense,0.847949,9.999e-05,121,-1.0,0.571429,120,0.9,0.666667,PASS,0.0,0.0,0.0,0.0,0.0,0.0,0.0,0.0,0.0,0.0,0.0,0.0,0.0,0.0,0.0,0.0,0.0,0.0,0.0,0.0,0.0,0.0125,0.0,0.0,0.0,0.0,0.0,0.0,0.0,0.0,0.0,0.0,0.0,0.0,0.0,0.0,0.0,0.0,0.0,0.0,0.0,0.0,0.0053475935828877,0.631578947368421,0.43859649122807015,0.6379310344827587,0.8026315789473685,0.963855421686747,0.8928571428571429,0.9130434782608695,0.943089430894309,0.9638009049773756,0.9714285714285714,0.9315068493150684,0.9047619047619048,0.9069767441860465,0.9529411764705882,0.8842975206611571,0.9423076923076923,0.8243243243243243,1.0,0.625,1.0,0.9186602870813397,0.9047619047619048,0.8554216867469879,1.0,0.8979591836734694,0.8804347826086957,0.9230769230769231,0.7631578947368421,0.9036144578313253,0.8591549295774648,0.98,0.7288135593220338,0.5990566037735849,0.7790697674418605,0.6307692307692307,0.84,0.4444444444444444,0.58,0.7830188679245284,1.0,0.8354430379746836,0.6078431372549019,0.7611940298507462,0.9324324324324325,0.8023255813953488,0.4411764705882353,0.7313432835820896,0.7403846153846154,0.9411764705882353,0.9444444444444444,0.8805970149253731,0.967741935483871,0.9322033898305084,0.9642857142857143,0.9029126213592233,0.9565217391304348,0.9556962025316456,0.984375,1.0,1.0,1.0,0.9876543209876543,0.9615384615384616,0.9125,0.928,0.9618320610687023,0.9607843137254902,1.0,0.9934640522875817,1.0,0.9611111111111111,0.95,0.9263803680981595,0.7941176470588235,0.9556650246305419,0.96,0.9235294117647059,0.9787234042553191,0.9763313609467456,0.0,0.0,0.0,0.0,0.0,0.0,0.0,0.0,0.0,0.0,0.0,0.0,0.0,0.0,0.0,0.0,0.0,1.0,1.0,1.0,1.0,1.0
1004194, intergenic, T->C, noncoding,2.06189,9.999e-05,121,-1.0,0.48,118,0.9,0.705882,PASS,0.0,0.0,0.0,0.0,0.0,0.0,0.0,0.0,0.0,0.0,0.0,0.0,0.0,0.0,0.0,0.0,0.0,0.0,0.0,0.0,0.0,0.0,0.0,0.0,0.0,0.0,0.0,0.0,0.0,0.0,0.0,0.0,0.0,0.0,0.0,0.0,0.0,0.0,0.0,0.0,0.0,0.0,0.0,0.0,0.0,0.0,0.0,0.0,0.0,0.0,0.0,0.0,0.0,0.0,0.0,0.0,0.0,0.0,0.0,0.07017543859649122,0.0851063829787234,0.16666666666666666,0.0,0.0457516339869281,0.25,0.47058823529411764,0.25,0.030303030303030304,0.10416666666666667,0.6428571428571429,0.0,0.0,0.0,0.0,0.0,0.0,0.0,0.0,0.0,0.0,0.0,0.0,0.0,0.0,0.0,0.0,0.0,0.0,0.0,0.0,0.0,0.0,0.014925373134328358,0.0,0.0,0.0,0.0,0.0,0.0,0.0,0.0,0.04938271604938271,0.05714285714285714,0.6379310344827587,0.6470588235294118,0.8365384615384616,0.7738095238095238,0.18421052631578946,0.09333333333333334,0.10526315789473684,0.15254237288135594,0.9701492537313433,0.8888888888888888,0.961038961038961,0.9545454545454546,0.9733333333333334,0.8604651162790697,0.971830985915493,0.9848484848484849,0.9565217391304348,0.9361702127659575,0.9156626506024096,0.0,0.0,0.0,0.0,0.0,0.0,0.0,0.0,0.0,0.0,0.0,0.0,0.0,0.0,0.0,0.0,0.0,0.0,0.0,0.0,0.0,0.0
1012099, ssuD, A->C, missense,4.80409,0.00159984,121,-1.0,0.193548,119,0.9,0.272727,PASS,0.0,0.0,0.0,0.0,0.0,0.0,0.0,0.0,0.0,0.0,0.0,0.0,0.0,0.0,0.0,0.0,0.0,0.0,0.0,0.0,0.0,0.0,0.0,0.0,0.0,0.0,0.0,0.0,0.0,0.0,0.0,0.0,0.0,0.0,0.0,0.0,0.0,0.0,0.0,0.0,0.0,0.0,0.0,0.0,0.0,0.0,0.0,0.0,0.0,0.0,0.0,0.0,0.0,0.0,0.0,0.0,0.0,0.0,0.0,0.0,0.0,0.0,0.0,0.0,0.0,0.0,0.0,0.0,0.0,0.0,0.0,0.0,0.0,0.0,0.0,0.0,0.0,0.0,0.0,0.0,0.0,0.0,0.0,0.0,0.0,0.0,0.0,0.0,0.0,0.0,0.0,0.0,0.0,0.0,0.0,0.0,0.0,0.0,0.0,0.0,0.0,0.0,0.0,0.0,0.0,0.0,0.0,0.015384615384615385,0.08695652173913043,0.08196721311475409,0.10810810810810811,0.0,0.0,0.0,0.0,0.0,0.0,0.0,0.0,0.0,0.0,0.0,0.0,0.0,0.0,0.0,0.0,0.0,0.0,0.0,0.0,0.0,0.0,0.0,0.0,0.0,0.0,0.0,0.0,0.0,0.0,0.0,0.0,0.0
1038047, sulA, A->G, noncoding,4.65256,9.999e-05,121,-1.0,1.0,119,0.9,0.255319,PASS,0.0,0.0,0.0,0.0,0.0,0.0,0.0,0.0,0.0,0.0,0.0,0.0,0.0,0.0,0.0,0.0,0.0,0.02,0.0,0.0,0.0,0.0,0.0,0.0,0.0,0.0,0.0,0.0,0.0,0.0,0.0,0.0,0.0,0.0,0.0,0.0,0.0,0.0,0.0,0.0,0.0,0.0,0.0,0.0,0.0,0.0,0.0,0.0,0.0,0.0,0.007407407407407408,0.004219409282700422,0.0,0.0,0.0,0.0,0.0,0.0,0.0,0.0,0.0,0.0,0.0,0.0,0.0,0.0,0.0,0.0,0.0,0.0,0.0,0.0,0.0,0.0,0.0,0.0,0.0,0.0,0.0,0.0,0.0,0.0,0.0,0.0,0.0,0.0,0.0,0.0,0.0,0.0,0.0,0.0,0.0,0.0,0.0,0.0,0.0,0.0,0.0,0.0,0.0,0.0,0.017241379310344827,0.0,0.007194244604316547,0.006134969325153374,0.009900990099009901,0.20535714285714285,0.5057471264367817,0.5070422535211268,0.45454545454545453,0.08024691358024691,0.06097560975609756,0.013157894736842105,0.0273972602739726,0.005154639175257732,0.0,0.0,0.0,0.0,0.0,0.009852216748768473,0.0,0.0,0.0,0.0,0.0,0.0,0.0,0.0,0.0,0.0,0.0,0.0,0.0,0.0,0.0,0.0,0.0,0.0,0.0,0.0,0.0,0.0
1038052, sulA, A->G, noncoding,2.4573,0.00079992,121,-1.0,0.923077,120,0.9,1.0,PASS,0.0,0.0,0.0,0.0,0.0,0.0,0.0,0.0,0.0,0.0,0.0,0.0,0.0,0.0,0.0,0.0,0.0,0.0,0.0,0.0,0.0,0.0,0.0,0.0,0.0,0.0,0.0,0.0,0.0,0.0,0.0,0.011904761904761904,0.07526881720430108,0.0,0.01818181818181818,0.011627906976744186,0.0641025641025641,0.022727272727272728,0.17647058823529413,0.0784313725490196,0.05555555555555555,0.15789473684210525,0.15544041450777202,0.0,0.0,0.0,0.0,0.0,0.0,0.0,0.0,0.0,0.0,0.0,0.0,0.0,0.0,0.0,0.0,0.0,0.0,0.0,0.0,0.0,0.0,0.0,0.0,0.0,0.0,0.0,0.0,0.0,0.0,0.0,0.0,0.0,0.0,0.0,0.0,0.0,0.0,0.0,0.0,0.0,0.0,0.0,0.0,0.0,0.0,0.0,0.0,0.0,0.0,0.0,0.0,0.0,0.0,0.0,0.0,0.0,0.0,0.0,0.0,0.0,0.0,0.0,0.0,0.0,0.0,0.0,0.0,0.0,0.038461538461538464,0.02027027027027027,0.05405405405405406,0.0055248618784530384,0.0,0.007246376811594203,0.0,0.005952380952380952,0.0,0.010362694300518135,0.0,0.0,0.0,0.0,0.0,0.0,0.0,0.0,0.0,0.0,0.0,0.0,0.0,0.0,0.0,0.0,0.0,0.0,0.0,0.004132231404958678,0.0,0.0
1042758, helD, MOB_1042758_1042760_IS150_1, sv,1.89862,9.999e-05,121,-1.0,0.8,120,0.9,1.0,PASS,0.0,0.0,0.0,0.0,0.0,0.0,0.0,0.0,0.0,0.0,0.0,0.0,0.0,0.0,0.0,0.0,0.0,0.0,0.0,0.0,0.0,0.0,0.0,0.0,0.0,0.0,0.0,0.0,0.0,0.0,0.0,0.0,0.0,0.0,0.0,0.0,0.0,0.0,0.0,0.0,0.0,0.0,0.0,0.0,0.0,0.0,0.0,0.0,0.0,0.0,0.0,0.0,0.0,0.0,0.0,0.0,0.0,0.0,0.0,0.0,0.0,0.0,0.0,0.0,0.0,0.0,0.0,0.0,0.0,0.0,0.0,0.0,0.009345794392523364,0.0,0.0,0.0,0.0,0.0,0.0,0.0,0.0,0.0,0.0,0.0,0.0,0.0,0.0,0.0,0.0,0.0,0.0,0.0,0.0,0.0,0.0,0.0,0.0,0.0,0.0,0.0,0.0,0.01910828025477707,0.06779661016949153,0.5573770491803278,0.7793103448275862,0.7782101167315175,0.8075313807531381,0.256,0.044642857142857144,0.208,0.3111111111111111,0.8849557522123894,0.8390804597701149,0.9330543933054394,0.9636363636363636,0.9688715953307393,0.9056603773584906,0.9688888888888889,1.0,0.9625,0.975103734439834,0.9516129032258065,0.0,0.0,0.0,0.0,0.0,0.0,0.0,0.0,0.0,0.0,0.0,0.0,0.0,0.0,0.0,0.0,0.0,0.0,0.0,0.0,0.0,0.0
1080951, yccE, G->T, missense,4.74012,0.00069993,121,-1.0,0.631579,119,0.9,0.923077,PASS,0.0,0.0,0.0,0.0,0.0,0.0,0.0,0.0,0.0,0.0,0.0,0.0,0.0,0.0,0.0,0.0,0.0,0.0,0.0,0.0,0.0,0.0,0.01282051282051282,0.0,0.0,0.0,0.0,0.0,0.0,0.0,0.0,0.0,0.0,0.0,0.0,0.0,0.0,0.0,0.0,0.0,0.0,0.0,0.0,0.0,0.0,0.0,0.0,0.0,0.0,0.0,0.0,0.0,0.0,0.01639344262295082,0.041666666666666664,0.34782608695652173,0.1267605633802817,0.04,0.0,0.0,0.011363636363636364,0.0,0.0,0.0,0.0,0.0,0.0,0.0,0.0,0.0,0.0,0.0,0.0,0.0,0.0,0.0,0.0,0.0,0.0,0.0,0.0,0.0,0.0,0.0,0.0,0.0,0.0,0.0,0.0,0.0,0.0048543689320388345,0.0,0.0,0.0,0.0,0.0,0.0,0.0,0.0,0.0,0.0,0.0,0.0,0.0,0.008849557522123894,0.0,0.0,0.0,0.0,0.0,0.0,0.0,0.0,0.0,0.0,0.0,0.0,0.0,0.0,0.0,0.0,0.0,0.0,0.0,0.0,0.0,0.0,0.0,0.0,0.0,0.0,0.0,0.0,0.0,0.009009009009009009,0.0,0.0,0.0,0.0,0.0,0.0,0.0,0.0,0.006944444444444444
1089367, ycdM, G->A, missense,0.822626,9.999e-05,121,-1.0,0.444444,120,0.9,0.0930233,PASS,0.00847457627118644,0.0,0.0,0.0,0.0,0.0,0.0,0.0,0.012658227848101266,0.0,0.2,0.38235294117647056,0.41818181818181815,0.25,0.2,0.8963414634146342,0.9130434782608695,0.9743589743589743,0.9090909090909091,0.9,0.8867924528301887,0.9242424242424242,0.8636363636363636,0.8888888888888888,0.8115942028985508,0.9166666666666666,0.7857142857142857,0.8041958041958042,0.8723404255319149,0.9333333333333333,0.9782608695652174,1.0,0.9104477611940298,0.9655172413793104,1.0,0.9534883720930233,0.9361702127659575,0.8461538461538461,0.7777777777777778,0.8695652173913043,0.9090909090909091,0.8709677419354839,0.8297872340425532,1.0,1.0,0.9743589743589743,0.9795918367346939,0.9672131147540983,0.975,0.9259259259259259,0.9473684210526315,0.9364161849710982,0.9571428571428572,0.9545454545454546,0.8888888888888888,0.9193548387096774,0.8955223880597015,0.9344262295081968,0.9444444444444444,0.8076923076923077,0.9791666666666666,1.0,1.0,0.9194630872483222,1.0,0.9090909090909091,1.0,0.9230769230769231,0.9552238805970149,0.975,0.7419354838709677,0.9285714285714286,0.873015873015873,0.96875,0.9056603773584906,0.6097560975609756,0.7872340425531915,0.75,0.8611111111111112,0.4528301886792453,0.42424242424242425,0.8372093023255814,1.0,0.8804347826086957,0.6122448979591837,0.7741935483870968,0.975609756097561,0.7522123893805309,0.4166666666666667,0.7422680412371134,0.8235294117647058,0.92,0.925,0.98,1.0,0.9761904761904762,1.0,0.9838709677419355,0.9361702127659575,0.9333333333333333,0.9722222222222222,1.0,0.9722222222222222,1.0,0.984375,1.0,0.8522727272727273,0.9642857142857143,0.9682539682539683,0.9651162790697675,0.972972972972973,0.9662921348314607,1.0,0.98989898989899,1.0,0.9139784946236559,0.9454545454545454,0.9565217391304348,1.0,0.9680851063829787,0.9571428571428572,0.93,0.0,0.0,0.0,0.0,0.0,0.0,0.0,0.0,0.0,0.9111111111111111,1.0,0.0,1.0,1.0,0.9836065573770492,1.0,0.0,1.0,1.0,0.9834254143646409,0.9863636363636363,1.0
1101796, phoH, indel;-2, indel,3.90571,0.00239976,121,-1.0,0.6,121,0.9,0.75,PASS,0.0,0.0,0.0,0.0,0.0,0.0,0.0,0.0,0.0,0.0,0.0,0.0,0.0,0.0,0.0,0.0,0.0,0.0,0.0,0.0,0.0,0.0,0.0,0.0,0.0,0.0,0.0,0.0,0.0,0.0,0.0,0.0,0.0,0.0,0.0,0.0,0.0,0.0,0.07692307692307693,0.0684931506849315,0.03333333333333333,0.125,0.12056737588652482,0.0,0.0,0.0,0.0,0.0,0.0,0.0,0.0,0.0,0.0,0.0,0.0,0.0,0.0,0.0,0.0,0.0,0.0,0.0,0.0,0.0,0.0,0.0,0.0,0.0,0.0,0.0,0.0,0.0,0.0,0.0,0.0,0.0,0.0,0.0,0.0,0.0,0.0,0.0,0.0,0.0,0.0,0.0,0.0,0.0,0.0,0.0,0.0,0.0,0.0,0.0,0.0,0.0,0.0,0.0,0.0,0.0,0.0,0.0,0.0,0.0,0.0,0.0,0.0,0.0,0.0,0.0,0.0,0.0,0.0,0.0,0.0,0.0,0.0,0.0,0.0,0.0,0.0,0.0,0.0,0.0,0.0,0.0,0.0,0.0,0.0,0.0,0.0,0.0,0.0,0.0,0.0,0.0,0.0,0.0,0.0,0.0,0.0,0.0,0.0,0.0
1101970, phoH, MOB_1101970_1101971_IS150_1, sv,0.917928,9.999e-05,121,-1.0,0.5,120,0.9,0.144578,PASS,0.003255901426718547,0.0,0.0,0.0,0.0,0.0,0.0,0.0,0.0,0.0,0.0,0.0,0.0,0.0,0.0,0.0,0.0,0.0,0.02230055928411633,0.0,0.0,0.0,0.0,0.0,0.0,0.0,0.0,0.002714193460490463,0.03869899068322981,0.0,0.009507731172545282,0.0,0.0,0.0,0.0,0.0,0.0,0.0,0.0,0.0,0.0,0.0,0.0,0.0,0.0,0.0,0.0,0.0,0.0,0.0,0.006463778353856124,0.002585955405755769,0.0,0.0,0.0,0.08813224489795918,0.3340713266761769,0.5315388251181634,0.7298208092485549,0.6122230603448277,0.5312707275803722,0.7807269607843138,0.81144,0.3848709771796372,1.0,0.8001496655518395,0.33207566666666666,0.6809305239179955,0.6931684698608964,0.7397382812500001,0.6522361308677099,0.8827612903225805,0.9494789207419899,0.9696017699115045,0.9218804627249358,0.7874226428831453,0.7682271973466004,0.867816287878788,0.8818339416058395,0.6568127984718242,0.7409265799256506,0.9088047112462005,0.8303508333333333,0.8706134157105031,0.7956131013306038,0.8613225896082246,0.9159021097046414,0.8984700598802395,0.47817620087336243,0.8388779803646563,0.8626738114866723,0.8815467943994105,0.9779596510359869,0.9369976303317537,1.0011145584725538,1.0,0.9458019257221457,0.9633968692449356,0.9322072451558551,0.982791089965398,1.0,1.0,1.0,0.9861344947735192,1.0,0.9835815014516799,0.9640643028846153,0.9911547889241943,0.9939393939393939,1.0,0.9859306859205776,0.9952055054579971,1.0002129094412333,0.9833127825729552,0.9997732919254658,0.9813416099319183,0.9450614678899083,0.9502530070510162,0.9881171060698958,0.9708281649033198,0.9997882751937984,0.9564469663902226,0.0,0.0,0.0,0.0,0.0,0.0,0.0,0.0,0.0,0.0,0.0,0.0,0.0,0.0,0.0,0.0,0.0,1.0,1.0,0.9927517521209884,0.9973049741777658,1.0
1102001, phoH, indel;+22, indel,1.2438,0.00959904,57,-1.36983,9.999e-05,104,0.9,1.0,PASS,0.0,0.0,0.0,0.0,0.0,0.0,0.0,0.0,0.0,0.0,0.0,0.0,0.0,0.0,0.0,0.0,0.0,0.0,0.02702702702702703,0.0625,0.027972027972027972,0.0,0.019417475728155338,0.028985507246376812,0.047058823529411764,0.0,0.0,0.0440251572327044,0.015037593984962405,0.0,0.0,0.0,0.01680672268907563,0.0,0.024844720496894408,0.0,0.0,0.0,0.0,0.03361344537815126,0.029850746268656716,0.0,0.0,0.06818181818181818,0.0,0.0,0.05263157894736842,0.07518796992481203,0.11764705882352941,0.2716049382716049,0.13138686131386862,0.048,0.07228915662650602,0.03508771929824561,0.29411764705882354,0.046511627906976744,0.22018348623853212,0.14285714285714285,0.17391304347826086,0.24,0.08695652173913043,0.13333333333333333,0.0,0.15810276679841898,0.25,0.32653061224489793,0.0,0.13043478260869565,0.12903225806451613,0.32432432432432434,0.2857142857142857,0.1276595744680851,0.4878048780487805,0.4166666666666667,0.375,0.6019417475728155,0.3333333333333333,0.2909090909090909,0.36363636363636365,0.72,0.7058823529411765,0.4666666666666667,0.0,0.5833333333333334,0.5384615384615384,0.4691358024691358,0.11764705882352941,0.5401459854014599,0.6,0.5517241379310345,0.42718446601941745,0.358974358974359,0.24561403508771928,0.14285714285714285,0.0,0.20689655172413793,0.0,0.0851063829787234,0.1111111111111111,0.11538461538461539,0.2857142857142857,0.06451612903225806,0.21052631578947367,0.0,0.2857142857142857,0.05714285714285714,0.2553191489361702,0.21052631578947367,0.05714285714285714,0.0425531914893617,0.0,0.0,0.09523809523809523,0.1,0.21428571428571427,0.05128205128205128,0.3125,0.21333333333333335,0.09302325581395349,0.1282051282051282,0.07272727272727272,0.20253164556962025,0.0,0.0,0.0,0.0,0.0,0.0,0.0,0.0,0.0,0.0,0.0,0.0,0.0,0.0,0.0,0.0,0.8307692307692308,0.0,0.0,0.0,0.0,0.0
1102339, phoH, T->C, missense,2.68031,9.999e-05,121,-1.0,0.8,120,0.9,0.666667,PASS,0.0,0.0,0.0,0.0,0.0,0.0,0.0,0.0,0.0,0.0,0.0,0.0,0.0,0.0,0.0,0.0,0.0,0.0,0.0,0.0,0.0,0.0,0.0,0.0,0.0,0.0,0.0,0.0,0.0,0.0,0.0,0.0,0.0,0.0,0.0,0.0,0.0,0.0,0.0,0.0,0.0,0.0,0.0,0.0,0.0,0.0,0.0,0.015873015873015872,0.0,0.0,0.0,0.0,0.0,0.0,0.07692307692307693,0.2777777777777778,0.17567567567567569,0.23529411764705882,0.21875,0.16666666666666666,0.4727272727272727,0.5,0.5714285714285714,0.477124183006536,0.16666666666666666,0.2765957446808511,0.0,0.14285714285714285,0.3055555555555556,0.14285714285714285,0.2,0.06493506493506493,0.0,0.0,0.0,0.0,0.0,0.0,0.0,0.0,0.0,0.0,0.0,0.0,0.0,0.0,0.0,0.005649717514124294,0.0,0.0,0.0,0.0,0.0,0.0,0.0,0.0,0.0,0.0,0.0,0.0,0.0,0.0,0.0,0.0,0.0,0.0,0.0,0.0,0.0,0.0,0.0,0.0,0.0,0.0,0.0,0.0,0.0,0.0,0.0,0.0,0.0,0.0,0.0,0.0,0.0,0.0,0.0,0.0,0.0,0.0,0.0,0.0,0.0,0.0,0.0,0.0,0.0,0.0,0.0,0.0,0.0,0.0,0.0,0.0
1109687, ycdT, MOB_1109687_1109689_IS150_1, sv,6.41441,9.999e-05,121,-1.0,0.857143,119,0.9,1.0,PASS,0.0,0.0,0.0,0.0,0.0,0.0,0.0,0.0,0.0,0.0,0.0,0.0,0.0,0.0,0.0,0.0,0.0,0.0,0.0,0.0,0.0,0.0,0.0,0.0,0.0,0.0,0.0,0.0,0.0,0.0,0.0,0.0,0.0,0.0,0.0,0.0,0.0,0.0,0.0,0.0,0.0,0.0,0.0,0.14492753623188406,0.17567567567567569,0.15,0.12264150943396226,0.009259259259259259,0.0,0.0,0.0,0.0,0.0,0.0,0.0,0.0,0.0,0.0,0.0,0.0,0.0,0.0,0.0,0.0,0.0,0.0,0.0,0.0,0.0,0.0,0.0,0.0,0.0,0.0,0.0,0.0,0.0,0.0,0.0,0.0,0.0,0.0,0.0,0.0,0.0,0.0,0.0,0.0,0.0,0.0,0.0,0.0,0.0,0.0,0.0,0.0,0.0,0.0,0.0,0.0,0.0,0.0,0.0,0.0,0.0,0.0,0.0,0.0,0.0,0.0,0.0,0.0,0.0,0.0,0.0,0.0,0.0,0.0,0.0,0.0,0.0,0.0,0.0,0.0,0.0,0.0,0.0,0.0,0.0,0.0,0.0,0.0,0.0,0.0,0.0,0.0,0.0,0.0,0.0,0.0,0.0,0.0,0.0,0.0
1136032, dinI, MOB_1136032_1136034_IS150_-1, sv,0.991739,9.999e-05,121,-1.0,0.210526,116,0.9,0.48,PASS,0.0,0.0,0.0,0.0,0.0,0.0,0.0,0.0,0.0,0.010770438548998377,0.0,0.0,0.019607657308809295,0.046728463356974004,0.0,0.0194891846921797,0.06109289940828403,0.0,0.0,0.07106915789473685,0.03553028972783143,0.030033687315634217,0.0404693246541904,0.02890097004279601,0.058546550472040666,0.0,0.04136206122448979,0.0659100622406639,0.08793232724384431,0.050883276450511945,0.015094613050075872,0.05423109090909091,0.019193397129186603,0.05647304469273744,0.007456484257871064,0.015699495341614907,0.0,0.025435135135135133,0.029749431137724554,0.08777413881748072,0.0,0.0,0.022047877461706784,0.0,0.0,0.015212805329385641,0.03676527272727272,0.08214899623588456,0.0449841826215022,0.1767984238178634,0.0790215455140799,0.11716322008862629,0.0209176726342711,0.11967996632996634,0.25109079497907955,0.13337810615199033,0.13553039419087137,0.22825348472983556,0.03568817299205649,0.1307991008991009,0.11756019983347211,0.0,0.04006072580645161,0.09284257871064466,0.04548329519450801,0.2766646871686108,0.20320000000000002,0.15677896103896105,0.10395020145044319,0.1384789764868603,0.22861909090909094,0.1334779775280899,0.30061949404761906,0.05370648648648648,0.07766789393939394,0.430561170212766,0.2561698391420912,0.23987542932628797,0.2621190476190476,0.6661179385530227,0.4056065065840434,0.1661567944250871,0.343195,0.22567868020304568,0.5454675090252707,0.37723591549295776,0.011694734982332155,0.3167138508371385,0.544084051724138,0.32625260718424104,0.2724006371963361,0.062350996852046175,0.09936928446771377,0.1015327606635071,0.16707310924369748,0.024425182186234816,0.01989042,0.07845651423641069,0.10869825581395348,0.0477677376171352,0.04796991485335857,0.021760346070656095,0.011023845327604725,0.0455094584286804,0.04046032388663968,0.06428336856941508,0.0696978125,0.04901354679802956,0.019916386969397827,0.04201952908587257,0.0,0.037644666250779786,0.05144809160305344,0.08421806633733239,0.11848123052959501,0.09719630225080386,0.11645459817729908,0.049558164775530336,0.0,0.058568364928909954,0.04280882040382572,0.09584473516273134,0.0,0.0,0.0,0.0,0.0,0.0,0.0,0.0,0.0,0.0,0.0,0.008752861952861953,0.0,0.0,1.0,0.0,1.0,0.0,0.0,0.0,0.0,0.0
1140626, rimJ, MOB_1140626_1140634_IS1_1, sv,6.05489,9.999e-05,121,-1.0,0.571429,120,0.9,0.428571,PASS,0.0,0.0,0.0,0.0,0.0,0.0,0.0,0.0,0.0,0.0,0.0,0.0,0.0,0.0,0.0,0.0,0.04784403815580286,0.05295118733509235,0.2726530054644809,0.27992064128256516,0.0498872433105165,0.023892422434367542,0.03790680529300568,0.0,0.004282655246252677,0.0,0.0,0.0,0.0,0.0,0.0,0.0,0.0,0.0,0.0,0.0,0.0,0.0,0.0,0.0,0.0,0.0,0.0,0.0,0.0,0.0,0.0,0.0,0.0,0.0,0.0,0.0,0.0,0.0,0.0,0.0,0.0,0.0,0.0,0.0,0.0,0.0,0.0,0.0,0.0,0.0,0.0,0.0,0.0,0.0,0.0,0.0,0.0,0.0,0.0,0.0,0.0,0.0,0.0,0.0,0.0,0.0,0.0,0.0,0.0,0.0,0.0,0.0,0.0,0.0,0.0,0.0,0.0,0.0,0.0,0.0,0.0,0.0,0.0,0.0,0.0,0.0,0.0,0.0,0.0,0.003883495145631068,0.0,0.0,0.0,0.0,0.0,0.0,0.0,0.0,0.0,0.0,0.0,0.0,0.0,0.0,0.0,0.0,0.0,0.0,0.0,0.0,0.0,0.0,0.0,0.0,0.0,0.0,0.0,0.0,0.0,0.0,0.0,0.0,0.0,0.0,0.0,0.0,0.0,0.0
1156460, rne, A->C, missense,0.805752,9.999e-05,121,-1.0,0.705882,118,0.9,0.5,PASS,0.0,0.0,0.0,0.0,0.0,0.0,0.0,0.0,0.0,0.009900990099009901,0.0,0.0,0.0,0.0,0.0,0.0,0.0,0.0,0.0,0.09090909090909091,0.1518987341772152,0.37142857142857144,0.875,0.7241379310344828,0.7317073170731707,0.9285714285714286,0.76,0.7697368421052632,0.8269230769230769,1.0,0.9375,1.0,0.9491525423728814,0.925,0.9361702127659575,1.0,0.9365079365079365,0.9705882352941176,0.8235294117647058,0.875,0.9615384615384616,0.6923076923076923,0.8181818181818182,1.0,0.9649122807017544,1.0,0.9302325581395349,0.875,0.918918918918919,0.8125,0.775,0.8954248366013072,0.975609756097561,1.0,0.8888888888888888,0.9672131147540983,0.8947368421052632,0.8857142857142857,0.9743589743589743,0.813953488372093,0.9459459459459459,1.0,1.0,0.9611650485436893,0.9333333333333333,0.8235294117647058,1.0,0.9333333333333333,0.8285714285714286,0.9354838709677419,0.75,0.9565217391304348,0.8235294117647058,0.7540983606557377,0.8333333333333334,0.5968992248062015,0.6326530612244898,0.8095238095238095,0.6551724137931034,0.4339622641509434,0.5625,0.8333333333333334,1.0,0.8333333333333334,0.4117647058823529,0.7320574162679426,0.9791666666666666,0.7931034482758621,0.6774193548387096,0.7117117117117117,0.8232558139534883,0.8947368421052632,0.9222222222222223,0.8292682926829268,1.0,0.9166666666666666,1.0,0.9444444444444444,0.9090909090909091,0.9495798319327731,0.9393939393939394,0.981651376146789,1.0,1.0,0.9722222222222222,1.0,0.8764044943820225,0.9622641509433962,1.0,0.9855072463768116,1.0,0.9891304347826086,0.9230769230769231,0.9444444444444444,0.8823529411764706,0.9423076923076923,0.94,0.9615384615384616,1.0,0.9782608695652174,0.9583333333333334,0.9545454545454546,0.0,0.0,0.0,0.0,0.0,0.0,0.0,0.0,0.0,0.0,0.0,0.0,1.0,1.0,1.0,1.0,0.0,0.9857142857142858,1.0,0.9953917050691244,1.0,1.0
1159208, ECB_01081, C->T, synonymous,4.04422,9.999e-05,121,-1.0,0.75,120,0.9,0.5,PASS,0.0,0.0,0.0,0.0,0.0,0.0,0.0,0.0,0.0,0.0,0.0,0.0,0.0,0.0,0.0,0.0,0.0,0.0,0.0,0.0,0.0,0.0,0.0,0.0,0.0,0.0,0.0,0.0,0.0,0.0,0.0,0.0,0.0,0.0,0.0,0.0,0.0,0.0,0.0,0.22972972972972974,0.6206896551724138,0.8108108108108109,0.7666666666666667,0.375,0.543859649122807,0.3611111111111111,0.12903225806451613,0.017857142857142856,0.0,0.0,0.0,0.0,0.0,0.0,0.0,0.0,0.0,0.0,0.0,0.0,0.0,0.0,0.0,0.0,0.0,0.0,0.0,0.0,0.0,0.0,0.0,0.0,0.0,0.0,0.0,0.0,0.0,0.0,0.0,0.0,0.0,0.0,0.0,0.0,0.0,0.005291005291005291,0.0,0.0,0.0,0.0,0.0,0.0,0.0,0.0,0.0,0.0,0.0,0.0,0.0,0.0,0.0,0.0,0.0,0.0,0.0,0.0,0.0,0.00909090909090909,0.0,0.0,0.0,0.0,0.0,0.0,0.0,0.0,0.0,0.0,0.0,0.0,0.0,0.0,0.0,0.0,0.0,0.0,0.0,0.0,0.0,0.0,0.0,0.0,0.0,0.0,0.0,0.0,0.9911504424778761,0.9910714285714286,0.020833333333333332,0.0,0.0,0.0,0.0,0.0
1166950, fabF, C->T, missense,0.831921,9.999e-05,121,-1.0,0.315789,120,0.9,0.0769231,PASS,0.0,0.0,0.0,0.0,0.0,0.3333333333333333,0.34502923976608185,0.12307692307692308,0.047619047619047616,0.22727272727272727,0.6216216216216216,0.9444444444444444,0.8767123287671232,0.9411764705882353,1.0,0.9758454106280193,1.0,1.0,1.0,0.9583333333333334,0.9651162790697675,0.9833333333333333,0.9180327868852459,0.90625,0.9878048780487805,1.0,1.0,0.9794871794871794,1.0,1.0,1.0,0.9833333333333333,1.0,0.9852941176470589,1.0,0.971830985915493,1.0,0.9666666666666667,0.9629629629629629,0.9649122807017544,0.9310344827586207,1.0,1.0,1.0,1.0,0.9534883720930233,1.0,0.9583333333333334,0.9714285714285714,0.8666666666666667,0.9431818181818182,0.9351351351351351,0.9777777777777777,0.9791666666666666,1.0,0.8461538461538461,0.9649122807017544,0.9242424242424242,0.9523809523809523,0.8260869565217391,0.9672131147540983,0.9285714285714286,0.8181818181818182,0.8933333333333333,0.8571428571428571,0.8461538461538461,0.3333333333333333,0.9655172413793104,0.7808219178082192,0.86,0.8611111111111112,0.88,0.8695652173913043,0.9459459459459459,0.7868852459016393,0.6428571428571429,0.6428571428571429,0.8125,0.8620689655172413,0.49206349206349204,0.5185185185185185,0.75,0.9,0.9024390243902439,0.6181818181818182,0.7569060773480663,0.9090909090909091,0.8173913043478261,0.7083333333333334,0.7246376811594203,0.7808219178082192,0.8888888888888888,0.8933333333333333,0.94,1.0,0.9583333333333334,1.0,0.918918918918919,0.8695652173913043,0.9830508474576272,0.9137931034482759,0.9914529914529915,1.0,1.0,0.9375,0.9719626168224299,0.90625,0.9333333333333333,0.9552238805970149,0.948051948051948,0.9615384615384616,1.0,0.9661016949152542,0.96875,0.875,0.950354609929078,0.9655172413793104,0.9407894736842105,1.0,0.9296875,0.9813084112149533,0.9903846153846154,0.0,0.0,0.0,0.0,0.0,0.0,0.0,0.0,1.0,0.9565217391304348,1.0,1.0,1.0,0.9838709677419355,1.0,1.0,0.0,0.9882352941176471,1.0,0.9808917197452229,0.9953271028037384,0.9918032786885246
1186711, mfd, A->T, missense,1.19702,9.999e-05,121,-1.0,0.8,120,0.9,0.75,PASS,0.0,0.0,0.0,0.0,0.0,0.0,0.0,0.0,0.0,0.0,0.0,0.0,0.0,0.0,0.0,0.0,0.0,0.0,0.0,0.0,0.0,0.0,0.0,0.0,0.0,0.0,0.0,0.0,0.016129032258064516,0.0,0.0,0.0,0.0,0.0,0.0,0.0,0.0,0.0,0.0,0.015151515151515152,0.0,0.0,0.01652892561983471,0.0,0.0,0.016666666666666666,0.01694915254237288,0.0136986301369863,0.22857142857142856,0.09090909090909091,0.057971014492753624,0.024242424242424242,0.020833333333333332,0.0,0.0,0.1125,0.09259259259259259,0.07142857142857142,0.11666666666666667,0.125,0.06666666666666667,0.0,0.07142857142857142,0.05454545454545454,0.25,0.09090909090909091,0.16666666666666666,0.0625,0.03125,0.1111111111111111,0.1891891891891892,0.08333333333333333,0.19696969696969696,0.14,0.10638297872340426,0.31451612903225806,0.22641509433962265,0.2692307692307692,0.20454545454545456,0.4107142857142857,0.410958904109589,0.21951219512195122,0.0,0.1797752808988764,0.3181818181818182,0.21301775147928995,0.08695652173913043,0.19858156028368795,0.3548387096774194,0.211864406779661,0.20915032679738563,0.0136986301369863,0.043478260869565216,0.06451612903225806,0.0,0.1111111111111111,0.13333333333333333,0.017857142857142856,0.05660377358490566,0.02097902097902098,0.0,0.017699115044247787,0.02127659574468085,0.03076923076923077,0.08,0.017699115044247787,0.14018691588785046,0.0125,0.015384615384615385,0.02702702702702703,0.0847457627118644,0.0,0.02857142857142857,0.03125,0.028985507246376812,0.017699115044247787,0.1951219512195122,0.036231884057971016,0.0,0.03968253968253968,0.035398230088495575,0.07086614173228346,0.0,0.0,0.0,0.0,0.0,0.0,0.0,0.0,0.0,0.0,0.0,0.0,0.0,0.0,0.0,0.0,1.0,0.0,0.0,0.0,0.0,0.0
1221951, intergenic, G->T, noncoding,3.27908,0.00029997,121,-1.0,0.324324,120,0.9,0.521739,PASS,0.0,0.0,0.0,0.0,0.0,0.0,0.0,0.0,0.0,0.0,0.0,0.0,0.0,0.0,0.0,0.0,0.0,0.0,0.0,0.0,0.0,0.0,0.0,0.0,0.0,0.0,0.0,0.0,0.0,0.0,0.0,0.0,0.0,0.0,0.0,0.0,0.0,0.0,0.0,0.0,0.0,0.0,0.0,0.0,0.0,0.0,0.0,0.0,0.0,0.0,0.0,0.009950248756218905,0.0,0.0,0.0,0.0,0.0,0.0,0.0,0.0,0.013333333333333334,0.0,0.0,0.05102040816326531,0.09090909090909091,0.09302325581395349,0.1111111111111111,0.0,0.03529411764705882,0.022727272727272728,0.1,0.13253012048192772,0.07692307692307693,0.0,0.0,0.0,0.0,0.0,0.0,0.0,0.0,0.0,0.0,0.0,0.0,0.0,0.0,0.0,0.0,0.0,0.0,0.0,0.0,0.0,0.0,0.0,0.0,0.0,0.0,0.0,0.0,0.0,0.0,0.0,0.0,0.0,0.0,0.0,0.0,0.0,0.0,0.0,0.0,0.0,0.0,0.0,0.0,0.0,0.0,0.0,0.0,0.0,0.0,0.0,0.0,0.0,0.0,0.0,0.0,0.0,0.0,0.0,0.0,0.0,0.0,0.0,0.0,0.0,0.0,0.0,0.0,0.0,0.0,0.0
1284313, narH, G->A, missense,1.07417,9.999e-05,121,-1.0,0.324324,119,0.9,0.184615,PASS,0.0,0.0,0.0,0.0,0.0,0.0,0.0,0.0,0.0,0.009009009009009009,0.0,0.0,0.0,0.0,0.0,0.0,0.0,0.0,0.0,0.0,0.0,0.011235955056179775,0.0,0.0,0.0,0.0,0.0,0.0,0.0,0.0,0.0,0.0,0.0,0.0,0.0,0.0,0.0,0.0,0.0,0.0,0.0,0.0,0.0,0.0,0.0,0.0,0.0,0.0,0.0,0.0,0.0,0.0,0.0,0.0,0.0,0.0,0.0,0.0,0.0,0.0,0.0,0.0,0.0,0.0,0.0,0.0,0.0,0.0,0.0,0.0,0.0,0.10344827586206896,0.25,0.717391304347826,0.7111111111111111,0.5771812080536913,0.6896551724137931,0.6888888888888889,0.8,0.43137254901960786,0.5189873417721519,0.7580645161290323,1.0,0.8356164383561644,0.6875,0.7611940298507462,0.9836065573770492,0.8780487804878049,0.5,0.6853146853146853,0.7621359223300971,0.9215686274509803,0.9404761904761905,0.9811320754716981,0.9375,0.9555555555555556,1.0,0.9726027397260274,0.9428571428571428,0.941747572815534,0.9230769230769231,1.0,1.0,1.0,0.9411764705882353,0.979381443298969,0.9166666666666666,0.9629629629629629,1.0,0.9333333333333333,1.0,0.9625,0.9696969696969697,0.9907407407407407,0.9047619047619048,0.953125,0.86,0.9514563106796117,0.967741935483871,0.9339622641509434,0.9534883720930233,0.9607843137254902,0.0,0.0,0.0,0.010526315789473684,0.0,0.0,0.0,0.0,0.0,0.0,0.0,0.0,0.0,0.0,0.0,0.0,0.0,0.0,1.0,1.0,0.9953271028037384,1.0
1305149, cls, MOB_1305149_1305155_IS186_-1, sv,0.814875,9.999e-05,121,-1.0,0.666667,120,0.9,0.857143,PASS,0.0,0.0,0.0,0.0,0.0,0.0,0.0029239766081871343,0.0,0.017094017094017096,0.004694835680751174,0.0,0.0,0.0,0.0,0.0,0.0,0.0,0.0,0.0,0.0,0.0,0.0,0.0,0.0,0.018518518518518517,0.9215686274509803,0.7916666666666666,0.5517241379310345,0.7711864406779662,0.8955223880597015,0.975609756097561,0.9454545454545454,0.8721804511278195,0.8947368421052632,0.9457364341085271,0.8981481481481481,0.8777777777777778,0.9516129032258065,0.8181818181818182,0.8617886178861789,0.95,0.782608695652174,0.9057377049180327,0.961038961038961,0.979381443298969,0.990990990990991,0.9230769230769231,0.8921568627450981,0.9397590361445783,0.9230769230769231,0.9444444444444444,0.956268221574344,0.9175824175824175,0.9137931034482759,1.0,0.898989898989899,0.9069767441860465,0.7873563218390804,0.9052631578947369,0.8717948717948718,0.9603960396039604,0.8888888888888888,0.896551724137931,0.9204892966360856,0.925,0.8461538461538461,0.42857142857142855,0.9473684210526315,0.9375,0.9104477611940298,0.859375,0.872,0.8715596330275229,0.8611111111111112,0.8974358974358975,0.6733333333333333,0.8421052631578947,0.7380952380952381,0.7934782608695652,0.4954128440366973,0.5555555555555556,0.8046875,0.6818181818181818,0.84,0.6410256410256411,0.7670454545454546,0.9263157894736842,0.865979381443299,0.8235294117647058,0.7527272727272727,0.7756410256410257,0.9574468085106383,0.8819875776397516,0.9166666666666666,0.8,1.0,0.9230769230769231,0.9285714285714286,0.967391304347826,0.9490740740740741,1.0,0.9865470852017937,0.9487179487179487,0.9765625,0.9930555555555556,0.9781420765027322,0.8776978417266187,0.9821428571428571,0.9640287769784173,0.9473684210526315,0.9809523809523809,0.9951219512195122,0.975609756097561,0.9447004608294931,0.9752066115702479,0.9113924050632911,0.8181818181818182,0.8906882591093117,0.9705882352941176,0.9045454545454545,0.958904109589041,0.9327731092436975,0.0,0.0,0.0,0.0,0.0,0.0,0.0,0.0,0.0,0.0,0.0,0.0,0.9672131147540983,0.9836065573770492,0.9642857142857143,0.9828571428571429,0.00980392156862745,1.0,0.9230769230769231,0.8982300884955752,0.9513981358189081,1.0
1305420, cls, MOB_1305420_1305420_IS150_-1, sv,3.17772,0.011302,121,-1.0,0.521739,119,0.9,0.48,PASS,0.0,0.0,0.0,0.0,0.0,0.0,0.0,0.0,0.0,0.0,0.0,0.0,0.0,0.0,0.0,0.0024630541871921183,0.0,0.0,0.0,0.0,0.37721349147516675,0.0,0.05618560747663552,0.6616294416243654,0.7948949579831933,0.028306478873239435,0.0,0.19112898633257402,0.0,0.0,0.0,0.0,0.0,0.0,0.0,0.0,0.0,0.0,0.0,0.0,0.0,0.0,0.0,0.0,0.0,0.0,0.0,0.0,0.0,0.0,0.0,0.0,0.0,0.0,0.0,0.0,0.0,0.0,0.0,0.0,0.0,0.0,0.0,0.0,0.0,0.0,0.0,0.0,0.00746631970260223,0.0,0.0,0.0,0.0,0.0,0.0,0.0,0.0,0.0,0.0,0.0,0.0,0.0,0.0,0.0,0.0,0.0,0.0,0.0,0.0,0.0,0.0,0.0,0.0,0.0,0.0,0.0,0.0,0.0,0.0,0.0,0.0,0.0,0.0,0.0,0.0,0.0,0.0,0.0,0.0,0.0,0.0,0.0,0.0,0.0,0.0,0.0,0.0,0.0,0.0,0.0,0.0,0.0,0.0,0.0,0.0,0.0,0.0,0.0,0.0,0.0,0.0,0.0,0.0,0.0,0.0,0.0,0.0,0.0,0.0,0.0,0.0,0.0,0.0,0.0
1305934, cls, MOB_1305934_1305942_IS1_1, sv,6.18025,0.0009999,121,-1.0,0.176471,120,0.9,0.342857,PASS,0.0,0.0,0.0,0.0,0.0,0.0,0.0,0.0,0.0,0.0,0.0,0.0,0.0,0.0,0.0,0.0,0.0,0.0,0.0,0.0,0.27419354838709675,0.3148148148148148,0.02654867256637168,0.0,0.0,0.0,0.0,0.0,0.0,0.0,0.0,0.0,0.0,0.0,0.0,0.0,0.0,0.0,0.0,0.0,0.0,0.0,0.0,0.0,0.0,0.0,0.0,0.0,0.0,0.0,0.0,0.0,0.0,0.0,0.0,0.0,0.0,0.0,0.0,0.0,0.0,0.0,0.0,0.0,0.0,0.0,0.0,0.0,0.0,0.0,0.0,0.0,0.0,0.0,0.0,0.0,0.0,0.0,0.0,0.0,0.0,0.0,0.0,0.0,0.0,0.0,0.0,0.0,0.0,0.0,0.0,0.0,0.0,0.0,0.0,0.0,0.0,0.0,0.0,0.0,0.0,0.0,0.0,0.0,0.0,0.0,0.0,0.0,0.0,0.0,0.0,0.0,0.0,0.0,0.0,0.0,0.0,0.0,0.0,0.0,0.0,0.0,0.0,0.0,0.0,0.0,0.0,0.0,0.0,0.0,0.0,0.0,0.9575757575757575,0.0,0.0,0.0,0.0,0.0,0.0,0.0,0.0,0.0,0.0,0.0
1306035, cls, MOB_1306035_1306037_IS150_-1, sv,3.45182,0.00149985,121,-1.0,0.26087,120,0.9,0.631579,PASS,0.0,0.0,0.0,0.0,0.0,0.0,0.0,0.0,0.0,0.0,0.0,0.0,0.0,0.0,0.0,0.0,0.0,0.0,0.0,0.0,0.009345794392523364,0.0,0.0,0.018867924528301886,0.053475935828877004,0.02564102564102564,0.2,0.06840390879478828,0.034782608695652174,0.0,0.0,0.0,0.018018018018018018,0.0,0.0,0.0,0.0,0.0,0.0,0.0,0.0,0.0,0.0,0.0,0.0,0.0,0.0,0.0,0.0,0.0,0.0,0.0,0.0,0.0,0.0,0.0,0.0,0.0,0.0,0.0,0.0,0.0,0.0,0.0,0.0,0.0,0.0,0.0,0.0,0.0,0.0,0.0,0.0,0.0,0.0,0.0,0.0,0.0,0.0,0.0,0.0,0.0,0.0,0.0,0.0,0.004347826086956522,0.0,0.0,0.0,0.0,0.0,0.0,0.0,0.0,0.0,0.0,0.0,0.0,0.0,0.0,0.0,0.0,0.0,0.0,0.0,0.0,0.0,0.0,0.0,0.0,0.0,0.0,0.0,0.0,0.0,0.0,0.0,0.0,0.0,0.0,0.0,0.0,0.0,0.0,0.0,0.0,0.0,0.0,0.0,0.0,0.0,0.0,0.0,0.0,0.0,0.0,0.0,0.0,0.0,0.0,0.0,0.0,0.0,0.0
1309423, intergenic, MOB_1309423_1309426_IS150_-1, sv,5.01548,0.00069993,121,-1.0,0.521739,114,0.9,0.218182,PASS,0.0,0.0,0.0,0.0,0.0,0.0,0.0,0.0,0.0,0.0,0.0,0.0,0.0,0.0,0.0,0.0,0.0,0.0,0.0,0.0,0.02040816326530612,0.0,0.0,0.0,0.0,0.0,0.0,0.0,0.0,0.0,0.0,0.0,0.0,0.0,0.0,0.0,0.0,0.0,0.0,0.0,0.0,0.0,0.0,0.0,0.0,0.0,0.0,0.0,0.0,0.0,0.0,0.0,0.0,0.0,0.0,0.0,0.0,0.0,0.0,0.0,0.0,0.0,0.0,0.0,0.0,0.030927835051546393,1.0,0.10810810810810811,0.13043478260869565,0.5172413793103449,0.014084507042253521,0.0,0.0,0.0,0.0,0.0,0.0,0.0,0.0,0.0,0.0,0.0,0.0,0.0,0.0,0.0,0.0,0.0,0.0,0.0,0.0,0.0,0.0,0.0,0.0,0.0,0.0,0.0,0.0,0.0,0.0,0.0,0.0,0.0,0.0,0.0,0.0,0.0,0.0,0.0,0.0,0.0,0.0,0.0,0.0,0.0,0.0,0.0,0.0,0.0,0.0,0.0,0.0,0.0,0.0,0.0,0.0,0.0,0.0,0.0,0.0,0.0,0.0,0.0,0.0,0.0,0.0,0.0,0.0,0.0,0.0,0.0,0.0,0.0
1329308, intergenic, G->T, noncoding,0.82988,9.999e-05,121,-1.0,1.0,121,0.9,1.0,PASS,0.0,0.0,0.0,0.0,0.0,0.0,0.0,0.0,0.010869565217391304,0.0,0.0,0.01694915254237288,0.0,0.0,0.0,0.0,0.0,0.0,0.0,0.0,0.01098901098901099,0.4444444444444444,0.7407407407407407,0.8181818181818182,0.8741258741258742,0.8387096774193549,0.88,0.7148760330578512,0.8977272727272727,0.9545454545454546,1.0,0.9285714285714286,0.8681318681318682,1.0,0.963855421686747,0.8936170212765957,0.9444444444444444,0.9722222222222222,0.95,0.8333333333333334,0.9090909090909091,0.9473684210526315,0.8352272727272727,0.9803921568627451,0.9863013698630136,0.9846153846153847,0.975609756097561,0.9565217391304348,0.8888888888888888,0.9642857142857143,0.911504424778761,0.9502262443438914,1.0,1.0,0.9047619047619048,0.9390243902439024,0.868421052631579,0.8648648648648649,0.9710144927536232,0.9354838709677419,0.9852941176470589,1.0,1.0,0.9234042553191489,0.9230769230769231,0.8545454545454545,1.0,0.8571428571428571,0.9354838709677419,0.875,0.8032786885245902,0.8681318681318682,0.8108108108108109,0.8863636363636364,0.8148148148148148,0.7568807339449541,0.7916666666666666,0.6888888888888889,0.7536231884057971,0.55,0.5116279069767442,0.801980198019802,0.6666666666666666,0.8023255813953488,0.5740740740740741,0.7870370370370371,0.9180327868852459,0.8144796380090498,0.5,0.7714285714285715,0.7673469387755102,0.90625,0.9333333333333333,0.9072164948453608,0.6470588235294118,0.9454545454545454,0.9672131147540983,0.9029126213592233,0.8648648648648649,0.9246575342465754,0.9411764705882353,1.0,0.9636363636363636,1.0,0.9553571428571429,0.98125,0.9626168224299065,0.9292035398230089,1.0,1.0,1.0,0.9863945578231292,0.9523809523809523,0.9861111111111112,0.9772727272727273,0.9857142857142858,0.9027777777777778,0.9740932642487047,0.9867549668874173,0.9390243902439024,0.9195402298850575,0.9788359788359788,0.0,0.0,0.0,0.0,0.0,0.0,0.0,0.0,0.0,0.0,0.0,0.0,1.0,1.0,1.0,1.0,0.0,0.989247311827957,1.0,0.9941176470588236,1.0,1.0
1330018, topA, C->A, missense,0.864961,9.999e-05,121,-1.0,0.666667,119,0.9,0.631579,PASS,0.0,0.5,1.0,0.9761904761904762,1.0,1.0,0.9885714285714285,1.0,1.0,0.9827586206896551,1.0,0.8947368421052632,1.0,1.0,1.0,0.9754901960784313,1.0,1.0,0.9210526315789473,0.9459459459459459,0.9733333333333334,1.0,0.9824561403508771,0.9393939393939394,0.9529411764705882,1.0,1.0,0.9831460674157303,1.0,1.0,1.0,0.9795918367346939,0.9473684210526315,0.9534883720930233,1.0,0.9803921568627451,1.0,1.0,1.0,1.0,1.0,0.9736842105263158,1.0,1.0,1.0,1.0,1.0,0.9393939393939394,0.8717948717948718,0.8695652173913043,0.8813559322033898,0.9447513812154696,1.0,0.9642857142857143,0.9166666666666666,0.8412698412698413,0.9310344827586207,0.8701298701298701,0.9459459459459459,0.9375,0.975609756097561,0.8888888888888888,0.9523809523809523,0.9578313253012049,1.0,0.92,0.6666666666666666,0.9433962264150944,0.9333333333333333,0.9523809523809523,0.7941176470588235,0.9508196721311475,0.8,0.868421052631579,0.7678571428571429,0.6835443037974683,0.7419354838709677,0.803921568627451,0.8333333333333334,0.4909090909090909,0.6666666666666666,0.8181818181818182,0.5,0.8301886792452831,0.7796610169491526,0.7885714285714286,0.9811320754716981,0.8702290076335878,0.37037037037037035,0.7573529411764706,0.8415841584158416,0.9558823529411765,0.9295774647887324,0.9433962264150944,1.0,0.9636363636363636,0.975609756097561,0.9861111111111112,0.9137931034482759,0.9761904761904762,1.0,0.9907407407407407,1.0,1.0,1.0,0.9821428571428571,0.9325842696629213,0.9722222222222222,0.9459459459459459,0.9782608695652174,1.0,0.9847328244274809,1.0,0.9523809523809523,0.9583333333333334,0.8873239436619719,0.9444444444444444,0.9640287769784173,1.0,0.9612403100775194,0.97,0.940677966101695,1.0,1.0,1.0,1.0,1.0,1.0,1.0,1.0,1.0,1.0,1.0,1.0,1.0,1.0,1.0,1.0,0.0,1.0,1.0,0.9913793103448276,1.0,1.0
1330918, topA, T->G, missense,1.83095,0.014527,121,-1.0,0.666667,120,0.9,0.428571,PASS,0.0,0.0,0.0,0.0,0.0,0.0,0.0,0.0,0.0,0.0,0.0,0.0,0.0,0.0,0.0,0.0,0.0,0.0,0.0,0.0,0.0,0.02040816326530612,0.06451612903225806,0.07142857142857142,0.0410958904109589,0.0,0.0625,0.21052631578947367,0.13043478260869565,0.03333333333333333,0.0,0.0,0.109375,0.034482758620689655,0.0,0.017543859649122806,0.07547169811320754,0.12,0.08333333333333333,0.13953488372093023,0.0,0.16,0.12408759124087591,0.0,0.0,0.0,0.0,0.0,0.0,0.0,0.0,0.0,0.0,0.0,0.0,0.0,0.0,0.0,0.0,0.0,0.0,0.0,0.0,0.0,0.0,0.0,0.0,0.0,0.0,0.0,0.0,0.0,0.0,0.0,0.0,0.0,0.0,0.0,0.0,0.0,0.0,0.0,0.0,0.0,0.0,0.0,0.0,0.0,0.0,0.0,0.0,0.0,0.0,0.0,0.0,0.0,0.0,0.0,0.0,0.0,0.0,0.0,0.0,0.0,0.0,0.0,0.0,0.0,0.0,0.0,0.0,0.0,0.0,0.0,0.0,0.0,0.0,0.0,0.0,0.0,0.0,0.0,0.0,0.0,0.0,0.0,0.0,0.0,0.0,0.0,0.0,0.0,0.0,0.0,0.0,0.0,0.0,0.0,0.0,0.0,0.0,0.0,0.0,0.0
1353055, sapB, A->C, missense,7.07864,0.00019998,121,-1.0,0.75,119,0.9,0.352941,PASS,0.0,0.0,0.0,0.0,0.0,0.0,0.0,0.0,0.0,0.0,0.0,0.021739130434782608,0.18181818181818182,0.7083333333333334,0.6,0.05970149253731343,0.10526315789473684,0.05263157894736842,0.0,0.0,0.0,0.0,0.0,0.0,0.0,0.0,0.0,0.0,0.0,0.0,0.0,0.0,0.0,0.0,0.015873015873015872,0.0,0.0,0.0,0.0,0.0,0.0,0.0,0.0,0.0,0.0,0.0,0.0,0.0,0.0,0.0,0.0,0.0,0.0,0.0,0.0,0.0,0.0,0.0,0.0,0.0,0.0,0.0,0.0,0.0,0.0,0.0,0.0,0.0,0.0,0.0,0.0,0.0,0.0,0.0,0.0,0.0,0.0,0.0,0.0,0.0,0.0,0.0,0.0,0.0,0.0,0.0,0.0,0.0,0.0,0.0,0.0,0.0,0.0,0.0,0.0,0.0,0.0,0.0,0.0,0.0,0.0,0.0,0.0,0.0,0.0,0.0,0.0,0.0,0.0,0.0,0.0,0.0,0.0,0.0,0.0,0.0,0.0,0.0,0.0,0.0,0.0,0.0,0.0,0.0,0.0,0.0,0.0,0.0,0.0,0.0,0.0,0.0,0.0,0.0,0.0,0.0,0.0,0.0,0.0,0.0,0.0,0.0,0.0,0.0
1391825, mppA, MOB_1391825_1391831_IS186_1, sv,1.76101,0.00589941,121,-1.0,0.705882,119,0.9,0.266667,PASS,0.0044444444444444444,0.0,0.0,0.0,0.0,0.0,0.006230529595015576,0.0,0.017857142857142856,0.0,0.0,0.0,0.0,0.0,0.0,0.0,0.0,0.014492753623188406,0.0,0.0,0.0,0.0,0.0,0.0,0.0,0.0,0.0,0.0,0.014084507042253521,0.0,0.014084507042253521,0.01652892561983471,0.027777777777777776,0.08333333333333333,0.08695652173913043,0.08870967741935484,0.03125,0.0,0.023809523809523808,0.025974025974025976,0.0,0.0,0.025210084033613446,0.0,0.0,0.0,0.0,0.0,0.0,0.0,0.0,0.0,0.0,0.0,0.0,0.0,0.010416666666666666,0.0,0.0,0.0,0.0,0.0,0.0,0.007434944237918215,0.0,0.010869565217391304,0.0,0.0,0.0,0.0,0.016666666666666666,0.0,0.009009009009009009,0.0,0.0,0.0,0.0,0.01282051282051282,0.0,0.0,0.0,0.014925373134328358,0.0,0.005988023952095809,0.011764705882352941,0.002277904328018223,0.0,0.008298755186721992,0.0,0.006535947712418301,0.007246376811594203,0.0,0.0,0.0,0.0,0.0,0.0,0.0,0.0,0.00847457627118644,0.0,0.0,0.0,0.0,0.0,0.0,0.0,0.0,0.0,0.0,0.0,0.010869565217391304,0.01639344262295082,0.0,0.0,0.06280193236714976,0.17105263157894737,0.022123893805309734,0.006289308176100629,0.031578947368421054,0.04519774011299435,0.08648648648648649,0.0,0.0,0.0,0.0,0.0,0.0,0.0,0.0,0.0,0.0,0.0,0.0,0.0,0.0,0.0,0.0,0.0,0.0,0.0,0.0,0.0,0.0
1417825, ydfQ, A->C, missense,6.15344,0.00039996,121,-1.0,0.571429,120,0.9,1.0,PASS,0.0,0.0,0.0,0.0,0.0,0.0,0.0,0.0,0.0,0.0,0.0,0.0,0.0,0.0,0.0,0.0,0.0,0.0,0.0,0.0,0.0,0.0,0.0,0.0,0.0,0.0,0.0,0.0,0.0,0.0,0.0,0.0,0.0,0.0,0.0,0.0,0.0,0.0,0.0,0.0,0.0,0.0,0.0,0.0,0.0,0.0,0.0,0.0,0.0,0.0,0.0,0.0,0.0,0.0,0.0,0.0,0.0,0.0,0.0,0.0,0.0,0.0,0.0,0.010050251256281407,0.1935483870967742,0.05714285714285714,0.0,0.0,0.022222222222222223,0.0,0.0,0.0,0.0,0.0,0.0,0.0,0.0,0.0,0.0,0.0,0.0,0.0,0.0,0.0,0.0,0.0,0.0,0.0,0.0,0.0,0.0,0.0,0.0,0.0,0.0,0.0,0.0,0.0,0.0,0.0,0.0,0.0,0.0,0.0,0.0,0.0,0.0,0.0,0.0,0.0,0.0,0.0,0.0,0.0,0.0,0.0,0.0,0.0,0.0,0.0,0.0,0.0,0.0,0.0,0.0,0.0,0.0,0.0,0.0,0.0,0.0,0.0,0.0,0.0,0.0,0.0,0.0,0.0,0.0,0.0,0.0,0.0,0.0,0.0
1430549, ydbK, junction_1430549_-1_IS3_start, sv,2.78928,9.999e-05,121,-1.0,0.206897,118,0.9,0.292683,PASS,0.0,0.0,0.0,0.0,0.0,0.0,0.0,0.0,0.0,0.0,0.0,0.0,0.0,0.0,0.0,0.0,0.0,0.0,0.0,0.0,0.0,0.0,0.0,0.0,0.0,0.0,0.0,0.0,0.0,0.0,0.0,0.0,0.0,0.0,0.0,0.0,0.0,0.0,0.0,0.0,0.0,0.0,0.0,0.0,0.0,0.0,0.0,0.0,0.0,0.0,0.0,0.0,0.0,0.0,0.0,0.0,0.0,0.0,0.0,0.0,0.0,0.0,0.0,0.0,0.0,0.0,0.0,0.0,0.0,0.0,0.0,0.0,0.0,0.0,0.0,0.0,0.0,0.0,0.0,0.0,0.0,0.0,0.0,0.0,0.0,0.0,0.0,0.0,0.0,0.0,0.0,0.0,0.0,0.0,0.0,0.0,0.0,0.07556675062972291,0.1342281879194631,0.30959752321981426,0.3768844221105528,0.1079136690647482,0.14925373134328357,0.08403361344537814,0.028011204481792715,0.0,0.0,0.5285868392664509,0.6605922551252847,0.5026455026455027,0.6265664160401003,0.18151815181518152,0.0,0.0,0.05763688760806916,0.08532423208191126,0.0,0.0,0.0,0.0,0.0,0.0,0.0,0.0,0.0,0.0,0.0,0.0,0.0,0.0,0.0,0.0,0.0,0.0,0.0,0.0,0.0,0.0,0.0,0.0,0.0,0.0,0.0,0.0
1434824, ydbH, junction_1434824_-1_IS150_end, sv,3.61914,0.00229977,121,-1.0,0.333333,117,0.9,0.48,PASS,0.0,0.0,0.0,0.0,0.0,0.0,0.0,0.0,0.0,0.0,0.0,0.0,0.0,0.0,0.0,0.0,0.0,0.0,0.0,0.07142857142857142,0.0,0.0,0.0,0.0,0.0,0.0,0.0,0.0,0.0,0.0,0.0,0.0,0.0,0.0,0.0,0.0,0.0,0.0,0.0,0.0,0.0,0.0,0.0,0.0,0.0,0.0,0.0,0.0,0.0,0.0,0.0,0.0,0.0,0.0,0.0,0.0,0.0,0.0,0.0,0.0,0.0,0.0,0.0,0.0,0.0,0.0,0.0,0.0,0.0,0.0,0.0,0.0,0.0,0.0,0.0,0.0,0.0,0.030303030303030304,0.09523809523809523,0.058823529411764705,0.10638297872340426,0.019230769230769232,0.0,0.016666666666666666,0.0,0.0,0.0,0.0,0.0,0.0,0.0,0.0,0.0,0.0,0.0,0.0,0.0,0.0,0.0,0.0,0.0,0.0,0.0,0.0,0.0,0.0,0.0,0.0,0.0,0.0,0.0,0.0,0.0,0.0,0.0,0.0,0.0,0.0,0.0,0.0,0.0,0.0,0.0,0.0,0.0,0.0,0.0,0.0,0.0,0.0,0.0,0.0,0.0,0.0,0.0,0.0,0.0,0.0,0.0,0.0,0.0,0.0,0.0,0.0
1451972, acpD, MOB_1451972_1451974_IS150_1, sv,1.10573,9.999e-05,121,-1.0,0.6,119,0.9,0.0362538,PASS,0.0,0.0,0.0,0.0,0.0,0.0,0.0,0.0,0.0,0.0,0.0,0.0,0.0,0.0,0.0,0.003703703703703704,0.0,0.0,0.0,0.0,0.008,0.0,0.0,0.0,0.016666666666666666,0.0,0.0,0.0,0.0,0.0,0.0,0.0,0.010101010101010102,0.0,0.0,0.0,0.0,0.0,0.058823529411764705,0.0,0.0,0.0,0.0,0.0,0.0,0.0,0.0,0.0,0.0196078431372549,0.03571428571428571,0.14,0.03942652329749104,0.02185792349726776,0.028169014084507043,0.0,0.1348314606741573,0.17543859649122806,0.13846153846153847,0.06666666666666667,0.14893617021276595,0.06451612903225806,0.23809523809523808,0.06666666666666667,0.10676156583629894,0.043478260869565216,0.2976190476190476,0.42857142857142855,0.10588235294117647,0.12149532710280374,0.125,0.38461538461538464,0.1506849315068493,0.25301204819277107,0.034482758620689655,0.136986301369863,0.42124542124542125,0.26605504587155965,0.22826086956521738,0.15384615384615385,0.5894039735099338,0.5045871559633027,0.29464285714285715,0.09090909090909091,0.1223021582733813,0.40476190476190477,0.25748502994011974,0.04,0.26515151515151514,0.49056603773584906,0.35826771653543305,0.2644927536231884,0.07142857142857142,0.05228758169934641,0.16326530612244897,0.0,0.07216494845360824,0.011764705882352941,0.07207207207207207,0.06741573033707865,0.06806282722513089,0.012345679012345678,0.005263157894736842,0.03076923076923077,0.0,0.0873015873015873,0.055900621118012424,0.0718562874251497,0.05844155844155844,0.07964601769911504,0.08737864077669903,0.05263157894736842,0.034013605442176874,0.046511627906976744,0.0273972602739726,0.0594059405940594,0.05945945945945946,0.09859154929577464,0.03333333333333333,0.03076923076923077,0.06666666666666667,0.050505050505050504,0.1,0.0,0.0,0.0,0.0,0.0,0.0,0.0,0.0,0.0,0.0,0.0,0.0,0.0,0.0,0.0,0.0,1.0,0.0,0.0,0.004545454545454545,0.0,0.0
1462252, hokB, MOB_1462252_1462253_IS150_1, sv,0.931694,9.999e-05,121,-1.0,0.666667,120,0.9,0.545455,PASS,0.0,0.010559662090813094,0.0,0.017064846416382253,0.014241001795332137,0.03367003367003367,0.019502023757149142,0.028079867424242427,0.028906040268456376,0.040111534675615214,0.13851320224719102,0.2368238217821782,0.14056561604584525,0.12360399002493766,0.22513009708737866,0.16481451612903225,0.09405364077669902,0.18158164705882354,0.26714610169491526,0.6253877551020408,0.552668400520156,0.5924361170592434,0.34301264488935723,0.25859943925233647,0.43566188925081434,0.08643253012048192,0.27588849104859337,0.4729126676602087,0.3311759162303665,0.2178147766323024,0.12949930131004367,0.1989772819472617,0.4170450184501845,0.5516580796252928,0.823126893939394,0.8653369992144541,0.9509388097233865,0.962544921875,1.0,1.0,1.0,1.0,1.0,1.0,1.0001187384044528,1.0001878216123499,1.0,1.0,1.0,1.0,1.0,1.0,1.0,1.0,1.0,1.0,1.0,0.9998920758386,1.0,1.0,1.0,1.0,1.0,1.0,1.0,1.0,1.0,1.0,1.0,1.0,1.0,1.0,1.0,1.0,1.0,1.0,1.0,1.0,1.0,1.0,1.0,1.0,1.0,1.0,1.0,1.0,1.0,1.0,1.0,1.0,1.0,1.0,1.0,1.0,1.0,1.0,1.0,0.9866113025499655,1.0,1.0,1.0,1.0,1.0,1.0,0.9998535791757049,1.0,1.0,1.0,1.0,1.0,1.0,1.0,1.0,1.0,1.0,1.0,1.0,1.0,1.0,1.0,1.0,1.0,0.0,0.0,0.0,0.0,0.009137258687258688,0.0,0.0,0.0,0.008984725965858042,0.009257939453124999,1.0,1.0,0.005605381165919282,0.9885084548104957,1.0,1.0,1.0,1.0,1.0,1.0,0.9987960058887538,1.0
1462320, mokB, MOB_1462320_1462322_IS150_1, sv,0.896339,9.999e-05,121,-1.0,0.363636,112,0.9,0.0674157,PASS,0.0,0.0,0.04998251256281407,0.0,0.0,0.07722007722007722,0.005375917048208995,0.0,0.0,0.005662514156285391,0.0,0.03771926275992439,0.01589825119236884,0.0911854103343465,0.0,0.050740273972602744,0.025062656641604012,0.0,0.014513788098693758,0.0,0.024102753623188408,0.10479149184149185,0.0,0.02178649237472767,0.04122964876033058,0.2500033426183844,0.040160642570281124,0.11730419222903886,0.21061253298153035,0.2676706618962433,0.12340576923076924,0.027793802228412257,0.07496904761904762,0.15909020501138954,0.0377306427221172,0.09669417475728155,0.016901799660441426,0.0,0.0,0.06965151515151514,0.0,0.0,0.10869543650793652,0.02434403422982885,0.02320911421911422,0.10338269896193773,0.08560057306590259,0.15767044854881268,0.11092534818941505,0.02558030848329049,0.2648629856850716,0.14871997157071787,0.140579802259887,0.0605048632218845,0.0995515,0.20480925449871468,0.24345843520782395,0.09738337408312958,0.1109766016713092,0.28000441767068274,0.14280250896057348,0.0,0.09045681818181818,0.139748162992652,0.08293841666666667,0.3702661710037175,0.497695,0.16634128878281623,0.08798600883652428,0.0,0.304649344978166,0.15114051593323216,0.19248506151142356,0.19337766990291264,0.12470200501253133,0.469927548441449,0.17734498886414254,0.47504295942720765,0.2122720682302772,0.4759139784946237,0.6462064896755163,0.5685551181102363,0.33187833333333333,0.23034318766066839,0.29678861788617883,0.31484425597532767,0.030229057750759878,0.24962725137039937,0.5298408284023669,0.4191324977618622,0.26115559440559444,0.054419854280510015,0.10128793604651164,0.1664969604863222,0.22121666666666667,0.10796910569105692,0.032227055016181234,0.03836127167630058,0.07141612903225807,0.03607367149758454,0.07315476772616138,0.03940501319261214,0.0,0.08686535947712419,0.023770501193317424,0.07220676328502416,0.2110038535645472,0.23971925133689842,0.2327846410684474,0.08678126361655773,0.05876194690265487,0.04675352112676057,0.0,0.04386696035242291,0.05255857519788919,0.06963986013986015,0.26661839464882947,0.02732290809327846,0.08177471264367817,0.04158183716075157,0.05144028925619835,0.0696423076923077,0.0,0.0,0.0,0.0,0.0,0.0,0.0,0.0,0.0,0.0,0.0,0.0,0.0,0.0,0.0,0.02056153050672182,1.0,0.0,0.0,0.016953207547169814,0.000657030223390276,0.0
1507720, yddH, MOB_1507720_1507728_IS1_-1, sv,2.52537,9.999e-05,121,-1.0,0.631579,118,0.9,0.27907,PASS,0.0,0.0,0.0,0.0,0.0,0.0,0.0,0.0,0.0,0.0,0.0,0.0,0.0,0.0,0.0,0.0,0.0,0.0,0.0,0.0,0.0,0.0,0.0,0.0,0.0,0.0,0.0,0.0,0.0,0.0,0.0,0.0,0.0,0.0,0.0,0.0,0.0,0.0,0.0,0.0,0.0,0.0,0.0,0.0,0.0,0.0,0.0,0.0,0.0,0.0,0.0,0.0,0.0,0.0,0.0,0.0,0.0,0.0,0.0,0.0,0.0,0.0,0.0,0.0,0.0,0.0,,0.0,0.0,0.0,0.0,0.0,0.0,0.0,0.0,0.0,0.0,0.0,0.0,0.0,0.0,0.0,0.0,0.0,0.0,0.0,0.0,0.0,0.0,0.0,0.0,0.0,0.0,0.0,0.0,0.0,0.0,0.0,0.0,0.0,0.0,0.0,0.0,0.0,0.0,0.0,0.007927150749802683,0.018050541516245487,0.0,0.007399557848194547,0.060025261584454405,0.2919021657953697,0.2603269016697588,0.6074237175216523,0.5484915789473683,0.7888587494376968,0.7301718377088305,0.8945548841893254,0.8936856606136506,0.8234892498805542,0.8079175446633073,0.8704875130072842,0.0,0.0,0.0,0.0,0.0,0.0,0.0,0.0,0.0,0.0,0.0,0.0,0.0,0.0,0.0,0.0,0.0,0.0,0.0,0.0,0.0,0.0
1507818, yddH, G->T, missense,3.19686,0.00049995,121,-1.0,0.923077,120,0.9,0.923077,PASS,0.0,0.030303030303030304,0.0,0.0,0.0,0.0,0.0,0.0,0.0,0.0,0.0,0.0,0.0,0.0,0.0,0.0,0.0,0.0,0.0,0.0,0.0,0.0,0.0,0.0,0.0,0.0,0.0,0.0,0.0,0.0,0.0,0.0,0.0,0.0,0.0,0.0,0.0,0.0,0.0,0.0,0.0,0.0,0.0,0.0,0.0,0.0,0.0,0.0,0.0,0.0,0.0,0.0,0.0,0.0,0.0,0.0,0.0,0.0,0.0,0.0,0.0,0.0,0.0,0.0,0.0,0.0,0.0,0.017241379310344827,0.0,0.0,0.0,0.0,0.0,0.0,0.0,0.0,0.0,0.0,0.0,0.0,0.0,0.0,0.0,0.0,0.0,0.0,0.0,0.0,0.0,0.0,0.0,0.0,0.0,0.0,0.0,0.0,0.06349206349206349,0.058823529411764705,0.08571428571428572,0.1875,0.09259259259259259,0.03773584905660377,0.021739130434782608,0.028985507246376812,0.0,0.021052631578947368,0.0,0.0,0.0,0.0,0.0,0.0,0.0,0.0,0.0,0.0,0.0,0.0,0.0,0.0,0.008849557522123894,0.0,0.0,0.0,0.0,0.0,0.0,0.0,0.0,0.0,0.0,0.0,0.0,0.0,0.0,0.0,0.0,0.0,0.0,0.0,0.0,0.0,0.0,0.0
1515685, narZ, MOB_1515685_1515687_IS150_-1, sv,1.64282,9.999e-05,121,-1.0,0.0685714,119,0.9,0.102564,PASS,0.0,0.0,0.0,0.0,0.0,0.0,0.0,0.0,0.0,0.0,0.0,0.0,0.0,0.0,0.0,0.0,0.0,0.0,0.0,0.0,0.0,0.0,0.0,0.0,0.007072135785007072,0.0,0.0,0.0,0.0,0.0,0.0,0.0,0.0,0.0,0.0,0.0,0.0,0.0,0.0,0.0,0.0,0.0,0.0,0.0,0.0,0.0,0.0,0.0,0.0,0.0,0.0,0.0,0.0,0.0,0.0,0.0,0.0,0.0,0.0,0.0,0.0,0.0,0.0,0.0,0.0,0.0,0.0,0.0,0.0,0.0,0.050090941028858214,0.15543685121107267,0.17261801385681294,0.12933510638297874,0.15401958762886597,0.4178954650269024,0.2855696721311476,0.2630791281373844,0.175166149068323,0.49123011363636365,0.24250718816067654,0.1824212271973466,0.08733624454148473,0.15120274914089346,0.31505250875145857,0.12634708286882199,0.02421307506053269,0.22615535889872174,0.5444126074498568,0.15436565364206464,0.11939335269441756,0.07042253521126761,0.013218770654329146,0.04056795131845842,0.0,0.058997050147492625,0.02450980392156863,0.06866952789699571,0.040160642570281124,0.01394700139470014,0.0,0.0,0.04366812227074236,0.0077279752704791345,0.019880715705765408,0.036690734843845677,0.04415011037527594,0.03257328990228013,0.010799136069114472,0.0,0.0,0.03348010571840461,0.03441903114186851,0.03861003861003861,0.033821871476888386,0.04537719795802609,0.17180606017191977,0.023452157598499064,0.022560631697687534,0.033783783783783786,0.018714909544603867,0.0449438202247191,0.0,0.0,0.0,0.0,0.0,0.0,0.0,0.0,0.0,0.0,0.0,0.0,0.0,0.0,0.0,0.0,0.0,0.0,0.0,0.0,0.0,0.0
1525133, fdnH, MOB_1525133_1525134_IS150_-1, sv,1.56808,0.00019998,121,-1.0,0.631579,119,0.9,0.48,PASS,0.0,0.0,0.0,0.0,0.0,0.0,0.0,0.0,0.0,0.0,0.0,0.0,0.0,0.0,0.249695,0.27759672212565184,0.34646390374331554,0.14382910662824205,0.06951617852161784,0.0,0.0,0.0,0.0,0.0,0.0,0.0,0.0,0.0,0.0,0.0,0.0,0.0,0.0,0.0,0.0,0.0,0.0,0.0,0.0,0.0,0.0,0.0,0.0,0.0,0.0,0.0,0.0,0.0,0.0,0.0,0.0,0.0,0.0,0.0,0.0,0.0,0.0,0.0,0.0,0.0,0.0,0.0,0.0,0.0,0.0,0.0,0.0,0.0,0.0,0.0,0.0,0.0,0.026226777875329232,0.018794523135033048,0.0,0.07834350603264727,0.009074147675478579,0.029889089089089087,0.06859675196850394,0.10770894788593904,0.25251886001676443,0.20368404907975463,0.0,0.08426022566995768,0.14772566765578632,0.044057842803674724,0.009509101338432123,0.004737165953399905,0.07804117647058824,0.0633156779661017,0.1141219645293315,0.08418858833474219,0.02041544771018455,0.057201220387652546,0.0,0.01500117469879518,0.0345792824074074,0.027789392882065594,0.061349137931034484,0.023877889688249398,0.008273073089700997,0.009795474667978357,0.00837820857863751,0.0,0.05413299689440994,0.005133072164948454,0.026532511658894073,0.0,0.04198303477344573,0.03755694531741044,0.0,0.008397301854974705,0.02094731861198738,0.019077586206896553,0.04887379784102061,0.07202290076335878,0.07842893700787403,0.042349439505218404,0.003865261932479628,0.019264061895551257,0.04471632653061225,0.04738538062283738,0.0,0.0,0.0,0.0,0.0,0.0,0.0,0.0,0.0,0.0,0.0,0.0,0.0,0.0,0.0,0.0,,0.0,0.0,0.0,0.0,0.0
1525134, fdnH, MOB_1525134_1525143_IS150_-1, sv,1.98975,9.999e-05,121,-1.0,0.631579,119,0.9,0.8,PASS,0.0,0.0,0.0,0.0,0.0,0.0,0.0,0.0,0.0,0.0,0.0,0.0,0.0,0.0,0.0,0.0,0.0,0.0,0.0,0.0,0.0,0.0,0.0,0.0,0.0,0.0,0.0,0.0,0.0,0.0,0.0,0.0,0.0,0.0,0.0,0.0,0.0,0.0,0.0,0.0,0.0,0.0,0.0,0.0,0.0,0.0,0.0,0.0,0.0,0.0,0.022900763358778626,0.008064516129032258,0.03910614525139665,0.04225352112676056,0.2,0.06818181818181818,0.06962025316455696,0.1258741258741259,0.06976744186046512,0.23529411764705882,0.041666666666666664,0.2,0.14285714285714285,0.09090909090909091,0.075,0.2073170731707317,0.10344827586206896,0.03488372093023256,0.07857142857142857,0.06578947368421052,0.2077922077922078,0.20422535211267606,0.15789473684210525,0.05660377358490566,0.15714285714285714,0.2697841726618705,0.1926605504587156,0.16831683168316833,0.12012012012012012,0.4360753221010902,0.08547008547008547,0.03036437246963563,0.0,0.0,0.0,0.0,0.0,0.0,0.0,0.005497526113249038,0.0027878449958182324,0.008410428931875526,0.0,0.0,0.0,0.0,0.0,0.0,0.0,0.0,0.0,0.0,0.0,0.0,0.0,0.0,0.0,0.0,0.0,0.0,0.0,0.0,0.0,0.0,0.0,0.0,0.0,0.0,0.0,0.0,0.0,0.0,0.0,0.0,0.0,0.0,0.0,0.0,0.0,0.0,0.0,0.0,0.0,0.0,0.0,0.0,0.0,0.0,1.0,0.0,0.0,0.0,0.0,0.0
1547773, pqqL, junction_1547773_1_IS150_start, sv,4.3986,0.00229977,121,-1.0,0.666667,117,0.9,0.444444,PASS,0.0,0.0,0.0,0.0,0.0,0.0,0.0,0.0,0.0,0.0,0.0,0.0,0.0,0.0,0.0,0.0,0.0,0.0,0.0,0.0,0.0,0.0,0.0,0.0,0.0,0.0,0.0,0.0,0.0,0.0,0.0,0.0,0.0,0.0,0.0,0.0,0.0,0.0,0.0,0.0,0.0,0.0,0.0,0.0,0.0,0.0,0.0,0.0,0.0,0.0,0.0,0.0,0.0,0.0,0.0,0.0,0.0,0.0,0.0,0.0,0.0,0.0,0.0,0.0,0.0,0.0,0.0,0.0,0.0,0.0,0.0,0.0,0.0,0.0,0.0,0.10465116279069768,0.08333333333333333,0.0625,0.0,0.0,0.0,0.0,0.0,0.0,0.0,0.0,0.0,0.0,0.0,0.0,0.0,0.0,0.0,0.0,0.0,0.0,0.0,0.0,0.0,0.0,0.0,0.0,0.0,0.0,0.0,0.0,0.0,0.0,0.0,0.0,0.0,0.0,0.0,0.0,0.0,0.0,0.0,0.0,0.0,0.0,0.0,0.0,0.0,0.0,0.0,0.0,0.0,0.0,0.0,0.0,0.0,0.0,0.0,0.0,0.0,0.0,0.0,0.0,,0.0,0.0,0.0,0.0,0.0
1550345, yddB, junction_1550345_1_IS150_end, sv,2.64273,0.00239976,121,-1.0,0.923077,120,0.9,1.0,PASS,0.0,0.0,0.0,0.0,0.0,0.0,0.0,0.0,0.0,0.0,0.0,0.0,0.0,0.0,0.0,0.0,0.0,0.0,0.0,0.0,0.0,0.0,0.0,0.0,0.0,0.0,0.0,0.0,0.0,0.0,0.0,0.0,0.0,0.0,0.0,0.0,0.0,0.0,0.0,0.0,0.0,0.0,0.0,0.0,0.0,0.0,0.0,0.0,0.0,0.0,0.0,0.0,0.0,0.0,0.0,0.0,0.0,0.0,0.0,0.0,0.0,0.0,0.0,0.0,0.0,0.0,0.0,0.0,0.0,0.0,0.0,0.0,0.0,0.0,0.0,0.0,0.0,0.0,0.0,0.0,0.0,0.0,0.0,0.024390243902439025,0.13559322033898305,0.11278195488721804,0.014492753623188406,0.17209302325581396,0.2,0.0945273631840796,0.018633540372670808,0.02531645569620253,0.0,0.0,0.0,0.0,0.0,0.0,0.0,0.0,0.0,0.0,0.0,0.0,0.0,0.0,0.0,0.0,0.0,0.0,0.0,0.0,0.0,0.0,0.0,0.0,0.0,0.0,0.0,0.0,0.0,0.0,0.0,0.0,0.0,0.0,0.0,0.0,0.0,0.0,0.0,0.0,0.0,0.0,0.0,0.0,0.0,0.0,,0.0,0.0,0.0,0.0,0.0
1578696, intergenic, MOB_1578696_1578702_IS186_-1, sv,5.70324,9.999e-05,121,-1.0,0.666667,113,0.9,0.0621762,PASS,0.0,0.028169014084507043,0.0,0.0,0.0,0.0,0.0,0.0,0.00980392156862745,0.0,0.014705882352941176,0.0625,0.5697674418604651,0.7307692307692307,0.5,0.09036144578313253,0.0,0.0,0.03597122302158273,0.0,0.0,0.0,0.0,0.0,0.0,0.0,0.0,0.0,0.0,0.0,0.0,0.011235955056179775,0.018018018018018018,0.0,0.0,0.0,0.010638297872340425,0.0,0.0,0.0,0.0,0.0,0.0044444444444444444,0.0,0.0,0.0,0.0,0.0,0.0,0.0,0.0,0.0,0.0,0.0,0.0,0.0,0.0,0.0,0.0,0.0,0.0,0.0,0.0,0.0,0.0,0.009708737864077669,0.0,0.0,0.0,0.0,0.0,0.0,0.0,0.0,0.0,0.0,0.0,0.0,0.0,0.0,0.008849557522123894,0.0049261083743842365,0.0,0.0,0.0,0.0,0.0,0.0,0.0,0.0,0.0,0.0,0.0,0.0,0.0,0.0,0.0,0.0,0.0,0.0,0.0,0.0,0.0,0.0,0.0,0.00625,0.0,0.0,0.0,0.0,0.0,0.0,0.0,0.0,0.0,0.0,0.0,0.0,0.0,0.0,0.0,0.0,0.0,0.0,0.0,0.0,0.0,0.0,0.0,0.0,0.0,0.0,0.0,0.0,0.0,0.0,0.0,0.0,0.0,0.0,0.0,0.0,0.0,0.0
1583795, yneK, G->T, synonymous,2.33483,0.00079992,121,-1.0,0.521739,120,0.9,0.666667,PASS,0.0,0.0,0.0,0.0,0.0,0.0,0.0,0.0,0.0,0.0,0.0,0.0,0.0,0.0,0.0,0.0,0.0,0.0,0.0,0.0,0.0,0.0,0.0,0.0,0.0,0.0,0.0,0.0,0.0,0.0,0.0,0.0,0.0,0.0,0.0,0.0,0.0,0.0,0.0,0.0,0.0,0.0,0.0,0.0,0.0,0.0,0.0,0.0,0.0,0.0,0.0,0.0,0.0,0.0,0.0,0.0,0.0,0.0,0.0,0.0,0.0,0.0,0.0,0.0,0.0,0.0,0.0,0.0,0.0,0.0,0.0,0.0,0.0,0.0,0.0,0.0,0.0,0.0,0.0,0.0,0.0,0.0,0.0,0.0,0.0,0.0,0.0,0.0,0.0,0.0,0.0,0.0,0.0,0.0,0.0,0.0,0.0,0.0,0.0,0.0,0.0,0.0,0.0,0.0,0.0,0.0,0.0,0.0,0.014492753623188406,0.010869565217391304,0.0,0.028037383177570093,0.057692307692307696,0.009433962264150943,0.07017543859649122,0.05384615384615385,0.11864406779661017,0.02702702702702703,0.04225352112676056,0.013888888888888888,0.024390243902439025,0.1092436974789916,0.0,0.0,0.0,0.0,0.0,0.0,0.0,0.0,0.0,0.0,0.0,0.0,0.0,0.0,0.0,0.0,0.0,0.0,0.0,0.0,0.0,0.0
1587635, marA, A->G, missense,4.97313,0.00039996,121,-1.0,0.705882,118,0.9,0.171429,PASS,0.0,0.0,0.0,0.0,0.0,0.0,0.0,0.0,0.0,0.0,0.0,0.0,0.0,0.0,0.0,0.0,0.0,0.038461538461538464,0.06382978723404255,0.0625,0.23076923076923078,0.3888888888888889,0.10204081632653061,0.0,0.0,0.0,0.0,0.0,0.0,0.0,0.0,0.0,0.0,0.0,0.0,0.0,0.0,0.0,0.0,0.0,0.0,0.0,0.0,0.0,0.0,0.0,0.0,0.0,0.0,0.0,0.0,0.0,0.0,0.0,0.0,0.0,0.0,0.0,0.0,0.0,0.0,0.0,0.0,0.0,0.0,0.0,0.0,0.0,0.0,0.0,0.0,0.0,0.0,0.0,0.0,0.0,0.0,0.0,0.0,0.0,0.0,0.0,0.0,0.0,0.0,0.0,0.0,0.0,0.0,0.0,0.0,0.0,0.0,0.0,0.0,0.0,0.0,0.0,0.0,0.0,0.0,0.0,0.0,0.0,0.0,0.0,0.0,0.0,0.0,0.0,0.0,0.0,0.0,0.0,0.0,0.0,0.0,0.0,0.0,0.0,0.0,0.0,0.0,0.0,0.0,0.0,0.0,0.0,0.0,0.0,0.0,0.0,1.0,0.0,0.0,0.0,0.0,0.0,0.0,0.0,0.0,0.0,0.0,0.0
1587992, intergenic, MOB_1587992_1587994_IS150_-1, sv,3.80316,9.999e-05,121,-1.0,0.75,120,0.9,0.857143,PASS,0.0,0.0,0.0,0.0,0.0,0.0,0.0,0.0,0.0,0.0,0.0,0.0,0.0,0.0,0.0,0.0,0.0,0.0,0.0,0.0,0.0,0.0,0.0,0.0,0.0,0.0,0.0,0.0,0.0,0.0,0.0,0.0,0.0,0.0,0.0,0.0,0.0,0.0,0.0,0.0,0.0,0.0,0.0,0.0,0.0,0.0,0.0,0.0,0.0,0.021052631578947368,0.140893470790378,0.15789473684210525,0.08267716535433071,0.049019607843137254,0.0,0.0,0.0,0.0,0.0,0.0,0.0,0.0,0.0,0.0,0.0,0.0,0.0,0.0,0.0,0.0,0.0,0.0,0.0,0.0,0.0,0.0,0.0,0.0,0.0,0.0,0.0,0.0,0.0,0.0,0.0,0.0,0.0,0.0,0.0,0.0,0.0,0.0,0.0,0.0,0.0,0.0,0.0,0.0,0.0,0.0,0.0,0.0,0.0,0.0,0.0,0.0,0.0,0.0,0.0,0.0,0.0,0.0,0.0,0.0,0.0,0.0,0.0,0.0,0.0,0.0,0.0,0.0,0.0,0.0,0.0,0.0,0.0,0.0,0.0,0.0,0.0,0.0,0.0,0.0,0.0,0.0,0.0,0.0,0.0,0.0,0.0,0.0,0.0,0.0
1619834, hokD, MOB_1619834_1619836_IS150_1, sv,1.26869,9.999e-05,121,-1.0,0.444444,120,0.9,0.631579,PASS,0.0,0.0,0.0,0.0,0.0,0.0,0.0,0.0,0.01455604075691412,0.010696782266714338,0.01838235294117647,0.013106159895150722,0.010810810810810811,0.0,0.03114721875,0.009349599625818522,0.0,0.0,0.01077063714902808,0.020262662601626014,0.010720123456790123,0.0,0.007710100231303007,0.012953367875647668,0.01944033122260107,0.018214936247723135,0.02148219827586207,0.012326296296296295,0.0,0.0,0.0,0.016967587085811385,0.013975577326801958,0.03305430463576159,0.01224739742804654,0.007572657555049355,0.018327849264705882,0.0,0.025427908163265307,0.03332873851294904,0.02081198329853862,0.020178846153846155,0.016623041666666664,0.0,0.008618280034572169,0.009277181395348838,0.0,0.01629863512778684,0.038985937500000005,0.01615508885298869,0.0,0.00622481812512991,0.0,0.029237990243902442,0.0,0.0282817100792752,0.006119951040391676,0.0,0.007896761678543153,0.010576468716861083,0.0,0.0,0.0,0.015522794934459008,0.0,0.0069881201956673656,0.11094172222222222,0.009174311926605505,0.04388511806699616,0.020997473684210528,0.08846913779210315,0.06361670749632534,0.16287012065294534,0.18527470997679812,0.1330375,0.3712481989309784,0.2664223069590086,0.22114139693356047,0.26360616061606157,0.5954861445783133,0.4476216779572694,0.2440891402714932,0.08595775862068966,0.16390820512820511,0.40739844509232265,0.2083523634131369,0.05722332695984705,0.23029351784413693,0.3187920212765957,0.28266591166477917,0.188026563677468,0.08038365539452497,0.10185950413223141,0.06232827442827443,0.08612086206896552,0.05943657407407408,0.06416001838235294,0.04926723044397463,0.08898094390026713,0.05799535269709544,0.007283321194464675,0.02363710713078743,0.03621804170444243,0.0062244631710362056,0.08254879056047197,0.04815225080385852,0.14882483069977426,0.05466323383084577,0.05397417417417418,0.017963167366526697,0.018445298461538463,0.04290811855670103,0.06792004530011325,0.05707153284671532,0.03189789137380192,0.07417585139318886,0.08452785498489426,0.03245702210663198,0.011252813203300824,0.06648784722222222,0.049666511194029844,0.07072486023108461,0.0,0.0,0.0,0.0,0.0,0.0,0.0,0.0,0.0,0.0,0.0,0.0,0.0,0.0,0.0,0.0,0.0,0.0,0.0,0.0,0.0,0.0
1619929, intergenic, MOB_1619929_1619930_IS150_-1, sv,3.56432,9.999e-05,121,-1.0,0.218182,121,0.9,0.0162382,PASS,0.0,0.0,0.0,0.0,0.0,0.020491803278688527,0.0,0.0,0.0,0.0,0.0,0.0,0.0,0.0,0.0,0.0018238190771475472,0.0,0.0,0.008771929824561403,0.0,0.0,0.0,0.006949270326615705,0.0,0.0,0.0,0.01689189189189189,0.0,0.0,0.0,0.0,0.0,0.0,0.0,0.010245901639344263,0.050359712230215826,0.12213740458015267,0.0972447325769854,0.17452006980802792,0.47955974842767296,0.4333868378812199,0.7207207207207207,0.7284939292172565,0.2808988764044944,0.36851967520299816,0.2749832327297116,0.10380622837370242,0.011185682326621923,0.0,0.0,0.0,0.001885369532428356,0.0,0.0,0.0,0.0,0.0,0.0,0.007751937984496124,0.0,0.0,0.0,0.0,0.0,0.0,0.0,0.0,0.0,0.0,0.0,0.0,0.0,0.0,0.0,0.0,0.0,0.0,0.020491803278688527,0.009259259259259259,0.0,0.0,0.0,0.0591715976331361,0.00550357732526142,0.0,0.0021992522542335605,0.0,0.0025380710659898475,0.0,0.0066711140760507,0.001933114247052001,0.0,0.0,0.0,0.0,0.0,0.0,0.0,0.0,0.0,0.0,0.002824858757062147,0.0,0.0,0.0,0.0,0.0,0.0,0.0,0.0,0.012391573729863692,0.0,0.0,0.0,0.0,0.0,0.0,0.0,0.0,0.00579542161692263,0.0,0.0,0.0,0.0,0.0,0.0,0.0,0.0,0.0,0.0,0.0,0.0,0.0,0.0,0.0,0.0,1.0,1.0,0.0,0.0,0.0,0.0,0.0,0.0
1621642, ECB_01535, MOB_1621642_1623001_IS150_1, sv,2.03898,0.00379962,121,-1.0,1.0,121,0.9,0.923077,PASS,0.0,0.0,0.0,0.0,0.0,0.0,0.0,0.0,0.0,0.0,0.0,0.0,0.0,0.0,0.0,0.0,0.0,0.0,0.0,0.0,0.0,0.0,0.0,0.0,0.0,0.0,0.0,0.0,0.0,0.0,0.0,0.0,0.014388489208633094,0.0,0.007575757575757576,0.0,0.0,0.0,0.0,0.0,0.0,0.0,0.0,0.0,0.0,0.0,0.0,0.0,0.0,0.0,0.0,0.0,0.0,0.0,0.0,0.0,0.0,0.005649717514124294,0.0,0.009900990099009901,0.0,0.0,0.0,0.0,0.0,0.0,0.0,0.0,0.0,0.0,0.0,0.0,0.0,0.0,0.0,0.0,0.0,0.0,0.0,0.0,0.0,0.0,0.0,0.0,0.0,0.0,0.0,0.0,0.0,0.003367003367003367,0.0,0.0,0.0,0.0,0.0,0.0,0.0,0.0,0.0,0.0,0.0,0.0,0.0,0.0,0.0,0.0,0.07772020725388601,0.05555555555555555,0.04242424242424243,0.013986013986013986,0.006993006993006993,0.018691588785046728,0.020202020202020204,0.0,0.008849557522123894,0.05976095617529881,0.12295081967213115,0.06504065040650407,0.005319148936170213,0.06692913385826772,0.04979253112033195,0.08270676691729323,0.0,0.0,0.0,0.0,0.0,0.0,0.0,0.0,0.0,0.0,0.006578947368421052,0.0,0.0,0.0,0.0,0.0,0.0,0.0,0.0,0.0,0.0,0.0
1623000, ydfX, MOB_1623000_1623003_IS150_1, sv,3.09593,9.999e-05,121,-1.0,0.571429,120,0.9,0.631579,PASS,0.0,0.0,0.0,0.0,0.0,0.0,0.004424778761061947,0.0,0.0,0.0,0.0,0.0,0.0,0.0,0.0,0.0,0.0,0.0,0.0,0.0,0.0,0.0,0.0449438202247191,0.11475409836065574,0.09174311926605505,0.04225352112676056,0.16666666666666666,0.1542056074766355,0.07246376811594203,0.0,0.0,0.0,0.01744186046511628,0.0,0.0,0.0,0.0,0.0,0.0,0.0,0.0,0.0,0.0,0.0,0.0,0.0,0.0,0.0,0.0,0.0,0.0,0.0,0.0,0.0,0.0,0.0,0.0,0.0,0.0,0.0,0.0,0.0,0.0,0.0,0.0,0.0,0.0,0.0,0.0,0.0,0.009259259259259259,0.0,0.0,0.0,0.0,0.0,0.0,0.0,0.0,0.007751937984496124,0.0,0.0,0.0,0.005,0.011494252873563218,0.0025,0.0,0.002398081534772182,0.0,0.0,0.0,0.0,0.0,0.0,0.0,0.0,0.0,0.008130081300813009,0.0,0.0,0.0,0.0,0.0,0.0,0.0,0.0,0.0,0.0,0.0,0.0064516129032258064,0.0,0.0,0.0,0.0,0.0,0.0,0.0,0.00351000351000351,0.0,0.0,0.0,0.0065380843412880035,0.0,0.0,0.0,0.0,0.0,0.0,0.0,0.0,0.0,0.0,0.0,0.0,0.0,0.0,0.0,0.0,0.0,0.0,0.0,0.0,0.0,0.0
1633026, ynfB, MOB_1633026_1633029_IS3_1, sv,1.86472,9.999e-05,121,-1.0,0.375,121,0.9,0.413793,PASS,0.0,0.0,0.0,0.0,0.0,0.0,0.0,0.0,0.0,0.0,0.0,0.0,0.0,0.0,0.0,0.0,0.0,0.0,0.0,0.0,0.0,0.0,0.0,0.0,0.0,0.0,0.0,0.0,0.0,0.0,0.0,0.0,0.0,0.0,0.0,0.0,0.0,0.0,0.0,0.0,0.0,0.0,0.0,0.0,0.0,0.0,0.0,0.0,0.0,0.0,0.0,0.0,0.0,0.0,0.0,0.0,0.0,0.0,0.0,0.0,0.0,0.0,0.0,0.0,0.0,0.0,0.0,0.0,0.0,0.0,0.0,0.0,0.0,0.0,0.0,0.005165289256198347,0.05649717514124293,0.19725557461406518,0.12903225806451613,0.47128927410617555,0.4019370460048426,0.19203072491598655,0.052910052910052914,0.23487544483985764,0.31278748850045995,0.24572260647979616,0.058626465661641536,0.20372627546578445,0.4761904761904762,0.2369281045751634,0.2192774885628648,0.06655574043261231,0.0875,0.10752688172043011,0.08032128514056225,0.02080083203328133,0.00881057268722467,0.03300330033003301,0.07598784194528875,0.04426002766251729,0.03861003861003861,0.0026780931976432784,0.0,0.0,0.0,0.0,0.059605685465382856,0.05721830985915493,0.0,0.0,0.0,0.006955715279387897,0.02092050209205021,0.022205773501110287,0.0819252432155658,0.04216073781291173,0.09508716323296354,0.05506883604505632,0.0,0.032146389713155296,0.03416557161629435,0.031736872475476054,0.0,0.0,0.0,0.0,0.0,0.0,0.0,0.0,0.0,0.0,0.0,0.0,0.0,0.0,0.0,0.0,0.0,0.0,0.0,0.0,0.0,0.0
1661015, rstB, G->A, synonymous,3.22127,9.999e-05,121,-1.0,0.666667,120,0.9,0.705882,PASS,0.0,0.0,0.0,0.0,0.0,0.0,0.0,0.0,0.0,0.0,0.0,0.0,0.0,0.0,0.0,0.0,0.0,0.0,0.0,0.0,0.0,0.0,0.0,0.0,0.0,0.0,0.0,0.0,0.0,0.0,0.02702702702702703,0.0,0.0,0.0,0.0,0.0,0.0,0.0,0.0,0.0,0.0,0.0,0.0,0.0,0.0,0.0,0.0,0.0,0.0,0.0,0.0,0.0,0.0,0.0,0.0,0.0,0.0,0.0,0.0,0.0,0.0,0.0,0.0,0.0,0.0,0.0,0.0,0.0,0.0,0.0,0.0,0.0,0.0,0.0,0.0,0.0,0.0,0.0,0.0,0.0,0.0,0.0,0.0,0.0,0.0,0.0,0.0,0.0,0.0,0.0,0.0,0.0,0.0,0.0,0.0,0.0,0.0,0.05660377358490566,0.058823529411764705,0.3018867924528302,0.41379310344827586,0.5754716981132075,0.41379310344827586,0.18518518518518517,0.04054054054054054,0.030303030303030304,0.0,0.07042253521126761,0.031746031746031744,0.25396825396825395,0.3611111111111111,0.047619047619047616,0.0,0.0,0.01818181818181818,0.0,0.0,0.0,0.0,0.0,0.0,0.0,0.0,0.0,0.0,0.0,0.0,0.0,0.0,0.0,0.0,0.0,0.0,0.0,0.0,0.0,0.0,0.0,0.0,0.0,0.0,0.0,0.0,1.0
1674620, hdhA, MOB_1674620_1674628_IS1_1, sv,2.76499,0.00149985,121,-1.0,0.352941,119,0.9,0.444444,PASS,0.0,0.0,0.0,0.0,0.0,0.0,0.0,0.0,0.0,0.0,0.0,0.0,0.0,0.0,0.0,0.0,0.0,0.0,0.0,0.0,0.0,0.0,0.0,0.0,0.0,0.0,0.0,0.0,0.0,0.0,0.0,0.0,0.0,0.0,0.0,0.0,0.0,0.0,0.02564102564102564,0.0,0.0,0.0,0.0,0.0,0.0,0.0,0.0,0.0,0.0,0.0,0.0,0.0,0.0,0.0,0.0,0.0,0.0,0.0,0.0,0.0,0.0,0.0,0.0,0.0,0.0,0.0,0.0,0.0,0.0,0.0,0.0,0.0,0.0,0.0,0.0,0.0,0.0,0.0,0.0,0.0,0.0,0.0,0.0,0.0,0.0,0.0,0.013513513513513514,0.0,0.0,0.0,0.0,0.0,0.006578947368421052,0.0,0.0,0.0,0.0,0.0,0.0,0.0,0.0,0.0,0.0,0.0,0.0,0.0,0.012658227848101266,0.0,0.0,0.01694915254237288,0.0,0.025,0.0,0.020618556701030927,0.011111111111111112,0.06944444444444445,0.16666666666666666,0.08296943231441048,0.0,0.043243243243243246,0.038834951456310676,0.05291005291005291,0.0,0.0,0.0,0.0,0.0,0.0,0.0,0.0,0.0,0.0,0.0,0.0,0.0,0.0,0.0,0.0,0.0,0.0,0.0,0.0,0.0,0.0
1680383, add, C->A, missense,3.01689,0.00019998,121,-1.0,0.444444,120,0.9,0.521739,PASS,0.0,0.0,0.0,0.0,0.0,0.0,0.0,0.0,0.0,0.0,0.0,0.03571428571428571,0.0,0.0,0.0,0.0,0.0,0.0,0.0,0.0,0.0,0.0,0.0,0.0,0.0,0.0,0.0,0.0,0.0,0.0,0.0,0.0,0.0,0.0,0.0,0.0,0.0,0.0,0.0,0.0,0.0,0.0,0.0,0.0,0.0,0.0,0.0,0.0,0.0,0.0,0.0,0.0,0.0,0.0,0.0,0.0,0.0,0.0,0.0,0.0,0.0,0.0,0.0,0.0,0.0,0.0,0.0,0.0,0.0,0.0,0.0,0.0,0.0,0.0,0.0,0.0,0.0,0.0,0.0,0.0,0.0,0.0,0.0,0.0,0.0,0.0,0.0,0.0,0.0,0.0,0.0,0.0,0.0,0.0,0.0,0.0,0.0,0.0,0.0,0.0,0.0,0.0,0.03571428571428571,0.0,0.0,0.0,0.0,0.0,0.0,0.0,0.04878048780487805,0.36065573770491804,0.37142857142857144,0.2727272727272727,0.62,0.6923076923076923,0.6222222222222222,0.873015873015873,0.8360655737704918,0.8632478632478633,0.8932038834951457,0.8191489361702128,0.0,0.0,0.0,0.0,0.0,0.0,0.0,0.0,0.0,0.0,0.0,0.0,0.0,0.0,0.0,0.0,0.0,0.0,0.0,0.0,0.0,0.0
1681772, blr, T->C, missense,0.80996,9.999e-05,121,-1.0,0.4,120,0.9,0.266667,PASS,0.0,0.0,0.09090909090909091,0.0196078431372549,0.0,0.0,0.0,0.0,0.0,0.0,0.0,0.0,0.0,0.0,0.0,0.0,0.0,0.0,0.0,0.0,0.0,0.0,0.0,0.0,0.01694915254237288,0.2,0.30303030303030304,0.06341463414634146,0.2857142857142857,0.28205128205128205,0.8571428571428571,0.9838709677419355,0.9342105263157895,0.9736842105263158,0.9431818181818182,0.9393939393939394,0.921875,0.96875,0.7058823529411765,0.9101123595505618,0.875,0.8717948717948718,0.8263473053892215,0.98,1.0,0.9821428571428571,0.96875,0.9647058823529412,0.8852459016393442,0.8360655737704918,0.8938053097345132,0.9264069264069265,0.9824561403508771,1.0,0.9523809523809523,0.9436619718309859,0.92,0.9042553191489362,0.9090909090909091,0.7763157894736842,0.95,0.9230769230769231,0.8181818181818182,0.8695652173913043,0.8,0.7741935483870968,0.5833333333333334,0.9024390243902439,0.8658536585365854,0.8888888888888888,0.7407407407407407,0.9207920792079208,0.8478260869565217,0.6875,0.8679245283018868,0.6161137440758294,0.631578947368421,0.7288135593220338,0.7857142857142857,0.5119047619047619,0.5,0.8620689655172413,0.5,0.8350515463917526,0.5576923076923077,0.7204724409448819,0.9655172413793104,0.7564766839378239,0.6,0.7213930348258707,0.758893280632411,0.8169014084507042,0.8857142857142857,0.9310344827586207,0.75,0.9193548387096774,1.0,0.9452054794520548,0.9264705882352942,0.9621212121212122,1.0,0.9929577464788732,0.9736842105263158,1.0,0.9130434782608695,1.0,0.9032258064516129,0.9428571428571428,0.967741935483871,1.0,0.9587628865979382,0.959349593495935,0.9558823529411765,0.951048951048951,0.984375,0.9652173913043478,0.8852459016393442,0.9240506329113924,0.9829059829059829,0.9872611464968153,0.9465648854961832,0.9689922480620154,0.0,0.0,0.0,0.0,0.0,0.0,0.0,0.0,0.0,0.0,0.0,0.0,1.0,1.0,1.0,1.0,0.0,1.0,1.0,0.9746835443037974,0.9951923076923077,1.0
1689743, intergenic, indel;-1;+T, indel,2.95318,0.00059994,121,-1.0,0.8,119,0.9,0.444444,PASS,0.0,0.0,0.0,0.0,0.0,0.0,0.0,0.0,0.0,0.0,0.0,0.0,0.0,0.0,0.0,0.0,0.0,0.0,0.0,0.0,0.0,0.0,0.0,0.0,0.0,0.0,0.0,0.0,0.0,0.0,0.0,0.0,0.0,0.0,0.0,0.0,0.0,0.0,0.0,0.0,0.0,0.0,0.0,0.0,0.0,0.0,0.0,0.0,0.0,0.023809523809523808,0.0,0.0,0.0,0.017857142857142856,0.0,0.0,0.0,0.0,0.0,0.0,0.0,0.0,0.0,0.0228310502283105,0.0,0.017241379310344827,0.0,0.05970149253731343,0.019417475728155338,0.07692307692307693,0.11363636363636363,0.018018018018018018,0.030303030303030304,0.0,0.0,0.0,0.0,0.0,0.0,0.0,0.0,0.0,0.0,0.0,0.0,0.004878048780487805,0.0,0.0,0.0,0.0,0.0,0.0,0.0,0.0,0.0,0.0,0.0,0.028169014084507043,0.0,0.0,0.0,0.0,0.0,0.0,0.0,0.0,0.0,0.0,0.0,0.0,0.0,0.0,0.0,0.0,0.0,0.0,0.0,0.0,0.0,0.0,0.0,0.0,0.0,0.0,0.0,0.0,0.0,0.0,0.0,0.0,0.0,0.0,0.0,0.0,0.0,0.0,0.0,0.0,0.0,0.0,0.0,0.0,0.0,0.0
1695703, ydhH, MOB_1695703_1695709_IS186_1, sv,0.821228,9.999e-05,121,-1.0,0.666667,119,0.9,0.705882,PASS,0.0,0.0,0.1,0.0,0.0,0.0,0.0,0.0,0.0,0.0,0.0,0.0,0.0,0.0,0.0,0.0,0.0,0.0,0.0,0.0,0.0,0.0,0.0,0.0,0.02654867256637168,0.0,0.0,0.003663003663003663,0.0,0.0,0.0,0.0,0.0,0.0,0.0,0.0,0.0,0.0,0.0,0.0,0.0,0.0,0.0,0.0,0.0,0.0,0.03669724770642202,0.0,0.0,0.0,0.0,0.0,0.007936507936507936,0.016129032258064516,0.0,0.1411764705882353,0.38333333333333336,0.56,0.7073170731707317,0.8095238095238095,0.6307692307692307,0.85,0.6666666666666666,0.3843137254901961,0.6486486486486487,0.7083333333333334,0.3333333333333333,0.8169014084507042,0.6111111111111112,0.7894736842105263,0.6666666666666666,0.8723404255319149,0.826530612244898,0.8617021276595744,0.8461538461538461,0.6379928315412187,0.7428571428571429,0.6233766233766234,0.8045977011494253,0.3790322580645161,0.6470588235294118,0.7096774193548387,0.8333333333333334,0.6827586206896552,0.5154639175257731,0.7742857142857142,0.972972972972973,0.7752808988764045,0.7142857142857143,0.6877192982456141,0.7611940298507462,0.9108910891089109,0.8827160493827161,0.8431372549019608,0.8095238095238095,0.9733333333333334,0.9696969696969697,0.972027972027972,0.9813084112149533,0.9162011173184358,0.9217391304347826,0.9790575916230366,0.9764705882352941,0.9807692307692307,0.8904109589041096,0.9689119170984456,0.8838709677419355,0.8721804511278195,0.9465648854961832,0.9912280701754386,0.9829059829059829,0.9945945945945946,1.0,0.953125,0.9789473684210527,0.967741935483871,0.8673469387755102,0.9727272727272728,1.0,0.8963963963963963,0.946524064171123,0.9748743718592965,0.0,0.0,0.0,0.0,0.0,0.0,0.0,0.0,0.0,0.0,0.0,0.0,0.0,0.0,0.0,0.0,0.0,0.951048951048951,0.9,0.9117647058823529,0.9440885264997088,0.9751552795031055
1701071, ydhK, G->T, missense,0.822955,9.999e-05,121,-1.0,0.48,120,0.9,0.3,PASS,0.0,0.0,0.0,0.0,0.014925373134328358,0.045454545454545456,0.0,0.0,0.0,0.0,0.0,0.0,0.0,0.0,0.0,0.0,0.0,0.0,0.0,0.0,0.0,0.0,0.0,0.0,0.0,0.02857142857142857,0.0,0.010526315789473684,0.0,0.0,0.0,0.0,0.0,0.0,0.0,0.0,0.0,0.0,0.0,0.0,0.0,0.0,0.0,0.6530612244897959,0.4523809523809524,0.6290322580645161,0.8307692307692308,0.9354838709677419,0.75,0.7777777777777778,0.9054054054054054,0.9444444444444444,0.9813084112149533,0.9821428571428571,0.9285714285714286,0.8536585365853658,0.8970588235294118,0.8764044943820225,0.9636363636363636,0.8444444444444444,0.9705882352941176,1.0,0.9047619047619048,0.8924731182795699,1.0,0.8723404255319149,1.0,0.9069767441860465,0.9493670886075949,0.8727272727272727,0.5652173913043478,0.863013698630137,0.75,0.9090909090909091,0.84,0.5838150289017341,0.5970149253731343,0.5853658536585366,0.8412698412698413,0.4225352112676056,0.44660194174757284,0.6727272727272727,0.8333333333333334,0.8181818181818182,0.6046511627906976,0.6826923076923077,0.9864864864864865,0.732484076433121,0.48936170212765956,0.6149425287356322,0.8018018018018018,0.86,0.898876404494382,0.8936170212765957,1.0,0.9375,1.0,0.8809523809523809,0.8837209302325582,0.9689922480620154,1.0,1.0,1.0,1.0,0.9807692307692307,0.948905109489051,0.9146341463414634,0.96875,0.9491525423728814,0.967741935483871,1.0,0.9708029197080292,0.9230769230769231,0.9710144927536232,0.9318181818181818,0.8894736842105263,0.8863636363636364,0.8805031446540881,0.9603960396039604,0.9734513274336283,0.9906542056074766,0.9516129032258065,0.0,0.0,0.0,0.0,0.0,0.0,0.0,0.0,0.0,0.0,0.0,0.0,0.0,0.012195121951219513,0.0,0.0,0.0,0.9885057471264368,1.0,0.9875,1.0,0.987012987012987
1716802, ydhB, G->C, missense,3.31423,9.999e-05,121,-1.0,0.375,120,0.9,0.27907,PASS,0.0,0.0,0.0,0.0,0.0,0.0,0.0,0.0,0.0,0.0,0.0,0.0,0.0,0.0,0.0,0.0,0.0,0.0,0.0,0.0,0.0,0.0,0.0,0.0,0.0,0.0,0.0,0.0,0.0,0.0,0.0,0.0,0.0,0.0,0.018518518518518517,0.0,0.0,0.0,0.0,0.0,0.0,0.0,0.0,0.0,0.0,0.0,0.0,0.0,0.0,0.0,0.0,0.0,0.0,0.0,0.0,0.0,0.0,0.0,0.0,0.0,0.0,0.0,0.0,0.0,0.0,0.0,0.0,0.0,0.0,0.0,0.0,0.0,0.0,0.0,0.0,0.0,0.0,0.0,0.0,0.0,0.0,0.0,0.0,0.0,0.0,0.0,0.0,0.0,0.0,0.0,0.0,0.0,0.0,0.0,0.0,0.0,0.06666666666666667,0.1076923076923077,0.06779661016949153,0.07236842105263158,0.061224489795918366,0.0375,0.1,0.07865168539325842,0.013157894736842105,0.0,0.0,0.0,0.0,0.0,0.0,0.0,0.0,0.0,0.0,0.0,0.0,0.0,0.0,0.0,0.0,0.0,0.0,0.0,0.0,0.0,0.0,0.0,0.0,0.0,0.0,0.0,0.0,0.0,0.0,0.0,0.0,0.0,0.0,0.0,0.0,0.0,0.0,0.0
1719513, cfa, T->A, missense,3.04957,0.00019998,121,-1.0,0.545455,121,0.9,0.705882,PASS,0.0,0.0,0.0,0.0,0.0,0.0,0.0,0.0,0.0,0.0,0.0,0.0,0.0,0.0,0.0,0.0,0.0,0.0,0.0,0.0,0.0,0.0,0.0,0.0,0.0,0.0,0.0,0.0,0.0,0.0,0.0,0.0,0.0,0.0196078431372549,0.0,0.0,0.0,0.0,0.0,0.0,0.0,0.0,0.0,0.0,0.0,0.0,0.0,0.0,0.0,0.0,0.0,0.0,0.0,0.0,0.0,0.0,0.0,0.0,0.0,0.0,0.0,0.0,0.0,0.0,0.0,0.0,0.0,0.0,0.0,0.0,0.0,0.0,0.0,0.0,0.0,0.0,0.0,0.0,0.0,0.0,0.0,0.0,0.0,0.0,0.0,0.0,0.0,0.0,0.0,0.0,0.0,0.0,0.0,0.0,0.0,0.0,0.0,0.0,0.0,0.0,0.0,0.0,0.0,0.0,0.0,0.0,0.0,0.0,0.0,0.0,0.0,0.0,0.01639344262295082,0.10084033613445378,0.14925373134328357,0.45112781954887216,0.40350877192982454,0.7941176470588235,0.8,0.8732394366197183,0.8705035971223022,0.8461538461538461,0.0,0.0,0.0,0.0,0.0,0.0,0.0,0.0,0.0,0.0,0.0,0.0,0.0,0.0,0.0,0.0,0.0,0.0,0.0,0.0,0.0,0.0
1733527, pykF, junction_1733527_-1_IS150_end, sv,1.02162,9.999e-05,121,-1.0,0.8,119,0.9,0.6,PASS,0.0,0.0,0.0,0.0,0.0,0.0,0.0,0.0,0.0,0.0,0.0,0.0,0.0,0.0,0.0,0.0,0.0,0.0,0.0,0.0,0.0,0.0,0.0,0.0,0.0,0.0,0.0,0.0,0.0,0.0,0.0,0.0,0.0,0.0,0.0,0.0,0.075,0.0,0.0,0.15151515151515152,0.0,0.0,0.021739130434782608,0.0,0.0,0.03225806451612903,0.0,0.05555555555555555,0.15384615384615385,0.18421052631578946,0.1206896551724138,0.08527131782945736,0.06097560975609756,0.02702702702702703,0.5,0.11904761904761904,0.28888888888888886,0.24561403508771928,0.1111111111111111,0.2777777777777778,0.0,0.2,0.16666666666666666,0.1794871794871795,0.23529411764705882,0.25,0.4,0.03225806451612903,0.26,0.20588235294117646,0.18181818181818182,0.20238095238095238,0.15384615384615385,0.22857142857142856,0.23333333333333334,0.5379310344827586,0.3157894736842105,0.47619047619047616,0.2564102564102564,0.71875,0.5972222222222222,0.3220338983050847,0.5714285714285714,0.18666666666666668,0.3770491803278688,0.3271889400921659,0.04,0.3873239436619718,0.42857142857142855,0.38686131386861317,0.22727272727272727,0.17142857142857143,0.07407407407407407,0.046511627906976744,0.0,0.029411764705882353,0.0,0.10256410256410256,0.0851063829787234,0.12244897959183673,0.09090909090909091,0.0,0.029411764705882353,0.0,0.05555555555555555,0.05952380952380952,0.15463917525773196,0.06153846153846154,0.05555555555555555,0.0,0.0,0.02830188679245283,0.0967741935483871,0.05952380952380952,0.05263157894736842,0.07058823529411765,0.20512820512820512,0.060240963855421686,0.0,0.030927835051546393,0.10309278350515463,0.13829787234042554,0.0,0.0,0.0,0.0,0.0,0.0,0.0,0.0,0.0,0.0,0.0,0.0,0.0,0.0,0.0,0.0,1.0,0.0,0.0,0.0,0.0,0.0
1733646, pykF, MOB_1733646_1733647_IS150_-1, sv,0.950771,0.00029997,121,-1.0,0.222222,119,0.9,0.387097,PASS,0.0,0.0,0.0,0.017543859649122806,0.0,0.0,0.01092896174863388,0.014084507042253521,0.0,0.005128205128205128,0.0,0.04878048780487805,0.02531645569620253,0.0,0.0,0.03333333333333333,0.0,0.0,0.0196078431372549,0.075,0.020202020202020204,0.06306306306306306,0.011764705882352941,0.046511627906976744,0.05027932960893855,0.0,0.0,0.039735099337748346,0.08247422680412371,0.0,0.014925373134328358,0.0,0.0673076923076923,0.08955223880597014,0.011363636363636364,0.0,0.009174311926605505,0.05263157894736842,0.0,0.05,0.0,0.0,0.009389671361502348,0.015873015873015872,0.0,0.016666666666666666,0.011363636363636364,0.02830188679245283,0.04477611940298507,0.12280701754385964,0.13157894736842105,0.059375,0.0410958904109589,0.014285714285714285,0.0,0.05434782608695652,0.07272727272727272,0.08547008547008547,0.05555555555555555,0.09375,0.025974025974025976,0.0,0.0,0.06007067137809187,0.08333333333333333,0.15217391304347827,0.0,0.07692307692307693,0.1111111111111111,0.04,0.10606060606060606,0.10091743119266056,0.06315789473684211,0.023255813953488372,0.02564102564102564,0.2981651376146789,0.2,0.125,0.171875,0.5217391304347826,0.24242424242424243,0.17266187050359713,0.0,0.1292517006802721,0.1780821917808219,0.1450381679389313,0.0,0.14655172413793102,0.4117647058823529,0.16265060240963855,0.12041884816753927,0.0625,0.058333333333333334,0.05660377358490566,0.0,0.023255813953488372,0.0,0.05434782608695652,0.06315789473684211,0.0392156862745098,0.0,0.0,0.0,0.0,0.022058823529411766,0.013888888888888888,0.04081632653061224,0.021739130434782608,0.018518518518518517,0.043478260869565216,0.0,0.006289308176100629,0.041666666666666664,0.04430379746835443,0.011111111111111112,0.03333333333333333,0.09375,0.05555555555555555,0.0,0.041884816753926704,0.012987012987012988,0.03289473684210526,0.0,0.0,0.0,0.0,0.0,0.0,0.0,0.0,0.0,0.0,0.0,0.0,0.0,0.0,0.0,0.0,1.0,0.0,0.0,0.0,0.0,0.0
1733752, pykF, T->C, missense,3.25633,9.999e-05,121,-1.0,1.0,119,0.9,0.324324,PASS,0.0,0.0,0.1,0.4074074074074074,0.9529411764705882,0.4,0.4574468085106383,0.84,0.9583333333333334,0.5360824742268041,0.07692307692307693,0.06451612903225806,0.0,0.0,0.0,0.006134969325153374,0.0,0.0,0.0,0.0,0.0,0.0,0.0,0.0,0.0,0.0,0.0,0.0,0.0,0.0,0.0,0.0,0.0,0.0,0.0,0.0,0.0,0.0,0.0,0.0,0.0,0.0,0.0,0.0,0.0,0.0,0.0,0.0,0.0,0.0,0.0,0.0,0.0,0.0,0.0,0.0,0.0,0.0,0.0,0.0,0.0,0.0,0.0,0.0,0.0,0.0,0.0,0.0,0.0,0.0,0.0,0.0,0.0,0.0,0.0,0.0,0.0,0.0,0.0,0.0,0.0,0.0,0.0,0.0,0.0,0.0,0.0,0.0,0.0,0.0,0.0,0.0,0.0,0.0,0.0,0.0,0.0,0.0,0.0,0.0,0.0,0.0,0.0,0.0,0.0,0.0,0.0,0.0,0.0,0.0,0.0,0.0,0.0,0.0,0.0,0.0,0.0,0.0,0.0,0.0,0.0,0.0,0.0,0.0,0.0,0.0,0.0,0.0,1.0,1.0,0.0,0.0,0.0,0.0,0.0,0.0,0.0,0.0,0.0,0.0,0.0,0.0,0.0,0.0
1733865, pykF, G->T, missense,0.808639,9.999e-05,121,-1.0,0.461538,120,0.9,0.27907,PASS,0.0,0.0,0.0,0.16,0.05405405405405406,0.36363636363636365,0.4887640449438202,0.1,0.09090909090909091,0.3883495145631068,0.8181818181818182,0.8709677419354839,0.9491525423728814,1.0,1.0,0.9487179487179487,1.0,1.0,0.975609756097561,1.0,0.9523809523809523,0.9838709677419355,1.0,0.8666666666666667,0.9076923076923077,1.0,1.0,0.9635416666666666,1.0,0.9696969696969697,0.9130434782608695,0.9836065573770492,0.9821428571428571,0.9411764705882353,0.9824561403508771,0.9818181818181818,1.0,1.0,0.9375,0.9565217391304348,1.0,0.967741935483871,0.9819819819819819,1.0,1.0,0.9574468085106383,0.9818181818181818,0.9215686274509803,0.8793103448275862,0.8723404255319149,0.84,0.9358288770053476,0.9741379310344828,0.9411764705882353,1.0,0.9629629629629629,0.828125,0.9195402298850575,0.92,0.8048780487804879,0.9705882352941176,1.0,1.0,0.8903225806451613,0.9523809523809523,0.7441860465116279,0.4,0.8048780487804879,0.9420289855072463,0.8571428571428571,0.8787878787878788,0.819672131147541,0.8309859154929577,0.8409090909090909,0.9310344827586207,0.5350877192982456,0.7741935483870968,0.7441860465116279,0.7962962962962963,0.559322033898305,0.5268817204301075,0.6271186440677966,1.0,0.8875,0.7142857142857143,0.7716049382716049,0.9074074074074074,0.8125,0.4523809523809524,0.7407407407407407,0.788659793814433,0.8679245283018868,0.922077922077922,0.9629629629629629,1.0,0.9607843137254902,0.967741935483871,0.9629629629629629,0.8823529411764706,0.9803921568627451,0.9782608695652174,1.0,0.9607843137254902,1.0,0.9746835443037974,0.9565217391304348,0.9204545454545454,0.9583333333333334,0.96875,1.0,1.0,0.963963963963964,0.9642857142857143,0.981651376146789,0.9736842105263158,0.9,0.8536585365853658,0.9666666666666667,0.975609756097561,0.956140350877193,0.9302325581395349,0.941747572815534,0.0,0.0,0.0,0.0,0.0,1.0,0.0,0.0,1.0,0.9622641509433962,0.9772727272727273,1.0,1.0,1.0,1.0,1.0,0.0,0.9882352941176471,1.0,1.0,0.966824644549763,1.0
1734007, pykF, A->G, missense,1.02819,9.999e-05,121,-1.0,0.857143,120,0.9,0.230769,PASS,0.0,0.0,0.07692307692307693,0.0,0.0,0.0,0.0,0.0,0.0,0.0,0.0,0.0,0.0,0.0,0.0,0.0,0.0,0.0,0.0,0.0,0.0,0.0,0.0,0.0,0.0,0.0,0.0,0.0,0.0,0.030303030303030304,0.0,0.0,0.0,0.0,0.0,0.0,0.0,0.0,0.0,0.0,0.0,0.0,0.0,0.0,0.0,0.0,0.0,0.0,0.0,0.0,0.0,0.004291845493562232,0.0,0.0,0.0,0.0,0.0,0.0,0.0,0.0,0.0,0.0,0.0,0.0,0.0,0.0,0.0,0.0,0.0,0.10526315789473684,0.24561403508771928,0.6627906976744186,0.8135593220338984,0.8709677419354839,0.8524590163934426,0.5777777777777777,0.7272727272727273,0.7547169811320755,0.875,0.6142857142857143,0.4691358024691358,0.7352941176470589,0.7142857142857143,0.8676470588235294,0.6065573770491803,0.7923497267759563,0.9411764705882353,0.7638888888888888,0.6046511627906976,0.74,0.7424242424242424,0.8571428571428571,0.8809523809523809,0.9264705882352942,0.9285714285714286,0.9264705882352942,0.9555555555555556,0.9487179487179487,0.9104477611940298,0.9662921348314607,0.9629629629629629,0.9924242424242424,0.9714285714285714,0.9841269841269841,0.9605263157894737,0.9568965517241379,0.967032967032967,0.9481481481481482,0.9438202247191011,0.9746835443037974,1.0,0.975609756097561,1.0,0.9770992366412213,1.0,0.9,0.9032258064516129,0.9241379310344827,0.967391304347826,0.9358974358974359,0.9152542372881356,0.9710144927536232,0.0,0.0,0.0,0.0,0.0,0.0,0.0,0.0,0.0,0.0,0.0,0.0,0.0,0.0,0.0,0.0,0.0,0.0,0.9833333333333333,0.9886363636363636,0.995475113122172,0.9901960784313726
1734604, lpp, indel;+A;-1, indel,1.72089,0.0029997,121,-1.0,0.923077,117,0.9,0.8,PASS,0.0,0.0,0.0,0.0,0.0,0.0,0.0,0.01694915254237288,0.0,0.0,0.0,0.0,0.0,0.0,0.0,0.0,0.0,0.0,0.0,0.0,0.0,0.0,0.0,0.0,0.0,0.0,0.0,0.0,0.0,0.0,0.0,0.0,0.0,0.0,0.0,0.0,0.0,0.0,0.0,0.0,0.0,0.0,0.01744186046511628,0.021739130434782608,0.0,0.019230769230769232,0.0,0.0,0.0,0.02702702702702703,0.01,0.0,0.0,0.0,0.0,0.013157894736842105,0.0,0.0,0.0,0.0,0.0,0.0,0.0,0.0056179775280898875,0.0,0.0,0.0,0.0,0.0,0.0,0.02127659574468085,0.0,0.021739130434782608,0.0,0.0,0.0,0.0,0.0,0.0,0.017241379310344827,0.0,0.0,0.0,0.0,0.0,0.00641025641025641,0.0,0.005405405405405406,0.0,0.005813953488372093,0.004608294930875576,0.0,0.03571428571428571,0.0125,0.0,0.0,0.0,0.027777777777777776,0.0,0.0,0.0,0.0,0.0,0.0,0.0,0.009009009009009009,0.0,0.0,0.009523809523809525,0.06382978723404255,0.05333333333333334,0.056179775280898875,0.07017543859649122,0.12162162162162163,0.06493506493506493,0.03260869565217391,0.017857142857142856,0.03125,0.013157894736842105,0.009259259259259259,0.07339449541284404,0.08571428571428572,0.0,0.0,0.0,0.0,0.0,0.0,0.0,0.0,0.0,0.0,0.0,0.0,0.0,0.0,0.0,0.0,0.0,0.0,0.0,0.0,0.0,0.0
1734679, lpp, G->A, noncoding,3.04169,0.00029997,121,-1.0,1.0,119,0.9,1.0,PASS,0.0,0.0,0.0,0.0,0.0,0.0,0.0,0.0,0.0,0.0,0.0,0.0,0.0,0.0,0.0,0.0,0.0,0.0,0.0,0.0,0.0,0.0,0.0,0.0,0.0,0.0,0.0,0.0,0.0,0.0,0.0,0.0,0.0,0.0,0.0,0.0,0.0,0.0,0.0,0.0,0.0,0.0,0.0,0.0,0.0,0.0,0.0,0.0,0.0,0.0,0.0,0.0,0.0,0.0,0.0,0.0,0.0,0.0,0.0,0.0,0.0,0.0,0.0,0.0,0.0,0.0,0.0,0.0,0.0,0.0,0.0,0.0,0.0,0.0,0.0,0.006578947368421052,0.0,0.0,0.0,0.0,0.0,0.0,0.0,0.0,0.0,0.0,0.0,0.0,0.0,0.0,0.0,0.0,0.0,0.0,0.0,0.0,0.0,0.0,0.0,0.0,0.0,0.0,0.0,0.0,0.0,0.0,0.0,0.0,0.0,0.018518518518518517,0.0,0.25,0.1590909090909091,0.18333333333333332,0.05970149253731343,0.038461538461538464,0.05454545454545454,0.01834862385321101,0.041666666666666664,0.015503875968992248,0.0,0.0,0.0,0.0,0.0,0.0,0.0,0.0,0.0,0.0,0.0,0.0,0.0,0.0,0.0,0.0,0.0,0.0,0.0,0.0,0.0,0.0,0.0,0.0
1734949, intergenic, MOB_1734949_1734961_IS4_-1, sv,2.72506,0.00019998,121,-1.0,0.923077,109,0.9,0.00304183,PASS,0.0,0.0,0.0,0.0,0.0,0.0,0.0,0.0,0.0,0.0,0.0,0.0,0.0,0.0,0.0,0.0,0.0,0.0,0.0,0.0,0.0,0.0,0.0,0.0,0.0,0.0,0.0,0.0,0.0,0.0,0.0,0.0,0.0,0.0,0.0,0.0,0.0,0.0,0.0,0.0,0.0,0.0,0.0,0.0,0.0,0.0,0.0,0.0,0.0,0.0,0.0,0.0,0.0,0.0,0.0,0.0,0.0,0.0,0.0,0.0,0.0,0.0,0.0,0.0,0.0,0.0,0.0,0.0,0.0,0.0,0.0,0.0,0.0,0.0,0.0,0.0,0.0,0.0,0.0,0.0,0.0,0.0,0.0,0.0,0.0,0.0,0.0,0.0,0.0,0.0,0.0,0.015220700152207,0.0,0.0,0.0,0.0,0.0,0.0,0.0,0.0,0.0,0.0,0.0,0.0,0.0,0.0,0.0,0.01593625498007968,0.0,0.00984251968503937,0.033444816053511704,0.25347012673506336,0.23035230352303523,0.19767941555651053,0.10822510822510822,0.05888465535157603,0.014419610670511897,0.018832391713747645,0.021285653469561516,0.029717682020802376,0.048939641109298535,0.03861003861003861,0.0,0.0,0.0,0.0,0.0,0.0,0.0,0.0,0.0,0.0,0.0,0.0,0.0,0.0,0.0,0.0,0.0,0.0,0.0,0.0,0.0,0.0
1734949, intergenic, MOB_1734949_1734961_IS4_1, sv,2.18581,0.00019998,121,-1.0,0.923077,109,0.9,0.0179104,PASS,0.0,0.0,0.0,0.0,0.0,0.0,0.0,0.0,0.0,0.0,0.0,0.0,0.0,0.0,0.0,0.0,0.0,0.0,0.0,0.0,0.0,0.0,0.0,0.0,0.0,0.0,0.0,0.0,0.0,0.0,0.0,0.0,0.0,0.0,0.0,0.0,0.0,0.0,0.0,0.0,0.0,0.0,0.0,0.0,0.0,0.0,0.0,0.0,0.0,0.0,0.0,0.0,0.0,0.0,0.0,0.0,0.0,0.0,0.0,0.0,0.0,0.0,0.0,0.0,0.0,0.0,0.0,0.0,0.0,0.0,0.0,0.0,0.0,0.0,0.0,0.0,0.0,0.0,0.0,0.0,0.0,0.0,0.0,0.0,0.0,0.0,0.0,0.0,0.0,0.0,0.0,0.0,0.0,0.0,0.0,0.0,0.0,0.0,0.0,0.007385524372230428,0.0,0.0,0.0,0.0,0.0,0.0,0.0,0.00796812749003984,0.0,0.029527559055118113,0.07803790412486064,0.34461910519951633,0.44715447154471544,0.5884879725085911,0.5551550108147081,0.8414127423822715,0.7631389488840893,0.9187833176544372,0.9450830140485312,0.8669833729216152,0.8602150537634409,0.8365508365508365,0.0,0.0,0.0,0.0,0.0,0.0,0.0,0.0,0.0,0.0,0.0,0.0,0.0,0.0,0.0,0.0,0.0,0.0,0.0,0.0,0.0,0.0
1757644, ydiQ, MOB_1757644_1757646_IS150_1, sv,1.6262,9.999e-05,121,-1.0,0.923077,120,0.9,1.0,PASS,0.0028089887640449437,0.0,0.0,0.0,0.0,0.0,0.0,0.0,0.0,0.01,0.0,0.015384615384615385,0.0,0.0,0.0,0.0026246719160104987,0.0,0.0,0.0,0.0,0.0,0.008333333333333333,0.010752688172043012,0.0,0.011904761904761904,0.0,0.02631578947368421,0.007481296758104738,0.0,0.0,0.0,0.0,0.007874015748031496,0.008849557522123894,0.006993006993006993,0.0,0.027586206896551724,0.0,0.02564102564102564,0.0,0.046511627906976744,0.03571428571428571,0.049107142857142856,0.0,0.0,0.0,0.011363636363636364,0.0,0.0,0.0,0.010869565217391304,0.009009009009009009,0.005,0.0,0.0,0.016,0.007751937984496124,0.0,0.0,0.023255813953488372,0.0,0.0,0.0,0.014492753623188406,0.0,0.02,0.0,0.014492753623188406,0.0,0.0,0.0,0.0,0.0,0.0,0.0,0.010416666666666666,0.0,0.041666666666666664,0.020202020202020204,0.060240963855421686,0.09929078014184398,0.0,0.0,0.0,0.0,0.0071090047393364926,0.013157894736842105,0.0,0.014492753623188406,0.0,0.0021691973969631237,0.0064516129032258064,0.0,0.008620689655172414,0.09090909090909091,0.23333333333333334,0.4262295081967213,0.6901408450704225,0.5660377358490566,0.44214876033057854,0.17567567567567569,0.3480392156862745,0.42857142857142855,0.8034682080924855,0.8299319727891157,0.9090909090909091,0.8272251308900523,0.3380281690140845,0.18518518518518517,0.14619883040935672,0.16216216216216217,0.8782287822878229,0.9318181818181818,0.9581749049429658,0.8791946308724832,0.9792899408284024,0.8831168831168831,0.9877675840978594,1.0,1.0,0.9828767123287672,0.9587628865979382,0.0,0.0,0.0,0.0,0.0,0.0,0.0,0.0,0.0,0.0,0.0,0.0,0.0,0.0,0.0,0.0,0.0,0.0,0.0,0.0,0.9986876640419947,0.0
1781242, intergenic, junction_1781242_-1_IS150_end, sv,5.68147,0.00089991,121,-1.0,0.923077,120,0.9,1.0,PASS,0.0,0.0,0.0,0.0,0.0,0.0,0.0,0.0,0.0,0.0839305120167189,0.43713793103448273,0.02101610878661088,0.0,0.0,0.0,0.0,0.0,0.0,0.0,0.0,0.0,0.0,0.0,0.0,0.008696190476190477,0.0,0.053163227513227516,0.0,0.0,0.0,0.0,0.0,0.0,0.0,0.0,0.0,0.0,0.0,0.0,0.0,0.0,0.0,0.0,0.0,0.0,0.0,0.0,0.0,0.0,0.0,0.0,0.0,0.0,0.0,0.0,0.0,0.0,0.0,0.0,0.0,0.0,0.0,0.0,0.0,0.0,0.0,0.0,0.0,0.0,0.0,0.0,0.0,0.0,0.0,0.0,0.0,0.0,0.0,0.0,0.0,0.0,0.0,0.0,0.0,0.0,0.0,0.0,0.0033029615004935837,0.02590154639175258,0.0,0.0,0.0,0.0,0.0,0.0,0.0,0.0,0.0,0.0,0.0,0.0,0.0,0.0,0.0,0.0,0.0,0.0,0.0,0.008692207792207791,0.0,0.0,0.0,0.0,0.0,0.0,0.0,0.0,0.0,0.0,0.0,0.0,0.0,0.0,0.0,0.0,0.0,0.0,0.0,0.0,0.0,0.0,0.0,0.0,0.0,0.0,0.0,0.0,0.0,0.0,0.0,0.0,0.0,0.0,0.0
1781310, intergenic, MOB_1781310_1781312_IS150_-1, sv,5.0441,0.00039996,121,-1.0,0.923077,120,0.9,1.0,PASS,0.0,0.0,0.0,0.0,0.0,0.0,0.0,0.0,0.0,0.0,0.0,0.0,0.0,0.0,0.0,0.0,0.0,0.0,0.0,0.0,0.0,0.0,0.0,0.0,0.0,0.0,0.0,0.0,0.0,0.0,0.0,0.0,0.0,0.0,0.0,0.0,0.0,0.0,0.0,0.0,0.0,0.0,0.002304147465437788,0.0,0.0,0.0,0.0,0.0,0.0,0.0,0.008658008658008658,0.0,0.0,0.0,0.0,0.0,0.0,0.0,0.0,0.0,0.0,0.0,0.0,0.0,0.0,0.0,0.0,0.007751937984496124,0.0,0.0,0.0,0.0,0.0,0.0,0.0,0.0017857142857142857,0.0,0.024793388429752067,0.07142857142857142,0.10526315789473684,0.016304347826086956,0.0,0.0,0.0,0.0,0.0,0.0,0.0,0.0,0.0,0.0014619883040935672,0.0,0.0,0.0,0.0,0.0,0.0,0.0,0.007042253521126761,0.0,0.0,0.0,0.0,0.0,0.0,0.0,0.0,0.0,0.005025125628140704,0.0,0.0,0.0,0.0,0.0,0.0,0.0,0.0,0.0,0.0,0.0,0.0,0.0,0.0,0.0,0.0,0.0,0.0,0.0,0.0,0.0,0.0,0.0,0.0,0.0,0.0,0.0,0.0,0.00641025641025641,0.0,0.0,0.0,0.0,0.0,0.0
1787467, ydjM, indel;-1;+G, indel,3.50634,0.00029997,121,-1.0,0.857143,120,0.9,0.857143,PASS,0.0,0.0,0.0,0.0,0.0,0.0,0.0,0.0,0.0,0.0,0.0,0.0,0.0,0.0,0.0,0.0,0.0,0.0,0.0,0.0,0.0,0.0,0.0,0.0,0.0,0.0,0.0,0.0,0.0,0.0,0.0,0.0,0.0,0.0,0.0,0.0,0.0,0.0,0.0,0.0,0.0,0.0,0.0,0.0,0.0,0.0,0.0,0.0,0.0,0.0,0.0,0.0,0.0,0.0,0.0,0.0,0.0,0.0,0.0,0.0,0.0,0.0,0.0,0.0,0.0,0.0,0.0,0.0,0.0,0.0,0.0,0.0,0.0,0.0,0.0,0.0,0.0,0.0,0.0,0.0,0.0,0.0,0.0,0.0375,0.17647058823529413,0.27310924369747897,0.38095238095238093,0.271889400921659,0.10810810810810811,0.022727272727272728,0.0045045045045045045,0.013513513513513514,0.0,0.0,0.0,0.0,0.0,0.0,0.0,0.0,0.0,0.0,0.0,0.0,0.0,0.0,0.0,0.0,0.0,0.0,0.05063291139240506,0.0,0.0,0.0,0.0,0.0,0.0,0.0,0.0,0.0,0.0,0.0,0.0,0.0,0.0,0.0,0.0,0.0,0.0,0.0,0.0,0.0,0.0,0.0,0.0,0.0,0.0,0.0,0.0,0.0,0.0,0.0,0.0,0.0
1792556, katE, G->T, synonymous,3.66419,9.999e-05,121,-1.0,0.230769,119,0.9,0.387097,PASS,0.0,0.0,0.0,0.0,0.0,0.0,0.0,0.0,0.0,0.0,0.0,0.0,0.0,0.0,0.0,0.0,0.0,0.0,0.0,0.0,0.0,0.0,0.0,0.0,0.0,0.0,0.0,0.0,0.0,0.0,0.0,0.0,0.0,0.0,0.0,0.0,0.0,0.0,0.0,0.0,0.0,0.0,0.0,0.0,0.0,0.0,0.0,0.0,0.0,0.0,0.0,0.0,0.0,0.0,0.0,0.0,0.0,0.0,0.0,0.0,0.058823529411764705,0.1,0.2,0.18439716312056736,0.3103448275862069,0.08888888888888889,0.0,0.02702702702702703,0.0,0.0,0.0,0.16666666666666666,0.0958904109589041,0.0,0.0,0.0,0.0,0.0,0.0,0.0,0.0,0.0,0.0,0.0,0.0,0.0,0.0,0.0,0.0,0.0,0.005,0.0,0.0,0.0,0.0,0.0,0.0,0.0,0.0,0.0,0.0,0.0,0.0,0.0,0.0,0.0,0.0,0.0,0.0,0.0,0.0,0.0,0.0,0.0,0.0,0.0,0.0,0.007575757575757576,0.0,0.0,0.0,0.0,0.0,0.0,0.0,0.0,0.0,0.0,0.0,0.0,0.0,0.0,0.0,0.0,0.0,0.0,0.0,0.0,0.0,0.0,0.0,0.0,0.0,0.0
1802912, spy, junction_1802912_-1_IS1_end, sv,2.03299,9.999e-05,121,-1.0,0.923077,118,0.9,0.333333,PASS,0.007093198005698006,0.0,0.0,0.0,0.0,0.0,0.0,0.0,0.0,0.0,0.0,0.0,0.0,0.0,0.0,0.0,0.0,0.0,0.0,0.0,0.0,0.0,0.0,0.0,0.0,0.0,0.0,0.0,0.0,0.0,0.0,0.0,0.0,0.0,0.0,0.0,0.0,0.0,0.0,0.0,0.0,0.0,0.0,0.0,0.0,0.0,0.0,0.0,0.0,0.0,0.0,0.0,0.0,0.0,0.0,0.0,0.0,0.0,0.0,0.0,0.0,0.0,0.0,0.0,0.0,0.0,0.0,0.0,0.0,0.0,0.0,0.0,0.0,0.0,0.0,0.0,0.019216872586872588,0.0,0.019992630522088356,0.0,0.014495138282387191,0.0,0.0,0.0,0.0,0.0,0.0,0.0,0.0323060064935065,0.0,0.003922217408428515,0.0,0.01587870813397129,0.0,0.0,0.0,0.0,0.0,0.0,0.0,0.0,0.0,0.0,0.0,0.0,0.0,0.0,0.014501106259097524,0.05882165354330709,0.016653595317725752,0.04914868421052632,0.16671106259097523,0.09256951672862454,0.10743651452282157,0.23205376344086023,0.05517555401662049,0.05659356060606061,0.0479991967871486,0.040003212851405616,0.10171404255319148,0.04950059642147117,0.04442907063197026,0.0,0.0,0.0,0.0,0.0,0.0,0.0,0.0,0.0,0.0,0.0,0.0,0.0,0.0,0.0,0.0,0.0,0.0,0.0,0.0,0.0009717933070866143,0.0
1803267, astE, MOB_1803267_1803275_IS1_1, sv,1.08992,9.999e-05,121,-1.0,0.75,118,0.9,0.26087,PASS,0.0,0.0,0.0,0.0,0.0,0.0,0.0,0.0,0.0,0.0,0.0,0.0,0.0,0.0,0.0,0.0,0.0,0.0,0.0,0.0,0.0,0.0,0.0,0.0,0.0,0.0,0.0,0.0,0.0,0.0,0.0,0.0,0.0,0.0,0.0,0.0,0.0,0.0,0.0,0.0,0.0,0.0,0.0,0.0,0.0,0.0,0.0,0.0,0.0,0.0,0.0,0.0,0.005988023952095809,0.0,0.0,0.0,0.0,0.0,0.0,0.0,0.0,0.0,0.0,0.0,0.0,0.0,0.0,0.0,0.0,0.0,0.0,0.044444444444444446,0.3490566037735849,0.6282051282051282,0.6931818181818182,0.43154761904761907,0.7446808510638298,0.6593406593406593,0.797752808988764,0.4396551724137931,0.5277777777777778,0.7682119205298014,0.8333333333333334,0.9052631578947369,0.6542056074766355,0.8042895442359249,0.9351851851851852,0.673972602739726,0.5918367346938775,0.7437722419928826,0.75,0.7727272727272727,0.8594594594594595,0.8345323741007195,0.9142857142857143,0.8823529411764706,0.9393939393939394,0.9636363636363636,0.8598130841121495,0.8959276018099548,0.9541284403669725,0.9512195121951219,0.9333333333333333,0.9695121951219512,0.9577464788732394,0.9308943089430894,0.8125,0.956989247311828,0.9526315789473684,0.9318181818181818,0.9831932773109243,0.9473684210526315,0.9342105263157895,0.9554655870445344,0.9391304347826087,0.9631147540983607,0.9612403100775194,0.9392712550607287,0.9824561403508771,0.9497716894977168,0.9601990049751243,0.9132075471698113,0.0,0.0,0.0,0.0,0.0,0.0,0.0,0.0,0.0,0.0,0.0,0.0,0.0,0.0,0.0,0.0,0.0,0.0,0.8369565217391305,0.8064516129032258,0.9098867147270855,0.9692982456140351
1803641, astE, G->T, missense,4.39818,0.00509949,120,-1.0,0.179104,112,0.9,0.923077,PASS,0.0,0.0,0.0,0.0,0.0,0.0,0.0,0.0,0.0,0.0,0.0,0.0,0.0,0.0,0.0,0.0,0.0,0.0,0.0,0.0,0.0,0.0,0.0,0.0,0.0,0.0,0.0,0.0,0.0,0.0,0.0,0.0,0.0,0.0,0.0,0.0,0.0,0.0,0.0,0.0,0.0,0.0,0.0,0.0,0.0,0.0,0.0,0.0,0.0,0.0,0.0,0.0,0.0,0.0,0.0,0.0,0.0,0.0,0.0,0.0,0.0,0.0,0.0,0.0,0.0,0.037037037037037035,0.0,0.05,0.2,0.5365853658536586,0.0,0.0,0.0,0.0,0.0,0.0,0.0,0.0,0.0,0.0,0.0,0.0,0.0,0.0,0.0,0.0,0.0,0.0,0.0,0.0,0.0,0.0,0.0,0.0,0.0,0.0,0.0,0.0,0.0,0.0,0.0,0.0,0.0,0.0,0.0,0.0,0.0,0.0,0.0,0.0,0.0,0.0,0.0,0.0,0.0,0.0,0.0,0.0,0.0,0.0,0.0,0.0,0.0,0.0,0.0,0.0,0.0,0.0,0.0,0.0,0.0,0.0,0.0,0.0,0.0,0.0,0.0,0.0,0.0,0.0,0.0,0.0,0.0,0.0
1803890, astE, indel;-2, indel,3.35915,0.0059994,121,-1.0,0.857143,120,0.9,0.857143,PASS,0.0,0.0,0.0,0.0,0.0,0.0,0.0,0.0,0.0,0.0,0.0,0.0,0.0,0.0,0.0,0.0,0.0,0.0,0.0,0.0,0.0,0.0,0.0,0.0,0.0,0.0,0.0,0.0,0.0,0.0,0.0,0.0,0.0,0.0,0.0,0.0,0.0,0.0,0.0,0.0,0.0,0.0,0.0,0.0,0.0,0.0,0.0,0.0,0.0,0.0,0.0,0.0,0.0,0.0,0.0,0.0,0.0,0.0,0.0,0.0,0.0,0.0,0.0,0.0,0.0,0.0,0.0,0.0,0.0,0.0,0.0,0.0,0.0,0.08823529411764706,0.08,0.1941747572815534,0.0,0.0,0.0,0.0,0.0,0.0,0.0,0.0,0.0,0.0,0.0,0.0,0.0,0.0,0.0,0.0,0.0,0.0,0.0,0.0,0.0,0.0,0.0,0.0,0.0,0.0,0.0,0.0,0.0,0.0,0.0,0.0,0.0,0.0,0.0,0.0,0.0,0.0,0.0,0.0,0.0,0.0,0.0,0.0,0.0,0.0,0.0,0.0,0.0,0.0,0.0,0.0,0.0,0.0,0.0,0.0,0.0,0.0,0.0,0.0,0.0,0.0,0.0,0.0,0.0,0.0,0.0,0.0
1805352, astB, MOB_1805352_1805355_IS150_1, sv,1.03232,9.999e-05,121,-1.0,0.521739,119,0.9,0.705882,PASS,0.0,0.0,0.0,0.0,0.0,0.0,0.0,0.0,0.0,0.0056022408963585435,0.0,0.0,0.0,0.0,0.0,0.0,0.0,0.0,0.0,0.08058513513513514,0.027445183486238534,0.009216589861751152,0.017064846416382253,0.025094102885821833,0.06886395147313691,0.0,0.0,0.029713902681231377,0.051063881748071985,0.0,0.06660284757118927,0.013192612137203167,0.03985689102564103,0.06045902883156297,0.022222222222222223,0.0,0.007779827315541601,0.0,0.0,0.0931901399688958,0.02187066225165563,0.0,0.01164275486381323,0.04596163328197226,0.011668611435239206,0.011655011655011656,0.06626666666666667,0.1439423076923077,0.2308402476780186,0.1044997005988024,0.16452580331061342,0.08362979189485213,0.04320985507246377,0.011764705882352941,0.047651442307692304,0.06438234817813765,0.07904148514851485,0.11064423611111111,0.0293962962962963,0.24367063621533444,0.08975187969924811,0.20002617449664428,0.0,0.11642615012106537,0.07609806615776082,0.21546949458483758,0.1357409589041096,0.10377094907407405,0.0873430823117338,0.13760473372781065,0.24800733137829914,0.11022169898430287,0.16903877118644067,0.17261409574468084,0.09319330655957161,0.44339750957854407,0.5673909395973153,0.3190109789569991,0.2732483660130719,0.5310061538461538,0.5310989330746848,0.26451327433628313,0.49569,0.16561922785768357,0.4242142857142857,0.3392892918825562,0.0450762372881356,0.2438117942283563,0.3671353251318102,0.3051614050689195,0.2467536914860195,0.08659383680555555,0.09610974539069359,0.1337986577181208,0.21359310344827587,0.10940127970749543,0.05313918294849023,0.09618220689655173,0.12905931928687195,0.042289423984891404,0.09404245283018868,0.0,0.01597444089456869,0.0,0.09229470198675498,0.05510608958228485,0.10218900302114803,0.007037297677691767,0.05069642857142857,0.042377340425531915,0.03668740331491713,0.013831965277777778,0.10525862068965516,0.04906491985203453,0.014336170520231215,0.10129961856325492,0.21607485549132946,0.0553958217270195,0.03001041509433962,0.05832848129788193,0.045290867579908675,0.10440783664459162,0.0,0.0,0.0,0.0,0.0,0.0,0.0,0.0,0.0,0.0,0.0,0.0,0.0,0.0,0.0,0.0,1.0,0.0,0.0,0.0,0.0,0.0
1821482, ynjI, MOB_1821482_1821484_IS150_-1, sv,1.15115,9.999e-05,121,-1.0,0.315789,119,0.9,0.521739,PASS,0.0,0.0,0.0,0.0,0.0,0.0,0.0,0.0,0.012913147668393781,0.0,0.012818326898326897,0.0,0.0,0.0,0.0,0.004132251243781095,0.0,0.008861786666666666,0.01099649393605292,0.0,0.010159806418746815,0.005343832528180354,0.0,0.049135098684210524,0.017868458781362007,0.029017321688500727,0.0,0.006740683201803833,0.008064514563106797,0.0,0.0,0.006806211604095564,0.022735539075869934,0.09892326350606395,0.005498015435501654,0.013988007017543859,0.01625330612244898,0.0,0.0,0.012737367412140575,0.0,0.024088029020556227,0.05833785839672322,0.010977629547960308,0.008275178423236515,0.019779940417080435,0.0,0.006372779552715655,0.0,0.012052889963724304,0.011041962305986697,0.00652313413304253,0.03483321678321678,0.03276724279835391,0.09064181818181817,0.08152133828996283,0.16781084175084177,0.1693733404142326,0.08103857271906052,0.23246007067137808,0.03468402318840579,0.41459333333333337,0.03236178571428572,0.10884899052327977,0.12004220883534136,0.14078260223048328,0.0623111875,0.1136651711026616,0.08993011844331641,0.130432933478735,0.2751076356945722,0.20852575107296137,0.18752572549019608,0.22212440725244073,0.24391321909424726,0.4534967507148427,0.21534583598219958,0.29927887323943664,0.2253166077738516,0.4669958881578948,0.5254892290249432,0.23079631217838767,0.2491895625,0.23491239892183285,0.2703805970149254,0.29740423484119344,0.1072031100478469,0.24405109100585418,0.5708610315186247,0.2969744238336144,0.19390374769608845,0.06108283524904214,0.08390048105832831,0.11717688087774294,0.0,0.05842461538461539,0.02857464183381089,0.08549541166380789,0.10883899702085402,0.0655459447610697,0.03419202401372213,0.017246273356401384,0.02273806990881459,0.017262261973456434,0.07382296296296297,0.024290495532087734,0.12223954266592302,0.10053490196078431,0.06576946766388034,0.02381580079681275,0.011964144144144144,0.021749349912739965,0.037901520912547525,0.05649445973290166,0.07032523510971787,0.03784867088607595,0.104550936329588,0.040893323386795966,0.02031583197389886,0.048371326860841425,0.03427514848390122,0.09055953757225435,0.0,0.0,0.0,0.0,0.0,0.0,0.0,0.0,0.0,0.0,0.0,0.0,0.0,0.0,0.0,0.012283415536374846,0.9782032085561497,0.0,0.0,0.0,0.0,0.0
1821573, ynjI, junction_1821573_1_IS150_end, sv,3.56815,0.00719928,121,-1.0,0.333333,120,0.9,0.705882,PASS,0.0,0.0,0.0,0.0,0.0,0.0,0.0,0.0,0.0,0.0,0.0,0.0,0.0,0.0,0.0,0.0,0.0,0.0,0.0,0.0,0.0,0.0,0.0,0.0,0.0,0.0,0.0,0.0,0.0,0.0,0.0,0.0,0.0,0.0,0.0,0.0,0.0,0.0,0.0,0.0,0.0,0.0,0.0,0.0,0.0,0.0,0.0,0.0,0.0,0.0,0.0,0.0,0.0,0.0,0.0,0.0,0.0,0.0,0.0,0.0,0.0,0.0,0.0,0.0,0.0,0.0,0.0,0.0,0.0,0.0,0.0,0.0,0.0,0.0,0.0,0.014184397163120567,0.0196078431372549,0.0,0.031746031746031744,0.14814814814814814,0.0,0.0,0.0,0.0,0.05263157894736842,0.0,0.0,0.0,0.0,0.0,0.0,0.0,0.0,0.0,0.0,0.0,0.0,0.0,0.0,0.0,0.0,0.0,0.0,0.0,0.0,0.0,0.0,0.0,0.0,0.0,0.0,0.0,0.0,0.0,0.0,0.0,0.0,0.0,0.0,0.0,0.0,0.0,0.0,0.0,0.0,0.0,0.0,0.0,0.0,0.0,0.0,0.0,0.0,0.0,0.0,0.0,0.0,0.0,,0.0,0.0,0.0,0.0,0.0
1822553, topB, G->A, missense,3.02632,0.00089991,121,-1.0,0.48,120,0.9,0.666667,PASS,0.0,0.0,0.0,0.0,0.0,0.0,0.0,0.0,0.0,0.0,0.0,0.0,0.0,0.0,0.0,0.0,0.0,0.0,0.0,0.0,0.0,0.0,0.0,0.0,0.0,0.0,0.0,0.0,0.0,0.0,0.0,0.0,0.0,0.0,0.0,0.0,0.0,0.0,0.0,0.0,0.0,0.0,0.0,0.0,0.0,0.0,0.0,0.0,0.0,0.0,0.0,0.0,0.0,0.0,0.0,0.0,0.0,0.0,0.0,0.0,0.0,0.0,0.0,0.015037593984962405,0.0,0.0,0.0,0.0,0.0,0.0,0.0,0.0,0.0,0.0,0.0,0.0125,0.016666666666666666,0.10344827586206896,0.1509433962264151,0.03125,0.041666666666666664,0.04,0.0,0.041666666666666664,0.019230769230769232,0.005681818181818182,0.0,0.0,0.0,0.0,0.0,0.0,0.0,0.0,0.0,0.0,0.0,0.0,0.0,0.0,0.0,0.0,0.0,0.0,0.0,0.0,0.0,0.0,0.0,0.0,0.0,0.018691588785046728,0.0,0.0,0.0,0.0,0.0,0.007692307692307693,0.0,0.0,0.0,0.0,0.0,0.0,0.0,0.0,0.0,0.0,0.0,0.0,0.0,0.0,0.0,0.0,0.0,0.0,0.0,0.0,0.0,0.0,0.0,0.0,0.0,0.0
1824401, selD, G->A, missense,2.59091,0.014487,121,-1.0,0.235294,120,0.9,0.631579,PASS,0.0,0.0,0.0,0.0,0.0,0.0,0.0,0.0,0.0,0.0,0.0,0.0,0.034482758620689655,0.2,0.0,0.0,0.0,0.0,0.0,0.0,0.016666666666666666,0.0,0.0,0.0,0.0,0.0,0.0,0.014388489208633094,0.0,0.0,0.0,0.0,0.0,0.0,0.0136986301369863,0.0,0.0,0.0,0.0,0.0,0.0,0.0,0.0,0.0,0.0,0.0,0.0,0.0,0.0,0.0,0.0,0.0,0.0,0.0,0.0,0.0,0.0,0.0,0.0,0.0,0.03225806451612903,0.0,0.0,0.0,0.0,0.0,0.0,0.0,0.0,0.0,0.0,0.0,0.0,0.0,0.0,0.0,0.0,0.0,0.0,0.0,0.0,0.0,0.0,0.0,0.0,0.011976047904191617,0.0,0.0,0.0,0.0,0.004975124378109453,0.0,0.0,0.0,0.0,0.0,0.0,0.0,0.0,0.0,0.0,0.0,0.0,0.0,0.0,0.0,0.0,0.0,0.0,0.0,0.0,0.010638297872340425,0.0,0.0,0.0,0.009708737864077669,0.0,0.0,0.0,0.0,0.0,0.0,0.0,0.0,0.0,0.0,0.0,0.0,0.0,0.0,0.0,0.0,0.0,0.0,0.0,0.0,0.0,0.0,0.0,0.0,0.0,0.0,0.0040650406504065045,0.0
1861447, yeaU, MOB_1861447_1861455_IS1_1, sv,1.1922,9.999e-05,121,-1.0,0.75,119,0.9,0.923077,PASS,0.0,0.0,0.0,0.0,0.0,0.0,0.0,0.0,0.0,0.0,0.0,0.023255813953488372,0.0,0.0,0.0,0.0,0.0,0.0,0.0,0.0,0.0,0.0,0.0,0.0,0.0,0.0,0.0,0.0,0.0,0.0,0.0,0.0,0.0,0.0,0.0,0.0,0.0,0.0,0.0,0.0,0.0,0.0,0.0,0.0,0.0,0.0,0.0,0.0,0.0,0.0,0.0,0.0,0.0,0.0,0.0,0.0,0.0,0.0,0.0,0.0,0.0,0.0,0.0,0.0,0.0,0.0,0.0,0.0,0.0,0.0,0.0,0.0,0.0,0.0,0.0,0.0,0.0,0.0,0.0,0.0,0.0,0.020618556701030927,0.0,0.05714285714285714,0.02857142857142857,0.13168724279835392,0.2876712328767123,0.38362068965517243,0.41935483870967744,0.6875,0.7142857142857143,0.94,0.9530201342281879,0.8958333333333334,0.95,0.8735632183908046,0.9113924050632911,0.9669421487603306,0.9883720930232558,0.9388888888888889,0.9310344827586207,0.9792746113989638,0.9743589743589743,0.96875,0.9345794392523364,0.9597701149425287,0.8465608465608465,0.8814432989690721,0.9619047619047619,0.920863309352518,0.9711538461538461,0.9829545454545454,0.9230769230769231,0.937799043062201,0.911504424778761,0.9209302325581395,0.8555555555555555,0.9170506912442397,0.9428571428571428,0.8928571428571429,0.93717277486911,0.9672131147540983,0.0,0.0,0.0,0.0,0.0,0.0,0.0,0.0,0.0,0.0,0.0,0.0,0.0,0.0,0.0,0.0,0.0,0.0,0.0,0.0,0.9226918798665183,0.9832635983263598
1872794, yoaC, G->T, missense,2.29743,0.00029997,121,-1.0,0.75,119,0.9,0.923077,PASS,0.0,0.0,0.0,0.0,0.0,0.0,0.0,0.0,0.0,0.0,0.0,0.0,0.0,0.0,0.0,0.0,0.0,0.0,0.0,0.0,0.0,0.0,0.0,0.0,0.0,0.0,0.0,0.0,0.0,0.0,0.0,0.0,0.0,0.0,0.0,0.0,0.0,0.0,0.0,0.0,0.0,0.0,0.0,0.0,0.0,0.0,0.0,0.0,0.0,0.0,0.0,0.0,0.0,0.0,0.0,0.0,0.0,0.07801418439716312,0.2972972972972973,0.13414634146341464,0.36619718309859156,0.7,0.2727272727272727,0.5714285714285714,0.15789473684210525,0.1951219512195122,0.07692307692307693,0.14705882352941177,0.18803418803418803,0.08333333333333333,0.2463768115942029,0.0948905109489051,0.0,0.022222222222222223,0.0,0.0,0.0,0.0,0.0,0.0,0.0,0.0,0.0,0.0,0.0,0.0,0.0,0.0,0.0,0.0,0.0,0.0,0.0,0.0,0.0,0.0,0.0,0.0,0.0,0.0,0.0,0.0,0.0,0.0,0.0,0.0,0.009174311926605505,0.0,0.0,0.0,0.0,0.0,0.0,0.0,0.0,0.0,0.0,0.0,0.0,0.0,0.0,0.0,0.0,0.0,0.0,0.0,0.0,0.0,0.0,0.0,0.0,0.0,0.0,0.0,0.0,0.0,0.0,0.0,0.0,0.0,0.0,0.0,0.0,0.0
1875544, sdaA, MOB_1875544_1875549_IS186_1, sv,2.90238,0.00019998,121,-1.0,0.444444,120,0.9,0.444444,PASS,0.0,0.0,0.0,0.0,0.0,0.0,0.0,0.0,0.0,0.0030303030303030303,0.0,0.0,0.0,0.0,0.0,0.0,0.0,0.009433962264150943,0.0078125,0.0,0.0,0.0,0.0,0.0,0.004347826086956522,0.0,0.0,0.0,0.0,0.0,0.0,0.0,0.0,0.0,0.0,0.0,0.0056179775280898875,0.0,0.0,0.0,0.0,0.0,0.011235955056179775,0.0,0.0,0.010582010582010581,0.0058823529411764705,0.0,0.0,0.008620689655172414,0.0,0.0,0.0,0.0,0.0,0.0,0.010582010582010581,0.0,0.0,0.006172839506172839,0.0,0.0,0.0,0.0018115942028985507,0.0,0.0,0.0,0.0,0.0,0.0,0.0,0.0,0.0,0.0,0.0,0.0,0.0,0.0,0.0,0.0,0.0,0.004347826086956522,0.0,0.0,0.0,0.006472491909385114,0.0,0.0045662100456621,0.0,0.003134796238244514,0.0,0.0,0.0,0.0,0.0,0.0,0.0,0.004830917874396135,0.0,0.0026109660574412533,0.0,0.0031645569620253164,0.006172839506172839,0.009345794392523364,0.0,0.0,0.005050505050505051,0.0048543689320388345,0.005050505050505051,0.0,0.0,0.0036231884057971015,0.0,0.019498607242339833,0.09701492537313433,0.17446808510638298,0.24285714285714285,0.16063348416289594,0.11974110032362459,0.061452513966480445,0.03571428571428571,0.02616279069767442,0.0,0.0,0.0,0.0,0.0,0.0,0.0,0.0,0.0,0.0,0.0,0.0,0.0,0.0,0.0,0.0,0.0,0.0,0.0,0.0,0.0,0.0
1879438, yoaE, G->A, missense,3.90232,0.00889911,121,-1.0,0.222222,120,0.9,0.0662983,PASS,0.0,0.0,0.0,0.0,0.016666666666666666,0.0,0.0,0.0,0.0,0.0,0.0,0.14285714285714285,0.03225806451612903,0.0,0.0,0.0,0.0,0.0,0.0,0.0,0.0,0.0,0.0,0.0,0.0,0.0,0.0,0.0,0.0,0.0,0.0,0.0,0.0,0.0,0.0,0.0,0.0,0.0,0.0,0.0,0.0,0.0,0.0,0.0,0.0,0.0,0.0,0.0,0.0,0.0,0.0,0.0,0.0,0.0,0.0,0.0,0.0,0.0,0.0,0.0,0.0,0.0,0.0,0.0,0.0,0.0,0.0,0.0,0.0,0.0,0.0,0.0,0.0,0.0,0.0,0.0,0.0,0.0,0.0,0.01639344262295082,0.0,0.0,0.0,0.0,0.0,0.0,0.0,0.01098901098901099,0.0,0.0,0.0,0.0,0.0,0.0,0.0,0.0,0.0,0.0,0.0,0.0,0.0,0.0,0.0,0.0,0.0,0.0,0.0,0.0,0.0,0.0,0.0,0.0,0.0,0.0,0.0,0.0,0.0,0.0,0.0,0.0,0.0,0.0,0.0,0.0,0.0,0.0,0.0,0.0,0.0,0.0,0.0,0.0,0.0,0.0,0.0,0.015151515151515152,0.0,0.0,0.0,0.0,0.0,0.0,0.008333333333333333,0.0
1880487, intergenic, indel;-1;T;+T, indel,2.28975,9.999e-05,121,-1.0,1.0,113,0.9,0.0810811,PASS,0.007518796992481203,0.0,0.0,0.0,0.0,0.0,0.0,0.0,0.0,0.0,0.0,0.0,0.0,0.0,0.0,0.0,0.0,0.0,0.0,0.0,0.0,0.0,0.0,0.0,0.0,0.0,0.0,0.0,0.0,0.0,0.0,0.0,0.0,0.0,0.017543859649122806,0.0,0.0,0.0,0.0,0.0,0.0,0.0,0.0,0.0,0.0,0.0,0.0,0.0,0.0,0.06666666666666667,0.6419753086419753,0.7783251231527094,0.8461538461538461,0.8235294117647058,0.7272727272727273,0.746268656716418,0.5454545454545454,0.31666666666666665,0.32075471698113206,0.23255813953488372,0.40540540540540543,0.6666666666666666,0.0,0.576271186440678,0.0,0.25,0.0,0.32,0.23333333333333334,0.06451612903225806,0.13157894736842105,0.08,0.020833333333333332,0.0,0.0,0.0,0.0,0.0,0.0,0.0,0.0,0.0,0.0,0.0,0.0,0.0,0.0,0.0,0.0,0.0,0.0,0.0,0.0,0.0,0.0,0.0,0.0,0.0,0.0,0.0,0.0,0.0,0.0,0.0,0.0,0.0,0.0,0.0,0.0,0.0,0.0,0.0,0.0,0.0,0.0,0.0,0.0,0.0,0.0,0.009259259259259259,0.0,0.0,0.0,0.0,0.0,0.0,0.0,0.0,0.0,0.0,0.0,0.0,0.0,0.0,0.0,0.0,0.0,0.0,0.0,0.0,0.0,0.0,0.0,0.0
1881290, manX, MOB_1881290_1881298_IS1_-1, sv,3.12335,9.999e-05,121,-1.0,0.48,120,0.9,0.461538,PASS,0.0,0.0,0.0,0.0,0.0,0.0,0.0,0.0,0.0,0.0,0.0,0.0,0.0,0.0,0.0,0.0,0.0,0.0,0.0,0.0,0.0,0.0,0.0,0.0,0.0,0.0,0.0,0.017873642620443535,0.05495813771517997,0.07848019417475728,0.0,0.0,0.06132960704607047,0.029909396636993078,0.03582034139402561,0.02085398351648352,0.12129962377727613,0.03552397868561279,0.26210844155844154,0.06301485535574668,0.18891143344709896,0.1996431654676259,0.13861667213652773,0.0,0.0,0.0,0.0,0.0,0.0,0.0,0.0,0.0,0.0,0.0,0.0,0.0,0.0,0.0,0.0,0.0,0.0,0.0,0.0,0.0,0.0,0.0,0.0,0.0,0.0,0.0,0.0,0.0,0.0,0.0,0.0,0.0,0.0,0.0,0.0,0.0,0.0,0.0,0.0,0.0,0.0,0.0,0.0,0.0,0.0,0.0,0.0,0.0,0.0,0.0,0.0,0.0,0.0,0.0,0.0,0.0,0.0,0.0,0.0,0.0,0.0,0.0,0.0,0.0,0.0,0.0,0.0,0.0,0.0,0.0,0.0,0.0,0.0,0.0,0.0,0.0,0.0,0.0,0.0,0.0,0.0,0.0,0.0,0.0,0.0,0.0,0.0,0.0,0.0,0.0,0.0,0.0,0.0,0.0,0.0,0.0,0.0,0.0,0.0,0.0
1892597, prc, G->T, missense,4.29223,0.00389961,121,-1.0,1.0,120,0.9,0.8,PASS,0.0,0.0,0.0,0.0,0.0,0.0,0.0,0.0,0.0,0.0,0.0,0.0,0.0,0.0,0.0,0.0,0.0,0.0,0.0,0.0,0.0,0.0,0.0,0.0,0.013513513513513514,0.0,0.0,0.0,0.0,0.0,0.0,0.0,0.0,0.0,0.0,0.0,0.0,0.0,0.0,0.0,0.0,0.0,0.0,0.0,0.0,0.0,0.0,0.0,0.0,0.0,0.0,0.0,0.0,0.0,0.0,0.0,0.0,0.0,0.0,0.0,0.0,0.0,0.0,0.0,0.0,0.0,0.0,0.0,0.0,0.0,0.0,0.0,0.0,0.0,0.0,0.0,0.0,0.0,0.0,0.0,0.0,0.0,0.0,0.0,0.0,0.015151515151515152,0.16981132075471697,0.12142857142857143,0.0,0.0,0.0,0.0,0.0,0.0,0.0,0.0,0.0,0.0,0.0,0.0,0.0,0.0,0.0,0.0,0.0,0.0,0.0,0.0,0.0,0.0,0.0,0.0,0.0,0.0,0.0,0.0,0.0,0.0,0.0,0.0,0.0,0.0,0.0,0.0,0.0,0.0,0.0,0.0,0.0,0.0,0.0,0.0,0.0,0.0,0.0,0.0,0.0,0.0,0.0,0.0,0.0,0.0,0.0,0.0
1907254, ptrB, MOB_1907254_1907256_IS150_-1, sv,3.40149,9.999e-05,121,-1.0,0.122449,120,0.9,0.363636,PASS,0.0,0.0,0.0,0.0,0.0,0.0,0.0,0.0,0.0,0.0,0.0,0.0,0.0,0.0,0.0,0.0,0.0,0.0,0.0,0.0,0.0,0.0,0.0,0.0,0.0,0.0,0.0,0.0,0.0,0.0,0.0,0.0,0.0,0.0,0.0,0.0,0.0,0.0,0.0,0.0,0.0,0.0,0.0,0.0,0.0,0.0,0.0,0.0,0.0,0.0,0.0,0.0,0.0,0.0,0.0,0.0,0.0,0.0,0.0,0.0,0.0,0.0,0.0,0.0,0.0,0.0,0.0,0.0,0.0,0.0,0.0,0.052884615384615384,0.038461538461538464,0.056179775280898875,0.10377358490566038,0.15217391304347827,0.027522935779816515,0.029850746268656716,0.0,0.0,0.006666666666666667,0.0,0.0,0.0,0.0,0.0,0.0,0.0,0.0,0.0,0.0,0.0,0.0,0.0,0.0,0.0,0.0,0.0,0.0,0.0,0.0,0.0,0.0,0.0,0.0,0.0,0.0,0.0,0.0,0.0,0.0,0.0,0.0,0.0,0.0,0.0,0.0,0.0,0.0,0.0035842293906810036,0.0,0.0,0.0,0.0,0.0,0.0,0.0,0.0,0.0,0.0,0.0,0.0,0.0,0.0,0.0,0.0,0.0,0.0,0.0,0.0,0.0,0.0,0.0,0.0
1915984, yebK, MOB_1915984_1915986_IS150_1, sv,5.4693,9.999e-05,121,-1.0,0.666667,119,0.9,0.75,PASS,0.0,0.0,0.0,0.0,0.0,0.0,0.0,0.0,0.0,0.0,0.0,0.0,0.0,0.0,0.0,0.0,0.0,0.0,0.0,0.0,0.0,0.0,0.0,0.0,0.0,0.0,0.0,0.0,0.0,0.0,0.0,0.0,0.0,0.02844942638623327,0.03187250996015936,0.18986471482889736,0.16802858146067415,0.0,0.0,0.0,0.0,0.0,0.0,0.0,0.0,0.0,0.0,0.0,0.0,0.0,0.0,0.0,0.0,0.0,0.0,0.0,0.0,0.0,0.0,0.0,0.0,0.0,0.0,0.0,0.0,0.0,0.0,0.0,0.0,0.0,0.0,0.0,0.0,0.0,0.0,0.0,0.0,0.0,0.0,0.0,0.0,0.0,0.0,0.0,0.0,0.0,0.0,0.0,0.0,0.0,0.0,0.0,0.0,0.0,0.0,0.0,0.0,0.0,0.0,0.0,0.0,0.0,0.0,0.0,0.0,0.0,0.0,0.0,0.0,0.0,0.0,0.0,0.0,0.0,0.0,0.0,0.0,0.0,0.0,0.0,0.0,0.0,0.0,0.0,0.0,0.0,0.0,0.0,0.0,0.0,0.0,0.0,0.0,0.0,0.0,0.0,0.0,0.0,0.0,0.0,0.0,0.0,0.0,0.0
1916474, pykA, MOB_1916474_1916482_IS1_-1, sv,6.05738,0.00069993,121,-1.0,0.6,120,0.9,0.857143,PASS,0.0,0.0,0.0,0.0,0.0,0.0,0.0,0.0,0.0,0.0,0.0,0.0,0.0,0.0,0.0,0.0,0.0,0.0,0.0,0.0,0.0,0.0,0.0,0.0,0.0,0.0,0.0,0.0,0.0,0.0,0.0,0.0,0.0,0.0,0.0,0.034389965792474345,0.07359205020920502,0.23749321533923304,0.0,0.060790273556231005,0.0,0.0,0.0,0.0,0.0,0.0,0.0,0.0,0.0,0.0,0.0,0.0,0.0,0.0,0.0,0.0,0.0,0.0,0.0,0.0,0.0,0.0,0.0,0.0,0.0,0.0,0.0,0.0,0.0,0.0,0.0,0.0,0.0,0.0,0.0,0.0,0.0,0.0,0.0,0.0,0.0,0.0,0.0,0.0,0.0,0.0,0.0,0.0,0.0,0.0,0.0,0.0,0.0,0.0,0.0,0.0,0.0,0.0,0.0,0.0,0.0,0.0,0.0,0.0,0.0,0.0,0.0,0.0,0.0,0.0,0.0,0.0,0.0,0.0,0.0,0.0,0.0,0.0,0.0,0.0,0.0,0.0,0.0,0.0,0.0,0.0,0.0,0.0,0.0,0.0,0.0,0.0,0.0,0.0,0.0,0.0,0.0,0.0,0.0,0.0,0.0,0.0,0.0,0.0
1916815, pykA, C->A, missense,3.63329,9.999e-05,121,-1.0,0.0851064,120,0.9,0.375,PASS,0.0,0.0,0.0,0.0,0.0,0.0,0.0,0.0,0.0,0.0,0.0,0.0,0.0,0.0,0.0,0.0,0.0,0.0,0.0,0.0,0.0,0.0,0.0,0.0,0.0,0.0,0.0,0.0,0.0,0.0,0.0,0.0,0.0,0.0,0.01694915254237288,0.03508771929824561,0.12121212121212122,0.17647058823529413,0.3888888888888889,0.4716981132075472,0.37142857142857144,0.7647058823529411,0.7401574803149606,0.2727272727272727,0.46808510638297873,0.4,0.08333333333333333,0.015625,0.0,0.0,0.0,0.0,0.0,0.0,0.0,0.0,0.0,0.0,0.0,0.0,0.0,0.0,0.0,0.0,0.0,0.0,0.0,0.0,0.0,0.0,0.0,0.0,0.0,0.0,0.0,0.0,0.0,0.0,0.0,0.0,0.0,0.0,0.0,0.0,0.0,0.0,0.0,0.0,0.0,0.0,0.004273504273504274,0.0,0.0,0.0,0.0,0.0,0.0,0.0,0.0,0.008333333333333333,0.0,0.0,0.0,0.0,0.0,0.0,0.0,0.0,0.0,0.0,0.0,0.0,0.0,0.0,0.0,0.0,0.0,0.006666666666666667,0.0,0.0,0.0,0.0,0.0,0.0,0.0,0.0,0.0,0.0,0.0,0.0,0.0,0.0,0.0,0.0,0.0,0.0,1.0,1.0,0.0,0.0,0.0,0.0,0.0,0.0
1917131, pykA, G->A, missense,0.847294,9.999e-05,121,-1.0,0.5,119,0.9,0.363636,PASS,0.0,0.0,0.0,0.0,0.0,0.0,0.0,0.0,0.0,0.0,0.0,0.0,0.0,0.0,0.0,0.0,0.0,0.0,0.0,0.0,0.0,0.0,0.0,0.0,0.0,0.0,0.0,0.0,0.0,0.0,0.0,0.0,0.0,0.0,0.0,0.0,0.0,0.0,0.0,0.07547169811320754,0.24,0.07317073170731707,0.05217391304347826,0.6122448979591837,0.5483870967741935,0.6607142857142857,0.8163265306122449,0.9180327868852459,0.9523809523809523,0.9142857142857143,0.9333333333333333,0.9407407407407408,0.9509803921568627,0.9777777777777777,1.0,0.9622641509433962,0.9649122807017544,0.918918918918919,0.8181818181818182,0.9166666666666666,0.9761904761904762,1.0,0.9230769230769231,0.9043478260869565,0.9,0.84,1.0,0.925,0.8703703703703703,0.9117647058823529,0.8157894736842105,0.8979591836734694,0.875,0.9024390243902439,0.8,0.717948717948718,0.6585365853658537,0.717948717948718,0.828125,0.5081967213114754,0.5737704918032787,0.7857142857142857,1.0,0.84375,0.5675675675675675,0.7142857142857143,0.9019607843137255,0.7888888888888889,0.4857142857142857,0.7209302325581395,0.8461538461538461,0.8392857142857143,0.9473684210526315,0.8813559322033898,1.0,0.9117647058823529,0.9473684210526315,0.9454545454545454,0.918918918918919,0.9537037037037037,1.0,1.0,1.0,1.0,0.9512195121951219,0.9809523809523809,0.9166666666666666,0.9397590361445783,1.0,0.9682539682539683,1.0,1.0,1.0,0.989247311827957,0.9574468085106383,0.9181818181818182,0.9565217391304348,0.9459459459459459,0.9591836734693877,0.957983193277311,1.0,0.9895833333333334,0.0,0.0,0.022222222222222223,0.0,0.0,0.0,0.0,0.0,0.0,0.0,0.0,0.0,0.0,0.0,0.0,0.0,0.0,1.0,1.0,0.9902912621359223,1.0,1.0
1929412, intergenic, C->T, noncoding,1.181,9.999e-05,121,-1.0,0.75,119,0.9,0.6,PASS,0.0,0.0,0.0,0.0,0.0,0.0,0.009345794392523364,0.0,0.0,0.0,0.0,0.0,0.03571428571428571,0.0,0.07142857142857142,0.028985507246376812,0.0,0.05,0.024390243902439025,0.0,0.0,0.011904761904761904,0.023809523809523808,0.14285714285714285,0.054945054945054944,0.0,0.0,0.040229885057471264,0.046153846153846156,0.03333333333333333,0.0,0.025,0.028169014084507043,0.09259259259259259,0.022222222222222223,0.0,0.0,0.0,0.0,0.06666666666666667,0.08333333333333333,0.0,0.012658227848101266,0.0,0.0,0.0,0.013513513513513514,0.03225806451612903,0.11904761904761904,0.03125,0.15476190476190477,0.05732484076433121,0.03669724770642202,0.0,0.0,0.05063291139240506,0.08641975308641975,0.0625,0.125,0.09803921568627451,0.0,0.06666666666666667,0.1,0.056962025316455694,0.14285714285714285,0.11627906976744186,0.38461538461538464,0.06521739130434782,0.06451612903225806,0.06382978723404255,0.19444444444444445,0.11688311688311688,0.14285714285714285,0.045454545454545456,0.22,0.40588235294117647,0.2833333333333333,0.2391304347826087,0.26865671641791045,0.5373134328358209,0.5487804878048781,0.25396825396825395,0.09090909090909091,0.16883116883116883,0.43636363636363634,0.2857142857142857,0.0,0.2611464968152866,0.5416666666666666,0.3181818181818182,0.21717171717171718,0.2857142857142857,0.061855670103092786,0.1276595744680851,0.14285714285714285,0.0,0.044444444444444446,0.047058823529411764,0.07317073170731707,0.026490066225165563,0.02,0.008064516129032258,0.027777777777777776,0.011494252873563218,0.01694915254237288,0.02654867256637168,0.05063291139240506,0.057971014492753624,0.0,0.04285714285714286,0.0,0.04054054054054054,0.07142857142857142,0.03636363636363636,0.0,0.08943089430894309,0.031746031746031744,0.06040268456375839,0.020618556701030927,0.04504504504504504,0.03669724770642202,0.058394160583941604,0.0,0.0,0.0,0.0,0.0,0.0,0.0,0.0,0.0,0.0,0.0,0.0,0.0,0.0,0.0,0.0,1.0,0.012987012987012988,0.0,0.0,0.0,0.0
1957235, intergenic, G->A, noncoding,3.18688,0.00069993,121,-1.0,0.521739,119,0.9,0.75,PASS,0.0,0.0,0.0,0.02702702702702703,0.0,0.0,0.0,0.0,0.0,0.0,0.0,0.0,0.0,0.0,0.0,0.004098360655737705,0.0,0.0,0.0,0.0,0.0,0.0,0.0,0.0,0.0,0.0,0.0,0.0,0.0,0.0,0.0,0.0,0.0,0.0,0.0,0.0,0.0,0.0,0.0,0.0,0.0,0.0,0.0,0.0,0.0,0.0,0.0,0.0,0.0,0.0,0.0,0.0,0.0,0.0,0.0,0.0,0.0,0.0,0.0,0.0,0.0,0.0,0.0,0.0,0.0,0.0,0.0,0.0,0.0,0.0,0.0,0.0,0.0,0.0,0.0,0.0,0.0,0.0,0.0,0.0,0.0,0.0,0.0,0.0,0.0,0.0,0.0,0.0,0.0,0.0,0.0,0.0,0.0,0.0,0.0,0.0,0.0,0.0,0.0,0.0,0.0,0.0,0.0,0.0,0.0,0.0,0.0,0.0,0.0,0.0,0.0,0.0,0.0,0.0,0.0,0.015151515151515152,0.12121212121212122,0.051470588235294115,0.04040404040404041,0.04081632653061224,0.025,0.03361344537815126,0.0,0.007142857142857143,0.0,0.0,0.0,0.0,0.0,0.0,0.0,0.0,0.0,0.0,0.0,0.0,0.0,0.0,0.0,0.0,0.0,0.0,0.0,0.0
1962179, araG, indel;-5, indel,2.19758,0.00189981,121,-1.0,0.444444,120,0.9,0.108108,PASS,0.0,0.0,0.0,0.0,0.0,0.0,0.0,0.0,0.0,0.0,0.0,0.0,0.0,0.0,0.0,0.0,0.0,0.0,0.0,0.0,0.0,0.0,0.0,0.0,0.0,0.0,0.0,0.0,0.045454545454545456,0.0,0.0,0.0,0.10086455331412103,0.0,0.02631578947368421,0.018691588785046728,0.06722689075630252,0.0,0.2222222222222222,0.031007751937984496,0.1276595744680851,0.09523809523809523,0.25773195876288657,0.0,0.0,0.0,0.0,0.0,0.0,0.0,0.0,0.0,0.0,0.0,0.0,0.0,0.0,0.0,0.0,0.0,0.0,0.0,0.0,0.0,0.0,0.0,0.0,0.0,0.0,0.0,0.0,0.0,0.0,0.0,0.0,0.0,0.0,0.0,0.0,0.0,0.0,0.0,0.0,0.0,0.0,0.0,0.0,0.0,0.0,0.0,0.0,0.0,0.0,0.0,0.0,0.0,0.0,0.0,0.0,0.0,0.0,0.0,0.0,0.0,0.0,0.0,0.0,0.0,0.0,0.0,0.0,0.0,0.0,0.0,0.0,0.0,0.0,0.0,0.0,0.0,0.0,0.0,0.0,0.0,0.0,0.0,0.0,0.0,0.0,0.0,0.0,0.0,0.0,0.0,0.0,0.0,0.0,0.0,0.0,0.0,0.0,0.0,0.0,0.0
1988481, yeeJ, MOB_1988481_1988484_IS150_1, sv,1.1584,0.00019998,121,-1.0,1.0,120,0.9,1.0,PASS,0.002538831466395112,0.0,0.0,0.0,0.0,0.0,0.0,0.0,0.0,0.0,0.0,0.0,0.023932054356514788,0.0,0.0,0.015721252708292298,0.07712082262210797,0.0317137671957672,0.04033902932254802,0.0,0.0,0.005674928856004554,0.0,0.01212766423357664,0.0,0.0,0.0,0.0021734405564007822,0.005943998808104887,0.0,0.0,0.0,0.006157635467980295,0.007761727626459144,0.006430868167202572,0.01513414264036419,0.0,0.04909408866995074,0.037473872180451125,0.00522466039707419,0.0,0.0,0.010682530732228754,0.0,0.0,0.0,0.0,0.0,0.008839406028368794,0.008710801393728223,0.0,0.0066969785138764545,0.013361226036558179,0.0,0.0,0.0,0.006587615283267457,0.009695179611650485,0.007306827838827839,0.0,0.037163314711359405,0.0,0.02823634560906516,0.0159372947080292,0.0,0.00784313725490196,0.0,0.04237249575551783,0.07604193138500635,0.09803346418056919,0.1394883540372671,0.04420436946902655,0.03205596919127086,0.0,0.012230736196319019,0.003698961616910811,0.01448225923244026,0.00832639467110741,0.007970303756994404,0.005886700118063754,0.0,0.02278332381496288,0.07122392857142858,0.024489393010423053,0.009164613970588237,0.007786001558846453,0.008338317991631799,0.05865976984499765,0.03355704697986577,0.025590571992110456,0.006620614107883817,0.0,0.0,0.005034528016153458,0.0,0.008347245409015025,0.025396943972835317,0.0,0.009331496725912066,0.0,0.014684287812041117,0.003443145718232044,0.0,0.0,0.0,0.026490557686633227,0.01150040369088812,0.007186489399928135,0.0,0.011108192436040044,0.0,0.006237585883822611,0.0,0.011072649098474342,0.04333402777777778,0.05124751632131706,0.09035406976744186,0.030909673865138824,0.011255659031167856,0.0451617655920458,0.0411057351077313,0.05466704468133363,0.0,0.0,0.0,0.0,0.0,0.0,0.0,0.0,0.0,0.0,0.0,0.0,0.0,0.0,0.0,0.0,0.0,0.0,0.0,0.0,0.0,0.0
2017253, yeeF, A->C, missense,0.8489,9.999e-05,121,-1.0,0.666667,120,0.9,0.857143,PASS,0.0,0.0,0.0,0.0,0.0,0.0,0.0,0.0,0.0,0.0,0.0,0.0,0.0,0.0,0.06666666666666667,0.0,0.0,0.0,0.0,0.0,0.0,0.0,0.0,0.0,0.0,0.0,0.0,0.0,0.0,0.0,0.0,0.0,0.0,0.0,0.0,0.0,0.0,0.0,0.0,0.0,0.0,0.0,0.0,0.0,0.0,0.0,0.0,0.0,0.0,0.0,0.0,0.0,0.010309278350515464,0.021739130434782608,0.125,0.06172839506172839,0.30985915492957744,0.4095238095238095,0.52,0.7872340425531915,0.5319148936170213,0.35714285714285715,0.6666666666666666,0.3037383177570093,1.0,0.6415094339622641,0.6666666666666666,0.8163265306122449,0.5393258426966292,0.8518518518518519,0.5348837209302325,0.7790697674418605,0.9122807017543859,0.8936170212765957,0.75,0.6388888888888888,0.746031746031746,0.8214285714285714,0.8518518518518519,0.484375,0.5434782608695652,0.7682926829268293,0.7142857142857143,0.8613861386138614,0.7083333333333334,0.8604651162790697,0.9166666666666666,0.7898089171974523,0.4423076923076923,0.7514792899408284,0.8333333333333334,0.782608695652174,0.9493670886075949,0.9733333333333334,0.8888888888888888,0.9841269841269841,0.9811320754716981,0.8142857142857143,0.8870967741935484,0.9551282051282052,1.0,0.9752066115702479,0.96,1.0,0.984375,0.9663865546218487,0.9215686274509803,0.9913793103448276,0.9726027397260274,1.0,0.967741935483871,1.0,0.9361702127659575,0.984,0.9298245614035088,0.9333333333333333,0.8392857142857143,0.9408284023668639,1.0,0.9700598802395209,0.9823008849557522,0.9103448275862069,0.0,0.0,0.0,0.0,0.0,0.0,0.0,0.0,0.0,0.0,0.0,0.0,0.0,0.0,0.0,0.0,0.0,1.0,0.975,0.9927536231884058,1.0,0.990909090909091
2020021, hisL, indel;-9, indel,1.41891,9.999e-05,121,-1.0,0.363636,119,0.9,1.0,PASS,0.0,0.0,0.0,0.0,0.0,0.0,0.0,0.0,0.0,0.0,0.0,0.0,0.0,0.0,0.0,0.0,0.0,0.0,0.0,0.0,0.0,0.0,0.0,0.0,0.0,0.0,0.0,0.0,0.0,0.0,0.0,0.0,0.0,0.0,0.0,0.0,0.0,0.0,0.0,0.0,0.038461538461538464,0.0,0.0,0.0,0.0,0.0,0.0,0.0,0.0,0.0,0.0,0.0,0.0,0.0,0.0,0.0,0.0,0.0,0.0,0.0,0.0,0.0,0.0,0.0,0.0,0.0,0.0,0.0,0.0,0.0,0.0,0.0,0.0,0.0,0.0,0.0,0.0,0.0,0.0,0.0,0.0,0.08645533141210374,0.11764705882352941,0.2257636122177955,0.3765690376569038,0.16297262059973924,0.2892561983471075,0.36181678214010776,0.17142857142857143,0.6496062992125984,0.7083716651333947,0.8148148148148148,0.875,0.8785046728971962,1.0,0.9795918367346939,0.926829268292683,0.9310344827586207,0.8395061728395061,0.9,1.0,0.961038961038961,1.0,1.0,0.9764705882352941,0.9607843137254902,0.8876404494382022,1.0,0.9722222222222222,0.9333333333333333,1.0,0.9861111111111112,0.95,1.0,1.0,0.9361702127659575,0.8421052631578947,1.0,1.0,0.968421052631579,0.9640287769784173,0.9591836734693877,0.0,0.0,0.0,0.0,0.0,0.0,0.0,0.0,0.0,0.0,0.0,0.0,0.0,0.0,0.0,0.0,0.0,0.0,0.0,0.0,0.9975626740947076,1.0
2020131, hisG, MOB_2020131_2020133_IS150_-1, sv,4.8566,9.999e-05,121,-1.0,0.333333,114,0.9,0.144578,PASS,0.0,0.0,0.0,0.0,0.0,0.0,0.0,0.0,0.0,0.0,0.0,0.07272727272727272,0.5,0.8620689655172413,0.75,0.11178247734138973,0.16666666666666666,0.024390243902439025,0.03076923076923077,0.0,0.008695652173913044,0.0,0.0,0.0,0.0,0.0,0.05,0.01090909090909091,0.008403361344537815,0.0,0.011494252873563218,0.0,0.008547008547008548,0.0,0.015384615384615385,0.021505376344086023,0.0,0.047619047619047616,0.0,0.0,0.0,0.030303030303030304,0.011152416356877323,0.0,0.0,0.0,0.0,0.0,0.0,0.0,0.0,0.0,0.0,0.0,0.0,0.018867924528301886,0.0,0.0,0.0,0.0,0.0,0.0,0.0,0.01282051282051282,0.0,0.0,0.0,0.0,0.0,0.022727272727272728,0.0,0.0,0.0,0.0,0.0,0.003952569169960474,0.0,0.0,0.0,0.012195121951219513,0.0,0.0,0.0,0.0,0.0,0.0,0.0,0.0,0.0,0.0,0.0,0.0,0.0,0.014084507042253521,0.0,0.0,0.0,0.0,0.0,0.0,0.0,0.0,0.0,0.0,0.0,0.0,0.0,0.015625,0.0,0.0,0.0,0.0,0.0,0.0,0.0,0.0,0.0,0.0,0.0,0.018018018018018018,0.0,0.0,0.0,0.0,0.0,0.0,0.0,0.0,0.0,0.0,0.0,0.0,0.0,0.0,0.0,0.0,0.0,0.0,0.022988505747126436,0.0,0.0,0.0,0.0,0.0
2024631, hisH, A->C, missense,3.18722,0.00689931,121,-1.0,0.857143,120,0.9,0.923077,PASS,0.0,0.0,0.0,0.0,0.0,0.0,0.0,0.0,0.0,0.0,0.0,0.0,0.0,0.0,0.0,0.0,0.0,0.0,0.0,0.0,0.0,0.0,0.0,0.0,0.0,0.0,0.0,0.0,0.0,0.0,0.0,0.0,0.0,0.0,0.0,0.0,0.0,0.0,0.0,0.0,0.0,0.0,0.0,0.0,0.0,0.0,0.0,0.0,0.0,0.0,0.0,0.0,0.0,0.0,0.0,0.0,0.0,0.0,0.0,0.0,0.0,0.0,0.0,0.0,0.0,0.0,0.0,0.0,0.0,0.0,0.0,0.0,0.0,0.0,0.0,0.0,0.0,0.0,0.0,0.0,0.0,0.0,0.0,0.0,0.0,0.0,0.0,0.0,0.0,0.07262569832402235,0.1589958158995816,0.028985507246376812,0.0,0.015384615384615385,0.0,0.0,0.0,0.0,0.0,0.0,0.0,0.0,0.0,0.0,0.0,0.0,0.0,0.0,0.0,0.0,0.0,0.0,0.0,0.0,0.0,0.0,0.0,0.0,0.0,0.0,0.0,0.0,0.0,0.0,0.0,0.0,0.0,0.0,0.0,0.0,0.0,0.0,0.0,0.0,0.0,0.0,0.0,0.0,0.0,0.0,0.0,0.0,0.0,0.0
2032777, manB, A->G, synonymous,1.41263,9.999e-05,30,-2.09843,0.0116054,81,0.9,0.705882,PASS,0.0,0.0,0.0,0.0,0.0,0.0,0.0,0.0,0.0,0.0,0.0,0.0,0.0,0.0,0.0,0.0,0.0,0.0,0.0,0.0,0.0,0.0,0.0,0.0,0.0,0.0,0.0,0.0,0.0,0.0,0.4444444444444444,1.0,0.4583333333333333,0.6666666666666666,0.5555555555555556,1.0,0.5454545454545454,0.8181818181818182,0.5,0.38461538461538464,0.6666666666666666,0.6666666666666666,0.3888888888888889,0.75,1.0,1.0,0.875,0.6,0.7,0.16666666666666666,0.42857142857142855,0.5172413793103449,0.6666666666666666,0.6666666666666666,0.75,0.4,0.6666666666666666,0.5238095238095238,0.36363636363636365,0.375,0.875,0.6666666666666666,1.0,0.5,1.0,0.4,0.0,0.5,0.47619047619047616,0.2857142857142857,0.4444444444444444,0.5,0.42857142857142855,0.5,0.26666666666666666,0.24096385542168675,0.07692307692307693,0.25,0.2222222222222222,0.0625,0.0784313725490196,0.2,0.6666666666666666,0.6190476190476191,0.35714285714285715,0.375,0.875,0.32608695652173914,0.16666666666666666,0.2833333333333333,0.2808988764044944,0.6,0.5789473684210527,0.6153846153846154,1.0,0.5,1.0,0.5625,0.5,0.6086956521739131,0.8,1.0,1.0,0.875,0.75,0.8695652173913043,0.6,0.8421052631578947,0.5454545454545454,0.8333333333333334,0.8181818181818182,1.0,0.5555555555555556,0.6956521739130435,1.0,0.6842105263157895,0.3076923076923077,0.6842105263157895,0.9285714285714286,0.7096774193548387,0.9047619047619048,0.8461538461538461,0.0,0.0,0.0,0.0,0.0,0.0,0.0,0.0,0.0,0.0,0.0,0.0,0.008849557522123894,1.0,1.0,1.0,0.0,1.0,,,,1.0
2041415, wzx, junction_2041415_-1_IS1_start, sv,6.51539,9.999e-05,29,-2.99246,0.0111628,40,0.9,0.0944882,PASS,0.0,0.0,0.0,0.0,0.0,0.0,0.0,0.0,0.0,0.0,0.0,0.0,0.0,0.0,0.0,0.0,0.0,0.0,0.0,,0.0,0.0,0.0,0.0,0.0,0.0,0.0,0.0,0.0,0.0,0.0,,0.0,0.0,0.0,0.0,0.0,,0.0,0.0,,,0.0,,0.0,0.0,0.0,0.0,,,0.0,0.0,0.0,,,0.0,0.0,0.0,0.0,0.0,,,,0.0,,0.0,,0.0,,0.0,0.0,0.0,,0.0,0.0,0.0,0.0,0.0,0.0,0.0,0.0,0.0,,0.0,0.0,0.0,,0.0,0.0,0.0,0.0,0.0,0.0,0.0,0.0,0.0,,,0.0,,0.0,,,,0.0,1.0,1.0,1.0,1.0,,,,1.0,1.0,,1.0,1.0,1.0,,1.0,1.0,0.8933988764044943,0.0,0.0,0.0,0.0,0.0,0.0,0.0,0.0,0.0,0.0,0.0,0.0,0.0,,0.0,,0.0,,,,,
2056004, cpsG, A->G, synonymous,1.014,9.999e-05,30,-1.51149,0.0140351,97,0.9,0.226415,PASS,0.0,0.0,0.0,0.0,0.0,0.0,0.0,0.0,0.0,0.0,0.0,0.0,0.0,0.0,0.0,0.0,0.0,0.0,0.0,0.0,0.0,0.0,0.0,0.0,0.0,0.0,0.0,0.0,0.0,0.0,0.5454545454545454,0.9285714285714286,0.6956521739130435,0.75,1.0,0.9285714285714286,0.6086956521739131,1.0,0.2,0.7777777777777778,0.38461538461538464,0.25,0.6792452830188679,1.0,0.8571428571428571,0.9166666666666666,0.8,1.0,0.7692307692307693,0.5,0.9166666666666666,0.8809523809523809,1.0,0.9090909090909091,1.0,0.8095238095238095,0.7142857142857143,0.7142857142857143,0.7142857142857143,0.3125,0.7142857142857143,0.6666666666666666,1.0,0.8541666666666666,0.0,0.5555555555555556,0.0,0.75,0.5,0.4444444444444444,0.5,0.5217391304347826,0.8333333333333334,0.375,0.18181818181818182,0.42424242424242425,0.17391304347826086,0.3888888888888889,0.45,0.21621621621621623,0.17777777777777778,0.6666666666666666,1.0,0.5945945945945946,0.45454545454545453,0.5230769230769231,1.0,0.5283018867924528,0.09523809523809523,0.41025641025641024,0.5285714285714286,0.7272727272727273,0.7777777777777778,0.4166666666666667,1.0,0.8333333333333334,1.0,0.6842105263157895,0.95,0.84,0.9,0.9473684210526315,1.0,1.0,0.8181818181818182,0.8974358974358975,0.782608695652174,0.9428571428571428,1.0,0.8125,1.0,0.9230769230769231,1.0,0.9090909090909091,0.875,0.7666666666666667,0.6666666666666666,0.7741935483870968,0.9166666666666666,0.875,0.8214285714285714,0.8620689655172413,0.0,0.0,0.0,0.0,0.0,0.0,0.0,0.0,0.0,0.0,0.0,0.0,0.0,1.0,1.0,1.0,0.0,1.0,,0.0,0.0,1.0
2056010, cpsG, A->C, synonymous,0.99797,9.999e-05,30,-1.47043,0.0146699,98,0.9,0.48,PASS,0.0,0.0,0.0,0.0,0.0,0.0,0.0,0.0,0.0,0.0,0.0,0.0,0.0,0.0,0.0,0.0,0.0,0.0,0.0,0.0,0.0,0.0,0.0,0.0,0.0,0.0,0.0,0.0,0.0,0.0,0.5454545454545454,0.9285714285714286,0.6956521739130435,0.75,0.9230769230769231,0.9285714285714286,0.6363636363636364,1.0,0.2,0.7777777777777778,0.38461538461538464,0.25,0.6923076923076923,1.0,0.8571428571428571,0.9166666666666666,0.8,1.0,0.7692307692307693,0.42857142857142855,0.9166666666666666,0.8809523809523809,1.0,0.9090909090909091,1.0,0.7619047619047619,0.7142857142857143,0.6896551724137931,0.7142857142857143,0.3333333333333333,0.7142857142857143,0.6666666666666666,1.0,0.8541666666666666,0.0,0.5263157894736842,0.0,0.75,0.5294117647058824,0.4444444444444444,0.5555555555555556,0.5454545454545454,0.8333333333333334,0.375,0.16666666666666666,0.4375,0.17391304347826086,0.3888888888888889,0.5294117647058824,0.22857142857142856,0.17777777777777778,0.64,1.0,0.6111111111111112,0.45454545454545453,0.5230769230769231,1.0,0.5192307692307693,0.1,0.42105263157894735,0.5294117647058824,0.7272727272727273,0.7647058823529411,0.4166666666666667,1.0,0.8333333333333334,1.0,0.6842105263157895,0.95,0.84,0.8,0.9473684210526315,1.0,1.0,0.8181818181818182,0.9210526315789473,0.782608695652174,0.9428571428571428,1.0,0.8125,1.0,0.9615384615384616,1.0,0.9047619047619048,0.875,0.7666666666666667,0.6666666666666666,0.7741935483870968,0.9166666666666666,0.875,0.8518518518518519,0.8620689655172413,0.0,0.0,0.0,0.0,0.0,0.0,0.0,0.0,0.0,0.0,0.0,0.0,0.0,1.0,1.0,1.0,0.0,1.0,,0.0,0.0,1.0
2056051, cpsG, A->G, synonymous,0.794305,9.999e-05,121,-1.0,0.545455,117,0.9,0.0916031,PASS,0.0,0.0,0.0,0.0,0.0,0.0,0.0,0.0,0.0,0.0,0.0,0.0,0.0,0.0,0.0,0.0,0.0,0.0,0.0,0.0,0.0,0.0,0.0,0.0,0.0,0.0,0.0,0.0,0.0,0.09090909090909091,0.8260869565217391,1.0,0.7222222222222222,0.8947368421052632,0.9642857142857143,0.9166666666666666,0.8085106382978723,1.0,0.6,0.8275862068965517,0.625,0.8181818181818182,0.8089887640449438,1.0,1.0,0.9333333333333333,0.9375,0.967741935483871,0.8235294117647058,0.8666666666666667,0.8888888888888888,0.967391304347826,0.9795918367346939,0.9714285714285714,0.8888888888888888,0.918918918918919,0.9111111111111111,0.8222222222222222,0.84,0.6,0.9565217391304348,0.8888888888888888,1.0,0.9320388349514563,0.5555555555555556,0.7096774193548387,0.4,0.9166666666666666,0.86,0.8,0.8181818181818182,0.7647058823529411,0.8095238095238095,0.75,0.5384615384615384,0.5681818181818182,0.5714285714285714,0.6956521739130435,0.7777777777777778,0.475,0.358974358974359,0.8,1.0,0.8035714285714286,0.6521739130434783,0.6781609195402298,1.0,0.6666666666666666,0.28,0.5652173913043478,0.6732673267326733,0.8235294117647058,0.972972972972973,0.7666666666666667,0.6,0.9615384615384616,1.0,0.8,0.9722222222222222,0.9583333333333334,0.9090909090909091,0.9795918367346939,1.0,1.0,0.9696969696969697,0.984375,0.9512195121951219,0.9423076923076923,1.0,0.96,1.0,1.0,0.9230769230769231,0.9512195121951219,0.9583333333333334,0.9272727272727272,0.8292682926829268,0.9464285714285714,0.9722222222222222,0.9491525423728814,0.9508196721311475,0.9310344827586207,0.0,0.0,0.0,0.0,0.0,0.0,0.0,0.0,0.0,0.0,0.0,0.0,0.023529411764705882,1.0,1.0,1.0,0.0,1.0,1.0,0.9929078014184397,0.996268656716418,1.0
2056398, cpsB, C->A, missense,2.70616,0.00029997,121,-1.0,0.631579,120,0.9,0.923077,PASS,0.0,0.0,0.0,0.0,0.0,0.0,0.0,0.0,0.0,0.0,0.0,0.0,0.0,0.0,0.0,0.0,0.0,0.0,0.0,0.0,0.0,0.0,0.0,0.0,0.0,0.0,0.0,0.0,0.0,0.0,0.0,0.0,0.0,0.0,0.0,0.0,0.0,0.0,0.0,0.0,0.0,0.0,0.0,0.0,0.0,0.0,0.0,0.0,0.0,0.0,0.0,0.0,0.0,0.0,0.0,0.0,0.0,0.0,0.0,0.0,0.0,0.0,0.0,0.005988023952095809,0.0,0.0,0.0,0.0,0.0,0.0,0.0,0.0,0.0,0.0,0.0,0.0,0.0,0.0,0.0,0.0,0.0,0.0,0.0,0.0,0.0,0.0,0.0,0.0,0.0,0.0,0.0,0.0,0.0,0.0,0.0,0.0,0.0,0.0,0.0,0.0,0.0,0.0,0.0,0.0,0.0,0.0,0.0,0.0,0.0,0.041666666666666664,0.0,0.2608695652173913,0.2,0.1743119266055046,0.19148936170212766,0.07751937984496124,0.06,0.008695652173913044,0.01904761904761905,0.05426356589147287,0.10483870967741936,0.056910569105691054,0.0,0.0,0.0,0.0,0.0,0.0,0.019230769230769232,0.0,0.0,0.0,0.0,0.0,0.0,0.0,0.0,0.0,0.0,0.0,0.0,0.0,0.0,0.0
2060039, wcaG, C->T, missense,1.34278,0.00049995,121,-1.0,0.521739,119,0.9,0.75,PASS,0.0,0.0,0.0,0.0,0.0,0.0,0.0,0.0,0.0,0.0,0.0,0.0,0.0,0.0,0.0,0.0,0.0,0.0,0.02702702702702703,0.0,0.0,0.0,0.0,0.0,0.0,0.0,0.0,0.0,0.0,0.0,0.015625,0.0,0.0,0.0,0.0,0.0,0.0,0.0,0.0,0.015625,0.0,0.0,0.0,0.0,0.0,0.0,0.0,0.0,0.0,0.0,0.0,0.0,0.0,0.0,0.0,0.0,0.0,0.0,0.0,0.0,0.0,0.0,0.0,0.0,0.0,0.0,0.0,0.0,0.0,0.0,0.0,0.0,0.0,0.0,0.0,0.0,0.0,0.0,0.0,0.0,0.0,0.0,0.0,0.0,0.0,0.0,0.0,0.0,0.0,0.0234375,0.05737704918032787,0.10810810810810811,0.13580246913580246,0.05172413793103448,0.0625,0.047619047619047616,0.06521739130434782,0.0547945205479452,0.06557377049180328,0.045454545454545456,0.018518518518518517,0.0,0.01818181818181818,0.0,0.016129032258064516,0.057971014492753624,0.07920792079207921,0.00819672131147541,0.0547945205479452,0.012195121951219513,0.0,0.016,0.0,0.045454545454545456,0.03225806451612903,0.08024691358024691,0.02702702702702703,0.05113636363636364,0.007692307692307693,0.013513513513513514,0.0072992700729927005,0.051470588235294115,0.0,0.0,0.0,0.0,0.0,0.0,0.0,0.0,0.0,0.0,0.0,0.0,0.0,0.0,0.0,0.0,0.0,0.0,0.0,0.0,0.0,0.0
2100307, intergenic, junction_2100307_-1_2122454_1, sv,0.990152,9.999e-05,121,-1.0,0.48,116,0.9,0.184615,PASS,0.0,0.0,0.0,0.0,0.011333585190782017,0.0,0.0684931506849315,0.01757469244288225,0.06044905008635579,0.05141388174807198,0.05504587155963303,0.0,0.010857763300760045,0.0,0.0,0.012492192379762648,0.0970873786407767,0.0,0.06688963210702341,0.18181818181818182,0.3597785977859778,0.42696629213483145,0.03929273084479371,0.02724795640326975,0.05991611743559017,0.08174386920980926,0.26666666666666666,0.16779511333529584,0.17898832684824903,0.04731861198738171,0.0,0.032644178454842215,0.08223684210526316,0.032502708559046585,0.0,0.024390243902439025,0.07554296506137866,0.044642857142857144,0.25362318840579706,0.11882998171846434,0.0,0.08498583569405099,0.11171171171171171,0.0,0.0,0.0,0.03591954022988506,0.012690355329949238,0.07211538461538461,0.04975124378109453,0.0,0.013670539986329461,0.022611644997173545,0.014367816091954025,0.0,0.07896625987078247,0.29523809523809524,0.4186795491143317,0.5125284738041003,0.5572289156626505,0.44871794871794873,0.8333333333333334,0.5825242718446602,0.33978933061501865,0.7692307692307693,0.6050420168067226,0.8333333333333334,0.705521472392638,0.6846240179573513,0.7281553398058253,0.48859934853420195,0.88,0.8607198748043818,0.877742946708464,0.9226932668329176,0.7784431137724551,0.8839779005524863,0.8272506082725061,0.8974358974358975,0.662878787878788,0.7374631268436579,0.8816964285714286,1.0,0.9036144578313252,0.9504132231404959,0.9015128125964804,1.0,0.9288990825688073,0.8219178082191781,0.9492635024549918,0.9836065573770493,1.0,1.0,1.0,1.0,1.0,1.0,1.0,1.0,0.983754512635379,1.0,1.0,1.0,1.0,1.0,1.0,1.0,1.0,1.0,1.0,1.0,1.0,1.0,1.0,1.0,0.9945872801082544,1.0,1.0,1.0,1.0,1.0,0.9936708860759493,0.0,0.0,0.0,0.0,0.0,0.0,0.0,0.0,1.0,0.0,1.0,1.0,0.0,1.0,0.0,0.0,0.0,1.0,1.0,1.0,0.9966459032103498,1.0
2103887, ECB_01992, indel;+35;+3;+CAGCCAGC;+31;+15;+23;+27;+CAGC;-4;+7;+CAGCCAGCCAGC, indel,0.187908,0.018721,64,-3.23326,0.007109,74,0.9,0.666667,PASS,0.04385964912280702,0.041580041580041575,0.12121212121212122,0.20089285714285715,0.1486988847583643,0.11904761904761904,0.24900757849151928,0.180623973727422,0.2900378310214376,0.32656023222060954,0.3157894736842105,0.09287925696594428,0.24074074074074073,0.18181818181818182,0.4081632653061224,0.3847563209967021,0.2777777777777778,0.2785515320334262,0.33248081841432225,0.18181818181818182,0.162748643761302,0.2542372881355932,0.1991150442477876,0.2777777777777778,0.34543844109831706,0.05,0.0591715976331361,0.2158273381294964,0.21035598705501618,0.27139874739039666,0.21691973969631237,0.164765525982256,0.1422475106685633,0.22922636103151864,0.1761252446183953,0.23222060957910012,0.24045261669024046,0.24305555555555555,0.4,0.16908212560386474,0.20618556701030927,0.19073569482288827,0.4305705059203444,0.273972602739726,0.37845705967976706,0.27196652719665276,0.22375215146299482,0.29976019184652275,0.2555366269165247,0.22277227722772278,0.15873015873015872,0.28097982708933716,0.3640776699029126,0.21996615905245345,0.32967032967032966,0.31343283582089554,0.33519553072625696,0.2901353965183752,0.2183406113537118,0.6538461538461539,0.21428571428571427,0.25,0.25,0.2923076923076923,0.16666666666666666,0.30303030303030304,0.4545454545454546,0.4117647058823529,0.15151515151515152,0.3333333333333333,0.35714285714285715,0.136986301369863,0.0,0.35714285714285715,0.0,0.24017467248908297,0.5405405405405406,0.8695652173913043,1.0,0.9310344827586207,0.9,1.0,0.0,1.0,1.0,1.0,,0.9615384615384616,0.6,1.0,1.0,,,,,,,,,,,,,0.0,,,,,,,,,,,,,,,,,,,0.08032128514056225,0.06134969325153374,0.052910052910052914,0.06211180124223602,1.0,0.0,0.052980132450331126,0.029069767441860465,,0.33879781420765026,,,0.04878048780487805,,0.016313213703099513,0.0,1.0,,,,1.0,0.0
2122428, ECB_02013, MOB_2122428_2122430_IS150_1, sv,2.57874,9.999e-05,61,-3.15275,0.0273973,73,0.9,0.387097,PASS,0.0,0.0,0.0,0.0,0.0,0.0,0.0,0.0,0.0,0.0,0.0,0.0,0.0,0.0,0.0,0.0,0.0,0.0,0.0,0.0,0.0,0.0,0.007518796992481203,0.0,0.0,0.0,0.0,0.002688172043010753,0.0,0.0,0.0,0.0,0.0,0.0,0.0,0.0,0.008130081300813009,0.0,0.0,0.0,0.0,0.0,0.0,0.0,0.0,0.02666666666666667,0.0,0.020100502512562814,0.0625,0.06944444444444445,0.116751269035533,0.053003533568904596,0.02654867256637168,0.014084507042253521,0.027777777777777776,0.06557377049180328,0.14049586776859505,0.3069306930693069,0.14925373134328357,0.37209302325581395,0.11688311688311688,1.0,0.0,0.18,0.45454545454545453,0.3783783783783784,0.3333333333333333,0.5,0.15555555555555556,0.14285714285714285,0.3617021276595745,0.8181818181818182,1.0,1.0,1.0,1.0,1.0,1.0,1.0,1.0,1.0,1.0,1.0,1.0,1.0,1.0,1.0,1.0,1.0,1.0,1.0,,,,,,,,,0.0,,,,,,,,,,,,,,,,,,,,,,0.0,0.0,0.0,0.0,0.0,0.0,0.0,0.0,0.0,,0.0,,,0.0,,0.0,0.0,1.0,,,,0.0,
2129510, intergenic, C->A, noncoding,1.29504,9.999e-05,121,-1.0,0.3,120,0.9,0.666667,PASS,0.0,0.0,0.0,0.0,0.0,0.0,0.0,0.0,0.0,0.0,0.0,0.0,0.0,0.0,0.0,0.0,0.0,0.0,0.0,0.0,0.0,0.0,0.0,0.0,0.0,0.0,0.0,0.0,0.0,0.0,0.0,0.0,0.0,0.021739130434782608,0.0,0.0,0.0,0.0,0.0,0.05,0.07142857142857142,0.034482758620689655,0.0,0.0,0.016129032258064516,0.01639344262295082,0.0,0.030303030303030304,0.1568627450980392,0.0625,0.07792207792207792,0.057971014492753624,0.008928571428571428,0.0196078431372549,0.0,0.10810810810810811,0.10588235294117647,0.13592233009708737,0.0625,0.13333333333333333,0.03773584905660377,0.0625,0.0,0.10106382978723404,0.06666666666666667,0.21568627450980393,0.0,0.017543859649122806,0.022727272727272728,0.10714285714285714,0.27586206896551724,0.08695652173913043,0.1111111111111111,0.15384615384615385,0.18421052631578946,0.30158730158730157,0.373134328358209,0.41304347826086957,0.22807017543859648,0.4642857142857143,0.352112676056338,0.21518987341772153,0.125,0.19230769230769232,0.3584905660377358,0.1357142857142857,0.043478260869565216,0.2085889570552147,0.5384615384615384,0.2336448598130841,0.19791666666666666,0.11363636363636363,0.04938271604938271,0.06976744186046512,0.0,0.05084745762711865,0.0,0.03278688524590164,0.06451612903225806,0.010101010101010102,0.0,0.007874015748031496,0.09615384615384616,0.0,0.07692307692307693,0.06060606060606061,0.05785123966942149,0.0136986301369863,0.03529411764705882,0.0,0.0,0.009433962264150943,0.0,0.0425531914893617,0.023809523809523808,0.05925925925925926,0.1267605633802817,0.031578947368421054,0.014598540145985401,0.017543859649122806,0.02857142857142857,0.1415929203539823,0.0,0.0,0.0,0.0,0.0,0.0,0.0,0.0,0.0,0.0,0.0,0.0,0.0,0.0,0.0,0.0,1.0,0.0,0.0,0.0,0.0,0.0
2157881, yehM, MOB_2157881_2157883_IS150_-1, sv,3.00311,9.999e-05,121,-1.0,0.705882,120,0.9,0.75,PASS,0.0,0.0,0.0,0.0,0.0,0.0,0.0,0.0,0.0,0.0,0.0,0.0,0.0,0.0,0.0,0.0,0.0,0.0,0.0,0.0,0.00539893340552247,0.0,0.0,0.0,0.0,0.0,0.0,0.0,0.006360988520408163,0.0,0.0,0.0,0.0,0.0,0.0,0.0,0.0,0.0,0.0,0.0,0.0,0.0,0.0,0.0,0.0,0.007570481927710843,0.07917396844660193,0.054344715447154475,0.0,0.02442002442002442,0.0,0.0,0.0,0.0,0.0,0.0,0.0,0.0,0.0,0.0,0.0,0.0,0.0,0.0,0.0,0.0,0.0,0.0,0.0,0.0,0.0,0.0,0.0,0.0,0.0,0.0,0.0,0.01636888341543514,0.0,0.0,0.0,0.0,0.0,0.0,0.0,0.0,0.0,0.0,0.0,0.0,0.0,0.0,0.0,0.0,0.0,0.0,0.0,0.07356485027000492,0.13122173913043478,0.09612397899649942,0.1059762308598351,0.061621226415094335,0.06723240740740741,0.021750239477503628,0.0,0.004032258064516129,0.0,0.0,0.0,0.0,0.0,0.0,0.0,0.0,0.0,0.0,0.0,0.0,0.0,0.0,0.0,0.0,0.0,0.0,0.0,0.0,0.0,0.0,0.0,0.0,0.0,0.0,1.0,0.007022471910112359,0.0,0.0,0.0,0.0,,0.0,0.0,0.0,0.0,0.0
2157881, yehM, MOB_2157881_2157883_IS150_1, sv,1.00274,0.00039996,121,-1.0,0.5,120,0.9,0.48,PASS,0.0,0.0,0.0,0.0,0.0,0.0,0.0,0.0,0.0,0.0,0.0,0.0,0.0,0.0,0.0,0.007317073170731708,0.0,0.0,0.013333333333333334,0.0625,0.0,0.0,0.0,0.0,0.0,0.0,0.0,0.0051813471502590676,0.012738853503184714,0.010526315789473684,0.008771929824561403,0.008771929824561403,0.0,0.008695652173913044,0.0,0.0,0.008333333333333333,0.012987012987012988,0.0,0.009259259259259259,0.0,0.012345679012345678,0.003436426116838488,0.0,0.0,0.0,0.018170805572380377,0.010810810810810811,0.07142857142857142,0.0975609756097561,0.125,0.07356948228882834,0.0410958904109589,0.007936507936507936,0.13513513513513514,0.11888111888111888,0.128,0.18238993710691823,0.050505050505050504,0.14583333333333334,0.06796116504854369,0.1282051282051282,0.1111111111111111,0.09799554565701558,0.04,0.1559633027522936,0.14285714285714285,0.20987654320987653,0.13333333333333333,0.1797752808988764,0.2708333333333333,0.20588235294117646,0.1717171717171717,0.168141592920354,0.0759493670886076,0.37292161520190026,0.1388888888888889,0.14754098360655737,0.18705035971223022,0.5620437956204379,0.3989071038251366,0.23668639053254437,0.29411764705882354,0.22580645161290322,0.2857142857142857,0.21768707482993196,0.0364963503649635,0.25075528700906347,0.3974358974358974,0.2881944444444444,0.21914893617021278,0.06918238993710692,0.07734806629834254,0.09917355371900827,0.0,0.047619047619047616,0.02666666666666667,0.04411764705882353,0.1414141414141414,0.03206997084548105,0.047058823529411764,0.018115942028985508,0.05042016806722689,0.2971014492753623,0.34355828220858897,0.43951612903225806,0.514018691588785,0.05785123966942149,0.06040268456375839,0.20359281437125748,0.1650485436893204,0.5573122529644269,0.6428571428571429,0.5830388692579506,0.4262295081967213,0.2807017543859649,0.216,0.10060975609756098,0.11004784688995216,0.15457413249211358,0.168,0.12681159420289856,0.0,0.0,0.0,0.0,0.0,0.0,0.0,0.0,0.0,0.0,,0.0,0.0,0.0,0.0,0.0,1.0,0.0,0.0,0.0,0.0,0.0
2170662, yehZ, junction_2170662_1_IS150_start, sv,4.03141,0.00039996,121,-1.0,0.387097,120,0.9,0.315789,PASS,0.0,0.0,0.0,0.0,0.0,0.0,0.0,0.0,0.0,0.0,0.0,0.0,0.0,0.0,0.0,0.0,0.0,0.0,0.0,0.0,0.0,0.0,0.0,0.0,0.011764705882352941,0.2,0.08333333333333333,0.0658682634730539,0.140625,0.02702702702702703,0.0,0.0,0.0,0.0,0.0,0.0,0.0,0.0,0.0,0.0,0.0,0.0,0.0,0.0,0.0,0.0,0.0,0.0,0.0,0.0,0.0,0.0,0.0,0.0,0.0,0.0,0.0,0.0,0.0,0.0,0.0,0.0,0.0,0.0,0.0,0.0,0.0,0.0,0.0,0.0,0.0,0.0,0.0,0.0,0.0,0.0,0.0,0.0,0.0,0.0,0.0,0.0,0.0,0.0,0.0,0.0,0.0,0.0,0.0,0.0,0.0,0.0,0.0,0.0,0.0,0.0,0.0,0.0,0.0,0.0,0.0,0.0,0.0,0.0,0.0,0.0,0.0,0.0,0.0,0.0,0.0,0.0,0.0,0.0,0.0,0.0,0.0,0.0,0.0,0.0,0.0,0.0,0.0,0.0,0.0,0.0,0.0,0.0,0.0,0.0,0.0,0.0,0.0,0.0,0.0,0.0,0.0,0.0,0.0,0.0,0.0,0.0,0.0,0.0
2196655, cirA, MOB_2196655_2196657_IS150_-1, sv,1.18239,0.00029997,121,-1.0,0.244898,120,0.9,0.428571,PASS,0.0,0.0,0.0,0.0,0.0,0.0,0.0,0.0,0.0,0.0,0.0,0.0,0.0,0.0,0.0,0.0,0.0,0.0,0.0,0.0,0.0,0.0,0.0,0.0,0.0,0.0,0.0,0.0,0.0,0.0,0.0,0.0,0.013888888888888888,0.0,0.0,0.0,0.0,0.0,0.0,0.0,0.0,0.0,0.18243243243243243,0.010101010101010102,0.009174311926605505,0.0070921985815602835,0.041666666666666664,0.024,0.034482758620689655,0.1,0.06417112299465241,0.020689655172413793,0.019455252918287938,0.015384615384615385,0.07692307692307693,0.07476635514018691,0.033112582781456956,0.1323529411764706,0.04597701149425287,0.1864406779661017,0.02247191011235955,0.09375,0.0,0.06190476190476191,0.023255813953488372,0.06422018348623854,0.0,0.03333333333333333,0.025423728813559324,0.09876543209876543,0.09195402298850575,0.03389830508474576,0.11,0.05102040816326531,0.044444444444444446,0.22382671480144403,0.1048951048951049,0.125,0.08421052631578947,0.4019607843137255,0.3464566929133858,0.11320754716981132,0.0,0.12953367875647667,0.24096385542168675,0.11526479750778816,0.036036036036036036,0.18218623481781376,0.3508771929824561,0.19583333333333333,0.139186295503212,0.0234375,0.04310344827586207,0.032520325203252036,0.02631578947368421,0.015037593984962405,0.024390243902439025,0.024154589371980676,0.061946902654867256,0.025210084033613446,0.01904761904761905,0.004329004329004329,0.0,0.0,0.017543859649122806,0.014234875444839857,0.034653465346534656,0.03431372549019608,0.013888888888888888,0.019704433497536946,0.0,0.01276595744680851,0.008333333333333333,0.003205128205128205,0.04838709677419355,0.029197080291970802,0.08280254777070063,0.054982817869415807,0.0,0.032490974729241874,0.014336917562724014,0.0330188679245283,0.0,0.0,0.0,0.0,0.0,0.0,0.0,0.0,0.0,0.0,0.0,0.0,0.0,0.0,0.0,0.0,1.0,0.0,0.0,0.0,0.0,0.0
2205497, rihB, junction_2205497_1_IS150_end, sv,1.97539,9.999e-05,121,-1.0,0.0983607,120,0.9,0.116505,PASS,0.0,0.0,0.0,0.0,0.0,0.0,0.0,0.0,0.0,0.0,0.0,0.0,0.0,0.0,0.0,0.0,0.0,0.0,0.0,0.0,0.0,0.0,0.0,0.0,0.0,0.0,0.0,0.0,0.0,0.0,0.0,0.0,0.0,0.0,0.0,0.0,0.0,0.0,0.0,0.0,0.0,0.0,0.0,0.0,0.0,0.0,0.0,0.011904761904761904,0.0,0.047619047619047616,0.07042253521126761,0.06222222222222222,0.0234375,0.014705882352941176,0.058823529411764705,0.09411764705882353,0.022727272727272728,0.1388888888888889,0.05970149253731343,0.2222222222222222,0.07017543859649122,0.125,0.1,0.1085972850678733,0.125,0.3023255813953488,0.2727272727272727,0.05263157894736842,0.0821917808219178,0.10416666666666667,0.18333333333333332,0.07446808510638298,0.0898876404494382,0.08928571428571429,0.1276595744680851,0.41116751269035534,0.21666666666666667,0.2608695652173913,0.203125,0.5185185185185185,0.3488372093023256,0.0,0.0,0.0,0.0,0.0,0.0,0.0,0.0,0.0,0.0,0.0,0.0,0.0,0.0,0.0,0.0,0.0,0.0,0.0,0.0,0.0,0.0,0.0,0.0,0.014492753623188406,0.0,0.0,0.0,0.0,0.0,0.0,0.0,0.0,0.0,0.0,0.0,0.0,0.0,0.0,0.0,0.0,0.0,0.0,0.0,0.0,0.0,0.0,0.0,0.0,0.0,0.0,0.0,0.0,0.0,0.0,0.0,0.0,1.0,0.0,0.0,0.0,0.0,0.0
2214729, fruB, junction_2214729_1_IS150_end, sv,1.45902,9.999e-05,121,-1.0,0.545455,119,0.9,0.413793,PASS,0.0,0.0,0.0,0.0,0.0,0.0,0.0,0.0,0.0,0.0,0.0,0.0,0.0,0.0,0.0,0.0,0.0,0.0,0.0,0.0,0.0,0.0,0.0,0.0,0.0,0.0,0.0,0.0,0.0,0.0,0.0,0.0,0.0,0.0,0.0,0.0,0.0,0.0,0.0,0.0,0.0,0.0,0.0,0.0,0.0,0.0,0.0,0.0,0.0,0.0,0.0,0.0,0.0,0.0,0.0,0.0,0.0,0.0,0.0,0.0,0.0,0.0,0.0,0.0,0.0,0.0,0.0,0.0,0.0,0.0,0.0,0.0,0.0,0.0,0.0,0.0,0.0,0.022222222222222223,0.0,0.0967741935483871,0.1724137931034483,0.22950819672131148,,0.125,0.3125,0.2903225806451613,0.021739130434782608,0.2676056338028169,0.30434782608695654,0.34507042253521125,0.22439024390243903,0.07936507936507936,0.05128205128205128,0.018867924528301886,0.07142857142857142,0.1282051282051282,0.04,0.06521739130434782,0.06818181818181818,0.09090909090909091,0.06976744186046512,0.0,0.0,0.0,0.0,0.07407407407407407,0.10344827586206896,0.041666666666666664,0.0,0.04,0.0,0.046875,0.02631578947368421,0.0,0.041666666666666664,0.06930693069306931,0.11627906976744186,0.04672897196261682,0.016129032258064516,0.11650485436893204,0.02531645569620253,0.020833333333333332,0.0,0.0,0.0,0.0,0.0,0.0,0.0,0.0,0.0,0.0,0.0,0.0,0.0,0.0,0.0,0.0,0.0,0.0,0.0,0.0,0.0,0.0
2214763, fruB, junction_2214763_-1_2218305_1, sv,8.82397,0.00019998,121,-1.0,0.571429,121,0.9,0.8,PASS,0.0,0.0,0.0,0.0,0.0,0.0,0.0,0.0,0.0,0.0,0.0,0.0,0.0,0.0,0.0,0.0,0.0,0.0,0.0,0.0,0.0,0.0,0.0,0.0,0.0,0.0,0.0,0.0,0.0,0.0,0.0,0.0,0.0,0.0,0.0,0.0,0.03590664272890485,0.1893939393939394,0.16304347826086957,0.0,0.0,0.0,0.0,0.0,0.0,0.0,0.0,0.0,0.0,0.0,0.0,0.0,0.0,0.0,0.0,0.0,0.0,0.0,0.0,0.0,0.0,0.0,0.0,0.0,0.0,0.0,0.0,0.0,0.0,0.0,0.0,0.0,0.0,0.0,0.0,0.0,0.0,0.0,0.0,0.0,0.0,0.0,0.0,0.0,0.0,0.0,0.0,0.0,0.0,0.0,0.0,0.0,0.0,0.0,0.0,0.0,0.0,0.0,0.0,0.0,0.0,0.0,0.0,0.0,0.0,0.0,0.0,0.0,0.0,0.0,0.0,0.0,0.0,0.0,0.0,0.0,0.0,0.0,0.0,0.0,0.0,0.0,0.0,0.0,0.0,0.0,0.0,0.0,0.0,0.0,0.0,0.0,0.0,0.0,0.0,0.0,0.0,0.0,0.0,0.0,0.0,0.0,0.0,0.0
2221376, spr, T->G, missense,5.34513,0.00059994,121,-1.0,0.6,120,0.9,0.666667,PASS,0.0,0.0,0.0,0.0,0.0,0.0,0.0,0.0,0.0,0.0,0.0,0.0,0.0,0.0,0.0,0.0,0.0,0.0,0.0,0.0,0.0,0.0,0.0,0.0,0.0,0.0,0.0,0.0,0.0,0.0,0.0,0.0,0.0,0.0,0.0,0.0,0.0,0.0,0.0,0.0,0.0,0.0,0.0,0.0,0.0,0.0,0.0,0.0,0.0,0.0,0.0,0.0,0.0,0.0,0.0,0.0,0.0,0.0,0.0,0.0,0.0,0.0,0.0,0.0,0.0,0.0,0.0,0.0,0.0,0.0,0.0,0.0,0.0,0.0,0.0,0.0,0.0,0.0,0.0,0.0,0.0,0.0,0.0,0.0,0.0,0.0,0.0,0.0,0.0,0.0,0.0,0.0,0.0,0.21052631578947367,0.06666666666666667,0.5128205128205128,0.6666666666666666,0.10126582278481013,0.012987012987012988,0.01652892561983471,0.0,0.0,0.0,0.0,0.0,0.0,0.0,0.0,0.0,0.0,0.0,0.0,0.0,0.0,0.0,0.0,0.0,0.0,0.0,0.0,0.0,0.0,0.0,0.0,0.0,0.0,0.0,0.0,0.0,0.0,0.0,0.0,0.0,0.0,0.0,0.0,0.0,0.0,0.0,0.0,0.0,0.0,0.0,0.0
2225725, yejB, MOB_2225725_2225727_IS150_1, sv,4.95708,0.00039996,121,-1.0,0.705882,120,0.9,0.631579,PASS,0.0,0.0,0.0,0.0,0.0,0.0,0.0,0.0,0.0,0.0,0.0,0.0,0.0,0.0,0.0,0.0,0.0,0.0,0.0,0.0,0.0,0.0,0.0,0.0,0.0,0.0,0.0,0.0,0.0,0.0,0.0,0.0,0.0,0.0,0.0,0.0,0.0,0.0,0.0,0.0,0.0,0.0,0.0,0.0,0.0,0.0,0.0,0.0,0.0,0.0,0.0,0.0,0.0,0.0,0.0,0.0,0.0,0.0,0.0,0.0,0.0,0.0,0.0,0.0,0.0,0.0,0.0,0.0,0.0,0.0,0.0,0.0,0.0,0.0,0.0,0.0,0.0,0.0,0.0,0.0,0.0,0.0,0.0,0.0,0.0,0.0,0.0,0.0,0.0,0.0,0.0,0.0,0.0040650406504065045,0.06542056074766354,0.15151515151515152,0.048484848484848485,0.0,0.014925373134328358,0.024,0.0,0.0,0.0,0.0,0.0,0.0,0.009868421052631578,0.0037593984962406013,0.0,0.0,0.0,0.0,0.0,0.0,0.0,0.0,0.0,0.0,0.0,0.0,0.0,0.0,0.0,0.0,0.0,0.0,0.0,0.0,0.0,0.0,0.0,0.0,0.0,0.0,0.0,0.0,0.0,0.0,0.0,0.0,0.0,0.0,0.0,0.0,0.0
2227693, yejF, G->A, missense,3.39948,9.999e-05,121,-1.0,0.173913,120,0.9,0.342857,PASS,0.0,0.0,0.0,0.0,0.0,0.0,0.0,0.0,0.0,0.005952380952380952,0.0,0.0,0.0,0.0,0.0,0.0,0.0,0.0,0.0,0.0,0.0,0.0,0.0,0.0,0.0,0.0,0.0,0.0,0.0,0.0,0.0,0.0,0.0,0.0,0.0,0.0,0.0,0.0,0.0,0.0,0.0,0.0,0.0,0.0,0.0,0.0,0.0,0.0,0.0,0.0,0.0,0.0,0.0,0.0,0.0,0.0,0.0,0.0,0.0,0.0,0.0,0.0,0.0,0.0,0.0,0.0,0.0,0.0,0.0,0.0,0.0,0.0,0.0,0.0,0.0,0.0,0.0,0.0,0.0,0.0,0.0,0.0,0.0,0.0,0.0,0.0,0.0,0.0,0.0,0.0,0.0,0.0,0.0,0.0,0.0,0.0,0.0,0.0,0.10588235294117647,0.2204724409448819,0.5238095238095238,0.609375,0.4074074074074074,0.19101123595505617,0.044444444444444446,0.0390625,0.0,0.22972972972972974,0.11428571428571428,0.2328767123287671,0.28125,0.023809523809523808,0.0,0.007142857142857143,0.0,0.0,0.0,0.0,0.0,0.0,0.0,0.0,0.0,0.0,0.0,0.0,0.0,0.0,0.0,0.0,0.0,0.0,0.0,0.0,0.0,0.0,0.0,0.0,0.0,0.0,0.0,0.0,0.0,1.0
2267824, atoS, T->C, missense,3.62242,9.999e-05,121,-1.0,0.857143,120,0.9,0.75,PASS,0.0,0.0,0.0,0.0,0.0,0.0,0.0,0.0,0.0,0.0,0.0,0.0,0.0,0.0,0.0,0.0,0.0,0.0,0.0,0.0,0.0,0.0,0.0,0.0,0.0,0.0,0.0,0.0,0.0,0.0,0.0,0.0,0.0,0.0,0.0,0.0,0.0,0.0,0.0,0.0,0.0,0.0,0.0,0.0,0.0,0.0,0.0,0.0,0.0,0.0,0.0,0.0,0.0,0.0,0.0,0.0,0.0,0.0,0.0,0.0,0.0,0.0,0.0,0.0,0.0,0.0,0.0,0.0,0.0,0.0,0.0,0.0,0.0,0.0,0.0,0.0,0.0,0.0,0.0,0.0,0.0,0.0,0.0,0.0,0.0,0.0,0.0,0.0,0.0,0.0,0.0,0.0,0.0,0.0,0.0,0.014705882352941176,0.0,0.0,0.0,0.01694915254237288,0.09210526315789473,0.05952380952380952,0.07407407407407407,0.016260162601626018,0.04597701149425287,0.08695652173913043,0.059322033898305086,0.4485294117647059,0.7395833333333334,0.5333333333333333,0.55,0.047058823529411764,0.0625,0.01910828025477707,0.056818181818181816,0.0,0.011904761904761904,0.0,0.0,0.0,0.0,0.0,0.0,0.0,0.0,0.0,0.0,0.0,0.0,0.0,0.0,0.0,0.0,0.0,0.0,0.0,0.0,0.0,0.0,0.0,0.0,0.0,0.0,0.0
2268951, atoC, T->G, missense,1.63328,9.999e-05,121,-1.0,0.923077,120,0.9,0.857143,PASS,0.0,0.0,0.0,0.0,0.0,0.0,0.0,0.0,0.0,0.0,0.0,0.0,0.0,0.0,0.0,0.0,0.0,0.0,0.0,0.0,0.0,0.0,0.0,0.0,0.0,0.0,0.0,0.01818181818181818,0.0,0.0,0.0,0.0,0.0,0.0,0.0,0.0,0.0,0.0,0.0,0.0,0.0,0.0,0.0,0.0,0.0,0.0,0.0,0.0,0.0,0.0,0.0,0.0,0.0,0.019230769230769232,0.0,0.0,0.0,0.0,0.0,0.0,0.0,0.0,0.0,0.0,0.0,0.0,0.0,0.0,0.0,0.023255813953488372,0.0,0.1566265060240964,0.04838709677419355,0.16666666666666666,0.2,0.31446540880503143,0.2777777777777778,0.3018867924528302,0.1076923076923077,0.5535714285714286,0.5,0.19672131147540983,0.13333333333333333,0.15853658536585366,0.36585365853658536,0.21301775147928995,0.05660377358490566,0.15172413793103448,0.5,0.32,0.1592920353982301,0.10126582278481013,0.07692307692307693,0.030303030303030304,0.0,0.02040816326530612,0.06666666666666667,0.0273972602739726,0.08974358974358974,0.05217391304347826,0.019230769230769232,0.017699115044247787,0.0,0.0,0.07142857142857142,0.017699115044247787,0.13392857142857142,0.030927835051546393,0.039473684210526314,0.0,0.0,0.02459016393442623,0.023255813953488372,0.050505050505050504,0.030303030303030304,0.040983606557377046,0.10869565217391304,0.023255813953488372,0.0,0.04316546762589928,0.04032258064516129,0.028368794326241134,0.0,0.0,0.0,0.0,0.0,0.0,0.0,0.0,0.0,0.0,0.0,0.0,0.0,0.0,0.0,0.0,0.0,0.0,0.0,0.0,0.00411522633744856,0.0
2275076, yfaQ, T->G, missense,0.988623,9.999e-05,121,-1.0,0.4,120,0.9,0.571429,PASS,0.0,1.0,1.0,1.0,1.0,1.0,1.0,1.0,1.0,1.0,1.0,1.0,1.0,1.0,1.0,1.0,1.0,1.0,1.0,1.0,1.0,1.0,1.0,1.0,1.0,1.0,1.0,1.0,1.0,1.0,1.0,1.0,1.0,1.0,1.0,1.0,1.0,1.0,1.0,1.0,1.0,1.0,1.0,1.0,1.0,1.0,1.0,1.0,1.0,1.0,1.0,1.0,1.0,1.0,1.0,1.0,1.0,1.0,1.0,1.0,1.0,1.0,1.0,1.0,1.0,1.0,1.0,0.9714285714285714,1.0,1.0,1.0,1.0,1.0,1.0,1.0,1.0,1.0,1.0,1.0,0.9850746268656716,1.0,1.0,1.0,1.0,1.0,1.0,1.0,1.0,1.0,0.9947916666666666,1.0,1.0,1.0,1.0,0.9411764705882353,1.0,1.0,0.9714285714285714,0.975609756097561,1.0,1.0,1.0,1.0,1.0,1.0,1.0,1.0,1.0,0.9863013698630136,1.0,1.0,1.0,1.0,1.0,1.0,1.0,1.0,1.0,1.0,1.0,1.0,1.0,1.0,1.0,1.0,1.0,1.0,1.0,1.0,1.0,1.0,0.9814814814814815,1.0,1.0,1.0,1.0,1.0,1.0,1.0,1.0,1.0,0.9934640522875817,1.0,1.0
2283472, intergenic, MOB_2283472_2283474_IS150_1, sv,0.857232,9.999e-05,121,-1.0,1.0,120,0.9,0.857143,PASS,0.0,0.0,0.0,0.0,0.0037965458015267175,0.04210527659574468,0.0,0.0,0.1086287408759124,0.33843103448275863,0.43583721374045803,0.9285610972568579,0.9558545797922567,1.0,1.0,0.9668099135970895,0.9856428571428573,0.9839737654320988,0.9953183153770814,0.8517559701492536,1.0,0.9682235558889721,0.9433874643874645,0.9914871355060034,0.994882077922078,1.0,0.988312348668281,0.9696401384083045,0.987725,1.0,1.0,0.9478359375000001,0.9917432432432431,0.9635942164179105,1.0,1.0,0.944576301615799,1.0,0.8527057291666666,1.0,0.9539345603271984,1.0,0.9725971245029061,0.975153498871332,0.9898074534161491,1.0,0.9841769041769043,0.9239277899343544,0.9419381663113008,0.9020244233378563,0.9226464480874317,0.9536214174627861,0.94952,0.9805792563600783,0.8883052631578948,0.9626641651031895,0.8416857887874837,0.9000054021608643,0.9461939393939394,0.9161326434619004,0.9504675438596492,1.0,1.0,0.9143721032884573,0.9276870503597122,0.9597749229188078,1.0,0.9028042929292929,0.869030345800988,0.9120550755939525,0.7263180616740088,0.9088189073050952,0.9369756097560976,0.9150605187319885,0.8882672176308541,0.6372272485364555,0.9024395721925134,0.8337678062678063,0.9099968017057569,0.5018293289146645,0.47718764302059496,0.852127027027027,0.5809420212765957,0.9045864236329353,0.6556321243523316,0.771896223852214,0.9680195439739414,0.8445018662072925,0.6268081264108353,0.696872196511214,0.7852233918128655,0.8787683896620279,0.9493590376310919,0.9118990280777539,0.967809364548495,0.9839009608277901,0.993337950138504,0.9351144010767161,0.9507156992084433,0.9639927404718693,0.9952436974789916,0.9974533527696793,0.9900717017208414,1.0,0.9473055396916048,0.9550264666960742,0.8929377695625385,0.9692700980392157,0.982708941027267,0.9656574074074074,0.9847354116706635,0.9753646329837939,0.9644933804060019,0.9876167597765363,0.9342363344051446,0.956236148261368,0.9793577464788732,0.9280811575967285,0.9941141938078006,0.9796526586620927,0.9674211576846308,0.9619750951227949,0.0,0.0,0.0,0.0,0.0,0.0,0.0,0.0,0.9962884012539186,0.9809728571428571,0.9890435019032082,0.9881034271725825,0.9889423614997203,0.9897248182762203,1.0,0.9976206099815157,0.0,0.994647847959754,0.9561398496240602,0.9655609691160808,0.976853005464481,0.9957624113475178
2286562, ubiG, T->A, missense,2.86853,0.00549945,121,-1.0,0.387097,120,0.9,0.48,PASS,0.0,0.0,0.0,0.0,0.0,0.0,0.0,0.0,0.0,0.0,0.0,0.0,0.0,0.0,0.0,0.0,0.0,0.0,0.0,0.0,0.0,0.0,0.0,0.0,0.0,0.0,0.0,0.0,0.0,0.0,0.0,0.0,0.0,0.0,0.0,0.0,0.0,0.0,0.0,0.0,0.0,0.0,0.0,0.0,0.0,0.0,0.0,0.0,0.0,0.0,0.0,0.0,0.0,0.0,0.0,0.0,0.0,0.0,0.0,0.0,0.0,0.0,0.0,0.0,0.0,0.0,0.0,0.0,0.0,0.0,0.0,0.0,0.0,0.0,0.0,0.0,0.0,0.0,0.0,0.0,0.0,0.0,0.0,0.0,0.0,0.0,0.0,0.0,0.0,0.0,0.0,0.0,0.0,0.0,0.0,0.0,0.0,0.0,0.0,0.013793103448275862,0.0196078431372549,0.045871559633027525,0.14492753623188406,0.03125,0.023809523809523808,0.0,0.0,0.0707070707070707,0.0,0.037037037037037035,0.0,0.0,0.0,0.0,0.0,0.0,0.0,0.0,0.0,0.0,0.0,0.0,0.0,0.0,0.0,0.0,0.0,0.0,0.0,0.0,0.0,0.0,0.0,0.0,0.0,0.0,0.0,0.0,0.0,0.0,0.0,0.0,0.0,0.0
2298777, glpT, C->T, synonymous,1.2373,9.999e-05,121,-1.0,0.666667,120,0.9,0.571429,PASS,0.0,0.0,0.0,0.0,0.0,0.0,0.0,0.0,0.0,0.0,0.0,0.0,0.0,0.0,0.0,0.0,0.0,0.0,0.0,0.0,0.0,0.0,0.0,0.0,0.0,0.0,0.0,0.0,0.0,0.0,0.0,0.0,0.0,0.0,0.0,0.0,0.0,0.0,0.0,0.041666666666666664,0.04,0.0,0.0,0.0,0.0,0.015873015873015872,0.03389830508474576,0.0547945205479452,0.0,0.14,0.10666666666666667,0.024509803921568627,0.057692307692307696,0.0,0.09523809523809523,0.0945945945945946,0.10256410256410256,0.14606741573033707,0.03508771929824561,0.1702127659574468,0.09090909090909091,0.25,0.0,0.06349206349206349,0.07142857142857142,0.18604651162790697,0.4166666666666667,0.0967741935483871,0.08641975308641975,0.07407407407407407,0.1702127659574468,0.125,0.14285714285714285,0.11864406779661017,0.14893617021276595,0.31875,0.38181818181818183,0.1896551724137931,0.14285714285714285,0.3620689655172414,0.5180722891566265,0.2727272727272727,0.1111111111111111,0.2112676056338028,0.3333333333333333,0.2822966507177033,0.07692307692307693,0.24475524475524477,0.6923076923076923,0.27807486631016043,0.17050691244239632,0.07575757575757576,0.15454545454545454,0.08333333333333333,0.125,0.046511627906976744,0.0,0.07352941176470588,0.07547169811320754,0.023809523809523808,0.0,0.009174311926605505,0.0,0.0,0.046511627906976744,0.020833333333333332,0.11235955056179775,0.03,0.09859154929577464,0.010638297872340425,0.0,0.009009009009009009,0.0,0.0,0.05454545454545454,0.04964539007092199,0.14545454545454545,0.09,0.010309278350515464,0.06593406593406594,0.018867924528301886,0.06557377049180328,0.0,0.010309278350515464,0.0,0.0,0.0,0.0,0.0,0.0,0.0,0.0,0.0,0.0,0.0,0.0,0.0,0.0,1.0,0.0,0.0,0.0,0.0,0.0
2322340, menC, MOB_2322340_2322345_IS186_-1, sv,0.972088,9.999e-05,121,-1.0,0.571429,120,0.9,0.375,PASS,0.0,0.0,0.0,0.0,0.011834319526627219,0.038461538461538464,0.0125,0.008928571428571428,0.016129032258064516,0.005917159763313609,0.02564102564102564,0.0,0.00909090909090909,0.044444444444444446,0.0,0.0,0.034482758620689655,0.02857142857142857,0.02127659574468085,0.0,0.01694915254237288,0.06086956521739131,0.013513513513513514,0.05084745762711865,0.030612244897959183,0.0,0.0,0.054945054945054944,0.022988505747126436,0.0,0.04854368932038835,0.07547169811320754,0.01834862385321101,0.030303030303030304,0.0196078431372549,0.05172413793103448,0.027777777777777776,0.023255813953488372,0.03225806451612903,0.011235955056179775,0.02127659574468085,0.030303030303030304,0.0,0.0,0.0,0.02,0.010638297872340425,0.06382978723404255,0.19444444444444445,0.2153846153846154,0.13513513513513514,0.10599078341013825,0.06329113924050633,0.03125,0.14705882352941177,0.11926605504587157,0.11363636363636363,0.09090909090909091,0.11864406779661017,0.2714285714285714,0.03488372093023256,0.15384615384615385,0.04,0.19696969696969696,0.09090909090909091,0.2948717948717949,0.0,0.21666666666666667,0.1388888888888889,0.15873015873015872,0.2247191011235955,0.2524271844660194,0.25287356321839083,0.09722222222222222,0.21686746987951808,0.4096774193548387,0.4144144144144144,0.3434343434343434,0.23943661971830985,0.6415094339622641,0.5344827586206896,0.26136363636363635,0.2727272727272727,0.21232876712328766,0.3870967741935484,0.30919220055710306,0.11650485436893204,0.28078817733990147,0.5166666666666667,0.2743682310469314,0.22646310432569974,0.018691588785046728,0.12213740458015267,0.0967741935483871,0.05714285714285714,0.020618556701030927,0.02702702702702703,0.06153846153846154,0.014492753623188406,0.068,0.02702702702702703,0.0,0.0,0.01680672268907563,0.04950495049504951,0.06097560975609756,0.0979020979020979,0.10218978102189781,0.022222222222222223,0.019867549668874173,0.011111111111111112,0.023809523809523808,0.01639344262295082,0.0196078431372549,0.02702702702702703,0.10833333333333334,0.18823529411764706,0.14084507042253522,0.062111801242236024,0.12690355329949238,0.11956521739130435,0.20855614973262032,0.0,0.0,0.0,0.0,0.0,0.0,0.0,0.0,0.012987012987012988,0.0,0.0,0.0,0.0,0.0,0.0,0.0,0.9882352941176471,0.0,0.0,0.0,0.0,0.0
2322340, menC, MOB_2322340_2322345_IS186_1, sv,2.54218,9.999e-05,121,-1.0,0.6,120,0.9,0.5,PASS,0.0,0.01639344262295082,0.0,0.0,0.0,0.0,0.04583333333333333,0.0,0.0,0.029585798816568046,0.05128205128205128,0.015873015873015872,0.01818181818181818,0.0,0.0,0.011904761904761904,0.0,0.0,0.06382978723404255,0.0,0.01694915254237288,0.0,0.0,0.0,0.01020408163265306,0.0,0.04081632653061224,0.003663003663003663,0.08045977011494253,0.014285714285714285,0.0,0.0,0.01834862385321101,0.030303030303030304,0.00980392156862745,0.0,0.018518518518518517,0.046511627906976744,0.22580645161290322,0.48314606741573035,0.5106382978723404,0.7121212121212122,0.8350515463917526,0.3018867924528302,0.6617647058823529,0.3,0.19791666666666666,0.0,0.0,0.0,0.0,0.009216589861751152,0.012658227848101266,0.020833333333333332,0.0,0.0,0.011363636363636364,0.007575757575757576,0.01694915254237288,0.02857142857142857,0.023255813953488372,0.0,0.0,0.005050505050505051,0.0,0.0,0.0,0.016666666666666666,0.0,0.0,0.0449438202247191,0.019417475728155338,0.011494252873563218,0.06944444444444445,0.012048192771084338,0.012903225806451613,0.04504504504504504,0.020202020202020204,0.028169014084507043,0.0,0.008620689655172414,0.0,0.0,0.00684931506849315,0.010752688172043012,0.019498607242339833,0.0,0.04926108374384237,0.0,0.018050541516245487,0.01272264631043257,0.04672897196261682,0.0,0.04032258064516129,0.02857142857142857,0.09278350515463918,0.17567567567567569,0.015384615384615385,0.014492753623188406,0.012,0.0,0.03225806451612903,0.03125,0.0,0.009900990099009901,0.0,0.0,0.014598540145985401,0.0,0.026490066225165563,0.0,0.03571428571428571,0.0,0.0,0.0,0.016666666666666666,0.023529411764705882,0.004694835680751174,0.006211180124223602,0.015228426395939087,0.021739130434782608,0.0053475935828877,0.0,0.0,0.0,0.0,0.03125,0.0,0.0,0.0,0.0,0.0,0.0,0.0,0.0,0.0,0.9743589743589743,0.9622641509433962,0.0,0.0,0.0,0.0,0.0,0.0
2372506, purF, T->A, missense,3.7332,0.00019998,121,-1.0,0.123711,121,0.9,0.25,PASS,0.0,0.0,0.0,0.0,0.0,0.0,0.0,0.0,0.0,0.0,0.0,0.0,0.0,0.0,0.0,0.0,0.0,0.0,0.0,0.0,0.0,0.0,0.0,0.0,0.0,0.0,0.0,0.0,0.0,0.0,0.0,0.0,0.0,0.0,0.0,0.0,0.0,0.0,0.0,0.0,0.0,0.0,0.0,0.0,0.0,0.0,0.0,0.0,0.0,0.0,0.0,0.0,0.0,0.0,0.0,0.0,0.0,0.0,0.0,0.0,0.0,0.0,0.0,0.0,0.0,0.0,0.0,0.0,0.0,0.0,0.0,0.0,0.0,0.0,0.0,0.0,0.0,0.0,0.0,0.0,0.0,0.0,0.0,0.0,0.0,0.0,0.0,0.0,0.0,0.0,0.0,0.0,0.0,0.0,0.0,0.0,0.0,0.0,0.0,0.0,0.0,0.0,0.0,0.0,0.0,0.0,0.0,0.0,0.0,0.0,0.0,0.0,0.0,0.0,0.0,0.015037593984962405,0.2077922077922078,0.5514018691588785,0.5357142857142857,0.6666666666666666,0.8627450980392157,0.7978723404255319,0.0,0.0,0.0,0.0,0.0,0.0,0.0,0.0,0.0,0.0,0.0,0.0,0.0,0.0,0.0,0.0,0.0,0.0,0.0,0.0,0.0,0.0
2372668, purF, G->A, missense,4.27616,0.00069993,121,-1.0,0.179104,119,0.9,0.235294,PASS,0.0,0.0,0.0,0.0,0.0,0.0,0.0,0.0,0.0,0.0,0.0,0.0,0.0,0.0,0.0,0.0,0.0,0.0,0.0,0.0,0.0,0.0,0.0,0.0,0.0,0.0,0.0,0.0,0.0,0.0,0.0,0.0,0.0,0.0,0.0,0.0,0.0,0.0,0.0,0.0,0.0,0.0,0.0,0.0,0.0,0.0,0.01818181818181818,0.0,0.0,0.0,0.0,0.0,0.0,0.0,0.0,0.0,0.0,0.0,0.0,0.0,0.0,0.0,0.0,0.0,0.0,0.0,0.0,0.0,0.0,0.0,0.0,0.0,0.0,0.0,0.0,0.0,0.0,0.0,0.0,0.0,0.0,0.0,0.0,0.0,0.0,0.0,0.0,0.0,0.0,0.0,0.0,0.0,0.0,0.0,0.0,0.0,0.0,0.0,0.0,0.0,0.0,0.0,0.0,0.0,0.0,0.011111111111111112,0.012345679012345678,0.0410958904109589,0.07547169811320754,0.11290322580645161,0.1836734693877551,0.023529411764705882,0.0,0.0,0.023255813953488372,0.0,0.0,0.0,0.0,0.0,0.0,0.0,0.0,0.0,0.0,0.0,0.0,0.0,0.0,0.0,0.0,0.0,0.0,0.0,0.0,0.0,0.0,0.0,0.0,0.0,0.0,0.0,0.0040650406504065045,0.0
2374784, dedD, G->T, missense,2.63403,9.999e-05,121,-1.0,0.5,118,0.9,0.176471,PASS,0.0,0.0,0.0,0.0,0.0,0.0,0.0,0.0,0.0,0.0,0.0,0.0,0.0,0.0,0.0,0.0,0.0,0.0,0.0,0.0,0.0,0.0,0.0,0.0,0.0,0.0,0.0,0.0,0.0,0.0,0.0,0.0,0.0,0.0,0.0,0.0,0.0,0.0,0.0,0.0,0.0,0.0,0.0,0.0,0.0,0.0,0.0,0.0,0.0,0.0,0.041666666666666664,0.06626506024096386,0.5238095238095238,0.43902439024390244,0.5454545454545454,0.5531914893617021,0.46,0.3283582089552239,0.3333333333333333,0.12903225806451613,0.42105263157894735,0.2857142857142857,0.875,0.6062992125984252,0.47368421052631576,0.22727272727272727,0.16666666666666666,0.0975609756097561,0.23076923076923078,0.12280701754385964,0.28,0.06,0.05454545454545454,0.0,0.023809523809523808,0.0,0.0,0.0,0.0,0.0,0.0,0.0,0.0,0.0,0.0,0.0,0.0,0.0,0.0,0.005291005291005291,0.0,0.0,0.0,0.0,0.0,0.0,0.0,0.0,0.0,0.0,0.0,0.0,0.0,0.0,0.0,0.0,0.0,0.0,0.0,0.0,0.0,0.0,0.0,0.0,0.0,0.0,0.0,0.0,0.0,0.0,0.0,0.0,0.0,0.0,0.0,0.0,0.0,0.0,0.0,0.0,0.0,0.0,0.0,0.0,0.0,0.0,0.0,0.0,0.0,0.0,0.0,0.0,0.0,0.0
2396328, yfcTU, junction_2396328_-1_IS150_end, sv,1.10778,0.00039996,121,-1.0,0.857143,120,0.9,0.857143,PASS,0.0,0.0,0.0,0.0,0.0,0.0,0.0,0.0,0.0,0.0,0.0,0.0,0.0,0.0,0.0,0.0,0.0,0.0,0.0,0.0,0.0,0.0,0.0,0.0,0.0,0.0,0.0,0.0,0.0,0.0,0.0,0.0,0.0,0.0,0.0,0.0,0.0,0.0,0.0,0.0,0.0,0.0,0.0,0.0,0.0,0.0,0.0,0.0,0.0,0.0,0.0,0.0,0.0,0.0,0.0,0.0,0.0,0.0,0.0,0.0,0.0,0.0,0.0,0.0,0.0,0.0,0.0,0.0,0.0,0.0,0.0,0.0,0.0,0.0,0.0,0.0,0.0,0.0,0.0,0.0,0.0,0.0,0.0,0.0,0.0,0.0,0.0,0.0,0.0,0.005903983596953721,0.18982098518221865,0.05977845849802371,0.11289608391608391,0.14126624203821656,0.1133808988764045,0.054388489208633095,0.023615925058548006,0.15524475524475523,0.09743887814313346,0.06040548902195608,0.08181818181818182,0.0,0.02117247899159664,0.0,0.14476109660574413,0.0932879753340185,0.11385503472222222,0.05486524500907441,0.015158796992481202,0.0,0.017499999999999998,0.08870967741935483,0.17729773869346735,0.007420676968359087,0.16894934823091248,0.053880381679389314,0.1548701117318436,0.038189242424242424,0.026046511627906974,0.06247962819519752,0.02945989773557341,0.10171623931623931,0.0,0.0,0.0,0.0,0.0,0.0,0.0,0.0,0.0,0.0,0.0,0.0,0.0,0.0,0.0,0.0,0.0,0.0,0.0,0.0,0.0,0.0
2397526, yfcTU, MOB_2397526_2397528_IS150_1, sv,1.41137,9.999e-05,121,-1.0,0.226415,121,0.9,0.0447761,PASS,0.0,0.0,0.0,0.0,0.0,0.0,0.0,0.0,0.0,0.0,0.0,0.0,0.009775171065493646,0.0,0.0,0.0,0.0,0.0,0.0,0.0,0.07734202279202279,0.013596193065941536,0.07521278625954199,0.021981207289293852,0.009503292383292384,0.0,0.0,0.005583472920156337,0.014565269461077845,0.01204068578553616,0.007874015748031496,0.0,0.0,0.009381850431447748,0.018072289156626505,0.03593457330415755,0.014025245441795233,0.014347202295552367,0.0,0.013806887648290299,0.0,0.023446658851113716,0.003756574004507889,0.0,0.0,0.0,0.0,0.03289473684210526,0.0,0.0,0.006180469715698393,0.004903863692688972,0.01929049295774648,0.0,0.0,0.02628172114743162,0.007246376811594203,0.011383490011750883,0.008376376186367558,0.02775887232059646,0.0,0.0,0.0266794459833795,0.07173599137931035,0.09584664536741214,0.11135082108902333,0.06232238709677419,0.03098293319415449,0.06716460481099656,0.05627017045454545,0.09700886524822695,0.10482507797878977,0.09039789325842697,0.07354095079232693,0.10423362235067438,0.3590990345686702,0.219206228668942,0.2519976190476191,0.14140750957854406,0.5310515896820637,0.4015988520408163,0.2915977984758679,0.2772733333333333,0.23793565217391305,0.38380811078140453,0.2778287146226415,0.03707390988372093,0.24291766184789443,0.4191782178217821,0.29651022977651875,0.17209270906126253,0.015479876160990714,0.048476454293628804,0.09700889248181083,0.0,0.053667262969588556,0.023474178403755867,0.031982942430703626,0.04449334821428571,0.026481297583581594,0.045687702205882356,0.015556284584980238,0.031023784901758014,0.0,0.03081664098613251,0.03419413118527043,0.06166751287332647,0.03709391675560299,0.00653586531986532,0.01076426264800861,0.01290649639816634,0.012619579218548732,0.022446689113355782,0.014419610670511897,0.057565789473684216,0.03608479927830402,0.06796941376380629,0.07570398305084747,0.0041981528127623844,0.03557452863749555,0.019659411532385467,0.03987594151528578,0.0,0.0,0.0,0.0,0.0,0.0,0.0,0.0,0.0,0.0,0.0,0.0,0.0,0.0,0.0,0.0,0.0,0.0,0.0,0.0,0.0,0.0
2406272, fadL, MOB_2406272_2406280_IS1_1, sv,1.04404,9.999e-05,121,-1.0,0.705882,119,0.9,0.521739,PASS,0.0,0.0,0.0,0.0,0.0,0.0,0.0,0.0,0.0,0.0,0.0,0.0,0.013038372093023253,0.0,0.0,0.027469552074745808,0.0,0.017587173144876324,0.036858257668711654,0.043659385964912284,0.03785563063063063,0.03144696016771488,0.011652485549132948,0.05560614525139665,0.09887295597484276,0.0,0.0,0.08732879581151833,0.030782181259600618,0.021609635974304067,0.03282308533916849,0.0,0.01849011070110701,0.0540810597826087,0.023585141509433964,0.022644248587570623,0.03846553727008713,0.11468876080691641,0.07263453237410071,0.07369427966101694,0.0,0.0,0.03198901408450704,0.0,0.0,0.02469464596273292,0.04807685554668795,0.1222407753050969,0.12502908805031446,0.11408233387358184,0.0901943940643034,0.08125133840518456,0.04887356792144026,0.02638588235294118,0.17751715976331361,0.04758151340996168,0.08789125683060109,0.153964672765658,0.06421207741935483,0.10602920634920635,0.032785792349726776,0.15950962962962964,0.332686,0.09622587268993842,0.08481890756302521,0.1238919629057187,0.18223318181818182,0.21544254937163373,0.14181891506067096,0.1236328813559322,0.2500747041420118,0.13098454221165282,0.14021625939849625,0.20303976109215016,0.2913272486772487,0.3436333238877869,0.3262843942505133,0.32320192592592595,0.4473317535545024,0.624327882960413,0.5748241923365891,0.205978550295858,0.0,0.22558011363636363,0.5304025069637883,0.28738265306122446,0.09854570024570024,0.23404124962086745,0.46992888888888884,0.36709142053445853,0.2965435724602793,0.1879618473895582,0.11515459811730631,0.11647650695517774,0.12608435146443514,0.1815998789346247,0.0,0.11113668341708542,0.06165282051282051,0.03626833594157538,0.09773960948396095,0.021567505391804458,0.0,0.0,0.03597809694793536,0.020025029880478086,0.1276665014164306,0.03232401038286827,0.06787434358589647,0.01127807606263982,0.026455291005291006,0.02278599092284418,0.09588437001594895,0.02652792852415619,0.040441217303822934,0.11481588180978762,0.12247633802816901,0.07318853530031612,0.015661635220125786,0.03779107648725212,0.09267601598934044,0.08671787175989086,0.0,0.0,0.0,0.0,0.0,0.0,0.0,0.0,0.0,0.0,0.0,0.0,0.0,0.0,0.00912188990825688,0.0,0.9472683851402577,0.0,0.0,0.0,0.0,0.0
2446991, mntH, A->G, noncoding,1.50658,0.00019998,121,-1.0,1.0,117,0.9,0.141176,PASS,0.0,0.0,0.0,0.0,0.0,0.0,0.0,0.0,0.0,0.0,0.0,0.0,0.0,0.0,0.0,0.0,0.0,0.0,0.0,0.0,0.0,0.0,0.0,0.0,0.0,0.0,0.0,0.0,0.0,0.0,0.0,0.0,0.0,0.0,0.0,0.0,0.0,0.0,0.0,0.0,0.0,0.0,0.0,0.0,0.0,0.0,0.0,0.0,0.0,0.0,0.0,0.0,0.0,0.0,0.0,0.009345794392523364,0.0,0.0,0.0,0.0,0.0,0.0,0.0,0.0,0.0,0.0,0.0,0.0,0.0,0.0,0.0,0.0,0.0,0.0,0.0,0.0,0.0,0.0,0.0,0.0,0.0,0.0,0.0,0.0,0.0,0.025423728813559324,0.021739130434782608,0.008888888888888889,0.0,0.0,0.021739130434782608,0.7543859649122807,0.8617021276595744,0.8773584905660378,1.0,0.9565217391304348,1.0,0.9516129032258065,0.8974358974358975,0.936,0.9852941176470589,1.0,1.0,0.9775280898876404,0.9253731343283582,0.98,0.88,0.9752066115702479,0.979381443298969,0.9620253164556962,1.0,0.9856115107913669,1.0,0.9938271604938271,0.9797979797979798,0.9289940828402367,0.9294117647058824,0.9166666666666666,0.9918032786885246,0.9693877551020408,0.9702970297029703,0.9389671361502347,0.0,0.0,0.0,0.0,0.0,0.0,0.0,0.0,0.0,0.0,0.0,0.0,0.0,0.0,0.0,0.0,0.0,0.0,0.0,0.0,1.0,1.0
2448493, intergenic, MOB_2448493_2448498_IS186_-1, sv,0.830921,9.999e-05,121,-1.0,0.75,121,0.9,0.857143,PASS,0.0035434721242060692,0.0,0.12516875,0.4163576923076923,0.9636673928830792,0.8128317757009346,0.47363956043956046,0.8521352549889134,0.9363051823416507,0.7711969904240766,0.6379575757575758,0.8829325513196481,0.9132543352601156,1.0,0.967741935483871,0.963936170212766,0.9736842105263158,0.8662746913580246,0.9096308664259928,0.8973017902813298,0.934952774498229,0.8924658273381294,0.9065503731343283,0.9488702983138781,0.8548514526710402,1.0,0.866088291746641,0.84793162813576,0.8694063670411986,0.7938614649681529,0.9375710325710326,1.0,0.9210624551328068,0.9602698412698413,0.967370978332239,0.9645509622238061,0.9258672712283594,0.8914773139745915,0.7874458598726115,0.8987053197848176,0.9767441860465116,0.9682834138486313,0.912189233278956,0.9900990099009901,1.0,0.9925925925925926,1.0,0.9470588235294117,0.9662921348314607,0.9230769230769231,0.9499747347145022,0.9497475354652561,0.9356625310173697,0.9771634938409854,0.9696969696969697,0.9748427672955975,0.9421702404158544,0.9253903990746095,0.967479674796748,0.9421487603305785,0.984251968503937,0.8947368421052632,0.9444444444444444,0.9138440554671516,0.9406627565982404,0.9411764705882353,0.875,0.9239130434782609,0.9367088607594937,0.9315068493150684,0.8484270734032411,0.8887706226716339,0.9453125,0.9402985074626866,0.9074074074074074,0.7668553782810087,0.8410428931875525,0.803080308030803,0.8507089241034195,0.3343023255813954,0.533175355450237,0.8233058898036731,0.8333333333333334,0.8276714021000617,0.755873340143003,0.8592705747565399,0.96,0.778122356921342,0.5291970802919709,0.8235630540463255,0.8901592486729277,0.9583333333333334,0.9723756906077348,0.9507042253521126,1.0,0.9747899159663865,0.9702970297029703,0.9929078014184397,0.9090909090909091,0.967741935483871,1.0,0.9892086330935251,1.0,1.0,0.979381443298969,0.9849056603773585,0.9196563921172309,0.9771343146274148,0.9929078014184397,0.9936305732484076,0.9936708860759493,0.9927536231884058,0.9603960396039604,0.9851851851851852,0.9829059829059829,0.9346670834635824,0.8865248226950354,0.9583178966238424,1.0,0.9666666666666667,0.9864406779661017,0.9597837107130788,0.0,0.0,0.014749262536873156,0.0,0.0,0.0,0.9845820895522388,0.9843504672897196,0.991892797319933,0.9666027049873205,0.9892544345898004,0.01200381861575179,0.9932260928961748,1.0,1.0,0.9862998652291104,,0.9937550769230769,0.9157393767705384,0.9812857142857144,0.9871589711806631,0.9894487594390508
2448493, intergenic, MOB_2448493_2448498_IS186_1, sv,1.23446,9.999e-05,121,-1.0,0.923077,110,0.9,0.3,PASS,0.0,0.010526315789473684,0.0,0.0,0.0036231884057971015,0.0,0.013157894736842105,0.007374631268436578,0.0,0.0,0.060422960725075525,0.0,0.007204610951008645,,0.05813953488372093,0.0,0.0,0.0,0.0,0.0,0.0,0.0,0.0,0.0258732212160414,0.004675081813931743,,0.0,0.012269938650306749,0.01964636542239686,0.015873015873015872,0.021645021645021648,,0.042979942693409746,0.019801980198019802,0.013271400132714002,0.0,0.01644736842105263,0.07246376811594203,0.0423728813559322,0.053667262969588556,0.04310344827586207,0.0,0.029296875,0.019230769230769232,,0.01818181818181818,,0.05272407732864675,0.06521739130434782,0.07658643326039387,0.05025125628140704,0.05027531721331099,0.05937654626422563,0.017391304347826087,0.04310344827586207,0.025046963055729496,0.058177117000646414,0.07484168105929764,0.05221932114882507,0.05761316872427984,0.0425531914893617,0.12422360248447203,0.125,0.08601177003168854,0.054945054945054944,0.05856515373352855,0.5,0.07583965330444203,0.06301197227473221,0.06821282401091405,0.15473887814313345,0.11128775834658189,0.05443234836702955,0.05943536404160476,0.09216589861751152,0.23309426229508198,0.1589958158995816,0.19693654266958424,0.1492537313432836,0.6657018813314038,0.4658018867924528,0.17665615141955837,0.24793388429752067,0.17220172201722017,0.2441505595116989,0.1406042181265438,0.1,0.2189166432781364,0.4718693284936479,0.1763869132290185,0.10968921389396709,0.04149377593360996,0.027624309392265192,0.04908835904628331,,0.02510460251046025,0.05217391304347826,0.011904761904761904,0.09140767824497258,0.03209242618741977,,0.01073345259391771,,,0.02052334530528476,0.015026296018031555,0.08044243338360985,0.01835704451583295,0.013888888888888888,0.011806375442739079,0.01639344262295082,0.00721240533717995,0.05509641873278237,0.01474382602285293,0.030534351145038167,0.06531881804043546,0.11307420494699646,0.038748137108792845,,0.03316749585406302,0.013504388926401082,0.040363269424823406,0.0,0.0,0.0,0.0,0.0,0.0,0.0,0.0,0.0,0.0,0.0,0.0,0.0,,,0.0,1.0,0.0,0.0,0.0,0.0,0.0
2463003, ptsI, C->G, missense,2.83695,9.999e-05,121,-1.0,0.307692,120,0.9,0.285714,PASS,0.0,0.0,0.0,0.0,0.0,0.0,0.0,0.0,0.0,0.0,0.0,0.0,0.0,0.0,0.0,0.0,0.0,0.0,0.0,0.0,0.0,0.0,0.0,0.0,0.0,0.0,0.0,0.0,0.0,0.0,0.0,0.0,0.0,0.0,0.0,0.0,0.0,0.0,0.0,0.0,0.0,0.0,0.0,0.0,0.0,0.0,0.0,0.0,0.0,0.0,0.0,0.0,0.0,0.0,0.0,0.0,0.0,0.0,0.0,0.0,0.0,0.0,0.0,0.0,0.0,0.0,0.0,0.0,0.0,0.0,0.0,0.0,0.0,0.0,0.0,0.0,0.0,0.0,0.0,0.0,0.0,0.0,0.0,0.0,0.0,0.0,0.0,0.0,0.0,0.0,0.0,0.0,0.0,0.0,0.0,0.0,0.0,0.0,0.0,0.0,0.0,0.0,0.0,0.0,0.0,0.0,0.0,0.0,0.0,0.01639344262295082,0.0,0.3048780487804878,0.38636363636363635,0.375,0.46808510638297873,0.7904761904761904,0.9024390243902439,0.8857142857142857,0.8941176470588236,0.8235294117647058,0.8952380952380953,0.8969072164948454,0.0,0.0,0.0,0.0,0.0,0.0,0.0,0.0,0.0,0.0,0.0,0.0,0.0,0.0,0.0,0.0,0.0,0.0,0.0,0.0,0.0,0.0
2520681, dapA, indel;A;+TT;-1;T;+T;+TC, indel,1.10001,9.999e-05,121,-1.0,0.631579,120,0.9,1.0,PASS,0.0,0.0,0.0,0.020833333333333332,0.0,0.0,0.017543859649122806,0.0,0.014705882352941176,0.0,0.0,0.0,0.0136986301369863,0.0,0.0,0.025210084033613446,0.07142857142857142,0.03773584905660377,0.04838709677419355,0.21428571428571427,0.04819277108433735,0.04819277108433735,0.14634146341463414,0.06818181818181818,0.11650485436893204,0.047619047619047616,0.07407407407407407,0.23728813559322035,0.08974358974358974,0.0,0.0,0.043478260869565216,0.12307692307692308,0.012987012987012988,0.02247191011235955,0.012048192771084338,0.045454545454545456,0.03225806451612903,0.2857142857142857,0.039473684210526314,0.047619047619047616,0.0,0.18716577540106952,0.0,0.017543859649122806,0.0,0.015151515151515152,0.0125,0.03278688524590164,0.0,0.0,0.004424778761061947,0.008547008547008548,0.022222222222222223,0.0,0.0,0.011764705882352941,0.01098901098901099,0.03389830508474576,0.02040816326530612,0.014084507042253521,0.0,0.0,0.013574660633484163,0.0,0.017543859649122806,0.0,0.0,0.0,0.0,0.01282051282051282,0.0,0.0,0.0,0.020833333333333332,0.01639344262295082,0.0,0.0,0.0,0.011363636363636364,0.05825242718446602,0.09523809523809523,0.0,0.07894736842105263,0.3235294117647059,0.24017467248908297,0.0,0.2786885245901639,0.631578947368421,0.329608938547486,0.23893805309734514,0.1388888888888889,0.08888888888888889,0.10638297872340426,0.0,0.08955223880597014,0.024390243902439025,0.07,0.10526315789473684,0.07017543859649122,0.0196078431372549,0.02,0.03389830508474576,0.0,0.04395604395604396,0.014084507042253521,0.06741573033707865,0.047619047619047616,0.045454545454545456,0.02531645569620253,0.04938271604938271,0.017094017094017096,0.01639344262295082,0.03125,0.014285714285714285,0.029585798816568046,0.12121212121212122,0.06289308176100629,0.007874015748031496,0.032467532467532464,0.040229885057471264,0.07042253521126761,0.0,0.0,0.0,0.0,0.012195121951219513,0.0,0.018518518518518517,0.0,0.0,0.0,0.0,0.7830188679245284,0.0,0.0,0.0,0.0,0.0,0.0,0.0,0.008438818565400843,0.004098360655737705,0.00641025641025641
2520980, gcvR, C->T, missense,3.96084,9.999e-05,121,-1.0,0.444444,121,0.9,0.545455,PASS,0.0,0.0,0.0,0.0,0.0,0.0,0.004347826086956522,0.012048192771084338,0.011111111111111112,0.0,0.0,0.0,0.0,0.0,0.0,0.0,0.0,0.0,0.0,0.0,0.0,0.0,0.0,0.0,0.0,0.0,0.0,0.0,0.0,0.0,0.0,0.0,0.0,0.0,0.0,0.0,0.0,0.0,0.0,0.0125,0.0,0.0,0.0,0.0,0.0,0.0,0.0,0.0,0.0,0.0,0.009708737864077669,0.0,0.0,0.0,0.0,0.0,0.0,0.0,0.0,0.0,0.0,0.0,0.0,0.0,0.0,0.0,0.0,0.0,0.0,0.0,0.0,0.0,0.0,0.0,0.0,0.0,0.0,0.0,0.0,0.0,0.0,0.0,0.0,0.0,0.0,0.0,0.0,0.0,0.0,0.0,0.0,0.0,0.0,0.0,0.0,0.0,0.0,0.0,0.0,0.013986013986013986,0.1038961038961039,0.05185185185185185,0.08928571428571429,0.05714285714285714,0.043478260869565216,0.03875968992248062,0.09243697478991597,0.4380165289256198,0.7608695652173914,0.7261904761904762,0.4426229508196721,0.10967741935483871,0.05357142857142857,0.03787878787878788,0.07228915662650602,0.0,0.0,0.0,0.0,0.0,0.0,0.0,0.0,0.0,0.0,0.0,0.0,0.0,0.0,0.0,0.0,0.0,0.0,0.0,0.0,0.0,0.0,0.0,0.0,0.0,0.0,0.0,0.0,0.0
2522612, hyfA, MOB_2522612_2522617_IS186_-1, sv,0.857392,9.999e-05,121,-1.0,0.75,1,0.9,0.24,PASS,0.0,0.0,0.0,0.0,0.007692307692307693,0.0,0.0,0.0,0.01282051282051282,0.025252525252525252,0.0,0.0,0.04,0.034482758620689655,0.13333333333333333,0.004273504273504274,0.05263157894736842,0.07017543859649122,0.014492753623188406,0.11764705882352941,0.05333333333333334,0.4948453608247423,0.7631578947368421,0.9642857142857143,0.8859060402684564,0.9824561403508771,0.9032258064516129,0.8382838283828383,0.7985611510791367,1.0,1.0,0.9911504424778761,0.925,0.9795918367346939,0.9741935483870968,0.972027972027972,0.923728813559322,0.9534883720930233,0.8918918918918919,0.9210526315789473,0.8974358974358975,0.9230769230769231,0.8955223880597015,1.0,1.0,0.9848484848484849,0.975,0.9583333333333334,0.9411764705882353,0.972972972972973,0.9605263157894737,0.9186746987951807,0.9887640449438202,0.9782608695652174,0.9629629629629629,0.9078947368421053,0.8608695652173913,0.916083916083916,0.8951612903225806,0.8617021276595744,0.9649122807017544,0.9333333333333333,0.9047619047619048,0.9266666666666666,0.9333333333333333,0.8383838383838383,1.0,0.92,0.9448818897637795,0.9759036144578314,0.8076923076923077,0.8390804597701149,0.8365384615384616,0.9878048780487805,0.8674698795180723,0.7248062015503876,0.7946428571428571,0.7714285714285715,0.9042553191489362,0.5948275862068966,0.6220472440944882,0.8421052631578947,1.0,0.8322147651006712,0.6888888888888889,0.8448275862068966,0.978021978021978,0.8315412186379928,0.7714285714285715,0.8160919540229885,0.8125,0.9468085106382979,0.9060402684563759,0.9426229508196722,1.0,0.926605504587156,0.975,0.9558823529411765,0.9032258064516129,0.9626168224299065,1.0,0.9864253393665159,1.0,1.0,0.9712230215827338,1.0,0.9591836734693877,0.9731543624161074,0.9698795180722891,0.9790209790209791,0.9916666666666667,0.9852216748768473,1.0,0.9811320754716981,0.9655172413793104,0.9753521126760564,0.9300699300699301,0.9632352941176471,0.993006993006993,0.9571984435797666,0.9903846153846154,0.9789029535864979,0.0,0.0,0.0,0.0,0.0,0.0,0.0,0.0,0.0,0.0,0.0,,0.9939024390243902,0.9929577464788732,0.9925925925925926,1.0,0.0,0.9805194805194806,0.8939393939393939,0.9606741573033708,0.9685690653432589,0.9848484848484849
2525337, intergenic, MOB_2525337_2525339_IS150_1, sv,1.20934,9.999e-05,121,-1.0,0.6,119,0.9,1.0,PASS,0.0,0.0,0.0,0.0,0.0,0.0,0.0,0.0,0.0,0.0,0.0,0.0,0.0,0.0,0.0,0.0,0.0,0.0,0.0,0.0,0.0,0.0,0.0,0.0,0.0,0.0,0.0,0.0,0.0,0.0,0.0,0.0,0.0,0.0,0.0,0.0,0.0,0.0,0.01639344262295082,0.0,0.0,0.0,0.0,0.0,0.0,0.0,0.0,0.0,0.0,0.0,0.0,0.0,0.0,0.0,0.0,0.0,0.0,0.0,0.0,0.0,0.0,0.0,0.0,0.0,0.0,0.0,0.0,0.0,0.0,0.0,0.0,0.0,0.0,0.0,0.0,0.0,0.0,0.0,0.0,0.0,0.0,0.0,0.0,0.0,0.031914893617021274,0.09322033898305085,0.33783783783783783,0.43130990415335463,0.5111111111111111,0.7507246376811594,0.7759674134419552,0.9365079365079365,0.9724770642201835,0.9702380952380952,1.0,0.9830508474576272,1.0,0.9724137931034482,0.959731543624161,0.951417004048583,0.9666666666666667,0.968944099378882,0.9583333333333334,1.0,1.0,0.9791666666666666,0.9239130434782609,0.9476439790575916,0.9766081871345029,0.9657142857142857,0.9841269841269841,0.984313725490196,0.9787234042553191,0.9763779527559056,1.0,0.9603960396039604,0.8823529411764706,0.9308176100628931,1.0,0.968944099378882,0.9631901840490797,0.9393939393939394,0.0,0.0,0.0,0.0,0.0,0.0,0.0,0.0,0.0,0.0,0.0,0.0,0.0,0.0,0.0,0.0,0.0,0.0,0.0,0.0,0.9960343688037012,1.0
2540643, uraA, G->C, missense,4.23831,0.00339966,121,-1.0,0.461538,120,0.9,0.3,PASS,0.0,0.0,0.0,0.0,0.0,0.0,0.0,0.0,0.0,0.0,0.0,0.0,0.0,0.0,0.0,0.0,0.0,0.0,0.0,0.0,0.0,0.0,0.0,0.0,0.0,0.0,0.0,0.0,0.0,0.0,0.0,0.0,0.0,0.0,0.0,0.0,0.0,0.0,0.0,0.044444444444444446,0.0,0.10344827586206896,0.014598540145985401,0.0,0.0,0.0,0.0,0.0,0.0,0.0,0.0,0.0,0.0,0.0,0.0,0.0,0.0,0.0,0.0,0.0,0.0,0.0,0.0,0.0,0.0,0.0,0.0,0.0,0.0,0.0,0.0,0.0,0.0,0.0,0.0,0.0,0.0,0.0,0.0,0.0,0.0,0.0,0.0,0.0,0.0,0.0,0.0,0.0,0.0,0.0,0.0,0.0,0.0,0.0,0.0,0.0,0.0,0.0,0.0,0.0,0.0,0.0,0.0,0.0,0.0,0.0,0.0,0.0,0.0,0.0,0.0,0.0,0.0,0.0,0.0,0.0,0.0,0.0,0.0,0.0,0.0,0.0,0.0,0.0,0.0,0.0,0.0,0.0,0.0,0.0,0.0,0.0,0.0,0.0,0.0,0.0,0.0,0.0,0.0,0.0,0.0,0.0,0.0,0.0
2582851, iscR, C->T, noncoding,1.35274,9.999e-05,121,-1.0,0.923077,121,0.9,0.6,PASS,0.0,0.0,0.0,0.022727272727272728,0.0,0.0,0.0,0.0,0.0,0.0,0.0,0.0,0.0,0.0,0.0,0.0,0.0,0.0,0.0,0.0,0.0,0.0,0.0,0.0,0.0,0.0,0.0,0.0,0.0,0.0,0.0,0.0,0.0,0.0,0.0,0.0,0.0,0.0,0.0,0.0,0.0,0.0,0.0,0.0,0.0,0.0,0.0,0.0,0.0,0.0,0.0,0.0,0.008849557522123894,0.0,0.0,0.0,0.0,0.0,0.0,0.0,0.0,0.0,0.0,0.004484304932735426,0.0,0.0,0.0,0.0,0.0,0.0,0.015625,0.0,0.0,0.0,0.0,0.004975124378109453,0.0,0.0,0.0,0.0,0.0,0.0,0.0,0.0,0.0,0.07456140350877193,0.26153846153846155,0.32124352331606215,0.3076923076923077,0.615819209039548,0.7531914893617021,0.9014084507042254,0.9375,0.9529411764705882,0.9523809523809523,0.9361702127659575,0.9777777777777777,0.9117647058823529,0.9076923076923077,0.9069767441860465,0.9855072463768116,0.9833333333333333,1.0,1.0,0.9655172413793104,0.9784172661870504,0.93,0.9454545454545454,0.9863013698630136,0.9508196721311475,1.0,0.9922480620155039,0.9791666666666666,0.9794520547945206,0.9315068493150684,0.9685534591194969,0.821917808219178,0.9225352112676056,0.97,0.9554140127388535,0.958904109589041,0.9246575342465754,0.0,0.0,0.0,0.0,0.0,0.0,0.0,0.0,0.0,0.0,0.0,0.0,0.0,0.0,0.0,0.0,0.0,0.0,0.0,0.0,1.0,1.0
2664154, yfiN, A->C, missense,5.4968,0.00039996,121,-1.0,0.75,120,0.9,0.0638298,PASS,0.0,0.0,0.0,0.0,0.0,0.0,0.0,0.0,0.0,0.0,0.0,0.0,0.0,0.0,0.0,0.0,0.0,0.0,0.0,0.0,0.0,0.0,0.0,0.0,0.0,0.0,0.0,0.0,0.0,0.0,0.0,0.0,0.0,0.0,0.05555555555555555,0.11764705882352941,0.17857142857142858,0.0,0.047619047619047616,0.0,0.0,0.0,0.0,0.0,0.0,0.0,0.0,0.0,0.0,0.0,0.0,0.0,0.0,0.0,0.0,0.0,0.0,0.0,0.0,0.0,0.0,0.0,0.0,0.0,0.0,0.0,0.0,0.0,0.0,0.0,0.0,0.0,0.0,0.0,0.0,0.0,0.0,0.0,0.0,0.0,0.0,0.0,0.0,0.0,0.0,0.0,0.0,0.0,0.0,0.0,0.0,0.0,0.0,0.0,0.0,0.0,0.0,0.0,0.0,0.0,0.0,0.0,0.0,0.0,0.0,0.0,0.0,0.0,0.0,0.0,0.0,0.0,0.0,0.0,0.0,0.0,0.0,0.0,0.0,0.0,0.0,0.0,0.0,0.0,0.0,0.0,0.0,0.0,0.0,0.0,0.0,0.0,0.0,0.0,0.0,0.0,0.0,0.0,0.0,0.0,0.0,0.0,0.0,0.0
2682442, intergenic, MOB_2682442_2682444_IS3_-1, sv,1.36688,9.999e-05,121,-1.0,1.0,120,0.9,0.75,PASS,0.0,0.0,0.0,0.0,0.0,0.0,0.0,0.0,0.0,0.0,0.0,0.0,0.0,0.0,0.0,0.0,0.0,0.0,0.0,0.0,0.0,0.0,0.0,0.0,0.0,0.0,0.0,0.0,0.0,0.0,0.0,0.0,0.0,0.0,0.0,0.0,0.0,0.0,0.0,0.0,0.0,0.0,0.0,0.0,0.0,0.0,0.0,0.007751937984496124,0.017241379310344827,0.030303030303030304,0.08139534883720931,0.042682926829268296,0.058419243986254296,0.024,0.024390243902439025,0.07462686567164178,0.07975460122699386,0.0779816513761468,0.04,0.12213740458015267,0.05128205128205128,0.20588235294117646,0.0,0.08834586466165413,0.0,0.17857142857142858,0.0,0.07936507936507936,0.06190476190476191,0.09523809523809523,0.14423076923076922,0.08021390374331551,0.16,0.11363636363636363,0.11711711711711711,0.33710407239819007,0.28688524590163933,0.22727272727272727,0.13513513513513514,0.6788321167883211,0.44785276073619634,0.23497267759562843,0.08333333333333333,0.16494845360824742,0.2661290322580645,0.1643002028397566,0.009174311926605505,0.19117647058823528,0.3888888888888889,0.23142857142857143,0.2465483234714004,0.09230769230769231,0.03225806451612903,0.058823529411764705,0.01818181818181818,0.008771929824561403,0.009433962264150943,0.02617801047120419,0.029585798816568046,0.04838709677419355,0.03496503496503497,0.003125,0.010638297872340425,0.0,0.02553191489361702,0.00974025974025974,0.07885304659498207,0.02564102564102564,0.04216867469879518,0.021164021164021163,0.0,0.0,0.04807692307692308,0.016722408026755852,0.03546099290780142,0.04590163934426229,0.08391608391608392,0.03048780487804878,0.01818181818181818,0.0399002493765586,0.018796992481203006,0.03978779840848806,0.0,0.0,0.0,0.0,0.0,0.0,0.0,0.0,0.0,0.0,0.0,0.0,0.0,0.0,0.0,0.0,1.0,0.0,0.0,0.0,0.0,0.0
2699124, nrdF, G->T, missense,4.09293,9.999e-05,121,-1.0,0.571429,120,0.9,0.6,PASS,0.0,0.0,0.0,0.0,0.0,0.0,0.0,0.0,0.0,0.0,0.0,0.0,0.0,0.0,0.1111111111111111,0.3,0.4444444444444444,0.8,0.7872340425531915,0.6470588235294118,0.6379310344827587,0.029850746268656716,0.06976744186046512,0.0,0.0,0.0,0.0,0.0,0.0,0.0,0.0,0.0,0.0,0.0,0.0,0.0,0.0,0.0,0.0,0.0,0.0,0.0,0.0,0.0,0.0,0.0,0.0,0.0,0.0,0.0,0.0,0.0,0.0,0.0,0.0,0.0,0.0,0.0,0.0,0.0,0.0,0.0,0.0,0.0,0.0,0.0,0.0,0.0,0.0,0.0,0.0,0.0,0.0,0.0,0.0,0.0,0.0,0.0,0.0,0.0,0.0,0.0,0.0,0.0,0.0,0.0,0.0,0.0,0.0,0.0,0.0,0.013513513513513514,0.0,0.0,0.0,0.0,0.0,0.0,0.0,0.0,0.0,0.0,0.0,0.0,0.0,0.0,0.0,0.0,0.0,0.0,0.0,0.0,0.0,0.0,0.0,0.0,0.0,0.0,0.0,0.0,0.0,0.0,0.0,0.0,0.0,0.0,0.0,0.0,0.0,0.0,0.0,0.0,0.0,0.0,0.0,0.0,0.0,0.0,0.0,0.0,0.0,0.0,0.0,0.0
2705601, emrR, C->T, noncoding,3.03835,0.00559944,121,-1.0,0.705882,119,0.9,0.857143,PASS,0.005952380952380952,0.0,0.0,0.0,0.0,0.0,0.0,0.0,0.0,0.0,0.0,0.0,0.0,0.0,0.0,0.0,0.0,0.0,0.0,0.0,0.0,0.0,0.0,0.0,0.0,0.0,0.0,0.0,0.0,0.0,0.0,0.0,0.0,0.0,0.0,0.0,0.0,0.0,0.0,0.0,0.0,0.0,0.0,0.0,0.0,0.0,0.0,0.0,0.0,0.0,0.0,0.0,0.0,0.0,0.0,0.0,0.0,0.009259259259259259,0.0,0.030303030303030304,0.0,0.0,0.0,0.0,0.0,0.11538461538461539,0.0,0.03571428571428571,0.024390243902439025,0.08,0.16071428571428573,0.0,0.0,0.0,0.0,0.0,0.0,0.0,0.0,0.0,0.0,0.0,0.0,0.0,0.0,0.0,0.0,0.0,0.0,0.0,0.0,0.0,0.0,0.0,0.0,0.0,0.0,0.0,0.013888888888888888,0.0,0.014705882352941176,0.0,0.0,0.0,0.0,0.0,0.0,0.0,0.0,0.0,0.0,0.0,0.0,0.0,0.0,0.0,0.0,0.0,0.0,0.0,0.014184397163120567,0.0,0.0,0.0,0.0,0.0,0.0,0.0,0.0,0.0,0.0,0.0,0.0,0.0,0.0,0.0,0.0,0.0,0.0,0.008333333333333333,0.0,0.0,0.0,0.0
2734828, ascF, MOB_2734828_2734829_IS150_-1, sv,1.30085,0.00029997,121,-1.0,0.857143,120,0.9,0.461538,PASS,0.0,0.0,0.0,0.0,0.0,0.0,0.0,0.0,0.0,0.0,0.0,0.0,0.0,0.0,0.0,0.0,0.0,0.0,0.0,0.0,0.0,0.0,0.0,0.0,0.0,0.0,0.0,0.0,0.0,0.0,0.0,0.0,0.0,0.0,0.0,0.0,0.0,0.0,0.0,0.0,0.0,0.0,0.0,0.0,0.0,0.0,0.0,0.0,0.0,0.0,0.0,0.0,0.0,0.0,0.0,0.0,0.0,0.0,0.0,0.0,0.0,0.0,0.0,0.0,0.0,0.0,0.0,0.0,0.0,0.0,0.0,0.0,0.0,0.0,0.0,0.0,0.0,0.0,0.0,0.0,0.0,0.0,0.0,0.0,0.0,0.0,0.0,0.0,0.014534883720930232,0.0076337523809523805,0.1960151780502043,0.03430797266514806,0.08142633716993906,0.10036502732240438,0.0,0.0781270601336303,0.020123246492985976,0.06324743488555644,0.1307385201305767,0.057019421487603306,0.01876357677902622,0.019743336623889437,0.05008347245409015,0.0,0.026236498257839722,0.027428477546549836,0.09173458574181118,0.047817590936195586,0.04823653846153846,0.0,0.01037138429752066,0.006680026720106881,0.10810385208012326,0.043896400778210116,0.060586701208981,0.1332420503084955,0.1626317403065825,0.04928550983899821,0.013452191413237925,0.0407830549898167,0.06758946549039958,0.06789214801444043,0.0,0.0,0.0,0.0,0.0,0.0,0.0,0.0,0.0,0.0,0.0,0.0,0.0,0.0,0.0,0.0,0.0,0.0,0.0,0.0,0.0,0.0
2736667, ascB, MOB_2736667_2736672_IS186_-1, sv,1.95511,9.999e-05,121,-1.0,0.923077,120,0.9,0.8,PASS,0.0,0.0,0.0,0.0,0.0,0.0,0.0,0.0,0.0,0.008620689655172414,0.0,0.0,0.0,0.0,0.030303030303030304,0.009950248756218905,0.057692307692307696,0.07692307692307693,0.05063291139240506,0.25,0.20408163265306123,0.15602836879432624,0.16666666666666666,0.047058823529411764,0.18867924528301888,0.05555555555555555,0.21739130434782608,0.2857142857142857,0.2537313432835821,0.05263157894736842,0.0,0.0,0.17355371900826447,0.09722222222222222,0.041666666666666664,0.08148148148148149,0.1506849315068493,0.05263157894736842,0.225,0.14,0.14516129032258066,0.23943661971830985,0.21374045801526717,0.0,0.0,0.0,0.0,0.0,0.0,0.0,0.0,0.0,0.0,0.0,0.0,0.0,0.0,0.0,0.0,0.0,0.0,0.0,0.0,0.0,0.0,0.0,0.0,0.0,0.0,0.0,0.0,0.006024096385542169,0.0,0.0,0.0,0.0,0.0,0.0,0.0,0.0,0.006802721088435374,0.005988023952095809,0.0,0.0,0.0,0.0,0.0,0.0,0.0,0.0,0.0,0.0,0.0,0.0,0.0,0.0,0.0,0.0,0.0,0.0,0.0,0.0,0.0,0.0,0.0,0.0,0.0,0.00546448087431694,0.0,0.0,0.0,0.01694915254237288,0.0,0.0,0.0,0.0,0.0,0.0,0.0,0.0,0.0,0.0,0.0,0.005847953216374269,0.0,0.0,0.0,0.0,0.0,0.0,0.0,0.0,0.0,0.9917355371900827,0.0,0.0,0.0,0.0,0.0,0.0,0.0,0.0,0.0,0.0
2753522, mutS, G->A, missense,2.34544,0.00039996,121,-1.0,0.26087,119,0.9,0.352941,PASS,0.0,0.0,0.0,0.0,0.0,0.0,0.0,0.0,0.0,0.0,0.0,0.0,0.0,0.0,0.0,0.0,0.0,0.0,0.0,0.0,0.0,0.0,0.0,0.0,0.0,0.0,0.0,0.0,0.0,0.0,0.007142857142857143,0.0,0.0,0.0,0.0,0.0,0.0,0.0,0.0,0.0,0.0,0.0,0.0,0.0,0.0,0.0,0.0,0.0,0.0,0.0,0.0,0.0,0.0,0.0,0.0,0.0,0.0,0.0,0.0,0.0,0.0,0.0,0.0,0.0,0.0,0.0,0.0,0.0,0.0,0.0,0.0,0.0,0.0,0.0,0.0,0.0,0.0,0.0,0.0,0.0,0.0,0.0,0.0,0.0,0.0,0.0,0.0,0.0,0.0,0.0,0.0,0.0,0.0,0.0,0.0,0.0,0.0,0.0,0.0,0.0,0.0,0.0,0.017094017094017096,0.08928571428571429,0.14864864864864866,0.1752136752136752,0.15337423312883436,0.004032258064516129,0.006944444444444444,0.030042918454935622,0.05673758865248227,0.11016949152542373,0.07042253521126761,0.11065573770491803,0.049586776859504134,0.07112970711297072,0.02727272727272727,0.004081632653061225,0.014634146341463415,0.013043478260869565,0.017467248908296942,0.004273504273504274,0.0,0.0,0.0,0.0,0.0,0.0,0.0,0.0,0.0,0.0,0.0,0.0,0.0,0.0,0.0,0.0,0.0,0.0,0.0,0.0,0.0,0.0
2756285, ygbJ, A->G, noncoding,2.38674,9.999e-05,121,-1.0,0.5,119,0.9,0.571429,PASS,0.0,0.0,0.0,0.0,0.0,0.0,0.0,0.0,0.0,0.0,0.0,0.0,0.0,0.0,0.0,0.0,0.0,0.0,0.0,0.0,0.0,0.0,0.0,0.0,0.0,0.0,0.0,0.0,0.0,0.0,0.0,0.0,0.0,0.0,0.0,0.0,0.0,0.0,0.0,0.0,0.0,0.0,0.0,0.0,0.0,0.0,0.0,0.0,0.0,0.0,0.0,0.0,0.0,0.0,0.0,0.0,0.0,0.0,0.0,0.0,0.0,0.0,0.0,0.0,0.0,0.0,0.0,0.0,0.0,0.0,0.0,0.0,0.0,0.0,0.0,0.0,0.0,0.0,0.0,0.0,0.0,0.0,0.0,0.0,0.0,0.0,0.0,0.0,0.0,0.0,0.0,0.007936507936507936,0.0,0.0,0.0,0.0,0.0,0.0,0.0,0.0,0.0,0.0,0.01694915254237288,0.1511627906976744,0.15254237288135594,0.1375,0.20710059171597633,0.008583690987124463,0.023255813953488372,0.03592814371257485,0.04477611940298507,0.17355371900826447,0.096,0.1417004048582996,0.025477707006369428,0.012195121951219513,0.015503875968992248,0.0,0.008928571428571428,0.0,0.00411522633744856,0.0,0.0,0.0,0.0,0.0,0.0,0.0,0.0,0.0,0.0,0.0,0.0,0.0,0.0,0.0,0.0,0.0,0.0,0.0,0.0,0.0,0.0,0.0
2765962, ygbO, A->C, missense,0.891824,9.999e-05,121,-1.0,0.48,10,0.949315,1.0,PASS,0.0,0.0,0.0,0.0,0.0,0.0,0.0,0.0,0.0,0.0,0.0,0.0,0.0,0.0,0.0,0.0,0.0,0.0,0.0,0.0,0.0,0.0,0.0,0.0,0.0,0.0,0.0,0.0,0.0,0.0,0.0,0.0,0.0,0.0,0.0,0.0,0.0,0.0,0.0,0.0,0.0,0.0,0.0,0.0,0.0,0.0,0.0,0.0,0.0,0.0,0.0,0.0,0.0,0.0,0.0,0.04504504504504504,0.14782608695652175,0.4365079365079365,0.5111111111111111,0.7358490566037735,0.5375,0.5263157894736842,0.5333333333333333,0.26666666666666666,0.5416666666666666,0.6521739130434783,0.75,0.6666666666666666,0.753968253968254,0.8,0.6612903225806451,0.9279279279279279,0.9230769230769231,0.8620689655172413,0.9074074074074074,0.7487179487179487,0.8051948051948052,0.8205128205128205,0.8307692307692308,0.5660377358490566,0.684931506849315,0.8469387755102041,1.0,0.9206349206349206,0.8688524590163934,0.8848167539267016,0.9861111111111112,0.8609271523178808,0.6,0.8717948717948718,0.839622641509434,0.9468085106382979,1.0,0.9438202247191011,1.0,0.971830985915493,0.9655172413793104,0.9797979797979798,0.9247311827956989,0.9253731343283582,1.0,1.0,0.9857142857142858,0.9888888888888889,1.0,0.993103448275862,0.9640718562874252,0.9457364341085271,0.9732142857142857,0.9906542056074766,1.0,0.9914529914529915,0.9736842105263158,0.9705882352941176,0.989247311827957,0.9483870967741935,0.9154929577464789,0.972972972972973,0.9814814814814815,0.9545454545454546,0.992,0.9545454545454546,0.0,0.0,0.0,0.0,0.0,0.0,0.0,0.0,0.0,0.0,0.0,0.0,0.0,0.0,0.0,0.0,0.0,1.0,1.0,1.0,1.0,1.0
2772044, iap, T->G, missense,0.87985,9.999e-05,121,-1.0,0.461538,11,1.02601,1.0,PASS,0.0,0.0,0.09090909090909091,0.0,0.0,0.0,0.0,0.03076923076923077,0.0,0.0,0.0,0.0,0.0,0.0,0.0,0.0,0.0,0.0,0.00909090909090909,0.0,0.007042253521126761,0.0,0.0,0.0,0.017241379310344827,0.918918918918919,0.7115384615384616,0.48936170212765956,0.782312925170068,0.86,0.9848484848484849,1.0,0.9029850746268657,0.9509803921568627,0.9601990049751243,0.9457364341085271,0.9291338582677166,1.0,0.90625,0.9421487603305785,0.9230769230769231,0.8235294117647058,0.8215767634854771,1.0,1.0,0.9829059829059829,1.0,0.9594594594594594,0.9716981132075472,0.9166666666666666,0.9810126582278481,0.9741379310344828,0.9852216748768473,1.0,0.8974358974358975,0.9733333333333334,0.9548387096774194,0.9179487179487179,0.9834710743801653,0.9322033898305084,0.9836065573770492,0.9130434782608695,0.9166666666666666,0.9568965517241379,0.9782608695652174,0.8888888888888888,1.0,0.9903846153846154,0.95625,0.9375,0.7528089887640449,0.9017341040462428,0.9375,0.9885057471264368,0.9772727272727273,0.8440366972477065,0.7181818181818181,0.8676470588235294,0.9130434782608695,0.6728971962616822,0.7232142857142857,0.8765432098765432,0.8888888888888888,0.875,0.7473684210526316,0.9170506912442397,0.9545454545454546,0.8793103448275862,0.576271186440678,0.86,0.875,0.9354838709677419,0.9518072289156626,0.9024390243902439,1.0,0.9583333333333334,0.9710144927536232,0.9696969696969697,0.9122807017543859,0.9587628865979382,0.9891304347826086,0.9903846153846154,1.0,1.0,0.9767441860465116,0.9955555555555555,0.9516908212560387,0.9880952380952381,0.9710982658959537,1.0,1.0,0.9901960784313726,0.9876543209876543,0.988950276243094,0.9767441860465116,0.975609756097561,0.93,0.9906542056074766,0.994413407821229,0.9906976744186047,0.9629629629629629,0.9720930232558139,0.0,0.0,0.0,0.0,0.0,0.0,0.0,0.0,0.0,0.005434782608695652,0.0,0.0,0.9745762711864406,1.0,1.0,1.0,0.0,1.0,1.0,1.0,0.995475113122172,1.0
2801706, relA, C->T, missense,2.76777,0.00049995,121,-1.0,0.151899,121,0.9,0.333333,PASS,0.0,0.0,0.0,0.0,0.0,0.0,0.0,0.0,0.0,0.0,0.0,0.0,0.0,0.0,0.0,0.0,0.0,0.0,0.0,0.0,0.0,0.0,0.0,0.0,0.008695652173913044,0.0,0.0,0.005128205128205128,0.0,0.038461538461538464,0.0,0.0,0.0,0.0,0.0,0.0,0.0,0.0,0.0,0.02631578947368421,0.0,0.0,0.0,0.0,0.0,0.0,0.0,0.0,0.0,0.0,0.0,0.0,0.0,0.0,0.0,0.011904761904761904,0.0,0.0,0.0,0.0,0.0,0.0,0.0,0.0,0.0,0.0,0.0,0.034482758620689655,0.036585365853658534,0.05263157894736842,0.15873015873015872,0.019417475728155338,0.013513513513513514,0.014285714285714285,0.0,0.009523809523809525,0.0,0.0,0.0,0.0,0.0,0.0,0.0,0.010101010101010102,0.0,0.0,0.0,0.0,0.0,0.0,0.004651162790697674,0.0,0.0,0.011111111111111112,0.07142857142857142,0.0,0.0,0.0,0.0,0.0,0.0,0.0,0.0,0.0,0.0,0.0,0.0,0.0,0.0,0.0,0.0,0.0,0.0,0.0,0.0,0.005813953488372093,0.010869565217391304,0.0,0.0,0.0,0.0,0.0,0.0,0.0,0.0,0.0,0.0,0.0,0.0,0.0,0.0,0.0,0.0,0.0,0.0,0.0,0.0,0.0,0.0,0.0,0.0,0.0,0.0,0.0
2802018, relA, G->A, missense,3.76535,0.00159984,121,-1.0,0.173913,120,0.9,0.133333,PASS,0.0,0.0,0.0,0.0,0.0,0.0,0.0,0.0,0.0,0.0,0.0,0.0,0.0,0.0,0.0,0.0,0.0,0.0,0.0,0.0,0.0,0.0,0.0,0.0,0.0,0.0,0.0,0.0,0.0,0.0,0.0,0.0,0.0,0.0,0.0,0.0,0.0,0.0,0.0,0.0,0.0,0.0,0.0,0.0,0.0,0.0,0.0,0.0,0.0,0.0,0.0,0.0,0.0,0.0,0.05,0.0,0.0,0.0,0.0,0.0,0.0,0.0,0.0,0.0,0.0,0.0,0.0,0.0,0.0,0.0,0.0,0.0,0.0,0.0,0.0,0.016304347826086956,0.027777777777777776,0.14634146341463414,0.21212121212121213,0.014925373134328358,0.011494252873563218,0.041237113402061855,0.0,0.034482758620689655,0.0,0.013605442176870748,0.0,0.0,0.0,0.0,0.0,0.0,0.0,0.0,0.0,0.0,0.0,0.0,0.0,0.0,0.0,0.0,0.0,0.0,0.0,0.0,0.0,0.0,0.0,0.0,0.0,0.0,0.0,0.0,0.0,0.0,0.0,0.0,0.0,0.0,0.0,0.0,0.0,0.0,0.0,0.0,0.0,0.0,0.0,0.0,0.0,0.0,0.0,0.0,0.0,0.0,0.0,0.0,0.0,0.0,0.0,0.0,0.0,0.0
2802219, relA, C->A, missense,3.20202,9.999e-05,121,-1.0,0.387097,119,0.9,0.173913,PASS,0.0,0.0,0.0,0.0,0.0,0.0,0.0,0.0,0.0,0.0,0.0,0.0,0.0,0.0,0.0,0.0,0.0,0.0,0.0,0.0,0.0,0.0,0.0,0.0,0.0,0.0,0.0,0.0,0.0,0.0,0.0,0.0,0.0,0.0,0.0,0.0,0.0,0.0,0.0,0.0,0.0,0.0,0.0,0.0,0.0,0.0,0.0,0.0,0.0,0.0,0.0,0.0,0.0,0.0,0.0,0.0,0.0,0.0,0.01694915254237288,0.0,0.0,0.0,0.0,0.0,0.0,0.0,0.0,0.0,0.0,0.0,0.0,0.0,0.0,0.0,0.0,0.0,0.0,0.0,0.0,0.0,0.0,0.0,0.0,0.0,0.0,0.0,0.0,0.0,0.0,0.0,0.0,0.0,0.0,0.0,0.0,0.0,0.0,0.03076923076923077,0.09523809523809523,0.22935779816513763,0.35294117647058826,0.1016949152542373,0.18518518518518517,0.046153846153846156,0.05747126436781609,0.02247191011235955,0.07006369426751592,0.47619047619047616,0.8192771084337349,0.6,0.4027777777777778,0.07894736842105263,0.05,0.011363636363636364,0.05660377358490566,0.0,0.0,0.0,0.0,0.0,0.0,0.0,0.0,0.0,0.0,0.0,0.0,0.0,0.0,0.0,0.0,0.0,0.0,0.0,0.0,0.0,0.0,0.0,0.0,0.0,0.0,0.0,0.0,0.0
2830450, fucI, MOB_2830450_2830452_IS150_1, sv,2.10551,0.00059994,121,-1.0,0.571429,119,0.9,0.292683,PASS,0.0,0.0,0.0,0.0,0.0,0.0,0.0,0.0,0.0,0.0,0.0,0.0,0.0,0.0,0.0,0.0,0.0,0.0,0.0,0.0,0.0,0.0,0.011235955056179775,0.0,0.0,0.0,0.0,0.0,0.0,0.0,0.0,0.0,0.0,0.0,0.0,0.0,0.0,0.0,0.0,0.0,0.0,0.0,0.004629629629629629,0.0,0.0,0.0,0.0,0.019801980198019802,0.013513513513513514,0.0,0.008,0.0,0.005649717514124294,0.0,0.0,0.0,0.0,0.0,0.0,0.0,0.0,0.0,0.0,0.0,0.0,0.0,0.0,0.0,0.0,0.023529411764705882,0.0196078431372549,0.0,0.0,0.0,0.0,0.0,0.0,0.0,0.0,0.0,0.013793103448275862,0.007874015748031496,0.0,0.01652892561983471,0.0,0.0,0.0,0.0,0.0,0.003787878787878788,0.0028169014084507044,0.0,0.0,0.0,0.0,0.0,0.0,0.007633587786259542,0.0,0.0,0.0,0.0,0.0,0.0,0.0,0.0,0.0,0.0273972602739726,0.018867924528301886,0.0,0.028169014084507043,0.006134969325153374,0.038461538461538464,0.026200873362445413,0.017543859649122806,0.09090909090909091,0.15584415584415584,0.07177033492822966,0.01948051948051948,0.016129032258064516,0.05555555555555555,0.05612244897959184,0.0,0.0,0.0,0.0,0.0,0.0,0.0,0.0,0.0,0.0,0.0,0.0,0.0,0.0,0.0,0.0,0.0,0.0,0.0,0.0,0.0,0.0
2854167, recC, G->T, missense,3.48113,9.999e-05,121,-1.0,0.6,119,0.9,0.545455,PASS,0.0,0.0,0.0,0.0,0.0,0.0,0.0,0.0,0.0,0.0,0.0,0.0,0.0,0.0,0.0,0.0,0.0,0.0,0.0,0.0,0.0,0.0,0.0,0.0,0.0,0.0,0.0,0.0,0.0,0.0,0.0,0.0,0.0,0.0,0.0,0.0,0.0,0.05263157894736842,0.08333333333333333,0.07894736842105263,0.08333333333333333,0.07936507936507936,0.14473684210526316,0.0,0.0,0.0,0.0,0.0,0.0,0.0,0.0,0.0,0.0,0.0,0.0,0.0,0.0,0.0,0.0,0.0,0.0,0.0,0.0,0.0,0.0,0.0,0.0,0.0,0.010101010101010102,0.0,0.0,0.0,0.0,0.0,0.0,0.006711409395973154,0.0,0.0,0.0,0.0,0.0,0.0,0.0,0.0,0.0,0.0,0.0,0.0,0.0,0.0,0.0,0.0,0.0,0.0,0.0,0.0,0.0,0.0,0.0,0.0,0.0,0.0,0.0,0.0,0.0,0.0,0.0,0.0,0.0,0.0,0.0,0.0,0.0,0.0,0.0,0.0,0.0,0.0,0.0,0.0,0.0,0.0,0.0,0.0,0.0,0.0,0.0,0.0,0.0,0.0,0.0,0.0,0.0,0.0,0.0,0.0,0.0,0.0,0.0,0.0,0.0,0.0,0.0,0.0
2871889, galR, G->A, missense,3.21057,9.999e-05,121,-1.0,0.923077,121,0.9,0.75,PASS,0.0,0.0,0.07692307692307693,0.4576271186440678,0.9575757575757575,0.42857142857142855,0.38114754098360654,0.8157894736842105,0.8108108108108109,0.6032608695652174,0.2222222222222222,0.0,0.0,0.0,0.0,0.004166666666666667,0.0,0.0,0.0,0.0,0.0,0.0,0.0,0.0,0.0,0.0,0.0,0.0,0.0,0.0,0.0,0.0,0.0,0.0,0.0,0.0,0.0,0.0,0.0,0.0,0.0,0.0,0.0,0.0,0.0,0.0,0.0,0.0,0.0,0.0,0.0,0.0,0.0,0.0,0.0,0.0,0.0,0.0,0.0,0.0,0.0,0.0,0.0,0.0,0.04,0.0,0.0,0.0,0.0,0.0,0.0,0.0,0.0,0.0,0.0,0.0,0.0,0.0,0.0,0.0,0.0,0.0,0.0,0.0,0.0,0.0,0.0,0.0,0.0,0.0,0.0,0.0,0.0,0.0,0.0,0.0,0.0,0.0,0.0,0.0,0.012345679012345678,0.0,0.015151515151515152,0.0,0.0,0.0,0.0,0.0,0.0,0.0,0.0,0.0,0.0,0.0,0.0,0.0,0.0,0.0,0.0,0.0,0.0,0.0,0.0,0.0,0.0,0.0,0.0,0.0,1.0,1.0,0.0,0.0,0.0,0.0,0.0,0.0,0.0,0.0,0.0,0.0,0.0,0.0,0.0,0.0
2877313, kduD, MOB_2877313_2877315_IS150_-1, sv,1.0313,9.999e-05,91,-1.37366,9.999e-05,112,0.9,0.107143,PASS,0.0,0.0,0.0,0.0,0.0,0.0,0.0,0.0,0.005878617210682492,0.0024183796856106408,0.0,0.0,0.0,0.0,0.0,0.02393204467353952,0.0,0.0,0.0,0.022271714922048998,0.005724817107484526,0.03546998982706002,0.02074401650618982,0.051085525349008086,0.049694169543536636,0.016366612111292964,0.0,0.03493957131079967,0.019597283950617283,0.012578616352201259,0.011892459701492537,0.0260800261951539,0.023971705705705705,0.035392247510668565,0.02216939343350028,0.017391992986557567,0.016373807565789475,0.013123359580052493,0.0,0.06257720232333011,0.0,0.012964096858638743,0.01786057347670251,0.017512048192771083,0.014940528634361233,0.0,0.023175963020030815,0.06327708571428571,0.11700693359375,0.052080295138888885,0.0874414686825054,0.07835769887981772,0.04452156237544839,0.03465148995148995,0.11181969026548672,0.10522985216976634,0.12007102451288498,0.17803385672227673,0.05396646294881589,0.17090806451612903,0.047172940563086546,0.06145060240963855,0.03944773175542406,0.10737527862208714,0.08573757961783439,0.16860656424581005,0.2618258620689655,0.12411975308641976,0.11761661538461539,0.1652850529100529,0.2425773263433814,0.17081206380857428,0.11545395958492628,0.21395718085106386,0.25375306479859894,0.3629643560809601,0.21636207951070335,0.23454172099087356,0.13929157762413577,0.5111763354394027,0.4145940065681445,0.23045240480961926,0.08979911242603551,0.19384256719692813,0.3567243975903614,0.25065996938385,0.062005963302752286,0.20905168408826943,0.4708475836431226,0.3447745753988677,0.25776456435813716,0.2633348039215686,0.254321387283237,0.18283333333333335,0.07042253521126761,0.28779122137404584,0.020625963488843817,0.2096086797066015,0.13257121710526318,0.1266910891089109,0.021052631578947368,0.04424613356766257,0.03236245954692557,0.0,0.1997243675099867,0.07674245426829268,0.1335970754716981,0.021883061889250814,0.11701098169717138,0.08069187898089172,0.05542090909090909,0.025707269279393173,0.03496503496503496,0.09617330148619958,0.09933029702970297,0.14310066555740433,0.2103711079943899,0.11200647168637214,0.009823182711198428,0.13477066666666665,0.09554219810040705,0.1359578947368421,0.0,0.0,0.0,0.0,0.0,0.0,0.0,0.0,0.0,0.0,0.0,0.0,0.0,0.0,0.0,0.0,1.0,0.0,0.0,0.0,0.0006083403111916516,0.0
2877356, kduD, MOB_2877356_2877359_IS150_1, sv,1.41683,9.999e-05,121,-1.0,1.0,120,0.9,1.0,PASS,0.0019646365422396855,0.0,0.037037037037037035,0.0,0.00228310502283105,0.0,0.0,0.0,0.005076142131979695,0.0,0.0,0.0,0.0,0.0,0.0,0.0017482517482517483,0.0,0.0,0.0,0.0,0.005235602094240838,0.005208333333333333,0.0,0.009433962264150943,0.0,0.0,0.0,0.0,0.0,0.0,0.0,0.0,0.0,0.013333333333333334,0.0,0.006329113924050633,0.007575757575757576,0.0,0.0,0.011494252873563218,0.0,0.0,0.016,0.0,0.0,0.0,0.01652892561983471,0.011627906976744186,0.0,0.022556390977443608,0.00904977375565611,0.0,0.0,0.0,0.0,0.0,0.008130081300813009,0.0049504950495049506,0.0,0.0,0.0,0.0,0.0,0.0,0.0,0.0,0.0,0.0,0.0,0.0,0.0,0.0,0.0,0.0,0.0,0.0,0.0,0.007751937984496124,0.0,0.0,0.0,0.011695906432748537,0.0,0.0,0.0,0.0024691358024691358,0.0,0.0,0.0,0.08823529411764706,0.14234234234234233,0.9036144578313253,0.9719626168224299,0.987012987012987,1.0,1.0,0.9661016949152542,0.9790575916230366,0.9722222222222222,0.996996996996997,1.0,0.9939759036144579,1.0,1.0,0.9826086956521739,0.9904306220095693,1.0,1.0,1.0,1.0,0.989010989010989,0.9834710743801653,1.0,0.9897959183673469,1.0,0.9802955665024631,0.9751552795031055,0.995575221238938,1.0,0.9887005649717514,0.9900249376558603,0.9899244332493703,0.0,0.0,0.0,0.0,0.0,0.0,0.0,0.0,0.0,0.0,0.0,0.0,0.0,0.0,0.0,0.0,0.0,0.0,0.0,0.0,1.0,1.0
2899615, yqeB, MOB_2899615_2899617_IS150_-1, sv,2.23486,9.999e-05,121,-1.0,0.705882,121,0.9,0.75,PASS,0.0,0.0,0.0,0.0,0.0,0.0,0.0,0.0,0.0,0.0,0.0,0.0,0.0,0.0,0.0,0.0046533256083429895,0.0,0.019422243902439025,0.0,0.0,0.0,0.007358315018315019,0.0,0.0,0.0,0.0,0.0,0.0,0.0,0.0,0.0,0.0,0.0,0.0,0.0232533527696793,0.01744186046511628,0.0,0.0,0.0,0.0,0.0,0.0,0.003129890453834116,0.0,0.0,0.007434944237918215,0.02214022140221402,0.013793103448275862,0.0,0.0,0.0,0.007444659231722429,0.0,0.0,0.0,0.0,0.014388489208633094,0.0,0.0,0.009950248756218905,0.0,0.0,0.0,0.0021598272138228943,0.0,0.0,0.0,0.0,0.0061162079510703364,0.0,0.029225474452554745,0.059612208436724566,0.04288179487179487,0.06829271844660194,0.12428636363636364,0.14541778613648576,0.02123399293286219,0.008771929824561403,0.00896794642857143,0.007047157894736841,0.0,0.0,0.0,0.01238390092879257,0.0,0.004310344827586207,0.007763783783783783,0.01106980055401662,0.01282051282051282,0.010578229854689565,0.0020876923076923078,0.0,0.0,0.0,0.0,0.0,0.0,0.0,0.0,0.004,0.0,0.009215736196319019,0.0,0.0,0.0,0.0,0.0,0.0045045045045045045,0.0,0.005838081395348838,0.0,0.00392156862745098,0.0,0.018462430939226518,0.0,0.0,0.0,0.0,0.0,0.0,0.007920792079207921,0.0,0.0,0.0,0.0,0.0,0.0,0.0,0.0,0.0,0.0,0.0,0.0,0.0,0.0,0.0,0.0,0.004784688995215311,,0.0,0.0,0.0,0.0,0.0
2899615, yqeB, MOB_2899615_2899617_IS150_1, sv,1.03747,0.00139986,121,-1.0,0.666667,121,0.9,0.8,PASS,0.0,0.0,0.03571428571428571,0.0,0.003215434083601286,0.0,0.001986886548778065,0.0,0.0,0.005681818181818182,0.0,0.0,0.015540015540015542,0.0,0.024390243902439025,0.011701380762930026,0.025,0.009970089730807577,0.07803790412486064,0.0,0.012422360248447204,0.014847809948032666,0.026954177897574125,0.012239902080783353,0.006086427267194157,0.0,0.0,0.0189873417721519,0.02734107997265892,0.0,0.013956734124214932,0.009174311926605505,0.0,0.05785920925747348,0.05917159763313609,0.041176470588235294,0.13848817080207732,0.1854714064914992,0.04081632653061224,0.01977587343441002,0.011668611435239206,0.0,0.012618296529968454,0.0,0.0,0.0,0.02962962962962963,0.006958942240779402,0.00946073793755913,0.03508771929824561,0.0,0.007481296758104738,0.0076045627376425855,0.0,0.0,0.015037593984962405,0.02178649237472767,0.03312825366777094,0.03508771929824561,0.02014098690835851,0.0,0.0,0.0,0.017455814968361336,0.0,0.07744433688286544,0.14285714285714285,0.09210526315789473,0.012345679012345678,0.09220452640402348,0.11825572801182556,0.06021073758153537,0.04336513443191674,0.0,0.008382229673093043,0.059831384280663584,0.04964539007092199,0.035398230088495575,0.04574565416285453,0.02857142857142857,0.0,0.034822983168891465,0.0,0.0125,0.01680672268907563,0.008695652173913044,0.0,0.019591379792891127,0.025974025974025976,0.031914893617021274,0.06079664570230608,0.02399520095980804,0.0,0.0,0.0,0.0,0.0,0.0,0.014316392269148177,0.0040766408479412965,0.012682308180088777,0.01557632398753894,0.010341261633919338,0.006024096385542169,0.0,0.0,0.0,0.004524886877828055,0.0,0.029291154071470416,0.05,0.007914523149980214,0.019801980198019802,0.011235955056179775,0.0,0.006493506493506494,0.0136332651670075,0.013454423141607804,0.008,0.0036496350364963502,0.016083634901487738,0.010355540214014499,0.0,0.0,0.0,0.0,0.0,0.0,0.0,0.0,0.0,0.0,0.0,0.0,0.0,0.0,0.0,0.0,1.0,0.0,0.0,0.010344827586206896,0.0,0.0
2936148, gcvT, G->A, missense,2.86121,0.00929907,121,-1.0,0.461538,121,0.9,0.444444,PASS,0.0,0.0,0.0,0.0,0.0,0.0,0.0,0.0,0.0,0.0,0.0,0.0,0.0,0.0,0.0,0.0,0.0,0.0,0.0,0.0,0.0,0.0,0.0,0.0,0.0,0.0,0.0,0.0,0.0,0.0,0.0,0.0,0.0,0.0,0.0,0.011627906976744186,0.0,0.0,0.0,0.0,0.0,0.0,0.005319148936170213,0.0,0.0,0.0,0.0,0.0,0.0,0.0,0.0,0.0,0.008403361344537815,0.0,0.0,0.0,0.0,0.0,0.0,0.0,0.0,0.0,0.0,0.05240174672489083,0.041666666666666664,0.0,0.0,0.0,0.014925373134328358,0.0,0.0,0.14457831325301204,0.11688311688311688,0.0,0.0,0.005376344086021506,0.0,0.0,0.0,0.0,0.0,0.0,0.0,0.0,0.0,0.0,0.0,0.0,0.0,0.0,0.0,0.0,0.0,0.0,0.0,0.0,0.0,0.0,0.0,0.005813953488372093,0.0,0.0,0.0,0.0,0.02197802197802198,0.0,0.0,0.009615384615384616,0.0,0.0,0.0,0.0,0.0,0.0,0.0,0.0,0.0,0.0,0.0,0.0,0.0,0.0,0.0,0.0,0.0,0.0,0.0,0.0,0.0,0.0,0.0,0.0,0.0,0.0,0.0,0.0,0.0,0.0,0.014925373134328358,0.0,0.0,0.0,0.0,0.0
2944401, intergenic, MOB_2944401_2944406_IS186_1, sv,1.33393,9.999e-05,121,-1.0,1.0,116,0.9,0.26087,PASS,0.008620689655172414,0.0,0.0,0.0,0.0049504950495049506,0.0,0.002898550724637681,0.027522935779816515,0.0,0.0,0.0,0.0,0.0,0.0,0.0,0.0,0.0,0.0,0.0,0.1,0.01680672268907563,0.0,0.0,0.0,0.0,0.0,0.0,0.0,0.0,0.021739130434782608,0.0,0.0,0.0,0.0,0.0,0.0,0.0,0.0,0.0,0.0,0.0,0.0,0.0,0.0,0.027522935779816515,0.029411764705882353,0.0,0.0,0.0,0.0,0.0,0.003246753246753247,0.0,0.0,0.0,0.0,0.0,0.0,0.0,0.016666666666666666,0.0,0.0,0.0,0.0,0.0,0.0,0.0,0.0,0.0,0.0,0.0,0.010638297872340425,0.0,0.0,0.0,0.0,0.0,0.0,0.06666666666666667,0.009259259259259259,0.0,0.0,0.0,0.008403361344537815,0.021505376344086023,0.009933774834437087,0.0,0.013157894736842105,0.0,0.00425531914893617,0.03951367781155015,0.9130434782608695,0.8869047619047619,0.8709677419354839,0.85,0.9186046511627907,0.9830508474576272,0.9838709677419355,0.8832116788321168,0.950381679389313,0.9705882352941176,0.941908713692946,0.9431818181818182,0.9618320610687023,0.9827586206896551,0.9063829787234042,0.8944723618090452,0.9543147208121827,0.9759036144578314,0.9782608695652174,0.972972972972973,0.981042654028436,0.935064935064935,0.9823788546255506,0.9136690647482014,0.9456066945606695,0.9051724137931034,0.937007874015748,0.9739583333333334,0.9529411764705882,0.9913793103448276,0.947565543071161,0.0,0.0,0.0,0.0,0.0,0.0,0.0,0.0,0.0,0.0,0.0,0.0,0.0,0.0,0.0,0.0,0.0,0.0,0.0,0.0,0.9752530933633295,0.9956896551724138
2947934, sbm, T->C, missense,2.70718,9.999e-05,121,-1.0,0.923077,121,0.9,1.0,PASS,0.0,0.0,0.0,0.0,0.0,0.0,0.0,0.0,0.0,0.0,0.0,0.0,0.0,0.0,0.0,0.0,0.0,0.0,0.0,0.0,0.0,0.0,0.011111111111111112,0.0,0.0,0.0,0.0,0.0,0.0,0.0,0.015151515151515152,0.0,0.0,0.0,0.0,0.0,0.0,0.0,0.0,0.0,0.0,0.0,0.0,0.0,0.0,0.0,0.0,0.0,0.0,0.0,0.0,0.005076142131979695,0.0,0.0,0.0,0.0,0.0,0.0,0.015873015873015872,0.0,0.0,0.0,0.0,0.0,0.0,0.0,0.0,0.0,0.0,0.0,0.0,0.0,0.0,0.0,0.0,0.0,0.0,0.0,0.0,0.0,0.0,0.0,0.0,0.0,0.0,0.0,0.0,0.0,0.0,0.0,0.014018691588785047,0.18604651162790697,0.16666666666666666,0.24285714285714285,0.47058823529411764,0.04225352112676056,0.018867924528301886,0.0297029702970297,0.0945945945945946,0.2318840579710145,0.5074626865671642,0.6159420289855072,0.3157894736842105,0.1935483870967742,0.06097560975609756,0.06993006993006994,0.024,0.1782178217821782,0.11956521739130435,0.16964285714285715,0.2608695652173913,0.03418803418803419,0.0,0.0,0.0,0.0,0.0,0.0,0.016,0.0,0.0,0.0,0.0,0.0,0.0,0.0,0.0,0.0,0.0,0.0,0.0,0.0,0.0,0.0,0.0,0.0,0.0,0.0,0.0,0.0,0.0,0.0,0.004149377593360996,1.0
2950664, ygfH, MOB_2950664_2950666_IS150_1, sv,1.78284,0.00019998,121,-1.0,0.244898,120,0.9,0.545455,PASS,0.0,0.0,0.0,0.0,0.0,0.0,0.0,0.0,0.0,0.0,0.0,0.01990868,0.0,0.0,0.0,0.0,0.0,0.0,0.0,0.016666666666666666,0.008,0.0,0.0,0.0,0.0,0.0,0.0,0.0,0.0,0.0,0.0,0.0,0.0,0.0,0.0,0.0,0.0,0.0,0.0,0.0,0.0,0.0,0.028143717647058825,0.0,0.0,0.0,0.0,0.0,0.0,0.0,0.0,0.003276674342105263,0.0,0.0,0.0,0.0,0.009341209302325583,0.0,0.01443591304347826,0.0,0.0,0.0,0.0,0.0029912252252252253,0.0,0.0,0.0,0.0,0.02120867724867725,0.0,0.0,0.0,0.0,0.0,0.0,0.0,0.0,0.0,0.0,0.0,0.0065206493506493515,0.0,0.0,0.0,0.0,0.0,0.0,0.0,0.0,0.0,0.0,0.0,0.0,0.0,0.0,0.013943333333333332,0.0,0.0,0.0,0.015526046511627908,0.0,0.0,0.0,0.0,0.015872806324110672,0.017906964285714286,0.07181227621483377,0.04845806896551724,0.03943236220472441,0.0072992700729927005,0.010526315789473684,0.010541522309711287,0.13586118644067796,0.021389007470651013,0.08536585365853659,0.07275025906735752,0.15124176100628933,0.0441608,0.019569511400651465,0.047453631578947365,0.031856190476190475,0.06584083582089552,0.0,0.0,0.0,0.0,0.0,0.0,0.0,0.0,0.0,0.0,0.0,0.0,0.0,0.0,0.0,0.0,0.0,0.0,0.0,0.0,0.0,0.0
2956647, fbaA, G->A, synonymous,3.4881,9.999e-05,121,-1.0,0.8,121,0.9,0.666667,PASS,0.0,0.0,0.0,0.0,0.0,0.0,0.0,0.0,0.0,0.0,0.0,0.0,0.0,0.0,0.0,0.0,0.0,0.0,0.0,0.0,0.0,0.0,0.011764705882352941,0.0,0.0,0.0,0.0,0.0,0.0,0.0,0.0,0.0,0.0,0.0,0.0,0.0,0.0,0.0,0.0,0.0,0.0,0.0,0.0047169811320754715,0.0,0.0,0.0,0.0,0.0,0.013888888888888888,0.0,0.0,0.008547008547008548,0.0,0.0,0.0,0.0,0.0,0.0,0.0,0.0,0.0,0.0,0.0,0.0,0.0,0.0,0.0,0.0,0.011363636363636364,0.0,0.0,0.0,0.0,0.0,0.0,0.004201680672268907,0.011235955056179775,0.0,0.0,0.0,0.0,0.0,0.0,0.0,0.0,0.0,0.0,0.0047169811320754715,0.0,0.0,0.0,0.0,0.0,0.0,0.0,0.0,0.0,0.0,0.0,0.0,0.0,0.0,0.025974025974025976,0.009174311926605505,0.0425531914893617,0.039473684210526314,0.008928571428571428,0.1323529411764706,0.1485148514851485,0.16129032258064516,0.29850746268656714,0.057692307692307696,0.0,0.0048543689320388345,0.0,0.004424778761061947,0.0,0.0,0.0,0.0,0.0,0.0,0.0,0.0,0.0,0.0,0.0,0.0,0.0,0.0,0.0,0.0,0.0,0.0,0.0,0.0,0.0,0.0,0.0,0.0,0.0,0.0,0.0,0.0
2959918, yggC, junction_2959918_-1_2960045_1, sv,1.32213,9.999e-05,121,-1.0,0.193548,120,0.9,0.3,PASS,0.0,0.0,0.0,0.0,0.0,0.0,0.0,0.0,0.0,0.0,0.0,0.0,0.0,0.0,0.0,0.0,0.0,0.0,0.0,0.0,0.0,0.0,0.0,0.0,0.0,0.0,0.0,0.0,0.0,0.0,0.0,0.0,0.008203445447087777,0.0,0.0,0.0,0.0,0.0,0.0,0.037243947858472994,0.04504504504504505,0.0,0.003637686431429611,0.012285012285012284,0.0,0.03663003663003663,0.019011406844106463,0.015278838808250572,0.03968253968253969,0.05720823798627002,0.029282576866764276,0.0312256049960968,0.01845018450184502,0.028328611898017,0.0,0.04101722723543888,0.05758157389635316,0.07542426147077311,0.08458646616541353,0.022573363431151242,0.0,0.0392156862745098,0.05952380952380952,0.047860360360360364,0.030959752321981428,0.09503695881731784,0.0,0.02207505518763797,0.04208754208754209,0.03952569169960474,0.09803921568627452,0.05263157894736842,0.07323026851098453,0.033444816053511704,0.06295907660020987,0.28938906752411575,0.1761006289308176,0.1001669449081803,0.09784735812133072,0.3452685421994885,0.2834008097165992,0.19434628975265017,0.09174311926605504,0.1183431952662722,0.2222222222222222,0.16326530612244897,0.019821605550049554,0.12323943661971831,0.32258064516129037,0.16577060931899643,0.08880431335236283,0.072522159548751,0.034293552812071325,0.032599837000814993,0.0,0.01845018450184502,0.0,0.05865102639296188,0.03849114703618168,0.03050330452465684,0.00753012048192771,0.0,0.023668639053254437,0.0,0.012554927809165096,0.017785682525566917,0.03759398496240601,0.03579098067287044,0.011983223487118035,0.008210180623973728,0.009149130832570906,0.014738393515106855,0.009328358208955223,0.01957905041605482,0.03526093088857545,0.021654395842355997,0.11695906432748539,0.016891891891891893,0.004995004995004995,0.01399906672888474,0.004625346901017576,0.022727272727272728,0.0,0.0,0.0,0.0,0.0,0.0,0.0,0.0,0.0,0.0,0.0,0.0,0.0,0.0,0.0,0.0,1.0,0.0,0.0,0.0,0.0,0.0
2963464, cmtA, MOB_2963464_2963470_IS186_-1, sv,6.98985,9.999e-05,121,-1.0,0.75,120,0.9,0.857143,PASS,0.0,0.0,0.0,0.0,0.0,0.0,0.0,0.0,0.0,0.0,0.0,0.0,0.0,0.0,0.0,0.0,0.0,0.0,0.0,0.0,0.0,0.0,0.0,0.0,0.0,0.0,0.0,0.0,0.0,0.0,0.0,0.0,0.0,0.0,0.0058823529411764705,0.02857142857142857,0.046052631578947366,0.3469387755102041,0.2,0.09243697478991597,0.0,0.0,0.0,0.0,0.0,0.0,0.0,0.0,0.0,0.0,0.0,0.0,0.0,0.0,0.0,0.0,0.0,0.0,0.0,0.0,0.0,0.0,0.0,0.0,0.0,0.0,0.0,0.0,0.0,0.0,0.0,0.0,0.0,0.0,0.0,0.0,0.0,0.0,0.0,0.0,0.0,0.0,0.0,0.0,0.0,0.0,0.0,0.0,0.0,0.0,0.0,0.0,0.0,0.0,0.0,0.0,0.0,0.0,0.0,0.0,0.0,0.0,0.0,0.0,0.0,0.0,0.0,0.0,0.0,0.0,0.0,0.0,0.0,0.0,0.0,0.0,0.0,0.0045871559633027525,0.0,0.0,0.0,0.0,0.0,0.0,0.0,0.0,0.0,0.0,0.0,0.0,0.0,0.0,0.0,0.0,0.0,0.0,0.0,0.0,0.0,0.0,0.0,0.0,0.0,0.0
2991214, intergenic, T->C, noncoding,0.828031,9.999e-05,121,-1.0,0.444444,120,0.9,0.26087,PASS,0.007462686567164179,0.0,0.0,0.0,0.0,0.0,0.0,0.0,0.0,0.006622516556291391,0.0,0.0,0.0,0.0,0.0,0.0,0.0,0.0,0.0,0.0,0.0,0.0,0.0,0.0,0.0,0.0,0.0,0.006493506493506494,0.0,0.0,0.0,0.0,0.0,0.0,0.0,0.0,0.0,0.0,0.0,0.0,0.0,0.0,0.00625,0.7777777777777778,0.5333333333333333,0.578125,0.7894736842105263,0.8961038961038961,0.8809523809523809,0.9545454545454546,0.9054054054054054,0.916256157635468,0.9743589743589743,1.0,1.0,0.9733333333333334,0.927536231884058,0.7857142857142857,0.9347826086956522,0.8666666666666667,0.967741935483871,0.75,0.6666666666666666,0.8860103626943006,1.0,0.8571428571428571,1.0,0.9024390243902439,0.9456521739130435,0.75,0.7659574468085106,0.9473684210526315,0.8958333333333334,0.7941176470588235,0.868421052631579,0.6178861788617886,0.7377049180327869,0.7037037037037037,0.6885245901639344,0.4576271186440678,0.4788732394366197,0.828125,0.8888888888888888,0.8607594936708861,0.5555555555555556,0.813953488372093,0.9795918367346939,0.8053691275167785,0.39285714285714285,0.7166666666666667,0.7928994082840237,0.7924528301886793,0.9795918367346939,0.8970588235294118,1.0,1.0,1.0,0.9565217391304348,0.9215686274509803,0.9117647058823529,1.0,1.0,1.0,1.0,0.9016393442622951,0.9583333333333334,0.8425925925925926,0.9672131147540983,0.9830508474576272,1.0,0.9692307692307692,1.0,1.0,0.9545454545454546,0.9655172413793104,0.9058823529411765,0.8846153846153846,0.9393939393939394,1.0,0.9375,0.9711538461538461,0.9157894736842105,0.0,0.0,0.0,0.0,0.0,0.0,0.0,0.0,0.0,0.0,0.0,0.0,0.0,0.0,0.0,0.0,0.0,1.0,1.0,0.9924242424242424,0.9951219512195122,1.0
2993878, speC, A->C, missense,1.56772,0.00019998,121,-1.0,0.6,120,0.9,0.666667,PASS,0.0,0.0,0.0,0.0,0.0,0.0,0.0,0.0,0.0,0.0,0.0,0.0,0.0,0.0,0.0,0.0,0.0,0.0,0.0,0.0,0.0,0.0,0.0,0.0,0.0,0.0,0.0,0.0,0.0,0.0,0.0,0.0,0.0,0.0,0.0,0.0,0.0,0.0,0.0,0.0,0.0,0.0,0.0,0.0,0.0,0.0,0.0,0.0,0.0,0.0,0.0,0.0,0.0,0.0,0.0,0.0,0.0,0.0,0.0,0.0,0.0,0.0,0.0,0.0,0.0,0.0,0.0,0.0,0.0,0.0,0.08928571428571429,0.0851063829787234,0.1,0.1774193548387097,0.18072289156626506,0.3973509933774834,0.2839506172839506,0.23880597014925373,0.10714285714285714,0.625,0.42045454545454547,0.25609756097560976,0.1,0.18446601941747573,0.3469387755102041,0.24539877300613497,0.04054054054054054,0.23255813953488372,0.5,0.28901734104046245,0.20535714285714285,0.14516129032258066,0.054945054945054944,0.09,0.0,0.0759493670886076,0.0,0.08536585365853659,0.09375,0.06666666666666667,0.0,0.0070921985815602835,0.04838709677419355,0.0,0.06666666666666667,0.05755395683453238,0.06060606060606061,0.08536585365853659,0.020618556701030927,0.0,0.016129032258064516,0.007692307692307693,0.02631578947368421,0.043478260869565216,0.0,0.05405405405405406,0.1,0.05625,0.018018018018018018,0.033783783783783786,0.01910828025477707,0.057971014492753624,0.0,0.0,0.0,0.0,0.0,0.0,0.0,0.0,0.0,0.0,0.0,0.0,0.0,0.0,0.0,0.0,0.0,0.0,0.0,0.0,0.0,0.0
3001285, flu, MOB_3001285_3001287_IS150_1, sv,1.24312,9.999e-05,121,-1.0,0.8,120,0.9,0.0126183,PASS,0.0,0.0,0.0,0.0,0.0,0.0,0.0,0.0,0.0,0.0,0.0,0.0,0.0,0.0,0.0,0.0,0.023923444976076555,0.013719512195121951,0.0,0.0,0.0,0.0,0.0,0.0,0.0,0.0,0.0,0.002463661000246366,0.0,0.0,0.0,0.0,0.0,0.0,0.0,0.0,0.0,0.0,0.0,0.0,0.0,0.0,0.0,0.0,0.0,0.0,0.0,0.0154320987654321,0.04042620320855615,0.008726003490401396,0.11654423994546695,0.053759242761692645,0.04309749243406831,0.022644011976047908,0.0579971346704871,0.048320226537216834,0.04254655797101449,0.19011599386816558,0.07927609162491053,0.1654106988783434,0.049170747740345105,0.033444816053511704,0.07950870712401056,0.11297134342044934,0.1763964912280702,0.15253346814964608,0.14374142857142855,0.062312871287128715,0.09144441913439635,0.09082725631768954,0.3724360824742268,0.16780591304347825,0.1446334384858044,0.15793389626055487,0.1620967450271248,0.34927189141856396,0.24775952203136667,0.24108591674047827,0.322149,0.5528228924980665,0.5766573938506588,0.23219081500646832,0.2366741176470588,0.2363648974668275,0.3580451923076923,0.22020909237465744,0.03066236680327869,0.2413238259867473,0.6322050147492626,0.3439023070350327,0.24771672836241848,0.14496757925072046,0.0881666149870801,0.1368242502142245,0.0,0.04478162583518931,0.03852636103151862,0.049574354243542444,0.05107336400817996,0.03635322156476003,0.059214504716981135,0.0,0.037684067478912835,0.0,0.048483955739972336,0.020800618131868134,0.1882642118863049,0.03172593760953382,0.02634315605928509,0.00516795865633075,0.04310229062276307,0.006533812479581835,0.06594691011235955,0.026330486738560182,0.02210358449158742,0.06621276448144293,0.16323330324909746,0.04381178707224335,0.016965736040609136,0.04798647358370465,0.058328875281985174,0.05140589839754517,0.0,0.0,0.0,0.0,0.0,0.0,0.0,0.0,0.0,0.0,0.0,0.0,0.0,0.0,0.0,0.0,1.0,0.0,0.0,0.0,0.0,0.0
3011639, ECB_02812, junction_3011639_-1_IS150_start, sv,1.32647,9.999e-05,121,-1.0,0.75,119,0.9,0.428571,PASS,0.0,0.0,0.0,0.0,0.0,0.0,0.0,0.0,0.0,0.0,0.0,0.0,0.0,0.0,0.0,0.0,0.0,0.0,0.0,0.0,0.0,0.0,0.0,0.0,0.0,0.0,0.0,0.0,0.0,0.0,0.0,0.0,0.0,0.0,0.0,0.0,0.0,0.0,0.0,0.0,0.0,0.0,0.0,0.0,0.0,0.0,0.0,0.0,0.0,0.0,0.012296876543209876,0.0,0.0,0.0,0.0,0.016738672268907562,0.0,0.04485657657657657,0.14062282352941177,0.10485031578947368,0.0,0.1421602857142857,0.07654784615384615,0.09343095362167796,0.18959047619047617,0.18793924528301886,0.079638,0.028049154929577463,0.03963303482587065,0.0,0.2626989010989011,0.15693512511584798,0.17597790868924887,0.1837233846153846,0.1075908108108108,0.45628863134657843,0.23347121535181237,0.14745259259259258,0.12068272727272727,0.4375289982425307,0.520412429378531,0.31776127612761274,0.1991416,0.15447672778561353,0.4514964200477327,0.23787997550520512,0.07801196078431373,0.19937378954163976,0.6083100436681224,0.24650436681222707,0.23683571119757887,0.12896036697247706,0.1884646799116998,0.11811550802139037,0.0,0.07797456310679612,0.0,0.0,0.1064519696969697,0.04184552083333334,0.06529577235772357,0.010916195652173912,0.024483658536585365,0.0,0.011344067796610168,0.026659734513274337,0.05021833333333334,0.025737820512820513,0.012169090909090907,0.04183819444444445,0.0,0.021593118279569893,0.037531028037383174,0.02479382716049383,0.0401582,0.04921970588235294,0.18253636363636364,0.10854234234234234,0.017612631578947366,0.04462435555555556,0.03701557603686636,0.057140975609756096,0.0,0.0,0.0,0.0,0.0,0.0,0.0,0.0,0.0,0.0,0.0,0.0,0.0,0.0,0.0,0.0,0.0,0.0,0.0,0.0,0.0,0.0
3015273, ECB_02816, junction_3015273_-1_IS150_start, sv,2.13928,0.00169983,121,-1.0,0.545455,120,0.9,0.363636,PASS,0.0,0.0,0.0,0.0,0.0,0.0,0.0,0.0,0.0,0.0,0.0,0.0,0.03639305301645338,0.0,0.0,0.0,0.0,0.0,0.0,0.0,0.0,0.0,0.0,0.0,0.0,0.0,0.0,0.010584962805526036,0.1578546895640687,0.025008768844221107,0.0,0.0,0.09378021978021978,0.06000100401606426,0.014711240768094535,0.04286728837876614,0.09840345963756178,0.0,0.23553195266272192,0.04413663220088626,0.12519559748427672,0.1352195652173913,0.17218882978723404,0.0,0.0,0.0,0.0,0.0,0.0,0.0,0.0,0.0,0.0,0.0,0.0,0.0,0.0,0.0,0.0,0.0,0.0,0.0,0.0,0.0,0.0,0.0,0.0,0.0,0.0,0.0,0.0,0.0,0.0,0.0,0.0,0.0,0.0,0.0,0.0,0.0,0.0,0.0,0.0,0.0,0.0,0.0,0.0,0.0,0.0,0.0,0.0,0.0,0.0,0.0,0.0,0.0,0.0,0.0,0.0,0.0,0.0,0.0,0.0,0.0,0.0,0.0,0.0,0.0,0.0,0.0,0.0,0.0,0.0,0.0,0.0,0.0,0.0,0.0,0.0,0.0,0.0,0.0,0.0,0.0,0.0,0.0,0.0,0.0,0.0,0.0,0.0,0.0,0.0,0.0,0.0,0.0,0.0,0.0,0.0,0.0,0.0,0.0,0.0,0.0
3015771, ECB_02816, MOB_3015771_3015773_IS150_1, sv,2.08569,0.00429957,121,-1.0,0.75,119,0.9,0.8,PASS,0.0,0.0,0.0,0.0,0.0,0.0,0.002145922746781116,0.0,0.0,0.0033444816053511705,0.0,0.011764705882352941,0.008,0.22727272727272727,0.06451612903225806,0.004201680672268907,0.06060606060606061,0.036585365853658534,0.045454545454545456,0.08196721311475409,0.015384615384615385,0.045112781954887216,0.22727272727272727,0.14,0.05240174672489083,0.0,0.0,0.0778816199376947,0.02877697841726619,0.013513513513513514,0.0,0.0,0.0,0.0,0.0,0.0,0.0,0.0,0.0,0.0,0.01639344262295082,0.0,0.10176991150442478,0.0,0.0,0.0,0.0,0.0,0.0,0.0,0.0064516129032258064,0.0,0.0,0.0,0.0,0.0,0.013888888888888888,0.006944444444444444,0.0,0.012195121951219513,0.0,0.0,0.0,0.0,0.0,0.0,0.0,0.0,0.0,0.030927835051546393,0.0,0.0,0.0,0.0,0.0,0.0,0.0,0.0,0.0,0.0,0.0,0.0,0.0,0.0,0.0,0.0,0.0,0.0,0.0,0.0,0.0,0.0,0.0,0.0,0.0,0.0,0.0,0.0,0.0,0.0,0.0,0.0035971223021582736,0.0,0.0049261083743842365,0.0,0.0,0.0,0.0,0.005813953488372093,0.0,0.0,0.0,0.0,0.0,0.0,0.0,0.0,0.0,0.004545454545454545,0.0,0.0,0.0,0.0,0.0,0.0,0.0,0.0,0.0,0.0,0.0,0.0,0.0,0.0,0.9876543209876543,0.0,0.0,0.0,0.0,,0.0,0.0,0.0,0.0,0.0
3015773, ECB_02816, junction_3015773_-1_IS150_start, sv,1.25996,0.011042,121,-1.0,0.631579,119,0.9,0.631579,PASS,0.0,0.0,0.0,0.0,0.0,0.0,0.0,0.0,0.0,0.013422818791946308,0.0,0.0,0.0,0.0,0.0,0.0,0.0,0.0,0.0,0.03125,0.0,0.029411764705882353,0.03333333333333333,0.10714285714285714,0.08264462809917356,0.0,0.047619047619047616,0.06134969325153374,0.0,0.0,0.0,0.0,0.017543859649122806,0.05714285714285714,0.05405405405405406,0.0196078431372549,0.0,0.03333333333333333,0.05555555555555555,0.08333333333333333,0.0,0.0,0.02608695652173913,0.0,0.0,0.014285714285714285,0.0,0.028169014084507043,0.12903225806451613,0.08823529411764706,0.1111111111111111,0.04591836734693878,0.06976744186046512,0.02,0.18181818181818182,0.06172839506172839,0.0,0.05194805194805195,0.0,0.0,0.0,0.0,0.0,0.05027932960893855,0.0,0.022222222222222223,0.0,0.13157894736842105,0.07462686567164178,0.02,0.11538461538461539,0.0,0.0,0.0,0.0,0.0,0.0,0.0,0.0,0.0,0.0,0.0,0.0,0.0,0.0,0.0,0.0,0.0,0.0,0.0,0.0,0.0,0.0,0.0,0.0,0.0,0.0,0.0,0.0,0.0,0.0,0.0,0.0,0.0,0.0,0.0,0.0,0.0,0.0,0.0,0.0,0.0,0.0,0.0,0.0,0.0,0.0,0.0,0.0,0.0,0.0,0.0,0.0,0.0,0.0,0.0,0.0,0.0,0.0,0.0,0.0,0.0,0.0,0.0,0.0,0.0,0.0,0.0,1.0,0.0,0.0,0.0,0.0,0.0
3035123, ECB_02836, MOB_3035123_3035125_IS150_-1, sv,1.09557,9.999e-05,121,-1.0,0.6,120,0.9,0.75,PASS,0.0,0.0,0.0,0.0,0.0,0.0,0.0,0.0,0.0,0.0,0.0,0.02213515625,0.027758257839721252,0.0,0.0,0.03159042721518987,0.021141649048625793,0.0,0.05666348074179743,0.06756756756756756,0.008216926869350863,0.028577707736389683,0.06136983930778738,0.0,0.022700305110602594,0.0,0.0,0.059631408775981526,0.02833352353780314,0.0,0.0,0.0,0.0197265407554672,0.02916387665198238,0.0,0.01289477922077922,0.0077439734582357535,0.0,0.07182391304347825,0.03488384074941452,0.03219350649350649,0.020959196617336154,0.013066973684210526,0.01257699619771863,0.0,0.01933456669912366,0.0,0.01749603524229075,0.03973644859813084,0.010498591101694914,0.07873718061674008,0.03673167451244116,0.004774000962927299,0.018638345864661652,0.03362722033898305,0.008968048780487804,0.020161688311688315,0.10097641810070107,0.023812223515715946,0.05142214983713355,0.01917967183226983,0.08812892561983471,0.0,0.09925586934331405,0.0671378947368421,0.2375021459227468,0.07170067567567567,0.08954273399014778,0.0759602383531961,0.049401463414634146,0.1946076433121019,0.08619058466211087,0.08579228486646884,0.031763487332339795,0.08600121130551817,0.2831162393162393,0.2232365308804205,0.1902220566318927,0.15174761146496815,0.3449346846846847,0.5548774193548387,0.1917087967644085,0.13305345911949684,0.12505908419497783,0.3691787790697674,0.19026471306471304,0.00967,0.2011373190098085,0.20447255319148938,0.21023050847457628,0.1960127647229475,0.0727076724137931,0.07920872274143302,0.10003228869895538,0.07386689895470383,0.07700780487804877,0.016436448598130843,0.03655137931034483,0.025872749691738594,0.04149934612031386,0.00965041788143829,0.005761274509803922,0.0,0.0,0.01110632911392405,0.006479815950920246,0.06499150141643059,0.026845431309904154,0.06635819327731092,0.033777848911651726,0.009690976058931862,0.015860701754385965,0.10809897330595483,0.0,0.029575421348314607,0.027372058823529416,0.06573673257023935,0.0420396719858156,0.0,0.02351164139161463,0.032289790709545685,0.030469990366088634,0.0,0.0,0.0,0.0,0.0,0.0,0.0,0.0,0.0,0.0,0.0,0.0,0.0,0.0,0.0,0.0,1.0,0.0,0.0,0.0,0.0,0.0
3036431, ECB_02837, MOB_3036431_3036433_IS150_-1, sv,0.956583,9.999e-05,121,-1.0,1.0,119,0.9,0.285714,PASS,0.0,0.0,0.0,0.0,0.0,0.0,0.0,0.0,0.0,0.0,0.0,0.0,0.0,0.0,0.0,0.0,0.0,0.0,0.0,0.0,0.0,0.0,0.0,0.0,0.0,0.0,0.0,0.0,0.0,0.0,0.0,0.008285004142502071,0.0,0.0,0.0,0.0,0.0,0.0,0.0,0.0,0.0,0.0,0.0,0.0,0.0,0.0,0.0,0.0,0.0,0.0,0.0,0.0,0.0,0.0,0.0,0.0,0.0,0.0,0.0,0.0,0.0,0.0,0.0,0.0,0.0,0.0,0.0,0.0,0.0,0.0,0.0,0.0,0.06760134874759152,0.2220314318975553,0.31975642161204604,0.4751451398135819,0.738015306122449,0.5809219143576826,0.5604322033898305,0.4807013487475916,0.5042484662576687,0.853538315988647,0.8851294117647059,0.7412928468554969,0.6250476190476191,0.8131746905089409,0.9214063047285463,0.9020972836386607,0.45314520547945203,0.8408165256994145,0.7768097424635656,0.9134763805721889,0.9883798405466971,0.9466083244397011,1.0,0.9375825486503452,1.0,0.9753117206982543,0.978020719738277,0.979138051857043,1.0,1.0,1.0,1.0,0.9389923273657289,0.9802305665349144,0.9501819479129504,0.9663131313131313,0.9546833712984054,0.9872041210560206,1.0,0.9642918454935621,0.9422328767123289,0.9602263648468709,1.0,0.9752495321272614,0.9701303052866715,0.9610940979955458,1.0,0.9747107438016528,0.99351137487636,0.9754388133498145,0.0,0.0,0.0,0.0,0.0,0.0,0.0,0.0,0.0,0.0,0.0,0.0,0.0,0.0,0.0,0.0,0.0,0.0,1.0,0.9863613760217984,0.998798079844443,1.0
3037517, ECB_02838, C->T, missense,2.68828,0.00859914,121,-1.0,0.166667,121,0.9,0.146341,PASS,0.0,0.0,0.0,0.0,0.0,0.0,0.005555555555555556,0.0,0.0,0.0,0.0,0.0,0.0,0.0,0.0,0.0,0.0,0.0,0.0,0.0,0.0,0.0,0.0,0.0,0.0,0.024390243902439025,0.0,0.0,0.0,0.0,0.0,0.0,0.0,0.0,0.0,0.0,0.0,0.0,0.0,0.0,0.0,0.0,0.0,0.0,0.0,0.0,0.0,0.0,0.0,0.0,0.0,0.004830917874396135,0.0,0.0,0.0,0.0,0.012987012987012988,0.0,0.0,0.0,0.0,0.0,0.0,0.15048543689320387,0.1111111111111111,0.024096385542168676,0.0,0.0,0.0,0.0,0.0,0.0,0.0,0.0,0.0,0.0053475935828877,0.0,0.0,0.0,0.0,0.0,0.0,0.0,0.0,0.0,0.0,0.0,0.0,0.0,0.0,0.004545454545454545,0.0,0.0,0.0,0.0,0.0,0.025,0.0,0.0,0.0,0.010638297872340425,0.0,0.0,0.0,0.0,0.007751937984496124,0.0,0.0,0.0,0.0,0.0,0.0,0.0,0.0,0.0,0.0,0.0,0.0,0.0,0.0,0.0,0.0,0.0,0.0,0.0,0.0,0.0,0.0,0.0,0.0,0.0,0.0,0.0,0.0,0.0,0.0,0.0,0.0,0.0,0.0,0.0,0.0,0.0,0.0
3048493, intergenic, MOB_3048493_3048495_IS150_1, sv,3.55968,9.999e-05,121,-1.0,1.0,119,0.9,0.8,PASS,0.0,0.0,0.0,0.0,0.002126435077314128,0.0,0.0,0.0,0.0,0.005758710048949035,0.0,0.0,0.0,0.0,0.0,0.0036053869635482134,0.0,0.0,0.0,0.0,0.0,0.0,0.0,0.0,0.004817314148681055,0.0,0.0,0.0,0.0062469819539514625,0.0,0.005621220604703247,0.014879955456570157,0.0,0.00681663258350375,0.007184150268336314,0.0,0.0,0.0,0.0,0.0,0.0,0.0,0.003160556257901391,0.0,0.0,0.0,0.0,0.0,0.0,0.0,0.0,0.0,0.0,0.032327586206896554,0.0,0.0,0.0,0.0,0.0,0.0065061808718282375,0.0063011972274732205,0.0,0.0,0.0017646686588152574,0.0,0.0,0.0,0.0,0.0,0.0,0.0,0.0,0.008598116438356163,0.012591854636591477,0.0,0.0,0.0,0.0,0.0,0.0,0.0,0.0,0.0,0.0,0.0,0.0025275679758308156,0.0,0.0020192516596258298,0.0,0.002461841457410143,0.0,0.0,0.0,0.0,0.0,0.0,0.0,0.0075357950263752835,0.006168961278426552,0.020419063136456212,0.10245784363822176,0.03590966167859467,0.13384293606945538,0.058754154447702836,0.1158175252768416,0.0744891760904685,0.08497294022617125,0.3876212694409416,0.7735950975941898,0.6096655808903366,0.49082916666666665,0.12519482496194825,0.10141457489878543,0.020182779456193355,0.05063162824207492,0.012588442211055277,0.0,0.0,0.0,0.002786705523175132,0.0032139884763124206,0.0,0.0,0.0,0.0,0.0,0.0,0.0,0.0,0.0,0.0,0.0,0.0,0.0,0.0,0.0,0.0,0.0,0.0,0.0,0.0,0.0,0.0,0.0
3054787, glcD, junction_3054787_1_IS150_end, sv,2.33103,0.00249975,121,-1.0,0.923077,120,0.9,0.8,PASS,0.0,0.0,0.0,0.0,0.0,0.0,0.0,0.0,0.0,0.0,0.0,0.0,0.0,0.0,0.0,0.0,0.0,0.0,0.0,0.0,0.0,0.0,0.0,0.0,0.0,0.0,0.1111111111111111,0.022900763358778626,0.09433962264150944,0.0,0.0,0.0,0.1348314606741573,0.03333333333333333,0.0,0.07964601769911504,0.12359550561797752,0.075,0.045454545454545456,0.038461538461538464,0.05714285714285714,0.09615384615384616,0.16759776536312848,0.0,0.0,0.0,0.0,0.0,0.0,0.0,0.0,0.0,0.0,0.0,0.0,0.0,0.0,0.0,0.0,0.0,0.0,0.0,0.0,0.0,0.0,0.0,0.0,0.0,0.0,0.0,0.0,0.0,0.0,0.0,0.0,0.0,0.0,0.0,0.0,0.0,0.0,0.0,0.0,0.0,0.0,0.0,0.0,0.0,0.0,0.0,0.0,0.0,0.0,0.0,0.0,0.0,0.0,0.0,0.0,0.0,0.0,0.0,0.0,0.0,0.0,0.0,0.0,0.0,0.0,0.0,0.0,0.0,0.0,0.0,0.0,0.0,0.0,0.0,0.0,0.0,0.0,0.0,0.0,0.0,0.0,0.0,0.0,0.0,0.0,0.0,0.0,0.0,0.0,0.0,0.0,0.0,0.0,0.0,0.0,0.0,0.0,0.0,0.0,0.0
3055086, glcC, C->T, noncoding,6.181,0.00029997,121,-1.0,0.857143,118,0.9,0.857143,PASS,0.0,0.0,0.0,0.0,0.0,0.0,0.0,0.0,0.0,0.0,0.0,0.0,0.0,0.0,0.0,0.004424778761061947,0.0,0.0,0.0,0.0,0.0,0.0,0.0,0.0,0.0,0.0,0.0,0.0,0.09411764705882353,0.16129032258064516,0.125,0.0,0.0,0.0,0.0,0.0,0.0,0.0,0.0,0.0,0.0,0.0,0.0,0.0,0.0,0.0,0.0,0.0,0.0,0.0,0.0,0.0,0.0,0.0,0.0,0.0,0.0,0.0,0.0,0.0,0.0,0.0,0.0,0.0,0.0,0.0,0.0,0.0,0.0,0.0,0.0,0.0,0.0,0.0,0.0,0.0,0.0,0.0,0.0,0.0,0.0,0.0,0.0,0.0,0.0,0.0,0.0,0.0,0.0,0.0,0.0,0.0,0.0,0.0,0.0,0.0,0.0,0.0,0.0,0.0,0.0,0.0,0.0,0.0,0.0,0.0,0.0,0.0,0.0,0.0,0.0,0.0,0.0,0.0,0.0,0.0,0.0,0.0,0.0,0.0,0.0,0.0,0.0,0.0,0.0,0.0,0.0,0.0,0.0,0.0,0.0,0.0,0.0,0.0,0.0,0.0,0.0,0.0,0.0,0.0,0.0,0.0,0.0,0.0
3059382, ECB_02852, G->T, missense,0.810639,9.999e-05,121,-1.0,0.923077,120,0.9,0.857143,PASS,0.006172839506172839,0.0,0.0,0.0,0.0,0.0,0.0,0.0,0.030303030303030304,0.0,0.0,0.0,0.0,0.0,0.0,0.0,0.0,0.0,0.0,0.0,0.0,0.0,0.0,0.0,0.009900990099009901,0.9583333333333334,0.8571428571428571,0.48427672955974843,0.6458333333333334,0.8484848484848485,1.0,0.9782608695652174,0.8596491228070176,0.8947368421052632,0.9666666666666667,0.9074074074074074,0.9473684210526315,0.9333333333333333,0.8421052631578947,0.9038461538461539,0.84,0.967741935483871,0.8583333333333333,0.975609756097561,1.0,1.0,1.0,0.9180327868852459,0.9361702127659575,0.9090909090909091,0.8571428571428571,0.965034965034965,0.9622641509433962,1.0,0.875,0.9473684210526315,0.84375,0.88,0.9393939393939394,0.8857142857142857,0.9090909090909091,0.6666666666666666,0.8888888888888888,0.9387755102040817,0.8235294117647058,0.8484848484848485,0.8888888888888888,0.8378378378378378,0.921875,0.8717948717948718,0.8529411764705882,0.8333333333333334,0.813953488372093,0.8958333333333334,0.8225806451612904,0.6031746031746031,0.8135593220338984,0.723404255319149,0.8653846153846154,0.4642857142857143,0.4861111111111111,0.7115384615384616,0.6,0.8,0.6041666666666666,0.7760416666666666,0.9193548387096774,0.8040540540540541,0.5882352941176471,0.6744186046511628,0.7570093457943925,0.8947368421052632,0.8888888888888888,0.9117647058823529,0.9090909090909091,1.0,0.9473684210526315,0.9166666666666666,1.0,0.953125,1.0,0.991304347826087,1.0,1.0,0.9411764705882353,0.9375,0.9508196721311475,0.9743589743589743,0.98,0.9864864864864865,0.9230769230769231,1.0,0.9583333333333334,0.9620253164556962,0.9622641509433962,0.9603960396039604,0.9285714285714286,0.9619047619047619,0.987012987012987,0.9669421487603306,0.9705882352941176,0.9166666666666666,0.0,0.0,0.0,0.0,0.0,0.0,0.0,0.0,0.0,0.0,0.0,0.0,1.0,1.0,0.9818181818181818,1.0,0.0,1.0,1.0,1.0,0.9952153110047847,1.0
3061932, ECB_02855, G->A, missense,2.60049,0.016795,121,-1.0,0.923077,120,0.9,0.75,PASS,0.0,0.0,0.0,0.0,0.0,0.0,0.004545454545454545,0.0,0.0,0.0,0.0,0.0,0.0,0.0,0.0,0.0,0.0,0.0,0.0,0.0,0.0,0.0,0.0,0.0,0.0,0.0,0.0,0.0,0.0,0.0,0.0,0.0,0.0,0.0,0.0,0.0,0.0,0.0,0.0,0.0,0.0,0.0,0.0,0.0,0.0,0.0,0.0,0.0,0.0,0.0,0.0,0.0,0.0,0.0,0.0,0.0,0.0,0.0,0.0,0.0,0.0,0.0,0.0,0.0,0.0,0.0,0.0,0.043478260869565216,0.0,0.0,0.0,0.0,0.0,0.0,0.0,0.0,0.0,0.0,0.0,0.014925373134328358,0.17346938775510204,0.022222222222222223,0.0,0.0,0.0,0.004608294930875576,0.0,0.0,0.0,0.0,0.0,0.0,0.0,0.0,0.0,0.0,0.0,0.0,0.0,0.0,0.0,0.0,0.0,0.0,0.0,0.0,0.0,0.0,0.0,0.0,0.0,0.0,0.0,0.0,0.0,0.0,0.0,0.0,0.0,0.0,0.0,0.0,0.0,0.0,0.0,0.0,0.0,0.0,0.0,0.0,0.0,0.0,0.0,0.0,0.0,0.0,0.0,0.0,0.0,0.0,0.0,0.0,0.0,0.0
3063940, ECB_02857, C->T, missense,3.06353,0.00039996,121,-1.0,0.631579,120,0.9,0.666667,PASS,0.0,0.0,0.0,0.0,0.0,0.0,0.0,0.0,0.0,0.0,0.0,0.0,0.0,0.0,0.0,0.0,0.0,0.0,0.0,0.0,0.0,0.0,0.0,0.0,0.0,0.0,0.0,0.0,0.0,0.0,0.0,0.0,0.0,0.0,0.0,0.0,0.0,0.0,0.0,0.034482758620689655,0.0,0.0,0.0,0.0,0.0,0.0,0.0,0.0,0.0,0.0,0.0,0.0,0.0,0.0,0.0,0.0,0.0,0.0,0.0,0.0,0.18421052631578946,0.0,0.25,0.0962566844919786,0.2,0.21153846153846154,0.0,0.11320754716981132,0.08620689655172414,0.2857142857142857,0.0,0.0,0.0,0.0,0.0,0.0,0.0,0.0,0.0,0.0,0.0,0.0,0.0,0.0,0.0,0.0,0.0,0.0,0.0,0.0,0.0,0.0,0.0,0.0,0.0,0.0,0.0,0.0,0.0,0.0,0.0,0.0,0.0,0.0,0.0136986301369863,0.0,0.0,0.020833333333333332,0.0,0.0,0.0,0.0,0.0,0.0,0.0,0.0,0.0,0.0,0.0,0.0,0.0,0.0,0.0,0.0,0.0,0.0,0.0,0.0,0.0,0.0,0.0,0.0,0.0,0.0,0.0,0.0,0.0,0.0,0.0,0.0,0.0,0.0,0.0,0.0
3075104, hybD, MOB_3075104_3075106_IS150_1, sv,4.98586,9.999e-05,121,-1.0,0.244898,120,0.9,0.129032,PASS,0.0,0.0,0.0,0.0,0.0,0.0,0.0,0.0,0.0,0.0,0.0,0.0,0.0,0.0,0.0,0.0,0.0,0.0,0.0,0.0,0.0,0.0,0.0,0.0,0.0,0.0,0.0,0.0,0.0,0.0,0.0,0.0,0.0,0.0,0.0,0.0,0.0,0.0,0.0,0.0,0.0,0.0,0.0,0.0,0.0,0.0,0.0,0.0,0.0,0.0,0.0,0.0,0.0,0.0,0.0,0.0,0.10762219827586207,0.13759974953036944,0.25594953379953383,0.276637526652452,0.28923913043478267,0.0,0.0,0.0,0.0,0.0,0.0,0.0,0.0,0.0,0.0,0.0,0.0,0.0,0.0,0.0,0.0,0.0,0.0,0.0,0.0,0.0,0.0,0.0,0.0,0.0,0.0,0.0,0.0,0.0,0.0,0.0,0.0,0.0,0.0,0.0,0.0,0.0,0.0,0.0,0.0,0.0,0.0,0.0,0.0,0.0,0.0,0.0,0.0,0.0,0.0,0.0,0.0,0.0,0.0,0.0,0.0,0.0,0.0,0.0,0.0,0.0,0.0,0.0,0.0,0.0,0.0,0.0,0.0,0.0,0.0,0.0,0.0,0.0,0.0,0.0,0.0,0.0,0.0,0.0,0.0,0.0,0.0,0.0
3107610, ygiN, T->A, synonymous,0.812225,9.999e-05,121,-1.0,0.8,120,0.9,0.631579,PASS,0.0,0.0,0.0,0.0,0.0,0.0,0.0,0.0,0.0,0.0,0.0,0.0,0.0,0.0,0.05,0.38596491228070173,0.29411764705882354,0.16981132075471697,0.12195121951219512,0.3225806451612903,0.35526315789473684,0.8285714285714286,0.75,0.8913043478260869,0.7777777777777778,0.875,0.8787878787878788,0.764102564102564,0.7777777777777778,1.0,0.9821428571428571,0.9574468085106383,0.85,0.9672131147540983,0.9772727272727273,0.9382716049382716,0.9375,0.975,0.7272727272727273,0.9146341463414634,0.9714285714285714,0.9142857142857143,0.8456375838926175,0.9574468085106383,1.0,0.9705882352941176,1.0,0.9418604651162791,0.8076923076923077,0.9285714285714286,0.9183673469387755,0.972972972972973,0.9333333333333333,0.9625,0.9166666666666666,0.9662921348314607,0.8,0.8888888888888888,0.9607843137254902,0.9523809523809523,0.9444444444444444,0.8181818181818182,0.95,0.9458128078817734,1.0,0.8771929824561403,0.8181818181818182,0.8627450980392157,0.8513513513513513,0.9,0.75,0.8556701030927835,0.9482758620689655,0.8909090909090909,0.8674698795180723,0.7106598984771574,0.7191011235955056,0.7551020408163265,0.8055555555555556,0.3888888888888889,0.3877551020408163,0.7164179104477612,0.9090909090909091,0.7614678899082569,0.75,0.7287234042553191,0.9384615384615385,0.7722222222222223,0.5862068965517241,0.7386363636363636,0.8173913043478261,0.9558823529411765,0.9375,0.9418604651162791,0.9565217391304348,1.0,1.0,0.92,0.8552631578947368,0.9746835443037974,0.9733333333333334,0.9937888198757764,0.9821428571428571,1.0,0.9714285714285714,0.9347826086956522,0.8461538461538461,0.9767441860465116,0.9782608695652174,0.9787234042553191,1.0,1.0,1.0,0.9681528662420382,0.9444444444444444,0.9613259668508287,0.868421052631579,0.961038961038961,1.0,0.9760479041916168,0.9492753623188406,0.9451219512195121,0.0,0.0,0.0,0.0,0.0,0.0,0.0,0.0,0.0,0.0,1.0,0.0,0.9900990099009901,1.0,1.0,1.0,0.0,1.0,1.0,1.0,1.0,1.0
3112288, tolC, T->G, missense,2.12604,0.00709929,121,-1.0,0.923077,120,0.9,0.923077,PASS,0.0,0.0,0.0,0.0,0.0,0.0,0.0,0.0,0.0,0.0,0.0,0.0,0.0,0.0,0.0,0.0,0.0,0.0,0.023809523809523808,0.2,0.041666666666666664,0.05405405405405406,0.05555555555555555,0.02702702702702703,0.10909090909090909,0.10344827586206896,0.07142857142857142,0.2018348623853211,0.14925373134328357,0.0,0.0,0.0,0.056338028169014086,0.0,0.015625,0.05454545454545454,0.07352941176470588,0.0,0.65,0.14035087719298245,0.09523809523809523,0.03225806451612903,0.10778443113772455,0.0,0.0,0.0,0.0,0.015151515151515152,0.0,0.0,0.0,0.0,0.0,0.0,0.0,0.0,0.0,0.0,0.0,0.0,0.0,0.0,0.0,0.0,0.0,0.0,0.0,0.0,0.0,0.0,0.0,0.0,0.0,0.0,0.0,0.0,0.0,0.0,0.0,0.0,0.0,0.0,0.0,0.0,0.0,0.0,0.0,0.0,0.0,0.0,0.0,0.0,0.0,0.0,0.0,0.0,0.0,0.0,0.0,0.0,0.0,0.007142857142857143,0.0,0.0,0.0,0.0,0.0,0.0,0.0,0.0,0.0,0.0,0.0,0.0,0.0,0.0,0.0,0.0,0.0,0.0,0.0,0.0,0.0,0.0,0.0,0.0,0.0,0.0,0.0,0.0,0.0,0.0,0.0,1.0,0.0,0.0,0.0,0.0,0.0,0.0,0.015384615384615385,0.0,0.0,0.0
3128053, intergenic, MOB_3128053_3128058_IS186_-1, sv,3.14494,9.999e-05,121,-1.0,0.923077,121,0.9,0.857143,PASS,0.0,0.0,0.0,0.0,0.0,0.0,0.0,0.0,0.0,0.0034965034965034965,0.0,0.0,0.0,0.0,0.0,0.0,0.0,0.0,0.0,0.0,0.0,0.0,0.0,0.0,0.004048582995951417,0.0,0.0,0.0,0.0,0.0,0.0,0.0,0.0,0.0,0.0,0.0,0.0,0.0,0.0,0.0,0.0,0.0,0.0,0.0,0.0,0.0,0.0,0.0,0.0,0.0,0.0,0.0,0.0,0.0,0.0,0.0,0.0,0.0,0.0,0.0,0.0,0.0,0.0,0.002053388090349076,0.0,0.0,0.0,0.0,0.0,0.0,0.0,0.0,0.0,0.0,0.0,0.0022123893805309734,0.0,0.0,0.02127659574468085,0.02564102564102564,0.046511627906976744,0.0787037037037037,0.0625,0.08290155440414508,0.10619469026548672,0.3503787878787879,0.4666666666666667,0.2753303964757709,0.05063291139240506,0.016241299303944315,0.014492753623188406,0.0111731843575419,0.005319148936170213,0.0,0.0,0.0,0.0,0.004651162790697674,0.006289308176100629,0.011799410029498525,0.007194244604316547,0.0030959752321981426,0.0,0.0,0.0,0.0,0.0,0.0,0.0,0.0,0.0,0.0,0.0,0.0,0.0,0.0,0.0,0.0,0.003968253968253968,0.0,0.0,0.0,0.0,0.0,0.0,0.0,0.0,0.006493506493506494,0.0,0.0,0.0,0.0,0.0,0.0,0.0,0.0,0.0,0.0,0.0,0.0,0.0,0.0,0.0,0.0
3132580, ygiF, G->A, missense,3.20891,0.00049995,121,-1.0,0.4,121,0.9,0.324324,PASS,0.0,0.0,0.0,0.0,0.0,0.0,0.0,0.0,0.0,0.0,0.0,0.0,0.0,0.0,0.0,0.0,0.0,0.0,0.0,0.02857142857142857,0.0,0.0,0.0,0.0,0.0,0.0,0.0,0.0,0.0,0.0,0.0,0.0,0.0,0.0,0.0,0.0,0.0,0.0,0.0,0.0,0.0,0.0,0.0,0.0,0.0,0.0,0.0,0.0,0.0,0.0,0.0,0.0,0.0,0.0,0.0,0.0,0.0,0.0,0.0,0.0,0.0,0.0,0.0,0.00423728813559322,0.0,0.0,0.0,0.0,0.0,0.0,0.0,0.0,0.0,0.0,0.0,0.0,0.0,0.0,0.0,0.0,0.0,0.0,0.0,0.0,0.0,0.0,0.0,0.0,0.0,0.0,0.0,0.0,0.0,0.0,0.0,0.0,0.0,0.0,0.0,0.0,0.0,0.0,0.0,0.0,0.0,0.0,0.0,0.0,0.015151515151515152,0.0,0.0,0.0,0.0,0.0,0.0,0.0,0.025,0.03550295857988166,0.03676470588235294,0.07407407407407407,0.10828025477707007,0.12582781456953643,0.0,0.0,0.0,0.0,0.0,0.0,0.0,0.0,0.0,0.0,0.0,0.0,0.0,0.0,0.0,0.0,0.011494252873563218,0.0,0.0,0.0,0.0,0.0
3142669, ygjD, G->A, missense,4.43188,0.00019998,121,-1.0,0.705882,120,0.9,0.75,PASS,0.0,0.0,0.0,0.0,0.0,0.0,0.006535947712418301,0.0,0.0,0.0,0.0,0.0,0.0,0.0,0.0,0.0,0.0,0.0,0.0,0.0,0.0,0.0,0.0,0.0,0.0,0.0,0.0,0.0,0.0,0.0,0.0,0.0,0.0,0.0,0.0,0.0,0.0,0.0,0.0,0.0,0.0,0.0,0.0,0.0,0.0,0.0,0.0,0.0,0.0,0.0,0.0,0.0,0.0,0.0,0.0,0.0,0.0,0.0,0.0,0.0,0.0,0.0,0.0,0.0,0.0,0.0,0.0,0.0,0.0,0.0,0.0,0.0,0.0,0.0,0.0,0.0,0.0,0.0,0.0,0.0,0.0,0.0,0.0,0.0,0.0,0.0,0.0,0.0,0.0,0.0,0.0,0.0,0.0,0.0,0.0,0.0,0.0,0.0,0.0,0.0,0.022222222222222223,0.0,0.0,0.01098901098901099,0.0,0.0,0.02247191011235955,0.034482758620689655,0.1746031746031746,0.13513513513513514,0.075,0.021505376344086023,0.0,0.007142857142857143,0.0,0.0,0.0,0.0,0.0,0.0,0.0,0.0,0.0,0.0,0.0,0.0,0.0,0.0,0.0,0.0,0.0,0.0,0.0,0.0,0.0,0.0,0.0,0.0,0.0,0.0,0.0,0.0,0.0,0.0
3143448, ygjD, MOB_3143448_3143450_IS150_1, sv,2.18669,9.999e-05,121,-1.0,0.6,120,0.9,0.705882,PASS,0.0,0.0,0.0,0.0,0.0,0.0,0.0,0.0,0.0,0.0,0.0,0.0,0.0,0.0,0.0,0.0,0.0,0.0,0.0,0.0,0.0,0.0,0.0,0.0,0.0,0.0,0.0,0.0,0.0,0.03318111111111111,0.0,0.0,0.09092645381984035,0.021498129496402875,0.025646623794212217,0.04836412121212121,0.08164784741144414,0.032355284552845524,0.11613320388349514,0.06555456716417911,0.08027354838709677,0.06641626666666667,0.10704059147579009,0.0,0.0,0.0,0.0,0.0,0.0,0.0,0.013038376623376622,0.0,0.0,0.0,0.0,0.0056657223796034,0.0056179775280898875,0.03185671957671958,0.013958587412587412,0.0,0.0,0.0,0.0,0.0,0.0,0.0,0.0,0.0,0.00708740925266904,0.0,0.03831307692307692,0.0,0.0,0.0,0.0,0.0,0.0,0.0,0.0,0.0,0.0,0.0,0.0,0.0,0.0,0.0,0.0,0.0,0.0,0.005917841584158416,0.002976190476190476,0.0,0.0,0.0,0.0,0.0,0.0,0.0,0.0,0.0,0.0,0.0,0.0,0.0,0.0,0.0,0.0,0.0,0.0,0.0,0.0,0.0,0.0,0.0,0.0,0.002844419263456091,0.0,0.0,0.0,0.0,0.0,0.0,0.0,0.0,0.0,0.0,0.0,0.0,0.0,0.0,0.0,0.0,0.0,0.0,0.0,0.0,0.0,0.0,0.0,0.0,0.0,0.0,0.0,0.0
3152532, ygjG, MOB_3152532_3152534_IS150_1, sv,4.48579,0.00029997,121,-1.0,0.363636,119,0.9,0.4,PASS,0.0,0.0,0.0,0.0,0.0,0.0,0.0,0.0,0.0,0.0,0.0,0.0,0.0,0.0,0.0,0.0,0.0,0.0,0.0,0.0,0.0,0.0,0.0,0.0,0.0,0.12903225806451613,0.18032786885245902,0.005115089514066497,0.09219858156028368,0.011111111111111112,0.024691358024691357,0.0,0.0,0.0,0.0,0.0,0.0,0.0,0.0,0.0,0.0,0.0,0.0,0.0,0.0,0.0,0.0,0.0,0.0,0.0,0.0,0.0,0.0,0.0,0.0,0.0,0.0,0.0,0.0,0.0,0.0,0.0,0.0,0.0,0.0,0.0,0.0,0.0,0.0,0.0,0.0,0.0,0.0,0.0,0.0,0.0,0.0,0.0,0.0,0.0,0.0,0.0,0.0,0.0,0.0,0.0,0.0,0.0,0.0,0.0,0.0,0.0,0.0,0.0,0.02702702702702703,0.0,0.0,0.0,0.0,0.0,0.0,0.0,0.0,0.0,0.0,0.0,0.0,0.0,0.0,0.0,0.0,0.0,0.0,0.0,0.0,0.0,0.0,0.0,0.0,0.0,0.0,0.0,0.0,0.0,0.0,0.0,0.0,0.0,0.0,0.0,0.0,0.0,0.0,0.0,0.0,0.0,0.0,0.0,0.0,0.0,0.0,0.0,0.0,0.0
3152545, ygjG, A->C, missense,0.874686,9.999e-05,121,-1.0,0.255319,120,0.9,0.413793,PASS,0.0,0.0,0.0,0.0,0.0,0.0,0.0,0.0,0.0,0.0,0.0,0.0,0.0,0.0,0.0,0.0,0.0,0.025,0.0,0.0,0.0,0.0,0.0,0.0,0.0,0.0,0.0,0.0,0.0,0.0,0.0,0.0,0.0,0.0,0.0,0.0,0.0,0.0,0.0,0.0,0.0,0.0,0.0,0.0,0.0,0.0,0.0,0.05333333333333334,0.109375,0.11764705882352941,0.014705882352941176,0.016042780748663103,0.011764705882352941,0.0,0.0,0.12658227848101267,0.3,0.5822784810126582,0.45454545454545453,0.5833333333333334,0.5348837209302325,0.9230769230769231,0.6470588235294118,0.2345679012345679,0.8571428571428571,0.7115384615384616,0.8333333333333334,0.7115384615384616,0.6666666666666666,0.7714285714285715,0.5526315789473685,0.797752808988764,0.6896551724137931,0.9310344827586207,0.8372093023255814,0.6569767441860465,0.746031746031746,0.675,0.8125,0.4098360655737705,0.4787234042553192,0.7866666666666666,1.0,0.8222222222222222,0.5833333333333334,0.8362068965517241,0.9152542372881356,0.7712418300653595,0.5142857142857142,0.681592039800995,0.8088888888888889,0.9642857142857143,0.9230769230769231,0.9583333333333334,1.0,0.9642857142857143,1.0,0.8909090909090909,0.8103448275862069,0.9027777777777778,1.0,1.0,0.9361702127659575,1.0,0.9534883720930233,0.9690721649484536,0.9342105263157895,0.967391304347826,0.9857142857142858,0.9868421052631579,0.9821428571428571,0.9702970297029703,0.9629629629629629,0.9624060150375939,0.96,0.9741935483870968,0.8363636363636363,0.9709302325581395,1.0,0.9642857142857143,0.9565217391304348,0.9298245614035088,0.0,0.0,0.0,0.0,0.0,0.0,0.0,0.0,0.0,0.0,0.0,0.0,0.0,0.0,0.0,0.0,0.0,1.0,1.0,1.0,0.994535519125683,1.0
3249544, infB, C->T, missense,0.805262,9.999e-05,121,-1.0,0.571429,120,0.9,0.631579,PASS,0.0,0.0,0.0,0.0,0.0,0.0,0.0,0.0,0.0,0.005405405405405406,0.0,0.0,0.021739130434782608,0.1111111111111111,0.2857142857142857,0.885593220338983,0.8888888888888888,0.9333333333333333,1.0,0.75,0.9130434782608695,0.8602150537634409,0.8545454545454545,0.9111111111111111,0.8275862068965517,0.84375,0.9090909090909091,0.7023255813953488,0.7536231884057971,0.9387755102040817,1.0,0.9666666666666667,0.8640776699029126,0.9111111111111111,1.0,0.9148936170212766,0.9647058823529412,1.0,0.9117647058823529,0.8607594936708861,0.9130434782608695,0.9318181818181818,0.8354430379746836,1.0,1.0,1.0,0.9375,0.9315068493150684,0.8970588235294118,0.9538461538461539,0.8547008547008547,0.9495798319327731,0.9636363636363636,0.9852941176470589,1.0,0.8936170212765957,0.9577464788732394,0.926605504587156,0.9324324324324325,0.7317073170731707,0.9365079365079365,0.7777777777777778,0.9166666666666666,0.9026548672566371,0.8181818181818182,0.9056603773584906,1.0,0.8636363636363636,0.8666666666666667,0.9285714285714286,0.7755102040816326,0.8736842105263158,0.9056603773584906,0.7794117647058824,0.75,0.6764705882352942,0.7340425531914894,0.6883116883116883,0.9113924050632911,0.36904761904761907,0.509090909090909,0.8080808080808081,0.9230769230769231,0.7572815533980582,0.6567164179104478,0.7675438596491229,0.8823529411764706,0.7835051546391752,0.5098039215686274,0.7412935323383084,0.8217391304347826,0.8739495798319328,0.9212598425196851,0.8791208791208791,0.8947368421052632,0.9833333333333333,0.9818181818181818,0.9818181818181818,0.9473684210526315,0.9318181818181818,1.0,0.9877300613496932,0.86,1.0,0.9512195121951219,0.9928571428571429,0.8780487804878049,0.9485294117647058,0.975,1.0,1.0,1.0,0.975609756097561,0.9831460674157303,0.9295774647887324,0.9362745098039216,0.9041095890410958,0.9296482412060302,0.9806451612903225,0.9759036144578314,0.9573170731707317,0.9551282051282052,0.015151515151515152,0.0,0.0,0.0,0.0,0.0,0.0,0.0,0.0,0.0,1.0,0.0,1.0,1.0,1.0,1.0,0.0,1.0,1.0,0.9948979591836735,0.995475113122172,1.0
3251044, infB, G->A, missense,3.66647,0.00049995,121,-1.0,0.521739,120,0.9,0.333333,PASS,0.0,0.0,0.0,0.0,0.0,0.0,0.0,0.0,0.0,0.0,0.0,0.0,0.0,0.0,0.0,0.0,0.0,0.0,0.0,0.0,0.0,0.0,0.0,0.0,0.0,0.0,0.0,0.0,0.0,0.0,0.02,0.0,0.0,0.0,0.0,0.0,0.0,0.0,0.0,0.0,0.0,0.0,0.0,0.0,0.0,0.0,0.0,0.0,0.0,0.0,0.0,0.0,0.0,0.0,0.0,0.0,0.0,0.0,0.0,0.0,0.0,0.0,0.0,0.0,0.0,0.0,0.0,0.0,0.0,0.0,0.0,0.0,0.0,0.0,0.0,0.0,0.0,0.0,0.0,0.0,0.0,0.0,0.0,0.0,0.0,0.0,0.0,0.0,0.0,0.0,0.0,0.0,0.0,0.0,0.0,0.0,0.0,0.07352941176470588,0.12244897959183673,0.03361344537815126,0.08571428571428572,0.0743801652892562,0.0,0.0,0.014285714285714285,0.0,0.0,0.0,0.0,0.0,0.0,0.0,0.0,0.0,0.0,0.0,0.0,0.0,0.0,0.0,0.0,0.0,0.0,0.0,0.0,0.0,0.0,0.0,0.0,0.0,0.0,0.0,0.0,0.0,0.0,0.0,0.0,0.0,0.0,0.0,0.0,0.0,0.0,0.0
3251858, nusA, A->C, missense,1.87227,9.999e-05,121,-1.0,0.0895522,121,0.9,0.146341,PASS,0.0,0.0,0.0,0.0,0.0,0.0,0.0,0.0,0.0,0.0,0.0,0.0,0.0,0.0,0.0,0.0,0.0,0.0,0.0,0.0,0.0,0.0,0.0,0.0,0.0,0.0,0.0,0.0,0.012658227848101266,0.0,0.0,0.0,0.0,0.0,0.0,0.0,0.0,0.0,0.0,0.0,0.0,0.0,0.0,0.0,0.0,0.0,0.0,0.011904761904761904,0.0,0.0,0.0,0.0,0.0,0.0,0.0,0.0,0.0,0.0,0.0,0.0,0.0,0.0,0.0,0.0,0.0,0.0,0.0,0.0,0.0,0.0,0.0,0.0,0.0,0.0,0.0,0.0,0.0,0.0,0.0,0.0,0.0,0.0,0.0,0.0,0.0,0.0,0.0,0.0,0.0,0.0,0.0,0.0,0.0,0.010101010101010102,0.14285714285714285,0.36507936507936506,0.2682926829268293,0.65,0.4444444444444444,0.36683417085427134,0.06172839506172839,0.3310810810810811,0.20408163265306123,0.7142857142857143,0.8235294117647058,0.8661417322834646,0.7920792079207921,0.2962962962962963,0.08955223880597014,0.205607476635514,0.14705882352941177,0.8411214953271028,0.8571428571428571,0.965034965034965,0.9411764705882353,0.9389312977099237,0.8313253012048193,0.9428571428571428,0.9663865546218487,0.9448275862068966,0.9682539682539683,0.907563025210084,0.0,0.0,0.0,0.0,0.0,0.0,0.0,0.0,0.0,0.0,0.0,0.0,0.0,0.0,0.0,0.0,0.0,0.0,0.0,0.0,1.0,0.0
3252896, yhbC, G->T, synonymous,2.1196,0.00019998,121,-1.0,0.6,120,0.9,0.705882,PASS,0.0,0.0,0.0,0.0,0.0,0.0,0.0,0.0,0.0,0.0,0.0,0.0,0.0,0.07692307692307693,0.0,0.004081632653061225,0.038461538461538464,0.02857142857142857,0.08620689655172414,0.09090909090909091,0.03,0.07058823529411765,0.1411764705882353,0.125,0.07758620689655173,0.022727272727272728,0.058823529411764705,0.17511520737327188,0.14444444444444443,0.05128205128205128,0.0,0.0,0.08421052631578947,0.014925373134328358,0.0,0.058823529411764705,0.07291666666666667,0.0,0.09375,0.09473684210526316,0.0,0.1,0.09248554913294797,0.0,0.0,0.0,0.0,0.0,0.0,0.0,0.0,0.0,0.0,0.0,0.0,0.0,0.0,0.0,0.0,0.0,0.0,0.0,0.0,0.0,0.0,0.0,0.0,0.0,0.0,0.0,0.0,0.0,0.0,0.0,0.0,0.0,0.0,0.0,0.0,0.0,0.0,0.0,0.0,0.0,0.0,0.004032258064516129,0.0,0.0,0.0,0.0,0.0,0.0,0.0,0.0,0.0,0.0,0.0,0.0,0.02040816326530612,0.0,0.0,0.0,0.013333333333333334,0.0,0.0,0.0,0.0,0.0,0.0,0.0,0.0,0.0,0.0,0.0,0.0,0.0,0.0,0.0,0.0,0.0,0.0,0.0,0.0,0.0,0.0,0.0,0.0,0.0,0.0,0.0,0.0,0.0,0.0,1.0,0.0,0.0,0.0,0.0,0.0,0.0,0.0,0.0,0.0,0.0
3255285, yhbX, junction_3255285_-1_IS150_end, sv,4.49786,9.999e-05,121,-1.0,0.6,119,0.9,0.521739,PASS,0.0,0.0,0.0,0.0,0.0,0.0,0.0,0.0,0.0,0.0,0.0,0.0,0.0,0.0,0.0,0.0,0.0,0.0,0.0,0.0,0.0,0.0,0.0,0.0,0.0,0.0,0.0,0.0,0.0,0.0,0.0,0.0,0.0,0.0,0.0,0.0,0.0,0.0,0.0,0.0,0.0,0.0,0.0,0.0,0.0,0.0,0.0,0.0,0.0,0.0,0.0,0.0,0.0,0.0,0.0,0.0,0.0,0.0,0.0,0.0,0.0,0.0,0.0,0.017857142857142856,0.0,0.029850746268656716,0.0,0.029850746268656716,0.05504587155963303,0.07352941176470588,0.1875,0.0,0.010638297872340425,0.0,0.0,0.0,0.0,0.0,0.0,0.0,0.0,0.0,0.0,0.0,0.0,0.0,0.0,0.0,0.0,0.0,0.0,0.0,0.0,0.0,0.0,0.0,0.0,0.0,0.0,0.0,0.0,0.0,0.0,0.0,0.0,0.0,0.0,0.0,0.0,0.0,0.0,0.0,0.0,0.0,0.0,0.0,0.0,0.0,0.0,0.0,0.0,0.0,0.0,0.0,0.0,0.0,0.0,0.0,0.0,0.0,0.0,0.0,0.0,0.0,0.0,0.0,0.0,0.0,0.0,0.0,0.0,0.0,0.0,0.0
3255369, yhbX, indel;+32, indel,2.43032,9.999e-05,121,-1.0,0.571429,120,0.9,0.545455,PASS,0.0,0.0,0.0,0.0,0.0,0.0,0.0,0.0,0.0,0.0,0.0,0.0,0.0,0.0,0.0,0.0,0.0,0.0,0.0,0.0,0.0,0.0,0.0,0.0,0.0,0.0,0.0,0.0,0.0,0.0,0.0,0.0,0.0,0.0,0.0,0.0,0.0,0.0,0.0,0.0,0.0,0.0,0.0,0.0,0.0,0.0,0.0,0.0,0.0125,0.0958904109589041,0.6495726495726496,0.7347931873479319,0.8187919463087249,0.7791164658634538,0.7522935779816514,0.6992481203007519,0.5170454545454546,0.3302180685358255,0.2523364485981308,0.29508196721311475,0.3203463203463203,0.23809523809523808,0.3111111111111111,0.5068285280728376,0.3466666666666667,0.24561403508771928,0.2777777777777778,0.16551724137931034,0.256,0.22459893048128343,0.2751322751322751,0.057692307692307696,0.008849557522123894,0.0,0.00966183574879227,0.0,0.0,0.0,0.0,0.0,0.0,0.0,0.0,0.0,0.0,0.0,0.0,0.0,0.0,0.0,0.0,0.0,0.0,0.0,0.0,0.0,0.0,0.0,0.0,0.0,0.0,0.0,0.0,0.0,0.0,0.0,0.0,0.0,0.0,0.0,0.0,0.0,0.0,0.0,0.0,0.0,0.0,0.0,0.0,0.0,0.0,0.0,0.0,0.0,0.0,0.0,0.0,0.0,0.0,0.0,0.0,0.0,0.0,0.0,0.0,0.0,0.0,0.0,0.0,0.0,0.0,0.0,0.0,0.0
3255526, yhbX, MOB_3255526_3255528_IS150_1, sv,1.17279,9.999e-05,121,-1.0,0.705882,121,0.9,0.8,PASS,0.0,0.0,0.0,0.0,0.0,0.0,0.0,0.0,0.0,0.0,0.0,0.0,0.0,0.0,0.0,0.0,0.0,0.0,0.0,0.03284072249589491,0.008248213552361395,0.03943902027027027,0.0,0.07728033924441019,0.06492331288343559,0.0,0.0,0.04498114901256733,0.03532507552870091,0.021979297732260428,0.01806754649070186,0.028030833917309043,0.01082209051724138,0.03101849103277675,0.0,0.0,0.019196596356663473,0.0,0.03346878130217028,0.04945513326752221,0.04127873799725651,0.019934424603174603,0.004139413344350341,0.0061462814996926865,0.006591957811470007,0.0,0.020263056680161946,0.058275426774483385,0.07955178268251274,0.07473696682464456,0.1213466617754952,0.05673315911730547,0.04282808804204994,0.01170874125874126,0.0,0.05882870036101084,0.11968240788790867,0.1254955518945634,0.10409645909645908,0.14171323529411764,0.01780610551274452,0.08381273486430063,0.15704576802507839,0.08409241935483872,0.08370146137787056,0.15149459654178674,0.05263157894736842,0.03832065799540934,0.03841160115052733,0.09808159041394336,0.17792431340872375,0.09041195848375451,0.11540446035242292,0.08591839156229401,0.13515131663455365,0.372983233763731,0.2329542579075426,0.3074188861985472,0.19350786838340484,0.552680604534005,0.475169964028777,0.2614724264705882,0.071735,0.14462366716492278,0.45088456375838926,0.27078690344062156,0.05961365435356201,0.22970100824931255,0.4894571428571429,0.3057504484751844,0.18935543521331394,0.14844016587677725,0.05240596189305471,0.11970054808171401,0.0,0.058254354136429605,0.0,0.0621946365248227,0.0456371656232214,0.03329654027124273,0.04879804520464264,0.019990924706555967,0.03528409490333919,0.003898635477582846,0.04286642924976259,0.030179884189325278,0.08697174959871588,0.041169636650868875,0.024388884381338745,0.018169673617407074,0.025402884615384615,0.011697575226409582,0.016450985761226725,0.0094481783919598,0.030404402834008096,0.059396743153219834,0.1061976682564918,0.03883655244029076,0.0,0.050385144065556435,0.042118480950024746,0.0705564496464277,0.0,0.0,0.0,0.0,0.0,0.0,0.0,0.0,0.0,0.0,0.0,0.0,0.0,0.0,0.0,0.0,1.0000178461538463,0.0,0.0,0.0,0.0,0.0
3260653, hflB, T->A, missense,1.28308,9.999e-05,121,-1.0,0.75,121,0.9,0.75,PASS,0.0,0.0,0.0,0.0,0.0,0.0,0.0,0.0,0.0,0.0,0.0,0.0,0.0,0.0,0.0,0.0,0.0,0.0,0.0,0.0,0.0,0.0,0.0,0.0,0.0,0.0,0.0,0.0,0.0,0.0,0.0,0.0,0.0,0.0,0.0,0.0,0.02127659574468085,0.0,0.08,0.0,0.05,0.01818181818181818,0.009852216748768473,0.016129032258064516,0.0,0.0,0.027777777777777776,0.0990990990990991,0.08450704225352113,0.1111111111111111,0.088,0.0546218487394958,0.029411764705882353,0.041666666666666664,0.08,0.11578947368421053,0.06837606837606838,0.1079136690647482,0.0547945205479452,0.14516129032258066,0.0547945205479452,0.0,0.0625,0.10426540284360189,0.0,0.1,0.0,0.07017543859649122,0.10185185185185185,0.10606060606060606,0.2153846153846154,0.1328125,0.16883116883116883,0.16176470588235295,0.11475409836065574,0.3383084577114428,0.19444444444444445,0.171875,0.21666666666666667,0.4583333333333333,0.48905109489051096,0.22962962962962963,0.0,0.1875,0.39436619718309857,0.22869955156950672,0.013157894736842105,0.29441624365482233,0.6458333333333334,0.3795180722891566,0.26291079812206575,0.06741573033707865,0.09574468085106383,0.125,0.05,0.11827956989247312,0.0,0.045871559633027525,0.053763440860215055,0.0625,0.04,0.005714285714285714,0.0,0.0,0.01904761904761905,0.013513513513513514,0.09285714285714286,0.02564102564102564,0.009615384615384616,0.02040816326530612,0.0,0.015267175572519083,0.0,0.026490066225165563,0.029411764705882353,0.046875,0.14492753623188406,0.033112582781456956,0.013157894736842105,0.011560693641618497,0.03550295857988166,0.06217616580310881,0.0,0.0,0.0,0.0,0.0,0.0,0.0,0.0,0.0,0.0,0.0,0.0,0.0,0.0,0.0,0.0,1.0,0.0,0.0,0.0,0.0,0.0
3278237, yrbK, G->A, missense,3.51951,0.00019998,121,-1.0,0.666667,120,0.9,0.428571,PASS,0.0,0.0,0.0,0.0,0.0,0.0,0.004291845493562232,0.0,0.0,0.0,0.0,0.0,0.0,0.0,0.0,0.0,0.0,0.0,0.0,0.0,0.0,0.0,0.0,0.0,0.0,0.0,0.0,0.00423728813559322,0.0,0.0,0.0,0.0,0.0,0.0,0.0,0.0,0.0,0.0,0.0,0.0,0.0,0.08333333333333333,0.28921568627450983,0.1388888888888889,0.2289156626506024,0.075,0.04878048780487805,0.0,0.0,0.0,0.0,0.0,0.0,0.0,0.0,0.0,0.0,0.0,0.0,0.0,0.0,0.0,0.0,0.0,0.0,0.0,0.0,0.0,0.0,0.0,0.0,0.0,0.0,0.0,0.0,0.0,0.0,0.0,0.011111111111111112,0.0,0.0,0.0,0.0,0.0,0.019230769230769232,0.0,0.011904761904761904,0.0,0.0,0.0,0.0,0.0,0.0,0.0,0.0,0.0,0.0,0.0,0.0,0.0,0.0,0.0,0.0,0.0,0.0,0.0,0.0,0.0,0.0,0.0,0.0,0.0,0.0,0.0,0.0,0.0,0.0,0.0,0.0,0.0,0.0,0.0,0.0,0.0,0.0,0.0,0.0,0.0,0.0,0.0,0.0,0.0,0.0,0.0,0.0,0.0,0.0,0.0,0.0,0.0,0.0,0.0,0.0,0.0
3279589, yhbG, A->T, synonymous,3.21817,0.00029997,121,-1.0,0.521739,120,0.9,0.307692,PASS,0.0,0.0,0.0,0.0,0.0,0.0,0.004739336492890996,0.0,0.0,0.0,0.0,0.0,0.0,0.0,0.0,0.0,0.0,0.0,0.0,0.0,0.0,0.0,0.0,0.0,0.0,0.0,0.0,0.0,0.0,0.0,0.0,0.0,0.0,0.0,0.0,0.0,0.0,0.0,0.0,0.0,0.0,0.0,0.0,0.0,0.0,0.0,0.0,0.0,0.0,0.0,0.0,0.0,0.0,0.0,0.0,0.0,0.0,0.012195121951219513,0.0,0.07317073170731707,0.10909090909090909,0.4375,0.09090909090909091,0.07608695652173914,0.2727272727272727,0.2765957446808511,0.0,0.08695652173913043,0.058823529411764705,0.5769230769230769,0.0,0.0,0.0,0.0,0.0,0.0,0.0,0.0,0.0,0.0,0.0,0.0,0.0,0.0,0.0,0.0,0.0,0.0,0.0,0.0,0.0,0.0,0.0,0.0,0.0,0.0,0.0,0.0,0.0,0.0,0.0,0.0,0.0,0.0,0.0,0.0,0.0,0.0,0.0,0.0,0.0,0.0,0.0,0.0,0.0,0.0,0.0,0.0,0.0,0.0,0.0,0.0,0.0,0.0,0.0,0.0,0.0,0.0,0.0,0.0,0.0,0.0,0.0,0.0,0.0,0.0,0.0,0.011764705882352941,0.0,0.0,0.0,0.0,0.0,0.0
3287780, arcB, G->A, missense,2.32973,0.00039996,121,-1.0,0.25,120,0.9,0.113208,PASS,0.0,0.0,0.0,0.0,0.0,0.0,0.0,0.0,0.0,0.0,0.0,0.0,0.0,0.0,0.0,0.0,0.0,0.0,0.0,0.0,0.0,0.0,0.0,0.0,0.0,0.0,0.0,0.0,0.0,0.0,0.0,0.0,0.0,0.0,0.0,0.0,0.0,0.0,0.0,0.0,0.0,0.0,0.0,0.0,0.0,0.0,0.0,0.0,0.0,0.0,0.0,0.0,0.0,0.0,0.0,0.0,0.0,0.0,0.0,0.0,0.0,0.0,0.5,0.5483870967741935,0.18181818181818182,0.3783783783783784,0.25,0.2647058823529412,0.22727272727272727,0.20588235294117646,0.1794871794871795,0.05454545454545454,0.0,0.0,0.0,0.007751937984496124,0.0,0.0,0.0,0.0,0.0,0.0,0.0,0.0,0.0,0.0,0.0,0.0,0.0,0.0,0.0,0.0,0.0,0.0,0.0,0.0,0.0,0.0,0.0,0.0,0.0,0.0,0.0,0.0,0.0,0.0,0.0,0.0,0.0,0.0,0.0,0.0,0.0,0.0,0.0,0.0,0.0,0.0,0.0,0.0,0.0,0.0,0.0,0.0,0.0,0.0,0.0,0.0,0.0,0.0,0.0,0.0,0.0,0.010309278350515464,0.0,0.0,0.0,0.0,0.0,0.0,0.0,0.0,0.0,0.0
3289548, intergenic, G->A, noncoding,0.797313,9.999e-05,121,-1.0,0.923077,119,0.9,0.923077,PASS,0.0,0.0,0.0,0.0,0.0,0.0,0.0,0.011363636363636364,0.0,0.006535947712418301,0.24324324324324326,0.8604651162790697,0.8208955223880597,1.0,1.0,0.9663461538461539,0.8666666666666667,1.0,0.9523809523809523,0.875,0.9298245614035088,0.9142857142857143,0.8529411764705882,0.8181818181818182,0.8217821782178217,1.0,0.8095238095238095,0.7091836734693877,0.8271604938271605,0.9473684210526315,0.9824561403508771,1.0,0.9464285714285714,0.9318181818181818,0.9775280898876404,0.9066666666666666,0.953125,0.9230769230769231,0.7894736842105263,0.9102564102564102,0.8695652173913043,0.72,0.84,1.0,0.9777777777777777,0.9661016949152542,0.9493670886075949,0.9315068493150684,0.9142857142857143,0.9705882352941176,0.898876404494382,0.9424083769633508,0.96,0.9333333333333333,0.8571428571428571,0.9027777777777778,0.9,0.8541666666666666,0.9193548387096774,0.8,0.967741935483871,0.9090909090909091,0.8421052631578947,0.9107142857142857,0.9230769230769231,0.8235294117647058,1.0,0.9074074074074074,0.7945205479452054,0.868421052631579,0.8142857142857143,0.8315789473684211,0.8360655737704918,0.8723404255319149,0.8461538461538461,0.5974842767295597,0.875,0.6216216216216216,0.66,0.4457831325301205,0.4492753623188406,0.7755102040816326,0.8,0.8761061946902655,0.6666666666666666,0.7022222222222222,0.9534883720930233,0.7435897435897436,0.40625,0.71875,0.7532467532467533,0.8769230769230769,0.9305555555555556,0.8840579710144928,0.9333333333333333,0.9230769230769231,1.0,0.9041095890410958,0.84,0.9423076923076923,1.0,1.0,1.0,1.0,0.9523809523809523,0.971830985915493,0.9508196721311475,0.945054945054945,0.975,0.9583333333333334,1.0,0.9823008849557522,0.9387755102040817,0.9896907216494846,0.9545454545454546,0.9666666666666667,0.859375,0.9058823529411765,0.987012987012987,0.9931972789115646,0.9663865546218487,0.9078014184397163,0.0,0.0,0.0,0.0,0.0,0.0,0.0,0.0,0.0,0.944,1.0,0.0,1.0,1.0,1.0,1.0,0.0,1.0,1.0,1.0,0.9955156950672646,0.9948186528497409
3315436, yhcP, A->T, missense,3.39269,9.999e-05,121,-1.0,0.666667,120,0.9,0.292683,PASS,0.0,0.0,0.0,0.0,0.0,0.0,0.0,0.0,0.0,0.0,0.0,0.0,0.0,0.0,0.0,0.0,0.0,0.0,0.0,0.0,0.0,0.0,0.0,0.0,0.0,0.0,0.0,0.0,0.009900990099009901,0.0,0.0,0.0,0.01904761904761905,0.0,0.019230769230769232,0.03773584905660377,0.09523809523809523,0.05,0.3076923076923077,0.12903225806451613,0.075,0.11940298507462686,0.11842105263157894,0.0,0.0,0.0,0.0,0.0,0.0,0.0,0.0,0.0,0.0,0.0,0.0,0.0,0.0,0.0,0.014492753623188406,0.0,0.0,0.0,0.0,0.0,0.0,0.0,0.0,0.0,0.0,0.0,0.0,0.0,0.0,0.0,0.0,0.0,0.0,0.0,0.0,0.0,0.0,0.0,0.0,0.0,0.0,0.0,0.0,0.0,0.0,0.0,0.0,0.0,0.0,0.0,0.0,0.0,0.0,0.0,0.0,0.0,0.0,0.0,0.0,0.0,0.0,0.0,0.0,0.0,0.0,0.0,0.0,0.0,0.0,0.0,0.0,0.0,0.0,0.0,0.0,0.0,0.0,0.0,0.0,0.0,0.0,0.0,0.0,0.0,0.0,0.0,0.0,0.0,0.0,0.0,0.0,0.0,0.0,0.0,0.0,0.0,0.0,0.0,0.0,0.0
3327086, mreC, G->A, missense,1.12706,9.999e-05,121,-1.0,0.571429,121,0.9,0.48,PASS,0.0,0.0,0.0,0.0,0.0,0.0,0.010416666666666666,0.0,0.0,0.0,0.0,0.05,0.025974025974025976,0.0,0.0,0.028901734104046242,0.0,0.044444444444444446,0.02702702702702703,0.13636363636363635,0.013157894736842105,0.01818181818181818,0.031746031746031744,0.06,0.03669724770642202,0.05405405405405406,0.0,0.012658227848101266,0.015625,0.023255813953488372,0.0,0.0,0.0,0.08108108108108109,0.013513513513513514,0.0125,0.0,0.045454545454545456,0.0,0.04,0.0,0.08108108108108109,0.0,0.0,0.0,0.0,0.0,0.04477611940298507,0.15,0.0196078431372549,0.12987012987012986,0.02127659574468085,0.04,0.03278688524590164,0.0,0.09278350515463918,0.0625,0.14084507042253522,0.06451612903225806,0.14814814814814814,0.04838709677419355,0.35714285714285715,0.1,0.10227272727272728,0.05555555555555555,0.0851063829787234,0.25,0.13043478260869565,0.07954545454545454,0.0,0.2619047619047619,0.1875,0.1076923076923077,0.10638297872340426,0.1527777777777778,0.36774193548387096,0.3333333333333333,0.32608695652173914,0.14285714285714285,0.75,0.375,0.21428571428571427,0.4,0.24285714285714285,0.35,0.2605042016806723,0.017543859649122806,0.20714285714285716,0.5,0.336734693877551,0.14227642276422764,0.07352941176470588,0.08080808080808081,0.11764705882352941,0.07692307692307693,0.041666666666666664,0.0,0.04054054054054054,0.06779661016949153,0.0425531914893617,0.0,0.0,0.044444444444444446,0.0,0.08571428571428572,0.016129032258064516,0.0851063829787234,0.021505376344086023,0.03278688524590164,0.0,0.03333333333333333,0.015267175572519083,0.0,0.024,0.03389830508474576,0.0390625,0.1694915254237288,0.04081632653061224,0.009523809523809525,0.03225806451612903,0.041237113402061855,0.06976744186046512,0.0,0.0,0.0,0.01020408163265306,0.0,0.0,0.0,0.0,0.0,0.0,0.0,0.0,0.0,0.0,0.0,0.0,1.0,0.0,0.0,0.0,0.0,0.0
3338796, yhdG, C->T, missense,2.31883,0.00069993,121,-1.0,0.923077,120,0.9,0.8,PASS,0.0,0.0,0.0,0.0,0.0,0.0,0.0,0.0,0.0,0.0,0.0,0.0,0.0,0.0,0.0,0.0,0.0,0.0,0.012987012987012988,0.0,0.0,0.0,0.0,0.0,0.0,0.0,0.0,0.0,0.0,0.0,0.0,0.0,0.06315789473684211,0.023529411764705882,0.03731343283582089,0.015748031496062992,0.12844036697247707,0.029411764705882353,0.21052631578947367,0.03296703296703297,0.0967741935483871,0.09523809523809523,0.15846994535519127,0.0,0.0,0.0,0.0,0.0,0.0,0.0,0.0,0.0,0.0,0.0,0.0,0.0,0.0,0.0,0.0,0.0,0.0,0.0,0.0,0.0,0.0,0.0,0.0,0.0,0.0,0.0,0.0,0.0,0.0,0.0,0.0,0.0,0.0,0.0,0.012195121951219513,0.0,0.0,0.0,0.0,0.0,0.0,0.004016064257028112,0.0,0.0,0.0,0.0,0.0,0.0,0.0,0.0,0.0,0.0,0.0,0.0,0.0,0.0,0.0,0.0,0.0,0.0,0.0,0.0,0.0,0.0,0.0,0.0,0.0,0.0,0.0,0.0,0.0,0.0,0.0,0.0,0.0,0.0,0.0,0.0,0.0,0.0,0.0,0.0,0.0,0.0,0.0,0.0,0.0,0.0,0.0,0.0,0.0,0.0,0.0,0.0,0.0,0.0,0.0,0.0,0.0,0.0
3340296, yhdJ, G->A, missense,5.40234,0.00029997,121,-1.0,0.666667,120,0.9,0.75,PASS,0.0,0.0,0.0,0.0,0.0,0.0,0.0,0.0,0.0,0.0,0.0,0.0,0.0,0.0,0.0,0.0,0.0,0.017241379310344827,0.0,0.12,0.2682926829268293,0.34234234234234234,0.030303030303030304,0.0,0.0,0.0,0.0,0.0,0.0,0.0,0.0,0.0,0.0,0.0,0.0,0.0,0.0,0.0,0.0,0.0,0.0,0.0,0.0,0.0,0.0,0.0,0.0,0.0,0.0,0.0,0.0,0.0,0.0,0.0,0.0,0.0,0.0,0.0,0.0,0.0,0.0,0.0,0.0,0.0,0.0,0.0,0.0,0.0,0.0,0.0,0.0,0.0,0.0,0.0,0.0,0.0,0.0,0.0,0.0,0.0,0.0,0.0,0.0,0.0,0.0,0.0,0.0,0.0,0.0,0.0,0.0,0.0,0.0,0.0,0.0,0.0,0.0,0.0,0.0,0.0,0.0,0.0,0.0,0.0,0.0,0.0,0.0,0.0,0.0,0.0,0.0,0.0,0.0,0.0,0.0,0.0,0.0,0.0,0.0,0.0,0.0,0.0,0.0,0.0,0.0,0.0,0.0,0.0,0.0,0.0,0.0,0.0,1.0,0.0,0.0,0.0,0.0,0.0,0.0,0.0,0.0,0.0,0.0,0.0
3368185, rpoA, A->T, missense,1.27148,9.999e-05,121,-1.0,0.857143,120,0.9,0.8,PASS,0.0,0.0,0.0,0.0,0.0,0.0,0.0,0.0,0.0,0.0,0.0,0.0,0.0,0.0,0.0,0.0,0.0,0.0,0.0,0.0,0.0,0.0,0.0,0.0,0.0,0.0,0.0,0.0,0.0,0.0,0.0,0.0,0.0,0.04225352112676056,0.0,0.0,0.007633587786259542,0.017241379310344827,0.038461538461538464,0.05172413793103448,0.0,0.0,0.0,0.010752688172043012,0.0,0.00847457627118644,0.010638297872340425,0.07766990291262135,0.10666666666666667,0.08695652173913043,0.0457516339869281,0.06611570247933884,0.032679738562091505,0.038461538461538464,0.16,0.04854368932038835,0.10144927536231885,0.1223021582733813,0.03,0.12727272727272726,0.010526315789473684,0.0,0.058823529411764705,0.125,0.023809523809523808,0.125,0.14285714285714285,0.06060606060606061,0.14035087719298245,0.11290322580645161,0.25,0.08759124087591241,0.15841584158415842,0.11627906976744186,0.1951219512195122,0.43317972350230416,0.2523364485981308,0.34375,0.22580645161290322,0.5531914893617021,0.48905109489051096,0.17391304347826086,0.05,0.20491803278688525,0.3924050632911392,0.19736842105263158,0.04395604395604396,0.21052631578947367,0.49122807017543857,0.3409090909090909,0.22429906542056074,0.1016949152542373,0.03870967741935484,0.17307692307692307,0.0,0.02040816326530612,0.028985507246376812,0.02158273381294964,0.05,0.08333333333333333,0.030927835051546393,0.005952380952380952,0.022727272727272728,0.0,0.043795620437956206,0.0228310502283105,0.08536585365853659,0.041916167664670656,0.018018018018018018,0.007407407407407408,0.008333333333333333,0.004901960784313725,0.028169014084507043,0.03286384976525822,0.04807692307692308,0.04954954954954955,0.11494252873563218,0.04583333333333333,0.0,0.037815126050420166,0.058823529411764705,0.08558558558558559,0.0,0.0,0.0,0.0,0.0,0.0,0.0,0.0,0.0,0.0,0.0,0.0,0.0,0.0,0.0,0.0,0.9848484848484849,0.0,0.0,0.0,0.0,0.0
3373798, rplF, A->C, missense,4.54553,0.0009999,121,-1.0,0.857143,120,0.9,0.521739,PASS,0.0,0.0,0.0,0.0,0.0,0.0,0.0,0.0,0.0,0.0,0.0,0.0,0.0,0.0,0.21875,0.07053941908713693,0.025,0.013888888888888888,0.04838709677419355,0.0,0.0,0.0,0.0,0.0,0.0,0.0,0.0,0.0,0.0,0.0,0.0,0.0,0.0,0.0,0.0,0.0,0.0,0.0,0.0,0.0,0.0,0.0,0.0,0.0,0.0,0.0,0.0,0.0,0.0,0.0,0.0,0.0,0.0,0.0,0.0,0.0,0.0,0.0,0.0,0.0,0.0,0.0,0.0,0.0,0.0,0.0,0.0,0.0,0.0,0.01098901098901099,0.0,0.0070921985815602835,0.0,0.0,0.0,0.0,0.0,0.0,0.0,0.0,0.0,0.0,0.0,0.0,0.0,0.0,0.0,0.0,0.0,0.0,0.0,0.0,0.0,0.0,0.0,0.0,0.0,0.0,0.0,0.0,0.0,0.0,0.0,0.0,0.0,0.0,0.0,0.0,0.0,0.0,0.0,0.0,0.0,0.0,0.0,0.0,0.0,0.0,0.0,0.0,0.0,0.0,0.0,0.0,0.0,0.0,0.0,0.0,0.0,0.0,0.0,0.0,0.0,0.0,0.0,0.0,0.0,0.0,0.0,0.0,0.0,0.0,0.0,0.0
3373799, rplF, A->C, missense,0.851854,9.999e-05,121,-1.0,0.857143,120,0.9,0.666667,PASS,0.0,0.0,0.0,0.0,0.0,0.0,0.004098360655737705,0.0,0.0,0.0,0.0,0.0,0.0,0.0,0.0,0.0,0.0,0.013888888888888888,0.01639344262295082,0.0,0.0,0.0,0.0,0.0,0.0,0.0,0.0,0.0,0.0,0.0,0.0,0.0,0.0,0.0,0.0,0.0,0.0,0.0,0.0,0.0,0.0,0.0,0.0,0.0,0.0,0.0,0.0,0.0,0.0,0.0,0.0,0.0,0.005780346820809248,0.023529411764705882,0.037037037037037035,0.1,0.3025210084033613,0.5407407407407407,0.7037037037037037,0.49333333333333335,0.6195652173913043,0.34615384615384615,0.15384615384615385,0.3135593220338983,0.875,0.4788732394366197,0.9166666666666666,0.78,0.7478260869565218,0.8314606741573034,0.5660377358490566,0.85,0.8365384615384616,0.8717948717948718,0.7837837837837838,0.6204081632653061,0.7913043478260869,0.6666666666666666,0.8105263157894737,0.4036697247706422,0.5467625899280576,0.7613636363636364,1.0,0.7311827956989247,0.6666666666666666,0.7732793522267206,0.96875,0.7725321888412017,0.38666666666666666,0.6033057851239669,0.7468354430379747,0.9487179487179487,0.9235668789808917,0.9186046511627907,0.9696969696969697,0.9523809523809523,0.9672131147540983,0.9305555555555556,0.9473684210526315,0.9647577092511013,0.9666666666666667,0.9726775956284153,0.9883720930232558,0.9818181818181818,0.990909090909091,0.9826589595375722,0.8923076923076924,0.9219512195121952,0.9292929292929293,0.9859154929577465,1.0,0.9826839826839827,0.971830985915493,0.963963963963964,0.945054945054945,0.9638009049773756,0.9222222222222223,0.9484978540772532,0.9931506849315068,0.9396551724137931,0.9832402234636871,0.9577464788732394,0.0,0.0,0.0,0.0,0.0,0.0,0.0,0.0,0.0,0.0,0.0,0.0,0.0,0.0,0.0,0.0,0.0,1.0,1.0,0.9901477832512315,1.0,1.0
3373841, rplF, G->A, missense,3.78527,9.999e-05,121,-1.0,0.75,120,0.9,0.571429,PASS,0.00411522633744856,0.0,0.0,0.0,0.0,0.0,0.0,0.0,0.0,0.0,0.0,0.0,0.0,0.0,0.0,0.0,0.0,0.0,0.0,0.0,0.0,0.0,0.0,0.0,0.0,0.0,0.0,0.0,0.0,0.0,0.0,0.0,0.0,0.0,0.0,0.0,0.0784313725490196,0.0,0.12121212121212122,0.0707070707070707,0.058823529411764705,0.19230769230769232,0.15196078431372548,0.0,0.0,0.0,0.0,0.0,0.0,0.0,0.0,0.0,0.0,0.0,0.0,0.0,0.0,0.0,0.0,0.0,0.0,0.0,0.0,0.0,0.0,0.0,0.0,0.0,0.0,0.0,0.0,0.0,0.0,0.0,0.0,0.0,0.0,0.0,0.0,0.0,0.0,0.0,0.0,0.0,0.0,0.0,0.0,0.0,0.0,0.0,0.0,0.0,0.0,0.0,0.0,0.0,0.0,0.0,0.0,0.0,0.0,0.0,0.0,0.0,0.0,0.0,0.0,0.0,0.0,0.0,0.0,0.0,0.0,0.0,0.0,0.0,0.0,0.0,0.0,0.0,0.0,0.0,0.0,0.0,0.0,0.0,0.0,0.0,0.0,0.0,0.0,0.0,0.0,0.0,0.0,0.0,0.0,0.0,0.0,0.0,0.0,0.0,0.0,0.0
3376951, rplP, T->C, missense,3.54553,0.00039996,121,-1.0,0.857143,121,0.9,1.0,PASS,0.0,0.0,0.0,0.0,0.0,0.0,0.0,0.0,0.0,0.0,0.0,0.0,0.0,0.0,0.0,0.0,0.0,0.0,0.0,0.0,0.0,0.0,0.0,0.0,0.0,0.0,0.0,0.0,0.0,0.0,0.0,0.0,0.0,0.0,0.0,0.0,0.0,0.0,0.0,0.0,0.0,0.0,0.005555555555555556,0.0,0.0,0.0,0.0,0.0,0.0,0.0,0.0,0.0,0.0,0.0,0.0,0.0,0.0,0.0,0.0,0.0,0.0,0.0,0.0,0.0,0.0,0.0,0.0,0.0,0.0,0.0,0.0,0.0,0.0,0.0,0.0,0.0,0.0,0.0,0.012658227848101266,0.038834951456310676,0.016129032258064516,0.06060606060606061,0.1111111111111111,0.05825242718446602,0.06578947368421052,0.34347826086956523,0.5217391304347826,0.3392857142857143,0.0,0.0182648401826484,0.008583690987124463,0.0,0.0,0.0,0.0,0.0,0.0,0.0,0.0,0.0,0.0,0.0,0.0,0.0,0.0,0.0,0.0,0.0,0.0,0.0,0.0,0.0,0.0,0.0,0.0,0.0,0.0,0.0,0.0,0.0,0.0,0.004739336492890996,0.0,0.0,0.0,0.0,0.0,0.0,0.0,0.0,0.0,0.0,0.0,0.0,0.0,0.0,0.0,0.0,0.0,0.0,0.0,0.0,0.0,0.0
3389666, gspH, indel;-9, indel,2.94515,0.015078,121,-1.0,0.6,121,0.9,0.48,PASS,0.0,0.0,0.0,0.0,0.0,0.0,0.0,0.0,0.0,0.0,0.0,0.0,0.0,0.0,0.0,0.0,0.0,0.0,0.0,0.0,0.0,0.0,0.0,0.0,0.0,0.0,0.0,0.0,0.0,0.0,0.0,0.0,0.0,0.0,0.0,0.0,0.0,0.0,0.0,0.0,0.0,0.0,0.0,0.0,0.0,0.0,0.0,0.0,0.0,0.0,0.0,0.0,0.0,0.0,0.0,0.0,0.0,0.0,0.0,0.0,0.0,0.0,0.0,0.0,0.0,0.0,0.0,0.0,0.0,0.0,0.0,0.0,0.0,0.0,0.0,0.0,0.0,0.0,0.0,0.0,0.0,0.0,0.0,0.0,0.0,0.00516795865633075,0.05128205128205128,0.125,0.0,0.0,0.0031201248049922,0.05172413793103448,0.0,0.0,0.0,0.0,0.0,0.0,0.0,0.0,0.0,0.0,0.0,0.0,0.0,0.0,0.0,0.0,0.0,0.0,0.0,0.0,0.0,0.0,0.0,0.0,0.0,0.0,0.0,0.0,0.0,0.0,0.0,0.0,0.0,0.0,0.0,0.0,0.0,0.0,0.0,0.0,0.0,0.0,0.0,0.0,0.0,0.0,0.0,0.0,0.0,0.0,0.0,0.0
3413851, intergenic, C->T, noncoding,2.61935,9.999e-05,121,-1.0,0.857143,121,0.9,0.705882,PASS,0.0,0.0,0.0,0.0,0.0,0.0,0.0,0.0,0.0,0.0,0.0,0.0,0.0,0.0,0.0,0.0,0.0,0.0,0.0,0.0,0.0,0.0,0.0,0.0,0.0,0.0,0.0,0.0,0.0,0.0,0.0,0.0,0.0,0.01098901098901099,0.0,0.0,0.0,0.0,0.0,0.0,0.0,0.0,0.0,0.0,0.0,0.0,0.0,0.0847457627118644,0.5428571428571428,0.7361111111111112,0.8407079646017699,0.8986175115207373,0.9712643678160919,0.8850574712643678,0.8076923076923077,0.8411214953271028,0.5,0.3669064748201439,0.26595744680851063,0.16279069767441862,0.4148936170212766,0.4,0.5,0.5963302752293578,0.18181818181818182,0.13924050632911392,0.0,0.1509433962264151,0.17272727272727273,0.06097560975609756,0.23333333333333334,0.07801418439716312,0.0,0.0,0.010526315789473684,0.0,0.0,0.0,0.0,0.0,0.0,0.0,0.0,0.0,0.0,0.0,0.0,0.0,0.0,0.0,0.0,0.0,0.0,0.0,0.0,0.0,0.0,0.0,0.0,0.0,0.0,0.0,0.0,0.0,0.0,0.0,0.0,0.0,0.0,0.0,0.0,0.0,0.0,0.0,0.0,0.0,0.0,0.0,0.0,0.0,0.0,0.0,0.0,0.0,0.0,0.0,0.0,0.0,0.0,0.0,0.0,0.0,0.0,0.0,0.0,0.0,0.0,0.0,0.0,0.0,0.0,0.0,0.0,0.0
3414091, crp, A->C, missense,0.880657,9.999e-05,121,-1.0,0.3,120,0.9,0.375,PASS,0.0,0.0,0.0,0.0,0.004273504273504274,0.0,0.0,0.0,0.0,0.0,0.0,0.0,0.0,0.0,0.0,0.0,0.0,0.0,0.0,0.0,0.0,0.0,0.0,0.0,0.0,0.0,0.0,0.0,0.006172839506172839,0.0,0.0,0.0,0.0,0.0,0.0,0.0,0.0,0.0,0.0,0.0,0.0,0.0,0.0,0.0,0.0,0.0,0.0,0.0,0.0,0.0,0.0,0.0,0.0,0.0,0.0,0.1,0.2948717948717949,0.5212765957446809,0.6129032258064516,0.7211538461538461,0.5165562913907285,0.5294117647058824,0.5517241379310345,0.33195020746887965,0.8863636363636364,0.6404494382022472,0.8125,0.618421052631579,0.6402439024390244,0.7333333333333333,0.53125,0.8029197080291971,0.8666666666666667,0.8469387755102041,0.7865168539325843,0.6979591836734694,0.7346938775510204,0.6736842105263158,0.765625,0.4866666666666667,0.5235294117647059,0.784,0.8888888888888888,0.808695652173913,0.7479674796747967,0.7714285714285715,0.9711538461538461,0.7967479674796748,0.5813953488372093,0.7183673469387755,0.8284518828451883,0.8807947019867549,0.9130434782608695,0.9148936170212766,1.0,0.9416666666666667,0.9672131147540983,0.9572192513368984,0.9263157894736842,0.9662447257383966,0.9534883720930233,0.9878542510121457,0.9904761904761905,1.0,0.9281045751633987,0.985781990521327,0.920863309352518,0.995,0.9769230769230769,1.0,0.975609756097561,0.956140350877193,0.9764705882352941,0.961038961038961,0.9776119402985075,0.9588477366255144,0.8141592920353983,0.9262295081967213,0.9942528735632183,0.9590909090909091,0.963963963963964,0.9491525423728814,0.0,0.0,0.0,0.0,0.0,0.0,0.0,0.0,0.0,0.0,0.0,0.0,0.0,0.0,0.0,0.0,0.0,1.0,1.0,0.9948979591836735,0.9950980392156863,1.0
3437566, yhfW, G->A, synonymous,2.35042,9.999e-05,121,-1.0,0.444444,120,0.9,0.363636,PASS,0.0,0.022727272727272728,0.0,0.0,0.0,0.0,0.0,0.0,0.0,0.0,0.0,0.0,0.0,0.0,0.0,0.0,0.0,0.0,0.0,0.0,0.0,0.0,0.0,0.0,0.0,0.0,0.0,0.0,0.0,0.0,0.0,0.0,0.0,0.0,0.0,0.0,0.0,0.0,0.0,0.0,0.0,0.0,0.0,0.0,0.0,0.0,0.0,0.0,0.0,0.0,0.0,0.0,0.0,0.0,0.0,0.0,0.0,0.0,0.0,0.0,0.0,0.0,0.0,0.0,0.0,0.0,0.0,0.0,0.0,0.0,0.0,0.0,0.0,0.0,0.0,0.0,0.0,0.0,0.0,0.0,0.0,0.0,0.0,0.0,0.0,0.0,0.0,0.0,0.0,0.0,0.0,0.0,0.0,0.0,0.0,0.0,0.0,0.0,0.0,0.006666666666666667,0.0,0.0,0.09090909090909091,0.2716049382716049,0.5287356321839081,0.44036697247706424,0.37719298245614036,0.022222222222222223,0.0,0.031914893617021274,0.1111111111111111,0.5348837209302325,0.5853658536585366,0.5253164556962026,0.3559322033898305,0.15079365079365079,0.15873015873015872,0.13924050632911392,0.13392857142857142,0.1437125748502994,0.0916030534351145,0.10218978102189781,0.0,0.0,0.0,0.0,0.0,0.0,0.0,0.0,0.0,0.0,0.0,0.0,0.0,0.0,0.0,0.0,0.0,0.0,0.0,0.0,0.0,0.0
3454416, yrfE, C->T, missense,5.10543,9.999e-05,121,-1.0,0.307692,121,0.9,0.923077,PASS,0.0,0.0,0.0,0.0,0.0,0.0,0.0,0.0,0.0,0.0,0.0,0.0,0.0,0.0,0.0,0.0,0.0,0.0,0.0,0.0,0.0,0.0,0.0,0.0,0.0,0.0,0.0,0.0,0.0,0.0,0.0,0.0,0.0,0.0,0.0,0.0,0.014492753623188406,0.0,0.0,0.0,0.0,0.0,0.01948051948051948,0.13333333333333333,0.2641509433962264,0.2037037037037037,0.15714285714285714,0.024390243902439025,0.0,0.0,0.0,0.0,0.0,0.0,0.0,0.0,0.0,0.0,0.0,0.0,0.0,0.0,0.0,0.0,0.0,0.0,0.0,0.0,0.0,0.0,0.0,0.0,0.0,0.0,0.0,0.0,0.0,0.0,0.0,0.0,0.0,0.0,0.0,0.0,0.0,0.010416666666666666,0.0,0.0,0.0,0.0,0.004651162790697674,0.0,0.0,0.0,0.0,0.0,0.0,0.0,0.0,0.0,0.0,0.0,0.0,0.0,0.0,0.0,0.0078125,0.0,0.0,0.0,0.0,0.0,0.0,0.0,0.0,0.0,0.0,0.0,0.0,0.0,0.0,0.0,0.0,0.0,0.0,0.0,0.0,0.0,0.0,0.0,0.0,0.0,0.0,0.0,0.0,0.0,0.0,0.0,0.0,0.0,0.0,0.0,0.0,0.0
3464790, ompR, G->A, missense,4.99761,0.00119988,121,-1.0,0.333333,120,0.9,0.6,PASS,0.0,0.0,0.0,0.0,0.0,0.0,0.0,0.0,0.0,0.0,0.0,0.0,0.0,0.0,0.0,0.0,0.0,0.0,0.0,0.0,0.0,0.0,0.0,0.0,0.0,0.0,0.0,0.0,0.0,0.0,0.0,0.0,0.0,0.0,0.0,0.0,0.0,0.0,0.0,0.0,0.0,0.0,0.0,0.0,0.0,0.0,0.0,0.0,0.0,0.0,0.0,0.0,0.0,0.0,0.0,0.22535211267605634,0.1780821917808219,0.08421052631578947,0.0,0.0,0.0,0.0,0.0,0.0,0.0,0.0,0.0,0.0,0.0,0.0,0.0,0.0,0.0,0.0,0.0,0.006329113924050633,0.0,0.0,0.0,0.0,0.0,0.0,0.0,0.0,0.0,0.0,0.0,0.0,0.0,0.0,0.005208333333333333,0.0,0.0,0.0,0.0,0.0,0.0,0.0,0.0,0.0,0.0,0.0,0.0,0.0,0.0,0.0,0.0,0.0,0.0,0.0,0.0,0.0,0.0,0.0,0.0,0.0,0.0,0.0,0.0,0.0,0.0,0.0,0.0,0.0,0.0,0.0,0.0,0.0,0.0,0.0,0.0,0.0,0.0,0.0,0.0,0.0,0.0,0.0,0.0,0.0,0.0,0.0,0.0,0.0
3475057, intergenic, C->T, noncoding,2.29574,0.00019998,121,-1.0,0.75,120,0.9,0.75,PASS,0.0,0.0,0.0,0.0,0.0,0.0,0.0,0.0,0.0,0.0,0.0,0.0,0.0,0.0,0.0,0.0,0.0,0.0,0.0,0.0,0.0,0.011904761904761904,0.013333333333333334,0.018867924528301886,0.0,0.0,0.0,0.009569377990430622,0.0,0.0,0.0,0.0,0.0,0.0,0.0,0.0,0.0,0.0,0.0,0.008849557522123894,0.0,0.0,0.07772020725388601,0.0,0.0,0.0,0.0,0.0,0.0,0.019230769230769232,0.0,0.004484304932735426,0.0070921985815602835,0.0,0.0,0.0,0.0,0.008,0.014925373134328358,0.0,0.0273972602739726,0.07142857142857142,0.0,0.0,0.0,0.0,0.0,0.14035087719298245,0.2,0.1724137931034483,0.13043478260869565,0.013333333333333334,0.014285714285714285,0.0,0.023255813953488372,0.005128205128205128,0.0,0.0,0.0,0.0,0.0,0.0,0.0,0.0,0.0,0.0,0.0,0.0,0.0,0.0,0.0,0.0,0.0,0.0,0.0,0.0,0.0,0.0,0.0,0.0,0.0125,0.005988023952095809,0.04285714285714286,0.010101010101010102,0.03305785123966942,0.006024096385542169,0.0,0.12264150943396226,0.15384615384615385,0.016129032258064516,0.03571428571428571,0.008264462809917356,0.022222222222222223,0.0,0.01639344262295082,0.0,0.0,0.0,0.0,0.005025125628140704,0.0,0.005747126436781609,0.0,0.0,0.0,0.0,0.0,0.0,0.0,0.0,0.0,0.0,0.0,0.0,0.0,0.0,0.0,0.0,0.009900990099009901,0.0,0.0,0.0,0.0,0.0
3481597, malT, G->T, noncoding,3.84186,9.999e-05,121,-1.0,0.857143,119,0.9,1.0,PASS,0.0,0.0,0.0,0.0,0.0,0.0,0.0,0.0,0.0,0.0,0.0,0.0,0.0,0.0,0.0,0.0,0.0,0.0,0.0,0.0,0.0,0.0,0.0,0.0,0.0,0.0,0.0,0.0,0.0,0.0,0.0,0.0,0.0,0.0,0.0,0.0,0.0,0.0,0.0,0.0,0.0,0.0,0.0,0.0,0.0,0.0,0.0,0.0,0.0,0.0,0.0,0.0,0.0,0.0,0.0,0.0,0.0,0.0,0.0,0.0,0.03614457831325301,0.09090909090909091,0.2727272727272727,0.17703349282296652,0.4166666666666667,0.08955223880597014,0.08333333333333333,0.0,0.010638297872340425,0.06666666666666667,0.012345679012345678,0.12605042016806722,0.06557377049180328,0.0,0.0,0.0,0.0,0.0,0.0,0.0,0.0,0.0,0.0,0.0,0.0,0.0,0.0,0.0,0.0,0.0,0.0,0.0,0.0,0.0,0.0,0.0,0.0,0.0,0.0,0.0,0.0,0.0,0.0,0.0,0.0,0.0,0.0,0.0,0.0,0.0,0.0,0.0,0.0,0.0,0.0,0.01282051282051282,0.0,0.0,0.0,0.0,0.0,0.0,0.0,0.0,0.0,0.0,0.0,0.0,0.0,0.0,0.0,0.0,0.0,0.0,0.0,0.0,0.0,0.0,0.0,0.0,0.0,0.0,0.0,0.0
3482231, malT, C->T, nonsense,0.884114,9.999e-05,121,-1.0,0.226415,119,0.9,0.428571,PASS,0.0,0.0,0.0,0.0,0.0,0.0,0.0,0.0,0.0,0.0,0.0,0.0,0.0,0.0,0.0,0.0,0.0,0.0,0.0,0.0,0.0,0.0,0.0,0.0,0.0,0.0,0.0,0.0,0.0,0.0,0.017543859649122806,0.0,0.0,0.0,0.0,0.0,0.0,0.0,0.0,0.0,0.0,0.0,0.0,0.0,0.0,0.0,0.0,0.04838709677419355,0.16393442622950818,0.0851063829787234,0.0,0.030927835051546393,0.05511811023622047,0.017543859649122806,0.0,0.11320754716981132,0.3,0.4782608695652174,0.5357142857142857,0.7073170731707317,0.6410256410256411,0.4,0.3684210526315789,0.3146067415730337,0.6,0.6511627906976745,0.6666666666666666,0.7872340425531915,0.6111111111111112,0.825,0.6086956521739131,0.8108108108108109,0.8076923076923077,0.8979591836734694,0.7681159420289855,0.5736434108527132,0.7910447761194029,0.7659574468085106,0.8627450980392157,0.391304347826087,0.5054945054945055,0.8105263157894737,1.0,0.8110236220472441,0.49056603773584906,0.7062937062937062,0.9367088607594937,0.7762237762237763,0.7777777777777778,0.6770833333333334,0.806060606060606,0.9032258064516129,0.9285714285714286,0.9130434782608695,0.9375,0.9615384615384616,0.9714285714285714,0.9591836734693877,0.9420289855072463,0.9387755102040817,0.9464285714285714,0.9915254237288136,1.0,1.0,0.9746835443037974,0.9489795918367347,0.9212598425196851,0.9418604651162791,0.9777777777777777,1.0,1.0,0.9622641509433962,0.896551724137931,1.0,1.0,0.9758064516129032,0.9393939393939394,0.967741935483871,0.9904761904761905,0.953125,0.9658119658119658,0.9819819819819819,0.0,0.0,0.0,0.0,0.0,0.0,0.0,0.0,0.0,0.0,0.0,0.0,0.0,0.0,0.0,0.0,0.0,1.0,1.0,1.0,1.0,1.0
3482675, malT, indel;+24, indel,4.23583,0.00279972,121,-1.0,0.218182,119,0.9,0.142857,PASS,0.0,0.0,0.0,0.0,0.0,0.0,0.0,0.0,0.0,0.05204460966542751,0.32,0.0,0.0,0.0,0.0,0.0,0.0,0.0,0.038461538461538464,0.0,0.0,0.0,0.0,0.0,0.0,0.0,0.0,0.0,0.0,0.0,0.0,0.0,0.0,0.0,0.0,0.0,0.0,0.0,0.0,0.03081664098613251,0.13043478260869565,0.154320987654321,0.02654867256637168,0.0,0.0,0.0,0.0,0.0,0.0,0.0,0.0,0.0,0.0,0.0,0.0,0.0,0.0,0.0,0.0,0.0,0.0,0.0,0.0,0.0,0.0,0.0,0.0,0.0,0.0,0.0,0.0,0.0,0.0,0.0,0.0,0.0,0.0,0.0,0.0,0.0,0.0,0.0,0.0,0.0,0.0,0.0,0.0,0.0,0.0,0.0,0.0,0.0,0.0,0.0,0.0,0.0,0.0,0.0,0.0,0.0,0.0,0.0,0.0,0.0,0.0,0.0,0.0,0.0,0.0,0.0,0.0,0.0,0.0,0.0,0.0,0.0,0.0,0.0,0.0,0.0,0.0,0.0,0.0,0.0,0.0,0.0,0.0,0.0,0.0,0.0,0.0,0.0,0.0,0.0,0.0,0.0,0.0,0.0,0.0,0.0,0.0,0.0,0.0,0.0
3483452, malT, G->A, missense,2.44519,9.999e-05,121,-1.0,0.6,120,0.9,0.521739,PASS,0.0,0.0,0.0,0.0,0.0,0.0,0.0,0.0,0.0,0.006896551724137931,0.0,0.0,0.0,0.0,0.0,0.0,0.0,0.0,0.0,0.0,0.0,0.0,0.0,0.0,0.0,0.0,0.0,0.0,0.0,0.0,0.0,0.0,0.0,0.0,0.0,0.0,0.0,0.0,0.0,0.0,0.0,0.0,0.0,0.0,0.0,0.0,0.09375,0.5,0.4074074074074074,0.7678571428571429,0.7792207792207793,0.9121621621621622,0.9147286821705426,0.9473684210526315,0.7714285714285715,0.7536231884057971,0.5588235294117647,0.3870967741935484,0.391304347826087,0.18604651162790697,0.37254901960784315,0.42857142857142855,0.7142857142857143,0.6111111111111112,0.2222222222222222,0.2916666666666667,0.0,0.14285714285714285,0.19672131147540983,0.11363636363636363,0.15151515151515152,0.038461538461538464,0.0,0.0,0.0,0.0,0.0,0.0,0.0,0.0,0.0,0.0,0.0,0.0,0.0,0.0,0.0,0.0,0.0,0.0,0.0,0.0,0.0,0.0,0.0,0.0,0.0,0.0,0.0,0.0,0.0,0.0,0.0,0.0,0.0,0.0,0.0,0.0,0.0,0.0,0.0,0.0,0.0,0.0,0.0,0.0,0.0,0.0,0.010416666666666666,0.0,0.0,0.0,0.0,0.0,0.0,0.0,0.0,0.0,0.0,0.0,0.0,0.0,0.0,0.0,0.0,0.0,0.0,0.0,0.0,0.0,0.0,0.004807692307692308,0.0,0.0
3489219, glpR, G->A, noncoding,0.845935,9.999e-05,121,-1.0,0.148148,120,0.9,0.26087,PASS,0.0,0.04081632653061224,0.0,0.0,0.0,0.0,0.0,0.0,0.0,0.0,0.0,0.0,0.0,0.0,0.0,0.0,0.0,0.0,0.0,0.0,0.0,0.0,0.0,0.0,0.0,0.0,0.0,0.0,0.0,0.0,0.0,0.0,0.0,0.0,0.0,0.0,0.0,0.0,0.0,0.0,0.0,0.0,0.0,0.0,0.0,0.14666666666666667,0.6724137931034483,0.875,0.8793103448275862,0.8709677419354839,0.8522727272727273,0.9529914529914529,0.9558823529411765,0.9552238805970149,0.7647058823529411,0.9102564102564102,0.953125,0.9310344827586207,0.9285714285714286,0.7916666666666666,1.0,0.7142857142857143,1.0,0.8902439024390244,0.9166666666666666,0.9318181818181818,1.0,0.9272727272727272,0.9306930693069307,0.8695652173913043,0.7543859649122807,0.9326923076923077,0.7972972972972973,0.7857142857142857,0.9423076923076923,0.6836734693877551,0.5892857142857143,0.8,0.8169014084507042,0.42857142857142855,0.46153846153846156,0.7205882352941176,1.0,0.8395061728395061,0.49122807017543857,0.7754237288135594,0.9318181818181818,0.8217821782178217,0.5789473684210527,0.7148760330578512,0.7907949790794979,0.8452380952380952,0.9555555555555556,0.9,1.0,0.9444444444444444,1.0,0.925,0.9066666666666666,0.9788732394366197,1.0,1.0,1.0,1.0,0.9230769230769231,0.984251968503937,0.903448275862069,0.9743589743589743,0.9473684210526315,0.9775280898876404,0.9838709677419355,0.975609756097561,1.0,0.9583333333333334,0.9402985074626866,0.974025974025974,0.896551724137931,0.9612903225806452,1.0,0.9310344827586207,0.9178082191780822,0.9099099099099099,0.0,0.0,0.0,0.0,0.0,0.0,0.0,0.0,0.0,0.0,0.0,0.0,0.0,0.0,0.0,0.0,0.0,1.0,1.0,0.9842105263157894,0.9956140350877193,1.0
3489714, glpG, G->T, missense,4.54353,9.999e-05,121,-1.0,0.133333,120,0.9,0.413793,PASS,0.0,0.0,0.0,0.0,0.0,0.0,0.0,0.0,0.20987654320987653,0.19631901840490798,0.1111111111111111,0.0196078431372549,0.0,0.0,0.0,0.0,0.0,0.0,0.0,0.0,0.0,0.0,0.0,0.0,0.0,0.0,0.0,0.0,0.0,0.0,0.0,0.0,0.0,0.0196078431372549,0.0,0.0,0.0,0.0,0.0,0.0,0.0,0.0,0.0,0.0,0.0,0.0,0.0,0.0,0.0,0.0,0.0,0.0,0.0,0.0,0.0,0.0,0.0,0.0,0.0,0.0,0.0,0.0,0.0,0.004273504273504274,0.0,0.0,0.0,0.0,0.0,0.0,0.0,0.0,0.0,0.0,0.0,0.0,0.012987012987012988,0.0,0.0,0.0,0.0,0.0,0.0,0.0,0.0,0.0,0.0,0.0,0.0,0.009852216748768473,0.0,0.0,0.0,0.0,0.0,0.0,0.0,0.0,0.0,0.0,0.0,0.0,0.0,0.0,0.0,0.0,0.0,0.0,0.0,0.0,0.0,0.0,0.0,0.0,0.0,0.0,0.0,0.0,0.0,0.0,0.0,0.0,0.0,0.0,0.0,0.0,0.0,0.0,0.0,0.0,0.0,0.0,0.0,0.0,0.0,0.0,0.0,0.0,0.0,0.0,0.0,0.0,0.0,0.0
3499021, glgA, G->A, missense,1.74837,9.999e-05,121,-1.0,0.48,121,0.9,0.444444,PASS,0.004273504273504274,0.0,0.0,0.0,0.0,0.0,0.0,0.0,0.0,0.0,0.0,0.0,0.0,0.0,0.0,0.0,0.0,0.0,0.0,0.0,0.0,0.0,0.0,0.0,0.0,0.0,0.0,0.0,0.01020408163265306,0.0,0.0,0.0125,0.0,0.0,0.0,0.0,0.0,0.0,0.0,0.0,0.0,0.0,0.0,0.0,0.0,0.0,0.0,0.0,0.0,0.0,0.0,0.0,0.0,0.0,0.0,0.0,0.0,0.0,0.0,0.0,0.0,0.0,0.0,0.0,0.0,0.0,0.0,0.0,0.0,0.0,0.0,0.0,0.0,0.0,0.0,0.0,0.0,0.0,0.0,0.0,0.0,0.0,0.0,0.0,0.0,0.0,0.0,0.0,0.0,0.0,0.0,0.0,0.022727272727272728,0.008849557522123894,0.1,0.24561403508771928,0.25,0.7156862745098039,0.42045454545454547,0.4146341463414634,0.13043478260869565,0.2896174863387978,0.3380281690140845,0.7214285714285714,0.7608695652173914,0.873015873015873,0.835820895522388,0.38461538461538464,0.12790697674418605,0.22758620689655173,0.19387755102040816,0.8578680203045685,0.8732394366197183,0.9570552147239264,0.8987341772151899,0.8905472636815921,0.9310344827586207,0.9396984924623115,1.0,0.9669811320754716,0.93,0.9060773480662984,0.0,0.0,0.0,0.0,0.0,0.0,0.0,0.0,0.0,0.0,0.0,0.0,0.0,0.0,0.0,0.0,0.0,0.0,0.0,0.0,0.9955357142857143,0.0
3499809, glgC, C->A, missense,1.02447,9.999e-05,121,-1.0,0.461538,120,0.9,0.1875,PASS,0.0,0.0,0.0,0.0,0.0,0.0,0.0,0.0,0.0,0.0,0.0,0.0,0.0,0.0,0.0,0.0,0.0,0.0,0.0,0.0,0.0,0.0,0.0,0.0,0.0,0.0,0.0,0.0,0.0,0.0,0.0,0.0,0.0,0.0,0.0,0.0,0.0,0.0,0.0,0.0,0.0,0.0,0.0,0.0,0.0,0.0,0.0,0.0,0.0,0.0,0.0,0.0,0.0,0.0,0.0,0.0,0.0,0.0,0.0,0.0,0.0,0.0,0.0,0.008438818565400843,0.0,0.23943661971830985,0.4444444444444444,0.581081081081081,0.42528735632183906,0.30303030303030304,0.5,0.6352941176470588,0.7976190476190477,0.8421052631578947,0.7846153846153846,0.6206896551724138,0.8064516129032258,0.717948717948718,0.8627450980392157,0.39759036144578314,0.4791666666666667,0.78,0.75,0.8571428571428571,0.65625,0.7526315789473684,0.984375,0.7724550898203593,0.5849056603773585,0.6625,0.7382198952879581,0.8409090909090909,0.9672131147540983,0.9518072289156626,1.0,0.9736842105263158,1.0,0.9196428571428571,0.9024390243902439,0.9172932330827067,0.9743589743589743,0.993103448275862,0.9833333333333333,1.0,0.9439252336448598,0.9932885906040269,0.8297872340425532,0.8979591836734694,0.9529411764705882,0.9603960396039604,0.9629629629629629,0.9754098360655737,0.9117647058823529,0.9782608695652174,0.9625,0.972972972972973,0.839622641509434,0.9593908629441624,0.9931506849315068,0.9364161849710982,0.9465648854961832,0.975609756097561,0.0,0.0,0.0,0.0,0.0,0.0,0.0,0.0,0.0,0.0,0.0,0.0,0.0,0.0,0.0,0.0,0.0,0.012195121951219513,1.0,0.9946808510638298,1.0,1.0
3518458, ugpQ, G->A, missense,1.16317,9.999e-05,121,-1.0,0.1875,121,0.9,0.413793,PASS,0.0,0.0,0.0,0.0,0.0,0.0,0.00546448087431694,0.0,0.0,0.0,0.0,0.0,0.0,0.0,0.0,0.0,0.0,0.0,0.0,0.0,0.0,0.0,0.0,0.0,0.0,0.0,0.0,0.0,0.0,0.0,0.0,0.0,0.0,0.0,0.0,0.0,0.0,0.0,0.0,0.02127659574468085,0.0,0.0,0.0,0.0,0.015151515151515152,0.0,0.047619047619047616,0.07692307692307693,0.1,0.0975609756097561,0.0945945945945946,0.09574468085106383,0.038834951456310676,0.018518518518518517,0.0625,0.06896551724137931,0.09615384615384616,0.10714285714285714,0.03508771929824561,0.2857142857142857,0.10256410256410256,0.0,0.09090909090909091,0.05,0.35294117647058826,0.1282051282051282,0.14285714285714285,0.14,0.12698412698412698,0.15384615384615385,0.23076923076923078,0.08955223880597014,0.10204081632653061,0.2972972972972973,0.23809523809523808,0.2827586206896552,0.3018867924528302,0.2558139534883721,0.23529411764705882,0.5357142857142857,0.3870967741935484,0.19148936170212766,0.0,0.16842105263157894,0.27586206896551724,0.26900584795321636,0.06666666666666667,0.23529411764705882,0.4090909090909091,0.30303030303030304,0.24404761904761904,0.05063291139240506,0.041237113402061855,0.13333333333333333,0.06666666666666667,0.11363636363636363,0.0,0.04054054054054054,0.046511627906976744,0.05785123966942149,0.019230769230769232,0.0,0.0,0.0,0.03508771929824561,0.01834862385321101,0.06,0.023809523809523808,0.09836065573770492,0.014705882352941176,0.0,0.020202020202020204,0.0,0.043478260869565216,0.04081632653061224,0.019801980198019802,0.12280701754385964,0.07086614173228346,0.020833333333333332,0.056,0.045454545454545456,0.05825242718446602,0.0,0.0,0.0,0.0,0.0,0.010869565217391304,0.011904761904761904,0.0,0.0,0.0,0.0,0.0,0.0,0.0,0.0,0.0,1.0,0.0,0.0,0.0,0.0,0.0
3528479, intergenic, indel;-1;T, indel,1.32837,9.999e-05,121,-1.0,0.375,118,0.9,0.545455,PASS,0.0,0.0,0.0,0.0,0.0,0.0,0.0,0.0,0.0,0.0,0.0,0.0,0.0,0.0,0.0,0.0,0.0,0.0,0.0,0.16666666666666666,0.0,0.0,0.0,0.0,0.0,0.0,0.0,0.0,0.0,0.0,0.0,0.0,0.0,0.0,0.0,0.0,0.0,0.0,0.0,0.0,0.0,0.0,0.0,0.0,0.0,0.0,0.0,0.0,0.0,0.0,0.0,0.0,0.0,0.0,0.0,0.0,0.0,0.0,0.0,0.0,0.0,0.0,0.0,0.004291845493562232,0.0,0.0,0.0,0.0,0.0,0.0,0.0,0.0,0.0,0.0,0.0,0.0,0.0,0.0,0.0,0.013888888888888888,0.16666666666666666,0.5545454545454546,0.6666666666666666,0.5833333333333334,0.2647058823529412,0.3036649214659686,0.4642857142857143,0.48484848484848486,0.391304347826087,0.6702127659574468,0.6409090909090909,0.8863636363636364,0.8653846153846154,0.9107142857142857,0.875,0.9433962264150944,0.9230769230769231,0.8571428571428571,0.8679245283018868,0.8738738738738738,1.0,0.9741379310344828,0.926829268292683,0.9375,0.9066666666666666,0.9067796610169492,0.9,0.8674698795180723,0.9052631578947369,0.94,0.953125,0.9615384615384616,0.9444444444444444,0.9534883720930233,0.8764044943820225,0.8928571428571429,0.9302325581395349,0.8235294117647058,0.8955223880597015,0.937984496124031,0.8843537414965986,0.9159663865546218,0.0,0.0,0.0,0.0,0.0,0.0,0.0,0.0,0.0,0.0,0.012121212121212121,0.0,0.0,0.0,0.0,0.0,0.0,0.0,0.90625,0.8313253012048193,0.9192825112107623,0.943089430894309
3531801, ftsX, A->C, missense,1.79973,9.999e-05,121,-1.0,0.324324,119,0.9,0.428571,PASS,0.0,0.0,0.0,0.0,0.0,0.0,0.0,0.0,0.0,0.0,0.0,0.0,0.0,0.0,0.0,0.0,0.0,0.0,0.0,0.0,0.0,0.0,0.0,0.0,0.0,0.0,0.0,0.0,0.0,0.0,0.0,0.0,0.0,0.0,0.0,0.0,0.0,0.0,0.0,0.0,0.0,0.0,0.0,0.0,0.0,0.0,0.0,0.0,0.0,0.0,0.0,0.0,0.0,0.0,0.0,0.0,0.0,0.0,0.0,0.0,0.0,0.0,0.0,0.0,0.0,0.0,0.0,0.0,0.015625,0.0,0.0,0.0,0.16279069767441862,0.07317073170731707,0.16666666666666666,0.3858267716535433,0.22448979591836735,0.24444444444444444,0.1956521739130435,0.5614035087719298,0.6206896551724138,0.2702702702702703,0.0,0.25263157894736843,0.5263157894736842,0.21686746987951808,0.024390243902439025,0.18487394957983194,0.5789473684210527,0.3381294964028777,0.23756906077348067,0.14285714285714285,0.10975609756097561,0.11842105263157894,0.0,0.018518518518518517,0.0,0.018867924528301886,0.03636363636363636,0.04081632653061224,0.015873015873015872,0.0,0.0,0.0,0.03125,0.061224489795918366,0.12857142857142856,0.046875,0.010101010101010102,0.015873015873015872,0.0,0.0,0.02,0.0,0.019230769230769232,0.08653846153846154,0.09433962264150944,0.028037383177570093,0.0,0.01680672268907563,0.04,0.02040816326530612,0.0,0.0,0.0,0.0,0.0,0.0,0.0,0.0,0.0,0.0,0.0,0.0,0.0,0.0,0.0,0.0,0.0,0.0,0.0,0.0,0.0,0.0
3542565, yhhT, MOB_3542565_3542568_IS150_1, sv,1.14549,9.999e-05,121,-1.0,0.5,120,0.9,0.230769,PASS,0.0,0.0,0.0,0.0,0.0,0.0,0.0,0.0,0.0,0.0,0.0,0.02290945790080738,0.01739200698080279,0.02319282710280374,0.0,0.03443756333486873,0.11420802292263611,0.0,0.010609370330843117,0.019172277992277994,0.019718151815181516,0.04089722807017544,0.021874816983894586,0.11275785007072135,0.03909493322859387,0.0,0.01592356687898089,0.04267090359929524,0.05178675324675325,0.014534883720930232,0.016485074626865673,0.009784735812133072,0.05804336569579288,0.0527221044663134,0.02506273136568284,0.005479625137816979,0.0,0.0,0.03460207612456748,0.09922427258805513,0.01610859872611465,0.04607808641975309,0.012865027499191198,0.01423487106017192,0.033618802698145024,0.017079419299743808,0.05381512491559757,0.09481720351390924,0.1535450852965069,0.07783089668615985,0.09236066225165562,0.07487998963193364,0.06131430457746479,0.009560229445506692,0.08913767857142857,0.11291386904761905,0.08854337527757218,0.14141766533510874,0.11943229070837166,0.16073231265108784,0.027165279672578445,0.12486226415094338,0.0800262248995984,0.12294638811980871,0.09638988416988417,0.16044026845637585,0.04752090909090909,0.11909739696312363,0.0762292496171516,0.07344059040590406,0.1965312767780634,0.20090884104443427,0.14165844481605352,0.18170744680851064,0.2390175648702595,0.40644107142857144,0.28441598694942904,0.23640992448759438,0.21265072587532025,0.6090478431372549,0.43762271062271063,0.41825440806045344,0.26666666666666666,0.20772322435174745,0.35411912225705333,0.338989622369559,0.0569856392694064,0.2591912225705329,0.4043012820512821,0.28811393728222995,0.17848557575757576,0.08802140221402215,0.0393413201320132,0.06878920415224914,0.0851893653516295,0.009632732558139534,0.0,0.027882315789473686,0.03490736325385694,0.034312547966231774,0.0,0.007348745910577972,0.009661330761812923,0.0,0.02130276399716513,0.03627251991310645,0.03500489021956088,0.01950395846852693,0.01348506056527591,0.01778733727810651,0.0,0.018029734592892484,0.03277884405670665,0.032428317152103564,0.008488906917164817,0.05675981873111782,0.09956007226738933,0.05056223717409587,0.009434322033898304,0.046447113358617786,0.05025025075225677,0.010847924936845903,0.0,0.0,0.0,0.0,0.0,0.0,0.0,0.0,0.0,0.0,0.0,0.0,0.0,0.0,0.0,0.0,1.0,0.0,0.0,0.0,0.0,0.0
3570444, yhiO, MOB_3570444_3570446_IS150_-1, sv,1.67088,0.00249975,121,-1.0,1.0,120,0.9,1.0,PASS,0.0,0.0,0.0,0.0,0.0,0.0,0.0,0.0,0.0,0.0027796409628722974,0.0,0.0,0.0,0.0,0.015873015873015872,0.003788775985830148,0.0,0.03582285570131181,0.06146173588427438,0.0,0.2787392102846648,0.034848274647887326,0.00384172109104879,0.0,0.0,0.0,0.0,0.0010961306587745259,0.0,0.0,0.0,0.0,0.0,0.0,0.0,0.0,0.0,0.0,0.0,0.0,0.0,0.0,0.0,0.0,0.0,0.0,0.0,0.0065832784726793945,0.03269753649635037,0.006006006006006006,0.005030575176589304,0.00386578196347032,0.004253854232304137,0.0,0.0,0.0,0.0,0.0,0.0,0.0,0.0,0.0,0.0,0.0,0.0,0.0,0.0,0.0,0.029492763157894734,0.0,0.02214878048780488,0.007213312146892655,0.0,0.0,0.009802854378326077,0.011164561557927164,0.10336428009441385,0.10050600619195046,0.081020796460177,0.05732796132151491,0.08435954746136866,0.061783236994219656,0.0,0.09571844262295082,0.06671795606494746,0.03018791118421053,0.08194735401459854,0.06114626662120695,0.01409443269908386,0.010755413239854388,0.02189496794590322,0.013640346975088967,0.009546601941747572,0.023217479830964272,0.0,0.00702237882433826,0.0,0.0,0.0,0.0,0.0,0.002003980699638118,0.0,0.0,0.0,0.0017122196183461669,0.0,0.0,0.0066314832846478405,0.0,0.0,0.0,0.0,0.0,0.0,0.0014728425298948277,0.0,0.0,0.0,0.0030561070414112726,0.0,0.0,0.0,0.0,0.0,0.0,0.0,0.00946073793755913,0.0,0.0,0.0,0.0,0.0,0.0,0.0,0.0,0.0,0.0,0.0,0.006021774664331582,0.0,0.0,0.0,0.0
3583858, slp, MOB_3583858_3583860_IS150_1, sv,1.11918,9.999e-05,121,-1.0,0.571429,120,0.9,0.75,PASS,0.0,0.0,0.0,0.0,0.0,0.0,0.0,0.0,0.0,0.0,0.0,0.0,0.0,0.0,0.0,0.0,0.0,0.0,0.00512557662737058,0.03569057279236277,0.012277790983606558,0.024500696721311478,0.027543567090005522,0.04272536418166238,0.04115798735221336,0.0,0.0,0.044905896020911995,0.008933889219773675,0.01720717372515125,0.004167560669456067,0.009998351703406815,0.03768184486373166,0.049054695885509834,0.010366649337145827,0.0,0.0038699690402476785,0.015933897763578272,0.012317017326732673,0.04035652525252525,0.026091480996068152,0.0,0.0034660687619378363,0.018705259862241704,0.005192107995846314,0.004564125969876769,0.043599902723735415,0.07299907362262312,0.05554164149043304,0.051931609566903694,0.098163132137031,0.06720571658615136,0.046851433586892914,0.015015542228885558,0.0913144157814871,0.053114677469616706,0.11233309982486865,0.14375431918008785,0.07735824561403509,0.11933743842364532,0.028143694779116466,0.09133849658314351,0.07837916666666667,0.09364033521088061,0.05335638297872341,0.11406183611532625,0.0,0.14944653272845104,0.11833704918032786,0.06377742409402547,0.1768507312153303,0.10116825783972125,0.13845656125045436,0.11743711467324293,0.1231902888752305,0.3104060564349621,0.22981123423767671,0.1867823050058207,0.1484477786438036,0.5745242311276795,0.4354196558763488,0.24190308517773304,0.052857368421052625,0.16272096456692914,0.3193852663016426,0.20565598290598291,0.025163157894736846,0.24512550374208406,0.5496709677419355,0.27268629254829807,0.20587769716385565,0.045838243366880145,0.07475553827006846,0.06474639138240575,0.02054069529652352,0.061610452079566,0.017724889673433365,0.057658620689655174,0.051949122106943336,0.054951672862453525,0.022571127819548873,0.00674418291862811,0.014734774066797643,0.003408316291751875,0.038316481835564055,0.03805092905405405,0.10669251247920135,0.054654133180252584,0.026277577169481658,0.017126273840022774,0.018125714285714283,0.010597037663986458,0.010198878123406425,0.01461134235171696,0.025483309090909092,0.03740825147347741,0.11350634632819584,0.03773481748240301,0.011690437222352116,0.045541592570638216,0.02830216969483154,0.07470024204058834,0.0,0.0,0.0,0.0,0.0,0.0,0.0,0.0,0.0,0.0,0.0,0.0,0.0,0.0,0.0,0.0,0.9886515406162465,0.0,0.0,0.0,0.0,0.0
3603219, yhjD, G->A, synonymous,1.0824,9.999e-05,121,-1.0,0.255319,120,0.9,0.428571,PASS,0.0,0.0,0.0,0.0,0.0,0.0,0.0055248618784530384,0.0,0.013513513513513514,0.007407407407407408,0.0,0.0,0.0,0.0,0.0,0.015544041450777202,0.0,0.0,0.0,0.034482758620689655,0.0,0.017857142857142856,0.06666666666666667,0.023809523809523808,0.09090909090909091,0.0,0.0,0.011560693641618497,0.0,0.0,0.029411764705882353,0.0,0.1111111111111111,0.02040816326530612,0.027777777777777776,0.0,0.0,0.02857142857142857,0.043478260869565216,0.0136986301369863,0.0,0.0,0.0,0.0,0.0,0.0,0.029850746268656716,0.02857142857142857,0.10416666666666667,0.05660377358490566,0.056818181818181816,0.06896551724137931,0.0,0.06153846153846154,0.15384615384615385,0.1267605633802817,0.08955223880597014,0.1,0.03636363636363636,0.22413793103448276,0.024390243902439025,0.3333333333333333,0.0,0.0684931506849315,0.14285714285714285,0.3050847457627119,0.2,0.13333333333333333,0.08064516129032258,0.19607843137254902,0.3333333333333333,0.028169014084507043,0.14285714285714285,0.10256410256410256,0.14,0.3821138211382114,0.15517241379310345,0.26666666666666666,0.18181818181818182,0.5138888888888888,0.5066666666666667,0.125,0.0,0.23,0.21739130434782608,0.21787709497206703,0.06666666666666667,0.18248175182481752,0.36,0.32786885245901637,0.17297297297297298,0.0967741935483871,0.11666666666666667,0.05172413793103448,0.0,0.019230769230769232,0.0,0.03125,0.02564102564102564,0.041666666666666664,0.017543859649122806,0.008771929824561403,0.05,0.0,0.0273972602739726,0.026785714285714284,0.08264462809917356,0.028169014084507043,0.0,0.09803921568627451,0.0,0.010869565217391304,0.025,0.008849557522123894,0.023809523809523808,0.050505050505050504,0.038461538461538464,0.033707865168539325,0.011235955056179775,0.043478260869565216,0.0,0.04672897196261682,0.0,0.0,0.0,0.0,0.0,0.0,0.0,0.0,0.0,0.0,0.0,0.0,0.0,0.0,0.0,0.0,1.0,0.0,0.0,0.0,0.0,0.0
3613023, dctA, A->C, noncoding,1.71925,9.999e-05,121,-1.0,0.705882,120,0.9,0.8,PASS,0.0,0.0,0.0,0.0,0.0,0.0,0.0,0.0,0.0,0.026845637583892617,0.07692307692307693,0.1590909090909091,0.056338028169014086,0.125,0.0,0.012396694214876033,0.0,0.0,0.05333333333333334,0.18181818181818182,0.05194805194805195,0.05747126436781609,0.16363636363636364,0.027777777777777776,0.11538461538461539,0.041666666666666664,0.14285714285714285,0.15463917525773196,0.16883116883116883,0.0,0.0,0.0,0.14666666666666667,0.07142857142857142,0.017094017094017096,0.025974025974025976,0.04411764705882353,0.0,0.16,0.09183673469387756,0.023255813953488372,0.21428571428571427,0.15343915343915343,0.0,0.0,0.0,0.0,0.0,0.0,0.0,0.0,0.0,0.0,0.0,0.0,0.0,0.0,0.0,0.0,0.0,0.0,0.0,0.0,0.0,0.0,0.0,0.0,0.0,0.0,0.0,0.0,0.0,0.0,0.0,0.0,0.0,0.0,0.0,0.0,0.0,0.0,0.0,0.0,0.0,0.0,0.0,0.0,0.0,0.0,0.0,0.0,0.0,0.0,0.0,0.0,0.0,0.0,0.0,0.0,0.0,0.014492753623188406,0.0,0.07272727272727272,0.36363636363636365,0.33653846153846156,0.42962962962962964,0.46853146853146854,0.009345794392523364,0.05,0.04938271604938271,0.10101010101010101,0.5703703703703704,0.6290322580645161,0.5,0.3375,0.17307692307692307,0.16049382716049382,0.07103825136612021,0.14285714285714285,0.08860759493670886,0.06962025316455696,0.16560509554140126,0.0,0.0,0.0,0.0,0.0,0.0,0.0,0.0,0.0,0.0,0.0,1.0,0.0,0.0,0.0,0.0,0.0,0.0,0.0,0.0,0.0,0.0
3617804, bcsC, C->A, missense,3.73761,0.00589941,121,-1.0,0.0930233,118,0.9,0.352941,PASS,0.0,0.0,0.0,0.0,0.0,0.0,0.0,0.0,0.0,0.0,0.0,0.0,0.0,0.0,0.0,0.0,0.0,0.0,0.0,0.0,0.0,0.0,0.0,0.0,0.0,0.0,0.0,0.0,0.0,0.0,0.0,0.0,0.0,0.0,0.0,0.0,0.0,0.0,0.0,0.0,0.0,0.0,0.0,0.0,0.0,0.0,0.0,0.0,0.0,0.0,0.0,0.0,0.0,0.0,0.0,0.0,0.0,0.0,0.0,0.0,0.0,0.0,0.0,0.0,0.0,0.0,0.0,0.0,0.0,0.0,0.0,0.0,0.0,0.0,0.0,0.0,0.0,0.0,0.0,0.0,0.0,0.0,0.0,0.0,0.0,0.0,0.0,0.0,0.0,0.0,0.0,0.0,0.0,0.0,0.0,0.0,0.0,0.0,0.0,0.0,0.0,0.0,0.0,0.0,0.0,0.0,0.0,0.0,0.047619047619047616,0.0,0.10256410256410256,0.07246376811594203,0.0,0.0,0.01694915254237288,0.0,0.0,0.0,0.0,0.0,0.0,0.0,0.0,0.0,0.0,0.0,0.0,0.0,0.0,0.0,0.0,0.0,0.020833333333333332,0.0,0.022727272727272728,0.0,0.0,0.0,0.0,0.0,0.0,0.0,0.0,0.0
3635251, dppB, G->A, missense,3.18381,0.00909909,121,-1.0,0.315789,120,0.9,0.24,PASS,0.0,0.0,0.0,0.0,0.0,0.0,0.0,0.0,0.0,0.0,0.0,0.0,0.0,0.0,0.0,0.0,0.0,0.0,0.0,0.0,0.0,0.0,0.0,0.0,0.0,0.0,0.0,0.0,0.0,0.0,0.0,0.0,0.0,0.023809523809523808,0.0,0.0,0.0,0.0,0.0,0.0,0.0,0.0,0.0,0.0,0.0,0.0,0.0,0.0,0.0,0.0,0.0,0.0,0.0,0.014084507042253521,0.0,0.011764705882352941,0.0,0.0,0.0,0.0,0.0,0.0,0.0,0.0,0.0,0.0,0.0,0.0,0.0,0.0,0.0,0.0,0.0,0.0,0.0,0.0,0.0,0.0,0.0,0.0,0.0,0.0,0.0,0.0,0.0,0.0,0.0,0.0,0.0,0.1111111111111111,0.1583710407239819,0.0,0.0,0.028846153846153848,0.0,0.0,0.0,0.0,0.0,0.0,0.0,0.0,0.0,0.0,0.0,0.0,0.0,0.0,0.0,0.0,0.0,0.0,0.0,0.0,0.0,0.0,0.0,0.0,0.0,0.0,0.0,0.0,0.0,0.0,0.0,0.0,0.0,0.0,0.0,0.0,0.0,0.0,0.0,0.0,0.0,0.0,0.0,0.0,0.0,0.0,0.0,0.0,0.0,0.0
3686019, yiaT, junction_3686019_-1_IS150_end, sv,1.29412,9.999e-05,121,-1.0,0.705882,121,0.9,0.75,PASS,0.0,0.0,0.0,0.0,0.0,0.0,0.0,0.0,0.0,0.0,0.0,0.0,0.0,0.0,0.0,0.0,0.0,0.0,0.0,0.0,0.0,0.0,0.0,0.0,0.0,0.0,0.0,0.0,0.0,0.0,0.0,0.0,0.0,0.0,0.0,0.0,0.0,0.0,0.0,0.0,0.0,0.0,0.0,0.0,0.0,0.0,0.0,0.00980392156862745,0.013157894736842105,0.02702702702702703,0.0847457627118644,0.08940397350993377,0.02564102564102564,0.05154639175257732,0.05263157894736842,0.01694915254237288,0.027522935779816515,0.08461538461538462,0.08791208791208792,0.109375,0.042105263157894736,0.20689655172413793,0.0,0.07931034482758621,0.18181818181818182,0.20253164556962025,0.058823529411764705,0.07142857142857142,0.09375,0.09836065573770492,0.2676056338028169,0.19166666666666668,0.2631578947368421,0.05405405405405406,0.23333333333333334,0.43272727272727274,0.2777777777777778,0.13793103448275862,0.2028985507246377,0.5573770491803278,0.5118110236220472,0.20967741935483872,0.15384615384615385,0.2980769230769231,0.453125,0.2888086642599278,0.03125,0.23275862068965517,0.48,0.3157894736842105,0.21994134897360704,0.011111111111111112,0.11188811188811189,0.09174311926605505,0.0,0.0625,0.038461538461538464,0.06422018348623854,0.04938271604938271,0.030303030303030304,0.010526315789473684,0.0064516129032258064,0.03636363636363636,0.0,0.024390243902439025,0.005025125628140704,0.05217391304347826,0.04201680672268908,0.04854368932038835,0.010638297872340425,0.0,0.028409090909090908,0.1125,0.014705882352941176,0.010416666666666666,0.05714285714285714,0.06593406593406594,0.06504065040650407,0.006802721088435374,0.07142857142857142,0.05325443786982249,0.08256880733944955,0.0,0.0,0.0,0.0,0.0,0.0,0.0,0.0,0.0,0.0,0.0,0.0,0.0,0.0,0.0,0.0,1.0,0.0,0.0,0.0,0.0,0.0
3686106, yiaT, MOB_3686106_3686108_IS150_-1, sv,2.63195,9.999e-05,121,-1.0,0.705882,120,0.9,0.75,PASS,0.0,0.0,0.0,0.0,0.0,0.0,0.0,0.0,0.0,0.0,0.0,0.0,0.0,0.0,0.0,0.0,0.02013507014028056,0.0,0.0,0.0,0.0,0.0,0.0,0.0,0.007507507507507508,0.0,0.0,0.0,0.0,0.0,0.0,0.0,0.0,0.0,0.0,0.0,0.0,0.0,0.0,0.0,0.0,0.0,0.0,0.0,0.0,0.0,0.0,0.0,0.0,0.0,0.0,0.0,0.0,0.0,0.0,0.0,0.0,0.0,0.0,0.0,0.0,0.0,0.0,0.0,0.0,0.0,0.0,0.0,0.0,0.0,0.0,0.0,0.0,0.0,0.0,0.0,0.0,0.0,0.0,0.0,0.0,0.006022915416916617,0.0,0.0,0.0,0.0,0.0,0.0,0.0,0.0,0.020687567010309278,0.24254712041884816,0.1935504731861199,0.21676257545271627,0.31972148936170214,0.0689282110091743,0.02004008016032064,0.0,0.07863134816753926,0.25628079595704356,0.4123319437206878,0.6131047405509289,0.5126015748031496,0.1801908429610612,0.03668519134775374,0.05835294117647059,0.00365764447695684,0.20773753490227365,0.09163145861911294,0.19624278715296678,0.27356392117230927,0.05182880633373934,0.014214641080312724,0.004738213693437574,0.01005996993987976,0.0023958959675495104,0.007262164124909223,0.0,0.0,0.0,0.0,0.0,0.0,0.0,0.0,0.0,0.0,0.0,0.0,0.0,0.0,0.0,0.0,0.0,0.0,0.0,0.0,0.0,,0.0,0.0,0.0,0.0,1.0
3686214, yiaT, G->A, synonymous,2.71824,9.999e-05,121,-1.0,0.272727,115,0.9,0.20339,PASS,0.0,0.0,0.0,0.0,0.0,0.0,0.0,0.0,0.0,0.0,0.0,0.0,0.0,0.0,0.0,0.0,0.0,0.0,0.0,0.0,0.0,0.0136986301369863,0.0,0.0,0.0,0.0,0.0,0.0,0.0,0.0,0.0,0.0,0.0,0.0,0.0,0.0,0.0,0.0,0.0,0.0,0.0,0.0,0.0,0.0,0.0,0.0,0.0,0.0,0.0,0.0,0.0,0.0,0.0,0.0,0.0,0.0,0.0,0.0,0.0,0.0,0.0,0.0,0.0,0.006211180124223602,0.0,0.0,0.2,0.0,0.0,0.0,0.0,0.0,0.0,0.0,0.0,0.0,0.0,0.0,0.0,0.0,0.0,0.0,0.0,0.0,0.0,0.0,0.0,0.009708737864077669,0.0,0.0,0.0,0.0,0.0,0.0,0.0,0.0,0.0,0.0,0.0,0.0,0.0,0.0,0.0,0.0,0.0,0.0,0.0,0.0,0.0,0.0,0.05813953488372093,0.2988505747126437,0.3018867924528302,0.3372093023255814,0.6091954022988506,0.8073394495412844,0.8378378378378378,0.8947368421052632,0.8556701030927835,0.9307692307692308,0.8867924528301887,0.8666666666666667,0.0,0.00980392156862745,0.0,0.0,0.0,0.0,0.0,0.0,0.0,0.0,0.0,0.0,0.0,0.0,0.0,0.0,,0.0,0.0,0.0,0.0,0.0
3710152, mtlD, G->T, missense,0.827193,9.999e-05,121,-1.0,0.4,121,0.9,0.444444,PASS,0.0,0.0,0.0,0.0,0.0,0.0,0.0,0.010416666666666666,0.0,0.005847953216374269,0.0,0.0,0.0,0.0,0.0,0.0,0.0,0.0,0.0,0.0,0.0,0.0,0.0,0.0,0.0,0.0,0.0,0.0,0.0,0.0,0.0,0.0,0.0,0.0,0.0,0.010638297872340425,0.1,0.2619047619047619,0.29545454545454547,0.4473684210526316,0.25,0.14285714285714285,0.09313725490196079,0.569620253164557,0.5303030303030303,0.6376811594202898,0.8846153846153846,0.9210526315789473,0.7397260273972602,0.9298245614035088,0.83,0.9708333333333333,0.951048951048951,0.9887640449438202,1.0,0.9333333333333333,0.89,0.8970588235294118,0.8157894736842105,0.8695652173913043,0.9714285714285714,0.8888888888888888,0.9583333333333334,0.9377777777777778,0.9259259259259259,0.8070175438596491,0.8823529411764706,0.9433962264150944,0.9074074074074074,0.8082191780821918,0.8703703703703703,0.7889908256880734,0.8764044943820225,0.8235294117647058,0.8518518518518519,0.6624472573839663,0.7938144329896907,0.7066666666666667,0.8275862068965517,0.4166666666666667,0.4777777777777778,0.7872340425531915,1.0,0.8172043010752689,0.6865671641791045,0.7272727272727273,0.9642857142857143,0.7754237288135594,0.5147058823529411,0.6575342465753424,0.7610619469026548,0.9029126213592233,0.9380530973451328,0.9540229885057471,0.9473684210526315,0.9340659340659341,0.9642857142857143,0.9903846153846154,0.9230769230769231,0.993006993006993,0.9351851851851852,0.9781021897810219,1.0,0.9913793103448276,0.9719626168224299,0.9693251533742331,0.8954248366013072,0.9571428571428572,1.0,0.9514563106796117,1.0,0.9681528662420382,0.9846153846153847,0.9491525423728814,0.9102564102564102,0.978494623655914,0.8846153846153846,0.9782608695652174,0.9790209790209791,0.9940828402366864,0.9574468085106383,0.9647058823529412,0.0,0.0,0.0,0.0,0.0,0.0,0.0,0.0,0.0,0.0,0.0,0.0,0.0,0.0,0.0,0.0,0.0,1.0,1.0,0.9785714285714285,1.0,1.0
3755746, yicC, indel;-3, indel,0.933319,9.999e-05,121,-1.0,0.705882,120,0.9,1.0,PASS,0.0,0.0,0.0,0.0,0.0,0.0,0.0,0.0392156862745098,0.07042253521126761,0.06430868167202572,0.20408163265306123,0.0784313725490196,0.06382978723404255,0.0,0.0,0.0,0.0,0.0,0.0,0.11764705882352941,0.019801980198019802,0.026702269692923896,0.0,0.03125,0.0589101620029455,0.0,0.07547169811320754,0.03949967083607636,0.06451612903225806,0.0,0.0,0.0,0.03636363636363636,0.06741573033707865,0.012987012987012988,0.0,0.03529411764705882,0.0,0.0,0.07751937984496124,0.0392156862745098,0.0,0.0,0.0,0.0,0.0,0.016129032258064516,0.07462686567164178,0.028169014084507043,0.1038961038961039,0.040268456375838924,0.06045949214026602,0.029013539651837523,0.0,0.12121212121212122,0.10703363914373087,0.2543720190779014,0.5283018867924528,0.6296296296296297,0.76,0.6530612244897959,0.6,0.5882352941176471,0.39658328248932273,0.5714285714285714,0.8,1.0,0.7804878048780488,0.6821705426356589,0.875,0.8163265306122449,0.972972972972973,1.0,1.0,0.9782608695652174,1.0,1.0,0.9761904761904762,1.0,1.0,1.0,0.9726027397260274,1.0,0.9900990099009901,1.0,1.0,1.0,1.0,1.0,1.0,1.0,1.0,1.0,1.0,1.0,1.0,1.0,1.0,1.0,1.0,1.0,1.0,0.9714285714285714,1.0,1.0,1.0,1.0,1.0,1.0,1.0,1.0,1.0,1.0,1.0,1.0,1.0,1.0,1.0,1.0,1.0,1.0,1.0,0.0,0.0,0.0,0.0,0.0,0.0,0.0,0.0,0.0,0.0,0.0,0.0,0.0,0.0,0.0,0.0,1.0,1.0,1.0,1.0,0.9975,1.0
3762713, spoT, A->C, missense,1.14513,9.999e-05,121,-1.0,0.857143,119,0.9,0.666667,PASS,0.0,0.0,0.0,0.038461538461538464,0.006024096385542169,0.0,0.005,0.0,0.0,0.01680672268907563,0.0,0.047619047619047616,0.02666666666666667,0.0,0.0,0.023391812865497075,0.0,0.0,0.0,0.0,0.0,0.05747126436781609,0.04,0.0,0.03571428571428571,0.0,0.0,0.033816425120772944,0.018518518518518517,0.0,0.0,0.015384615384615385,0.09090909090909091,0.08695652173913043,0.0,0.0,0.013333333333333334,0.0,0.058823529411764705,0.056338028169014086,0.0,0.0,0.0,0.0,0.0,0.0,0.07407407407407407,0.05063291139240506,0.047619047619047616,0.13636363636363635,0.0975609756097561,0.08796296296296297,0.07563025210084033,0.027777777777777776,0.0,0.11538461538461539,0.10126582278481013,0.17894736842105263,0.17647058823529413,0.2545454545454545,0.0,0.10526315789473684,0.14285714285714285,0.0918918918918919,0.34782608695652173,0.1590909090909091,0.05555555555555555,0.05660377358490566,0.04395604395604396,0.12121212121212122,0.2727272727272727,0.12643678160919541,0.10666666666666667,0.09090909090909091,0.17647058823529413,0.2777777777777778,0.1951219512195122,0.36538461538461536,0.32558139534883723,0.4444444444444444,0.5684210526315789,0.27848101265822783,0.0,0.11428571428571428,0.4,0.21153846153846154,0.057692307692307696,0.19463087248322147,0.5428571428571428,0.2236842105263158,0.21962616822429906,0.15217391304347827,0.05555555555555555,0.13114754098360656,0.0,0.04838709677419355,0.0,0.06578947368421052,0.05333333333333334,0.0547945205479452,0.0,0.0,0.0,0.0,0.011764705882352941,0.015037593984962405,0.06493506493506493,0.030927835051546393,0.012987012987012988,0.0,0.0379746835443038,0.007407407407407408,0.043478260869565216,0.0,0.0,0.058823529411764705,0.11764705882352941,0.06944444444444445,0.013333333333333334,0.038461538461538464,0.051094890510948905,0.050359712230215826,0.0,0.0,0.0,0.0,0.0136986301369863,0.0,0.0,0.0,0.0,0.0,0.0,0.0,0.0,0.0,0.0,0.0,1.0,0.0,0.024390243902439025,0.0,0.0,0.0
3762727, spoT, G->T, missense,3.54613,0.00049995,121,-1.0,0.521739,119,0.9,0.166667,PASS,0.0,0.0,0.0,0.0,0.0,0.0,0.0,0.0,0.0,0.0,0.0,0.0,0.014705882352941176,0.0,0.0,0.0,0.0,0.0,0.0,0.0,0.0,0.0,0.0,0.0,0.0,0.0,0.0,0.0,0.0,0.0,0.0,0.0,0.0,0.0,0.0,0.0,0.0,0.0,0.0,0.0,0.0,0.0,0.0,0.0,0.0,0.0,0.0,0.0,0.0,0.0,0.0,0.0,0.0,0.0,0.0,0.0,0.0,0.0,0.0,0.0,0.0,0.0,0.0,0.0,0.0,0.0,0.0,0.0,0.0,0.0,0.0,0.0,0.0,0.0,0.0,0.0,0.0,0.0,0.02702702702702703,0.02857142857142857,0.0,0.011904761904761904,0.3333333333333333,0.03636363636363636,0.18867924528301888,0.43209876543209874,0.39622641509433965,0.3219178082191781,0.0,0.013513513513513514,0.013953488372093023,0.0,0.0,0.0,0.0,0.0,0.0,0.0,0.0,0.0,0.0,0.0,0.0,0.0,0.0,0.0,0.0,0.0,0.0,0.03571428571428571,0.0,0.0,0.0,0.0,0.0,0.0,0.0,0.0,0.0,0.0,0.0,0.0,0.0,0.0,0.0,0.0,0.0,0.0,0.0,0.0,0.0,0.0,0.0,0.0,0.0,0.0,0.0,0.0,0.0,0.0,0.0,0.0,0.0,0.008771929824561403
3762789, spoT, G->A, missense,3.23886,9.999e-05,121,-1.0,0.151899,120,0.9,0.5,PASS,0.0,0.0,0.0,0.0,0.0,0.0,0.0,0.0,0.0,0.0,0.0,0.0,0.0,0.0,0.0,0.0,0.0,0.0,0.022222222222222223,0.0,0.0,0.0,0.0,0.0,0.0,0.0,0.0,0.0,0.0,0.0,0.0,0.0,0.0,0.0,0.011494252873563218,0.0,0.0,0.0,0.0,0.0,0.0,0.0,0.0,0.0,0.0,0.0,0.0,0.0,0.0,0.0,0.0,0.004608294930875576,0.0,0.0,0.0,0.0,0.0,0.0,0.0,0.0,0.0,0.0,0.0,0.0048543689320388345,0.0,0.0,0.0,0.0,0.0,0.0,0.0,0.012048192771084338,0.0,0.0,0.0,0.0,0.0,0.0,0.0,0.0,0.0,0.0,0.0,0.0,0.0,0.0,0.0,0.0,0.0,0.006711409395973154,0.004901960784313725,0.0,0.0,0.0,0.0,0.0,0.0,0.0,0.0,0.025,0.0967741935483871,0.1875,0.21428571428571427,0.07,0.08247422680412371,0.009523809523809525,0.0,0.041666666666666664,0.0,0.06153846153846154,0.013513513513513514,0.0,0.0,0.0,0.0,0.0,0.0,0.0,0.0,0.0,0.0,0.0,0.0,0.0,0.0,0.0,0.0,0.0,0.0,0.0,0.0,0.0,0.0,0.0,0.0,0.0,0.0,0.0,0.0,0.0,0.0,0.0,0.9950980392156863,0.0
3762842, spoT, A->C, missense,3.07387,0.00019998,121,-1.0,0.324324,121,0.9,0.0701754,PASS,0.0,0.0,0.0,0.0,0.0,0.0,0.0,0.0,0.0,0.0,0.0,0.0,0.0,0.0,0.0,0.0,0.0,0.0,0.0,0.0,0.0,0.0,0.0,0.0,0.0,0.0,0.0,0.0,0.0,0.0,0.0,0.0,0.0,0.0,0.0,0.0,0.0,0.0,0.0,0.0,0.0,0.0,0.0,0.0,0.0,0.0,0.0,0.0,0.0,0.0,0.0,0.0,0.0,0.0,0.0,0.0,0.0,0.0,0.0,0.0,0.0,0.0,0.0,0.0,0.0,0.0,0.0,0.0,0.0,0.0,0.0,0.0,0.0,0.0,0.0,0.0,0.0,0.0,0.0,0.0,0.0,0.0,0.0,0.0,0.0,0.0,0.0,0.0,0.0,0.0,0.0,0.0,0.0,0.0,0.0,0.0,0.0,0.04225352112676056,0.08955223880597014,0.23140495867768596,0.47058823529411764,0.6370967741935484,0.46875,0.16981132075471697,0.05747126436781609,0.09615384615384616,0.015748031496062992,0.18269230769230768,0.21052631578947367,0.16923076923076924,0.35,0.06666666666666667,0.0,0.00819672131147541,0.02,0.0,0.0,0.0,0.0,0.0,0.0,0.0,0.0,0.0,0.0,0.0,0.0,0.0,0.0,0.0,0.0,0.0,0.0,0.0,0.0,0.0,0.0,0.0,0.0,0.0,0.0,0.0,0.0,1.0
3775351, tRNA:selC, junction_3775351_-1_3796245_1, sv,1.36331,9.999e-05,121,-1.0,0.8,120,0.9,0.923077,PASS,0.0,0.0,0.0,0.0,0.0,0.0,0.0,0.0,0.0,0.0,0.0,0.0,0.0,0.0,0.0,0.0,0.0,0.0,0.0,0.0,0.0,0.0,0.0,0.024479804161566705,0.0,0.0,0.0,0.0,0.0,0.0,0.0,0.0,0.0,0.0,0.003894080996884735,0.0,0.0,0.047393364928909956,0.033003300330033,0.037614185921547555,0.0,0.0340522133938706,0.004523863379325944,0.0,0.021023125437981783,0.0,0.010040160642570281,0.04050632911392405,0.04332755632582322,0.0603448275862069,0.05325686194182712,0.03298611111111111,0.02555366269165247,0.0,0.021052631578947368,0.014402304368698991,0.0495785820525533,0.043772383605252686,0.050933786078098474,0.04945054945054945,0.01304631441617743,0.07407407407407407,0.03076923076923077,0.040181691125087356,0.13114754098360656,0.08124576844955993,0.14492753623188406,0.016597510373443983,0.042238648363252376,0.056242969628796394,0.14304291287386214,0.020366598778004074,0.1466992665036675,0.02306805074971165,0.19646365422396858,0.2042190305206463,0.18698578908002994,0.16227180527383367,0.09424083769633508,0.3649000868809731,0.28154327424400416,0.1451310861423221,0.0,0.10462555066079296,0.32377428307123035,0.16677089847821555,0.04812319538017324,0.1280585410473359,0.30254777070063693,0.17697132616487457,0.12549537648612946,0.036231884057971016,0.044286979627989366,0.05240590757503573,0.03663003663003663,0.01762632197414806,0.01076426264800861,0.042787286063569685,0.03558718861209965,0.018732438339057134,0.004812319538017324,0.0,0.007007708479327261,0.0,0.03000428632661809,0.002699784017278618,0.0425531914893617,0.02,0.01984126984126984,0.010905125408942203,0.0,0.009140767824497258,0.006648936170212766,0.010309278350515464,0.025278058645096056,0.03284562555986862,0.03442340791738382,0.04041570438799077,0.003553660270078181,0.019034023316678562,0.024200053777897287,0.023721665788086453,0.0,0.0,0.0,0.0,0.0,0.0,0.0,0.0,0.0,0.0,0.0,0.0,0.0,0.0,0.0,0.0,1.0,0.0,0.0,0.0,0.0,0.0
3791846, ECB_03532, T->G, noncoding,2.95253,0.010321,121,-1.0,0.923077,117,0.9,1.0,PASS,0.0,0.0,0.0,0.0,0.0,0.0,0.0,0.0,0.0,0.0,0.0,0.0,0.0,0.0,0.0,0.0,0.0,0.0,0.011235955056179775,0.0,0.0,0.0,0.0,0.0,0.0,0.0,0.0,0.0,0.0,0.0,0.0,0.0,0.0,0.0,0.0,0.0,0.0,0.0,0.0,0.023622047244094488,0.03125,0.057692307692307696,0.11255411255411256,0.0,0.0,0.0,0.0,0.0,0.0,0.0,0.0,0.0,0.0,0.0,0.0,0.0,0.0,0.0,0.0,0.0,0.0,0.0,0.0,0.0,0.0,0.0,0.0,0.0,0.0,0.0,0.0,0.0,0.0,0.0,0.0,0.0,0.0,0.0,0.0,0.0,0.0,0.0,0.0,0.0,0.0,0.0,0.0,0.0,0.0,0.0,0.0,0.0,0.0,0.0,0.0,0.0,0.0,0.0,0.0,0.0,0.0,0.0,0.0,0.0,0.0,0.0,0.0,0.0,0.0,0.0,0.0,0.0,0.0,0.0,0.0,0.0,0.0,0.0,0.0,0.0,0.0,0.0,0.0,0.0,0.0,0.0,0.0,0.0,0.0,0.0,0.0,0.0,0.0,0.0,0.0,0.0,0.0,0.0,,0.0,0.0,0.0,0.0,0.0
3809208, uhpB, C->A, synonymous,4.78261,0.00029997,121,-1.0,0.193548,120,0.9,0.155844,PASS,0.0,0.0,0.0,0.0,0.0,0.0,0.0,0.0,0.0,0.0,0.0,0.0,0.0,0.0,0.0,0.0,0.0,0.0,0.0,0.0,0.0,0.0,0.0,0.0,0.0,0.0,0.0,0.0,0.0,0.0,0.09090909090909091,0.13333333333333333,0.19444444444444445,0.025,0.0547945205479452,0.07462686567164178,0.0,0.0,0.0,0.0,0.0,0.0,0.0,0.0,0.0,0.0,0.0,0.0,0.0,0.0,0.0,0.0,0.0072992700729927005,0.0,0.0,0.0,0.0,0.0,0.0,0.0,0.0,0.0,0.0,0.0,0.0,0.0,0.0,0.0,0.0,0.0,0.0,0.0,0.0,0.0,0.0,0.0,0.0,0.0,0.0,0.0,0.0,0.0,0.0,0.0,0.0,0.0,0.0,0.0,0.0,0.0,0.0,0.0,0.0,0.0,0.0,0.0,0.0,0.0,0.0,0.0,0.0,0.0,0.0,0.0,0.0,0.0,0.0,0.0,0.0,0.0,0.0,0.0,0.0,0.0,0.0,0.0,0.0,0.0,0.0,0.0,0.0,0.0,0.0,0.0,0.0,0.0,0.0,0.0,0.0,0.0,0.0,0.0,0.0,0.0,0.0,0.0,0.0,0.0,0.0,0.0,0.0,0.0,0.0,0.0
3850431, tnaA, G->A, synonymous,3.82029,9.999e-05,121,-1.0,0.857143,117,0.9,0.141176,PASS,0.0,0.0,0.0,0.0,0.0,0.0,0.0,0.0,0.0,0.0,0.0,0.0,0.0,0.0,0.0,0.0,0.0,0.0,0.0,0.0,0.0,0.0,0.0,0.0,0.0,0.0,0.0,0.0,0.005917159763313609,0.0,0.0,0.0,0.0,0.0,0.0,0.0,0.0,0.0,0.0,0.0,0.0,0.0,0.0,0.0,0.0,0.0,0.0,0.0,0.0,0.0,0.005952380952380952,0.0,0.0,0.0,0.0,0.0,0.0,0.0,0.0,0.0,0.013513513513513514,0.1,0.3076923076923077,0.2,0.3793103448275862,0.11711711711711711,0.0,0.015151515151515152,0.0,0.02666666666666667,0.03731343283582089,0.15753424657534246,0.06956521739130435,0.0,0.0273972602739726,0.0,0.0,0.0,0.0,0.0,0.0,0.0,0.0,0.0,0.0,0.0,0.0,0.0,0.0,0.0,0.0,0.0,0.0,0.0,0.0,0.0,0.0,0.0,0.0,0.0,0.0,0.0,0.0,0.0,0.0,0.004608294930875576,0.0,0.0,0.0,0.0,0.0,0.0,0.0,0.0,0.0,0.0,0.0,0.0,0.0,0.0,0.0,0.0,0.0,0.0,0.0,0.0,0.0,0.0,0.0,0.0,0.0,0.0,0.0,0.0,0.0,0.0,0.0,0.0,0.0,0.0,0.0,0.0,0.0,0.0
3850953, tnaB, junction_3850953_-1_IS150_end, sv,1.70275,9.999e-05,121,-1.0,0.8,119,0.9,0.292683,PASS,0.0,0.0,0.0,0.0,0.0,0.0,0.0,0.0,0.0,0.0,0.0,0.0,0.0,0.0,0.0,0.0,0.0,0.0,0.0,0.0,0.0,0.0,0.0,0.0,0.0,0.0,0.0,0.0036363636363636364,0.0,0.0,0.0,0.0,0.0,0.0,0.0,0.0,0.0,0.0,0.0,0.0,0.0,0.0,0.0,0.0,0.0,0.0,0.0,0.0,0.0,0.0,0.0,0.0,0.0,0.0,0.0,0.0,0.0,0.0,0.0,0.0,0.0,0.0,0.0,0.0,0.0,0.0,0.0,0.0,0.0,0.0,0.0,0.0,0.0,0.0,0.0,0.0,0.0,0.0,0.0,0.0,0.0,0.0,0.0,0.05084745762711865,0.25,0.1423076923076923,0.0,0.10204081632653061,0.2916666666666667,0.24081632653061225,0.22282608695652173,0.0975609756097561,0.10344827586206896,0.08928571428571429,0.15384615384615385,0.06140350877192982,0.0,0.0847457627118644,0.13592233009708737,0.036585365853658534,0.0,0.012121212121212121,0.0,0.0,0.06060606060606061,0.029585798816568046,0.05128205128205128,0.058823529411764705,0.03508771929824561,0.0,0.009174311926605505,0.010256410256410256,0.014285714285714285,0.06395348837209303,0.02608695652173913,0.08050847457627118,0.11650485436893204,0.04741379310344827,0.0,0.06666666666666667,0.056179775280898875,0.07246376811594203,0.0,0.0,0.0,0.0,0.0,0.0,0.0,0.0,0.0,0.0,0.0,0.0,0.0,0.0,0.0,0.0,0.0,0.0,0.0,0.0,0.0,0.0
3852718, yidY, junction_3852718_-1_IS150_end, sv,3.16571,0.00119988,121,-1.0,0.146341,121,0.9,0.307692,PASS,0.0,0.0,0.0,0.0,0.0,0.0,0.0,0.0,0.0,0.0,0.0,0.0,0.0,0.0,0.0,0.0,0.0,0.0,0.0,0.0,0.0,0.0,0.0,0.0,0.0,0.0,0.0,0.0,0.0,0.0,0.0,0.0,0.0,0.0,0.0,0.0,0.0,0.0,0.0,0.0,0.0,0.0,0.0,0.0,0.0,0.0,0.0,0.0,0.0,0.0,0.0,0.0,0.0,0.0,0.0,0.0,0.0,0.0,0.0,0.0,0.0,0.0,0.0,0.0,0.0,0.0,0.0,0.0,0.0,0.0,0.0,0.0,0.0,0.0,0.0,0.0,0.0,0.0,0.0,0.0,0.0,0.0,0.0,0.03,0.07407407407407407,0.1459227467811159,0.018867924528301886,0.18235294117647058,0.4857142857142857,0.14102564102564102,0.05416666666666667,0.0,0.0,0.0,0.0,0.0,0.0,0.0,0.0,0.0,0.0,0.0,0.0,0.0,0.0,0.0,0.0,0.0,0.0,0.0,0.0,0.0,0.0,0.0,0.0,0.0,0.0,0.0,0.0,0.0,0.0,0.0,0.0,0.0,0.0,0.0,0.0,0.0,0.0,0.0,0.0,0.0,0.0,0.0,0.0,0.0,0.0,0.0,0.0,0.0,0.0,0.0,0.0,0.0
3860591, yieL, MOB_3860591_3860593_IS150_-1, sv,3.06782,9.999e-05,121,-1.0,0.363636,120,0.9,0.235294,PASS,0.0,0.0,0.0,0.0,0.0,0.0,0.0,0.0,0.0,0.0,0.0,0.0,0.0,0.0,0.0,0.0,0.0,0.0,0.0,0.0,0.0,0.0,0.0,0.0,0.0,0.0,0.0,0.0,0.0,0.006277463904582548,0.0,0.0,0.060240963855421686,0.02574002574002574,0.017308524448290785,0.06970260223048327,0.09047824213700992,0.0927357032457496,0.2152080344332855,0.06397441023590564,0.01321003963011889,0.12548262548262548,0.15939990623534928,0.0,0.0,0.0,0.0,0.0,0.0,0.0,0.0,0.0,0.0,0.0,0.0,0.0,0.0,0.0,0.0,0.0,0.0,0.0,0.0,0.0,0.0,0.0,0.0,0.0,0.0,0.0,0.0,0.0,0.0,0.0,0.0,0.0,0.0,0.0,0.0,0.0,0.0,0.00411522633744856,0.0,0.0,0.0,0.0,0.0,0.0,0.0,0.0,0.0,0.0,0.0,0.0,0.0,0.0,0.0,0.0,0.0,0.0,0.0,0.0,0.0,0.0,0.0,0.0,0.0,0.0,0.0,0.0,0.0,0.0,0.0,0.004946821667078901,0.0,0.0,0.0,0.0,0.0,0.0,0.0,0.0,0.0,0.0,0.0,0.0,0.0,0.0,0.0,0.0,0.0,0.0,0.0,0.0,0.0,0.0,0.0,0.0,0.0,0.0,0.0,0.0,0.0,0.0
3864800, bglF, MOB_3864800_3864802_IS150_1, sv,2.0644,9.999e-05,121,-1.0,0.8,121,0.9,0.75,PASS,0.0,0.0,0.0,0.0,0.0,0.0,0.0,0.0,0.0,0.0,0.0,0.0,0.0,0.0,0.0,0.0,0.0,0.0,0.0,0.0,0.00547645125958379,0.00589622641509434,0.0,0.0,0.0,0.0,0.0,0.0,0.0,0.0,0.0,0.0,0.0,0.0,0.0,0.0,0.0,0.0,0.0,0.0,0.0,0.0,0.0,0.0,0.0,0.0,0.0,0.0,0.0,0.0,0.0,0.0,0.0,0.0,0.0,0.0,0.00602387522495501,0.0,0.0,0.0,0.008210180623973728,0.0,0.0,0.0,0.0,0.0,0.0,0.0,0.0,0.0,0.0,0.022201217487548424,0.0,0.0,0.0,0.015123557692307691,0.0782227065712427,0.21845639246778986,0.2644014752370917,0.5248868980963046,0.4671690866510539,0.3141894018887723,0.13361933333333334,0.1760257762155829,0.2026509594882729,0.15315089128797388,0.016168148746968473,0.18111964873765093,0.316622691292876,0.14581734458940904,0.1213707758210376,0.01463057790782736,0.030518819938962362,0.06760909649661954,0.04,0.06263048016701461,0.0,0.057297351467430216,0.042444821731748725,0.028397565922920892,0.009727626459143969,0.007396449704142012,0.0,0.0,0.039814200398142006,0.013793103448275862,0.050320219579139985,0.041771257172665624,0.022637238256932656,0.018785222291797122,0.0,0.012121212121212121,0.011261261261261262,0.010402219140083218,0.03367003367003367,0.028328611898017,0.1050080775444265,0.025134649910233394,0.015657620041753653,0.07422680412371134,0.020876826722338204,0.024778761061946902,0.0,0.0,0.0,0.0,0.0,0.0,0.0,0.0,0.0,0.0,0.0,0.0,0.0,0.0,0.0,0.0,0.0,0.0,0.0,0.0,0.0,0.0
3867433, phoU, A->G, synonymous,1.09853,9.999e-05,121,-1.0,0.0882353,120,0.9,0.0655738,PASS,0.0,0.0,0.0,0.0,0.0,0.0,0.0,0.0,0.0,0.0,0.0,0.0,0.0,0.0,0.0,0.004166666666666667,0.05555555555555555,0.0,0.012987012987012988,0.10526315789473684,0.03571428571428571,0.0,0.0,0.109375,0.016,0.034482758620689655,0.0,0.016194331983805668,0.019230769230769232,0.0196078431372549,0.03571428571428571,0.0,0.07894736842105263,0.03508771929824561,0.0,0.0,0.0,0.0,0.0,0.0761904761904762,0.0,0.0,0.005319148936170213,0.017857142857142856,0.03125,0.0,0.05747126436781609,0.039603960396039604,0.08450704225352113,0.11627906976744186,0.1308411214953271,0.05333333333333334,0.04195804195804196,0.014925373134328358,0.20833333333333334,0.061224489795918366,0.07575757575757576,0.05825242718446602,0.08974358974358974,0.11764705882352941,0.020618556701030927,0.14285714285714285,0.058823529411764705,0.09333333333333334,0.0,0.10810810810810811,0.45454545454545453,0.11764705882352941,0.16216216216216217,0.06329113924050633,0.21518987341772153,0.11666666666666667,0.08860759493670886,0.13846153846153847,0.140625,0.3217391304347826,0.21739130434782608,0.22807017543859648,0.1625,0.4880952380952381,0.41935483870967744,0.25,0.18181818181818182,0.08247422680412371,0.35,0.23109243697478993,0.11290322580645161,0.27956989247311825,0.423728813559322,0.23902439024390243,0.21721311475409835,0.05555555555555555,0.125,0.07407407407407407,0.0,0.0625,0.022727272727272728,0.05504587155963303,0.13414634146341464,0.0755813953488372,0.01834862385321101,0.005434782608695652,0.0,0.0,0.0,0.04430379746835443,0.058394160583941604,0.03361344537815126,0.017241379310344827,0.0,0.0,0.03496503496503497,0.05172413793103448,0.03164556962025317,0.08433734939759036,0.02197802197802198,0.075,0.04639175257731959,0.007462686567164179,0.03977272727272727,0.007407407407407408,0.06201550387596899,0.0,0.0,0.0,0.0,0.0,0.0,0.0,0.0,0.0,0.0,0.0,0.0,0.0,0.0,0.0,0.0,1.0,0.0,0.0,0.0,0.0,0.0
3891397, yieN, MOB_3891397_3891399_IS150_1, sv,2.26086,0.00069993,121,-1.0,0.571429,119,0.9,0.545455,PASS,0.0,0.0,0.0,0.0,0.0,0.0,0.0,0.0,0.0,0.0,0.0,0.0,0.0,0.0,0.0,0.0,0.0,0.0,0.0,0.0,0.0,0.0,0.0,0.0,0.0,0.0,0.0,0.0,0.00558659217877095,0.0,0.0,0.0,0.0,0.0,0.0,0.0,0.0,0.0,0.0,0.0,0.0,0.0,0.0,0.0,0.0,0.0,0.0,0.0,0.0,0.0,0.0,0.0,0.0,0.0,0.0,0.0,0.0,0.0,0.0,0.0,0.0,0.0,0.0,0.0,0.0,0.0,0.0,0.0,0.0,0.0,0.0,0.0,0.0,0.0,0.0,0.0,0.0,0.0,0.0,0.0,0.0,0.0,0.0,0.0,0.0,0.0,0.0,0.0,0.0,0.0,0.002403846153846154,0.0,0.0,0.0,0.0,0.0,0.0,0.0,0.0,0.0,0.0,0.0,0.0,0.0,0.0,0.0,0.03765690376569038,0.01744186046511628,0.005681818181818182,0.028368794326241134,0.006622516556291391,0.005050505050505051,0.02857142857142857,0.017543859649122806,0.04065040650406504,0.12,0.09090909090909091,0.100418410041841,0.006134969325153374,0.054945054945054944,0.045627376425855515,0.092,0.0,0.0,0.0,0.0,0.0,0.0,0.0,0.0,0.0,0.0,0.0,0.0,0.0,0.0,0.0,0.0,0.0,0.0,0.0,0.0,0.0,0.0
3893550, intergenic, indel;G;+G;+GAC;+GG;T, indel,0.93362,9.999e-05,121,-1.0,1.0,121,0.9,0.923077,PASS,0.0,0.0,0.07692307692307693,0.0,0.01507537688442211,0.0,0.004484304932735426,0.031914893617021274,0.0,0.014705882352941176,0.12903225806451613,0.11538461538461539,0.03773584905660377,0.03125,0.02857142857142857,0.013888888888888888,0.0,0.0,0.05405405405405406,0.10344827586206896,0.02197802197802198,0.01098901098901099,0.043010752688172046,0.02040816326530612,0.027777777777777776,0.05714285714285714,0.0,0.030927835051546393,0.05,0.05263157894736842,0.009345794392523364,0.025974025974025976,0.06097560975609756,0.08771929824561403,0.10638297872340426,0.06315789473684211,0.06,0.0,0.0,0.058823529411764705,0.0,0.10416666666666667,0.06896551724137931,0.0,0.0,0.010309278350515464,0.06741573033707865,0.05952380952380952,0.09375,0.0851063829787234,0.07142857142857142,0.07109004739336493,0.03896103896103896,0.045454545454545456,0.16,0.10810810810810811,0.12871287128712872,0.11290322580645161,0.028985507246376812,0.2413793103448276,0.09302325581395349,0.18181818181818182,0.15789473684210525,0.08173076923076923,0.0,0.16455696202531644,0.07142857142857142,0.14583333333333334,0.12,0.08571428571428572,0.30434782608695654,0.21367521367521367,0.10256410256410256,0.10810810810810811,0.13846153846153847,0.3474178403755869,0.29411764705882354,0.171875,0.203125,0.5568181818181818,0.5,0.3114754098360656,0.14285714285714285,0.17647058823529413,0.48,0.22767857142857142,0.07547169811320754,0.19282511210762332,0.3958333333333333,0.25,0.20901639344262296,0.0125,0.08823529411764706,0.19,0.06451612903225806,0.1323529411764706,0.0,0.037383177570093455,0.15555555555555556,0.06875,0.05319148936170213,0.028985507246376812,0.0,0.008849557522123894,0.05785123966942149,0.03529411764705882,0.07079646017699115,0.04580152671755725,0.01020408163265306,0.03260869565217391,0.06329113924050633,0.04794520547945205,0.016129032258064516,0.05389221556886228,0.0375,0.04371584699453552,0.12195121951219512,0.08074534161490683,0.031007751937984496,0.05527638190954774,0.06282722513089005,0.07291666666666667,0.0,0.007874015748031496,0.0,0.0,0.015625,0.0,0.010752688172043012,0.0,0.0,0.010309278350515464,0.0,0.0,0.0,0.009174311926605505,0.0,0.0,0.9,0.0,0.0,0.0,0.0,0.0
3900624, rbsR, junction_3900624_1_IS150_end, sv,0.846725,9.999e-05,121,-1.0,0.8,120,0.9,0.857143,PASS,0.0,0.6078431372549019,1.0,1.0,1.0,1.0,0.9867109634551495,0.9888888888888889,1.0,0.9943181818181818,1.0,0.975609756097561,0.9636363636363636,1.0,1.0,0.9868421052631579,1.0,1.0,0.9393939393939394,0.88,0.968421052631579,0.9879518072289156,0.9875,0.9787234042553191,0.9846153846153847,1.0,1.0,0.9541284403669725,0.9857142857142858,0.9361702127659575,0.9871794871794872,1.0,0.9787234042553191,0.9384615384615385,0.9910714285714286,0.9726027397260274,0.9864864864864865,0.9166666666666666,1.0,0.9558823529411765,0.9743589743589743,1.0,0.9903381642512077,1.0,1.0,1.0,0.9857142857142858,0.8941176470588236,0.9464285714285714,0.8,0.8990825688073395,0.934640522875817,0.9629629629629629,0.9534883720930233,0.8888888888888888,0.9320388349514563,0.8823529411764706,0.8461538461538461,0.855072463768116,0.8360655737704918,0.95,0.8888888888888888,1.0,0.9130434782608695,0.9,0.9210526315789473,1.0,0.9024390243902439,0.9565217391304348,0.9259259259259259,0.8115942028985508,0.912621359223301,0.8333333333333334,0.8653846153846154,0.7971014492753623,0.7136363636363636,0.7195121951219512,0.6666666666666666,0.8524590163934426,0.4927536231884058,0.42718446601941745,0.6966292134831461,0.8571428571428571,0.8839285714285714,0.6551724137931034,0.7712177121771218,0.9574468085106383,0.8105726872246696,0.45454545454545453,0.7096774193548387,0.7941176470588235,0.8850574712643678,0.92,0.9318181818181818,0.9130434782608695,0.9838709677419355,0.9743589743589743,0.9651162790697675,0.927710843373494,0.952755905511811,0.9878048780487805,0.992,1.0,1.0,0.9333333333333333,0.9689922480620154,0.907563025210084,0.9923076923076923,0.9795918367346939,0.9642857142857143,0.9696969696969697,0.9548872180451128,1.0,0.9724137931034482,0.927710843373494,0.9572192513368984,0.8823529411764706,0.9397590361445783,1.0,0.9714285714285714,0.9759036144578314,0.9482758620689655,0.987012987012987,1.0,1.0,1.0,1.0,1.0,1.0,1.0,1.0,1.0,0.9913793103448276,1.0,1.0,1.0,1.0,0.981651376146789,0.0,1.0,1.0,1.0,0.9988662131519275,1.0
3912094, ilvL, C->A, noncoding,6.75491,0.00029997,121,-1.0,1.0,120,0.9,1.0,PASS,0.0,0.0,0.0,0.0,0.0,0.0,0.0,0.0,0.0,0.0,0.0,0.0,0.0,0.0,0.0,0.0,0.0,0.0,0.0,0.0,0.0,0.0,0.0,0.0,0.0,0.0,0.0,0.0,0.06976744186046512,0.2926829268292683,0.10344827586206896,0.0,0.0,0.0,0.0,0.0,0.0,0.0,0.0,0.0,0.0,0.0,0.0,0.0,0.0,0.0,0.0,0.0,0.0,0.0,0.0,0.0,0.0,0.0,0.0,0.0,0.0,0.0,0.0,0.0,0.0,0.0,0.0,0.0,0.0,0.0,0.0,0.0,0.0,0.0,0.0,0.0,0.0,0.0,0.0,0.0,0.0,0.0,0.0,0.0,0.0,0.0,0.0,0.0,0.0,0.0,0.0,0.0,0.0,0.0,0.0,0.0,0.0,0.0,0.0,0.0,0.0,0.0,0.0,0.0,0.0,0.007633587786259542,0.0,0.0,0.0,0.0,0.0,0.0,0.0,0.0,0.0,0.0,0.0,0.0,0.0,0.0,0.0,0.0,0.0,0.0,0.0,0.0,0.0,0.0,0.0,0.0,0.0,0.0,0.0,0.0,0.0,0.0,0.0,0.0,0.0,0.0,0.0,0.0,0.0,0.0,0.0,0.0,0.0,0.0
3925021, gppA, G->T, missense,2.7189,9.999e-05,121,-1.0,0.428571,121,0.9,0.375,PASS,0.0,0.0,0.0,0.0,0.0,0.0,0.0,0.0,0.0,0.0,0.0,0.0,0.0,0.0,0.0,0.0,0.0,0.0,0.0,0.0,0.0,0.0,0.0,0.0,0.0,0.0,0.0,0.0,0.0,0.0,0.0,0.0,0.0,0.0,0.0,0.0,0.0,0.0,0.0,0.0,0.0,0.0,0.0,0.0,0.0,0.0,0.0,0.0,0.0,0.0,0.0,0.0,0.0,0.0,0.0,0.0,0.0,0.0,0.0,0.0,0.0,0.0,0.0,0.0,0.0,0.0,0.0,0.0,0.0,0.0,0.0,0.0,0.0,0.0,0.0,0.0,0.0,0.0,0.0,0.0,0.0,0.0,0.0,0.0,0.0,0.0,0.0,0.0,0.0,0.0,0.0,0.0,0.0,0.0,0.0,0.0,0.0,0.0,0.0,0.0,0.0,0.0,0.0,0.0,0.0,0.0,0.0,0.0,0.007751937984496124,0.016666666666666666,0.03333333333333333,0.25,0.1836734693877551,0.49707602339181284,0.35526315789473684,0.6687116564417178,0.7818181818181819,0.8666666666666667,0.816793893129771,0.8616352201257862,0.8947368421052632,0.8616352201257862,0.0,0.0,0.0,0.0,0.0,0.0,0.0,0.0,0.0,0.0,0.0,0.0,0.0,0.0,0.0,0.0,0.0,0.0,0.0,0.0,0.0,0.0
3991769, ECB_03720, A->C, missense,1.27156,0.00309969,121,-1.0,0.27907,120,0.9,0.6,PASS,0.0,0.0,0.0,0.0,0.0,0.0,0.0,0.0,0.0,0.0,0.0,0.0,0.0,0.0,0.0,0.0,0.0,0.0,0.0,0.0,0.0,0.0,0.0,0.0,0.0,0.0,0.0,0.0,0.0,0.0,0.0,0.0,0.0,0.0,0.0,0.0,0.0,0.0,0.0,0.0,0.0,0.0,0.0,0.0,0.0,0.0,0.0,0.0,0.0,0.0,0.0,0.0,0.0,0.0,0.0,0.0,0.0,0.0,0.0,0.0,0.0,0.0,0.0,0.0,0.0,0.02,0.0,0.0,0.0,0.0,0.0,0.0,0.0,0.0,0.0,0.0,0.0,0.0,0.0,0.0,0.0,0.0,0.0,0.0,0.0,0.0,0.0,0.006622516556291391,0.0,0.007352941176470588,0.11538461538461539,0.13978494623655913,0.041666666666666664,0.06593406593406594,0.0,0.1076923076923077,0.03333333333333333,0.0379746835443038,0.05714285714285714,0.05982905982905983,0.0,0.027972027972027972,0.01818181818181818,0.012048192771084338,0.041237113402061855,0.015873015873015872,0.12295081967213115,0.013888888888888888,0.041666666666666664,0.014925373134328358,0.0,0.02912621359223301,0.06896551724137931,0.0,0.0379746835443038,0.056962025316455694,0.14864864864864866,0.022556390977443608,0.02631578947368421,0.06578947368421052,0.04216867469879518,0.03007518796992481,0.0,0.0,0.0,0.0,0.0,0.0,0.0,0.0,0.0,0.0,0.0,0.0,0.0,0.0,0.0,0.0,0.0,0.0,0.0,0.0,0.0,0.0
4006279, fadA, MOB_4006279_4006281_IS150_-1, sv,2.18619,9.999e-05,121,-1.0,0.315789,120,0.9,0.6,PASS,0.0,0.0,0.0,0.0,0.0,0.0,0.0,0.0,0.0,0.0,0.0,0.0,0.0,0.0,0.0,0.0,0.0,0.0,0.0,0.0,0.0,0.0,0.0,0.0,0.0,0.0,0.0,0.0,0.0,0.020080321285140562,0.0,0.0,0.0,0.0,0.0,0.0,0.0,0.0,0.0,0.0,0.0,0.0,0.007722007722007722,0.0,0.0,0.0,0.0,0.0,0.0,0.011682242990654207,0.0,0.0027964205816554807,0.0,0.0,0.0,0.02553191489361702,0.00851063829787234,0.059066745422327226,0.0,0.02418379685610641,0.016194331983805668,0.0,0.0,0.004970178926441352,0.0,0.0,0.16666666666666666,0.052854122621564484,0.10752688172043011,0.08674101610904585,0.13386880856760375,0.02510460251046025,0.024479804161566705,0.0,0.0,0.009439899307740716,0.00678886625933469,0.02207505518763797,0.0,0.008298755186721992,0.0,0.02617801047120419,0.0,0.0,0.0,0.0,0.015698587127158554,0.007633587786259542,0.0,0.0,0.009385265133740028,0.0,0.0,0.021352313167259787,0.040160642570281124,0.0,0.0,0.0,0.009560229445506692,0.011160714285714286,0.01568627450980392,0.0,0.0,0.0,0.0,0.0,0.008547008547008548,0.0,0.0,0.006648936170212766,0.021367521367521368,0.0,0.0,0.0,0.0,0.0,0.0,0.0,0.0,0.004564125969876769,0.0,0.008845643520566122,0.0,0.0,0.0,0.0,0.0,0.0,0.0,0.0,0.0,0.0,0.0,0.0,0.0,0.0,0.0,0.0,0.0,0.0,0.0,0.0,0.0,0.0
4011797, trkH, C->T, missense,2.48329,9.999e-05,121,-1.0,0.6,120,0.9,0.571429,PASS,0.0,0.0,0.0,0.0,0.0,0.0,0.0,0.0,0.0,0.0,0.0,0.0,0.0,0.0,0.0,0.0,0.0,0.0,0.0,0.0,0.0,0.0,0.0,0.0,0.0,0.0,0.0,0.0,0.01904761904761905,0.0,0.0,0.0,0.14102564102564102,0.0,0.036585365853658534,0.024096385542168676,0.08421052631578947,0.05,0.16129032258064516,0.12643678160919541,0.0625,0.09523809523809523,0.16374269005847952,0.0,0.0,0.0,0.0,0.012987012987012988,0.018867924528301886,0.0,0.0,0.0,0.0,0.0,0.0,0.0,0.0,0.0,0.0,0.0,0.0,0.0,0.0,0.0,0.0,0.0,0.0,0.0,0.0,0.0,0.0,0.0,0.0,0.0,0.0,0.0,0.0,0.0,0.0,0.0,0.0,0.0,0.0,0.0,0.0,0.0,0.0,0.0,0.0,0.0,0.0,0.0,0.0,0.0,0.0,0.0,0.0,0.0,0.0,0.0,0.0,0.0,0.0,0.0,0.0,0.0,0.0,0.0,0.0,0.0,0.0,0.0,0.0,0.0,0.0,0.0,0.0,0.0,0.0,0.0,0.0,0.0,0.0,0.0,0.0,0.0,0.0,0.0,0.0,0.0,0.0,0.0,0.0,0.0,0.0,0.0,0.0,0.0,0.0,0.0,0.0,0.0,0.0,0.0
4023441, yihF, G->T, missense,2.22189,9.999e-05,121,-1.0,0.6,120,0.9,0.571429,PASS,0.0,0.0,0.0,0.0,0.0,0.0,0.0,0.0,0.0,0.0,0.0,0.0,0.0,0.0,0.10526315789473684,0.0,0.0,0.0,0.025974025974025976,0.029411764705882353,0.02727272727272727,0.05660377358490566,0.0891089108910891,0.016666666666666666,0.09937888198757763,0.05660377358490566,0.16,0.19248826291079812,0.21739130434782608,0.01639344262295082,0.0,0.021739130434782608,0.1016949152542373,0.0,0.028169014084507043,0.05084745762711865,0.07079646017699115,0.0,0.18604651162790697,0.0364963503649635,0.06666666666666667,0.13157894736842105,0.1683673469387755,0.0,0.0,0.0,0.0,0.0,0.0,0.0,0.0,0.0,0.0,0.0,0.0,0.0,0.0,0.0,0.0,0.0,0.0,0.0,0.0,0.0,0.0,0.0,0.0,0.0,0.0,0.0,0.0,0.0,0.0,0.0,0.0,0.0,0.0,0.0,0.0,0.0,0.0,0.0,0.0,0.0,0.0,0.0,0.0,0.0,0.0,0.0,0.0,0.0,0.0,0.014084507042253521,0.0,0.0,0.0,0.0,0.0,0.0,0.0,0.0,0.0,0.0,0.0,0.0,0.0,0.0,0.0,0.0,0.0,0.0,0.0,0.0,0.0,0.0,0.0,0.0,0.0,0.0,0.0,0.0,0.0,0.0,0.0,0.0,0.0,0.0,0.0,0.0,0.0,0.0,0.0,1.0,0.0,0.0,0.0,0.0,0.008333333333333333,0.0,0.0,0.0,0.0,0.0
4035924, glnA, G->A, synonymous,3.25439,9.999e-05,121,-1.0,0.521739,121,0.9,0.545455,PASS,0.0,0.0,0.0,0.0,0.0,0.0,0.0,0.0,0.0,0.0,0.0,0.0,0.0,0.05555555555555555,0.0,0.0,0.0,0.0,0.0,0.0,0.0,0.0,0.0,0.0,0.0,0.0,0.0,0.0,0.009433962264150943,0.0,0.0,0.0,0.0,0.0,0.0,0.0,0.0,0.0,0.0,0.0,0.0,0.0,0.0,0.0,0.0,0.0,0.0,0.0,0.0,0.0,0.0,0.0,0.0,0.0,0.0,0.0,0.0,0.0,0.0,0.0,0.010752688172043012,0.045454545454545456,0.34615384615384615,0.574468085106383,0.2903225806451613,0.2631578947368421,0.3125,0.17647058823529413,0.28125,0.20689655172413793,0.189873417721519,0.0392156862745098,0.009708737864077669,0.01639344262295082,0.0,0.0,0.0,0.0,0.0,0.0,0.0,0.0,0.0,0.0,0.0,0.0,0.0,0.0,0.0,0.0,0.0,0.0,0.0,0.0,0.0,0.0,0.0,0.0,0.0,0.0,0.0,0.0,0.0,0.0,0.0,0.0,0.0,0.0,0.0,0.0,0.0,0.0,0.0,0.0,0.0,0.0,0.0,0.0,0.0,0.0,0.0,0.0,0.0,0.0,0.0,0.0,0.0,0.0,0.0,0.0,0.0,0.0,0.0,0.0,0.0,0.0,0.0,0.0,0.0,0.0,0.0,0.0,0.0,0.0
4044893, yihP, T->G, missense,0.837928,9.999e-05,121,-1.0,0.342857,121,0.9,0.285714,PASS,0.0,0.0,0.0,0.0,0.0,0.0,0.0,0.0,0.0,0.0,0.0,0.0,0.0,0.0,0.0,0.0,0.0,0.0,0.0,0.0,0.0,0.0,0.0,0.0,0.0,0.0,0.03225806451612903,0.0,0.0,0.0,0.0,0.0,0.0,0.0,0.0,0.0,0.0,0.0,0.0,0.0,0.0,0.0,0.0,0.11363636363636363,0.03333333333333333,0.23076923076923078,0.7666666666666667,0.9090909090909091,0.8833333333333333,0.9574468085106383,0.9139784946236559,0.9782608695652174,0.9344262295081968,1.0,0.9473684210526315,0.9333333333333333,0.8769230769230769,0.86,0.9795918367346939,0.7076923076923077,0.9833333333333333,0.75,0.8571428571428571,0.8947368421052632,1.0,0.8214285714285714,0.7272727272727273,0.8723404255319149,0.9347826086956522,0.868421052631579,0.8363636363636363,0.851063829787234,0.8846153846153846,0.8431372549019608,0.8333333333333334,0.6908212560386473,0.7377049180327869,0.75,0.7702702702702703,0.36363636363636365,0.47619047619047616,0.8923076923076924,1.0,0.782608695652174,0.5,0.7414634146341463,0.9102564102564102,0.7206703910614525,0.5094339622641509,0.7116564417177914,0.721030042918455,0.9259259259259259,0.9166666666666666,0.9122807017543859,0.9090909090909091,0.8780487804878049,0.9512195121951219,0.958904109589041,0.9122807017543859,0.9594594594594594,0.9636363636363636,1.0,1.0,1.0,0.9117647058823529,0.9618320610687023,0.8951048951048951,0.9705882352941176,0.9659090909090909,1.0,0.96875,0.9921875,1.0,0.9590163934426229,0.9384615384615385,0.9401197604790419,0.8666666666666667,0.9375,1.0,0.9391891891891891,0.987012987012987,0.890625,0.0,0.0,0.0,0.0,0.0,0.0,0.0,0.0,0.0,0.0,0.0,0.0,0.0,0.0,0.0,0.0,0.0,1.0,1.0,1.0,1.0,1.0
4049580, yihS, MOB_4049580_4049582_IS150_-1, sv,1.19203,9.999e-05,121,-1.0,0.666667,121,0.9,0.666667,PASS,0.0,0.0,0.0,0.0,0.0,0.0,0.0,0.0,0.0,0.0,0.0,0.0,0.0,0.0,0.027777777777777776,0.0,0.023255813953488372,0.0,0.01,0.0,0.007194244604316547,0.006060606060606061,0.02040816326530612,0.0,0.0,0.0,0.0,0.0,0.024793388429752067,0.023255813953488372,0.009259259259259259,0.0,0.006666666666666667,0.0,0.006756756756756757,0.036231884057971016,0.016666666666666666,0.0,0.05263157894736842,0.015267175572519083,0.03333333333333333,0.0,0.011111111111111112,0.12121212121212122,0.13580246913580246,0.022900763358778626,0.01818181818181818,0.0,0.041237113402061855,0.024096385542168676,0.023255813953488372,0.02459016393442623,0.0,0.03296703296703297,0.0,0.007042253521126761,0.0,0.0,0.010752688172043012,0.012987012987012988,0.03488372093023256,0.0,0.058823529411764705,0.1094224924012158,0.12,0.09375,0.11764705882352941,0.05128205128205128,0.015267175572519083,0.034482758620689655,0.23076923076923078,0.18666666666666668,0.1968503937007874,0.09090909090909091,0.12213740458015267,0.48265895953757226,0.192,0.30392156862745096,0.27956989247311825,0.6,0.4977168949771689,0.32941176470588235,0.2777777777777778,0.15591397849462366,0.4742268041237113,0.28314606741573034,0.06289308176100629,0.2515527950310559,0.5873015873015873,0.378698224852071,0.24048096192384769,0.15286624203821655,0.06190476190476191,0.16556291390728478,0.043478260869565216,0.06666666666666667,0.0,0.09523809523809523,0.08955223880597014,0.020689655172413793,0.15384615384615385,0.013100436681222707,0.014705882352941176,0.022388059701492536,0.06626506024096386,0.01509433962264151,0.11715481171548117,0.08974358974358974,0.0873015873015873,0.06707317073170732,0.03225806451612903,0.036,0.03571428571428571,0.02834008097165992,0.038834951456310676,0.08394160583941605,0.12403100775193798,0.11604095563139932,0.049773755656108594,0.04332129963898917,0.07441860465116279,0.13090909090909092,0.0,0.0,0.0,0.0,0.0,0.0,0.0,0.0,0.0,0.0,0.0,0.0,0.0,0.0,0.0,0.0,0.0,0.0,0.0,0.0,0.0,0.0
4090641, tpiA, T->C, missense,1.84587,9.999e-05,121,-1.0,0.857143,120,0.9,0.857143,PASS,0.0,0.0,0.0,0.0,0.0,0.0,0.03614457831325301,0.03076923076923077,0.0,0.03414634146341464,0.0,0.018867924528301886,0.03333333333333333,0.058823529411764705,0.0,0.01694915254237288,0.0,0.06976744186046512,0.015151515151515152,0.20833333333333334,0.024096385542168676,0.05319148936170213,0.10714285714285714,0.08620689655172414,0.16129032258064516,0.07407407407407407,0.07894736842105263,0.22171945701357465,0.1590909090909091,0.13513513513513514,0.0,0.0,0.043478260869565216,0.016129032258064516,0.010752688172043012,0.056074766355140186,0.09090909090909091,0.0,0.1111111111111111,0.078125,0.0,0.06666666666666667,0.15384615384615385,0.0,0.0,0.0,0.0,0.0,0.0,0.0,0.0,0.0,0.0,0.0,0.0,0.0,0.0,0.0,0.0,0.0,0.0,0.0,0.0,0.0,0.0,0.0,0.0,0.0,0.0,0.0,0.0,0.0,0.0,0.0,0.0,0.0045662100456621,0.0,0.0,0.0,0.0,0.0,0.0,0.0,0.0,0.0,0.0,0.0,0.0,0.0,0.004081632653061225,0.0,0.0,0.0,0.0,0.0,0.0,0.0,0.0,0.0,0.0,0.0,0.0,0.0,0.0,0.0,0.012578616352201259,0.0,0.0,0.0,0.0,0.0,0.0,0.0,0.0,0.0,0.0,0.0,0.0,0.0,0.0,0.0,0.0,0.0,0.0,0.0,0.0,0.0,0.0,0.0,0.0,0.0,0.0,0.0,1.0,0.0,0.0,0.0,0.0,0.0,0.0,0.0,0.0,0.0,0.0
4100211, hslU, G->T, missense,0.815636,9.999e-05,121,-1.0,0.461538,119,0.9,0.75,PASS,0.0,0.0,0.0,0.0,0.0078125,0.21739130434782608,0.5458333333333333,0.13333333333333333,0.029850746268656716,0.32903225806451614,0.8484848484848485,0.9074074074074074,0.9864864864864865,1.0,0.9375,0.985781990521327,0.9230769230769231,1.0,1.0,0.9047619047619048,0.978021978021978,0.967391304347826,0.9464285714285714,0.9705882352941176,0.9712230215827338,1.0,1.0,0.9823788546255506,1.0,0.9795918367346939,1.0,1.0,0.9863013698630136,0.9,0.9879518072289156,0.9855072463768116,0.9615384615384616,0.9411764705882353,1.0,0.9642857142857143,1.0,0.9777777777777777,0.9861111111111112,0.975609756097561,1.0,0.9571428571428572,0.9444444444444444,1.0,0.9333333333333333,0.8181818181818182,0.9333333333333333,0.9406392694063926,0.9605263157894737,0.9714285714285714,0.85,0.9166666666666666,0.9292929292929293,0.845360824742268,0.8085106382978723,0.8888888888888888,1.0,0.9444444444444444,0.9333333333333333,0.908256880733945,0.9375,0.8301886792452831,1.0,0.8780487804878049,0.90625,0.96,0.8235294117647058,0.8412698412698413,0.7638888888888888,0.8727272727272727,0.8947368421052632,0.6584158415841584,0.6555555555555556,0.8166666666666667,0.7384615384615385,0.42857142857142855,0.5288461538461539,0.5769230769230769,0.8571428571428571,0.8105263157894737,0.6666666666666666,0.788546255506608,0.9848484848484849,0.8011049723756906,0.46551724137931033,0.7205240174672489,0.8042553191489362,0.9487179487179487,0.908256880733945,0.9027777777777778,1.0,0.9215686274509803,1.0,0.9473684210526315,0.9523809523809523,0.9764705882352941,0.9354838709677419,1.0,0.9791666666666666,1.0,0.971830985915493,0.9507042253521126,0.8672566371681416,0.9696969696969697,0.9682539682539683,0.9669421487603306,1.0,0.9715909090909091,0.9583333333333334,0.9673202614379085,0.9682539682539683,0.9585798816568047,0.8333333333333334,0.9502762430939227,1.0,0.9349112426035503,0.9496402877697842,0.9733333333333334,0.0,0.0,0.0,0.0,0.0,1.0,0.0,0.0,1.0,0.9885057471264368,1.0,1.0,1.0,1.0,1.0,1.0,0.0,1.0,1.0,0.9943820224719101,1.0,1.0
4100366, hslU, T->A, missense,1.92695,0.00259974,121,-1.0,0.5,120,0.9,0.413793,PASS,0.00684931506849315,0.0,0.0,0.0,0.0,0.0,0.0,0.0,0.0,0.0,0.0,0.0,0.0,0.0,0.0,0.0,0.0,0.0,0.0,0.0,0.0,0.0,0.0,0.0,0.0,0.0,0.0,0.0,0.0,0.0,0.0,0.0,0.0,0.0,0.0,0.0,0.0,0.0,0.0,0.0,0.0,0.0,0.0,0.0,0.0,0.0,0.0,0.0,0.0,0.0,0.0,0.0,0.0,0.0,0.0,0.0,0.0,0.0,0.0,0.0,0.0,0.0,0.0,0.0,0.0,0.0,0.0,0.0,0.0,0.0,0.0,0.0,0.0,0.0,0.0,0.0,0.0,0.0,0.0,0.0,0.0,0.0,0.0,0.0,0.0,0.0,0.0,0.0,0.0,0.0,0.0,0.0,0.0,0.0,0.0,0.0,0.0,0.0,0.0,0.0,0.043478260869565216,0.017699115044247787,0.0,0.0,0.03278688524590164,0.03571428571428571,0.09090909090909091,0.03296703296703297,0.015151515151515152,0.0,0.02040816326530612,0.0,0.0,0.032520325203252036,0.03636363636363636,0.03968253968253968,0.16326530612244897,0.03278688524590164,0.017094017094017096,0.019801980198019802,0.06363636363636363,0.05217391304347826,0.0,0.0,0.0,0.0,0.0,0.0,0.0,0.0,0.0,0.0,0.0,0.0,0.0,0.0,0.0,0.0,0.0,0.0,0.0,0.0,0.0,0.0
4101100, hslU, A->T, missense,3.15112,9.999e-05,121,-1.0,0.184615,119,0.9,0.0283019,PASS,0.0,0.0,0.0,0.3958333333333333,0.9787234042553191,0.4,0.4869109947643979,0.7727272727272727,0.9117647058823529,0.5703703703703704,0.2857142857142857,0.0625,0.013513513513513514,0.0,0.0,0.0,0.0,0.0,0.0,0.0,0.0,0.0,0.0,0.0,0.0,0.0,0.0,0.0,0.0,0.0,0.0,0.0,0.0,0.0,0.0,0.0,0.0,0.0,0.0,0.0,0.0,0.0,0.0,0.0,0.0,0.0,0.0,0.0,0.0,0.0,0.0,0.0,0.0,0.0,0.0,0.0,0.0,0.0,0.0,0.0,0.0,0.0,0.0,0.0,0.0,0.0,0.0,0.0,0.0,0.0,0.0,0.0,0.0,0.0,0.0,0.0,0.0,0.0,0.0,0.0,0.0,0.0,0.0,0.0,0.0,0.0,0.0,0.0,0.0,0.0,0.0,0.0,0.023255813953488372,0.0,0.0,0.0,0.0,0.0,0.0,0.0,0.0,0.0,0.0,0.0,0.0,0.0,0.0,0.0,0.0,0.0,0.0,0.0,0.0,0.0,0.0,0.0,0.0,0.0,0.0,0.0,0.0,0.0,0.0,0.0,0.0,0.0,0.0,0.0,1.0,1.0,0.0,0.0,0.0,0.0,0.0,0.0,0.0,0.0,0.0,0.0,0.0,0.0,0.0,0.0
4101880, ftsN, G->A, missense,4.84601,9.999e-05,121,-1.0,0.6,120,0.9,0.75,PASS,0.0,0.0,0.0,0.0,0.0,0.0,0.0,0.0,0.0,0.0,0.0,0.0,0.0,0.0,0.0,0.0,0.0,0.0,0.0,0.0,0.0,0.0,0.0,0.0,0.0,0.0,0.0,0.0,0.0,0.0,0.0,0.0,0.0,0.0,0.0,0.0,0.0,0.02127659574468085,0.0,0.011494252873563218,0.0,0.0625,0.10526315789473684,0.21153846153846154,0.3246753246753247,0.24691358024691357,0.10638297872340426,0.00980392156862745,0.0,0.0,0.0,0.0,0.0,0.013157894736842105,0.0,0.0,0.0,0.0,0.0,0.0,0.0,0.0,0.0,0.0,0.0,0.0,0.0,0.0,0.0,0.0,0.0,0.0,0.011904761904761904,0.0,0.0,0.0,0.0,0.0,0.0,0.0,0.0,0.0,0.0,0.0,0.0,0.0,0.0,0.0,0.0,0.0,0.0,0.0,0.0,0.0,0.0,0.0,0.0,0.0,0.0,0.0,0.0,0.0,0.0,0.0,0.0,0.0,0.0,0.0,0.0,0.0,0.0,0.0,0.0,0.0,0.0,0.0,0.0,0.0,0.0,0.0,0.0,0.0,0.0,0.0,0.02564102564102564,0.0,0.0,0.0,0.0,0.0,0.0,0.0,0.0,0.0,0.0,0.0,0.0,0.0,0.0,0.0,0.0,0.0,0.0,0.0
4102859, ftsN, MOB_4102859_4102862_IS150_1, sv,1.16651,9.999e-05,121,-1.0,0.48,120,0.9,0.666667,PASS,0.0,0.0,0.0,0.0,0.0,0.0,0.0,0.0,0.0,0.003883495145631068,0.0,0.0,0.0,0.0,0.0,0.0024534457478005865,0.0,0.0,0.0,0.0,0.0,0.005274261603375527,0.0,0.0,0.0,0.0,0.0,0.0,0.0,0.0,0.0,0.0,0.0,0.0,0.0,0.0,0.0,0.0,0.0,0.07888175965665235,0.0,0.0,0.010957522768670309,0.0,0.0,0.01662334437086093,0.023879332273449922,0.036845983787767135,0.07827448471926085,0.040237433155080216,0.10414827586206897,0.07597323221057327,0.023817623762376238,0.008285004142502071,0.015968839427662956,0.09060329670329671,0.11551700288184438,0.2784185649202734,0.07402142857142857,0.1695443972835314,0.04321174438687392,0.11583011583011583,0.10024649999999999,0.1646088034717917,0.08735054466230936,0.1724922811059908,0.1435092857142857,0.14544934687953553,0.12544019471488177,0.15958418657565415,0.21284968017057568,0.23292244337680165,0.15182608695652172,0.14180235571260305,0.20944609460946093,0.3909816147082334,0.3180662438336857,0.31580908248378126,0.2198457602339181,0.5854550853749072,0.6146019036954088,0.26711860718171926,0.08369416666666667,0.2403560885608856,0.4028290598290598,0.2597534213685474,0.022559611069558717,0.3136269748390872,0.46779126213592237,0.33996333911320287,0.2538094515088252,0.08753017473118278,0.09358202357563851,0.10917416545718432,0.0251749373433584,0.030908012326656395,0.01324736147757256,0.011572407834101383,0.06107273519163763,0.044761449016100185,0.06310826330532213,0.003992015968063872,0.012123913043478261,0.0,0.04596292048929663,0.016684656964656965,0.11146776669224864,0.04746420838971583,0.006662110152621103,0.005952282157676349,0.02426453957996769,0.03465357917570499,0.03937102161100197,0.028050083939563517,0.08449344569288389,0.07907531545741325,0.13467521367521365,0.03621645860709593,0.0,0.09211329833770779,0.05302522045855379,0.04291680311890838,0.0,0.0,0.0,0.0,0.0,0.0,0.0,0.0,0.0,0.0,0.0,0.0,0.0,0.0,0.0,0.0,1.0,0.0,0.0,0.0,0.0,0.0
4108412, metJ, G->T, missense,0.817103,9.999e-05,121,-1.0,1.0,120,0.9,0.413793,PASS,0.0,0.0,0.0,0.0,0.0,0.0,0.0,0.0,0.0,0.0,0.0,0.0,0.0,0.0,0.0,0.0,0.0,0.0,0.0,0.0,0.0,0.0,0.0,0.0,0.00684931506849315,0.0,0.0,0.0,0.0,0.016129032258064516,0.0,0.0,0.0,0.0,0.0,0.030927835051546393,0.08928571428571429,0.17142857142857143,0.3888888888888889,0.3069306930693069,0.20512820512820512,0.046511627906976744,0.08071748878923767,0.7192982456140351,0.5,0.6455696202531646,0.8041237113402062,0.9565217391304348,0.9565217391304348,0.8857142857142857,0.8611111111111112,0.9210526315789473,0.9733333333333334,0.95,0.9722222222222222,0.9230769230769231,0.8636363636363636,0.9278350515463918,0.9122807017543859,0.8823529411764706,0.9459459459459459,0.9411764705882353,0.9333333333333333,0.935064935064935,1.0,0.8596491228070176,0.8,0.9821428571428571,0.9292929292929293,0.8363636363636363,0.7619047619047619,0.9137931034482759,0.9041095890410958,0.7708333333333334,0.8518518518518519,0.6017699115044248,0.7380952380952381,0.6833333333333333,0.7961165048543689,0.3898305084745763,0.3867924528301887,0.7757009345794392,0.5333333333333333,0.8252427184466019,0.6129032258064516,0.7111111111111111,0.975,0.7896995708154506,0.4090909090909091,0.6864406779661016,0.7947598253275109,0.8640776699029126,0.8878504672897196,0.8854166666666666,1.0,0.9175257731958762,0.9302325581395349,0.8227848101265823,0.9518072289156626,0.9649122807017544,0.9565217391304348,1.0,0.9857142857142858,1.0,0.8852459016393442,0.9743589743589743,0.88,0.9347826086956522,0.9607843137254902,0.9897959183673469,1.0,0.9685534591194969,0.9122807017543859,0.9871794871794872,0.9540229885057471,0.9403669724770642,0.8023255813953488,0.9320388349514563,0.9869281045751634,0.9358288770053476,0.9390243902439024,0.9574468085106383,0.0,0.0,0.0,0.0,0.0,0.0,0.0,0.0,0.0,0.0,0.0,0.0,0.0,0.0,0.0,0.0,0.0,1.0,1.0,0.9896373056994818,1.0,1.0
4110237, metL, MOB_4110237_4110239_IS150_1, sv,2.2125,0.00019998,121,-1.0,1.0,121,0.9,0.923077,PASS,0.0,0.0,0.0,0.0,0.008746355685131196,0.0,0.0,0.0,0.0,0.005449591280653951,0.0,0.0,0.0,0.0,0.0,0.0,0.0,0.0,0.0,0.02,0.0064516129032258064,0.0,0.0,0.0,0.0,0.0,0.0,0.0,0.0,0.0,0.0,0.0,0.0,0.00847457627118644,0.0,0.007042253521126761,0.0,0.0,0.0,0.0,0.019230769230769232,0.0,0.0029850746268656717,0.0,0.0,0.0,0.0,0.00558659217877095,0.0,0.0,0.0,0.006787330316742082,0.004347826086956522,0.0,0.0,0.0,0.007042253521126761,0.0,0.0070921985815602835,0.01694915254237288,0.015037593984962405,0.0,0.0,0.0,0.0,0.0,0.0,0.0,0.06711409395973154,0.1487603305785124,0.12962962962962962,0.011111111111111112,0.033112582781456956,0.02127659574468085,0.043859649122807015,0.02005730659025788,0.014388489208633094,0.037383177570093455,0.0,0.02054794520547945,0.0072992700729927005,0.0,0.0,0.0,0.0,0.0,0.0,0.0,0.03773584905660377,0.01020408163265306,0.003738317757009346,0.0,0.0,0.0,0.0,0.0,0.0,0.005649717514124294,0.007874015748031496,0.00398406374501992,0.007692307692307693,0.010869565217391304,0.02,0.02564102564102564,0.024509803921568627,0.02,0.0047169811320754715,0.0049504950495049506,0.0,0.0,0.0,0.0,0.0,0.0,0.0,0.0,0.0,0.00909090909090909,0.003484320557491289,0.0,0.0,0.0,0.0,0.0,0.0,0.0,0.0,0.0,0.0,0.0,0.0,0.0,0.0,0.0,0.0,0.0,0.0,0.0,0.0,0.0,0.0,0.0,0.0,0.0
4114199, katG, MOB_4114199_4114201_IS150_1, sv,1.45586,9.999e-05,121,-1.0,0.5,120,0.9,0.545455,PASS,0.0,0.0,0.0,0.0,0.0,0.0,0.0,0.0,0.0,0.0,0.0,0.0,0.0,0.0,0.0,0.0,0.0,0.0,0.0,0.0,0.0,0.0,0.0,0.0,0.0,0.0,0.0,0.0,0.0,0.0,0.0,0.0,0.0,0.0,0.0,0.0,0.0061614294516327784,0.0,0.021367521367521368,0.0,0.0,0.0,0.0,0.0,0.0,0.0,0.0,0.0,0.0,0.0,0.0,0.0,0.0,0.0,0.0,0.0,0.012896994884910485,0.004166666666666667,0.0,0.04122950819672131,0.0,0.12677824267782425,0.02793296089385475,0.08066372828623282,0.0,0.0868158844765343,0.27525272727272726,0.06774182638105976,0.025094102885821833,0.030555927051671733,0.10501828631138976,0.15118110236220475,0.11337863501483679,0.05394511378848728,0.1462656148867314,0.401296170625303,0.28568798862828715,0.3793641092327698,0.3314081408140814,0.5869902786779001,0.4807853881278538,0.2705330764290302,0.402632,0.1487895256916996,0.41297944593386954,0.2711428306780289,0.030525038051750376,0.21733747984335405,0.42189343379978467,0.3141576609918579,0.33509038922707984,0.08672507836990596,0.07874978070175438,0.1265149442379182,0.08406234309623431,0.07495854063018242,0.0,0.027326966901790557,0.11261309880239521,0.0729324333679474,0.019493177387914232,0.0038370863446177254,0.04031746987951808,0.0,0.03161730266596968,0.007758014677481654,0.11243663233318404,0.03835883250667684,0.01812578125,0.04197774163568773,0.022483271375464683,0.010107816711590296,0.033534671125975475,0.018978666161424785,0.03334277839029768,0.05805353145503666,0.1552121130551817,0.03827566709021601,0.013094718463553034,0.06178534246575342,0.02973977695167286,0.017732520325203255,0.0,0.0,0.0,0.0,0.0,0.0,0.0,0.0,0.0,0.0,0.0,0.0,0.0,0.0,0.0,0.0,0.0,0.0,0.0,0.0,0.0,0.0
4154565, coaA, C->A, missense,2.98891,9.999e-05,121,-1.0,0.923077,121,0.9,0.923077,PASS,0.0,0.0,0.0,0.0,0.0,0.0,0.0,0.0,0.0,0.0,0.0,0.0,0.0,0.0,0.0,0.0,0.03225806451612903,0.0,0.0,0.0,0.0,0.0,0.0,0.0,0.0,0.0,0.0,0.0,0.0,0.0,0.0,0.0,0.0,0.0,0.0,0.0,0.0,0.0,0.0,0.0,0.0,0.0,0.0,0.0,0.0,0.0,0.0,0.0,0.0,0.0,0.0,0.0,0.0,0.0,0.0,0.0,0.0,0.0,0.0,0.0,0.0,0.0,0.0,0.0,0.0,0.0,0.0,0.0,0.0,0.0,0.0,0.0,0.0,0.0,0.0,0.0,0.0,0.0,0.0,0.0,0.0,0.0,0.0,0.0,0.0,0.0,0.0,0.0,0.0,0.0,0.0,0.0,0.0,0.0,0.0,0.0,0.0,0.0,0.0,0.0,0.0,0.004629629629629629,0.05172413793103448,0.03355704697986577,0.046511627906976744,0.04424778761061947,0.0189873417721519,0.2014388489208633,0.0945945945945946,0.14035087719298245,0.1651376146788991,0.056338028169014086,0.0,0.0051813471502590676,0.010638297872340425,0.004484304932735426,0.0,0.0,0.0,0.0,0.0,0.0,0.0,0.0,0.0125,0.0,0.0,0.0,0.0,0.0,0.0,0.0,0.0,0.0,0.0,0.0,0.0,0.0,0.0,0.0,0.0,0.0,0.0,0.0
4162281, rpoB, A->C, missense,4.71396,9.999e-05,121,-1.0,0.923077,120,0.9,0.545455,PASS,0.0,0.0,0.0,0.0,0.0,0.0,0.0,0.0,0.0,0.0,0.0,0.0,0.0,0.0,0.0,0.0,0.0,0.0,0.0,0.0,0.0,0.0,0.0,0.0,0.0,0.0,0.0,0.0,0.0,0.0,0.0,0.0,0.0,0.0,0.0,0.0,0.0,0.0,0.0,0.0,0.0,0.0,0.0,0.0,0.0,0.0,0.0,0.0,0.0,0.0,0.0,0.008547008547008548,0.13793103448275862,0.21333333333333335,0.3333333333333333,0.15254237288135594,0.09523809523809523,0.007518796992481203,0.01020408163265306,0.0,0.0,0.0,0.0,0.0,0.0,0.0,0.0,0.0,0.0,0.0,0.0,0.007936507936507936,0.0,0.0,0.0,0.0,0.0,0.0,0.0,0.0,0.0,0.009009009009009009,0.0,0.0,0.0,0.0,0.0,0.0,0.0,0.0,0.0,0.0,0.0,0.0,0.0,0.0,0.0,0.0,0.0,0.0,0.0,0.0,0.0,0.0,0.0,0.0,0.0,0.0,0.0,0.0,0.0,0.0,0.0,0.0,0.0,0.0,0.0,0.0,0.0,0.0,0.0,0.0,0.0,0.0,0.0,0.0,0.0,0.0,0.0,0.0,0.0,0.0,0.0,0.0,0.0,0.0,0.0,0.0,0.0,0.0,0.0,0.0,0.0,0.0
4165779, rpoC, T->G, missense,5.21363,9.999e-05,121,-1.0,0.166667,121,0.9,0.387097,PASS,0.0,0.0,0.0,0.0,0.0,0.0,0.0,0.0,0.0,0.0,0.0,0.0,0.0,0.0,0.0,0.0,0.0,0.0,0.0,0.0,0.0,0.0,0.0,0.0,0.0,0.0,0.0,0.0,0.0,0.0,0.0,0.0,0.0,0.0,0.0,0.011235955056179775,0.0,0.0,0.0,0.0,0.0,0.0,0.0,0.0,0.0,0.0,0.0,0.0,0.0,0.0,0.0,0.0,0.0,0.0,0.0,0.0,0.0,0.0,0.0,0.0,0.0,0.0,0.0,0.0,0.0,0.01098901098901099,0.07692307692307693,0.13333333333333333,0.23255813953488372,0.13043478260869565,0.14084507042253522,0.03125,0.0,0.0,0.0,0.0,0.0,0.0,0.0,0.0,0.0,0.0,0.0,0.0,0.0,0.0,0.0,0.0,0.0,0.0,0.0,0.0,0.0,0.0,0.0,0.0,0.0,0.0,0.0,0.0,0.0,0.0,0.0,0.0,0.0,0.0,0.0,0.0,0.0,0.0,0.0,0.0,0.0,0.0,0.0,0.0,0.0,0.0,0.0,0.0,0.0,0.0,0.0,0.0,0.0,0.0,0.0,0.0,0.0,0.0,0.0,0.0,0.0,0.0,0.0,0.0,0.0,0.0,0.0,0.0,0.0,0.0,0.0,0.0
4179844, hupA, C->T, noncoding,4.15248,0.00039996,121,-1.0,0.352941,121,0.9,0.153846,PASS,0.0,0.0,0.0,0.015625,0.0,0.0,0.00423728813559322,0.0,0.0,0.0,0.0,0.0,0.0,0.0,0.0,0.0,0.0,0.0,0.0,0.0,0.0,0.0,0.0,0.0,0.0,0.0,0.0,0.0,0.0,0.0,0.0,0.0,0.0,0.0,0.0,0.0,0.0,0.0,0.0,0.0,0.0,0.0,0.0,0.0,0.0,0.0,0.0,0.0,0.0,0.0,0.0,0.0,0.0,0.0,0.0,0.0,0.0,0.0,0.0,0.0,0.0,0.0,0.0,0.0,0.0,0.0,0.0,0.0,0.0,0.0,0.0,0.0,0.0,0.0,0.0,0.0,0.0,0.0,0.0,0.0,0.0,0.0,0.0,0.0,0.0,0.0,0.0,0.0,0.0,0.0,0.0,0.0,0.0,0.0,0.0,0.0,0.0,0.0,0.0,0.0,0.0,0.0,0.0,0.0,0.0,0.0,0.0,0.006993006993006993,0.01020408163265306,0.04807692307692308,0.11363636363636363,0.029940119760479042,0.029850746268656716,0.006097560975609756,0.0,0.0,0.0,0.0,0.0,0.0,0.0,0.0,0.0,0.0,0.0,0.0,0.0,0.0,0.0,0.0,0.0,0.0,0.0,0.0,0.0,0.0,0.0,0.0,0.0,0.0,0.0,0.0,0.0,0.0
4194637, metA, A->G, missense,3.47836,9.999e-05,121,-1.0,0.133333,120,0.9,0.4,PASS,0.004219409282700422,0.0,0.0,0.0,0.0,0.0,0.0,0.0,0.0,0.0,0.0,0.0,0.0,0.0,0.0,0.0,0.0,0.0,0.0,0.0,0.0,0.0,0.0,0.0,0.0,0.0,0.0,0.0,0.0,0.0,0.0,0.010869565217391304,0.0,0.0,0.0,0.0,0.0,0.0,0.0,0.0,0.0,0.0,0.0,0.0,0.0,0.0,0.0,0.0,0.0,0.0,0.0,0.0,0.0,0.0,0.0,0.0,0.0,0.0,0.0,0.0,0.0,0.0,0.0,0.0,0.0,0.0,0.0,0.0,0.0,0.0,0.0,0.0,0.0,0.0,0.0,0.0,0.0,0.0,0.0,0.0,0.0,0.008547008547008548,0.2857142857142857,0.05504587155963303,0.05084745762711865,0.3640776699029126,0.44285714285714284,0.28936170212765955,0.07894736842105263,0.022857142857142857,0.022026431718061675,0.022988505747126436,0.0,0.0,0.0,0.0,0.0,0.0,0.0,0.0,0.0,0.0,0.0,0.0,0.0,0.0,0.0,0.0,0.0,0.0,0.0,0.0,0.0,0.0,0.0,0.010638297872340425,0.0,0.0,0.0,0.0,0.0,0.0,0.0,0.0,0.0,0.0,0.0,0.0,0.0,0.0,0.0,0.0,0.0,0.0,0.0,0.0,0.0,0.0,0.0,0.0,0.012658227848101266,0.0,0.0,0.0
4194803, intergenic, G->A, noncoding,4.02684,9.999e-05,121,-1.0,0.923077,104,0.9,0.857143,PASS,0.0,0.0,0.0,0.0,0.006097560975609756,0.0,0.2849740932642487,0.8461538461538461,0.8947368421052632,0.5161290322580645,0.2857142857142857,0.0,0.0,0.0,0.0,0.0,0.0,0.0,0.0,0.0,0.0,0.0,0.0,0.0,0.0,0.0,0.0,0.0,0.0,0.0,0.0,0.0,0.0,0.0,0.0,0.0,0.0,0.0,0.0,0.0,0.0,0.0,0.0,0.0,0.0,0.0,0.014492753623188406,0.0,0.0,0.0,0.011363636363636364,0.0,0.0,0.0,0.0,0.013888888888888888,0.0,0.0,0.0,0.0,0.0,0.0,0.0,0.0,0.0,0.0,,0.0,0.0,0.0,0.0,0.0,0.0,0.0,0.0,0.0,0.0,0.0,0.0,0.0,0.0,0.0,0.0,0.0,0.0,0.0,0.0,0.0,0.0,0.0,0.0,0.0,0.0,0.0,0.0,0.0,0.0,0.0,0.0,0.0,0.0,0.0,0.0,0.0,0.0,0.0,0.0,0.0,0.0,0.0,0.0,0.0,0.0,0.0,0.0,0.0,0.0,0.0,0.0,0.0,0.0,0.0,0.0,0.0,0.0,0.0,0.0,0.0,0.0,0.0,0.0,0.0,0.0,0.0,0.0,0.0,0.0,0.0,0.0,0.0,0.0,0.0,0.0,0.0
4194822, intergenic, G->T, noncoding,0.963865,0.00039996,121,-1.0,0.923077,107,0.9,0.5,PASS,0.0,0.0,0.0,0.0,0.0,0.0,0.0,0.0,0.0,0.0,0.0,0.0,0.0,0.0,0.0,0.018867924528301886,0.0,0.0,0.038461538461538464,0.0,0.03333333333333333,0.047619047619047616,0.0,0.14285714285714285,0.03636363636363636,0.0,0.0,0.04294478527607362,0.0,0.0,0.0,0.037037037037037035,0.0,0.0,0.03614457831325301,0.03333333333333333,0.0,0.0,0.0,0.0684931506849315,0.18181818181818182,0.0,0.005681818181818182,0.05555555555555555,0.0,0.05454545454545454,0.028985507246376812,0.031746031746031744,0.03333333333333333,0.0,0.12941176470588237,0.03870967741935484,0.075,0.0,0.0,0.1506849315068493,0.0,0.0,0.09259259259259259,0.08888888888888889,0.07142857142857142,0.3333333333333333,0.0,0.11165048543689321,0.0,0.19607843137254902,,0.07407407407407407,0.057692307692307696,0.06060606060606061,0.24,0.03896103896103896,0.15217391304347827,0.14285714285714285,0.10526315789473684,0.3541666666666667,0.15151515151515152,0.18518518518518517,0.17647058823529413,0.41935483870967744,0.6341463414634146,0.2328767123287671,0.0,0.018867924528301886,0.35294117647058826,0.17142857142857143,0.0,0.17159763313609466,0.3333333333333333,0.310126582278481,0.15873015873015872,0.03225806451612903,0.05263157894736842,0.05660377358490566,0.0,0.0,0.0,0.04878048780487805,0.03636363636363636,0.09803921568627451,0.0,0.06060606060606061,0.0,0.0,0.05263157894736842,0.0,0.07777777777777778,0.015384615384615385,0.011904761904761904,0.0,0.0,0.0,0.06382978723404255,0.04878048780487805,0.047619047619047616,0.0641025641025641,0.09615384615384616,0.10294117647058823,0.0,0.05825242718446602,0.018018018018018018,0.03333333333333333,0.0,0.0,0.0,0.0,0.0,0.0,0.0,0.0,0.0,0.0,0.0,0.0,0.0,0.0,0.0,0.0,0.9871794871794872,0.0,0.0,0.0,0.0,0.0
4201937, iclR, C->T, missense,0.7958,9.999e-05,121,-1.0,0.923077,121,0.9,0.8,PASS,0.0,0.0,0.0,0.0,0.0,0.05263157894736842,0.0,0.0,0.0,0.0738255033557047,0.17142857142857143,0.7321428571428571,0.8153846153846154,0.9523809523809523,0.7647058823529411,0.985,0.8571428571428571,0.96,0.975609756097561,0.7777777777777778,0.8873239436619719,0.8732394366197183,0.8387096774193549,0.868421052631579,0.8114754098360656,0.8461538461538461,0.8571428571428571,0.8042328042328042,0.75,0.8461538461538461,1.0,1.0,0.8505747126436781,0.9591836734693877,0.9787234042553191,0.9135802469135802,0.8571428571428571,1.0,0.782608695652174,0.8688524590163934,0.875,0.825,0.8305084745762712,0.9583333333333334,1.0,1.0,0.9818181818181818,0.9634146341463414,0.9166666666666666,0.7555555555555555,0.8804347826086957,0.9497716894977168,0.9428571428571428,0.9473684210526315,1.0,0.925,0.9714285714285714,0.8958333333333334,0.8793103448275862,0.6981132075471698,0.96,0.8333333333333334,1.0,0.8990825688073395,0.9166666666666666,0.8813559322033898,0.9090909090909091,0.8541666666666666,0.8961038961038961,0.8939393939393939,0.7321428571428571,0.8831168831168831,0.875,0.782608695652174,0.7142857142857143,0.6561085972850679,0.746031746031746,0.7368421052631579,0.8805970149253731,0.3783783783783784,0.4642857142857143,0.7714285714285715,0.9090909090909091,0.8205128205128205,0.6619718309859155,0.7333333333333333,0.9122807017543859,0.786046511627907,0.5555555555555556,0.7074235807860262,0.7399103139013453,0.9594594594594594,0.8543689320388349,0.8970588235294118,1.0,0.9384615384615385,1.0,0.9777777777777777,0.8688524590163934,0.9743589743589743,0.9516129032258065,1.0,0.9666666666666667,1.0,0.9368421052631579,0.9565217391304348,0.9651162790697675,0.9854014598540146,1.0,0.9917355371900827,0.9642857142857143,0.9941860465116279,1.0,0.9917355371900827,0.9375,0.9390243902439024,0.8615384615384616,0.9447513812154696,0.9893617021276596,0.9281767955801105,0.9772727272727273,0.9657534246575342,0.0,0.0,0.0,0.0,0.0,0.0,0.0,0.0,0.9873417721518988,0.9743589743589743,1.0,0.0,1.0,1.0,1.0,1.0,0.0,1.0,1.0,0.9947643979057592,1.0,1.0
4202591, iclR, A->T, noncoding,1.81361,0.010406,121,-1.0,0.545455,116,0.9,0.8,PASS,0.0,0.0,0.0,0.0,0.0,0.0,0.0,0.0,0.0,0.0,0.0,0.0,0.0,0.0,0.0,0.0,0.0,0.0,0.0,0.1,0.017543859649122806,0.08620689655172414,0.03076923076923077,0.0,0.05263157894736842,0.06666666666666667,0.0,0.19708029197080293,0.175,0.0,0.0,0.0,0.10714285714285714,0.046511627906976744,0.02,0.038461538461538464,0.07272727272727272,0.15384615384615385,0.1111111111111111,0.01818181818181818,0.038461538461538464,0.043478260869565216,0.14018691588785046,0.0,0.0,0.0,0.0,0.0,0.0,0.0,0.0,0.0,0.0,0.0,0.0,0.0,0.0,0.0,0.0,0.0,0.0,0.0,0.0,0.0,0.0,0.0,0.0,0.0,0.0,0.0,0.0,0.0,0.0,0.0,0.0,0.0,0.0,0.0,0.0,0.0,0.0,0.0,0.0,0.0,0.0,0.0,0.0,0.0,0.0,0.0,0.0,0.0,0.01818181818181818,0.0,0.0,0.0,0.0,0.0,0.0,0.0,0.0,0.0,0.0,0.0,0.0,0.0,0.0,0.0,0.0,0.0,0.0,0.0,0.0,0.0,0.0,0.0,0.03773584905660377,0.0,0.0,0.0,0.008771929824561403,0.0,0.0,0.0,0.0,0.0,0.0,0.0,0.0,0.0,0.0,0.0,0.007462686567164179,1.0,0.0,0.0,0.0,0.0,0.0,0.0,0.0,0.004405286343612335,0.0,0.0
4211685, lysC, G->A, synonymous,4.61852,0.00029997,121,-1.0,0.666667,120,0.9,0.75,PASS,0.0,0.0,0.0,0.0,0.0,0.0,0.0,0.0,0.0,0.0,0.0,0.0,0.0,0.0,0.0,0.0,0.0,0.0,0.0,0.0,0.0,0.0,0.0,0.0,0.0,0.0,0.0,0.0,0.0,0.0,0.0,0.0,0.0,0.0,0.0,0.0,0.0,0.0,0.0,0.0,0.0,0.0,0.0,0.0,0.0,0.0,0.0,0.0,0.0,0.0,0.0,0.0,0.0,0.0,0.0,0.0,0.0,0.0,0.0,0.0,0.0,0.0,0.0,0.0,0.0,0.0,0.0,0.0,0.0,0.0,0.0,0.0,0.0,0.0,0.0,0.0,0.0,0.0,0.0,0.0,0.008620689655172414,0.0,0.0,0.011235955056179775,0.0,0.0,0.0,0.0,0.0,0.0,0.004201680672268907,0.0,0.0,0.0,0.0,0.0,0.0,0.0,0.0,0.0,0.0,0.0,0.0,0.0,0.0,0.00684931506849315,0.0,0.007751937984496124,0.1276595744680851,0.13978494623655913,0.2318840579710145,0.05333333333333334,0.0,0.0,0.014492753623188406,0.0,0.0,0.0,0.0,0.0,0.0,0.0,0.0,0.0,0.0,0.0,0.0,0.0,0.0,0.0,0.0,0.0,0.0,0.0,0.0,0.0,0.0,0.0,0.0,0.0,0.0,0.0,0.0,0.0
4219919, xylE, MOB_4219919_4219921_IS150_1, sv,1.96211,0.00329967,121,-1.0,0.631579,120,0.9,0.4,PASS,0.0,0.0,0.0,0.0,0.0,0.0,0.0,0.0,0.0,0.0,0.0,0.0,0.0,0.0,0.0,0.0,0.0,0.0,0.0,0.0,0.0,0.0,0.0,0.0,0.0,0.0,0.0,0.0,0.0,0.0,0.0,0.0,0.0,0.0,0.0,0.0,0.0,0.0,0.0,0.0,0.0,0.0,0.0,0.0,0.0,0.0,0.0,0.0,0.0,0.0,0.0,0.0,0.0,0.0,0.0,0.0,0.0,0.0,0.0,0.0,0.0,0.0,0.0,0.0,0.0,0.0,0.0,0.0,0.0,0.0,0.0,0.0,0.0,0.0,0.0,0.0,0.0,0.0,0.0,0.0,0.0,0.0,0.0,0.0,0.0,0.0,0.0,0.0,0.0,0.0,0.0,0.0,0.0,0.0,0.0,0.0,0.0,0.0,0.0,0.0,0.0,0.0,0.0,0.005428881650380022,0.05622489959839357,0.013386880856760375,0.05723204994797087,0.026642984014209593,0.03346346904629113,0.026954177897574122,0.015209125475285171,0.017691287041132243,0.010570824524312896,0.02100840336134454,0.007722007722007722,0.050188205771643665,0.15511892450879006,0.045154567558179926,0.0,0.050724637681159424,0.019157088122605363,0.06181818181818182,0.0,0.0,0.0,0.0,0.0,0.0,0.0,0.0,0.0,0.0,0.0,0.0,0.0,0.0,0.0,0.0,0.0,0.0,0.0,0.0,0.0,0.0
4234737, plsB, A->C, missense,0.806321,9.999e-05,121,-1.0,0.666667,120,0.9,0.6,PASS,0.0,0.0,0.0,0.029411764705882353,0.0,0.05,0.0,0.0,0.0,0.0,0.0,0.0,0.0,0.0,0.0,0.0,0.0,0.0,0.0,0.0,0.0,0.0,0.0,0.030303030303030304,0.06097560975609756,0.9523809523809523,0.95,0.52,0.6976744186046512,1.0,1.0,1.0,0.8947368421052632,0.8235294117647058,0.9230769230769231,0.953125,0.9272727272727272,0.9565217391304348,0.8148148148148148,0.7916666666666666,0.9130434782608695,0.9047619047619048,0.8861788617886179,0.9714285714285714,1.0,1.0,0.95,0.9696969696969697,0.8918918918918919,0.8571428571428571,0.8103448275862069,0.9605263157894737,0.956989247311828,0.925,0.85,0.9078947368421053,0.9285714285714286,0.8529411764705882,1.0,0.9166666666666666,0.96,1.0,0.75,0.9102564102564102,0.8181818181818182,0.7872340425531915,1.0,0.75,0.9464285714285714,0.9722222222222222,0.8125,0.7868852459016393,0.7647058823529411,0.9210526315789473,0.8666666666666667,0.6363636363636364,0.68,0.5952380952380952,0.7719298245614035,0.36363636363636365,0.43209876543209874,0.8055555555555556,1.0,0.8125,0.5135135135135135,0.7483870967741936,0.9736842105263158,0.8376623376623377,0.3142857142857143,0.7480314960629921,0.726775956284153,0.9428571428571428,0.8333333333333334,0.9130434782608695,1.0,1.0,1.0,0.98,0.8936170212765957,0.9523809523809523,0.9607843137254902,1.0,1.0,1.0,0.8709677419354839,0.967391304347826,0.967741935483871,0.9577464788732394,0.9824561403508771,0.9565217391304348,0.975,0.9727272727272728,0.96875,0.9782608695652174,0.9264705882352942,0.9191919191919192,0.8297872340425532,0.9469026548672567,0.9696969696969697,0.9663865546218487,0.968421052631579,0.954954954954955,0.0,0.0,0.0,0.0,0.0,0.0,0.0,0.0,0.0,0.0,0.0,0.0,0.9583333333333334,1.0,1.0,1.0,0.0,1.0,0.9791666666666666,0.9810126582278481,1.0,1.0
4252526, uvrA, MOB_4252526_4252528_IS150_-1, sv,0.831997,9.999e-05,121,-1.0,0.342857,120,0.9,0.923077,PASS,0.0,0.0,0.0,0.02962962962962963,0.025889814814814813,0.5419571428571428,0.5129144095341278,0.24970661764705882,0.050737756345177666,0.4279518997574777,0.8859784946236557,0.9007948463825569,0.9514867872044506,0.9787957516339868,1.0,0.977346707040121,0.9482137203166228,0.9935453658536585,0.9221251078515962,0.9711627906976745,0.9924271356783919,0.9655966850828729,0.9860676650027732,1.0,0.9811266294227188,1.0,0.9522542787286065,0.96766875,0.9830906040268456,0.9734999999999999,0.9717980769230768,0.9832748154224774,0.9507954264524102,0.9540122230710466,0.9896695921528138,0.9964608599779493,0.9610018039687312,0.9615314505776636,0.975235632183908,0.9163733410271205,0.9668414023372288,0.9556130319148936,0.9804059375946682,0.9834027093596058,0.9800494728304948,0.9820825082508252,0.9321273841961851,0.9896067121132669,0.8947769304099141,0.8554026696329254,0.9058176412289396,0.9550805607867755,0.961440123219099,0.9775067771084337,0.9610202531645569,0.9521353240152477,0.904256157635468,0.874479124442643,0.9367424772568229,0.8701371911573471,0.9814048811013766,0.9080909090909092,0.9552673267326733,0.9140565656565657,0.9324008888888888,0.9051725768321512,1.0,0.8613069815195071,0.8982410071942446,0.9165227062094531,0.8409237490071485,0.8569027716673999,0.8685892448512584,0.9544515706806282,0.7995932666060054,0.6923838717283659,0.7587067137809186,0.7536940114848235,0.8352734962406014,0.5090582347588717,0.5012440136830102,0.8150946681175191,0.9787618243243243,0.7851038062283737,0.657629893238434,0.8216350291065552,0.8680204081632652,0.8130278986434604,0.45765833333333333,0.8283847497089638,0.8365217391304348,0.9227719941348973,0.9156552305961755,0.9177079303675049,0.9769710144927536,0.9725308343409914,0.9574781682641107,0.9323746928746929,0.9394793689320388,0.9432716282584058,0.9512173382173382,0.9786876547576937,0.9861466789667896,0.9749104720564296,0.9761773568661213,0.9778056889545623,0.8976943496397422,0.974042976522085,0.955859010270775,0.9719974890144382,0.9730570505920344,0.9619659666908038,0.9788863399374348,0.9817400800873681,0.9179671015314804,0.968045757864633,0.9057657430730478,0.9585367298578198,0.990867232901207,0.9659863945578231,0.9534296555750145,0.9352524544179522,0.0,0.0,0.0,0.0,0.0,0.9925537634408602,0.0,0.0,0.9952472299168974,0.9114795640326976,0.9705229716520039,0.9881628588166373,0.9795799595141701,0.9873021235521235,0.9813039548022598,0.9940672782874618,0.0,0.964225352112676,0.9155802047781569,0.9352905296950241,0.9436814553747279,0.960293867120954
4263499, actP, C->T, missense,3.23505,9.999e-05,121,-1.0,0.184615,121,0.9,0.0506329,PASS,0.0,0.0,0.0,0.0,0.0,0.0,0.0,0.0,0.0,0.0,0.0,0.0,0.0,0.0,0.0,0.0,0.0,0.0,0.0,0.0,0.0,0.0,0.0,0.02564102564102564,0.0,0.0,0.0,0.0,0.0,0.0,0.0,0.0,0.0,0.0,0.0,0.0,0.0,0.0,0.0,0.0,0.0,0.0,0.0,0.0,0.0,0.0,0.0,0.0,0.0,0.013888888888888888,0.0,0.0,0.0,0.0,0.0,0.0,0.0,0.0,0.0,0.0,0.05454545454545454,0.05555555555555555,0.5263157894736842,0.5310734463276836,0.15151515151515152,0.2727272727272727,0.16666666666666666,0.12727272727272726,0.18518518518518517,0.11538461538461539,0.2222222222222222,0.06593406593406594,0.0,0.0,0.017857142857142856,0.0,0.012658227848101266,0.0,0.0,0.0,0.0,0.0,0.0,0.0,0.013513513513513514,0.0,0.0,0.0,0.0,0.0,0.0,0.0,0.0,0.0,0.0,0.0,0.0,0.0,0.0,0.0,0.0,0.0,0.0,0.0,0.0,0.0,0.0,0.0,0.0,0.0,0.0,0.0,0.0,0.0,0.0,0.0,0.0,0.0,0.0,0.0,0.0,0.0,0.0,0.0,0.0,0.0,0.0,0.0,0.0,0.0,0.0,0.0,0.0,0.0,0.0,0.0,0.0,0.0,0.0,0.0,0.0,0.0,0.0,0.0
4266388, acs, G->T, noncoding,1.28714,9.999e-05,121,-1.0,0.8,117,0.9,0.571429,PASS,0.0,0.0,0.0,0.0,0.0,0.0,0.0,0.0,0.0,0.0,0.0,0.0,0.0,0.0,0.0,0.0,0.0,0.0,0.0,0.0,0.0,0.0,0.0,0.0,0.0,0.0,0.0,0.0,0.0,0.0,0.0,0.0,0.0,0.0,0.0,0.0,0.0,0.0,0.0,0.0,0.0,0.0,0.004048582995951417,0.0,0.0,0.0,0.0,0.0,0.0,0.0,0.0,0.0,0.0,0.0,0.0,0.0,0.0,0.0,0.0,0.0,0.0,0.0,0.0,0.0,0.0,0.0,0.0,0.0,0.0,0.0,0.0,0.0,0.0,0.0,0.0,0.0045662100456621,0.027522935779816515,0.044444444444444446,0.25316455696202533,0.1188118811881188,0.16379310344827586,0.6493506493506493,0.29411764705882354,0.5309734513274337,0.3684210526315789,0.359375,0.5205479452054794,0.47107438016528924,0.5217391304347826,0.6594594594594595,0.7792207792207793,0.8552631578947368,0.926605504587156,0.9401709401709402,0.9,0.9560439560439561,1.0,0.9558823529411765,0.92,0.9615384615384616,1.0,1.0,1.0,1.0,0.9746835443037974,0.9705882352941176,0.8794326241134752,0.944,0.9927007299270073,1.0,0.9922480620155039,0.9856115107913669,0.9259259259259259,0.9834710743801653,0.9431818181818182,0.9565217391304348,0.8495575221238938,0.9375,1.0,0.9714285714285714,0.9238095238095239,0.9560975609756097,0.0,0.0,0.0,0.0,0.0,0.0,0.0,0.0,0.0,0.0,0.0,0.0,0.0,0.0,0.0,0.0,0.0,0.0,1.0,0.9950248756218906,0.9954954954954955,1.0
4266390, acs, C->A, noncoding,1.88971,0.00029997,121,-1.0,0.705882,117,0.9,0.705882,PASS,0.0,0.012345679012345678,0.0,0.0,0.0,0.0,0.0,0.0,0.0,0.0,0.03389830508474576,0.06818181818181818,0.03896103896103896,0.0,0.058823529411764705,0.008368200836820083,0.0,0.038461538461538464,0.022727272727272728,0.14814814814814814,0.07954545454545454,0.07017543859649122,0.1271186440677966,0.02,0.12987012987012986,0.029411764705882353,0.14285714285714285,0.18032786885245902,0.1774193548387097,0.13513513513513514,0.0,0.0,0.11494252873563218,0.009345794392523364,0.041379310344827586,0.0196078431372549,0.08108108108108109,0.03125,0.26666666666666666,0.058823529411764705,0.030303030303030304,0.04878048780487805,0.11983471074380166,0.0,0.0,0.0,0.0,0.0,0.0,0.0,0.0,0.0,0.0,0.0,0.0,0.0,0.0,0.0,0.0,0.0,0.0,0.0,0.0,0.0,0.0,0.0,0.0,0.0,0.0,0.0,0.0,0.0,0.0,0.0,0.0,0.0,0.0,0.0,0.0,0.0,0.0,0.0,0.0,0.0,0.0,0.0,0.0,0.0,0.0,0.0,0.0,0.0,0.0,0.0,0.0,0.0,0.0,0.0,0.0,0.0,0.0,0.0,0.0,0.0,0.0,0.0,0.0,0.0,0.0,0.0,0.0,0.0,0.0,0.0,0.0,0.0,0.0,0.0,0.0,0.0,0.0,0.0,0.0,0.0,0.0,0.0,0.0,0.0,0.0,0.0,0.0,0.0,0.0,1.0,0.0,0.0,0.0,0.0,0.0,0.0,0.0,0.0,0.004,0.0
4270684, nrfE, G->T, synonymous,5.67221,0.00029997,121,-1.0,0.8,121,0.9,1.0,PASS,0.0,0.0,0.0,0.0,0.0,0.0,0.0,0.0,0.0,0.0,0.0,0.0,0.0,0.0,0.0,0.0,0.0,0.0,0.017543859649122806,0.08695652173913043,0.23255813953488372,0.5238095238095238,0.06557377049180328,0.0,0.0,0.0,0.0,0.0,0.0,0.0,0.0,0.0,0.0,0.017241379310344827,0.0,0.0,0.0,0.0,0.0,0.0,0.0,0.0,0.0,0.0,0.0,0.0,0.0,0.0,0.0,0.0,0.0,0.0,0.0,0.0,0.0,0.0,0.0,0.0,0.0,0.0,0.0,0.0,0.0,0.0,0.0,0.0,0.0,0.0,0.0,0.0,0.0,0.0,0.0,0.0,0.0,0.0,0.0,0.0,0.0,0.0,0.0,0.0,0.0,0.010309278350515464,0.0,0.0,0.0,0.0,0.0,0.0,0.0,0.0,0.0,0.0,0.0,0.0,0.0,0.0,0.0,0.0,0.0,0.0,0.0,0.0,0.0,0.0,0.0,0.0,0.0,0.0,0.0,0.0,0.0,0.0,0.0,0.0,0.0,0.0,0.0,0.0,0.0,0.0,0.0,0.0,0.0,0.0,0.0,0.0,0.0,0.0,0.0,0.0,0.987012987012987,0.0,0.0,0.018867924528301886,0.0,0.0,0.0,0.0,0.0,0.0,0.0,0.0
4300359, phnG, C->T, missense,3.30085,0.00739926,121,-1.0,0.705882,119,0.9,0.444444,PASS,0.0,0.0,0.0,0.0,0.0,0.0,0.0,0.0,0.0,0.0,0.0,0.0,0.0,0.0,0.0,0.0,0.0,0.0,0.0,0.0,0.0,0.0,0.0,0.0,0.0,0.0,0.0,0.0,0.0,0.0,0.0,0.0,0.0,0.0,0.0,0.0,0.0,0.0,0.0,0.0,0.0,0.0,0.0,0.0,0.0,0.0,0.0,0.0,0.0,0.0,0.0,0.0,0.0,0.0,0.0,0.0,0.0,0.014925373134328358,0.11363636363636363,0.043478260869565216,0.17307692307692307,0.0,0.0,0.009345794392523364,0.0,0.0,0.0,0.0,0.0,0.0,0.0,0.0,0.0,0.0,0.0,0.0,0.0,0.0,0.0,0.0,0.0,0.0,0.0,0.0,0.0,0.0,0.0,0.0,0.0,0.0,0.0,0.0,0.0,0.0,0.0,0.0,0.0,0.0,0.0,0.0,0.0,0.0,0.0,0.0,0.0,0.0,0.0,0.0,0.0,0.0,0.0,0.0,0.0,0.0,0.0,0.0,0.0,0.0,0.0,0.0196078431372549,0.0,0.0,0.0,0.0,0.0,0.0,0.0,0.0,0.0,0.0,0.0,0.0,0.0,0.0,0.0,0.0,0.0,0.0,0.0,0.0,0.0,0.0,0.0,0.0
4329503, intergenic, indel;-5, indel,1.2466,9.999e-05,121,-1.0,0.75,121,0.9,1.0,PASS,0.0,0.0,0.0,0.0,0.0055309734513274336,0.0,0.0,0.0,0.0,0.0,0.0,0.0,0.0,0.0,0.0,0.0,0.0,0.0,0.0,0.0,0.0,0.0,0.0,0.0,0.0,0.0,0.0,0.0,0.0,0.0,0.0,0.0,0.0,0.0,0.0,0.0,0.0,0.0,0.0,0.0,0.0,0.0,0.0,0.0,0.0,0.0,0.0,0.0,0.0,0.0,0.0,0.0,0.0,0.0,0.05420054200542006,0.04305705059203444,0.0,0.007974481658692184,0.0,0.0,0.03007518796992481,0.12121212121212122,0.058823529411764705,0.0115919629057187,0.0,0.04354136429608128,0.0,0.027063599458728008,0.0,0.0,0.0,0.0412796697626419,0.013089005235602092,0.02570694087403599,0.013192612137203167,0.09216589861751152,0.18418201516793067,0.20463847203274216,0.10289990645463049,0.11617515638963359,0.13837638376383762,0.13157894736842105,0.08771929824561403,0.038350910834132314,0.06535947712418301,0.01666203832268814,0.012376237623762377,0.004323389537397319,0.0,0.0038804811796662787,0.12895662368112545,0.12237762237762237,0.04071661237785017,0.03558718861209965,0.10526315789473684,0.0705218617771509,0.03484320557491289,0.037243947858472994,0.06501950585175552,0.052656773575873624,0.046583850931677016,0.01654715940430226,0.014598540145985401,0.007855459544383346,0.04051863857374392,0.029171528588098017,0.08878127522195318,0.10542168674698794,0.13664596273291926,0.18216682646212848,0.22797927461139897,0.02986857825567503,0.06345177664974619,0.013345195729537365,0.038265306122448974,0.059880239520958084,0.05959475566150178,0.047664442326024785,0.01968503937007874,0.0448681996634885,0.048661800486618,0.050050050050050046,0.0,0.0,0.0,0.0,0.0,0.0,0.0,0.0,0.0,0.0,0.0,0.0,0.0,0.0,0.0,0.0,0.0,0.0,0.0,0.0,0.0,0.0
4333228, lysU, MOB_4333228_4333230_IS150_-1, sv,1.58668,9.999e-05,121,-1.0,0.923077,121,0.9,0.75,PASS,0.0,0.0,0.0,0.0,0.0,0.0,0.0,0.0,0.0,0.0,0.0,0.0,0.014907016248153616,0.0,0.06571703056768559,0.0,0.0,0.0,0.0,0.0,0.009337517433751745,0.0179669344042838,0.0052966894377298995,0.009218082191780821,0.0,0.0,0.0,0.011008085417046906,0.010068281718281719,0.0,0.0065707953063885265,0.00588861646234676,0.00819672131147541,0.007326007326007326,0.012355755837771406,0.0,0.0062161429451632775,0.015859340659340658,0.0,0.0,0.021598272138228944,0.0,0.015211424968474148,0.0,0.0,0.0,0.0,0.00460073026015518,0.043668122270742356,0.008733624454148471,0.009117684305744007,0.003441471743213249,0.008712478286045166,0.0,0.0,0.004016064257028112,0.0,0.0037925159834524256,0.0,0.015040374531835207,0.005425935973955507,0.0,0.0,0.0018298656499636892,0.0,0.00697350069735007,0.0,0.0,0.02676529255319149,0.0,0.0,0.008364700961940611,0.0,0.00792574568288854,0.0,0.008658279009126467,0.024618414574101428,0.13353948339483396,0.04636578188113098,0.2799207284413498,0.27735517054683273,0.2422320471596999,0.26543315789473687,0.17265898825654924,0.4095504234026174,0.2345291039895356,0.06993908503232223,0.23071349970524663,0.45334117647058825,0.37180722021660645,0.23862450841591945,0.08755218102508178,0.0754686560565871,0.08327795674183157,0.04221569037656904,0.06483198356807512,0.022573363431151242,0.09331133828996284,0.06356452779032987,0.03614261615044247,0.042598821866164,0.014137665260196906,0.023526381322957198,0.01394700139470014,0.038204372623574144,0.03574423320659062,0.10330330708661417,0.0532317880794702,0.030262257647565703,0.004439850286217525,0.013884852670349909,0.011637822014051521,0.020961393728222998,0.01874825855036084,0.023081361800346218,0.055307538691962047,0.08936511857707509,0.04516604244694132,0.02102328337399791,0.07790767995718491,0.04107220403709765,0.06695995232419547,0.0,0.0,0.0,0.0,0.0,0.0,0.0,0.0,0.0,0.0,0.0,0.0,0.0,0.0,0.0,0.0,0.0,0.005078720162519045,0.0,0.0,0.0,0.0
4357343, ampC, C->T, missense,3.38693,9.999e-05,121,-1.0,0.8,120,0.9,0.705882,PASS,0.0,0.0,0.0,0.0,0.0,0.0,0.0,0.0,0.0,0.0,0.0,0.030303030303030304,0.0,0.0,0.0,0.0,0.0,0.0,0.014925373134328358,0.0,0.0,0.0,0.015151515151515152,0.0,0.0,0.030303030303030304,0.0,0.0,0.0,0.0,0.0,0.0,0.0,0.0,0.0,0.0,0.0,0.0,0.0,0.0,0.0,0.0,0.0,0.0,0.0,0.0,0.0,0.0,0.0,0.0,0.0,0.0,0.0,0.0,0.0,0.0,0.009523809523809525,0.0,0.0,0.0,0.012195121951219513,0.0,0.0,0.0,0.0,0.0,0.0,0.0,0.0,0.0,0.0,0.0,0.0,0.0,0.0,0.0,0.0,0.0,0.0,0.0,0.00980392156862745,0.0,0.0,0.0,0.0,0.0,0.0,0.0,0.0,0.004651162790697674,0.0,0.01834862385321101,0.0,0.0,0.0,0.0,0.0,0.0,0.0,0.0,0.015873015873015872,0.0,0.0,0.009523809523809525,0.017241379310344827,0.046357615894039736,0.0,0.15178571428571427,0.18,0.16091954022988506,0.27631578947368424,0.057692307692307696,0.0,0.011560693641618497,0.0,0.0,0.0,0.006060606060606061,0.0,0.0,0.0,0.0,0.0,0.0,0.0,0.0,0.0,0.0,0.01639344262295082,0.0,0.0,0.0,0.0,0.0,0.0,0.0,0.0,0.0,0.0,0.0,0.0,0.0,0.0,0.0
4399113, ulaA, MOB_4399113_4399115_IS150_-1, sv,1.09175,9.999e-05,121,-1.0,0.428571,121,0.9,0.352941,PASS,0.0,0.0,0.0,0.0,0.0,0.0,0.0,0.0,0.0,0.0,0.0,0.0,0.0,0.0,0.0,0.0,0.0,0.0,0.013333333333333334,0.022222222222222223,0.029411764705882353,0.049586776859504134,0.01680672268907563,0.08860759493670886,0.052884615384615384,0.04411764705882353,0.0,0.022277227722772276,0.02702702702702703,0.03333333333333333,0.013333333333333334,0.017241379310344827,0.04375,0.0625,0.017964071856287425,0.0,0.0,0.0,0.0,0.04145077720207254,0.0,0.013888888888888888,0.006968641114982578,0.0,0.0,0.007633587786259542,0.029411764705882353,0.04430379746835443,0.10476190476190476,0.07575757575757576,0.12048192771084337,0.12128712871287128,0.01593625498007968,0.008333333333333333,0.018867924528301886,0.07058823529411765,0.07142857142857142,0.105,0.10377358490566038,0.273972602739726,0.017699115044247787,0.0,0.023255813953488372,0.13227513227513227,0.1111111111111111,0.16101694915254236,0.058823529411764705,0.10869565217391304,0.08928571428571429,0.05154639175257732,0.2222222222222222,0.21264367816091953,0.14953271028037382,0.12222222222222222,0.12037037037037036,0.34916201117318435,0.3356164383561644,0.3611111111111111,0.23703703703703705,0.40540540540540543,0.4146341463414634,0.2814814814814815,0.1,0.16875,0.4049586776859504,0.24439918533604887,0.041666666666666664,0.2713864306784661,0.5333333333333333,0.3270588235294118,0.2725490196078431,0.06756756756756757,0.08050847457627118,0.16058394160583941,0.075,0.08571428571428572,0.011904761904761904,0.024844720496894408,0.1016949152542373,0.05343511450381679,0.02857142857142857,0.0,0.02459016393442623,0.0,0.037267080745341616,0.0038910505836575876,0.09836065573770492,0.043689320388349516,0.040268456375838924,0.018633540372670808,0.022556390977443608,0.008583690987124463,0.07216494845360824,0.05371900826446281,0.0,0.08955223880597014,0.058823529411764705,0.060085836909871244,0.0,0.05704697986577181,0.037037037037037035,0.07480314960629922,0.0,0.0,0.0,0.0,0.0,0.0,0.0,0.0,0.0,0.0,0.0,0.0,0.0,0.0,0.0,0.0,1.0,0.0,0.0,0.0,0.0,0.0
4415710, cycA, MOB_4415710_4415712_IS150_1, sv,1.24472,9.999e-05,121,-1.0,0.171429,120,0.9,0.461538,PASS,0.0,0.0,0.0,0.0,0.0,0.0,0.006706908115358819,0.0,0.0,0.00590493061706525,0.0,0.0,0.033860045146726865,0.19230769230769232,0.0,0.016323199347072024,0.03717472118959108,0.0687757909215956,0.0,0.0,0.0531600708800945,0.09236453201970443,0.02788104089219331,0.03546099290780142,0.012396694214876033,0.014144271570014143,0.18041237113402064,0.02220741727737064,0.10403916768665851,0.051903114186851215,0.006784260515603799,0.04460966542750929,0.1765650080256822,0.07058823529411765,0.054671968190854875,0.03836317135549872,0.1839464882943144,0.11583011583011583,0.26639344262295084,0.09747706422018348,0.13392857142857142,0.2795425667090216,0.22468354430379747,0.07803790412486064,0.0365296803652968,0.03292181069958848,0.0,0.022688598979013045,0.037481259370314844,0.0182648401826484,0.03022974607013301,0.0407185628742515,0.029985007496251874,0.032397408207343416,0.08547008547008547,0.08700696055684455,0.07313829787234043,0.05640157924421883,0.053763440860215055,0.06211180124223603,0.06968641114982578,0.04366812227074236,0.02450980392156863,0.043015157722244984,0.0,0.024489795918367346,0.07751937984496124,0.03275109170305677,0.04685408299866131,0.05284015852047556,0.03690036900369004,0.07540603248259861,0.032175032175032175,0.0219941348973607,0.04484304932735426,0.026767789426723174,0.036390101892285295,0.030441400304414,0.03018867924528302,0.01366120218579235,0.036420395421436005,0.05734767025089606,0.04366812227074236,0.09932043910088866,0.10176390773405698,0.3434300341296928,0.39384615384615385,0.2550269740068661,0.04901960784313726,0.021299254526091587,0.02074688796680498,0.0,0.0,0.0,0.0,0.0,0.0,0.03511235955056179,0.01835985312117503,0.012915724895059736,0.02463054187192118,0.00619962802231866,0.02973977695167286,0.029886431560071727,0.034227039361095266,0.017459624618070713,0.00999000999000999,0.012706480304955527,0.026136957658128592,0.043021032504780114,0.015444015444015444,0.017076502732240435,0.008583690987124463,0.02913907284768212,0.02973977695167286,0.02341235001463272,0.023715415019762844,0.015487867836861126,0.027877339705296694,0.022742040285899934,0.00984251968503937,0.0392156862745098,0.0,0.0,0.0,0.0,0.0,0.0,0.015349194167306216,0.0,0.008665511265164644,0.0,0.0,0.0,0.0,0.0,0.007032348804500704,0.0,0.009140767824497258,0.0,0.0,0.008084074373484237,0.0007152564194263644,0.0
4421984, cysQ, A->C, missense,1.37412,9.999e-05,121,-1.0,0.705882,120,0.9,0.545455,PASS,0.0,0.0,0.0,0.0,0.0,0.0,0.0,0.0,0.0,0.0,0.0,0.0,0.0,0.0,0.0,0.0,0.0,0.0,0.0,0.0,0.0,0.0,0.0,0.0,0.0,0.0,0.0,0.0,0.0,0.0,0.0,0.0,0.0,0.0,0.0,0.0,0.0,0.0,0.0,0.0,0.0,0.0,0.0,0.0,0.0,0.0,0.0,0.0,0.0,0.0,0.006802721088435374,0.004016064257028112,0.06470588235294118,0.0,0.05405405405405406,0.09009009009009009,0.11428571428571428,0.1282051282051282,0.09090909090909091,0.07246376811594203,0.0,0.1,0.07142857142857142,0.10300429184549356,0.15,0.10638297872340426,0.25,0.029850746268656716,0.01282051282051282,0.10204081632653061,0.21176470588235294,0.12162162162162163,0.10344827586206896,0.12658227848101267,0.13793103448275862,0.33170731707317075,0.35353535353535354,0.33766233766233766,0.14423076923076922,0.5070422535211268,0.41304347826086957,0.29292929292929293,0.0,0.2077922077922078,0.3026315789473684,0.2374429223744292,0.05333333333333334,0.24347826086956523,0.5,0.26339285714285715,0.23387096774193547,0.05319148936170213,0.043010752688172046,0.04477611940298507,0.28,0.03260869565217391,0.0625,0.04950495049504951,0.058823529411764705,0.0782122905027933,0.01818181818181818,0.02976190476190476,0.013157894736842105,0.0,0.02247191011235955,0.016853932584269662,0.06557377049180328,0.06153846153846154,0.024390243902439025,0.04597701149425287,0.0,0.0,0.030303030303030304,0.06951871657754011,0.024096385542168676,0.06832298136645963,0.17857142857142858,0.030456852791878174,0.0,0.06796116504854369,0.03773584905660377,0.02631578947368421,0.0,0.0,0.0,0.0,0.0,0.0,0.0,0.0,0.0,0.0,0.0,0.0,0.0,0.0,0.0,0.0,1.0,0.0,0.0,0.0,0.0,0.0
4435525, ytfR, MOB_4435525_4435527_IS150_-1, sv,2.23279,0.00059994,121,-1.0,0.363636,120,0.9,0.5,PASS,0.0,0.0,0.0,0.0,0.0,0.0,0.0,0.0,0.0,0.0,0.0,0.0,0.0,0.0,0.0,0.0,0.0,0.0,0.0,0.0,0.0,0.0,0.0,0.0,0.0,0.0,0.0,0.0,0.0,0.0,0.0,0.0,0.0,0.0,0.0,0.0,0.0,0.0,0.0,0.0,0.0,0.0,0.0,0.0,0.0,0.0,0.0,0.0,0.0,0.0,0.0,0.0,0.0,0.0,0.0,0.0,0.0,0.0,0.0,0.0,0.0,0.0,0.0,0.0,0.0,0.0,0.0,0.0,0.0,0.0,0.0,0.0,0.0,0.0,0.0,0.0,0.0,0.0,0.0,0.0,0.0,0.0,0.0,0.0,0.0,0.0,0.0,0.0,0.0,0.0,0.0,0.0,0.0,0.0,0.0,0.0,0.0,0.0,0.0,0.0,0.0,0.0,0.0,0.0,0.0,0.0,0.08181480104127929,0.04362578768783325,0.051903114186851215,0.0121654501216545,0.010799136069114472,0.015368852459016395,0.02183406113537118,0.024,0.040160642570281124,0.054133858267716536,0.22492970946579194,0.08831794460056203,0.005803830528148578,0.05806719203649938,0.08687258687258688,0.05576208178438662,0.0,0.0,0.0,0.0,0.0,0.0,0.0,0.0,0.0,0.0,0.0,0.0,0.0,0.0,0.0,0.0,0.0,0.0,0.0,0.0,0.0,0.0
4446371, treC, MOB_4446371_4446373_IS150_-1, sv,4.82027,0.00019998,121,-1.0,1.0,121,0.9,0.923077,PASS,0.0,0.0,0.0,0.0,0.0,0.0,0.0,0.0,0.0,0.0,0.0,0.0,0.0,0.0,0.0,0.00468384074941452,0.0,0.0,0.0,0.0,0.0,0.0,0.0,0.0,0.0,0.0,0.0,0.0,0.0,0.0,0.0,0.0,0.0,0.0,0.0,0.0,0.0,0.0,0.0,0.0,0.0,0.0,0.0,0.0,0.0,0.0,0.0,0.0,0.0,0.0,0.0,0.0,0.0,0.0,0.0,0.0,0.0,0.0,0.0,0.0,0.0,0.0,0.0,0.0,0.0,0.0,0.0,0.0,0.0,0.0,0.0,0.0,0.0,0.0,0.0,0.0,0.058823529411764705,0.07964601769911504,0.07894736842105263,0.29605263157894735,0.3076923076923077,0.0125,0.0,0.0,0.0,0.0,0.0,0.0,0.0,0.0,0.0,0.0,0.0,0.0,0.0,0.0,0.0,0.0,0.0,0.0,0.0,0.0,0.0,0.0,0.0,0.0,0.0,0.0,0.0,0.0,0.0,0.0,0.0,0.0,0.0,0.0,0.0,0.0,0.0,0.0,0.0,0.0,0.0,0.0,0.0,0.0,0.0,0.0,0.0,0.0,0.0,0.0,0.0,0.0,0.0,0.0,0.0,0.0,0.0,0.0,0.0,0.0,0.0,0.0
4462713, yjgN, MOB_4462713_4462721_IS1_1, sv,1.12107,9.999e-05,121,-1.0,0.8,111,0.9,0.631579,PASS,0.0,0.0,0.0,0.0,0.0,0.0,0.0,0.0,0.0,0.009810032743942371,0.0,0.052649973614775726,0.03022570850202429,0.06238996865203762,0.0,0.02269407135362015,0.0,0.01560241379310345,0.011677373974208675,0.0,0.00801924619085806,0.04673473782771536,0.011113847438752784,0.1346955684007707,0.058536393229166664,0.0,0.0,0.043754940239043826,0.020639503105590064,0.04080642126789366,0.0,0.02127581023454158,0.00932310861423221,0.03997535070140281,0.00943296786389414,0.0,0.01786566696508505,0.0,0.0,0.024986680584551148,0.029498525073746312,0.02004008016032064,0.018206289144050106,0.0,0.01002004008016032,0.017371163867979156,0.03145576559546314,0.04707298006295908,0.1688711352657005,0.17016375266524522,0.10080160747663551,0.05521128318584071,0.03405175187457396,0.04762149443561208,0.034449653979238756,0.0833563076923077,0.14486758811333797,0.1473888143176734,0.03371756756756757,0.127879440885265,0.033501102588686486,0.14285714285714285,0.14285714285714285,0.07483188006730916,0.0663566,0.10720450966356479,0.0,0.13503930180180182,0.13607382413087935,0.08197405582922825,0.2317055589492975,0.14017297650130547,0.11386680672268909,0.3864733485193622,0.1923715938303342,0.30497616387337056,0.2765403422982885,0.3959248434237996,0.28338680033416874,0.5360687622789784,0.4656214219759926,0.20851343283582088,0.18523531598513013,0.13891904445919045,0.45597997054491896,0.2195530197606457,0.023310023310023312,0.17135605810498516,0.7601262525050101,0.2346379218943276,0.20343786605551312,0.10073813046402154,0.0926723716381418,0.051104376278118605,0.0,0.029829768137621542,0.0,0.10859357298474946,0.1105330513988289,0.05713685071574642,0.012046336753168378,0.0072203617945007246,0.012554127284183996,0.0,0.06666108017817372,0.026362729970326407,0.11116998762376239,0.04515510357815443,0.01045167890870934,0.04305910560344828,0.011280634201585505,0.026245645645645646,0.02070523151347616,0.029438736842105264,0.03444498963372495,0.07323608299595143,0.12162782667569398,0.04119786501377411,0.022083277962347728,0.03097762817193164,0.04081700262927257,0.07009319777293634,0.0,0.0,0.0,0.0,0.0,0.0,0.0,0.0,0.0,0.0,0.0,0.0,0.0,0.0,0.0,0.0,0.9436615990990992,0.0,0.0,0.0,0.0,0.0
4470921, yjgQ, C->A, missense,3.9239,0.00079992,121,-1.0,0.375,120,0.9,0.6,PASS,0.0,0.0,0.0,0.0,0.0,0.0,0.0,0.0,0.0,0.0,0.0,0.0,0.0,0.0,0.0,0.0,0.0,0.0,0.0,0.0,0.0,0.0,0.0,0.0,0.0,0.0,0.0,0.0,0.0,0.0,0.0,0.0,0.0,0.0,0.0,0.0,0.0,0.0,0.0,0.0,0.0,0.0,0.0,0.0,0.0,0.0,0.0,0.0,0.0,0.0,0.0,0.0,0.0,0.0,0.0,0.0,0.0,0.0,0.0,0.0,0.0,0.0,0.0,0.0,0.0,0.0,0.0,0.0,0.0,0.0,0.0,0.0,0.018867924528301886,0.05660377358490566,0.125,0.17894736842105263,0.031746031746031744,0.0,0.0,0.0,0.0,0.0,0.0,0.0,0.0,0.0,0.0,0.0,0.0,0.0,0.0,0.0,0.0,0.0,0.0,0.0,0.0,0.0,0.0,0.0,0.0,0.0,0.0,0.0,0.0,0.0,0.0,0.0,0.0,0.0,0.0,0.007246376811594203,0.0,0.0,0.0,0.0,0.0,0.0,0.0,0.0,0.0,0.0,0.0,0.0,0.0,0.0,0.0,0.0,0.0,0.0,0.0,0.0,0.0,0.0,0.0,0.0,0.0,0.0,0.0,0.0,0.0,0.0,0.0,0.0
4475138, idnT, MOB_4475138_4475140_IS150_-1, sv,4.25348,0.00049995,121,-1.0,1.0,120,0.9,0.521739,PASS,0.0,0.0,0.0,0.0,0.0,0.0,0.0,0.0,0.0,0.0,0.0,0.0,0.0,0.0,0.0,0.0,0.0,0.0,0.0,0.0,0.0,0.0,0.0,0.0,0.0,0.10563380281690142,0.12729844413012728,0.005939417937042169,0.061693774537296686,0.01091703056768559,0.0,0.0,0.0,0.0,0.0,0.0,0.0,0.0,0.0,0.0,0.0,0.0,0.0,0.0,0.0,0.007326007326007326,0.0053676865271068165,0.0,0.0,0.0,0.0,0.001583280557314756,0.0,0.0,0.0,0.0,0.0,0.00423728813559322,0.0,0.0,0.011092623405435384,0.0,0.0,0.0,0.0,0.0,0.0,0.0,0.0,0.0,0.0,0.0,0.0,0.0,0.0,0.002135383301302584,0.0,0.0,0.0,0.0,0.0,0.0,0.0,0.0,0.0,0.0017099863201094393,0.0,0.0,0.0,0.0,0.0016168148746968471,0.0,0.0,0.0,0.0,0.0,0.0,0.0,0.0,0.0,0.0,0.0,0.0,0.0,0.0,0.0,0.0,0.0,0.0,0.0,0.0,0.0,0.0,0.0,0.0,0.0,0.0,0.0,0.0,0.0,0.0,0.002266032177656923,0.0,0.0,0.0,0.0,0.0,0.0,0.0,0.0,0.0,0.0,0.0,0.007446016381236038,0.0,0.0,0.0,0.0,0.0,0.0,0.0,0.0,0.0,0.0
4481941, intergenic, G->A, noncoding,3.93428,9.999e-05,121,-1.0,0.75,121,0.9,0.461538,PASS,0.0,0.0,0.0,0.0,0.0,0.0,0.0,0.0,0.0,0.0,0.0,0.0,0.0,0.0,0.0,0.0,0.0,0.0,0.0,0.0,0.0,0.0,0.0,0.0,0.0,0.0,0.0,0.0,0.0,0.0,0.0,0.0,0.0,0.0,0.0,0.0,0.0,0.0,0.0,0.0,0.0,0.0,0.0,0.0,0.0,0.0,0.0,0.0,0.0,0.0,0.009900990099009901,0.0,0.0,0.0,0.0,0.0,0.0,0.0,0.0,0.0,0.0,0.0,0.0,0.0,0.0,0.0,0.0,0.0,0.0,0.0,0.0,0.0,0.0,0.0,0.0,0.0,0.0,0.0,0.0,0.0,0.0,0.0,0.0,0.0,0.0,0.0,0.0,0.0,0.0,0.0,0.0,0.0,0.0,0.0,0.0,0.0,0.0,0.0,0.016666666666666666,0.005813953488372093,0.04411764705882353,0.02666666666666667,0.10909090909090909,0.07317073170731707,0.09803921568627451,0.029940119760479042,0.08396946564885496,0.4112903225806452,0.6701030927835051,0.5376344086021505,0.48333333333333334,0.07784431137724551,0.0625,0.013157894736842105,0.07246376811594203,0.0,0.033707865168539325,0.0,0.0,0.0,0.0,0.0,0.0,0.0,0.0,0.0,0.0,0.0,0.0,0.0,0.0,0.0,0.0,0.0,0.0,0.0,0.0,0.0,0.0,0.0,0.0,0.0,0.0,0.0
4490884, ECB_04148, junction_4490884_-1_IS150_end, sv,4.80124,0.0009999,121,-1.0,0.923077,121,0.9,1.0,PASS,0.0,0.0,0.0,0.0,0.0,0.0,0.0,0.0,0.0,0.0,0.0,0.0,0.0,0.0,0.0,0.0,0.0,0.0,0.0,0.0,0.0,0.0,0.0,0.0,0.0,0.0,0.0,0.0,0.0,0.0,0.0,0.0,0.0,0.0,0.0,0.0,0.033632286995515695,0.12626262626262627,0.0,0.027002700270027005,0.02652519893899204,0.0,0.0,0.0,0.0,0.0,0.0,0.0,0.0,0.0,0.0,0.0,0.0,0.0,0.0,0.0,0.0,0.0,0.0,0.0,0.0,0.0,0.0,0.0,0.0,0.0,0.0,0.0,0.0,0.0,0.0,0.0,0.0,0.0,0.0,0.0,0.0,0.0,0.0,0.0,0.0,0.0,0.0,0.0,0.0,0.0,0.0,0.0,0.0,0.0,0.0,0.0,0.0,0.0,0.0,0.0,0.0,0.0,0.0,0.0,0.0,0.0,0.0,0.0,0.0,0.0,0.0,0.0,0.0,0.0,0.0,0.0,0.0,0.0,0.0,0.0,0.0,0.0,0.0,0.0,0.0,0.0,0.0,0.0,0.0,0.0,0.0,0.0,0.0,0.0,0.0,0.0,0.0,0.0,0.0,0.0,0.0,0.0,0.0,0.0,0.0,0.0,0.0,0.0
4504341, intergenic, junction_4504341_1_IS3_end, sv,3.51044,0.010901,121,-1.0,0.8,119,0.9,0.857143,PASS,0.0,0.0,0.0,0.0,0.0,0.0,0.0,0.0,0.0,0.0,0.0,0.0,0.0,0.0,0.0,0.0,0.0,0.0,0.0,0.0,0.0,0.0,0.0,0.0,0.0,0.0,0.0,0.0,0.0,0.0,0.0,0.0,0.0,0.0,0.0,0.0,0.0,0.0,0.0,0.0,0.0,0.04329004329004329,0.016992353440951572,0.0,0.0,0.0,0.0,0.0,0.0,0.0,0.0,0.0,0.0,0.0,0.0,0.0,0.0,0.0,0.0,0.0,0.009765625,0.16949152542372883,0.0,0.0,0.0,0.0,0.0,0.0,0.0,0.0,0.0,0.0,0.0,0.0,0.0,0.0,0.0,0.0,0.0,0.0,0.0,0.0,0.0,0.0,0.0,0.0,0.0,0.0,0.0,0.0,0.0,0.0,0.0,0.0,0.0,0.0,0.0,0.0,0.0,0.0,0.0,0.0,0.0,0.0,0.0,0.0,0.0,0.0,0.0,0.0,0.0,0.0,0.0,0.0,0.0,0.0,0.0,0.0,0.0,0.0,0.0,0.0,0.0,0.0,0.0,0.0,0.0,0.0,0.0,0.0,0.0,0.0,0.0,0.0,0.0,0.0,0.0,0.0,0.0,0.0,0.0,0.0,0.0,0.0
4510786, sgcX, G->A, missense,2.15565,0.00959904,121,-1.0,0.923077,121,0.9,0.545455,PASS,0.004,0.0,0.0,0.0,0.0,0.0,0.0,0.0,0.0,0.0,0.0,0.0,0.0,0.0,0.0,0.0045045045045045045,0.0,0.0,0.0,0.0,0.0,0.0,0.0,0.0,0.0,0.0,0.0,0.0,0.0,0.0,0.0,0.0,0.0,0.011235955056179775,0.0,0.0,0.0,0.0,0.0,0.0,0.0,0.0,0.0,0.015151515151515152,0.0,0.0,0.008695652173913044,0.0,0.0,0.011627906976744186,0.0,0.00823045267489712,0.0,0.0,0.0,0.0,0.0,0.0,0.0,0.0,0.021505376344086023,0.13636363636363635,0.0,0.0,0.0,0.0,0.0,0.0,0.0,0.0,0.0,0.0,0.017699115044247787,0.0,0.0,0.0,0.0,0.0,0.0,0.0,0.0058823529411764705,0.0,0.0,0.0,0.0,0.0,0.0,0.0,0.01282051282051282,0.0,0.003968253968253968,0.0,0.006493506493506494,0.0,0.0,0.0,0.0,0.0,0.0,0.0,0.0,0.0,0.0,0.0,0.0,0.0,0.0,0.0,0.0,0.0,0.0,0.0,0.014084507042253521,0.0,0.0,0.0,0.0,0.004016064257028112,0.0,0.0,0.0,0.0,0.014285714285714285,0.0,0.0,0.0,0.0,0.0,0.0,0.0,0.0,0.0,0.0,0.0,0.0,0.0,0.0,0.0,0.0,0.0,0.0,0.0,0.0,0.0
4510957, sgcX, C->A, missense,3.45709,9.999e-05,121,-1.0,0.666667,121,0.9,0.631579,PASS,0.0,0.0,0.0,0.0,0.0,0.0,0.0,0.0,0.0,0.0,0.0,0.0,0.0,0.0,0.0,0.0,0.0,0.0,0.0,0.0,0.0,0.0,0.0,0.0,0.0,0.0,0.0,0.0,0.0,0.0,0.0,0.0,0.0,0.0,0.0,0.0,0.0,0.0,0.0,0.0,0.0,0.0,0.0,0.0,0.0,0.0,0.0,0.0,0.0,0.0,0.0,0.0,0.0,0.0,0.0,0.0,0.0,0.0,0.0,0.0,0.0,0.21428571428571427,0.5384615384615384,0.5344827586206896,0.17073170731707318,0.2,0.06666666666666667,0.21212121212121213,0.1958762886597938,0.12857142857142856,0.18072289156626506,0.023255813953488372,0.008130081300813009,0.011363636363636364,0.010526315789473684,0.0,0.0,0.0,0.0,0.0,0.0,0.0,0.0,0.009523809523809525,0.0,0.00425531914893617,0.0,0.0,0.0,0.0,0.0,0.0,0.0,0.0,0.0,0.0,0.0,0.0,0.013888888888888888,0.0,0.0,0.0,0.0,0.0,0.0,0.0,0.0,0.0,0.0,0.0,0.0,0.0,0.0,0.0,0.0,0.0,0.0,0.0,0.0,0.0,0.0,0.0,0.0,0.0,0.0,0.0,0.0,0.0,0.0,0.0,0.0,0.0,0.0,0.0,0.0,0.0,0.0,0.0,0.0,0.0,0.0,0.0,0.0,0.0
4520860, intergenic, C->T, noncoding,2.94882,9.999e-05,121,-1.0,0.857143,109,0.9,0.285714,PASS,0.0,0.0,0.0,0.0,0.0,0.0,0.0,0.0,0.0,0.0,0.0,0.0,0.0,0.0,0.0,0.0,0.0,0.0,0.0,0.0,0.0,0.0,0.0,0.0,0.0,0.0,0.0,0.0,0.0,0.0,0.0,0.0,0.0,0.0,0.0,0.0,0.0,0.0,0.0,0.0,0.0,0.0,0.0,0.0,0.0,0.0,0.0,0.0,0.0,0.0,0.0,0.0,0.0,0.0,0.0,0.0,0.0,0.0,0.0,0.0,0.007633587786259542,0.0,0.0,0.0,0.0,0.0,0.0,0.0,0.0,0.0,0.0,0.0,0.0,0.0,0.0,0.0,0.0,0.0,0.0,0.0,0.0,0.00819672131147541,0.0,0.0,0.0,0.0,0.0,0.0,0.0,0.0,0.0,0.0,0.0,0.0,0.0,0.0,0.0,0.0,0.0,0.0,0.015625,0.0,0.0,0.0,0.011627906976744186,0.0,0.0,0.0,0.0,0.027777777777777776,0.038461538461538464,0.3017241379310345,0.21428571428571427,0.42105263157894735,0.390625,0.7211538461538461,0.684931506849315,0.8770491803278688,0.8271604938271605,0.8235294117647058,0.87248322147651,0.8220858895705522,0.0,0.0,0.0,0.0,0.0,0.0,0.0,0.0,0.0,0.0,0.0,0.0,0.0,0.0,0.0,0.0,0.0,0.0,0.0,0.0,0.0,0.0
4524522, fimA, MOB_4524522_4524527_IS186_1, sv,1.85834,9.999e-05,121,-1.0,0.166667,121,0.9,0.0779221,PASS,0.0,0.0,0.0,0.0,0.0,0.02512562814070352,0.002044503042596349,0.006703457446808511,0.00542514777001612,0.005265495542737284,0.0,0.03355171548117155,0.04066457010963647,0.017035775127768313,0.030487804878048783,0.003677822728944465,0.0,0.030931045081967215,0.05996282306163022,0.04566210045662101,0.0,0.005694187358916479,0.007385524372230428,0.0,0.0,0.0,0.0,0.008785620341955283,0.006784260515603799,0.030617342799188645,0.018484288354898334,0.006254990700557967,0.01726247848537005,0.008032128514056224,0.011932263814616755,0.0,0.011087693156732893,0.0,0.0,0.02032432614555256,0.033427924944812365,0.0,0.07224841863139735,0.0,0.01184697592483852,0.006561679790026247,0.017907548845470692,0.01090228013029316,0.02497103734439834,0.0076864535768645355,0.012099213551119176,0.0205037037037037,0.017417977138898512,0.011043622308117063,0.05325013192612137,0.04770385985748218,0.014211274277593559,0.013882461823229986,0.023050268199233715,0.033891392405063295,0.022199261992619925,0.0,0.0,0.01039989650175947,0.0,0.0,0.09132420091324202,0.02355112840466926,0.023832132309509743,0.0,0.02390438247011952,0.012441511771995043,0.02063273727647868,0.0503431066749844,0.046597372488408034,0.005733418657565415,0.01748441108545035,0.024193810289389068,0.03293084522502744,0.04486726342710998,0.027319620253164558,0.0056401579244218835,0.05244179894179894,0.06490883977900552,0.02196404657933042,0.03895795719844358,0.0,0.04173568455134136,0.03701740196078432,0.007763975155279504,0.027639245144741666,0.005818407386035776,0.033216220680541794,0.03346720214190094,0.0,0.0,0.05997001499250375,0.025191124999999998,0.02106432055749129,0.009351409978308026,0.027510316368638238,0.04371654465592972,0.12446513849092644,0.544708962264151,0.8291243496357961,0.835856800479329,0.7962838360402166,0.31693726630660574,0.12755174603174604,0.2774406165004533,0.21026851159311893,0.848422416585682,0.8481945010183298,0.9634748091603054,0.8433845628415301,0.9381104560968042,0.8770935085007728,0.9223845327604726,0.9952485768500947,0.942185207823961,0.9640137781000725,0.9424963872832369,0.0,0.0,0.0,0.0,0.0,0.0,0.0,0.0,0.009765625,0.0,0.0,0.00808226837060703,0.0,0.9937155669442665,0.0,0.0,0.0,0.006024969512195121,0.0,0.0,0.0,0.0
4554601, intergenic, junction_4554601_-1_IS150_start, sv,1.34738,9.999e-05,121,-1.0,0.545455,120,0.9,0.27907,PASS,0.0,0.0,0.0,0.0,0.0,0.0,0.0,0.0,0.0,0.0,0.0,0.0,0.0,0.0,0.0,0.0,0.0,0.0,0.0,0.0,0.0,0.0,0.0,0.0,0.0,0.0,0.0,0.0,0.0,0.0,0.0,0.0,0.012195121951219513,0.0,0.0,0.0,0.0,0.0,0.0,0.0,0.0,0.0,0.0,0.0,0.0,0.0,0.0,0.0,0.0,0.0,0.0,0.0,0.0,0.0,0.0,0.0125,0.043478260869565216,0.12264150943396226,0.03225806451612903,0.15873015873015872,0.09375,0.1875,0.045454545454545456,0.0776255707762557,0.0,0.09615384615384616,0.23076923076923078,0.10638297872340426,0.011904761904761904,0.03508771929824561,0.20689655172413793,0.12745098039215685,0.11224489795918367,0.09090909090909091,0.15942028985507245,0.3076923076923077,0.3333333333333333,0.3392857142857143,0.18556701030927836,0.5432098765432098,0.4107142857142857,0.2875,0.6666666666666666,0.16470588235294117,0.36538461538461536,0.2413793103448276,0.05,0.2631578947368421,0.5111111111111111,0.2914572864321608,0.21993127147766323,0.06493506493506493,0.05263157894736842,0.05,0.0,0.07936507936507936,0.06451612903225806,0.05128205128205128,0.06521739130434782,0.045454545454545456,0.024691358024691357,0.0,0.018867924528301886,0.0,0.056179775280898875,0.03125,0.06611570247933884,0.034782608695652174,0.03529411764705882,0.05952380952380952,0.0,0.0234375,0.015873015873015872,0.05,0.04918032786885246,0.061946902654867256,0.15384615384615385,0.08441558441558442,0.0,0.019417475728155338,0.016666666666666666,0.11267605633802817,0.0,0.0,0.0,0.0,0.0,0.0,0.0,0.0,0.0,0.0,0.0,0.0,0.0,0.0,0.0,0.0,0.0,0.0,0.0,0.0,0.0,0.0
4558774, hsdS, indel;-1;-2, indel,0.897605,9.999e-05,121,-1.0,0.631579,105,0.9,0.75,PASS,0.0,0.0,0.0,0.0,0.0,,0.004219409282700422,0.0,0.0,0.0,0.05405405405405406,0.0,0.0,0.0,0.0,0.0,0.0,0.0,0.0,0.0,0.08695652173913043,0.4222222222222222,0.8360655737704918,0.8181818181818182,0.9,0.8,0.75,0.8010204081632653,0.8202247191011236,0.8333333333333334,0.9285714285714286,0.8333333333333334,0.6956521739130435,0.9787234042553191,0.972972972972973,0.963855421686747,0.918918918918919,1.0,0.5833333333333334,0.875,0.75,0.8888888888888888,0.8011049723756906,1.0,0.8823529411764706,0.972972972972973,0.9888888888888889,0.8777777777777778,0.875,0.7777777777777778,0.8863636363636364,0.958904109589041,0.9473684210526315,0.9354838709677419,0.75,0.9230769230769231,0.95,0.8202247191011236,0.9701492537313433,0.92,0.946236559139785,1.0,1.0,0.9289340101522843,1.0,0.873015873015873,1.0,0.9166666666666666,0.9024390243902439,0.8888888888888888,0.8431372549019608,0.9615384615384616,0.9607843137254902,1.0,0.9583333333333334,0.9492753623188406,1.0,1.0,0.9629629629629629,0.95,0.9615384615384616,1.0,1.0,1.0,0.9444444444444444,1.0,1.0,0.9728260869565217,1.0,0.9212121212121213,0.9375,1.0,1.0,0.9692307692307692,1.0,0.96875,0.967741935483871,0.9130434782608695,0.9807692307692307,0.9846153846153847,0.9710144927536232,0.9743589743589743,1.0,0.9692307692307692,0.9836065573770492,1.0,1.0,0.9871794871794872,0.9866666666666667,0.9615384615384616,0.9574468085106383,0.9871794871794872,0.9761904761904762,0.96,1.0,0.9855072463768116,0.9722222222222222,0.9879518072289156,0.9836065573770492,0.9910714285714286,0.9811320754716981,0.9787234042553191,0.0,0.0,0.0,0.0,0.0,0.0,0.0,0.0,0.0,0.0,0.0,0.0,0.8380952380952381,0.8791208791208791,0.8431372549019608,0.7415730337078652,0.0,0.875,0.7777777777777778,0.6444444444444445,0.8207547169811321,0.7682926829268293
4560441, hsdM, junction_4560441_-1_IS150_start, sv,3.43838,0.00029997,121,-1.0,0.1875,118,0.9,0.16,PASS,0.0,0.0,0.0,0.0,0.0,0.0,0.0,0.0,0.0,0.0,0.0,0.0,0.0,0.0,0.0,0.0,0.0,0.0,0.0,0.0,0.0,0.0,0.0,0.0,0.0,0.0,0.0,0.0,0.0,0.0,0.0,0.0,0.0,0.0,0.0,0.0,0.0,0.0,0.0,0.0,0.0,0.0,0.0,0.0,0.0,0.0,0.0,0.0,0.0,0.0,0.0,0.0,0.0,0.0,0.0,0.0,0.0,0.0,0.0,0.0,0.0,0.0,0.0,0.0,0.0,0.0,0.0,0.0,0.0,0.0,0.0,0.0,0.0,0.0,0.0,0.0,0.0,0.0,0.0,0.0,0.0,0.0,0.0,0.0,0.0,0.0,0.0,0.0,0.0,0.0,0.0,0.0,0.0,0.0,0.0,0.0,0.0,0.0,0.0,0.0,0.0,0.0,0.04081632653061224,0.0,0.09433962264150944,0.046296296296296294,0.024390243902439025,0.22115384615384615,0.20833333333333334,0.22077922077922077,0.21311475409836064,0.049019607843137254,0.038461538461538464,0.0,0.0,0.0,0.0,0.0,0.0,0.0,0.0,0.0,0.0,0.0,0.0,0.0,0.0,0.0,0.0,0.0,0.0,0.0,0.0,0.0,0.0,0.0,0.0,0.0,0.0,0.0,0.0,0.0,0.0,0.0
4562005, hsdR, junction_4562005_-1_IS150_start, sv,4.21333,0.00239976,121,-1.0,0.307692,117,0.9,0.179104,PASS,0.0,0.0,0.0,0.0,0.0,0.0,0.0,0.0,0.0,0.0,0.0,0.0,0.0,0.0,0.0,0.0,0.0,0.0,0.0,0.0,0.0,0.0,0.0,0.0,0.0,0.0,0.0,0.0,0.0,0.0,0.0,0.0,0.0,0.0,0.0,0.0,0.0,0.0,0.0,0.0,0.0,0.0,0.0,0.0,0.0,0.0,0.0,0.0,0.0,0.0,0.0,0.0,0.0,0.0,0.0,0.0,0.0,0.0,0.0,0.0,0.0,0.0,0.0,0.0,0.0,0.0,0.0,0.0,0.0,0.0,0.0,0.0,0.0,0.0,0.0,0.0,0.0,0.0,0.0,0.0,0.0,0.0,,0.0,0.0,0.0,0.0,0.0,0.0,0.0,0.0,0.0,0.0,0.0,0.0,0.0,0.0,0.0,0.0,0.09649122807017543,0.14634146341463414,0.046511627906976744,0.0,0.01639344262295082,0.0,0.0,0.0,0.0,0.0,0.0,0.02857142857142857,0.0,0.0,0.0,0.0,0.0,0.0,0.0,0.0,0.0,0.0,0.0,0.0,0.0,0.0,0.0,0.0,0.0,0.0,0.0,0.0,0.0,0.0,0.0,0.0,0.0,0.0,0.0,0.0,0.0,0.0,0.0,0.0,0.0
4567086, yjiX, MOB_4567086_4567088_IS150_-1, sv,0.946149,9.999e-05,121,-1.0,0.666667,120,0.9,1.0,PASS,0.0,0.008647447735191638,0.0,0.0,0.0025565356465166713,0.0,0.0,0.0,0.0247573197625106,0.009401389156239975,0.0166059265442404,0.0,0.0,0.0,0.044394688995215315,0.0019272929871191984,0.0,0.0,0.006263382059800664,0.0,0.012677522992029431,0.0,0.0,0.0,0.004483910690121787,0.13202599179206567,0.4698505133470226,0.19619293767283555,0.4074273789649416,0.5616897321428571,0.9322880168185004,0.9895973404255318,0.9079405762304923,0.8894244923857869,0.9436330409356726,0.9496553524804178,0.9104987120041216,0.9746224627875507,0.8610578313253011,0.8881995685005394,1.0,0.8283505917159764,0.8125984462898473,0.9855451936872309,1.0,0.9673703081232493,0.9485232712765957,0.981616910722721,0.8935233576642336,0.900240291262136,0.8992511013215859,0.9722412868632708,0.9853927095077039,0.999824983734548,0.9183584905660377,0.954698245614035,0.9325089820359281,0.966528735632184,0.9997878965922445,0.9706538756715272,0.9948141985579589,1.0012742474916387,0.9989080118694362,0.9961509803921568,0.9610158102766798,0.904473441108545,0.9994119341563786,0.9835116279069768,0.916352856457033,0.9658960000000001,0.8618850718301062,0.9417748173614097,0.9728269503546099,0.9994771460423634,1.0,1.0,1.0,1.0002907854984895,1.0,1.0,1.0,1.0,1.0,1.0,1.0,1.0,1.0002154551407991,1.0000344102466068,1.0,1.0,1.0,1.0,0.9998815185648728,1.0,1.0,1.0,1.0,1.0,0.9999822222222222,1.0,1.0000248493975903,0.9999265197060788,1.0,1.0000847529812606,0.9998081023454158,0.9999519560741251,1.0,1.0001314611314611,0.9998468872686482,0.9998118172790467,1.000028048082427,0.999978560490046,1.0003175832687838,0.9999191218948585,1.0000959629384514,0.9999772357723578,1.0,1.0,1.0001798896902843,1.000077059869591,1.0000365065992698,1.0,0.0,0.0,0.0,0.0,0.0,0.0,0.0,0.0,0.0,0.0,0.0,0.0,0.9917995555555555,1.0,1.0,0.9999366018596788,0.0,1.0,1.0,1.0,1.0,1.0
4567089, yjiX, C->T, noncoding,1.05155,0.00229977,117,-1.0,0.00271125,111,0.9,0.461538,PASS,0.0,0.0,0.0,0.0,0.0,0.0,0.0,0.0,0.0,0.0,0.0,0.0,0.0,0.0,0.0,0.0,0.0,0.0,0.0,0.0,0.0,0.0,0.0,0.0,0.0,0.0,0.0,0.0,0.0,0.0,0.0,0.0,0.0,0.0,0.0,0.008771929824561403,0.010638297872340425,0.0,0.0,0.016129032258064516,0.0,0.0,0.012195121951219513,0.0,0.01818181818181818,0.0,0.0,0.0,0.0,0.024096385542168676,0.0,0.0,0.0,0.0,0.0,0.0,0.0,0.0136986301369863,0.0,0.023529411764705882,0.008130081300813009,0.0,0.0,0.041666666666666664,0.02564102564102564,0.011111111111111112,0.05555555555555555,0.0,0.0,0.0,0.009615384615384616,0.0,0.021052631578947368,0.03125,0.024691358024691357,0.05660377358490566,0.03361344537815126,0.07142857142857142,0.049019607843137254,0.043795620437956206,0.14285714285714285,0.0,0.0,0.021505376344086023,0.03529411764705882,0.0,0.00980392156862745,0.0,0.021739130434782608,0.0425531914893617,0.0,0.024793388429752067,0.024691358024691357,0.008928571428571428,0.0,0.031578947368421054,0.0,0.018518518518518517,0.0375,0.02564102564102564,0.0,0.017857142857142856,0.011494252873563218,0.0196078431372549,0.0,0.0,0.008264462809917356,0.009259259259259259,0.008064516129032258,0.026785714285714284,0.0078125,0.0,0.0,0.025,0.010638297872340425,0.010869565217391304,0.030303030303030304,0.0,0.02631578947368421,0.02127659574468085,0.0,0.0196078431372549,0.0,0.0,0.0,0.0,0.0,0.0,0.0,0.0,0.0,0.0,0.0,0.0,0.0,0.0,0.0,0.0,0.0,0.0,0.0,0.0,0.0,0.14285714285714285
4575044, hpaI, G->A, synonymous,1.97741,0.00039996,121,-1.0,0.545455,120,0.9,0.387097,PASS,0.0,0.0,0.0,0.0,0.0,0.0,0.0,0.0,0.0,0.0,0.0,0.0,0.0,0.0,0.0,0.0,0.0,0.03125,0.0,0.0,0.07692307692307693,0.029850746268656716,0.05660377358490566,0.025,0.16455696202531644,0.15625,0.07407407407407407,0.1518987341772152,0.11940298507462686,0.12903225806451613,0.0,0.0,0.14285714285714285,0.0392156862745098,0.016666666666666666,0.03409090909090909,0.08,0.0,0.3684210526315789,0.08196721311475409,0.1,0.22580645161290322,0.12605042016806722,0.0,0.0,0.0,0.0,0.0,0.0,0.0,0.0,0.0,0.013888888888888888,0.0,0.0,0.0,0.0,0.0,0.0,0.0,0.0,0.0,0.0,0.0,0.0,0.0,0.0,0.0,0.0,0.0,0.0,0.0,0.0,0.0,0.0,0.0,0.0,0.0,0.0,0.0,0.0,0.0,0.0,0.0,0.0,0.0,0.0,0.0,0.0,0.0,0.0,0.0,0.0,0.0,0.0,0.0,0.0,0.0,0.0,0.0,0.0,0.0,0.0,0.0,0.0,0.0,0.0,0.0,0.0,0.0,0.0,0.020618556701030927,0.0,0.016129032258064516,0.0,0.0,0.0,0.0,0.0,0.0,0.0,0.0,0.0,0.0,0.0,0.0,0.0,0.018518518518518517,0.0,0.0,0.0,0.0,0.0,1.0,0.0,0.0,0.0,0.0,0.0,0.0,0.0,0.0,0.0,0.0
4594986, fhuF, indel;A;+A;-1;C, indel,3.70015,9.999e-05,121,-1.0,0.75,115,0.9,0.00260756,PASS,0.0,0.0,0.0,0.0,0.0,0.0,0.0,0.0,0.0,0.0,0.0,0.025,0.0,0.0,0.0,0.0045045045045045045,0.0,0.0,0.0,0.0,0.0,0.0,0.0,0.0,0.0,0.0,0.0,0.0,0.0,0.0,0.0,0.0,0.0,0.0,0.0,0.0,0.0,0.0,0.0,0.0,0.0,0.0,0.0,0.0,0.0,0.0,0.0,0.0,0.0,0.0,0.0,0.0,0.0,0.0,0.0,0.0,0.0,0.0,0.0,0.0,0.0,0.0,0.0,0.0,0.0,0.0,0.0,0.0,0.0,0.0,0.0,0.0,0.0,0.0,0.0,0.0,0.0,0.0,0.0,0.0,0.0,0.0,0.0,0.0,0.0,0.0,0.0,0.0,0.0,0.0,0.0,0.0,0.0,0.0,0.0,0.0,0.0,0.03076923076923077,0.0,0.02654867256637168,0.06896551724137931,0.05185185185185185,0.09836065573770492,0.016666666666666666,0.04716981132075472,0.02027027027027027,0.125,0.43529411764705883,0.693069306930693,0.5074626865671642,0.37373737373737376,0.09448818897637795,0.0945945945945946,0.0873015873015873,0.018867924528301886,0.024390243902439025,0.011764705882352941,0.0,0.0,0.0,0.0,0.0,0.0,0.0,0.0,0.006134969325153374,0.0,0.0,0.0,0.0,0.0,0.0,0.0,0.0,0.0,0.0,0.0,0.0,0.0,0.0,0.0,0.0,0.00423728813559322,0.0
4615571, nadR, G->A, missense,2.63917,9.999e-05,121,-1.0,0.3,120,0.9,0.27907,PASS,0.0,0.0,0.0,0.0,0.0,0.0,0.0,0.0,0.0,0.0,0.0,0.0,0.0,0.0,0.0,0.0,0.0,0.0,0.0,0.0,0.0,0.0,0.0,0.0,0.0,0.0,0.0,0.0,0.0,0.0,0.0,0.0,0.0,0.0,0.0,0.0,0.0,0.0,0.0,0.0,0.0,0.0,0.0,0.0,0.0,0.0,0.0,0.0,0.0,0.0,0.0,0.005076142131979695,0.0,0.0,0.1,0.225,0.2261904761904762,0.13414634146341464,0.2564102564102564,0.2,0.46153846153846156,0.14285714285714285,0.6923076923076923,0.5689655172413793,0.3181818181818182,0.3958333333333333,0.0,0.13157894736842105,0.2840909090909091,0.2222222222222222,0.22727272727272727,0.0125,0.0,0.0,0.0,0.0,0.0,0.0,0.0,0.0,0.0,0.0,0.0,0.0,0.0,0.0,0.0,0.0,0.0,0.0,0.0,0.0,0.0,0.0,0.0,0.0,0.0,0.0,0.0,0.0,0.0,0.0,0.0,0.0,0.0,0.0,0.0,0.0,0.0,0.0,0.0,0.0,0.0,0.0,0.0,0.0,0.0,0.0,0.0,0.0,0.0,0.0,0.0,0.0,0.0,0.0,0.0,0.0,0.0,0.0,0.0,0.0,0.0,0.0,0.0,0.0,0.0,0.0,0.0,0.0,0.0,0.0,0.0,0.0
4615581, nadR, T->A, missense,3.63047,9.999e-05,121,-1.0,0.363636,120,0.9,0.272727,PASS,0.0,0.0,0.0,0.0,0.0,0.0,0.0,0.0,0.0,0.0,0.0,0.0,0.0,0.0,0.0,0.0,0.0,0.0,0.0,0.0,0.0,0.0,0.0,0.0,0.0,0.0,0.0,0.0,0.0,0.0,0.0,0.0,0.0,0.0,0.0,0.0,0.0,0.07692307692307693,0.10344827586206896,0.37209302325581395,0.6071428571428571,0.625,0.7832167832167832,0.2,0.40476190476190477,0.36923076923076925,0.14754098360655737,0.04477611940298507,0.014084507042253521,0.0,0.0,0.0,0.0,0.0,0.0,0.0,0.0,0.0,0.0,0.0,0.0,0.0,0.0,0.0,0.0,0.0,0.0,0.0,0.0,0.0,0.0,0.0,0.0,0.0,0.0,0.0,0.0,0.0,0.0,0.0,0.0,0.0,0.0,0.0,0.0,0.0,0.0,0.0,0.0,0.0,0.0,0.0,0.0,0.0,0.0,0.0,0.0,0.0,0.0,0.0,0.0,0.0,0.0,0.0,0.0,0.0,0.0,0.0,0.0,0.0,0.0,0.0,0.0,0.0,0.0,0.0,0.0,0.0,0.0,0.0,0.007874015748031496,0.0,0.0,0.0,0.0,0.0,0.0,0.0,0.0,0.0,0.0,0.0,0.0,0.0,0.0,0.0,1.0,1.0,0.0,0.0,0.0,0.0,0.0,0.0
4615673, nadR, indel;+A;T, indel,1.28001,9.999e-05,121,-1.0,0.571429,121,0.9,0.705882,PASS,0.0,0.0,0.0,0.0,0.0,0.0,0.0,0.0,0.0,0.0,0.0,0.0,0.0,0.0,0.0,0.008264462809917356,0.0,0.0,0.0,0.0,0.0,0.0,0.0,0.0,0.0,0.0,0.0,0.0,0.0,0.0,0.0,0.0,0.0,0.0,0.0,0.0,0.0,0.0,0.0,0.0,0.0,0.0,0.0,0.0,0.0,0.0,0.0,0.01098901098901099,0.04225352112676056,0.016666666666666666,0.05660377358490566,0.07563025210084033,0.011627906976744186,0.014925373134328358,0.07407407407407407,0.10101010101010101,0.035398230088495575,0.08461538461538462,0.02702702702702703,0.09615384615384616,0.0,0.2727272727272727,0.0,0.06493506493506493,0.027777777777777776,0.13846153846153847,0.09090909090909091,0.14,0.07272727272727272,0.10909090909090909,0.15151515151515152,0.12149532710280374,0.13978494623655913,0.10869565217391304,0.13559322033898305,0.2288135593220339,0.2558139534883721,0.16666666666666666,0.07407407407407407,0.4594594594594595,0.2926829268292683,0.15254237288135594,0.5555555555555556,0.14035087719298245,0.345679012345679,0.20085470085470086,0.0136986301369863,0.17040358744394618,0.4358974358974359,0.26337448559670784,0.18333333333333332,0.10227272727272728,0.0625,0.05555555555555555,0.05263157894736842,0.0,0.045454545454545456,0.06896551724137931,0.046153846153846156,0.0502283105022831,0.0,0.006622516556291391,0.01694915254237288,0.0,0.022727272727272728,0.022598870056497175,0.06338028169014084,0.008064516129032258,0.0,0.008695652173913044,0.0,0.027210884353741496,0.03225806451612903,0.006172839506172839,0.018518518518518517,0.02247191011235955,0.13793103448275862,0.037037037037037035,0.0,0.027586206896551724,0.017241379310344827,0.04678362573099415,0.0,0.0,0.0,0.0,0.0,0.0,0.0,0.0,0.0,0.0,0.0,0.0,0.0,0.0,0.0,0.0,0.6049382716049383,0.0,0.0,0.0,0.0,0.0
4615674, nadR, MOB_4615674_4615674_IS150_1, sv,0.899529,0.00842299,121,-1.0,0.705882,121,0.9,1.0,PASS,0.0,0.0,0.0,0.0,0.0,0.0,0.027635629251700683,0.007251319796954314,0.006115847094801223,0.003337783711615487,0.0,0.013830470262793914,0.03408316291751875,0.056300560224089635,0.0,0.024383514424878232,0.026086563307493538,0.0,0.009328358208955223,0.06144617737003057,0.005987179951690822,0.032458198489751885,0.0,0.1004014396456257,0.08680230326295585,0.0,0.0,0.04030071333036112,0.03388288227334235,0.014336505681818181,0.007257163426925845,0.016542597187758478,0.033571922005571034,0.09717128975265019,0.0,0.0145032632342277,0.01729461318051576,0.04040404040404041,0.12028498293515358,0.0674465811965812,0.0364963503649635,0.0,0.00793628947368421,0.0,0.006562459336369552,0.007936507936507936,0.022401925925925926,0.05371550387596899,0.053272403335860495,0.06904191968658178,0.0,0.01029020893076608,0.006636259040105194,0.0,0.0,0.012393607867240319,0.01053814002089864,0.004423245614035088,0.0,0.020625467775467775,0.0,0.0,0.021672317596566522,0.007170666350486128,0.0,0.01721537147736977,0.0,0.04729871043376319,0.004936710719530103,0.0,0.03330396366639141,0.010582257217847769,0.0242171668667467,0.024274879807692308,0.019975074183976264,0.022652635880670208,0.006613958060288336,0.011711716937354988,0.006830602572782668,0.03553551797040169,0.05424694376528118,0.03076561546286877,0.0,0.014606129343629344,0.0288640200286123,0.016775499260355032,0.014493333333333334,0.004574012709940989,0.06373091482649842,0.020305661898045536,0.021706008968609868,0.006434077855775367,0.020048782911077992,0.006273117610454263,0.0,0.0,0.0,0.0,0.0,0.002692073658927142,0.0,0.0036868421052631576,0.00890256183745583,0.0,0.0,0.0,0.003798493975903614,0.0,0.0,0.004642541436464088,0.0,0.0,0.0,0.0033336528925619834,0.0098025790513834,0.009440886392009988,0.0,0.002963403880070547,0.0,0.0037931527464258835,0.0031062480425931723,0.0030773347812596955,0.0,0.0,0.0,0.0,0.0,0.0,0.0,0.0,0.0,0.0,0.0,0.0,0.0,0.0,0.0,0.0,0.07707990476190475,0.0,0.0,0.0,0.0,0.0
4615677, nadR, C->T, missense,1.34372,9.999e-05,121,-1.0,0.8,121,0.9,0.631579,PASS,0.0,0.0,0.0,0.0,0.0,0.0,0.0,0.0,0.0,0.0,0.0,0.0,0.0,0.0,0.0,0.0,0.0,0.0,0.0,0.0,0.0,0.0,0.0,0.0,0.0,0.0,0.0,0.0,0.0,0.0,0.0,0.0,0.0,0.0,0.0,0.025974025974025976,0.0,0.0,0.0,0.0,0.0,0.0,0.0,0.0,0.0,0.0,0.0,0.010416666666666666,0.04054054054054054,0.01818181818181818,0.05504587155963303,0.08108108108108109,0.012658227848101266,0.014285714285714285,0.07407407407407407,0.11904761904761904,0.038834951456310676,0.0873015873015873,0.02702702702702703,0.10204081632653061,0.0,0.2727272727272727,0.0,0.06880733944954129,0.029411764705882353,0.14516129032258066,0.08333333333333333,0.1590909090909091,0.07339449541284404,0.10344827586206896,0.16393442622950818,0.13402061855670103,0.14772727272727273,0.11904761904761904,0.1568627450980392,0.2328767123287671,0.2727272727272727,0.18181818181818182,0.07317073170731707,0.4788732394366197,0.34615384615384615,0.18,0.5555555555555556,0.14814814814814814,0.39436619718309857,0.21495327102803738,0.0136986301369863,0.17370892018779344,0.5666666666666667,0.27705627705627706,0.19457013574660634,0.08641975308641975,0.06796116504854369,0.058823529411764705,0.05263157894736842,0.0,0.041666666666666664,0.06779661016949153,0.047619047619047616,0.054187192118226604,0.0,0.006756756756756757,0.034482758620689655,0.0,0.022727272727272728,0.02247191011235955,0.0625,0.008403361344537815,0.0,0.009009009009009009,0.0,0.0273972602739726,0.015384615384615385,0.00625,0.017543859649122806,0.022988505747126436,0.12903225806451613,0.04,0.0,0.02857142857142857,0.018072289156626505,0.041916167664670656,0.0,0.0,0.0,0.0,0.0,0.0,0.0,0.0,0.0,0.0,0.0,0.0,0.0,0.0,0.0,0.0,0.9215686274509803,0.0,0.0,0.0,0.0,0.0
4615679, nadR, indel;+AC, indel,1.34923,9.999e-05,121,-1.0,0.666667,121,0.9,0.8,PASS,0.0,0.0,0.0,0.0,0.0,0.0,0.0,0.0,0.0,0.0,0.0,0.0,0.0,0.0,0.0,0.0,0.0,0.0,0.0,0.0,0.0,0.0,0.0,0.0,0.0,0.0,0.0,0.0,0.0,0.0,0.0,0.0,0.0,0.0,0.0,0.0,0.0,0.0,0.0,0.0,0.0,0.0,0.0,0.0,0.0,0.0,0.0,0.010416666666666666,0.0410958904109589,0.018518518518518517,0.05555555555555555,0.08071748878923767,0.012738853503184714,0.014492753623188406,0.07407407407407407,0.11904761904761904,0.039603960396039604,0.088,0.02631578947368421,0.10204081632653061,0.0,0.2727272727272727,0.0,0.06912442396313365,0.02857142857142857,0.14754098360655737,0.08333333333333333,0.15555555555555556,0.07476635514018691,0.10526315789473684,0.16666666666666666,0.1326530612244898,0.14942528735632185,0.12195121951219512,0.15384615384615385,0.2420091324200913,0.2857142857142857,0.18181818181818182,0.07407407407407407,0.4857142857142857,0.35294117647058826,0.1836734693877551,0.5555555555555556,0.14953271028037382,0.39436619718309857,0.22169811320754718,0.0136986301369863,0.17370892018779344,0.5666666666666667,0.27391304347826084,0.19730941704035873,0.08641975308641975,0.06862745098039216,0.058823529411764705,0.05263157894736842,0.0,0.041666666666666664,0.06956521739130435,0.046875,0.05472636815920398,0.0,0.006711409395973154,0.017241379310344827,0.0,0.02247191011235955,0.022598870056497175,0.06293706293706294,0.008547008547008548,0.0,0.009009009009009009,0.0,0.0273972602739726,0.015151515151515152,0.00625,0.018518518518518517,0.023121387283236993,0.13559322033898305,0.04,0.0,0.02857142857142857,0.01818181818181818,0.04819277108433735,0.0,0.0,0.0,0.0,0.0,0.0,0.0,0.0,0.0,0.0,0.0,0.0,0.0,0.0,0.0,0.0,1.0,0.0,0.0,0.0,0.0,0.0
4615720, nadR, A->C, missense,4.03906,0.00709929,121,-1.0,0.666667,121,0.9,0.444444,PASS,0.0,0.0,0.0,0.0,0.0,0.0,0.0,0.0,0.0,0.0,0.0,0.0,0.0,0.0,0.0,0.0,0.0,0.0,0.0,0.0,0.0,0.0,0.0,0.0,0.0,0.0,0.0,0.0,0.0,0.0,0.0,0.0,0.0,0.0,0.010101010101010102,0.0,0.0,0.0,0.0,0.0,0.0,0.0,0.0,0.0,0.0,0.0,0.0,0.0,0.0,0.0,0.0,0.0,0.0,0.0,0.0,0.0,0.0,0.0,0.0,0.0,0.0,0.0,0.0,0.027522935779816515,0.25,0.2923076923076923,0.0,0.0784313725490196,0.09782608695652174,0.5370370370370371,0.0,0.0,0.0,0.0,0.0,0.0,0.0,0.0,0.0,0.0,0.0,0.0,0.0,0.0,0.0,0.0,0.0,0.0,0.0,0.0,0.0,0.0,0.0,0.0,0.0,0.0,0.0,0.0,0.0,0.0,0.0,0.0,0.0,0.0,0.0,0.0,0.0,0.0,0.0,0.0,0.0,0.0,0.0,0.0,0.0,0.0,0.0,0.0,0.0,0.0,0.0,0.0,0.0,0.0,0.0,0.0,0.0,0.0,0.0,0.0,0.0,0.0,0.0,0.0,0.0,0.0,0.0,0.0,0.0,0.0,0.0,0.0,0.0,0.0
4616409, nadR, A->G, missense,1.00967,9.999e-05,121,-1.0,0.75,120,0.9,0.571429,PASS,0.0044444444444444444,0.0,0.0,0.0,0.0,0.047619047619047616,0.0944206008583691,0.0,0.060240963855421686,0.07878787878787878,0.15789473684210525,0.0196078431372549,0.033707865168539325,0.0,0.0,0.0,0.0,0.0,0.0,0.0,0.0,0.0,0.0,0.0,0.0,0.0,0.0,0.0,0.0,0.0,0.0,0.013888888888888888,0.0,0.0,0.0,0.0,0.0,0.0,0.0,0.0,0.0,0.0,0.0,0.0,0.0,0.0,0.0,0.0,0.0,0.0,0.0,0.0,0.0,0.0,0.0,0.0,0.0,0.013888888888888888,0.0,0.0,0.0,0.05555555555555555,0.35714285714285715,0.22869955156950672,0.3,0.3088235294117647,0.5,0.5,0.40816326530612246,0.2545454545454545,0.4868421052631579,0.8508771929824561,0.8076923076923077,0.8867924528301887,0.8305084745762712,0.6032608695652174,0.7411764705882353,0.6851851851851852,0.7164179104477612,0.32098765432098764,0.5520833333333334,0.7619047619047619,0.5833333333333334,0.7876106194690266,0.68,0.7161572052401747,0.961038961038961,0.76,0.3235294117647059,0.7365269461077845,0.7445887445887446,0.8876404494382022,0.8416666666666667,0.8602150537634409,1.0,0.9117647058823529,0.9655172413793104,1.0,0.9552238805970149,0.9846153846153847,0.9382716049382716,0.9937888198757764,0.9846153846153847,1.0,0.9586776859504132,0.9354838709677419,0.8541666666666666,0.9572649572649573,0.9375,0.98989898989899,0.9886363636363636,1.0,0.9473684210526315,0.952755905511811,0.9647058823529412,0.9574468085106383,0.8732394366197183,0.9367088607594937,1.0,0.9280575539568345,0.9657534246575342,0.9827586206896551,0.0,0.0,0.0,0.0,0.0,0.0,0.0,0.0,0.0,0.0,0.0,0.0,0.0,0.0,0.0,0.0,0.0,0.0,1.0,0.9862385321100917,1.0,1.0
4622345, gpmB, MOB_4622345_4622347_IS150_-1, sv,1.86857,0.00039996,121,-1.0,0.24,119,0.9,0.155844,PASS,0.0,0.0,0.0,0.0,0.0,0.0,0.0,0.0,0.0,0.0,0.0,0.0,0.0,0.0,0.0,0.0,0.0,0.0,0.0,0.0,0.0,0.0,0.0,0.0,0.0,0.0,0.0,0.0,0.0,0.0,0.0,0.0,0.0,0.0,0.0,0.0,0.0,0.0,0.0,0.0,0.0,0.0,0.0,0.0,0.0,0.0,0.0,0.0,0.0,0.0,0.0,0.0,0.0,0.0,0.0,0.0,0.0,0.0,0.0,0.0,0.0,0.0,0.0,0.0,0.0,0.0,0.0,0.0,0.0,0.0,0.0,0.0,0.0,0.0,0.0,0.0,0.0,0.0,0.0,0.0,0.0,0.0,0.0,0.0,0.0,0.0,0.0,0.0,0.0,0.0,0.0,0.0,0.0,0.0,0.0,0.0,0.0,0.0,0.0,0.0,0.0,0.0138164896073903,0.01347914749661705,0.0,0.05301347517730497,0.018774647224835374,0.06801486025903204,0.016093214862681744,0.009154264705882353,0.021884637893196782,0.0297762331838565,0.029001452081316555,0.02381842482100239,0.03043296032553408,0.032501629991850044,0.05682241215574549,0.12635794930875577,0.06631272015655577,0.024027215799614646,0.07279708171206226,0.028822447013487476,0.11213803680981596,0.0,0.0,0.0,0.0,0.0,0.0,0.0,0.0,0.0,0.0,0.0,0.0,0.0,0.0,0.0,0.0,0.0,0.0,0.0,0.0,0.0,0.0
4627816, arcA, indel;-9, indel,1.10376,9.999e-05,121,-1.0,0.171429,118,0.9,0.136364,PASS,0.0,0.0,0.0,0.0,0.0,0.0,0.00919963201471941,0.01890359168241966,0.0,0.00791139240506329,0.0,0.0,0.017271157167530225,0.0,0.0,0.046701692936368944,0.0,0.0,0.08333333333333333,0.38461538461538464,0.03861003861003861,0.05226480836236934,0.0,0.029411764705882353,0.02824858757062147,0.0,0.0,0.035842293906810034,0.0,0.0,0.0,0.0,0.02066115702479339,0.056074766355140186,0.0,0.0,0.0,0.0975609756097561,0.037037037037037035,0.04048582995951417,0.0,0.037037037037037035,0.0,0.0,0.03816793893129771,0.0,0.019230769230769232,0.05563282336578581,0.075,0.02824858757062147,0.12244897959183673,0.05087620124364047,0.06912442396313365,0.09090909090909091,0.07692307692307693,0.17054263565891473,0.046224961479198766,0.10973936899862825,0.12121212121212122,0.14736842105263157,0.0,0.09523809523809523,0.0,0.07770472205618649,0.0,0.2153846153846154,0.14285714285714285,0.02702702702702703,0.01615508885298869,0.08333333333333333,0.16071428571428573,0.1267605633802817,0.07614213197969544,0.18404907975460122,0.26373626373626374,0.44537815126050423,0.2777777777777778,0.18823529411764706,0.19083969465648856,0.6415094339622641,0.4628099173553719,0.21568627450980393,0.0,0.10403120936280884,0.2222222222222222,0.24822695035460993,0.024752475247524754,0.277992277992278,0.4383561643835616,0.23030303030303031,0.24193548387096772,0.02865329512893983,0.07556675062972291,0.06072874493927126,0.0,0.1111111111111111,0.04081632653061224,0.06666666666666667,0.06578947368421052,0.033003300330033,0.0966183574879227,0.0,0.0547945205479452,0.0,0.015290519877675839,0.024721878862793572,0.07543103448275862,0.04918032786885246,0.014005602240896357,0.0,0.025,0.020618556701030927,0.0,0.038461538461538464,0.02197802197802198,0.028735632183908046,0.1,0.07407407407407407,0.015408320493066254,0.017123287671232876,0.05382131324004305,0.03636363636363636,0.0,0.0,0.0,0.0,0.0,0.0,0.0,0.0,0.0,0.0,0.0,0.0,0.0,0.0,0.0,0.0,0.9818181818181818,0.0,0.0,0.0,0.0,0.0
4628216, arcA, T->C, missense,1.74191,0.00429957,121,-1.0,0.705882,121,0.9,0.8,PASS,0.0,0.0,0.0,0.0,0.0,0.0,0.0,0.0,0.0,0.0,0.0,0.0,0.0,0.0,0.0,0.0,0.0,0.0,0.0,0.043478260869565216,0.07042253521126761,0.0967741935483871,0.12345679012345678,0.0,0.15789473684210525,0.0,0.030303030303030304,0.23076923076923078,0.11904761904761904,0.07547169811320754,0.0,0.0,0.14864864864864866,0.043478260869565216,0.026785714285714284,0.07058823529411765,0.11688311688311688,0.0,0.11538461538461539,0.11458333333333333,0.05714285714285714,0.07142857142857142,0.12048192771084337,0.0,0.0,0.0,0.0,0.0,0.0,0.0,0.0,0.0,0.0,0.0,0.0,0.0,0.0,0.0,0.0,0.0,0.0,0.0,0.0,0.0,0.0,0.0,0.0,0.0,0.0,0.0,0.0,0.0,0.0,0.0,0.0,0.0,0.0,0.0,0.0,0.0,0.0,0.0,0.0,0.0,0.0,0.0,0.0,0.0,0.0,0.0,0.0,0.0,0.0,0.0,0.0,0.0,0.0,0.0,0.0,0.0,0.0,0.0,0.0,0.0,0.0,0.0,0.0,0.0,0.0,0.0,0.0,0.0,0.0,0.0,0.0,0.0,0.0,0.0,0.0,0.0,0.0,0.0,0.0,0.0,0.0,0.0,0.0,0.0,0.0,0.0,0.0,0.0,0.0,1.0,0.0,0.0,0.0,0.0,0.0,0.0,0.0,0.0,0.0,0.0
