Position,Gene,Allele,Annotation,Test statistic,P-value,Deletion index,Fold reduction,Deletion P-value,Duplication index,Fold increase,Duplication pvalue,Passed?,AF:0,AF:500,AF:1000,AF:1500,AF:2000,AF:2500,AF:3000,AF:3500,AF:4000,AF:4500,AF:5000,AF:5500,AF:6000,AF:6500,AF:7000,AF:7500,AF:8000,AF:8500,AF:9000,AF:9500,AF:10000,AF:10500,AF:11000,AF:11500,AF:12000,AF:12500,AF:13000,AF:13500,AF:14000,AF:14500,AF:15000,AF:15500,AF:16000,AF:16500,AF:17000,AF:17500,AF:18000,AF:18500,AF:19000,AF:19500,AF:20000,AF:20500,AF:21000,AF:21500,AF:22000,AF:22500,AF:23000,AF:23500,AF:24000,AF:24500,AF:25000,AF:25500,AF:26000,AF:26500,AF:27000,AF:27500,AF:28000,AF:28500,AF:29000,AF:29500,AF:30000,AF:30500,AF:31000,AF:31500,AF:32000,AF:32500,AF:33000,AF:33500,AF:34000,AF:34500,AF:35000,AF:35500,AF:36000,AF:36500,AF:37000,AF:37500,AF:38000,AF:38500,AF:39000,AF:39500,AF:40000,AF:40500,AF:41000,AF:41500,AF:42000,AF:42500,AF:43000,AF:43500,AF:44000,AF:44500,AF:45000,AF:45500,AF:46000,AF:47000,AF:47500,AF:48000,AF:48500,AF:49000,AF:49500,AF:50000,AF:50500,AF:51000,AF:51500,AF:52000,AF:52500,AF:53000,AF:53500,AF:54000,AF:54500,AF:55000,AF:55500,AF:56000,AF:56500,AF:57000,AF:57500,AF:58000,AF:58500,AF:59000,AF:59500,AF:60000,AF:60500,AF:1000500,AF:1000600,AF:1001000,AF:1001100,AF:1001500,AF:1001600,AF:1002000,AF:1002100,AF:1005000,AF:1005100,AF:1010000,AF:1010100,AF:1015000,AF:1015100,AF:1020000,AF:1020100,AF:1030000,AF:1030099,AF:1040000,AF:1040099,AF:1050000,AF:1050100
2004, thrA, A->T, missense,3.80312,0.0009999,120,-1.0,0.352941,118,0.9,0.444444,PASS,0.0,0.0,0.0,0.0,0.0,0.0,0.0,0.0,0.0,0.0,0.0,0.0,0.0,0.0,0.0,0.0,0.0,0.0,0.0,0.0,0.0,0.0,0.0,0.0,0.0,0.0,0.0,0.0,0.0,0.0,0.0,0.0,0.0,0.0,0.0,0.0,0.0,0.0,0.0,0.0,0.0,0.0,0.0,0.0,0.0,0.0,0.0,0.0,0.0,0.0,0.0,0.0,0.0,0.0,0.0,0.0,0.0,0.0,0.0,0.0,0.0,0.0,0.0,0.0,0.0,0.07692307692307693,0.04,0.0,0.0,0.0,0.0,0.07692307692307693,0.044444444444444446,0.3235294117647059,0.07407407407407407,0.10526315789473684,0.0,0.0,0.0,0.0,0.0,0.0,0.0,0.0,0.0,0.0,0.0,0.0,0.0,0.0,0.0,0.0,0.0,0.0,0.0,0.0,0.0,0.0,0.0,0.0,0.0,0.0,0.0,0.0,0.0,0.0,0.0,0.0,0.0,0.0,0.0,0.0,0.0,0.0,0.0,0.0,0.0,0.0,0.0,0.0,0.0,0.0,0.0,0.0,0.0,0.0,0.0,0.0,0.0,0.0,0.0,0.0,0.0,0.0,0.0,0.0,0.0,0.0,0.0,0.0,0.0,0.0,0.0
2614, thrA, C->T, missense,4.16859,9.999e-05,120,-1.0,0.333333,117,0.9,0.631579,PASS,0.0,0.0,0.0,0.0,0.0,0.0,0.0,0.0,0.0,0.0,0.0,0.0,0.0,0.0,0.0,0.0,0.0,0.0,0.0,0.0,0.0,0.0,0.0,0.0,0.0,0.0,0.0,0.0,0.0,0.0,0.0,0.0,0.0,0.0,0.0,0.0,0.0,0.0,0.0,0.0,0.0,0.0,0.0,0.0,0.0,0.0,0.0,0.0,0.0,0.03225806451612903,0.0,0.0,0.0,0.0,0.0,0.0,0.0,0.0,0.0,0.0,0.0,0.0,0.0,0.0,0.0,0.0,0.0,0.0,0.0,0.0,0.047619047619047616,0.0,0.0,0.0,0.0,0.0,0.0,0.0,0.0,0.0,0.0,0.0,0.0,0.0,0.021739130434782608,0.0,0.0,0.0,0.0,0.0,0.0,0.022222222222222223,0.022727272727272728,0.047619047619047616,0.24242424242424243,0.391304347826087,0.4864864864864865,0.39473684210526316,0.08928571428571429,0.09090909090909091,0.0,0.0,0.0,0.0,0.0,0.0,0.0,0.0,0.0,0.0,0.0,0.0,0.0,0.0,0.0,0.0,0.0,0.0,0.0,0.0,0.0,0.0,0.0,0.0,0.0,0.0,0.0,0.0,0.0,0.0,0.0,0.0,0.0,0.0,0.0,0.0,0.0,0.0,0.0,0.0,0.0,0.004081632653061225,0.0
5365, yaaX, MOB_5365_5373_IS1_-1, sv,0.882294,9.999e-05,120,-1.0,0.292683,118,0.9,0.25,PASS,0.0,0.0,0.0,0.0,0.0,0.0,0.0,0.0,0.0,0.0,0.0,0.0,0.0,0.0,0.0,0.0,0.0,0.012336230110159118,0.0,0.0,0.0,0.0,0.0,0.0,0.0,0.0,0.0,0.0,0.010351966873706004,0.0,0.0,0.0,0.0,0.0,0.0,0.0,0.0,0.0,0.0,0.0,0.0,0.0,0.019533622047244095,0.0,0.0,0.0,0.0,0.0,0.0,0.01730103806228374,0.0,0.0,0.0154320987654321,0.0,0.06584606986899565,0.35235815602836884,0.3565,0.39147794759825333,0.18522005277044856,0.16816170212765957,0.11480812182741117,0.29545827439886846,0.29719544419134397,0.5692699999999999,0.2411334488734835,0.40857407407407403,0.3438390501319261,0.1719541564792176,0.3314151404151404,0.04237288135593221,0.011668611435239206,0.6017091136079901,0.5656222222222222,0.7259196326061998,0.5620083682008369,0.8351787941787941,0.8912902055622732,0.8992230576441103,0.9427683284457479,0.9404300066979236,0.9420560747663552,0.9453412408759124,0.8876350482315113,0.9389252336448598,0.9549072398190044,0.9812405303030304,0.899504016064257,0.9822718808193668,0.9125874125874126,0.9340818584070796,0.7732051282051282,0.8903186328555679,0.9531464174454828,0.9689647779479327,0.9595195154777927,0.9793855421686748,0.9399969558599696,0.9186078431372549,0.9272473469387755,0.9277503639010188,0.9691111111111111,0.9531874163319947,1.0,0.9492989864864865,0.9516907730673315,0.9094004524886878,0.961160875160875,0.8631047430830039,0.9369561128526646,0.9111417756366139,0.9355415778251599,0.9083059907834101,0.9187700987306066,0.9486958386958387,0.9766073546856465,0.9091855983772821,0.9409892344497609,0.9417071129707112,0.9251807531380754,0.9581990378833433,0.9802575452716298,0.0,0.0,0.0,0.0,0.0,0.0,0.0,0.0,0.0,0.0,0.0,0.0,0.0,0.0,0.0,0.0,0.8772801013941698,0.0,0.9368677325581396,0.8717018837018837,0.9352686403508771,0.9686191802626342
78888, yabN, MOB_78888_78890_IS150_-1, sv,2.6994,9.999e-05,120,-1.0,0.173913,119,0.9,0.155844,PASS,0.0,0.0,0.0,0.0,0.0,0.0,0.0,0.0,0.0,0.0,0.0,0.0,0.0,0.0,0.0,0.0,0.0,0.0,0.0,0.0,0.0,0.0,0.02857142857142857,0.0,0.0,0.0,0.0,0.0,0.0,0.0,0.0,0.0,0.0,0.0,0.0,0.0,0.0,0.0,0.0,0.0,0.0,0.0,0.0,0.0,0.0,0.0,0.0,0.0,0.008333333333333333,0.0,0.0,0.0,0.0,0.0,0.0,0.0,0.0,0.0,0.0,0.05102040816326531,0.328125,0.36538461538461536,0.21212121212121213,0.0392156862745098,0.1511627906976744,0.06060606060606061,0.05,0.08783783783783784,0.0,0.0,0.022727272727272728,0.3673469387755102,0.13,0.171875,0.13333333333333333,0.1590909090909091,0.02197802197802198,0.0,0.0,0.0,0.0,0.0,0.0,0.0,0.0,0.0,0.0,0.0,0.0,0.0,0.0,0.0,0.0,0.0,0.0,0.0,0.0,0.0,0.0,0.0,0.0,0.0,0.0,0.0,0.0,0.0,0.0,0.0,0.0,0.0,0.0,0.02459016393442623,0.0,0.0,0.0,0.015873015873015872,0.0,0.005763688760806916,0.0,0.0047169811320754715,0.0,0.0,0.0,0.0,0.0,0.0,0.0,0.0,0.0,0.0,0.0,0.0,0.0,0.0,0.0,0.0,0.0,0.0,0.0,0.0,0.0,0.0,0.0
106948, ftsA, G->A, missense,1.33562,9.999e-05,120,-1.0,0.4,119,0.9,0.4,PASS,0.0,0.0,0.0,0.0,0.0,0.0,0.0,0.0,0.0,0.0,0.0,0.0,0.0,0.0,0.0,0.0,0.0,0.0,0.0,0.0,0.0,0.0,0.0,0.0,0.0,0.0,0.0,0.0,0.0,0.0,0.0,0.0,0.0,0.0,0.0,0.0,0.0,0.0,0.0,0.0,0.0,0.0,0.0,0.0,0.0,0.0,0.0,0.0,0.0,0.0,0.0,0.0,0.0,0.0,0.0,0.0,0.0,0.0,0.0,0.0,0.0,0.0,0.0,0.0,0.0,0.0,0.0,0.0,0.0,0.0,0.0,0.0,0.0,0.0,0.0,0.0,0.0,0.0,0.0,0.0,0.0,0.0,0.0,0.0,0.0,0.0,0.0,0.0,0.0,0.0,0.2608695652173913,0.9375,1.0,1.0,1.0,1.0,1.0,1.0,1.0,1.0,1.0,1.0,1.0,1.0,1.0,1.0,1.0,1.0,1.0,1.0,1.0,1.0,1.0,1.0,1.0,1.0,1.0,1.0,1.0,1.0,1.0,0.0,0.0,0.0,0.0,0.0,0.0,0.0,0.0,0.0,0.0,0.0,0.0,0.0,0.0,0.0,0.0,0.0,0.0,0.0,0.0,0.9913419913419913,1.0
145547, yadF, G->A, noncoding,0.934793,9.999e-05,120,-1.0,0.133333,118,0.9,0.363636,PASS,0.0,0.0,0.0,0.0,0.0,0.0,0.0,0.0,0.0,0.0,0.0,0.0,0.0,0.0,0.0,0.0,0.0,0.0,0.0,0.0,0.0,0.0,0.0,0.0,0.0,0.0,0.0,0.0,0.0,0.0,0.0,0.0,0.0,0.0,0.0,0.0,0.0,0.0,0.0,0.0,0.0,0.0,0.0,0.0,0.0,0.0,0.0,0.0,0.0,0.0,0.0,0.0,0.0,0.0,0.0,0.38095238095238093,0.5217391304347826,0.1,0.29411764705882354,0.11428571428571428,0.2222222222222222,0.3548387096774194,0.25,0.5625,0.18421052631578946,0.25,0.45,0.1323529411764706,0.2857142857142857,0.023255813953488372,0.022222222222222223,0.5483870967741935,0.8085106382978723,0.6923076923076923,0.9629629629629629,0.8947368421052632,0.9655172413793104,0.9166666666666666,1.0,1.0,1.0,1.0,1.0,1.0,1.0,0.9565217391304348,1.0,1.0,1.0,1.0,1.0,1.0,1.0,0.9333333333333333,1.0,1.0,1.0,1.0,1.0,1.0,1.0,1.0,0.9285714285714286,1.0,1.0,1.0,1.0,1.0,1.0,1.0,1.0,1.0,1.0,1.0,1.0,1.0,1.0,1.0,1.0,1.0,1.0,0.0,0.0,0.0,0.0,0.0,0.0,0.0,0.0,0.0,0.0,0.0,0.0,0.0,0.0,0.0,0.0,1.0,0.0,1.0,1.0,1.0,1.0
247897, fadE, G->T, noncoding,1.48258,9.999e-05,120,-1.0,0.428571,119,0.9,0.307692,PASS,0.0,0.0,0.0,0.0,0.0,0.0,0.0,0.0,0.0,0.0,0.0,0.0,0.0,0.0,0.0,0.0,0.0,0.0,0.0,0.0,0.0,0.0,0.0,0.0,0.0,0.0,0.0,0.018518518518518517,0.0,0.0,0.0,0.0,0.0,0.0,0.0,0.0,0.0,0.0,0.0,0.0,0.0,0.0,0.0,0.0,0.0,0.0,0.0,0.0,0.0,0.0,0.0,0.0,0.0,0.0,0.0,0.0,0.0,0.0,0.0,0.0,0.0,0.0,0.0,0.0,0.0,0.0,0.0,0.0,0.0,0.0,0.0,0.0,0.0,0.0,0.0,0.0,0.0,0.0,0.0,0.0,0.0,0.0,0.0,0.0,0.0,0.0,0.0,0.0,0.0,0.0,0.0,0.0,0.0,0.0,0.058823529411764705,0.22580645161290322,0.3333333333333333,0.6,0.8554216867469879,0.9558823529411765,1.0,1.0,0.9310344827586207,1.0,1.0,1.0,1.0,0.9855072463768116,1.0,1.0,1.0,1.0,1.0,1.0,1.0,1.0,1.0,1.0,1.0,1.0,1.0,0.0,0.0,0.0,0.0,0.0,0.0,0.0,0.0,0.0,0.0,0.0,0.0,0.0,0.0,0.0,0.0,0.0,0.0,0.0,0.0,0.9953703703703703,1.0
304709, intergenic, MOB_304709_304717_IS1_-1, sv,3.17559,9.999e-05,120,-1.0,0.75,114,0.9,0.705882,PASS,0.0,0.0,0.0,0.0,0.0,0.0,0.0,0.0,0.0,0.0,0.0,0.0,0.0,0.0,0.0,0.0,0.0,0.0,0.0,0.0,0.0,0.0,0.0,0.0,0.0,0.0,0.0,0.0,0.0,0.0,0.0,0.0,0.0,0.0,0.0,0.0,0.0,0.0,0.0,0.0,0.0,0.0,0.0,0.0,0.0,0.0,0.0,0.0,0.0,0.0,0.0,0.0,0.0,0.0,0.0,0.0,0.09700161812297735,0.5574649025069638,0.540636,0.6292189500640206,0.7918667699457785,0.5868271428571429,0.39022618384401114,0.34901241830065366,0.6479333333333334,0.9109945454545454,0.4284128939828081,0.23074421364985165,0.3014988853503185,0.28645873925501436,0.11766337758112096,0.25079172932330823,0.0856987567987568,0.26901564792176036,0.06662307692307692,0.07144060931899641,0.0,0.0,0.0,0.0,0.0,0.0,0.0,0.0,0.0,0.0,0.0,0.0,0.0,0.0,0.0,0.0,0.0,0.0,0.0,0.0,0.0,0.0,0.0,0.0,0.0,0.0,0.0,0.0,0.0,0.0,0.0,0.0,0.0,0.0,0.0,0.0,0.0,0.0,0.0,0.0,0.0,0.0,0.0,0.0,0.0,0.0,0.0,0.0,0.0,0.0,0.0,0.0,0.0,0.0,0.0,0.0,0.0,0.0,0.0,0.0,0.0,0.0,0.0,0.0,0.0,0.0,0.0
387698, intergenic, T->C, noncoding,2.77707,0.00019998,120,-1.0,0.5,118,0.9,0.75,PASS,0.0,0.0,0.0,0.0,0.0,0.0,0.0,0.0,0.0,0.0,0.0,0.0,0.0,0.0,0.0,0.0,0.0,0.0,0.0,0.0,0.0,0.0,0.0,0.0,0.0,0.0,0.0,0.0,0.0,0.0,0.0,0.0,0.0,0.0,0.0,0.0,0.0,0.0,0.0,0.0,0.09090909090909091,0.3333333333333333,0.0,0.17543859649122806,0.17647058823529413,0.0,0.11764705882352941,0.18181818181818182,0.21428571428571427,0.12,0.0,0.42857142857142855,0.17391304347826086,0.4,0.2857142857142857,0.05,0.045454545454545456,0.0,0.0,0.0,0.0,0.0,0.0,0.0,0.0,0.0,0.0,0.0,0.0,0.0,0.041666666666666664,0.0,0.0,0.0,0.0,0.0,0.0,0.0,0.0,0.0,0.0,0.0,0.0,0.0,0.0,0.0,0.0,0.0,0.0,0.0,0.0,0.0,0.0,0.0,0.0,0.0,0.0,0.0,0.0,0.0,0.0,0.0,0.0,0.0,0.0,0.0,0.0,0.0,0.0,0.0,0.0,0.0,0.0,0.0,0.0,0.0,0.0,0.0,0.0,0.0,0.0,0.0,0.0,0.0,0.0,0.0,0.0,0.0,0.0,0.0,0.0,0.0,0.0,0.0,0.0,0.0,0.0,0.0,0.0,0.0,0.0,0.0,0.0
428660, clpX, A->T, missense,3.0332,0.00249975,120,-1.0,1.0,118,0.9,0.857143,PASS,0.0,0.0,0.0,0.0,0.0,0.0,0.0,0.0,0.0,0.0,0.0,0.0,0.0,0.0,0.0,0.0,0.0,0.0,0.0,0.0,0.0,0.0,0.0,0.0,0.0,0.0,0.0,0.0,0.0,0.0,0.0,0.0,0.0,0.0,0.0,0.0,0.0,0.0,0.0,0.0,0.0,0.0,0.0,0.012048192771084338,0.0,0.0,0.0,0.0,0.0,0.0,0.0,0.0,0.0,0.0,0.0,0.0,0.0,0.0,0.0,0.0,0.0,0.0,0.0,0.0,0.0,0.0,0.0,0.0,0.0,0.0,0.0,0.0,0.0,0.0,0.0,0.0,0.0,0.0,0.0,0.0,0.0,0.0,0.0,0.0,0.0,0.0,0.0,0.0,0.0,0.0,0.0,0.0,0.0,0.0,0.0,0.0,0.0,0.0,0.0,0.0,0.0,0.0,0.0,0.0,0.0,0.0,0.0,0.0,0.0,0.0,0.0,0.03389830508474576,0.011764705882352941,0.04504504504504504,0.03571428571428571,0.08163265306122448,0.0,0.08074534161490683,0.26666666666666666,0.3375,0.7567567567567568,0.0,0.0,0.0,0.0,0.0,0.0,0.0,0.0,0.0,0.0,0.0,0.0,0.0,0.0,0.0,0.0,0.0,0.0,0.0,0.0,0.0,0.0
430855, lon, C->T, noncoding,1.99781,0.00029997,120,-1.0,0.545455,118,0.9,0.631579,PASS,0.0,0.0,0.0,0.0,0.0,0.0,0.0,0.0,0.0,0.0,0.0,0.0,0.0,0.0,0.0,0.0,0.0,0.0,0.0,0.0,0.0,0.0,0.0,0.0,0.0,0.0,0.0,0.0,0.0,0.0,0.0,0.0,0.0,0.0,0.0,0.0,0.0,0.0,0.0,0.0,0.0,0.0,0.0,0.0,0.0,0.0,0.0,0.0,0.0,0.0,0.0,0.0,0.0,0.0,0.0,0.0,0.0,0.0,0.0,0.0,0.0,0.0,0.0,0.0,0.0,0.0,0.0,0.0,0.0,0.0,0.0,0.0,0.0,0.0,0.0,0.0,0.0,0.0,0.0,0.0,0.0,0.0,0.0,0.0,0.0,0.0,0.0,0.0,0.0,0.0,0.0,0.0,0.0,0.0,0.0,0.0,0.0,0.0,0.0,0.0,0.0,0.0,0.0,0.0,0.0,0.0,0.0,0.0,0.0,0.025210084033613446,0.13043478260869565,0.0989010989010989,0.2683982683982684,0.4942528735632184,0.46875,0.30927835051546393,0.49122807017543857,0.4099616858237548,0.46153846153846156,0.45806451612903226,0.17391304347826086,0.0,0.0,0.0,0.0,0.0,0.0,0.0,0.0,0.0,0.0,0.0,0.0,0.0,0.0,0.0,0.0,0.0,0.0,0.0,0.0,0.0,0.0
430917, lon, C->T, noncoding,0.975581,9.999e-05,120,-1.0,0.4,119,0.9,0.857143,PASS,0.0,0.0,0.0,0.0,0.0,0.0,0.0,0.0,0.0,0.0,0.0,0.02127659574468085,0.0,0.0,0.0,0.0,0.0,0.0,0.0,0.0,0.0,0.0,0.0,0.0,0.0,0.0,0.0,0.05172413793103448,0.3191489361702128,0.5087719298245614,0.6190476190476191,0.7708333333333334,0.9333333333333333,0.9666666666666667,1.0,1.0,1.0,1.0,1.0,1.0,1.0,1.0,1.0,1.0,1.0,1.0,1.0,1.0,1.0,1.0,1.0,1.0,1.0,1.0,1.0,1.0,1.0,1.0,1.0,1.0,1.0,1.0,1.0,1.0,1.0,1.0,1.0,1.0,1.0,1.0,1.0,1.0,1.0,1.0,1.0,1.0,1.0,1.0,1.0,1.0,1.0,1.0,0.9827586206896551,1.0,1.0,1.0,1.0,1.0,1.0,1.0,1.0,1.0,1.0,1.0,1.0,1.0,1.0,1.0,1.0,0.9852941176470589,1.0,1.0,1.0,0.9795918367346939,1.0,1.0,1.0,1.0,1.0,1.0,1.0,1.0,1.0,0.9948186528497409,1.0,1.0,1.0,0.9942528735632183,1.0,1.0,1.0,0.0,0.0,0.0,0.0,0.0,0.0,0.0,0.0,0.0,0.0,0.0,0.0,1.0,1.0,1.0,1.0,1.0,1.0,1.0,1.0,0.9947643979057592,1.0
474965, ybaL, A->C, nonsense,0.977564,9.999e-05,120,-1.0,0.0875912,119,0.9,0.272727,PASS,0.0,0.0,0.0,0.0,0.0,0.0,0.0,0.2777777777777778,0.3770491803278688,0.09375,0.3103448275862069,0.9655172413793104,0.9411764705882353,1.0,1.0,1.0,1.0,0.972972972972973,0.95,1.0,1.0,1.0,1.0,1.0,1.0,1.0,1.0,1.0,1.0,1.0,1.0,1.0,1.0,1.0,1.0,1.0,1.0,1.0,1.0,1.0,1.0,1.0,1.0,1.0,1.0,1.0,1.0,1.0,1.0,1.0,1.0,1.0,1.0,1.0,1.0,1.0,1.0,1.0,1.0,1.0,1.0,1.0,1.0,1.0,1.0,1.0,1.0,1.0,1.0,1.0,1.0,1.0,1.0,1.0,1.0,1.0,1.0,1.0,1.0,1.0,0.9565217391304348,1.0,1.0,1.0,1.0,1.0,1.0,1.0,1.0,1.0,1.0,1.0,1.0,1.0,1.0,1.0,1.0,1.0,1.0,1.0,1.0,1.0,1.0,1.0,1.0,1.0,1.0,1.0,1.0,1.0,1.0,1.0,1.0,1.0,1.0,1.0,1.0,1.0,1.0,1.0,1.0,0.0,0.0,0.0,0.0,0.0,0.0,0.0,0.0,0.0,0.0,1.0,1.0,1.0,1.0,0.99,1.0,1.0,1.0,1.0,1.0,0.9954337899543378,1.0
508508, hyi, C->T, synonymous,3.72043,0.00369963,120,-1.0,0.0628272,118,0.9,0.307692,PASS,0.0,0.0,0.0,0.0,0.0,0.0,0.0,0.0,0.0,0.0,0.0,0.0,0.0,0.0,0.0,0.0,0.0,0.0,0.0,0.0,0.0,0.0,0.0,0.0,0.0,0.0,0.0,0.0,0.0,0.0,0.0,0.0,0.0,0.0,0.0,0.0,0.0,0.0,0.0,0.04,0.0,0.0,0.0,0.0,0.0,0.0,0.0,0.0,0.0,0.0,0.0,0.0,0.0,0.0,0.0,0.0,0.0,0.0,0.0,0.0,0.0,0.0,0.0,0.0,0.1,0.0,0.2,0.08955223880597014,0.08823529411764706,0.0,0.0,0.0,0.0,0.0,0.0,0.0,0.0,0.0,0.0,0.0,0.0,0.0,0.0,0.0,0.0,0.0,0.0,0.0,0.0,0.0,0.0,0.0,0.0,0.0,0.0,0.0,0.0,0.0,0.0,0.0,0.0,0.0,0.0,0.0,0.0,0.0,0.0,0.0,0.0,0.0,0.0,0.0,0.0,0.0,0.0,0.0,0.0,0.0,0.0,0.0125,0.0,0.0,0.0,0.0,0.0,0.0,0.0,0.018867924528301886,0.0,0.0,0.0,0.0,0.0,0.0,0.0,0.0,0.0,0.0,0.0,0.0,0.0,0.0,0.0
545561, rus, MOB_545561_545564_IS3_1, sv,6.31252,0.00019998,120,-1.0,0.521739,119,0.9,0.857143,PASS,0.0,0.0,0.0,0.0,0.0,0.0,0.0,0.0,0.0,0.0,0.0,0.0,0.0,0.0,0.0,0.0,0.0,0.0,0.0,0.0,0.0,0.0,0.0,0.0,0.0,0.0,0.0,0.0,0.0,0.0,0.0,0.0,0.0,0.0,0.0,0.0,0.0,0.0,0.0,0.0,0.0,0.0,0.0,0.0,0.0,0.0,0.0,0.0,0.0,0.0,0.0,0.0,0.0,0.0,0.06269592476489029,0.023612750885478158,0.17467248908296945,0.1858736059479554,0.11152416356877325,0.028288543140028287,0.0,0.0,0.0,0.0,0.0,0.0,0.0,0.0,0.0,0.0,0.0,0.0,0.0,0.0,0.0,0.0,0.0,0.0,0.0,0.0,0.0,0.0,0.0,0.0,0.0,0.0,0.0,0.0,0.0,0.0,0.0,0.0,0.0,0.0,0.0,0.0,0.0,0.0,0.0,0.0,0.0,0.0,0.0,0.0,0.0,0.0,0.0,0.0,0.0,0.0,0.0,0.0,0.0,0.0,0.0,0.0,0.0,0.0,0.0,0.0,0.0,0.0,0.0,0.0,0.0,0.0,0.0,0.0,0.0,0.0,0.0,0.0,0.0,0.0,0.0,0.0,0.0,0.0,1.0,0.0,0.0,0.0,0.0
545968, ybcQ, junction_545968_-1_IS1_end, sv,4.53058,0.00059994,120,-1.0,1.0,118,0.9,0.857143,PASS,0.0,0.0,0.0,0.0,0.0,0.0,0.0,0.0,0.0,0.0,0.0,0.0,0.0,0.0,0.0,0.0,0.0,0.0,0.0,0.0,0.0,0.0,0.0,0.0,0.0,0.0,0.0,0.0,0.0,0.0,0.0,0.0,0.0,0.0,0.0,0.0,0.0,0.0,0.0,0.0,0.0,0.0,0.0,0.0,0.0,0.0,0.0,0.0,0.0,0.0,0.0,0.0,0.0,0.0,0.0,0.0,0.0,0.0,0.0,0.0,0.0,0.0,0.0,0.0,0.0,0.0,0.0,0.0,0.0,0.0,0.0,0.0,0.0,0.0,0.0,0.0,0.0,0.0,0.0,0.0,0.0,0.0,0.0,0.0,0.0,0.0,0.0,0.0,0.0,0.0,0.0,0.0,0.0,0.0,0.0,0.0,0.0,0.0,0.0,0.0,0.0,0.0,0.0,0.0,0.06896551724137931,0.16,0.08108108108108109,0.05405405405405406,0.058823529411764705,0.010416666666666666,0.0,0.0,0.0,0.010752688172043012,0.0,0.0,0.0,0.0,0.0,0.0,0.0,0.0,0.0,0.0,0.0,0.0,0.0,0.0,0.0,0.0,0.0,0.0,0.0,0.0,0.0,0.0,0.0,0.0,0.0,0.0,0.0,0.0,0.0
618738, ybdN, C->T, missense,2.5399,0.00975399,120,-1.0,0.857143,117,0.9,0.631579,PASS,0.0,0.0,0.0,0.0,0.0,0.0,0.0,0.0,0.0,0.0,0.0,0.030303030303030304,0.0,0.0,0.0,0.0,0.0,0.0,0.0,0.0,0.0,0.0,0.0,0.0,0.0,0.0,0.0,0.0,0.0,0.0,0.0,0.0,0.0,0.0,0.0,0.0,0.0,0.0,0.0,0.0,0.0,0.0,0.0,0.0,0.0,0.041666666666666664,0.0,0.0,0.0,0.0,0.0,0.0,0.0,0.0,0.0,0.0,0.045454545454545456,0.0,0.0,0.0,0.0,0.0,0.0,0.0,0.0,0.0,0.0,0.0,0.0,0.0,0.0,0.0,0.0,0.0,0.0,0.0,0.0,0.0,0.0,0.0,0.0,0.0,0.0,0.0,0.0,0.0,0.0,0.0,0.0,0.0,0.0,0.0,0.0,0.0,0.0,0.0,0.0,0.0,0.0,0.0,0.0,0.0,0.0,0.0,0.0,0.0,0.0,0.0,0.0,0.0,0.0,0.0,0.007462686567164179,0.0,0.0,0.023255813953488372,0.023255813953488372,0.09090909090909091,0.16326530612244897,0.07792207792207792,0.07407407407407407,0.0,0.0,0.0,0.0,0.0,0.0,0.0,0.0,0.0,0.0,0.0,0.0,0.0,0.0,0.0,0.0,0.0,0.0,0.0,0.0,0.0,0.0
683455, nagC, T->G, missense,4.00982,0.00479952,120,-1.0,0.857143,119,0.9,0.4,PASS,0.0,0.0,0.0,0.0,0.0,0.0,0.0,0.0,0.0,0.0,0.0,0.0,0.0,0.0,0.0,0.0,0.0,0.0,0.0,0.0,0.0,0.0,0.0,0.0,0.0,0.0,0.0,0.0,0.0,0.0,0.0,0.0,0.0,0.0,0.0,0.0,0.0,0.0,0.0,0.0,0.0,0.0,0.0,0.0,0.0,0.0,0.0,0.0,0.0,0.0,0.0,0.0,0.0,0.0,0.0,0.0,0.0,0.0,0.0,0.0,0.0,0.0,0.0,0.0,0.0,0.0,0.0,0.0,0.0,0.0,0.0,0.0,0.0,0.0,0.0,0.0,0.0,0.0,0.0,0.0,0.0,0.0,0.0,0.0,0.0,0.0,0.0,0.0,0.0,0.0,0.0,0.0,0.0,0.0,0.0,0.0,0.0,0.0,0.0,0.0,0.0,0.0,0.0,0.0,0.0,0.0,0.0,0.0,0.0,0.0,0.0,0.0,0.0,0.0,0.0,0.0,0.0,0.011764705882352941,0.045454545454545456,0.13636363636363635,0.14285714285714285,0.0,0.0,0.0,0.0,0.0,0.0,0.0,0.0,0.0,0.0,0.0,0.0,0.0,0.0,0.0,0.0,0.0,0.0,0.0,0.0,0.0,0.0
743469, sucB, G->A, missense,1.31642,9.999e-05,120,-1.0,0.705882,118,0.9,0.857143,PASS,0.0,0.0,0.0,0.0,0.0,0.0,0.0,0.0,0.006993006993006993,0.0,0.0,0.030303030303030304,0.0,0.0,0.0,0.0,0.0,0.0,0.0,0.0,0.0,0.0,0.0,0.0,0.0,0.0,0.0,0.0,0.0,0.0,0.0,0.0,0.0,0.0,0.041666666666666664,0.0,0.0,0.0,0.0,0.0,0.0,0.0,0.0,0.0,0.0,0.0,0.0,0.0,0.0,0.0,0.0,0.0,0.0,0.0,0.0,0.0,0.0,0.0,0.0,0.0,0.0,0.0,0.0,0.0,0.0,0.0,0.0,0.0,0.0,0.0,0.0,0.0,0.0,0.0,0.0,0.0,0.0,0.0,0.0,0.0,0.0,0.0,0.0,0.0,0.0,0.0,0.0,0.11764705882352941,0.047619047619047616,0.09090909090909091,0.2222222222222222,1.0,1.0,1.0,0.9791666666666666,1.0,1.0,0.9767441860465116,1.0,1.0,1.0,1.0,1.0,1.0,1.0,1.0,1.0,1.0,1.0,1.0,1.0,0.9894736842105263,1.0,1.0,1.0,1.0,1.0,0.9939759036144579,1.0,0.991304347826087,1.0,0.0,0.0,0.0,0.0,0.0,0.0,0.0,0.0,0.0,0.0,0.0,0.0,0.0,0.0,0.0,0.0,0.0,0.0,0.0,0.0,1.0,1.0
795320, intergenic, MOB_795320_795325_IS186_1, sv,1.7612,0.00309969,120,-1.0,0.857143,112,0.9,0.444444,PASS,0.0,0.0,0.0,0.0,0.0,0.0,0.0,0.0,0.0064516129032258064,0.013333333333333334,0.0,0.0,0.0,0.0,0.0,0.0,0.0,0.0,0.0,0.0,0.0,0.0,0.0,0.023255813953488372,0.0,0.0,0.0,0.04838709677419355,0.08064516129032258,0.07894736842105263,0.21428571428571427,0.046511627906976744,0.05263157894736842,0.056074766355140186,0.041666666666666664,0.0,0.0,0.0,0.0,0.0,0.0,0.0,0.0,0.0,0.0,0.0,0.0,0.0,0.0,0.0,0.0,0.0,0.0,0.0,0.0,0.0,0.0,0.0,0.0,0.0,0.0,0.0,0.0,0.0,0.0,0.0,0.0,0.0,0.0,0.0,0.0,0.0,0.0,0.0,0.0,0.0,0.0,0.0,0.0,0.0,0.0,0.0,0.02,0.0,0.0,0.0,0.0,0.02631578947368421,0.0,0.0,0.0,0.0,0.0,0.0,0.0,0.0,0.0,0.0,0.0,0.0,0.0,0.00847457627118644,0.0,0.0,0.0,0.0,0.0,0.0,0.0,0.006024096385542169,0.0,0.0,0.006896551724137931,0.0,0.0,0.01639344262295082,0.0,0.035046728971962614,0.03571428571428571,0.041666666666666664,0.031746031746031744,0.0,0.0,0.0,0.0,0.0,0.0,0.0,0.0,0.0,0.0,0.0,0.0,0.0,0.0,0.0,0.0,0.0,0.0,0.0,0.0,0.0,0.0
819818, ybhS, junction_819818_1_IS1_end, sv,4.82123,0.00109989,120,-1.0,1.0,117,0.9,0.705882,PASS,0.006535947712418301,0.0,0.0,0.0,0.0,0.0,0.0,0.0,0.0,0.0,0.0,0.0,0.0,0.0,0.0,0.0,0.0,0.0,0.0,0.0,0.0,0.0,0.0,0.0,0.0,0.0,0.0,0.0,0.0,0.0,0.0,0.0,0.0,0.0,0.0,0.0,0.0,0.0,0.0,0.0,0.0,0.0,0.0,0.0,0.0,0.0,0.0,0.0,0.0,0.0,0.0,0.0,0.0,0.0,0.0,0.0,0.0,0.0,0.0,0.0,0.0,0.0,0.0,0.0,0.0,0.0,0.0,0.0,0.0,0.0,0.0,0.0,0.10714285714285714,0.0967741935483871,0.13333333333333333,0.047619047619047616,0.0,0.0,0.0,0.0,0.0,0.0,0.0,0.0,0.0,0.0,0.0,0.0,0.0,0.0,0.0,0.0,0.0,0.0,0.0,0.0,0.0,0.0,0.0,0.0,0.0,0.0,0.0,0.0,0.0,0.0,0.0,0.0,0.0,0.0,0.0,0.0,0.0,0.0,0.0,0.0,0.0,0.0,0.0,0.0,0.0,0.0,0.0,0.0,0.0,0.0,0.0,0.0,0.0,0.0,0.0,0.0,0.0,0.0,0.0,0.0,0.0,0.0,0.0,0.0,0.0,0.0,0.0
876979, cmr, T->G, missense,3.52957,9.999e-05,120,-1.0,0.6,118,0.9,0.923077,PASS,0.0,0.0,0.0,0.0,0.0,0.0,0.0,0.0,0.012195121951219513,0.0,0.0,0.0,0.0,0.0,0.0,0.0,0.0,0.0,0.0,0.0,0.0,0.0,0.0,0.0,0.0,0.0,0.0,0.0,0.0,0.0,0.0,0.0,0.0,0.0,0.0,0.0,0.0,0.0,0.0,0.0,0.0,0.0,0.0,0.0,0.0,0.0,0.0,0.0,0.0,0.0,0.0,0.0,0.0,0.0,0.0,0.0,0.0,0.0,0.0,0.0,0.0,0.0,0.0,0.06666666666666667,0.12,0.1111111111111111,0.125,0.35135135135135137,0.37037037037037035,0.6190476190476191,0.9090909090909091,0.35,0.04878048780487805,0.13333333333333333,0.18181818181818182,0.0,0.043478260869565216,0.0,0.043478260869565216,0.0,0.045454545454545456,0.0,0.043478260869565216,0.1,0.0,0.0,0.0,0.0,0.0,0.0,0.0,0.0,0.0,0.0,0.0,0.0,0.0,0.0,0.0,0.0,0.0,0.0,0.0,0.0,0.0,0.0,0.0,0.0,0.0,0.0,0.0,0.0,0.0,0.0,0.0,0.0,0.0,0.0,0.0,0.0,0.0,0.0,0.0,0.0,0.0,0.0,0.0,0.0,0.0,0.0,0.0,0.0,0.0,0.0,0.0,0.0,0.0,0.0,0.0,0.0,0.0,0.0,0.0
917630, artM, C->A, synonymous,3.57829,0.012698,120,-1.0,0.545455,118,0.9,0.428571,PASS,0.0,0.0,0.0,0.0,0.0,0.03125,0.0,0.0,0.0,0.0,0.0,0.0,0.0,0.0,0.0,0.0,0.0,0.0,0.0,0.0,0.0,0.0,0.0,0.0,0.0,0.0,0.0,0.0,0.0,0.0,0.0,0.0,0.0,0.0,0.0,0.0,0.0,0.0,0.0,0.0,0.0,0.0,0.0,0.0,0.0,0.0,0.0,0.0,0.0,0.0,0.0,0.0,0.0,0.0,0.0,0.0,0.0,0.0,0.0,0.0,0.0,0.0,0.0,0.0,0.0,0.0,0.0,0.0,0.0,0.0,0.0,0.05357142857142857,0.09090909090909091,0.1,0.0,0.21052631578947367,0.0,0.0,0.0,0.0,0.0,0.0,0.0,0.0,0.0,0.0,0.0,0.0,0.0,0.0,0.0,0.0,0.0,0.0,0.0,0.0,0.0,0.0,0.0,0.0,0.0,0.0,0.0,0.0,0.0,0.0,0.0,0.0,0.0,0.0,0.0,0.0,0.0,0.0,0.0,0.0,0.0,0.0,0.0,0.0,0.0,0.014084507042253521,0.0,0.0,0.0,0.0,0.0,0.0,0.0,0.0,0.0,0.0,0.0,0.0,0.0,0.0,0.0,0.0,0.0,0.0,0.0,0.0,0.0
930552, hcp, A->G, noncoding,1.21449,9.999e-05,120,-1.0,1.0,116,0.9,0.923077,PASS,0.0,0.0,0.0,0.0,0.0,0.0,0.0,0.0,0.0,0.0,0.0,0.0,0.0,0.0,0.0,0.0,0.0,0.0,0.0,0.0,0.0,0.0,0.0,0.0,0.0,0.0,0.0,0.0,0.0,0.0,0.0,0.0,0.0,0.0,0.0,0.0,0.0,0.0,0.0,0.0,0.0,0.0,0.0,0.0,0.0,0.0,0.0,0.0,0.0,0.0,0.0,0.0,0.0,0.0,0.0,0.0,0.0,0.0,0.0,0.0,0.0,0.0,0.0,0.0,0.0,0.0,0.0,0.0,0.0,0.0,0.0,0.0,0.0,0.0,0.0,0.0,0.0,0.0,0.0,0.0,0.18181818181818182,0.7692307692307693,0.5,0.7777777777777778,0.8571428571428571,0.8823529411764706,0.9166666666666666,1.0,0.7878787878787878,1.0,1.0,1.0,1.0,1.0,1.0,1.0,1.0,1.0,1.0,0.9767441860465116,1.0,1.0,1.0,1.0,1.0,1.0,1.0,1.0,1.0,1.0,1.0,1.0,1.0,1.0,1.0,1.0,1.0,0.9930555555555556,1.0,1.0,1.0,0.0,0.0,0.0,0.0,0.0,0.0,0.0,0.0,0.0,0.0,0.0,0.0,0.0,0.0,0.0,0.0,0.0,0.0,0.0,0.0,1.0,1.0
934361, ybjD, G->A, missense,1.24596,9.999e-05,120,-1.0,0.5,118,0.9,0.4,PASS,0.0,0.0,0.0,0.0,0.0,0.0,0.0,0.0,0.0,0.0,0.0,0.0,0.0,0.0,0.0,0.0,0.0,0.0,0.0,0.0,0.0,0.0,0.0,0.0,0.0,0.0,0.0,0.0,0.0,0.0,0.0,0.0,0.0,0.0,0.0,0.0,0.0,0.0,0.0,0.0,0.0,0.0,0.0,0.0,0.0,0.0,0.0,0.0,0.0,0.0,0.0,0.0,0.0,0.0,0.0,0.0,0.0,0.0,0.0,0.0,0.0,0.0,0.0,0.0,0.0,0.1,0.0,0.0,0.0,0.0,0.0,0.0,0.0,0.0,0.0,0.0,0.0,0.0,0.07692307692307693,0.03076923076923077,0.44,0.9411764705882353,0.8846153846153846,0.9090909090909091,0.9137931034482759,0.96,1.0,0.7272727272727273,0.8148148148148148,0.8181818181818182,1.0,1.0,1.0,0.9444444444444444,1.0,1.0,1.0,1.0,1.0,1.0,1.0,1.0,1.0,1.0,1.0,1.0,1.0,1.0,1.0,1.0,1.0,1.0,1.0,1.0,1.0,0.9791666666666666,1.0,1.0,1.0,1.0,1.0,0.0,0.0,0.0,0.0,0.0,0.0,0.0,0.0,0.0,0.0,0.0,0.0,0.0,0.0,0.0,0.0,0.0,0.0,0.0,0.0,1.0,0.9921259842519685
935051, ybjX, indel;A;-1;T, indel,2.56187,0.0009999,120,-1.0,0.705882,116,0.9,0.413793,PASS,0.0,0.0,0.0,0.0,0.0,0.0,0.0,0.0,0.0,0.0,0.0,0.0,0.0,0.0,0.0,0.0,0.0,0.0,0.0,0.0,0.0,0.0,0.0,0.04,0.0,0.0,0.0,0.0,0.0,0.0,0.0,0.0,0.0,0.0,0.0,0.0,0.0,0.0,0.0,0.0,0.0,0.0,0.0,0.0,0.0,0.0,0.0,0.0,0.0,0.0,0.0,0.0,0.0,0.0,0.0,0.0,0.0,0.0,0.0,0.02702702702702703,0.0,0.0,0.0,0.0,0.0,0.0,0.0,0.0,0.0,0.0,0.0,0.0,0.0,0.0,0.0,0.0,0.0,0.0,0.0,0.0,0.0,0.0,0.0,0.0,0.0,0.0,0.0,0.0,0.0,0.0,0.0,0.0,0.0,0.0,0.0,0.0,0.0,0.0,0.0,0.0,0.0,0.0,0.0,0.0,0.0,0.0,0.13636363636363635,0.0,0.0,0.017241379310344827,0.1111111111111111,0.09090909090909091,0.015873015873015872,0.038461538461538464,0.16666666666666666,0.023809523809523808,0.037037037037037035,0.19811320754716982,0.2894736842105263,0.43333333333333335,0.6666666666666666,0.0,0.0,0.0,0.0,0.0,0.0,0.0,0.0,0.0,0.0,0.0,0.0,0.0,0.0,0.0,0.0,0.0,0.0,0.01,0.0,0.0,0.0
949821, lrp, T->G, missense,0.989429,9.999e-05,120,-1.0,0.521739,119,0.9,0.75,PASS,0.0,0.0,0.0,0.0,0.0,0.0,0.0,0.0,0.0,0.0,0.0,0.0,0.0,0.0,0.0,0.0,0.0,0.0,0.0,0.0,0.0,0.0,0.0,0.5660377358490566,1.0,1.0,1.0,1.0,1.0,1.0,1.0,1.0,1.0,1.0,1.0,1.0,1.0,1.0,1.0,1.0,1.0,1.0,1.0,1.0,1.0,1.0,1.0,1.0,1.0,1.0,1.0,1.0,1.0,1.0,1.0,1.0,1.0,1.0,1.0,1.0,1.0,1.0,1.0,1.0,1.0,1.0,1.0,1.0,1.0,1.0,1.0,1.0,1.0,1.0,1.0,1.0,1.0,1.0,1.0,1.0,0.9722222222222222,1.0,1.0,1.0,1.0,1.0,1.0,1.0,1.0,1.0,1.0,1.0,1.0,1.0,1.0,1.0,1.0,1.0,1.0,1.0,1.0,1.0,1.0,1.0,1.0,1.0,1.0,1.0,1.0,1.0,1.0,1.0,1.0,1.0,1.0,1.0,1.0,1.0,1.0,0.991304347826087,1.0,0.0,0.0,0.0,0.01694915254237288,0.0,0.0,0.0,0.0,0.0,0.0,0.0,0.0,1.0,1.0,1.0,1.0,1.0,0.9743589743589743,0.9852941176470589,1.0,1.0,1.0
979486, rpsA, T->G, missense,0.991539,9.999e-05,120,-1.0,0.0784314,117,0.9,0.0366972,PASS,0.0,0.0,0.0,0.0,0.0,0.5769230769230769,0.8571428571428571,1.0,1.0,1.0,1.0,1.0,1.0,1.0,1.0,1.0,0.8571428571428571,1.0,1.0,1.0,1.0,1.0,1.0,1.0,1.0,1.0,1.0,1.0,1.0,1.0,1.0,1.0,1.0,1.0,1.0,1.0,1.0,1.0,1.0,1.0,1.0,1.0,1.0,1.0,1.0,1.0,1.0,1.0,1.0,1.0,1.0,1.0,1.0,1.0,1.0,1.0,1.0,1.0,1.0,0.967741935483871,1.0,1.0,1.0,1.0,1.0,1.0,1.0,1.0,1.0,1.0,1.0,1.0,1.0,1.0,1.0,1.0,1.0,1.0,1.0,1.0,1.0,1.0,1.0,1.0,1.0,1.0,1.0,1.0,1.0,1.0,1.0,1.0,1.0,1.0,1.0,1.0,1.0,1.0,1.0,1.0,1.0,1.0,1.0,1.0,1.0,0.9565217391304348,1.0,1.0,1.0,1.0,1.0,1.0,1.0,1.0,1.0,1.0,1.0,1.0,1.0,1.0,1.0,0.012345679012345678,0.0,0.0,0.0,0.0,0.0,0.0,0.0,1.0,1.0,1.0,1.0,1.0,1.0,1.0,0.9772727272727273,1.0,1.0,1.0,1.0,1.0,0.9652173913043478
998325, ycbB, MOB_998325_998330_IS186_-1, sv,0.961397,9.999e-05,120,-1.0,0.857143,118,0.9,0.5,PASS,0.0,0.0,0.0,0.0,0.0,0.0,0.0,0.0,0.0,0.0,0.0,0.0,0.0,0.02702702702702703,0.0,0.0,0.0,0.0,0.0,0.0,0.0,0.0,0.0,0.0,0.0,0.0,0.0,0.0,0.0,0.0,0.0,0.0,0.0,0.0,0.0,0.0,0.0,0.0,0.0,0.0,0.0,0.0,0.0,0.046511627906976744,0.3125,0.8636363636363636,0.8611111111111112,0.8444444444444444,0.696969696969697,0.8,0.8333333333333334,0.6666666666666666,0.9272727272727272,1.0,0.9393939393939394,0.9367088607594937,1.0,1.0,0.9846153846153847,1.0,1.0,1.0,1.0,0.9722222222222222,1.0,1.0,0.926829268292683,0.9777777777777777,0.95,1.0,0.9795918367346939,0.9852941176470589,0.9905660377358491,1.0,1.0,0.9791666666666666,0.9868421052631579,1.0,1.0,0.9939393939393939,1.0,0.972972972972973,1.0,1.0,0.9795918367346939,0.9821428571428571,1.0,1.0,1.0,1.0,0.96,0.989247311827957,1.0,0.9821428571428571,1.0,1.0,1.0,0.9782608695652174,0.9905660377358491,1.0,1.0,0.9906542056074766,1.0,0.9803921568627451,1.0,1.0,0.9836065573770492,1.0,0.9583333333333334,0.9850746268656716,1.0,1.0,0.9848942598187311,0.9853658536585366,1.0,0.9891304347826086,0.9661016949152542,1.0,1.0,0.9866666666666667,0.9841269841269841,0.0,0.0,0.0,0.0,0.0,0.0,0.0,0.0,0.0,0.0,0.0,0.0,0.0,0.0,0.0,0.0,0.9111111111111111,0.918918918918919,0.956989247311828,0.9534883720930233,0.9763617677286742,0.9878787878787879
1055618, appC, indel;+11;+5;+ACCTGC, indel,0.987554,9.999e-05,120,-1.0,0.4,118,0.9,0.545455,PASS,0.02358490566037736,0.0,0.0,0.0,0.125,0.775,0.8461538461538461,0.8333333333333334,0.9895833333333334,1.0,1.0,1.0,0.95,1.0,1.0,1.0,1.0,1.0,1.0,1.0,1.0,1.0,1.0,1.0,1.0,1.0,1.0,1.0,1.0,1.0,1.0,1.0,1.0,1.0,1.0,1.0,1.0,1.0,1.0,1.0,1.0,1.0,1.0,1.0,1.0,1.0,1.0,1.0,1.0,1.0,1.0,1.0,1.0,1.0,1.0,1.0,1.0,1.0,1.0,1.0,1.0,1.0,1.0,1.0,1.0,1.0,1.0,1.0,1.0,1.0,1.0,1.0,1.0,1.0,1.0,1.0,1.0,1.0,1.0,1.0,1.0,1.0,0.9761904761904762,1.0,1.0,1.0,1.0,1.0,1.0,1.0,1.0,1.0,1.0,1.0,1.0,1.0,1.0,1.0,1.0,1.0,1.0,1.0,1.0,1.0,1.0,1.0,1.0,1.0,1.0,1.0,1.0,1.0,1.0,0.9929078014184397,1.0,1.0,0.9736842105263158,1.0,1.0,1.0,1.0,0.23529411764705882,0.20134228187919462,0.22058823529411764,0.24844720496894407,0.26865671641791045,0.2,0.23696682464454974,0.25,0.9787234042553191,1.0,1.0,0.9919028340080972,1.0,1.0,1.0,0.9873417721518988,1.0,0.9696969696969697,0.9814814814814815,1.0,1.0,1.0
1069686, yccM, G->A, noncoding,2.98999,0.00019998,120,-1.0,0.6,117,0.9,0.923077,PASS,0.0,0.0,0.0,0.0,0.0,0.0,0.0,0.0,0.0,0.0,0.0,0.0,0.0,0.0,0.0,0.0,0.0,0.0,0.0,0.0,0.0,0.0,0.0,0.0,0.0,0.0,0.0,0.0,0.0,0.0,0.0,0.0,0.0,0.0,0.0,0.0,0.0,0.0,0.0,0.0,0.0,0.0,0.0,0.0,0.0,0.0,0.0,0.0,0.0,0.0,0.0,0.0,0.0,0.0,0.0,0.02702702702702703,0.15384615384615385,0.3125,0.5,0.6428571428571429,0.8235294117647058,0.575,0.4444444444444444,0.3333333333333333,0.47368421052631576,0.7142857142857143,0.3125,0.2463768115942029,0.16666666666666666,0.29411764705882354,0.041666666666666664,0.2608695652173913,0.1276595744680851,0.10810810810810811,0.0,0.09090909090909091,0.0,0.0,0.0,0.0,0.0,0.0,0.0,0.0,0.0,0.0,0.0,0.0,0.0,0.0,0.0,0.0,0.0,0.0,0.0,0.0,0.0,0.0,0.0,0.0,0.0,0.0,0.0,0.0,0.0,0.0,0.0,0.0,0.0,0.0,0.0,0.0,0.0,0.0,0.0,0.0,0.0,0.0,0.018518518518518517,0.0,0.0,0.0,0.0196078431372549,0.0,0.0,0.0,0.0,0.0,0.0,0.0,0.0,0.0,0.0,0.0,0.0,0.0,0.0,0.0,0.0,0.0,0.0,0.0,0.0
1075802, torA, indel;+7;+GATTGCCG, indel,0.975206,9.999e-05,120,-1.0,0.038835,117,0.9,0.113208,PASS,0.013522650439486139,0.0,0.0,0.0,0.0,0.0,0.0,0.0,0.013089005235602092,0.031746031746031744,0.0,0.030303030303030304,0.0,0.07142857142857142,0.1,0.0,0.0,0.024390243902439025,0.0,0.0,0.016260162601626018,0.0,0.034482758620689655,0.0,0.07692307692307693,0.0,0.046511627906976744,0.0,0.05714285714285714,0.0,0.06557377049180328,0.0,0.0,0.0,0.0,0.0,0.0,0.0,0.0,0.0,0.0,0.0,0.0,0.0,0.07142857142857142,0.0,0.08163265306122448,0.0,0.0,0.0,0.0,0.0,0.0,0.1,0.0,0.058823529411764705,0.0,0.0,0.0,0.03508771929824561,0.058823529411764705,0.038461538461538464,0.0,0.0,0.05128205128205128,0.1,0.0,0.034482758620689655,0.0,0.06060606060606061,0.05970149253731343,0.6557377049180327,0.8285714285714286,0.7450980392156863,0.9411764705882353,0.9090909090909091,0.9696969696969697,1.0,1.0,1.0,0.9285714285714286,0.9444444444444444,0.96,1.0,1.0,1.0,1.0,0.9444444444444444,1.0,1.0,0.9375,1.0,0.9411764705882353,1.0,1.0,1.0,1.0,1.0,1.0,1.0,1.0,1.0,1.0,1.0,1.0,1.0,1.0,1.0,1.0,0.9814814814814815,1.0,1.0,1.0,1.0,1.0,0.98,1.0,1.0,1.0,1.0,1.0,0.375,0.45627376425855515,0.42402826855123676,0.599078341013825,0.4368932038834951,0.40625,0.31446540880503143,0.4624277456647399,0.5365126676602087,0.3146853146853147,0.48746518105849584,0.4,0.375,0.4444444444444444,0.5066079295154186,0.23529411764705882,0.43478260869565216,0.47058823529411764,1.0,1.0,0.9958037443511942,0.9873417721518988
1091379, putA, T->G, missense,2.11425,9.999e-05,120,-1.0,1.0,117,0.9,0.324324,PASS,0.0,0.0,0.0,0.0,0.0,0.0,0.0,0.0,0.0,0.0,0.0,0.0,0.0,0.0,0.0,0.0,0.0,0.0,0.0,0.0,0.0,0.0,0.0,0.0,0.0,0.0,0.0,0.0,0.0,0.0,0.0,0.0,0.0,0.0,0.0,0.0,0.0,0.0,0.0,0.0,0.0,0.0,0.0,0.09523809523809523,0.23333333333333334,0.08333333333333333,0.13333333333333333,0.21052631578947367,0.40350877192982454,0.14814814814814814,0.35714285714285715,0.18181818181818182,0.25806451612903225,0.1,0.1,0.02631578947368421,0.0,0.0,0.0,0.0,0.0,0.0,0.0,0.0,0.0,0.0,0.0,0.0,0.0,0.0,0.0,0.0,0.0,0.0,0.0,0.0,0.0,0.0,0.0,0.0,0.038461538461538464,0.07142857142857142,0.0,0.0,0.1875,0.11538461538461539,0.0,0.0,0.19230769230769232,0.2222222222222222,0.05263157894736842,0.0,0.0,0.0,0.0,0.0,0.0,0.0,0.0,0.0,0.0,0.0,0.0,0.0,0.0,0.0,0.0,0.0,0.0,0.0,0.0,0.0,0.0,0.0,0.0,0.0,0.0,0.0,0.0,0.0,0.0,0.0,0.0,0.0,0.0,0.0,0.0,0.0,0.0,0.0,0.0,0.0,0.0,0.0,0.0,0.0,0.0,0.0,0.0,0.0,0.0,0.0,0.0
1118123, intergenic, MOB_1118123_1118130_IS1_1, sv,2.63705,9.999e-05,120,-1.0,1.0,111,0.9,0.8,PASS,0.0,0.0,0.0,0.0,0.0,0.0,0.0,0.0,0.0,0.0,0.0,0.0,0.0,0.0,0.0,0.0,0.0,0.0,0.0,0.0,0.0,0.0,0.0625,0.0,0.0,0.0,0.0,0.0,0.0,0.0,0.0,0.0,0.0,0.0,0.0,0.0,0.0,0.0,0.0,0.0,0.4,0.20689655172413793,0.05,0.4519230769230769,0.47619047619047616,0.14285714285714285,0.18181818181818182,0.21428571428571427,0.36363636363636365,0.34375,0.5,0.2,0.26666666666666666,0.375,0.18181818181818182,0.08823529411764706,0.0,0.0,0.0,0.0,0.0,0.0,0.0,0.0,0.0,0.0,0.0,0.0,0.0,0.0,0.0,0.0,0.0,0.0,0.0,0.0,0.0,0.0,0.0,0.0,0.0,0.0,0.0,0.0,0.0,0.0,0.0,0.0,0.0,0.0,0.0,0.0,0.0,0.0,0.0,0.0,0.0,0.0,0.0,0.0,0.0,0.0,0.0,0.0,0.0,0.0,0.0,0.0,0.0,0.0,0.0,0.0,0.0,0.0,0.0,0.0,0.0,0.0,0.0,0.0,0.0,0.0,0.0,0.0,0.0,0.0,0.0,0.0,0.0,0.0,0.0,0.0,0.0,0.0,0.0,0.0,0.0,0.0,0.0,0.0,0.0,0.0,0.0
1145690, flgB, indel;C;-1, indel,0.991128,9.999e-05,120,-1.0,0.75,116,0.9,0.521739,PASS,0.0,0.0,0.0,0.0,0.125,0.5217391304347826,0.8333333333333334,1.0,1.0,1.0,1.0,1.0,1.0,1.0,1.0,1.0,1.0,0.9655172413793104,1.0,1.0,1.0,1.0,1.0,1.0,1.0,1.0,1.0,1.0,1.0,1.0,1.0,1.0,1.0,1.0,1.0,1.0,1.0,1.0,1.0,1.0,1.0,1.0,1.0,1.0,1.0,1.0,1.0,1.0,1.0,1.0,1.0,1.0,1.0,1.0,1.0,1.0,1.0,1.0,1.0,1.0,1.0,1.0,1.0,1.0,1.0,1.0,1.0,1.0,1.0,1.0,1.0,1.0,1.0,1.0,1.0,1.0,1.0,1.0,1.0,1.0,1.0,1.0,1.0,1.0,1.0,1.0,1.0,1.0,1.0,1.0,1.0,1.0,1.0,1.0,1.0,1.0,1.0,1.0,1.0,1.0,1.0,1.0,1.0,1.0,1.0,1.0,1.0,1.0,1.0,1.0,1.0,1.0,1.0,1.0,1.0,1.0,1.0,1.0,1.0,1.0,1.0,0.015625,0.0,0.0,0.0,0.0,0.0,0.0,0.0,1.0,1.0,1.0,0.9761904761904762,1.0,1.0,0.9791666666666666,1.0,1.0,1.0,1.0,1.0,0.9804878048780488,1.0
1161441, yceD, A->C, missense,5.39653,0.00069993,120,-1.0,0.857143,118,0.9,0.218182,PASS,0.0,0.0,0.0,0.0,0.0,0.0,0.0,0.0,0.0,0.0,0.0,0.0,0.0,0.0,0.0,0.0,0.0,0.0,0.0,0.0,0.0,0.0,0.0,0.0,0.0,0.0,0.0,0.0,0.0,0.0,0.0,0.0,0.0,0.0,0.0,0.0,0.0,0.0,0.0,0.0,0.0,0.0,0.0,0.0,0.0,0.0,0.0,0.0,0.0,0.0,0.0,0.0,0.0,0.0,0.0,0.0,0.0,0.0,0.0,0.0,0.0,0.0,0.0,0.0,0.0,0.0,0.0,0.0,0.0,0.0,0.0,0.0,0.0,0.0,0.0,0.0,0.0,0.0,0.0,0.0,0.0,0.0,0.0,0.0,0.047619047619047616,0.14285714285714285,0.2857142857142857,0.0,0.12903225806451613,0.04,0.0,0.0,0.0,0.0,0.0,0.0,0.0,0.0,0.0,0.0,0.0,0.0,0.0,0.0,0.0,0.0,0.0,0.0,0.0,0.0,0.0,0.0,0.0,0.0,0.0,0.0,0.0,0.0,0.0,0.0,0.0,0.0,0.0,0.0,0.0136986301369863,0.0,0.0,0.0,0.0,0.0,0.0,0.0,0.0,0.0,0.0,0.0,0.0,0.01818181818181818,0.0,0.012345679012345678,0.0,0.0,0.0
1209333, ymfB, C->T, missense,3.13974,0.00509949,120,-1.0,1.0,117,0.9,0.923077,PASS,0.0,0.0,0.0,0.0,0.0,0.0,0.0,0.0,0.0,0.0,0.0,0.0,0.0,0.0,0.0,0.0,0.0,0.0,0.0,0.0,0.0,0.0,0.0,0.0,0.0,0.0,0.0,0.0,0.0,0.0,0.0,0.0,0.0,0.0,0.0,0.0,0.0,0.0,0.0,0.0,0.0,0.0,0.0,0.0,0.0,0.0,0.05,0.0,0.0,0.0,0.0,0.0,0.0,0.0,0.0,0.0,0.0,0.0,0.0,0.0,0.0,0.0,0.0,0.0,0.0,0.0,0.0,0.0,0.0,0.03333333333333333,0.5909090909090909,0.2,0.058823529411764705,0.041666666666666664,0.11764705882352941,0.045454545454545456,0.06666666666666667,0.0,0.14285714285714285,0.0,0.045454545454545456,0.0,0.0,0.0,0.0,0.0,0.13333333333333333,0.1,0.0,0.0,0.0,0.0,0.0,0.0,0.0,0.0,0.0,0.0,0.0,0.0,0.0,0.0,0.0,0.0,0.0,0.0,0.0,0.0,0.0,0.0,0.0,0.0,0.0,0.0,0.0,0.0,0.0,0.0,0.0,0.0,0.0,0.0,0.0,0.0,0.0,0.0,0.0,0.0,0.0,0.0,0.0,0.0,0.0,0.0,0.0,0.0,0.0,0.0,0.0,0.0,0.0,0.0,0.0
1272573, chaC, A->C, noncoding,3.87546,0.00669933,120,-1.0,0.6,118,0.9,0.342857,PASS,0.0,0.0,0.0,0.0,0.0,0.0,0.0,0.0,0.0,0.0,0.0,0.0,0.0,0.0,0.0,0.0,0.0,0.0,0.0,0.0,0.0,0.0,0.0,0.0,0.0,0.0,0.0,0.0,0.0,0.0,0.0,0.0,0.0,0.0,0.0,0.0,0.0,0.0,0.0,0.0,0.0,0.0,0.0,0.0,0.0,0.0,0.0,0.0,0.0,0.0,0.05263157894736842,0.2,0.28,0.14285714285714285,0.1111111111111111,0.05,0.23529411764705882,0.23809523809523808,0.04,0.05128205128205128,0.0,0.0,0.0,0.0,0.0,0.0,0.0,0.0,0.0,0.0,0.0,0.0,0.0,0.0,0.0,0.0,0.0,0.0,0.0,0.0,0.0,0.0,0.0,0.0,0.0,0.0,0.0,0.0,0.0,0.0,0.0,0.0,0.0,0.0,0.0,0.0,0.0,0.0,0.0,0.0,0.0,0.0,0.0,0.0,0.0,0.0,0.0,0.0,0.0,0.0,0.0,0.0,0.0,0.0,0.0,0.0,0.0,0.0,0.0,0.0,0.0,0.0,0.0,0.0,0.0,0.0,0.0,0.0,0.0,0.0,0.0,0.0,0.0,0.0,0.0,0.0,0.0,0.02631578947368421,1.0,0.0,0.014492753623188406,0.0,0.0
1289379, ychK, junction_1289379_1_IS1_start, sv,4.93757,0.00209979,120,-1.0,0.48,117,0.9,0.235294,PASS,0.0,0.0,0.0,0.0,0.0,0.0,0.0,0.0,0.0,0.0,0.0,0.0,0.0,0.0,0.0,0.0,0.0,0.0,0.0,0.0,0.0,0.0,0.0,0.0,0.0,0.0,0.0,0.0,0.0,0.0,0.0,0.0,0.0,0.0,0.0,0.057838313953488374,0.0,0.0,0.0,0.17222102272727272,0.0,0.22105269841269842,0.234636320754717,0.0,0.0,0.0,0.0,0.0,0.0,0.0,0.0,0.0,0.0,0.0,0.0,0.0,0.0,0.0,0.0,0.0,0.0,0.0,0.0,0.0,0.0,0.0,0.0,0.0,0.0,0.0,0.0,0.0,0.0,0.0,0.0,0.0,0.0,0.0,0.0,0.0,0.0,0.0,0.0,0.0,0.0,0.0,0.0,0.0,0.0,0.0,0.0,0.0,0.0,0.0,0.0,0.0,0.0,0.0,0.0,0.0,0.0,0.0,0.0,0.0,0.0,0.0,0.0,0.0,0.0,0.0,0.0,0.0,0.0,0.0,0.0,0.0,0.0,0.0,0.0,0.0,0.0,0.0,0.0,0.0,0.0,0.0,0.0,0.0,0.0,0.0,0.0,0.0,0.0,0.0,0.0,0.0,0.0,0.0,0.0,0.0,0.0,0.0,0.0
1328169, sohB, T->G, missense,6.40052,9.999e-05,120,-1.0,0.923077,117,0.9,0.571429,PASS,0.0,0.0,0.0,0.0,0.0,0.0,0.0,0.0,0.0,0.0,0.0,0.0,0.0,0.0,0.0,0.0,0.0,0.0,0.0,0.0,0.0,0.0,0.0,0.0,0.0,0.0,0.0,0.0,0.0,0.0,0.0,0.0,0.0,0.0,0.0,0.0,0.0,0.0,0.0,0.0,0.0,0.0,0.0,0.0,0.0,0.0,0.0,0.0,0.0,0.0,0.0,0.0,0.0,0.0,0.0,0.0,0.0,0.0,0.0,0.0,0.0,0.0,0.0,0.0,0.0,0.0,0.0,0.0,0.0,0.0,0.0,0.0,0.0,0.0,0.0,0.0,0.0,0.0,0.0,0.0,0.0,0.0,0.0,0.0,0.0,0.1875,0.2,0.2857142857142857,0.15,0.0,0.0,0.0,0.0,0.0,0.024390243902439025,0.0,0.0,0.0,0.0,0.0,0.0,0.0,0.0,0.0,0.0,0.0,0.0,0.0,0.0,0.0,0.0,0.0,0.0,0.0,0.0,0.0,0.0,0.0,0.0,0.0,0.0,0.018867924528301886,0.0,0.02040816326530612,0.0,0.0,0.0,0.0,0.0,0.0,0.0,0.0,0.0,0.0,0.0,0.0,0.029411764705882353,0.0,0.0,0.0,0.0,0.0,0.0
1340070, yciM, indel;-11, indel,4.16173,0.00459954,120,-1.0,0.0670391,118,0.9,0.375,PASS,0.0,0.0,0.0,0.0,0.0,0.0,0.0,0.0,0.0,0.0,0.0,0.0,0.0,0.0,0.0,0.0,0.0,0.0,0.0,0.0,0.0,0.0,0.0,0.0,0.0,0.0,0.0,0.0,0.0,0.0,0.0,0.0,0.0,0.0,0.0,0.0,0.0,0.0,0.0,0.0,0.0,0.0,0.0,0.0,0.0,0.0,0.0,0.0,0.0,0.0,0.0,0.0,0.0,0.0,0.0,0.0,0.0,0.0,0.0,0.0,0.0,0.0,0.0,0.0,0.0,0.0,0.0,0.0,0.0,0.0,0.0,0.0,0.0,0.0,0.0,0.0,0.0,0.0,0.0,0.0,0.0,0.0,0.0,0.0,0.0,0.0,0.0,0.0,0.0,0.0,0.0,0.0,0.0,0.0,0.0,0.0,0.0,0.0,0.0,0.0,0.0,0.0,0.0,0.0,0.0,0.0,0.0,0.0,0.0,0.0,0.0,0.0,0.0,0.0,0.0,0.0,0.0,0.014492753623188406,0.09722222222222222,0.17687074829931973,0.45161290322580644,0.0,0.0,0.0,0.0,0.0,0.0,0.0,0.0,0.0,0.0,0.0,0.0,0.0,0.0,0.0,0.0,0.0,0.0,0.0,0.0,0.0,0.0
1345569, rnb, indel;+8;+ATATCGACA, indel,0.942997,9.999e-05,120,-1.0,0.0223048,118,0.9,0.857143,PASS,0.056657223796033995,0.11428571428571428,0.07142857142857142,0.0,0.0,0.10909090909090909,0.0,0.0625,0.0425531914893617,0.12195121951219512,0.1568627450980392,0.11320754716981132,0.16,0.04597701149425287,0.16666666666666666,0.0,0.0,0.05263157894736842,0.11764705882352941,0.09090909090909091,0.14084507042253522,0.09523809523809523,0.0,0.06666666666666667,0.029850746268656716,0.058823529411764705,0.03333333333333333,0.15625,0.32653061224489793,0.5454545454545454,0.8363636363636363,0.8076923076923077,0.9629629629629629,1.0,0.9411764705882353,0.9803921568627451,1.0,1.0,0.9882352941176471,1.0,1.0,0.9803921568627451,1.0,0.9937888198757764,0.9803921568627451,1.0,1.0,1.0,1.0,1.0,1.0,1.0,1.0,1.0,1.0,0.9620253164556962,1.0,1.0,1.0,0.9873417721518988,1.0,1.0,1.0,1.0,1.0,1.0,1.0,1.0,1.0,1.0,1.0,1.0,1.0,0.9818181818181818,1.0,0.9523809523809523,1.0,1.0,0.9696969696969697,0.9924812030075187,1.0,1.0,0.9803921568627451,1.0,1.0,1.0,1.0,0.9787234042553191,1.0,1.0,1.0,0.9814814814814815,0.972972972972973,0.9795918367346939,1.0,1.0,0.9565217391304348,1.0,0.9904761904761905,1.0,1.0,1.0,0.9803921568627451,1.0,1.0,0.8888888888888888,0.9855072463768116,1.0,1.0,1.0,1.0,0.9734513274336283,1.0,0.9900990099009901,1.0,0.9811320754716981,0.9876543209876543,1.0,0.9928057553956835,0.9942196531791907,1.0,0.2745995423340961,0.19230769230769232,0.20689655172413793,0.18666666666666668,0.16949152542372883,0.20460358056265984,0.21103896103896103,0.17142857142857143,0.272020725388601,0.18072289156626503,0.15254237288135594,0.21235521235521237,0.9609609609609611,0.9743589743589743,0.963855421686747,0.9850746268656716,0.9841269841269841,0.968421052631579,0.9262166405023547,0.9454545454545454,0.9760440271932666,0.987012987012987
1391825, mppA, MOB_1391825_1391831_IS186_1, sv,3.63997,0.00019998,120,-1.0,0.75,117,0.9,0.48,PASS,0.0044444444444444444,0.0,0.0,0.0,0.0,0.0,0.0,0.11764705882352941,0.4274193548387097,0.8666666666666667,0.7954545454545454,0.1,0.0,0.0,0.03225806451612903,0.0,0.0,0.0,0.0,0.0,0.0,0.0,0.0,0.0,0.0,0.0,0.0,0.0,0.018867924528301886,0.0,0.0,0.0,0.0,0.0,0.0,0.0,0.0,0.06451612903225806,0.0,0.0625,0.0,0.0,0.0,0.10833333333333334,0.2857142857142857,0.0,0.0,0.0,0.0,0.0,0.0,0.0,0.0,0.0,0.0,0.0,0.04,0.0,0.05263157894736842,0.0,0.0,0.0,0.0,0.0,0.0,0.0,0.0,0.0,0.0,0.0,0.0,0.0,0.0,0.0,0.0,0.0,0.0,0.0,0.0,0.0,0.0,0.0,0.0,0.045454545454545456,0.0,0.0,0.0,0.0,0.0,0.0,0.0,0.0,0.0,0.0,0.0,0.0,0.0,0.0,0.023529411764705882,0.02857142857142857,0.0,0.0,0.0,0.0,0.045454545454545456,0.0,0.0,0.0,0.0,0.0,0.0,0.0,0.003937007874015748,0.0,0.0,0.0,0.0,0.005235602094240838,0.0,0.0,0.0,0.0,0.0,0.0,0.0,0.0,0.0,0.0,0.0,0.8988095238095238,0.8666666666666667,0.0,0.0,0.0,0.0,0.9865771812080537,0.0,0.0,0.0,0.0,0.0,0.0,0.0
1427646, ompN, G->A, missense,4.34393,0.00289971,120,-1.0,0.148148,118,0.9,0.266667,PASS,0.0,0.0,0.0,0.0,0.0,0.0,0.0,0.0,0.0,0.0,0.0,0.0,0.0,0.0,0.0,0.0,0.0,0.0,0.0,0.0,0.0,0.0,0.0,0.0,0.0,0.0,0.0,0.0,0.0,0.0,0.0,0.0,0.0,0.0,0.0,0.0,0.0,0.0,0.0,0.0,0.0,0.0,0.0,0.0,0.0,0.0,0.0,0.0,0.0,0.0,0.0,0.0,0.0,0.0,0.0,0.0,0.0,0.0,0.0,0.0,0.0,0.0,0.0,0.0,0.045454545454545456,0.14285714285714285,0.0,0.020833333333333332,0.1111111111111111,0.15789473684210525,0.041666666666666664,0.0,0.0,0.0,0.0,0.0,0.0,0.0,0.0,0.0,0.0,0.0,0.0,0.0,0.0,0.0,0.0,0.0,0.0,0.0,0.0,0.0,0.0,0.0,0.0,0.0,0.0,0.0,0.0,0.0,0.0,0.0,0.0,0.0,0.0,0.0,0.0,0.0,0.0,0.0,0.0,0.0,0.0,0.0,0.0,0.0,0.0,0.0,0.0,0.0,0.0,0.0,0.0,0.0,0.0,0.0,0.0,0.0,0.0,0.0,0.0,0.0,0.0,0.0,0.0196078431372549,0.0,0.0,0.0,0.0,0.0,0.0,0.0,0.0
1462251, hokB, MOB_1462251_1462253_IS150_1, sv,1.32104,9.999e-05,120,-1.0,0.8,118,0.9,0.8,PASS,0.0,0.0,0.0,0.0,0.0,0.07017543859649122,0.0,0.0,0.009852216748768473,0.0,0.0,0.0,0.0,0.012195121951219513,0.0392156862745098,0.0,0.0,0.01694915254237288,0.03125,0.020833333333333332,0.0,0.0,0.014925373134328358,0.015873015873015872,0.06521739130434782,0.0,0.01282051282051282,0.028985507246376812,0.0,0.0,0.0,0.0,0.0,0.0,0.0,0.0,0.06060606060606061,0.0,0.0273972602739726,0.038461538461538464,0.0,0.0,0.024390243902439025,0.03968253968253968,0.013333333333333334,0.0,0.0,0.0,0.0,0.03571428571428571,0.0,0.0,0.0,0.0,0.0,0.0,0.0,0.037037037037037035,0.01818181818181818,0.025,0.009345794392523364,0.07692307692307693,0.07692307692307693,0.0,0.0,0.0,0.0,0.014285714285714285,0.03333333333333333,0.0,0.0,0.0,0.0,0.0,0.0,0.08108108108108109,0.016129032258064516,0.0,0.0,0.026785714285714284,0.0,0.0,0.0,0.045454545454545456,0.0,0.0,0.05714285714285714,0.14285714285714285,0.06976744186046512,0.03333333333333333,0.058823529411764705,0.0,0.02702702702702703,0.0,0.037037037037037035,0.3235294117647059,0.46,0.5151515151515151,0.8857142857142857,0.9117647058823529,0.9117647058823529,1.0,1.0,1.0,1.0,1.0,1.0,1.0,1.0,1.0,1.0,1.0,1.0,1.0,1.0,1.0,1.0,1.0,1.0,1.0,1.0,0.0,0.0,0.0,0.0,0.0,0.01818181818181818,0.013513513513513514,0.0,0.0,0.0,0.0,0.0,0.0,0.0,0.0,0.0,0.0,0.0,0.0,0.0,1.0,1.0
1624007, ECB_01540, indel;A;+A;G;T+A;+AA;-1, indel,1.08569,9.999e-05,120,-1.0,0.131868,117,0.9,0.4,PASS,0.0,0.041666666666666664,0.0,0.0,0.0,0.0,0.0,0.0,0.0,0.0,0.0,0.0,0.0,0.0,0.0,0.0,0.0,0.0,0.0,0.0,0.0,0.0,0.0,0.0,0.0,0.0,0.0,0.0,0.0,0.0,0.0,0.0,0.0,0.0,0.0,0.0,0.0,0.0,0.0,0.0,0.0,0.0,0.0,0.0,0.0,0.0,0.0,0.0,0.022222222222222223,0.0,0.08333333333333333,0.0,0.0,0.0,0.0,0.0,0.0,0.0,0.0,0.0,0.0,0.0,0.0,0.0,0.0,0.0,0.0,0.0,0.0,0.0,0.0,0.0,0.0,0.0,0.0,0.14285714285714285,0.8181818181818182,0.95,0.8571428571428571,0.8888888888888888,0.9583333333333334,0.9545454545454546,0.88,1.0,0.8837209302325582,0.9523809523809523,0.9166666666666666,1.0,0.9629629629629629,1.0,1.0,0.9285714285714286,1.0,0.8275862068965517,0.9523809523809523,0.8823529411764706,0.9583333333333334,0.9166666666666666,0.9591836734693877,0.9433962264150944,0.8636363636363636,0.96,1.0,0.9642857142857143,1.0,0.95,0.9714285714285714,0.9423076923076923,1.0,0.9253731343283582,0.9230769230769231,0.8679245283018868,0.9578313253012049,0.9230769230769231,0.9629629629629629,0.9565217391304348,0.9642857142857143,0.9455782312925171,0.9473684210526315,0.948051948051948,0.8947368421052632,0.0,0.0,0.0,0.0,0.0,0.0,0.023809523809523808,0.0,0.0,0.0,0.0,0.0,0.0,0.0,0.0,0.0,0.0,0.0,0.6190476190476191,0.75,0.8333333333333334,0.8372093023255814
1629261, intergenic, MOB_1629261_1629269_IS1_1, sv,1.84235,0.00019998,120,-1.0,0.571429,118,0.9,0.75,PASS,0.0,0.0,0.0,0.0,0.0,0.0,0.0,0.0,0.0,0.0,0.0,0.0,0.0,0.0,0.0,0.0,0.0,0.0,0.0,0.0,0.0,0.0,0.0,0.0,0.0,0.0,0.0,0.0,0.0,0.0,0.0,0.0,0.0,0.0,0.0,0.0,0.0,0.0,0.0,0.0,0.0,0.0,0.0,0.0,0.0,0.0,0.0,0.0,0.0,0.0,0.0,0.0,0.0,0.0,0.0,0.0,0.0,0.0,0.0,0.0,0.0,0.0,0.0,0.0,0.0,0.0,0.0,0.0,0.0,0.0,0.0,0.0,0.0,0.0,0.0,0.0,0.0,0.0,0.0,0.0,0.0,0.0,0.0,0.0,0.0,0.0,0.0,0.0,0.0,0.0,0.0,0.0,0.0,0.039445579567779956,0.0,0.0,0.026994850948509487,0.05297572559366755,0.030845916795069334,0.0,0.0,0.0,0.0,0.028262341325811,0.13377926421404682,0.19486055555555556,0.3578042857142857,0.410958,0.7676454849498329,0.7707647877522616,1.0,0.8397435897435898,0.9543459552495697,0.9687004175365346,0.9104974293059126,0.959140081799591,0.9856199701937407,0.9654091539528433,0.9571488904795992,0.994068688118812,0.9813935599284437,0.0,0.0,0.0,0.0,0.0,0.0,0.0,0.0,0.0,0.0,0.0,0.0,0.0,0.0,0.0,0.0,0.0,0.0,0.0,0.0,0.0,0.0
1633387, speG, indel;-6, indel,0.989904,9.999e-05,120,-1.0,0.857143,118,0.9,0.545455,PASS,0.0,0.0,0.0,0.0,0.0,0.0,0.0,0.0,0.0,0.0,0.0,0.0,0.0,0.7368421052631579,0.9629629629629629,1.0,1.0,1.0,1.0,1.0,1.0,1.0,1.0,1.0,1.0,1.0,1.0,1.0,1.0,0.9818181818181818,1.0,1.0,1.0,1.0,1.0,1.0,1.0,1.0,1.0,1.0,1.0,1.0,1.0,1.0,1.0,1.0,1.0,1.0,1.0,1.0,1.0,1.0,1.0,1.0,1.0,1.0,1.0,1.0,1.0,1.0,1.0,1.0,1.0,1.0,1.0,1.0,1.0,1.0,1.0,1.0,1.0,1.0,1.0,1.0,1.0,1.0,1.0,1.0,1.0,1.0,1.0,1.0,1.0,1.0,1.0,1.0,1.0,1.0,1.0,1.0,1.0,1.0,1.0,1.0,1.0,1.0,1.0,1.0,1.0,1.0,1.0,1.0,1.0,1.0,1.0,0.9736842105263158,1.0,1.0,1.0,0.9902912621359223,1.0,0.9880952380952381,0.9953488372093023,1.0,1.0,0.9880952380952381,1.0,1.0,1.0,0.9833333333333333,1.0,0.0,0.0,0.0,0.0,0.0,0.0,0.0,0.0,0.0,0.0,1.0,1.0,1.0,1.0,1.0,1.0,1.0,1.0,1.0,1.0,1.0,0.9906542056074766
1734106, pykF, G->C, missense,0.984634,9.999e-05,120,-1.0,0.6,118,0.9,0.666667,PASS,0.0,0.7777777777777778,1.0,1.0,1.0,1.0,1.0,1.0,1.0,1.0,1.0,1.0,1.0,1.0,1.0,1.0,1.0,1.0,1.0,1.0,1.0,1.0,1.0,1.0,1.0,1.0,1.0,1.0,1.0,1.0,1.0,1.0,1.0,1.0,1.0,1.0,1.0,1.0,1.0,1.0,1.0,1.0,1.0,1.0,1.0,1.0,1.0,1.0,1.0,1.0,1.0,1.0,1.0,1.0,1.0,1.0,1.0,1.0,1.0,1.0,1.0,1.0,1.0,1.0,1.0,1.0,1.0,1.0,1.0,1.0,1.0,1.0,1.0,1.0,1.0,1.0,1.0,1.0,1.0,1.0,1.0,1.0,1.0,1.0,1.0,1.0,1.0,1.0,1.0,1.0,1.0,1.0,1.0,1.0,1.0,1.0,1.0,1.0,1.0,1.0,1.0,1.0,1.0,1.0,1.0,1.0,1.0,1.0,1.0,1.0,1.0,1.0,1.0,1.0,1.0,1.0,1.0,1.0,1.0,1.0,1.0,0.9827586206896551,1.0,1.0,0.984375,1.0,1.0,1.0,1.0,1.0,1.0,1.0,1.0,1.0,1.0,1.0,1.0,1.0,1.0,1.0,1.0,1.0,1.0
1734207, pykF, G->A, missense,4.53876,0.0009999,120,-1.0,0.444444,118,0.9,0.705882,PASS,0.0,0.0,0.0,0.0,0.0,0.0,0.0,0.47058823529411764,0.23300970873786409,0.11363636363636363,0.07692307692307693,0.0,0.0,0.0,0.0,0.0,0.0,0.0,0.0,0.0,0.0,0.0,0.0,0.0,0.0,0.0,0.0,0.0,0.0,0.0,0.0,0.0,0.0,0.0,0.0,0.0,0.0,0.0,0.023255813953488372,0.0,0.0,0.0,0.0,0.0,0.0,0.0,0.0,0.0,0.0,0.0,0.0,0.0,0.0,0.0,0.0,0.0,0.0,0.0,0.0,0.0,0.0,0.0,0.0,0.0,0.0,0.0,0.0,0.0,0.0,0.0,0.023255813953488372,0.0,0.0,0.0,0.0,0.0,0.0,0.0,0.0,0.0,0.0,0.0,0.0,0.0,0.0,0.0,0.0,0.0,0.0,0.0,0.0,0.0,0.0,0.0,0.0,0.0,0.0,0.0,0.0,0.0,0.0,0.0,0.0,0.0,0.0,0.0,0.0,0.0,0.0,0.0,0.0,0.01098901098901099,0.0,0.0,0.04878048780487805,0.0,0.0,0.0,0.0,0.0,0.0,0.0,0.0,0.0,0.0,0.0,0.0,0.0,0.0,0.0,0.0,0.0,0.0,0.0,0.0,0.008849557522123894,0.0,0.0,0.0,0.0,0.0,0.004098360655737705,0.0
1756846, ydiQ, C->T, noncoding,0.965012,9.999e-05,120,-1.0,0.1875,118,0.9,0.75,PASS,0.0,0.0,0.0,0.0,0.0,0.0,0.0,0.0,0.0,0.0,0.0,0.0,0.0,0.0,0.034482758620689655,0.0,0.0,0.0,0.0,0.0,0.0,0.0,0.0,0.0,0.0,0.0,0.0,0.0,0.0,0.0,0.0,0.0,0.0,0.0,0.0,0.0,0.0,0.0,0.0,0.0,0.0,0.0,0.0,0.02564102564102564,0.4444444444444444,0.5238095238095238,0.9166666666666666,0.7727272727272727,0.6829268292682927,0.7142857142857143,0.4166666666666667,0.7777777777777778,0.84375,0.6666666666666666,1.0,0.9210526315789473,1.0,1.0,1.0,1.0,1.0,1.0,1.0,1.0,1.0,1.0,1.0,1.0,1.0,1.0,1.0,1.0,1.0,1.0,1.0,1.0,1.0,1.0,1.0,1.0,1.0,1.0,1.0,1.0,1.0,1.0,1.0,1.0,1.0,1.0,1.0,1.0,1.0,1.0,1.0,1.0,1.0,1.0,1.0,0.972972972972973,1.0,1.0,1.0,1.0,1.0,1.0,0.967741935483871,1.0,1.0,1.0,1.0,1.0,1.0,1.0,1.0,1.0,1.0,1.0,1.0,0.9893617021276596,1.0,0.0,0.0,0.0,0.0,0.0,0.0,0.0,0.0,0.0,0.0,0.0,0.0,0.0,0.0,0.0,0.0,1.0,1.0,1.0,1.0,1.0,1.0
1776434, intergenic, MOB_1776434_1776437_IS150_1, sv,3.87659,0.00029997,120,-1.0,0.705882,116,0.9,0.387097,PASS,0.0,0.0,0.0,0.0,0.0,0.0,0.0,0.0,0.0,0.0,0.0,0.0,0.0,0.0,0.0,0.0,0.0,0.0,0.0,0.0,0.0,0.0,0.0,0.0,0.0,0.0,0.0,0.0,0.0,0.0,0.0,0.0,0.0,0.0,0.0,0.0,0.0,0.0,0.0,0.0,0.0,0.0,0.0,0.0,0.0,0.0,0.0,0.0,0.0,0.0,0.0,0.0,0.0,0.0,0.0,0.0,0.0,0.0,0.0,0.0,0.0,0.0,0.0,0.0,0.0,0.0,0.0,0.0,0.0,0.021406183368869933,0.0,0.1879903125,0.09361134846461949,0.21987294589178358,0.23076923076923078,0.0,0.0,0.0,0.0,0.0,0.0,0.0,0.0,0.0,0.02314032258064516,0.0,0.0,0.0,0.0,0.0,0.0,0.015709859154929576,0.0,0.0,0.05752607449856734,0.029498525073746312,0.02796350974930362,0.0,0.0,0.0,0.0,0.0,0.0,0.0,0.030395136778115502,0.0,0.0,0.0,0.0,0.0,0.0,0.0,0.0,0.0,0.0,0.0,0.0,0.0,0.0,0.0,0.0,0.0,0.0,0.0,0.0,0.0,0.0,0.0,0.0,0.0,0.0,0.0,0.0,0.0,0.0,0.0,0.0,0.0,0.0,0.0,0.0,0.0,0.0
1785238, yniA, G->A, missense,3.71248,0.00669933,120,-1.0,0.307692,117,0.9,0.631579,PASS,0.0,0.0,0.0,0.0,0.0,0.0,0.0,0.0,0.0,0.0,0.0,0.0,0.0,0.0,0.0,0.0,0.0,0.0,0.0,0.0,0.0,0.0,0.0,0.0,0.0,0.0,0.0,0.0,0.0,0.0,0.0,0.0,0.0,0.0,0.0,0.0,0.0,0.0,0.0,0.0,0.0,0.0,0.0,0.0,0.043478260869565216,0.0,0.0,0.0,0.0,0.0,0.0,0.0,0.0,0.0,0.0,0.0,0.0,0.0,0.0,0.0,0.0,0.0,0.0,0.0,0.0,0.0,0.0,0.0,0.0,0.0,0.0,0.13513513513513514,0.08571428571428572,0.06896551724137931,0.0,0.06896551724137931,0.0,0.0,0.0,0.0,0.0,0.0,0.0,0.0,0.0,0.0,0.0,0.0,0.0,0.0,0.0,0.0,0.0,0.0,0.0,0.0,0.0,0.0,0.0,0.0,0.0,0.0,0.0,0.0,0.0,0.0,0.0,0.0,0.0,0.0,0.0,0.0,0.0,0.0,0.0,0.0,0.0,0.0,0.0,0.0,0.0,0.0,0.0,0.0,0.0,0.0,0.0,0.0,0.0,0.0,0.0,0.0,0.0,0.0,0.0,0.0,0.0,0.0,0.0,0.0,0.0,0.0,0.0
1787448, ydjM, A->G, noncoding,3.17853,0.00049995,120,-1.0,0.413793,118,0.9,0.545455,PASS,0.0,0.0,0.0,0.0,0.0,0.0,0.0,0.0,0.0,0.0,0.0,0.0,0.0,0.0,0.0,0.0,0.0,0.0,0.0,0.0,0.0,0.0,0.0,0.0,0.0,0.0,0.0,0.0,0.0,0.0,0.0,0.0,0.0,0.0,0.0,0.0,0.0,0.0,0.0,0.0,0.0,0.0,0.0,0.0,0.0,0.0,0.0,0.0,0.0,0.0,0.0,0.0,0.0,0.0,0.0,0.0,0.0,0.0,0.0,0.0,0.0,0.0,0.0,0.0,0.0,0.0,0.0,0.0,0.0,0.0,0.0,0.0,0.0,0.0,0.0,0.0,0.0,0.0,0.0,0.0,0.0,0.0,0.0,0.0,0.0,0.0,0.0,0.0,0.0,0.0,0.0,0.0,0.0,0.0,0.0,0.0,0.0,0.0,0.0,0.0,0.0,0.0,0.0,0.0,0.0,0.0,0.0,0.0,0.0,0.0,0.047619047619047616,0.0,0.0,0.0,0.0,0.043010752688172046,0.05555555555555555,0.12254901960784313,0.32432432432432434,0.31007751937984496,0.6176470588235294,0.0,0.01818181818181818,0.0,0.0,0.0,0.0,0.0,0.0,0.0,0.0,0.0,0.0,0.0,0.0,0.0,0.0,0.0,0.0,0.0,0.0,0.0,0.0
1788274, ydjN, C->T, nonsense,3.96918,0.00139986,120,-1.0,0.545455,118,0.9,0.545455,PASS,0.0,0.0,0.0,0.0,0.0,0.0,0.0,0.0,0.0,0.0,0.0,0.0,0.0,0.0,0.0,0.0,0.0,0.0,0.0,0.0,0.0,0.0,0.0,0.0,0.0,0.0,0.0,0.0,0.0,0.0,0.0,0.0,0.0,0.0,0.0,0.0,0.0,0.0,0.0,0.0,0.0,0.0,0.0,0.0,0.0,0.0,0.0,0.0,0.0,0.0,0.0,0.0,0.0,0.0,0.0,0.0,0.0,0.0,0.0,0.0,0.031746031746031744,0.0,0.0,0.0,0.045454545454545456,0.0,0.10714285714285714,0.10784313725490197,0.14,0.0,0.0,0.0,0.0,0.0,0.0,0.0,0.0,0.0,0.0,0.0,0.0,0.0,0.0,0.0,0.0,0.0,0.0,0.0,0.0,0.0,0.0,0.0,0.0,0.0,0.0,0.0,0.0,0.0,0.0,0.0,0.0,0.0,0.0,0.0,0.0,0.0,0.0,0.0,0.0,0.0,0.0,0.0,0.0,0.0,0.0,0.0,0.0,0.0,0.0,0.013513513513513514,0.0,0.0,0.0,0.0,0.0,0.0,0.0,0.0,0.0,0.0,0.0,0.0,0.0,0.0,0.0,0.0,0.0,0.0,0.0,0.0,0.0,0.0,0.0
1808045, astC, A->C, synonymous,3.50752,9.999e-05,120,-1.0,0.110092,117,0.9,0.190476,PASS,0.0,0.0,0.0,0.0,0.0,0.0,0.0,0.0,0.0,0.0,0.0,0.0,0.0,0.0,0.0,0.0,0.0,0.0,0.0,0.0,0.0,0.0,0.0,0.0,0.0,0.0,0.0,0.0,0.0,0.0,0.0,0.0,0.0,0.0,0.0,0.0,0.0,0.0,0.0,0.0,0.0,0.0,0.0,0.0,0.0,0.0,0.0,0.0,0.0,0.0,0.0,0.0,0.0,0.0,0.0,0.0,0.0,0.0,0.0,0.0,0.0,0.03225806451612903,0.0,0.125,0.11764705882352941,0.125,0.2857142857142857,0.5,0.4375,0.8076923076923077,0.92,0.15384615384615385,0.025,0.24,0.16666666666666666,0.08,0.0,0.10526315789473684,0.0,0.0,0.043478260869565216,0.0,0.0,0.0,0.0,0.0,0.0,0.0,0.0,0.1,0.0,0.0,0.0625,0.0,0.0,0.0,0.0,0.0,0.0,0.0,0.0,0.0,0.0,0.0,0.0,0.0,0.0,0.0,0.0,0.0,0.0,0.0,0.0,0.0,0.0,0.0,0.0,0.0,0.0,0.0,0.0,0.0,0.0,0.0,0.0,0.0,0.0,0.0,0.0,0.0,0.0,0.008064516129032258,0.0,0.0,0.0,0.0,0.0,0.0,0.0,0.0,0.0,0.0,0.0
1875544, sdaA, MOB_1875544_1875549_IS186_1, sv,2.44569,0.015996,120,-1.0,0.8,118,0.9,0.705882,PASS,0.0,0.0,0.0,0.0,0.0,0.0,0.0,0.0,0.004081632653061225,0.010416666666666666,0.013333333333333334,0.0,0.0,0.0,0.0,0.0,0.0,0.0,0.03571428571428571,0.0,0.0,0.0,0.0,0.008695652173913044,0.0,0.0,0.0,0.027522935779816515,0.0,0.0,0.0,0.0,0.0,0.0,0.0,0.0,0.0,0.0,0.0,0.0,0.0,0.0,0.0,0.0,0.0,0.0,0.0,0.0,0.0,0.0,0.0,0.038461538461538464,0.0,0.0,0.0,0.0,0.0,0.0,0.0,0.0,0.0,0.0,0.0,0.03571428571428571,0.0,0.0,0.0,0.0,0.0,0.0,0.0,0.0,0.0,0.0,0.0,0.0,0.0,0.0,0.0,0.0,0.0,0.0,0.0,0.07142857142857142,0.0,0.0,0.038461538461538464,0.21739130434782608,0.0,0.0,0.0,0.0,0.0,0.0,0.0,0.0,0.0,0.0,0.0,0.0,0.0,0.02097902097902098,0.0,0.0,0.0,0.0,0.0,0.0,0.0,0.0,0.0,0.0,0.0,0.0,0.0,0.0,0.0,0.0022026431718061676,0.0,0.0,0.0,0.0,0.0,0.0,0.013157894736842105,0.0,0.0,0.0,0.0,0.008064516129032258,0.0,0.0,0.0,0.0,0.0,0.0,0.0,0.0,0.0,0.0,0.0,0.0,0.0
1910725, eda, A->C, missense,3.67506,0.00229977,120,-1.0,0.114286,118,0.9,0.039604,PASS,0.0,0.0,0.0,0.0,0.0,0.0,0.0,0.0,0.0,0.0,0.0,0.0,0.0,0.0,0.0,0.0,0.0,0.0,0.0,0.0,0.0,0.0,0.0,0.0,0.0,0.0,0.0,0.0,0.0,0.0,0.0,0.0,0.0,0.0,0.0,0.0,0.0,0.0,0.0,0.0,0.0,0.0,0.0,0.0,0.0,0.0,0.0,0.0,0.0,0.0,0.0,0.0,0.0,0.0,0.0,0.0,0.0,0.0,0.0,0.0,0.0,0.0,0.0,0.0,0.0,0.0,0.0,0.0,0.0,0.0,0.0,0.0,0.0,0.0,0.0,0.0,0.0,0.0,0.0,0.0,0.0,0.0,0.0,0.0,0.0,0.0,0.0,0.0,0.0,0.0,0.0,0.0,0.0,0.0,0.0,0.0,0.0,0.0,0.01818181818181818,0.0,0.0,0.0,0.0,0.0,0.0,0.0,0.0,0.0,0.0,0.0,0.0,0.0,0.0,0.0,0.0,0.029850746268656716,0.0,0.08125,0.20408163265306123,0.38666666666666666,0.5454545454545454,0.024390243902439025,0.0,0.0,0.0,0.0,0.0,0.0,0.0,0.0,0.0,0.0,0.0,0.0,0.0,0.0,0.0,0.0,0.0,0.0,0.0,0.0,0.0
1916072, yebK, MOB_1916072_1916080_IS1_1, sv,2.3721,0.00039996,120,-1.0,0.666667,118,0.9,0.137931,PASS,0.0,0.0,0.0,0.0,0.0,0.0,0.0,0.0,0.0,0.0,0.0,0.0,0.0,0.0,0.0,0.0,0.0,0.0,0.0,0.0,0.0,0.0,0.0,0.0,0.0,0.0,0.0,0.0,0.0,0.0,0.0,0.0,0.0,0.0,0.0,0.0,0.0,0.0,0.0,0.0,0.0,0.0,0.0,0.0,0.0,0.0,0.0,0.0,0.0,0.0,0.0,0.0,0.0,0.0,0.0,0.0,0.0,0.0,0.0,0.0,0.0,0.0,0.0,0.0,0.0,0.0,0.0,0.0,0.0,0.0,0.0,0.0,0.0,0.0,0.0,0.0,0.0,0.0,0.0,0.0,0.0,0.0,0.0,0.0,0.0,0.0,0.0,0.0,0.0,0.0,0.0,0.0,0.0,0.0,0.0,0.0,0.0,0.0,0.0,0.0,0.0,0.0,0.0,0.0,0.0,0.0,0.0,0.0,0.0,0.0,0.0,0.010638297872340425,0.04472843450479233,0.08823529411764706,0.35714285714285715,0.15789473684210525,0.36923076923076925,0.25510204081632654,0.12345679012345678,0.10687022900763359,0.08,0.0,0.0,0.0,0.0,0.0,0.0,0.0,0.0,0.0,0.0,0.0,0.0,0.0,0.0,0.0,0.0,0.0,0.0,0.0,0.0,0.0,0.0
1916776, pykA, MOB_1916776_1916784_IS1_-1, sv,3.15,9.999e-05,120,-1.0,0.27907,116,0.9,0.75,PASS,0.0,0.0,0.0,0.0,0.0,0.0,0.0,0.0,0.0,0.0,0.0,0.0,0.0,0.0,0.0,0.0,0.0,0.0,0.0,0.0,0.0,0.0,0.0,0.0,0.0,0.0,0.0,0.0,0.0,0.0,0.0,0.0,0.0,0.0,0.0,0.0,0.0,0.0,0.0,0.0,0.0,0.0,0.0,0.0,0.0,0.0,0.0,0.0,0.0,0.0,0.0,0.0,0.0,0.0,0.0,0.0,0.0,0.0,0.1951219512195122,0.13953488372093023,0.049586776859504134,0.023255813953488372,0.09090909090909091,0.21875,0.10204081632653061,0.14285714285714285,0.25,0.532608695652174,0.5714285714285714,0.7818181818181819,0.8723404255319149,0.22580645161290322,0.09302325581395349,0.17142857142857143,0.1568627450980392,0.12727272727272726,0.02666666666666667,0.0,0.07894736842105263,0.009009009009009009,0.061224489795918366,0.05714285714285714,0.1,0.0,0.0,0.0,0.0,0.05555555555555555,0.0,0.0,0.0,0.024691358024691357,0.0,0.0,0.0,0.0,0.0,0.0,0.0,0.0,0.0,0.0,0.0,0.0,0.0,0.0,0.0,0.0,0.0,0.0,0.0,0.0,0.0,0.0,0.0,0.0,0.0,0.0,0.0,0.0,0.0,0.0,0.0,0.0,0.0,0.0,0.0,0.0,0.0,0.0,0.0,0.0,0.0,0.0,0.0,0.0,0.0,0.0,0.0,0.0,0.0,0.0,0.0
1919470, yebA, T->G, missense,5.48722,0.00139986,120,-1.0,0.857143,117,0.9,0.387097,PASS,0.0,0.0,0.0,0.0,0.0,0.0,0.0,0.0,0.0,0.0,0.0,0.0,0.0,0.0,0.0,0.0,0.0,0.0,0.0,0.0,0.0,0.0,0.0,0.0,0.0,0.0,0.0,0.0,0.0,0.0,0.0,0.0,0.0,0.0,0.0,0.0,0.0,0.0,0.0,0.0,0.0,0.0,0.0,0.0,0.0,0.0,0.0,0.05714285714285714,0.15555555555555556,0.21428571428571427,0.0,0.0,0.0,0.0,0.0,0.0,0.0,0.0,0.0,0.0,0.0,0.0,0.0,0.0,0.0,0.0,0.0,0.0,0.0,0.0,0.0,0.0,0.0,0.0,0.0,0.0,0.0,0.0,0.0,0.0,0.0,0.0,0.0,0.0,0.0,0.0,0.0,0.0,0.0,0.0,0.0,0.0,0.0,0.0,0.0,0.0,0.0,0.0,0.0,0.0,0.0,0.0,0.0,0.0,0.0,0.0,0.0,0.0,0.0,0.0,0.0,0.0,0.0,0.0,0.0,0.0,0.0,0.0,0.0,0.0,0.0,0.015151515151515152,0.0,0.0,0.0,0.0,0.0,0.0,0.0,0.0,0.0,0.0,0.0,0.0,0.0,0.0,0.0,0.0,0.0,0.0,0.0,0.0,0.0
1956353, flhC, A->C, missense,4.82734,0.00019998,120,-1.0,0.705882,118,0.9,0.8,PASS,0.0,0.0,0.0,0.0,0.0,0.0,0.0,0.0,0.0,0.0,0.0,0.0,0.0,0.0,0.0,0.0,0.0,0.0,0.0,0.0,0.0,0.0,0.0,0.0,0.0,0.0,0.0,0.0,0.0,0.0,0.0,0.0,0.0,0.0,0.0,0.0,0.0,0.0,0.0,0.0,0.0,0.0,0.0,0.0,0.0,0.0,0.0,0.0,0.0,0.0,0.0,0.0,0.0,0.0,0.0,0.0,0.0,0.0,0.0,0.0,0.0,0.0,0.0,0.0,0.0,0.0,0.0,0.0,0.0,0.0,0.0,0.0,0.0,0.0,0.0,0.0,0.0,0.0,0.0,0.0,0.0,0.0,0.0,0.0,0.0,0.0,0.0,0.0,0.0,0.0,0.0,0.0,0.0,0.045454545454545456,0.16666666666666666,0.3333333333333333,0.20588235294117646,0.125,0.07407407407407407,0.0,0.0,0.0,0.0,0.0,0.0,0.0,0.0,0.0,0.0,0.0,0.0,0.0,0.0,0.0,0.0,0.0,0.0,0.0,0.0,0.0,0.0,0.0,0.0,0.023255813953488372,0.0,0.0,0.0,0.0,0.0,0.0,0.0,0.0,0.0,0.0,0.0,0.0,0.0,0.0,0.0,0.0,0.0,0.0,0.0
2016323, yeeF, MOB_2016323_2016326_IS3_1, sv,3.76563,9.999e-05,120,-1.0,0.0794702,118,0.9,0.307692,PASS,0.0,0.0,0.0,0.0,0.0,0.0,0.0,0.0,0.005094243504839531,0.0,0.0,0.0,0.0,0.0,0.0,0.0,0.0,0.0,0.0,0.0,0.0,0.0,0.0,0.0,0.0,0.0,0.0,0.0,0.0,0.0,0.0,0.0,0.0,0.0,0.0,0.0,0.0,0.0,0.0,0.0,0.0,0.0,0.0,0.0,0.0,0.0,0.0,0.0,0.0,0.0,0.0,0.0,0.0,0.0,0.0,0.0,0.0,0.0,0.0,0.0,0.0,0.0,0.0,0.0,0.0,0.06269592476489029,0.18223234624145787,0.5277280858676208,0.43348281016442447,0.6502636203866432,0.8421052631578947,0.15570934256055363,0.07238883143743537,0.05767012687427912,0.0,0.08368200836820085,0.010683760683760684,0.0,0.06550218340611354,0.0,0.10245901639344263,0.0,0.026385224274406333,0.0,0.0,0.0,0.0,0.0,0.0,0.0,0.0,0.0,0.0,0.0,0.0,0.0,0.0,0.0,0.0,0.0,0.0,0.0,0.0,0.0,0.0,0.0,0.0,0.0,0.0,0.0,0.0,0.0,0.0,0.0,0.0,0.0,0.0,0.0,0.0,0.0,0.0,0.0,0.0,0.0,0.0,0.0,0.0,0.0,0.0,0.0,0.0,0.0,0.0,0.0,0.0,0.0,0.0,0.0,0.0,0.0,0.0,0.0,0.0
2016830, yeeF, C->A, nonsense,1.0329,9.999e-05,120,-1.0,0.0384615,118,0.9,0.0685714,PASS,0.0,0.0,0.0,0.0,0.0,0.014285714285714285,0.0,0.0,0.0,0.0,0.0,0.0,0.0,0.02564102564102564,0.0,0.0,0.0,0.0,0.0,0.0,0.0,0.0,0.0,0.0,0.0,0.0,0.0,0.0,0.0,0.0,0.0,0.0,0.0,0.0,0.0,0.0,0.0,0.0,0.0,0.0,0.0,0.0,0.0,0.0,0.0,0.0,0.0,0.0,0.0,0.0,0.0,0.0,0.0,0.0,0.0,0.0,0.0,0.0,0.0,0.0,0.03773584905660377,0.02702702702702703,0.4375,0.5238095238095238,0.14705882352941177,0.15384615384615385,0.0,0.06666666666666667,0.2972972972972973,0.041666666666666664,0.030303030303030304,0.5555555555555556,0.8125,0.8409090909090909,0.9444444444444444,0.9090909090909091,1.0,1.0,1.0,0.9875,1.0,0.9473684210526315,1.0,1.0,1.0,0.9666666666666667,0.9473684210526315,1.0,1.0,0.8,1.0,1.0,1.0,1.0,1.0,1.0,1.0,1.0,1.0,1.0,1.0,1.0,1.0,1.0,1.0,1.0,1.0,1.0,1.0,1.0,1.0,1.0,1.0,1.0,1.0,1.0,1.0,1.0,1.0,1.0,1.0,0.0,0.0,0.0,0.0,0.0,0.0,0.0,0.0,0.0,0.0,0.0,0.0,0.0,0.0,0.0,0.0,0.0,0.0,1.0,1.0,1.0,1.0
2017048, yeeF, G->T, missense,2.56599,9.999e-05,120,-1.0,1.0,118,0.9,0.352941,PASS,0.0,0.0,0.0,0.0,0.0,0.0,0.0,0.0,0.0,0.0,0.0,0.0,0.0,0.0,0.0,0.0,0.0,0.0,0.0,0.0,0.0,0.0,0.0,0.0,0.0,0.0,0.0,0.0,0.0,0.0,0.0,0.0,0.0,0.0,0.0,0.0,0.0,0.0,0.0,0.043478260869565216,0.0,0.21621621621621623,0.045454545454545456,0.38202247191011235,0.23333333333333334,0.25,0.25,0.18421052631578946,0.28846153846153844,0.29411764705882354,0.5263157894736842,0.2222222222222222,0.32,0.23076923076923078,0.13333333333333333,0.04878048780487805,0.0,0.0,0.0,0.0,0.0,0.0,0.0,0.0,0.0,0.0,0.0,0.0,0.0,0.0,0.0,0.0,0.0,0.0,0.0,0.0,0.0,0.0,0.0,0.0,0.0,0.0,0.0,0.0,0.0,0.0,0.0,0.0,0.0,0.0,0.0,0.0,0.0,0.0,0.0,0.0,0.0,0.0,0.0,0.0,0.0,0.0,0.0,0.0,0.0,0.0,0.0,0.0,0.0,0.0,0.0,0.0,0.0,0.0,0.0,0.0,0.0,0.0,0.0,0.0,0.0,0.0,0.0,0.0,0.0,0.0,0.0,0.0,0.0,0.0,0.0,0.0,0.0,0.0,0.0,0.0,0.0,0.0,0.0,0.0,0.0,0.0,0.0
2017351, yeeF, G->A, missense,0.990209,9.999e-05,120,-1.0,0.113208,118,0.9,0.666667,PASS,0.0,0.0,0.0,0.0,0.0,0.0,0.0,0.0,0.0,0.0,0.0,0.0,0.0,0.0,0.0,0.0,0.0,0.0,0.0,0.0,0.0,0.03571428571428571,0.0,0.0,0.0,0.0,0.0,0.02127659574468085,0.0,0.0,0.0,0.0,0.0,0.0,0.0,0.0,0.0,0.0,0.0,0.0,0.0,0.0,0.0,0.0,0.0,0.0,0.0,0.0,0.0,0.0,0.0,0.0,0.0,0.0,0.0,0.05,0.26666666666666666,0.09090909090909091,0.1724137931034483,0.2702702702702703,0.16981132075471697,0.12121212121212122,0.4444444444444444,0.21052631578947367,0.2222222222222222,0.0,0.043478260869565216,0.1527777777777778,0.13793103448275862,0.029411764705882353,0.08333333333333333,0.41935483870967744,0.6052631578947368,0.7948717948717948,0.6666666666666666,0.9130434782608695,0.9574468085106383,0.9655172413793104,1.0,0.9850746268656716,1.0,0.896551724137931,1.0,1.0,0.9736842105263158,0.9545454545454546,1.0,0.9523809523809523,0.9655172413793104,1.0,1.0,0.9791666666666666,1.0,1.0,0.9743589743589743,1.0,1.0,1.0,1.0,1.0,1.0,1.0,1.0,1.0,1.0,1.0,1.0,1.0,1.0,1.0,1.0,1.0,1.0,0.9831932773109243,1.0,1.0,1.0,1.0,1.0,1.0,1.0,0.0,0.0,0.0,0.0,0.0,0.0,0.013888888888888888,0.0,0.0,0.0,0.0,0.0,0.0,0.0,0.0,0.0,1.0,0.0,1.0,1.0,0.9906976744186047,1.0
2037724, wzy, junction_2037724_-1_IS1_start, sv,0.996646,9.999e-05,120,-1.0,0.857143,115,0.9,0.923077,PASS,0.0,0.0,0.0,0.0,0.0,0.0,0.0,0.0,0.0,0.0,0.0,0.0,0.0,0.0,0.0,0.6,1.0,1.0,1.0,1.0,1.0,1.0,1.0,1.0,1.0,1.0,1.0,1.0,1.0,1.0,1.0,1.0,1.0,1.0,1.0,1.0,1.0,1.0,1.0,1.0,1.0,1.0,1.0,1.0,1.0,1.0,1.0,1.0,1.0,1.0,1.0,1.0,1.0,1.0,1.0,1.0,1.0,1.0,1.0,1.0,1.0,1.0,1.0,1.0,1.0,1.0,1.0,1.0,1.0,1.0,1.0,1.0,1.0,1.0,1.0,1.0,1.0,1.0,1.0,1.0,1.0,1.0,1.0,1.0,1.0,1.0,1.0,1.0,1.0,1.0,1.0,1.0,1.0,1.0,1.0,1.0,1.0,1.0,1.0,1.0,1.0,1.0,1.0,1.0,1.0,1.0,1.0,1.0,1.0,1.0,1.0,1.0,1.0,1.0,1.0,1.0,1.0,1.0,1.0,1.0,1.0,0.0,0.0,0.0,0.0,0.0,0.0,0.0,0.0,0.0,0.0,1.0,1.0,1.0,1.0,1.0,1.0,1.0,1.0,1.0,1.0,1.0,0.9921259842519685
2080661, alkA, A->T, synonymous,3.55511,0.00079992,120,-1.0,0.285714,118,0.9,0.5,PASS,0.0,0.0,0.0,0.0,0.0,0.0,0.0,0.0,0.0,0.0,0.0,0.0,0.0,0.0,0.0,0.0,0.0,0.0,0.0,0.0,0.0,0.0,0.0,0.0,0.0,0.0,0.0,0.0,0.0,0.0,0.0,0.0,0.0,0.0,0.0,0.0,0.0,0.0,0.0,0.0,0.0,0.0,0.0,0.0,0.0,0.0,0.0,0.0,0.0,0.0,0.0,0.0,0.0,0.0,0.0,0.0,0.0,0.0,0.0,0.0,0.0,0.0,0.0,0.0,0.0,0.0,0.0,0.0,0.0,0.0,0.0,0.0,0.0,0.0,0.0,0.0,0.0,0.0,0.0,0.0,0.0,0.0,0.0,0.0,0.0,0.0,0.0,0.0,0.0,0.0,0.0,0.0,0.0,0.0,0.0,0.0,0.0,0.0,0.0,0.0,0.02564102564102564,0.016129032258064516,0.045454545454545456,0.0,0.16666666666666666,0.0,0.28125,0.16,0.17647058823529413,0.08,0.0,0.0,0.0,0.0,0.0,0.0,0.0,0.0,0.0,0.0,0.0,0.0,0.0,0.0,0.0,0.0,0.0,0.0,0.0,0.0,0.0,0.0,0.0,0.0,0.0,0.0,0.0,0.0,0.0,0.0,0.0,0.0,0.0
2100307, intergenic, junction_2100307_-1_2122454_1, sv,0.949467,9.999e-05,120,-1.0,0.4,112,0.9,0.666667,PASS,0.0,0.0,0.0,0.0,0.0,0.0,0.0,0.0,0.010526315789473684,0.045662100456621,0.03322259136212624,0.0,0.0,0.0,0.0,0.0,0.02785515320334262,0.0,0.03759398496240601,0.0,0.0,0.0,0.017391304347826087,0.0439882697947214,0.0947867298578199,0.27472527472527475,0.15280135823429541,0.1509433962264151,0.13133208255159476,0.1402524544179523,0.12326656394453003,0.18922852983988353,0.1256281407035176,0.2372262773722628,0.7659574468085106,0.9555555555555556,0.859375,0.9798994974874372,0.9663865546218487,1.0,0.7954545454545454,0.87248322147651,0.717948717948718,1.0,1.0,1.0,1.0,1.0,1.0,1.0,1.0,1.0,1.0,1.0,1.0,1.0,1.0,1.0,1.0,1.0,1.0,1.0,1.0,1.0,1.0,1.0,1.0,1.0,1.0,1.0,1.0,1.0,1.0,1.0,1.0,1.0,1.0,1.0,1.0,1.0,1.0,1.0,1.0,1.0,1.0,1.0,1.0,1.0,1.0,1.0,1.0,1.0,1.0,1.0,1.0,1.0,1.0,1.0,1.0,1.0,1.0,1.0,1.0,1.0,1.0,1.0,1.0,1.0,1.0,1.0,1.0,1.0,1.0,1.0,1.0,1.0,1.0,1.0,1.0,1.0,1.0,0.0,0.0,0.0,0.0,0.0,0.0,0.0,0.0,0.0,0.0,0.0,0.0,0.0,0.0,1.0,,1.0,1.0,1.0,,1.0,0.9923664122137404
2131393, gatY, T->C, noncoding,4.44601,9.999e-05,120,-1.0,0.857143,115,0.9,0.923077,PASS,0.0,0.0,0.0,0.0,0.0,0.0,0.0,0.0,0.0,0.0,0.0,0.0,0.0,0.0,0.0,0.0,0.0,0.0,0.0,0.0,0.0,0.0,0.0,0.0,0.0,0.0,0.0,0.0,0.0,0.0,0.0,0.0,0.0,0.0,0.0,0.0,0.0,0.0,0.0,0.0,0.0,0.0,0.0,0.0,0.0,0.0,0.0,0.0,0.0,0.0,0.0,0.0,0.0,0.0,0.0,0.0,0.0,0.0,0.0,0.0,0.0,0.0,0.0,0.0,0.0,0.0,0.0,0.0,0.0,0.0,0.0,0.0,0.0,0.0,0.0,0.0,0.0,0.0,0.0,0.0,0.0,0.0,0.0,0.0,0.0,0.0,0.0,0.0,0.0,0.0,0.0,0.2727272727272727,0.3888888888888889,0.3333333333333333,0.3157894736842105,0.11764705882352941,0.26666666666666666,0.05555555555555555,0.022727272727272728,0.0,0.0,0.0,0.0,0.0,0.0,0.0,0.0,0.0,0.0,0.0,0.0,0.0,0.0,0.0,0.0,0.0,0.0,0.0,0.0,0.0,0.0,0.0,0.0,0.0,0.0,0.0,0.0,0.0,0.0,0.0,0.0,0.0,0.0,0.0,0.0,0.0,0.0,0.0,0.0,0.0,0.0,0.0,0.0
2142882, ECB_02039, indel;-7, indel,2.62891,0.00819918,120,-1.0,0.75,119,0.9,1.0,PASS,0.0,0.0,0.0,0.0,0.0,0.0,0.0,0.0,0.0,0.0,0.0,0.0,0.0,0.0,0.0,0.0,0.0,0.0,0.0,0.0,0.0,0.0,0.0,0.0,0.0,0.0,0.0,0.0,0.0,0.0,0.0,0.0,0.0,0.0,0.0,0.0,0.0,0.0,0.0,0.0,0.0,0.0,0.0,0.0,0.0,0.0,0.0,0.0,0.0,0.0,0.0,0.0,0.0,0.0,0.0,0.0,0.0,0.0,0.0,0.0,0.01639344262295082,0.0759493670886076,0.0,0.10256410256410256,0.05,0.24242424242424243,0.04,0.06857142857142857,0.0,0.0,0.0,0.08,0.14285714285714285,0.06976744186046512,0.0,0.05405405405405406,0.0,0.0,0.0,0.0,0.0,0.0,0.0,0.0,0.0,0.0,0.0,0.0,0.0,0.0,0.0,0.0,0.0,0.0,0.0,0.0,0.0,0.0,0.0,0.0,0.0,0.0,0.0,0.0,0.0,0.0,0.0,0.0,0.0,0.0,0.0,0.0,0.0,0.0,0.0,0.0,0.0,0.0,0.0,0.0,0.0,0.0,0.0,0.0,0.0,0.0,0.0,0.0,0.0,0.0,0.0,0.0,0.0,0.0,0.0,0.0,0.0,0.0,0.0,0.0,0.0,0.0,0.0
2211829, fruA, T->G, missense,1.97817,9.999e-05,119,-1.0,0.857143,115,0.9,0.75,PASS,0.0,0.0,0.0,0.0,0.0,0.0,0.0,0.0,0.0,0.0,0.0,0.0,0.0,0.0,0.0,0.0,0.0,0.0,0.0,0.0,0.0,0.0,0.0,0.0,0.0,0.0,0.0,0.0,0.0,0.0,0.034482758620689655,0.0,0.0,0.0,0.0,0.0,0.0,0.0,0.0,0.0,0.0,0.0,0.0,0.0,0.0,0.0,0.0,0.0,0.0,0.0,0.0,0.0,0.0,0.0,0.0,0.0,0.0,0.0,0.0,0.0,0.0,0.0,0.0,0.0,0.0,0.0,0.0,0.0,0.0,0.0,0.0,0.0,0.0,0.0,0.0,0.0,0.0,0.0,0.0,0.0,0.0,0.0,0.0,0.0,0.0,0.0,0.0,0.0,0.0,0.0,0.0,0.0,0.0,0.0,0.0,0.0,0.0,0.0,0.0,0.0,0.0,0.0,0.0,0.0,0.0,0.1,0.29411764705882354,0.5789473684210527,0.6666666666666666,0.6046511627906976,1.0,0.9393939393939394,0.9887640449438202,1.0,1.0,1.0,1.0,1.0,1.0,1.0,1.0,0.0,0.0,0.0,0.0,0.0,0.0,0.0,0.0,0.0,0.0,0.0,0.0,0.0,0.0,0.0,0.0,0.0,0.0,0.0,0.0,0.0,0.0
2229015, yejF, T->C, missense,1.3526,9.999e-05,120,-1.0,0.75,118,0.9,0.666667,PASS,0.0,0.0,0.0,0.0,0.0,0.0,0.0,0.0,0.0,0.0,0.0,0.0,0.0,0.0,0.0,0.0,0.0,0.0,0.0,0.0,0.0,0.0,0.0,0.0,0.0,0.0,0.0,0.0,0.0,0.0,0.0,0.0,0.0,0.0,0.0,0.0,0.0,0.0,0.0,0.0,0.0,0.0,0.0,0.0,0.0,0.0,0.0,0.0,0.0,0.0,0.0,0.0,0.0,0.0,0.0,0.0,0.0,0.0,0.0,0.0,0.0,0.0,0.0,0.0,0.0,0.0,0.0,0.0,0.0,0.0,0.0,0.0,0.0,0.0,0.0,0.0,0.0,0.0,0.0,0.0,0.0,0.0,0.0,0.0,0.0,0.0,0.0,0.0,0.16666666666666666,0.1111111111111111,0.6923076923076923,1.0,1.0,1.0,1.0,1.0,1.0,1.0,1.0,1.0,1.0,1.0,1.0,1.0,1.0,1.0,1.0,1.0,1.0,1.0,1.0,1.0,1.0,1.0,0.9642857142857143,1.0,1.0,1.0,1.0,1.0,1.0,0.0,0.0,0.0,0.0,0.0,0.0,0.0,0.0,0.0,0.0,0.0,0.0,0.0,0.0,0.0,0.0,0.0,0.0,0.0,0.0,1.0,1.0
2235834, yejM, G->T, missense,4.09588,0.00279972,120,-1.0,0.342857,118,0.9,0.631579,PASS,0.0,0.0,0.0,0.0,0.0,0.0,0.0,0.0,0.0,0.0,0.0,0.0,0.0,0.0,0.0,0.0,0.0,0.0,0.0,0.0,0.0,0.0,0.0,0.0,0.0,0.0,0.0,0.0,0.0,0.0,0.0,0.0,0.0,0.0,0.0,0.0,0.0,0.0,0.0,0.0,0.0,0.0,0.0,0.0,0.0,0.0,0.0,0.0,0.0,0.0,0.0,0.0,0.0,0.0,0.0,0.0,0.0,0.0,0.0,0.0,0.0,0.0,0.0,0.0,0.0,0.0,0.0,0.0,0.0,0.0,0.0,0.0,0.0,0.0,0.0,0.0,0.0,0.0,0.0,0.0,0.0,0.0,0.0,0.0,0.0,0.0,0.0,0.0,0.0,0.0,0.0,0.0,0.0,0.0,0.0,0.0,0.0,0.0,0.0,0.0,0.0,0.0,0.0,0.06060606060606061,0.0625,0.13636363636363635,0.28205128205128205,0.25806451612903225,0.0,0.06666666666666667,0.0,0.0,0.0,0.0,0.0,0.022222222222222223,0.0,0.0,0.0,0.0,0.0,0.0,0.0,0.0,0.0,0.019230769230769232,0.0,0.0,0.0,0.0,0.0,0.0,0.0,0.0,0.0,0.0,0.0,0.0,0.0,0.0,0.0,0.0,0.0
2267353, atoS, T->C, missense,3.00381,0.00019998,120,-1.0,0.48,119,0.9,0.923077,PASS,0.0,0.0,0.0,0.0,0.0,0.0,0.0,0.0,0.0,0.0,0.0,0.0,0.0,0.0,0.0,0.0,0.0,0.0,0.0,0.0,0.0,0.0,0.0,0.0,0.0,0.0,0.0,0.0,0.0,0.0,0.0,0.0,0.0,0.0,0.0,0.0,0.0,0.0,0.0,0.0,0.0,0.0,0.0,0.0,0.0,0.0,0.0,0.0,0.0,0.0,0.0,0.0,0.0,0.0,0.0,0.0,0.0,0.03125,0.0,0.0,0.0,0.0,0.0,0.0,0.0,0.0,0.0,0.0,0.0,0.0,0.0,0.04081632653061224,0.0,0.0,0.0,0.0,0.0,0.0,0.0,0.0,0.0,0.0,0.0,0.0,0.0,0.0,0.0,0.0,0.0,0.0,0.0,0.0,0.0,0.0,0.0,0.0,0.0,0.0,0.0,0.0,0.0,0.08955223880597014,0.13333333333333333,0.1206896551724138,0.27586206896551724,0.23529411764705882,0.19047619047619047,0.234375,0.2,0.15841584158415842,0.0,0.0,0.005050505050505051,0.0,0.0,0.0,0.0,0.0,0.0,0.0,0.0,0.0,0.0,0.0,0.0,0.0,0.0,0.0,0.0,0.0,0.0,0.0,0.0,0.0,0.0,0.0,0.0,0.0,0.0,0.0,0.0,0.0,0.0
2322340, menC, MOB_2322340_2322345_IS186_-1, sv,0.887971,9.999e-05,120,-1.0,1.0,118,0.9,0.923077,PASS,0.0,0.0,0.0,0.0502745,0.0,0.056073507462686564,0.13071895424836602,0.0,0.044300441826215016,0.039525691699604744,0.03720946196660483,0.01757469244288225,0.03663003663003663,0.0,0.017984257602862253,0.0,0.039525691699604744,0.033860045146726865,0.07894168865435357,0.0,0.01835809742647059,0.05419891891891892,0.0,0.0,0.05555555555555555,0.0,0.05846530612244898,0.022046491228070175,0.016509852216748767,0.0,0.027816411682892905,0.0804289544235925,0.0,0.024342857142857145,0.0,0.0,0.12841545064377682,0.020876826722338204,0.0,0.0913890909090909,0.0,0.0,0.09375,0.12228446327683616,0.2953742603550296,0.21294264392324094,0.2781713717693837,0.3071300180831827,0.3144213075060533,0.2223183844011142,0.4157875,0.26872346153846155,0.10761232665639445,0.5781005263157895,0.22702909090909093,0.04254188998589563,0.046948356807511735,0.05075521628498728,0.41658293216630193,0.09925558312655088,0.14888755707762558,0.17287974137931036,0.8839176470588236,0.8250649350649351,0.3578553459119497,0.46809666666666666,0.6113243902439024,0.659464,0.6349634317862166,0.787628450106157,0.9145087999999999,0.7821216848673948,0.83464,0.7564969450101833,0.7736938775510204,0.9545454545454546,1.0,1.0,1.0,1.0,1.0,0.9684789915966386,0.9913924914675767,1.0,1.0,1.0,1.0,1.0,1.0,1.0,1.0,0.9876543209876543,1.0,0.9880657276995305,1.0,0.9816261343012704,0.9884311926605504,0.9879718309859155,0.9868667232597623,0.9944193548387097,1.0,1.0,1.0,1.0,1.0,1.0,1.0,0.9897959183673469,1.0,1.0,1.0,1.0,1.0,1.0,1.0,0.9884573712255772,1.0,0.9890137077900367,0.9954011916583912,1.0,1.0,0.0,0.0,0.0,0.0,0.0,0.0,0.0,0.0,0.0,0.0,0.0,0.0,0.0,0.0,0.0,0.0,0.8893444444444444,0.04574916279069768,0.6165099268547545,0.6724782067247821,0.9904511569367799,0.990020190023753
2348815, intergenic, A->C, noncoding,0.955148,9.999e-05,120,-1.0,0.923077,115,0.9,0.0552995,PASS,0.0,0.0,0.0,0.0,0.0,0.0,0.0,0.0,0.0,0.0,0.0,0.0,0.0,0.0,0.0,0.0,0.0,0.0,0.0,0.0,0.0,0.0,0.0,0.0,0.0,0.0,0.0,0.0,0.0,0.0,0.0,0.0,0.0,0.0,0.0,0.0,0.0,0.0,0.0,0.0,0.0,0.0,0.0,0.0,0.0,0.0,0.0,0.0,0.0,0.0,0.0,0.0,0.0,0.0,0.0,0.0,0.0,0.0,0.0,0.0,0.05660377358490566,0.13043478260869565,0.29411764705882354,0.2777777777777778,0.25,0.375,0.25806451612903225,0.14666666666666667,0.16666666666666666,0.0,0.0,0.5416666666666666,0.868421052631579,0.88,0.7333333333333333,0.625,1.0,1.0,1.0,0.9833333333333333,0.9655172413793104,1.0,0.96875,0.9230769230769231,0.896551724137931,1.0,1.0,1.0,1.0,1.0,0.9285714285714286,1.0,0.9666666666666667,0.9130434782608695,1.0,1.0,1.0,1.0,1.0,1.0,1.0,1.0,1.0,1.0,1.0,1.0,1.0,1.0,1.0,1.0,1.0,1.0,1.0,0.9905660377358491,1.0,1.0,1.0,1.0,1.0,1.0,1.0,0.0,0.0,0.0,0.0,0.0,0.0,0.0,0.0,0.0,0.0,0.0,0.0,0.0,0.0,0.0,0.0,0.0,0.0,1.0,1.0,0.9953917050691244,0.9945945945945946
2389192, mepA, G->T, missense,3.72643,0.00319968,120,-1.0,0.705882,118,0.9,0.8,PASS,0.0,0.0,0.0,0.0,0.0,0.0,0.0,0.0,0.0,0.0,0.0,0.0,0.0,0.0,0.0,0.0,0.0,0.0,0.0,0.0,0.0,0.0,0.0,0.0,0.0,0.0,0.0,0.0,0.0,0.0,0.0,0.0,0.0,0.0,0.0,0.0,0.0,0.0,0.0,0.0,0.0,0.0,0.0,0.0,0.0,0.0,0.0,0.0,0.0,0.0,0.0,0.0,0.0,0.0,0.0,0.0,0.0,0.0,0.0,0.0,0.0,0.0,0.0,0.0,0.0,0.0,0.0,0.0,0.0,0.0,0.0,0.0,0.0,0.0,0.0,0.0,0.0,0.0,0.0,0.0,0.0,0.0,0.0,0.0,0.0,0.0,0.0,0.0,0.0,0.0,0.0,0.0,0.0,0.0,0.0,0.0,0.0,0.0,0.0,0.0,0.0,0.02,0.0,0.0,0.0,0.0,0.0,0.0,0.0,0.0,0.0,0.0,0.0,0.0,0.0,0.0,0.0,0.04838709677419355,0.1590909090909091,0.2289156626506024,0.3448275862068966,0.0,0.0,0.01639344262295082,0.01694915254237288,0.0,0.0,0.0,0.0,0.0,0.0,0.0,0.0,0.0,0.0,0.0,0.0,0.0,0.0,0.0,0.013513513513513514,0.0,0.0
2438822, ypdE, indel;+CGGCAAT, indel,1.08573,9.999e-05,120,-1.0,1.0,117,0.9,0.0794702,PASS,0.05170630816959669,0.0,0.21052631578947367,0.0,0.0,0.09404388714733543,0.0,0.2,0.047393364928909956,0.05893909626719057,0.09302325581395349,0.0,0.0,0.03184713375796178,0.0,0.0625,0.07692307692307693,0.031347962382445145,0.11764705882352941,0.06711409395973154,0.044543429844097995,0.2,0.10256410256410256,0.06060606060606061,0.15075376884422112,0.07142857142857142,0.05333333333333334,0.06349206349206349,0.06688963210702341,0.043478260869565216,0.0,0.13550135501355015,0.0,0.17467248908296945,0.042735042735042736,0.08356545961002786,0.0,0.04784688995215311,0.034013605442176874,0.14285714285714285,0.06060606060606061,0.10810810810810811,0.0,0.0,0.05141388174807198,0.13698630136986303,0.0625,0.04566210045662101,0.10775862068965518,0.05434782608695653,0.0,0.0,0.0,0.13333333333333333,0.06451612903225806,0.0963855421686747,0.0,0.07142857142857142,0.11152416356877325,0.06369426751592357,0.025773195876288662,0.06711409395973154,0.12121212121212122,0.05714285714285714,0.11583011583011583,0.0,0.34285714285714286,0.45569620253164556,0.438871473354232,0.6349206349206349,0.9375,0.17964071856287425,0.1392757660167131,0.07434944237918216,0.2222222222222222,0.03584229390681004,0.0,0.0,0.3076923076923077,0.04457652303120357,0.12,0.15384615384615385,0.043478260869565216,0.0,0.056285178236397754,0.0,0.2158273381294964,0.052910052910052914,0.10256410256410256,0.0,0.0,0.053475935828877004,0.044444444444444446,0.06578947368421052,0.0872093023255814,0.1951219512195122,0.047619047619047616,0.03937007874015748,0.02004008016032064,0.09554140127388536,0.08733624454148473,0.04555808656036447,0.06060606060606061,0.23411371237458195,0.1183431952662722,0.0,0.0823045267489712,0.12158054711246201,0.07407407407407407,0.0705218617771509,0.06711409395973154,0.11142061281337048,0.06386861313868614,0.05330490405117271,0.033444816053511704,0.031746031746031744,0.03076923076923077,0.0234192037470726,0.03642987249544627,0.07643312101910828,0.06369426751592357,0.8518518518518519,0.75,0.819672131147541,0.8536585365853658,0.8181818181818182,0.8438818565400844,0.749185667752443,0.7954545454545454,0.7802547770700637,0.8108108108108107,0.8495575221238938,0.7602339181286549,0.7829181494661921,0.6626506024096385,0.7654320987654321,0.7792207792207791,0.7851239669421488,0.78125,0.7918552036199095,0.8411214953271029,0.5241090146750524,0.188470066518847
2446984, mntH, A->C, noncoding,1.42523,9.999e-05,120,-1.0,0.375,118,0.9,0.521739,PASS,0.0,0.0,0.0,0.0,0.0,0.0,0.0,0.0,0.0,0.0,0.0,0.0,0.0,0.0,0.0,0.0,0.0,0.0,0.0,0.0,0.0,0.0,0.0,0.0,0.0,0.0,0.0,0.0,0.0,0.0,0.0,0.0,0.0,0.0,0.0,0.0,0.0,0.0,0.0,0.0,0.0,0.0,0.0,0.0,0.0,0.0,0.0,0.0,0.0,0.0,0.0,0.0,0.0,0.0,0.0,0.0,0.0,0.0,0.0,0.0,0.0,0.0,0.0,0.0,0.0,0.0,0.0,0.0,0.0,0.0,0.0,0.0,0.0,0.0,0.0,0.0,0.0,0.0,0.0,0.0,0.0,0.0,0.0,0.0,0.0,0.0,0.0,0.0,0.0,0.0,0.0,0.0,0.0,0.0,0.03571428571428571,0.1724137931034483,0.2,0.4444444444444444,0.7746478873239436,0.7692307692307693,0.9333333333333333,1.0,1.0,1.0,1.0,1.0,1.0,1.0,1.0,0.9902912621359223,1.0,1.0,1.0,0.9935483870967742,1.0,1.0,1.0,1.0,1.0,1.0,1.0,0.0,0.0,0.0,0.0,0.0,0.0,0.0,0.0,0.0,0.0,0.0,0.0,0.0,0.0,0.0,0.0,0.0,0.0,0.0,0.0,1.0,0.9910714285714286
2448493, intergenic, MOB_2448493_2448498_IS186_-1, sv,0.988476,9.999e-05,120,-1.0,0.8,119,0.9,0.857143,PASS,0.0035211267605633804,0.0,0.0,0.0,0.0,0.03225806451612903,0.14285714285714285,0.0,0.016835016835016835,0.010384215991692628,0.0,0.014492753623188406,0.022727272727272728,0.6986301369863014,0.9629629629629629,1.0,1.0,1.0,1.0,1.0,1.0,1.0,1.0,1.0,1.0,1.0,0.9836065573770492,1.0,1.0,1.0,1.0,1.0,0.9833333333333333,1.0,1.0,0.9846153846153847,1.0,1.0,1.0,1.0,1.0,1.0,1.0,1.0,0.984375,1.0,1.0,1.0,1.0,1.0,1.0,1.0,1.0,1.0,1.0,1.0,1.0,1.0,1.0,1.0,1.0,1.0,1.0,1.0,1.0,1.0,1.0,1.0,1.0,1.0,1.0,1.0,1.0,1.0,1.0,1.0,1.0,1.0,1.0,1.0,1.0,1.0,1.0,1.0,0.9824561403508771,1.0,1.0,1.0,1.0,1.0,1.0,1.0,1.0,1.0,1.0,1.0,1.0,1.0,1.0,1.0,1.0,1.0,1.0,0.9850746268656716,1.0,0.9824561403508771,1.0,1.0,1.0,0.9931506849315068,1.0,1.0,1.0,0.9961089494163424,1.0,1.0,1.0,1.0,1.0,1.0,1.0,0.0,0.0,0.0,0.0,0.0,0.0,0.0,0.0,0.0,0.0,0.9801980198019802,0.9411764705882353,0.9777777777777777,1.0,0.9797979797979798,0.8974358974358975,0.9310344827586207,0.45,0.9855072463768116,0.9873417721518988,0.9875827814569537,1.0
2448493, intergenic, MOB_2448493_2448498_IS186_1, sv,1.77854,0.00579942,15,-4.26281,0.0152866,27,0.9,0.11215,PASS,0.0,0.0,0.0,0.0,0.0,0.03231017770597738,0.0,0.7795066666666667,0.4276332958380202,0.8861800208116546,0.641506,0.08732162554426705,0.0457503416856492,0.0,0.0,,,,,,,,,,,,0.03571428571428571,,,,,,0.0,,,0.0,,,,,,,,,0.0,,,,,,,,,,,,,,,,,,,,,,,,,,,,,,,,,,,,,,,,0.041666666666666664,,,,,,,,,,,,,,,,,,,0.02652519893899204,,0.0,,,,0.014084507042253521,,,,0.006184291898577613,,,,,,,,0.0,0.0,0.0,0.0,0.0,0.0,0.0,0.9649788732394367,0.9943975225225224,0.9431961651917404,0.0,0.0,0.0,,0.0,0.0,0.0,0.9529209302325582,0.0,0.0,0.0,
2501542, tktB, indel;A;-1, indel,1.25418,9.999e-05,120,-1.0,0.705882,115,0.9,0.26087,PASS,0.0,0.0,0.0,0.0,0.0,0.0,0.0,0.0,0.0,0.0,0.0,0.0,0.0,0.0,0.0,0.0,0.0,0.0,0.0,0.0,0.0,0.0,0.0,0.0,0.0,0.0,0.0,0.0,0.0,0.0,0.0,0.0,0.0,0.0,0.0,0.0,0.0,0.0,0.0,0.0,0.0,0.04,0.0,0.0,0.0,0.0,0.0,0.0,0.0,0.0,0.0,0.0,0.0,0.0,0.0,0.0,0.0,0.0,0.0,0.0,0.0,0.0,0.0,0.0,0.0,0.0,0.0,0.0,0.0,0.0,0.0,0.0,0.0,0.0,0.0,0.0,0.0,0.0,0.0,0.03508771929824561,0.2916666666666667,0.8235294117647058,0.8095238095238095,0.75,0.9,1.0,0.9,0.5833333333333334,0.84,1.0,1.0,1.0,1.0,0.9545454545454546,1.0,1.0,1.0,1.0,1.0,1.0,1.0,1.0,1.0,1.0,1.0,1.0,1.0,1.0,1.0,1.0,1.0,1.0,1.0,1.0,1.0,1.0,1.0,1.0,1.0,1.0,1.0,0.0,0.0,0.0,0.0,0.0,0.0,0.0,0.0,0.0,0.0,0.0,0.0,0.0,0.0,0.0,0.0,0.0,0.0,0.013888888888888888,0.0,1.0,0.9885057471264368
2585234, yfhR, C->A, missense,1.01316,9.999e-05,120,-1.0,0.133333,116,0.9,0.333333,PASS,0.0,0.0,0.0,0.0,0.0,0.0,0.0,0.0,0.0,0.0,0.0,0.0,0.0,0.0,0.0,0.0,0.0,0.0,0.0,0.0,0.0,0.0,0.0,0.0,0.0,0.0,0.0,0.0,0.0,0.0,0.0,0.0,0.0,0.0,0.0,0.0,0.0,0.0,0.0,0.0,0.0,0.0,0.0,0.0,0.0,0.0,0.0,0.0,0.0,0.0,0.0,0.0,0.0,0.0,0.0,0.0,0.0,0.0,0.0,0.0,0.0,0.21428571428571427,0.13333333333333333,0.3333333333333333,0.35,0.2631578947368421,0.125,0.1076923076923077,0.13793103448275862,0.0,0.0,0.5945945945945946,0.8,0.6451612903225806,0.8571428571428571,1.0,0.9310344827586207,1.0,1.0,0.9827586206896551,1.0,1.0,1.0,1.0,1.0,0.9333333333333333,1.0,1.0,1.0,1.0,1.0,1.0,1.0,1.0,1.0,1.0,1.0,1.0,1.0,1.0,0.96,1.0,1.0,1.0,1.0,1.0,1.0,1.0,1.0,1.0,1.0,1.0,1.0,1.0,1.0,0.9534883720930233,1.0,1.0,1.0,1.0,1.0,0.0,0.0,0.0,0.0,0.025,0.0,0.0,0.0,0.0,0.0,0.0,0.0,0.0,0.0,0.0,0.0,1.0,0.0,1.0,1.0,1.0,1.0
2644187, pssA, A->C, noncoding,4.10495,0.00369963,120,-1.0,0.193548,118,0.9,0.48,PASS,0.0,0.0,0.0,0.0,0.0,0.0,0.0,0.0,0.0,0.0,0.0,0.0,0.0,0.0,0.0,0.0,0.0,0.0,0.0,0.0,0.0,0.0,0.0,0.0,0.0,0.0,0.0,0.0,0.0,0.0,0.0,0.0,0.0,0.0,0.0,0.0,0.0,0.0,0.0,0.0,0.0,0.0,0.0,0.0,0.0,0.0,0.0,0.0,0.0,0.0,0.0,0.0,0.0,0.0,0.0,0.0,0.0,0.0,0.0,0.0,0.0,0.0,0.0,0.0,0.0,0.0,0.0,0.023255813953488372,0.04,0.0,0.02127659574468085,0.05263157894736842,0.15555555555555556,0.22727272727272727,0.0,0.0,0.0,0.0,0.0,0.0,0.0,0.0,0.0,0.0,0.0,0.0,0.0,0.0,0.0,0.0,0.0,0.0,0.0,0.0,0.0,0.0,0.0,0.0,0.0,0.0,0.0,0.0,0.0,0.0,0.0,0.0,0.0,0.0,0.0,0.0,0.0,0.0,0.0,0.0,0.0,0.0,0.0,0.005,0.0,0.0,0.0,0.0,0.015873015873015872,0.0,0.0,0.0,0.0,0.0,0.0,0.0,0.0,0.0,0.013157894736842105,0.020833333333333332,0.0,0.0,0.0,0.0,0.0,0.0,0.0,0.0,0.0
2681638, ECB_02512, MOB_2681638_2681641_IS3_-1, sv,3.20862,9.999e-05,120,-1.0,0.857143,116,0.9,0.857143,PASS,0.0,0.0,0.0,0.0,0.0,0.0,0.0,0.0,0.0,0.0,0.0,0.0,0.0,0.0,0.0,0.0,0.0,0.0,0.0,0.0,0.0,0.0,0.0,0.0,0.0,0.0,0.0,0.0,0.0,0.0,0.0,0.0,0.0,0.0,0.0,0.0,0.0,0.0,0.0,0.0,0.0,0.0,0.0,0.0,0.0,0.0,0.0,0.0,0.0,0.0,0.0,0.0,0.021367521367521368,0.21428571428571427,0.0,0.047021943573667714,0.07352941176470588,0.0,0.06605019815059444,0.058343057176196034,0.10235414534288638,0.0946969696969697,0.11655011655011656,0.03236245954692557,0.07874015748031496,0.08368200836820085,0.2567237163814181,0.48841577958672516,0.3415154749199573,0.697084917617237,0.9012345679012346,0.192102454642476,0.09628610729023383,0.0771604938271605,0.06696428571428571,0.079155672823219,0.05148005148005148,0.0,0.2127659574468085,0.021542438604049977,0.0,0.0,0.0,0.020920502092050212,0.0,0.03649635036496351,0.0,0.016722408026755852,0.0,0.0,0.0,0.007722007722007722,0.0,0.0,0.0,0.0,0.0,0.0,0.0,0.0,0.0,0.0,0.0,0.0,0.0,0.0,0.0,0.0,0.0,0.0,0.0,0.0,0.0,0.0,0.0,0.0,0.0,0.0,0.0,0.0,0.0,0.0,0.0,0.0,0.0,0.0,0.0,0.0,0.0,0.0,0.0,0.0,0.0,0.0,0.0,0.0,0.0,0.0,0.0,0.0,0.0,0.0,0.0
2706174, intergenic, MOB_2706174_2706181_IS1_-1, sv,2.13208,9.999e-05,120,-1.0,0.190476,115,0.9,0.631579,PASS,0.0,0.0,0.049809900000000004,0.0,0.0,0.0,0.0,0.047438,0.0,0.015612021943573669,0.05723678160919541,0.0,0.03457934027777778,0.0,0.03716824626865672,0.0,0.0,0.03331371237458194,0.0,0.0,0.0,0.0,0.0,0.0,0.0,0.0,0.014477877906976746,0.0,0.021282393162393165,0.0,0.015139787234042554,0.03122789968652038,0.047663636363636366,0.0,0.0,0.041505791666666667,0.0,0.02862293103448276,0.0,0.0,0.0,0.0,0.0,0.03298377483443709,0.03027401215805471,0.021751048034934498,0.020002188755020082,0.0,0.0,0.0612344262295082,0.0,0.0,0.0,0.0,0.07662138461538462,0.0,0.0,0.0,0.0,0.04683150470219436,0.033881292517006806,0.02441291666666667,0.0,0.0,0.030368231707317075,0.0,0.0,0.0,0.0,0.0,0.0,0.0,0.0,0.0,0.0,0.0,0.03387704081632653,0.0,0.0,0.0,0.0,0.0,0.0,0.0,0.019600551181102363,0.031322232704402514,0.0,0.0,0.0,0.0,0.0,0.0,0.03132125786163522,0.0,0.0,0.0,0.054347798913043484,0.023455373831775702,0.1323042998897464,0.09490325203252034,0.0628930503144654,0.2286177890724269,0.2310660769230769,0.32651771561771564,0.5689488294314381,0.555532342007435,0.46360667903525044,0.5111080550098231,0.33201555555555556,0.3032190395956192,0.13555706521739133,0.03866046332046332,0.02028397565922921,0.05052462057335582,0.0,0.04407433628318584,0.0,0.0220624944714728,0.011914808612440193,0.007303709677419354,0.0,0.14607803837953093,0.09623799212598426,0.09999731800766284,0.06314344086021506,0.06669699863574352,0.08888886363636363,0.04687049441786283,0.039226706827309235,0.06249388623072834,0.11924121951219512,0.09529922103213241,0.0,0.07837895791583166,0.05565498575498575,0.09281886195995785,0.0,0.16346116910229647,0.17521892583120205,0.04082262773722628,0.08164535974973931,0.05567190583591768,0.03045283307810107
2706493, emrA, junction_2706493_1_2706797_-1, sv,2.34449,9.999e-05,120,-1.0,0.75,119,0.9,0.48,PASS,0.0,0.0,0.0,0.0,0.0,0.0,0.0,0.0,0.0,0.0,0.0,0.0,0.0,0.0,0.0,0.0,0.0,0.0,0.0,0.0,0.0,0.0,0.0,0.0,0.0,0.0,0.0,0.0,0.0,0.0,0.0,0.0,0.0,0.0,0.0,0.0,0.0,0.0,0.0,0.0,0.0,0.0,0.0,0.0,0.0,0.0,0.0,0.0,0.0,0.0,0.0,0.0,0.0,0.0,0.16877637130801687,0.04395604395604396,0.20172910662824206,0.20905923344947736,0.19434628975265017,0.20437956204379562,0.2014098690835851,0.16453382084095064,0.20202020202020202,0.20202020202020202,0.0544959128065395,0.10752688172043011,0.1342281879194631,0.0684931506849315,0.15113350125944583,0.18823529411764706,0.04807692307692307,0.019083969465648856,0.09421265141318977,0.05725190839694656,0.050505050505050504,0.03773584905660377,0.0,0.0,0.0,0.0,0.0,0.0,0.0,0.0,0.0,0.0,0.0,0.0,0.0,0.0,0.0,0.0,0.0,0.0,0.0,0.0,0.0,0.0,0.0,0.0,0.0,0.0,0.0,0.0,0.0,0.0,0.0,0.0,0.0,0.0,0.0,0.0,0.0,0.0,0.0,0.0,0.0,0.0,0.0,0.0,0.0,0.0,0.0,0.0,0.0,0.0,0.0,0.0,0.0,0.0,0.0,0.0,0.0,0.0,0.0,0.0,0.0,0.0,0.0,0.0,0.0,0.0,0.0
2708181, emrB, junction_2708181_1_IS150_start, sv,3.92688,0.00309969,120,-1.0,0.3,118,0.9,0.375,PASS,0.0,0.0,0.0,0.0,0.0,0.0,0.0,0.0,0.0,0.0,0.0,0.0,0.0,0.0,0.0,0.0,0.0,0.0,0.0,0.0,0.0,0.0,0.0,0.0,0.0,0.0,0.0,0.0,0.0,0.0,0.0,0.0,0.0,0.0,0.0,0.0,0.0,0.0,0.0,0.0,0.0,0.0,0.0,0.0,0.0,0.0,0.0,0.0,0.0,0.0,0.0,0.0,0.0,0.0,0.0,0.075,0.0,0.0,0.0,0.0,0.0,0.0,0.0,0.05,0.0,0.0,0.19230769230769232,0.1320754716981132,0.15151515151515152,0.0,0.0,0.0,0.0,0.0,0.0,0.0,0.0,0.0,0.0,0.0,0.0,0.0,0.0,0.0,0.0,0.0,0.0,0.0,0.0,0.0,0.0,0.0,0.0,0.0,0.0,0.0,0.0,0.0,0.0,0.0,0.0,0.0,0.0,0.0,0.0,0.0,0.0,0.0,0.0,0.0,0.0,0.0,0.0,0.0,0.0,0.0,0.0,0.0,0.0,0.0,0.0,0.0,0.0,0.0,0.0,0.0,0.0,0.0,0.0,0.0,0.0,0.0,0.0,0.0,0.0,0.0,0.0,0.0,0.0,0.0,0.0,0.0,0.0
2713428, tRNA:serV, junction_2713428_1_IS186_start, sv,5.23229,0.00019998,120,-1.0,0.126316,7,1.12687,1.0,PASS,0.0,0.0,0.0,0.0,0.0,0.0,0.0,0.5,0.05454545454545454,0.025,0.0,0.0,0.0,0.0,0.0,0.0,0.0,0.0,0.0,0.0,0.0,0.0,0.0,0.0,0.0,0.0,0.0,0.0,0.0,0.012345679012345678,0.0,0.0,0.0,0.0,0.0,0.0,0.0,0.0,0.0,0.0,0.0,0.0,0.0,0.004901960784313725,0.0,0.0,0.0,0.0,0.0,0.0,0.0,0.0,0.0,0.0,0.0,0.0,0.0,0.0,0.0,0.0,0.0,0.0,0.0,0.0,0.0,0.0,0.0,0.0,0.0,0.0,0.0,0.0,0.0,0.0,0.0,0.0,0.0,0.0,0.0,0.0,0.0,0.0,0.0,0.0,0.0,0.0,0.0,0.0,0.0,0.0,0.0,0.0,0.0,0.0,0.0,0.0,0.0,0.0,0.0,0.0,0.0,0.0,0.0,0.0,0.0,0.0,0.0,0.0,0.0,0.0,0.0,0.0,0.0,0.0,0.0,0.0,0.0,0.0,0.0,0.0,0.0,0.0,0.0,0.0,0.0,0.0,0.0,0.0,0.0,0.0,0.0,0.0,0.0,0.0,0.0,0.0,0.0,0.0,0.0,0.0,0.0,0.0,0.0
2713845, csrA, T->G, missense,2.43509,0.00019998,120,-1.0,0.307692,7,1.28391,1.0,PASS,0.0,0.0,0.0,0.0,0.0,0.0,0.0,0.0,0.0,0.0,0.0,0.0,0.0,0.0,0.0,0.0,0.0,0.0,0.0,0.0,0.0,0.0,0.0,0.0,0.0,0.0,0.0,0.0,0.0,0.0,0.0,0.0,0.0,0.0,0.0,0.0,0.0,0.0,0.012195121951219513,0.0,0.0,0.0,0.0,0.0,0.0,0.0,0.0,0.0,0.0,0.0,0.0,0.0,0.0,0.0,0.0,0.0,0.0,0.0,0.0,0.025,0.09482758620689655,0.1643835616438356,0.08333333333333333,0.05128205128205128,0.08333333333333333,0.025,0.05263157894736842,0.0106951871657754,0.0,0.0,0.0136986301369863,0.1282051282051282,0.02912621359223301,0.09876543209876543,0.02631578947368421,0.05084745762711865,0.011363636363636364,0.0,0.0,0.0,0.0,0.0,0.0,0.0,0.0,0.0,0.0,0.0,0.0,0.0,0.0,0.0,0.0,0.0,0.0,0.0,0.0,0.0,0.0,0.0,0.0,0.0,0.0,0.0,0.0,0.0,0.0,0.0,0.0,0.0,0.0,0.0,0.0,0.004166666666666667,0.0,0.0,0.0,0.0,0.0,0.0,0.0,0.0,0.0,0.0,0.0,0.0,0.0,0.0,0.0,0.0,0.0,0.0,0.0,0.0,0.0,0.0,0.0,0.0,0.0,0.0,0.0,0.0,0.0
2793253, ECB_02621, junction_2793253_-1_IS186_end, sv,4.24728,0.00639936,120,-1.0,0.923077,114,0.9,0.130435,PASS,0.0,0.0,0.0,0.0,0.0,0.0,0.0,0.23529411764705882,0.14634146341463414,0.0625,0.037037037037037035,0.0,0.0,0.0,0.0,0.0,0.0,0.0,0.0,0.0,0.0,0.0,0.0,0.0,0.0,0.0,0.0,0.0,0.0,0.0,0.0,0.0,0.0,0.0,0.0,0.0,0.0,0.0,0.0,0.0,0.0,0.0,0.0,0.0,0.0,0.0,0.0,0.0,0.0,0.0,0.0,0.0,0.0,0.0,0.0,0.0,0.0,0.0,0.0,0.0,0.0,0.0,0.0,0.0,0.0,0.0,0.0,0.0,0.0,0.0,0.0,0.0,0.0,0.0,0.0,0.0,0.0,0.0,0.0,0.0,0.0,0.0,0.0,0.0,0.0,0.0,0.0,0.0,0.0,0.0,0.0,0.0,0.0,0.0,0.0,0.0,0.0,0.0,0.0,0.0,0.0,0.0,0.0,0.0,0.0,0.0,0.0,0.0,0.0,0.0,0.0,0.0,0.0,0.0,0.0,0.0,0.0,0.0,0.0,0.0,0.0,0.0,0.0,0.0,0.0,0.0,0.0,0.0,0.0,0.0,0.0,0.0,0.0,0.0,0.0,0.0,0.0,0.0,0.0,0.0,0.0,0.0,0.0
2794461, intergenic, MOB_2794461_2794469_IS1_1, sv,2.20289,0.00079992,120,-1.0,0.857143,111,0.9,0.324324,PASS,0.0,0.0,0.0,0.0,0.0,0.0,0.0,0.0,0.0,0.0,0.0,0.0,0.0,0.0,0.0,0.0,0.0,0.0,0.0,0.0,0.0,0.0,0.0,0.0,0.0,0.0,0.0,0.0,0.0,0.0,0.0,0.0,0.0,0.0,0.0,0.0,0.0,0.0,0.0,0.0,0.0,0.0,0.0,0.0,0.0,0.0,0.0,0.0,0.0,0.0,0.0,0.0,0.0,0.0,0.0,0.0,0.0,0.0,0.0,0.0,0.0,0.0,0.0,0.0,0.0,0.0,0.0,0.0,0.0,0.0,0.0,0.0,0.0,0.0,0.0,0.0,0.0,0.0,0.0,0.0,0.0,0.0,0.0,0.0,0.0,0.0,0.0,0.0,0.0,0.0,0.0,0.0,0.0,0.0,0.0,0.0,0.0,0.0,0.0,0.0,0.0,0.0,0.0,0.0,0.0,0.040160642570281124,0.026455026455026457,0.11146496815286625,0.23076923076923078,0.05736137667304016,0.21164021164021166,0.10934393638170975,0.09124087591240876,0.027497708524289646,0.0,0.0,0.03236245954692557,0.020696791997240428,0.016181229773462785,0.0,0.0,0.0,0.0,0.0,0.0,0.0,0.0,0.0,0.0,0.0,0.0,0.0,0.0,0.0,0.0,0.0,0.0,0.0,0.0,0.0,0.0,0.0,0.0
2797742, pyrG, T->G, missense,3.73446,9.999e-05,120,-1.0,0.110092,118,0.9,0.235294,PASS,0.0,0.0,0.0,0.0,0.0,0.0,0.0,0.0,0.0,0.0,0.0,0.0,0.0,0.0,0.0,0.0,0.0,0.0,0.0,0.0,0.0,0.0,0.0,0.0,0.0,0.0,0.0,0.0,0.0,0.0,0.0,0.0,0.0,0.0,0.0,0.0,0.0,0.0,0.0,0.0,0.0,0.0,0.0,0.0,0.0,0.0,0.0,0.0,0.0,0.0,0.0,0.0,0.0,0.0,0.0,0.0,0.0,0.0,0.0,0.0,0.0,0.0,0.0,0.0,0.0,0.0,0.11538461538461539,0.26865671641791045,0.2903225806451613,0.5714285714285714,0.9333333333333333,0.14285714285714285,0.12,0.061224489795918366,0.05,0.0,0.075,0.0,0.13043478260869565,0.0,0.0,0.0,0.0,0.0,0.0,0.0,0.0,0.0,0.0,0.0,0.04,0.04081632653061224,0.0,0.0,0.0,0.0,0.0,0.0,0.0,0.0,0.0,0.0,0.0,0.0,0.0,0.0,0.0,0.0,0.0,0.0,0.0,0.0,0.0,0.0,0.0,0.0,0.0,0.0,0.0,0.0,0.0,0.0,0.0,0.0,0.0,0.0,0.0,0.0,0.0,0.0,0.0,0.0,0.0,0.0,0.0,0.0,0.0,0.0,0.0,0.0,0.0,0.0,0.0
2810545, gudP, G->T, missense,1.3053,0.00019998,120,-1.0,0.0495868,118,0.9,0.226415,PASS,0.0,0.0,0.0,0.0,0.0,0.0,0.0,0.0,0.0,0.0,0.0,0.0,0.0,0.0,0.0,0.0,0.0,0.0,0.0,0.0,0.0,0.0,0.0,0.0,0.0,0.0,0.0,0.0,0.0,0.0,0.0,0.0,0.0,0.0,0.0,0.0,0.0,0.0,0.0,0.0,0.0,0.0,0.0,0.0,0.0,0.0,0.0,0.0,0.0,0.0,0.0,0.0,0.0,0.0,0.0,0.0,0.0,0.0,0.0,0.0,0.0,0.0,0.0,0.0,0.0,0.0,0.0,0.0,0.0,0.0,0.0,0.0,0.0,0.0,0.0,0.0,0.0,0.0,0.0,0.03571428571428571,0.30434782608695654,0.875,0.8333333333333334,0.8571428571428571,0.7560975609756098,1.0,0.7142857142857143,0.8333333333333334,0.7575757575757576,1.0,1.0,1.0,1.0,1.0,1.0,1.0,0.9629629629629629,1.0,1.0,1.0,1.0,1.0,1.0,1.0,1.0,1.0,1.0,1.0,1.0,1.0,1.0,1.0,0.993006993006993,1.0,1.0,1.0,0.972972972972973,0.9910714285714286,1.0,1.0,1.0,0.0,0.0,0.0,0.0,0.0,0.0,0.0,0.0,0.0,0.0,0.0,0.0,0.0,0.0,0.0,0.0,0.0,0.0,0.0,0.0,0.9868421052631579,1.0
2817793, sdaC, G->A, nonsense,2.89574,0.01298,120,-1.0,0.75,119,0.9,0.705882,PASS,0.0,0.0,0.0,0.0,0.0,0.0,0.0,0.0,0.0,0.0,0.0,0.0,0.0,0.0,0.0,0.0,0.0,0.0,0.0,0.0,0.0,0.0,0.0,0.0,0.037037037037037035,0.0,0.0,0.0,0.0,0.0,0.0,0.0,0.08823529411764706,0.2153846153846154,0.038461538461538464,0.05555555555555555,0.2,0.07017543859649122,0.0,0.0,0.17857142857142858,0.058823529411764705,0.02564102564102564,0.0,0.0,0.0,0.0,0.0,0.0,0.0,0.0,0.0,0.0,0.0,0.0,0.0,0.0,0.0,0.0,0.0,0.0,0.0,0.0,0.0,0.0,0.0,0.0,0.0,0.0,0.0,0.0,0.0,0.0,0.0,0.0,0.0,0.0,0.0,0.0,0.0,0.0,0.0,0.0,0.0,0.0,0.0,0.0,0.0,0.0,0.0,0.0,0.0,0.0,0.0,0.0,0.0,0.0,0.0,0.0,0.0,0.0,0.0,0.0,0.0,0.0,0.0,0.0,0.0,0.0,0.0,0.0,0.0,0.00392156862745098,0.0,0.0,0.0,0.0,0.0,0.008695652173913044,0.0,0.0,0.0,0.0,0.0,0.0,0.0,0.0,0.0,0.0,0.0,0.0,0.0,0.0,0.0,0.0,0.0,0.0,0.0,0.0,0.0,0.0,0.0,0.0
2837247, gcvA, indel;-1;+T, indel,4.61793,0.00259974,120,-1.0,0.387097,115,0.9,0.27907,PASS,0.0,0.0,0.0,0.0,0.0,0.0,0.0,0.0,0.0,0.0,0.0,0.0,0.0,0.0,0.0,0.0,0.0,0.0,0.0,0.0,0.0,0.0,0.0,0.0,0.0,0.0,0.0,0.0,0.0,0.0,0.0,0.0,0.0,0.0,0.0,0.0,0.0,0.0,0.0,0.0,0.0,0.0,0.0,0.0,0.0,0.0,0.0,0.0,0.0,0.0,0.0,0.0,0.0,0.0,0.0,0.0,0.0,0.0,0.0,0.0,0.0,0.0,0.0,0.0,0.0,0.0,0.0,0.0,0.0,0.0,0.0,0.0,0.0,0.0,0.0,0.0,0.0,0.0,0.0,0.0,0.0,0.0,0.0,0.0,0.0,0.0,0.0,0.0,0.125,0.3333333333333333,0.45,0.02631578947368421,0.0,0.0,0.0,0.0,0.0,0.0,0.0,0.0,0.0,0.013333333333333334,0.0,0.0,0.0,0.0,0.0,0.0,0.0,0.0,0.0,0.0,0.006666666666666667,0.007575757575757576,0.0,0.027777777777777776,0.03225806451612903,0.005154639175257732,0.02,0.0,0.0,0.0,0.0,0.0,0.0,0.0,0.0,0.0,0.0,0.0,0.0,0.0,0.0,0.02127659574468085,0.0,0.0,0.0,0.0,0.0,0.0,0.0,0.0,0.0
2899616, yqeB, indel;+T, indel,3.40568,0.0059994,120,-1.0,0.0736196,110,0.9,0.521739,PASS,0.0,0.0,0.0,0.0,0.0,0.0,0.0,0.0,0.0,0.0,0.0,0.0,0.0,0.0,0.0,0.0,0.0,0.0,0.0,0.0,0.0,0.0,0.0,0.0,0.0,0.0,0.0,0.0,0.0,0.0,0.03597122302158273,0.05952380952380952,0.16455696202531644,0.18461538461538463,0.0,0.0,0.0,0.0,0.0,0.0,0.0,0.0,0.0,0.0,0.0,0.0,0.0,0.0,0.0,0.0,0.0,0.0,0.0,0.0,0.0,0.0,0.0,0.0,0.0,0.0,0.0,0.0,0.0,0.0,0.0,0.0,0.0,0.0,0.0,0.0,0.0,0.0,0.0,0.0,0.0,0.0,0.0,0.0,0.0,0.0,0.0,0.0,0.0,0.0,0.0,0.0,0.0,0.0,0.0,0.0,0.0,0.0,0.0,0.0,0.0,0.0,0.0,0.0,0.0,0.0,0.0,0.0,0.0,0.0,0.0,0.0,0.0,0.0,0.0,0.0,0.0,0.0,0.0,0.0,0.0,0.0,0.0,0.0,0.0,0.0,0.0,0.0,0.0,0.0,0.0,0.0,0.0,0.0,0.0,0.0,0.0,0.0,0.0,0.0,0.0,0.0,0.0,0.0,0.0,0.0,0.0,0.0,0.0
2899617, yqeB, MOB_2899617_2899617_IS150_-1, sv,0.992986,9.999e-05,120,-1.0,0.110092,119,0.9,0.3,PASS,0.0,0.0,0.0,0.0,0.0,0.030349013657056143,0.0,0.0,0.0,0.0,0.0,0.0,0.0,0.0,0.0,0.0,0.0,0.0,0.09881513157894736,0.30307056603773586,1.0,1.0,1.0,1.0,1.0,1.0,1.0,1.0,1.0,1.0,1.0,1.0,1.0,1.0,1.0,1.0,1.0,0.9995083440308087,1.0,1.0,1.0,1.0,1.0,1.0,1.0,1.0,1.0,1.0,1.0,1.0,1.0,1.0,1.0,1.0,1.0,1.0,1.0,1.0,1.0,1.0,1.0,1.0,1.0,1.0,1.0,1.0,1.0,1.0,1.0,1.0,1.0,1.0,1.0,1.0,1.0,1.0,1.0,1.0,1.0,1.0,1.0,1.0,1.0,1.0,1.0,1.0,1.0,1.0,1.0,1.0,1.0,1.0,1.0,1.0,1.0,1.0,1.0,1.0,1.0,1.0,1.0,1.0,1.0,1.0,1.0,1.0,1.0,1.0,1.0,1.0,1.0,1.0,1.0,1.0,1.0,1.0,1.0,1.0,1.0,1.0,1.0,0.0,0.0,0.0,0.0,0.0,0.0,0.0,0.0,0.0,0.0,1.0,1.0,1.0,1.0,1.0,1.0,1.0,1.0,1.0,1.0,0.9984753187827585,1.0
2918131, ygfU, G->A, synonymous,3.23168,0.016132,120,-1.0,0.24,117,0.9,0.666667,PASS,0.0,0.0,0.0,0.0,0.0,0.0,0.0,0.0,0.0,0.0,0.0,0.0,0.0,0.0,0.0,0.0,0.0,0.0,0.0,0.0,0.0,0.0,0.0,0.0,0.0,0.0,0.0,0.0,0.0,0.0,0.0,0.0,0.0,0.0,0.0,0.0,0.0,0.0,0.0,0.0,0.0,0.0,0.0,0.0,0.0,0.0,0.0,0.0,0.0,0.0,0.0,0.0,0.0,0.0,0.0,0.0,0.0,0.0,0.0,0.0,0.0,0.0,0.0,0.0,0.0,0.0,0.0,0.0,0.0,0.0,0.0,0.0,0.0,0.0,0.0,0.0,0.0,0.0,0.0,0.0,0.0,0.0,0.0,0.0,0.0,0.0,0.0,0.0,0.0,0.0,0.0,0.0,0.0,0.0,0.0,0.0,0.0,0.0,0.0,0.0,0.0,0.022988505747126436,0.0,0.0,0.0,0.0,0.0,0.0,0.0,0.0,0.0,0.0,0.0,0.0,0.0,0.0,0.0,0.0,0.0,0.01639344262295082,0.11538461538461539,0.0,0.0,0.0,0.0,0.0,0.0,0.0,0.0,0.0,0.0,0.011235955056179775,0.0,0.0,0.0,0.0,0.0,0.0,0.0,0.0,0.0,0.0,0.0
2922758, recJ, C->T, missense,5.43758,9.999e-05,120,-1.0,0.6,118,0.9,1.0,PASS,0.0,0.0,0.0,0.0,0.0,0.0,0.0,0.0,0.0,0.0,0.0,0.0,0.0,0.0,0.0,0.0,0.0,0.0,0.0,0.0,0.0,0.0,0.0,0.0,0.0,0.0,0.0,0.0,0.0,0.0,0.0,0.0,0.0,0.0,0.0,0.0,0.0,0.0,0.0,0.0,0.0,0.0,0.0,0.0,0.0,0.0,0.0,0.0,0.0,0.0,0.0,0.0,0.0,0.0,0.0,0.0,0.0,0.0,0.0,0.0,0.0,0.0,0.0,0.0,0.0,0.0,0.0,0.0,0.0,0.0,0.0,0.0,0.0,0.0,0.0,0.0,0.0,0.0,0.0,0.0,0.0,0.0,0.0,0.0,0.0,0.12,0.09090909090909091,0.3333333333333333,0.4090909090909091,0.2857142857142857,0.42105263157894735,0.0,0.0,0.0,0.0,0.0,0.0,0.0,0.0,0.0,0.0,0.0,0.0,0.0,0.0,0.0,0.0,0.0,0.0,0.0,0.0,0.0,0.0,0.0,0.03225806451612903,0.0,0.0,0.0,0.0,0.0,0.0,0.0,0.0,0.0,0.0,0.0,0.0,0.0,0.0,0.0,0.0,0.0,0.0,0.0,0.0,0.0,0.0,0.0,0.0,0.0,0.0,0.0,0.0
2991324, nupG, C->A, noncoding,2.66418,0.00819918,120,-1.0,0.375,118,0.9,1.0,PASS,0.0,0.0,0.0,0.0,0.0,0.0,0.0,0.0,0.0,0.0,0.0,0.0,0.0,0.0,0.0,0.0,0.0,0.0,0.1111111111111111,0.0,0.0,0.0,0.0,0.0,0.0,0.0,0.0,0.0,0.0,0.0,0.0,0.0,0.0,0.0,0.0,0.0,0.0,0.0,0.0,0.0,0.0,0.0,0.0,0.0,0.0,0.0,0.0,0.0,0.0,0.0,0.0,0.0,0.0,0.0,0.0,0.0,0.0,0.0,0.0,0.0,0.0,0.0,0.0,0.0,0.0,0.0,0.0,0.0,0.0,0.0,0.0,0.0,0.0,0.0,0.0,0.0,0.0,0.0,0.0,0.0,0.0,0.0,0.0,0.0,0.0,0.0,0.0,0.0,0.0,0.0,0.0,0.0,0.0,0.0,0.0,0.0,0.0,0.0,0.015625,0.0,0.0,0.1044776119402985,0.125,0.25,0.07142857142857142,0.08,0.19444444444444445,0.10869565217391304,0.1,0.05970149253731343,0.0,0.0,0.0,0.0,0.0,0.0,0.0,0.0,0.0,0.0,0.0,0.0,0.0,0.0,0.014084507042253521,0.0,0.0,0.0,0.0,0.0,0.0,0.0,0.0,0.0,0.0,0.0,0.0,0.0,0.0,0.0,0.0,0.0,0.0
2992366, nupG, indel;+70, indel,2.7713,9.999e-05,120,-1.0,0.0540541,119,0.9,0.6,PASS,0.0,0.0,0.0,0.0,0.0,0.0,0.0,0.0,0.0,0.0,0.0,0.0,0.0,0.0,0.0,0.0,0.0,0.0,0.0,0.0,0.0,0.0,0.0,0.0,0.0,0.0,0.0,0.0,0.0,0.0,0.0,0.0,0.0,0.0,0.0,0.0,0.0,0.0,0.0,0.0,0.0,0.0,0.0,0.0,0.0,0.0,0.0,0.0,0.0,0.0,0.0,0.0,0.0,0.0,0.0,0.0,0.0,0.0,0.0,0.0,0.0,0.0,0.0,0.10526315789473684,0.17857142857142858,0.07142857142857142,0.20512820512820512,0.3287671232876712,0.1728395061728395,0.2857142857142857,0.6075949367088608,0.24489795918367346,0.047244094488188976,0.02631578947368421,0.0,0.09302325581395349,0.08108108108108109,0.0,0.045454545454545456,0.0,0.0,0.0,0.09375,0.0,0.014388489208633094,0.0,0.0625,0.0,0.0,0.0,0.0,0.0,0.0,0.05555555555555555,0.0,0.0,0.0,0.0,0.0,0.0,0.0,0.0,0.0,0.0,0.0,0.0,0.0,0.0,0.0,0.0,0.0,0.0,0.0,0.0,0.0,0.0,0.0,0.0,0.0,0.0,0.0,0.0,0.0,0.0,0.0,0.0,0.0,0.0,0.0,0.0,0.0,0.0,0.0,0.0,0.0,0.0,0.0,0.0,0.0,0.0,0.0,0.0,0.0
2996588, ECB_02797, junction_2996588_-1_IS1_end, sv,0.992901,9.999e-05,120,-1.0,0.141176,118,0.9,0.324324,PASS,0.0,0.0,0.0,0.0,0.0,0.0,0.0,0.0,0.0,0.0,0.0,0.0,0.0,0.0,0.0,0.0,0.0,0.0,0.0,0.0,0.0,0.0,0.0,0.9666666666666667,1.0,1.0,1.0,1.0,1.0,1.0,1.0,1.0,1.0,1.0,1.0,1.0,1.0,1.0,1.0,1.0,1.0,1.0,1.0,1.0,1.0,1.0,1.0,1.0,1.0,1.0,1.0,1.0,1.0,1.0,1.0,1.0,1.0,1.0,1.0,1.0,1.0,1.0,1.0,1.0,1.0,1.0,1.0,1.0,1.0,1.0,1.0,1.0,1.0,1.0,1.0,1.0,1.0,1.0,1.0,1.0,1.0,1.0,1.0,1.0,1.0,1.0,1.0,1.0,1.0,1.0,1.0,1.0,1.0,1.0,1.0,1.0,1.0,1.0,1.0,1.0,1.0,1.0,1.0,1.0,1.0,1.0,1.0,1.0,1.0,1.0,1.0,1.0,1.0,1.0,1.0,1.0,1.0,1.0,1.0,1.0,1.0,0.0,0.0,0.0,0.0,0.0,0.0,0.0,0.0,0.0,0.0,0.0,0.0,1.0,1.0,1.0,1.0,1.0,1.0,1.0,1.0,0.9987389659520807,1.0
3024835, ECB_02825, junction_3024835_-1_IS1_end, sv,1.9249,9.999e-05,120,-1.0,0.48,117,0.9,0.155844,PASS,0.0,0.0,0.0,0.0,0.0,0.0,0.0,0.0,0.0,0.0,0.0,0.0,0.0,0.0,0.0,0.0,0.0,0.0,0.0,0.0,0.0,0.0,0.0,0.0,0.0,0.0,0.0,0.0,0.0,0.0,0.0,0.0,0.0,0.0,0.0,0.0,0.0,0.0,0.0,0.0,0.0,0.0,0.0,0.0,0.0,0.0,0.0,0.0,0.0,0.0,0.0,0.0,0.0,0.0,0.0,0.0,0.0,0.0,0.0,0.0,0.0,0.0,0.0,0.0,0.0,0.0,0.0,0.0,0.0,0.0,0.0,0.0,0.0,0.0,0.0,0.0,0.0,0.0,0.0,0.0,0.0,0.0,0.0,0.0,0.0,0.0,0.0,0.0,0.0,0.0,0.0,0.0,0.0,0.0,0.0,0.0,0.0,0.02702702702702703,0.0,0.0,0.0,0.0,0.05,0.0,0.08695652173913043,0.12,0.30952380952380953,0.44285714285714284,0.8333333333333334,0.7078651685393258,1.0,0.9583333333333334,0.9666666666666667,0.9583333333333334,1.0,1.0,1.0,1.0,0.9803921568627451,1.0,1.0,0.0,0.0,0.0,0.0,0.0,0.0,0.0,0.0,0.0,0.0,0.0,0.0,0.0,0.0,0.0,0.0,0.0,0.0,0.0,0.0,0.0,0.0
3025480, ECB_02826, junction_3025480_-1_IS150_end, sv,5.10457,0.00069993,108,-4.64374,9.999e-05,105,0.9,0.133333,PASS,0.0,0.0,0.0,0.0,0.0,0.0,0.0,0.0,0.0,0.0,0.0,0.0,0.0,0.0,0.0,0.0,0.0,0.0,0.0,0.0,0.0,0.0,0.0,0.0,0.0,0.0,0.0,0.0,0.0,0.0,0.0,0.0,0.0,0.0,0.0,0.0,0.0,0.0,0.0,0.0,0.0,0.0,0.0,0.0,0.0,0.0,0.0,0.0,0.0,0.0,0.0,0.0,0.0,0.0,0.0,0.0,0.0,0.0,0.0,0.0,0.0,0.0,0.0,0.0,0.0,0.0,0.0,0.0,0.0,0.0,0.0,0.0,0.0,0.0,0.0,0.0,0.0,0.0,0.0,0.0,0.0,0.0,0.0,0.0,0.06060606060606061,0.08333333333333333,0.0,0.15384615384615385,0.16666666666666666,0.2857142857142857,0.0,0.0,0.0,0.0,0.0,0.0,0.0,0.0,0.0,0.0,0.0,0.0,0.0,0.0,0.0,0.0,0.0,0.0,0.0,0.0,0.0,0.0,0.0,,,,,,,,,0.0,0.0,0.0,0.0,0.0,0.0,0.0,0.0,0.0,0.0,0.0,0.0,0.0,0.0,0.0,0.0,0.0,0.0,0.0,0.0,0.0,0.0
3026024, ECB_02826, MOB_3026024_3026032_IS1_-1, sv,3.08542,0.00019998,108,-4.00261,0.002557,105,0.9,0.4,PASS,0.0,0.0,0.0,0.0,0.0,0.0,0.0,0.0,0.0,0.0,0.0,0.0,0.0,0.0,0.0,0.0,0.0,0.0,0.0,0.0,0.0,0.0,0.0,0.0,0.0,0.0,0.0,0.0,0.0,0.0,0.0,0.0,0.0,0.0,0.0,0.0,0.0,0.0,0.0,0.0,0.0,0.0,0.0,0.0,0.0,0.0,0.0,0.0,0.0,0.0,0.0,0.0,0.0,0.0,0.0,0.0,0.0,0.0,0.0,0.0,0.0,0.0,0.0,0.0,0.0,0.0,0.0,0.0,0.0,0.0,0.0,0.0,0.0,0.0,0.0,0.0,0.0,0.0,0.0,0.0,0.0,0.0,0.0,0.0,0.0,0.0,0.0,0.0,0.0,0.0,0.0,0.023809523809523808,0.044444444444444446,0.18461538461538463,0.072,0.06896551724137931,0.053763440860215055,0.09090909090909091,0.04807692307692308,0.012121212121212121,0.0,0.0,0.0,0.0,0.0,0.0,0.0,0.0,0.0,0.0,0.0,0.0,0.0,0.0,,0.0,,,,,,0.0,0.0,0.0,0.0,0.0,0.0,0.0,0.0,0.0,0.0,0.0,0.0,0.0,0.0,0.0,0.0,0.0,0.0,0.0,0.0,0.0,0.0
3026706, ECB_02826, MOB_3026706_3026714_IS1_-1, sv,2.15159,0.00019998,108,-4.24137,0.00774194,104,0.9,0.101695,PASS,0.0,0.0,0.0,0.0,0.0,0.0,0.0,0.0,0.0,0.0,0.0,0.0,0.0,0.0,0.0,0.0,0.0,0.0,0.0,0.0,0.0,0.0,0.0,0.0,0.0,0.0,0.0,0.0,0.0,0.0,0.0,0.0,0.0,0.0,0.0,0.0,0.0,0.0,0.0,0.0,0.0,0.0,0.0,0.0,0.0,0.0,0.0,0.0,0.0,0.0,0.0,0.1,0.2676071269487751,0.2857142857142857,0.813480625,0.22729149338374294,0.21136526315789472,0.738071052631579,0.6988848484848484,0.6851333333333333,0.8821590013140606,0.7319464720194646,0.8201272727272727,0.8349675,0.7351633333333333,0.6677561111111111,0.7237472222222222,0.23658168083097258,0.53199125,0.39062951219512193,0.11799588235294119,0.26586632653061226,0.18376727879799665,0.16376482617586913,0.045454545454545456,0.06666666666666667,0.0,0.0,0.0,0.0,0.0,0.0,0.0,0.0,0.0,0.0,0.0,0.0,0.0,0.0,0.0,0.0,0.0,0.0,0.0,0.0,0.0,0.0,0.0,0.0,0.0,0.0,0.0,0.0,0.0,0.0,0.0,0.0,0.0,0.0,0.0,0.0,0.0,0.0,,,,0.0,,,,0.0,0.0,0.0,0.0,0.0,0.0,0.0,0.0,0.0,0.0,0.0,0.0,0.0,0.0,0.0,0.0,0.0,0.0,0.0,0.0,0.0,0.0
3035123, ECB_02836, MOB_3035123_3035125_IS150_1, sv,1.21972,9.999e-05,109,-4.72416,9.999e-05,107,0.9,0.8,PASS,0.0,0.0,0.0,0.0,0.0,0.0,0.0,0.0,0.0,0.0,0.0,0.0,0.0,0.0,0.0,0.0,0.0,0.0,0.0,0.0,0.0,0.0,0.0,0.0,0.0,0.0,0.0,0.0,0.0,0.0,0.0,0.0,0.0,0.0,0.0,0.0,0.0,0.0,0.0,0.0,0.0,0.0,0.0,0.0,0.0,0.0,0.0,0.0,0.0,0.0,0.0,0.0,0.0,0.0,0.0,0.0,0.0,0.0,0.0,0.0,0.0,0.0,0.0,0.0,0.0,0.0,0.0,0.0,0.0,0.0,0.0,0.30158730158730157,0.6794871794871795,0.6271186440677966,0.8857142857142857,0.975609756097561,0.9692307692307692,1.0,0.9523809523809523,1.0,1.0,0.9354838709677419,1.0,1.0,1.0,1.0,0.9310344827586207,1.0,1.0,1.0,1.0,1.0,1.0,1.0,1.0,1.0,1.0,1.0,1.0,1.0,1.0,1.0,1.0,1.0,1.0,1.0,1.0,1.0,1.0,1.0,1.0,1.0,1.0,1.0,,,1.0,,,,,0.0,0.0,0.0,0.0,0.0,0.0,0.0,0.0,0.0,0.0,0.0,0.0,0.0,0.0,0.0,0.0,0.0,0.0,1.0,1.0,0.9984276729559748,1.0
3055968, yghO, junction_3055968_1_IS1_start, sv,1.84715,9.999e-05,120,-1.0,0.292683,118,0.9,0.307692,PASS,0.0,0.0,0.0,0.0,0.0,0.0,0.0,0.0,0.0,0.0,0.0,0.0,0.0,0.0,0.0,0.0,0.0,0.0,0.0,0.0,0.0,0.0,0.0,0.0,0.0,0.0,0.0,0.0,0.0,0.0,0.0,0.0,0.0,0.0,0.0,0.0,0.0,0.0,0.0,0.0,0.0,0.0,0.0,0.0,0.0,0.0,0.0,0.0,0.0,0.0,0.0,0.0,0.0,0.0,0.0,0.0,0.0,0.0,0.0,0.0,0.0,0.0,0.0,0.0,0.0,0.0,0.0,0.0,0.0,0.0,0.0,0.0,0.0,0.0,0.0,0.0,0.0,0.0,0.0,0.0,0.0,0.0,0.0,0.0,0.0,0.0,0.0,0.0,0.0,0.0,0.0,0.0,0.0,0.0,0.0,0.0,0.0,0.0,0.011235955056179775,0.0,0.0,0.0,0.047619047619047616,0.02702702702702703,0.08695652173913043,0.11428571428571428,0.3870967741935484,0.49230769230769234,0.8571428571428571,0.7439024390243902,0.92,0.9523809523809523,1.0,0.9694656488549618,1.0,1.0,1.0,0.9900497512437811,1.0,1.0,1.0,0.0,0.0,0.0,0.0,0.0,0.0,0.0,0.0,0.0,0.0,0.0,0.0,0.0,0.0,0.0,0.0,0.0,0.0,0.0,0.0,0.0,0.0
3061878, ECB_02855, junction_3061878_1_IS1_start, sv,5.98076,0.00029997,120,-1.0,0.857143,117,0.9,0.923077,PASS,0.0,0.0,0.0,0.0,0.0,0.0,0.0,0.0,0.0,0.0,0.0,0.0,0.0,0.0,0.0,0.0,0.0,0.0,0.0,0.0,0.0,0.0,0.0,0.0,0.0,0.0,0.0,0.0,0.0,0.0,0.0,0.0,0.0,0.0,0.0,0.0,0.0,0.0,0.0,0.0,0.0,0.0,0.0,0.0,0.0,0.0,0.0,0.0,0.0,0.0,0.0,0.0,0.0,0.0,0.0,0.0,0.0,0.0,0.0,0.0,0.0,0.0,0.0,0.0,0.0,0.0,0.0,0.0,0.0,0.0,0.0,0.0,0.0,0.0,0.0,0.0,0.0,0.0,0.0,0.0,0.0,0.0,0.0,0.0,0.0,0.06711409395973154,0.12658227848101264,0.10050251256281408,0.20100502512562815,0.25,0.04587155963302752,0.0,0.0,0.0,0.0,0.0,0.0,0.0,0.0,0.0,0.0,0.0,0.0,0.0,0.0,0.0,0.0,0.0,0.0,0.0,0.0,0.0,0.0,0.0,0.0,0.0,0.0,0.0,0.0,0.0,0.0,0.0,0.0,0.0,0.0,0.0,0.0,0.0,0.0,0.0,0.0,0.0,0.0,0.0,0.0,0.0,0.0,0.0,0.0,0.0,0.0,0.0,0.0
3094015, ygiQ, G->A, missense,4.71942,9.999e-05,120,-1.0,0.387097,119,0.9,0.148148,PASS,0.0,0.0,0.0,0.0,0.0,0.0,0.0,0.0,0.0,0.0,0.0,0.0,0.0,0.0,0.0,0.0,0.0,0.0,0.0,0.0,0.0,0.0,0.0,0.0,0.0,0.0,0.0,0.0,0.0,0.0,0.0,0.0,0.0,0.0,0.0,0.0,0.0,0.0,0.0,0.0,0.0,0.0,0.0,0.0,0.0,0.0,0.0,0.0,0.0,0.0,0.0,0.0,0.0,0.0,0.0,0.0,0.0,0.0,0.0,0.0,0.0,0.0,0.0,0.0,0.0,0.0,0.0,0.0,0.0,0.0,0.0,0.023255813953488372,0.0,0.0,0.0,0.0,0.0,0.0,0.0,0.0,0.02702702702702703,0.16,0.18181818181818182,0.11764705882352941,0.061224489795918366,0.0,0.0,0.0,0.0,0.0,0.0,0.0,0.0,0.0,0.0,0.0,0.0,0.0,0.0,0.0,0.0,0.0,0.0,0.0,0.0,0.0,0.0,0.0,0.0,0.0,0.0,0.015151515151515152,0.0,0.0,0.0,0.0,0.0,0.0,0.0,0.0,0.0,0.0,0.0,0.0,0.0,0.0,0.0,0.0,0.0,0.0,0.0,0.0,0.0,0.0,0.0,0.0,0.0,0.0,0.0,0.0,0.0,0.0,0.0
3094238, ygiQ, G->A, missense,2.48594,0.0069993,120,-1.0,1.0,117,0.9,0.923077,PASS,0.0,0.0,0.0,0.0,0.0,0.0,0.0,0.0,0.0,0.0,0.0,0.0,0.0,0.0,0.0,0.0,0.0,0.0,0.0,0.0,0.0,0.0,0.0,0.0,0.0,0.0,0.0,0.0,0.0,0.0,0.0,0.0,0.0,0.0,0.0,0.0,0.0,0.0,0.0,0.0,0.0,0.0,0.0,0.0,0.0,0.0,0.0,0.0,0.0,0.0,0.0,0.0,0.0,0.0,0.0,0.0,0.0,0.0,0.08695652173913043,0.041666666666666664,0.25,0.38235294117647056,0.0,0.25,0.18604651162790697,0.0,0.15789473684210525,0.028985507246376812,0.037037037037037035,0.0,0.0,0.14634146341463414,0.19607843137254902,0.1,0.047619047619047616,0.043478260869565216,0.0,0.0,0.0,0.0,0.0,0.0,0.0,0.0,0.0,0.0,0.0,0.0,0.0,0.0,0.0,0.0,0.0,0.0,0.0,0.0,0.0,0.0,0.022222222222222223,0.0,0.0,0.0,0.0,0.0,0.0,0.0,0.0,0.0,0.0,0.0,0.0,0.0,0.0,0.0,0.0,0.0,0.0,0.006756756756756757,0.0,0.0,0.0,0.0,0.0,0.0,0.0,0.0,0.0,0.0,0.0,0.0,0.0,0.0,0.0,0.0,0.0,0.0,0.0,0.0,0.0,0.0,0.0,0.0,0.0
3122284, yqiG, T->G, synonymous,3.45532,0.00059994,120,-1.0,0.210526,119,0.9,0.285714,PASS,0.0,0.0,0.0,0.0,0.0,0.0,0.0,0.0,0.0,0.0,0.0,0.0,0.0,0.0,0.0,0.0,0.0,0.0,0.0,0.0,0.008620689655172414,0.0,0.0,0.0,0.0,0.0,0.0,0.0,0.0,0.0,0.0,0.025,0.0,0.0,0.0,0.0,0.0,0.0,0.0,0.0,0.0,0.0,0.0,0.0,0.0,0.0,0.0,0.0,0.0,0.0,0.0,0.0,0.0,0.0,0.0,0.0,0.0,0.0,0.0,0.0,0.0,0.0,0.0,0.0,0.0,0.0,0.0,0.0,0.0,0.0,0.0,0.0,0.0,0.0,0.0,0.0,0.0,0.0,0.0,0.0,0.0,0.0,0.020833333333333332,0.0,0.0,0.0,0.0,0.0,0.0,0.0,0.0,0.0,0.0,0.0,0.0,0.0,0.0,0.0,0.0,0.0,0.0,0.009345794392523364,0.0,0.0,0.0,0.0,0.0,0.0,0.0,0.0,0.0,0.0,0.011450381679389313,0.01092896174863388,0.0,0.0,0.058823529411764705,0.09174311926605505,0.3176470588235294,0.44,0.5277777777777778,0.017543859649122806,0.0,0.0,0.0,0.0,0.0,0.0,0.0,0.0,0.0,0.0,0.0,0.0,0.0,0.0,0.0,0.0,0.0,0.0,0.0,0.0,0.0
3158402, ebgA, C->A, missense,2.98808,9.999e-05,120,-1.0,0.108108,117,0.9,0.255319,PASS,0.0,0.0,0.0,0.0,0.0,0.0,0.0,0.0,0.0,0.0,0.0,0.0,0.0,0.0,0.0,0.0,0.0,0.0,0.0,0.0,0.0,0.0,0.0,0.0,0.0,0.0,0.0,0.0,0.0,0.0,0.0,0.0,0.0,0.0,0.0,0.0,0.0,0.0,0.0,0.0,0.0,0.0,0.0,0.0,0.0,0.0,0.0,0.0,0.0,0.0,0.0,0.0,0.047619047619047616,0.25,0.3076923076923077,0.034482758620689655,0.03571428571428571,0.0,0.06896551724137931,0.0,0.06521739130434782,0.0,0.07692307692307693,0.08695652173913043,0.20833333333333334,0.0,0.18181818181818182,0.4909090909090909,0.3333333333333333,0.9090909090909091,0.8863636363636364,0.14705882352941177,0.05263157894736842,0.15151515151515152,0.3125,0.08695652173913043,0.02564102564102564,0.0,0.0,0.0379746835443038,0.03225806451612903,0.1,0.0,0.0,0.0,0.0,0.0,0.0,0.03225806451612903,0.0,0.0,0.0,0.0,0.0,0.0,0.0,0.0,0.0,0.0,0.0,0.0,0.0,0.0,0.0,0.0,0.0,0.0,0.0,0.0,0.0,0.0,0.0,0.0,0.0,0.0,0.0,0.0,0.0,0.0,0.0,0.0,0.0,0.0,0.0,0.0,0.0,0.0,0.010309278350515464,0.0,0.0,0.0,0.0,0.0,0.0,0.0,0.0,0.0,0.0,0.0,0.0,0.0,0.0,0.0
3183318, yqjK, A->G, missense,4.88518,0.00209979,120,-1.0,1.0,118,0.9,0.75,PASS,0.0,0.0,0.0,0.0,0.0,0.0,0.0,0.0,0.0,0.0,0.0,0.0,0.0,0.0,0.0,0.0,0.0,0.0,0.0,0.0,0.0,0.0,0.0,0.0,0.0,0.0,0.0,0.0,0.0,0.0,0.0,0.0,0.0,0.0,0.0,0.0,0.0,0.0,0.0,0.0,0.0,0.0,0.0,0.0,0.0,0.0,0.0,0.0,0.0,0.0,0.0,0.0,0.0,0.0,0.0,0.0,0.0,0.0,0.0,0.0,0.0,0.0,0.0,0.0,0.07407407407407407,0.25,0.0,0.046875,0.0,0.0,0.0,0.0,0.0,0.0,0.0,0.0,0.0,0.0,0.0,0.0,0.0,0.0,0.0,0.0,0.0,0.0,0.0,0.0,0.0,0.0,0.0,0.0,0.0,0.0,0.0,0.0,0.0,0.0,0.0,0.0,0.0,0.0,0.0,0.0,0.0,0.0,0.0,0.0,0.0,0.0,0.0,0.0,0.0,0.0,0.0,0.0,0.0,0.0,0.0,0.0,0.0,0.0,0.0,0.0,0.0,0.0,0.0,0.0,0.0,0.0,0.0,0.0,0.0,0.0,0.0,0.0,0.0,0.0,0.0,0.0,0.0,0.0,0.0
3250680, infB, T->G, missense,5.79853,9.999e-05,120,-1.0,0.8,114,0.9,0.8,PASS,0.0,0.0,0.0,0.0,0.0,0.0,0.0,0.0,0.0,0.0,0.0,0.0,0.0,0.0,0.0,0.0,0.0,0.0,0.0,0.0,0.0,0.0,0.0,0.0,0.0,0.0,0.0,0.0,0.0,0.0,0.0,0.0,0.0,0.02857142857142857,0.08695652173913043,0.16666666666666666,0.4166666666666667,0.125,0.043478260869565216,0.0,0.0,0.0,0.0,0.0,0.0,0.0,0.0,0.0,0.0,0.0,0.0,0.0,0.0,0.0,0.0,0.0,0.0,0.0,0.0,0.0,0.0,0.0,0.0,0.0,0.0,0.0,0.0,0.0,0.0,0.0,0.0,0.0,0.0,0.0,0.0,0.0,0.0,0.0,0.0,0.0,0.0,0.0,0.0,0.0,0.0,0.0,0.0,0.0,0.0,0.0,0.0,0.0,0.0,0.0,0.0,0.0,0.0,0.0,0.0,0.0,0.0,0.0,0.0,0.0,0.0,0.0,0.0,0.0,0.0,0.0,0.0,0.0,0.0,0.0,0.0,0.0,0.0,0.0,0.0,0.0,0.0,0.0,0.0,0.0,0.0,0.0,0.0,0.0,0.0,0.0,0.0,0.0,0.0,0.0,0.0,0.0,0.0,0.0,0.0,0.0,0.0,0.0,0.0
3268055, yhbE, junction_3268055_-1_IS150_start, sv,4.94675,0.0019998,120,-1.49657,0.017991,115,0.9,0.413793,PASS,0.0,0.0,0.0,0.0,0.0,0.0,0.0,0.0,0.0,0.0,0.0,0.0,0.0,0.0,0.0,0.0,0.0,0.0,0.0,0.0,0.0,0.0,0.0,0.0,0.0,0.0,0.07692307692307693,0.0,0.10526315789473684,0.2727272727272727,0.4,0.0,0.0,0.0,0.0,0.0,0.0,0.0,0.0,0.07692307692307693,0.0,0.0,0.0,0.0,0.0,0.0,0.0,0.0,0.0,0.0,0.0,0.0,0.0,0.0,0.0,0.0,0.0,0.0,0.0,0.0,0.0,0.0,0.0,0.0,0.0,0.0,0.0,0.0,0.0,0.0,0.0,0.0,0.0,0.0,0.0,0.0,0.0,0.0,0.0,0.0,0.0,0.0,0.0,0.0,0.0,0.0,0.0,0.0,0.0,0.0,0.0,0.0,0.0,0.0,0.0,0.0,0.0,0.0,0.0,0.0,0.0,0.0,0.0,0.0,0.0,0.0,0.0,0.0,0.0,0.0,0.0,0.0,0.0,0.0,0.0,0.0,0.0,0.0,0.0,0.0,0.0,0.0,0.0,0.0,0.0,0.0,0.0,0.0,0.0,0.0,0.0,0.0,0.0,0.0,0.0,0.0,0.0,0.0,0.0,0.0,0.0,0.0,0.0
3279827, yhbG, G->A, missense,0.994963,9.999e-05,120,-1.0,0.461538,118,0.9,0.444444,PASS,0.0,0.0,0.0,0.0,0.0,0.0,0.0,0.0,0.0,0.0,0.0,0.0,0.0,0.018518518518518517,0.0,0.0,0.0,0.0,0.0,0.0,0.0,0.0,0.0,0.0,0.0,0.0,0.0,0.0,0.0,0.0,0.0,0.0,0.0,0.0,0.0,0.0,0.0,0.0,0.0,0.0,0.0,0.0,0.0,0.0,0.0,0.0,0.0,0.0,0.0,0.0,0.0,0.0,0.0,0.0,0.0,0.0,0.0,0.0,0.0,0.0,0.0,0.0,0.07692307692307693,0.0,0.0,0.0,0.0,0.0,0.0,0.0,0.12195121951219512,0.6037735849056604,0.7777777777777778,0.8717948717948718,0.6,0.9285714285714286,0.8837209302325582,1.0,0.9411764705882353,1.0,1.0,0.9696969696969697,0.9285714285714286,1.0,0.975609756097561,1.0,1.0,1.0,1.0,1.0,1.0,1.0,1.0,0.9642857142857143,1.0,1.0,1.0,1.0,1.0,1.0,1.0,1.0,1.0,1.0,1.0,1.0,1.0,1.0,1.0,1.0,1.0,1.0,0.9953271028037384,1.0,1.0,1.0,1.0,1.0,1.0,1.0,1.0,0.0,0.0,0.0,0.0,0.0,0.0,0.0,0.0,0.0,0.0,0.0,0.0,0.0,0.0,0.0,0.0,0.0,0.0,1.0,0.9863013698630136,1.0,0.993421052631579
3312668, argR, T->G, missense,2.9439,9.999e-05,120,-1.0,0.923077,118,0.9,1.0,PASS,0.0,0.0,0.0,0.0,0.0,0.02564102564102564,0.0,0.0,0.0,0.0,0.0,0.0,0.0,0.0,0.0,0.0,0.0,0.0,0.0,0.0,0.0,0.0,0.0,0.0,0.0,0.0,0.0,0.0,0.0,0.0,0.0,0.0,0.0,0.0,0.0,0.0,0.0,0.0,0.0,0.0,0.0,0.0,0.0,0.0,0.0,0.0,0.0,0.0,0.0,0.0,0.0,0.0,0.0,0.23076923076923078,0.06451612903225806,0.06779661016949153,0.08333333333333333,0.029411764705882353,0.06451612903225806,0.09090909090909091,0.034482758620689655,0.14285714285714285,0.11764705882352941,0.2631578947368421,0.16129032258064516,0.23529411764705882,0.1724137931034483,0.4787234042553192,0.3793103448275862,0.75,0.7906976744186046,0.20454545454545456,0.07017543859649122,0.0851063829787234,0.09090909090909091,0.125,0.0,0.0,0.05,0.028846153846153848,0.0,0.0,0.0,0.0,0.0,0.0,0.0,0.043478260869565216,0.0,0.0,0.0,0.0,0.047619047619047616,0.0,0.0,0.0,0.0,0.0,0.0,0.0,0.0,0.0,0.0,0.0,0.0,0.0,0.0,0.0,0.0,0.0,0.0,0.0,0.0,0.007352941176470588,0.0,0.0,0.0,0.0,0.0,0.0,0.0,0.0,0.0,0.0,0.0,0.0,0.0,0.0,0.0,0.0,0.0,0.0,0.0,0.0,0.0,0.0,0.0,0.0,0.0,0.0,0.0,0.0,0.0
3312687, argR, G->A, missense,1.31028,9.999e-05,120,-1.0,1.0,118,0.9,1.0,PASS,0.0,0.0,0.0,0.0,0.0,0.0,0.0,0.0,0.0,0.0,0.0,0.0,0.0,0.0,0.0,0.0,0.0,0.0,0.0,0.0,0.0,0.0,0.0,0.0,0.0,0.0,0.0,0.0,0.0,0.0,0.0,0.0,0.0,0.0,0.0,0.0,0.0,0.0,0.0,0.0,0.045454545454545456,0.0,0.0,0.0,0.0,0.0,0.0,0.0,0.0,0.0,0.0,0.0,0.0,0.0,0.0,0.0,0.0,0.0,0.0,0.0,0.0,0.0,0.0,0.0,0.0,0.0,0.0,0.009708737864077669,0.0,0.0,0.0,0.0,0.0,0.0,0.0,0.0,0.0,0.0,0.0,0.0,0.0,0.0,0.0,0.0,0.0,0.047619047619047616,0.07142857142857142,0.037037037037037035,0.06666666666666667,0.0,0.3684210526315789,0.9850746268656716,0.96,1.0,1.0,1.0,1.0,1.0,1.0,1.0,1.0,1.0,1.0,1.0,1.0,1.0,1.0,1.0,1.0,1.0,1.0,1.0,1.0,1.0,1.0,1.0,1.0,1.0,0.9848484848484849,1.0,1.0,0.0,0.0,0.0,0.0,0.0,0.0,0.0,0.0,0.0,0.0,0.0,0.0,0.0,0.0,0.010869565217391304,0.0,0.0,0.038461538461538464,0.0,0.0,0.99,1.0
3323322, yhdP, C->T, synonymous,2.82901,0.010163,120,-1.0,0.923077,118,0.9,0.75,PASS,0.0,0.0,0.0,0.0,0.0,0.03773584905660377,0.0,0.0,0.0,0.0,0.0,0.0,0.0,0.0,0.0,0.0,0.0,0.0,0.0,0.0,0.0,0.0,0.0,0.0,0.0,0.0,0.0,0.0,0.0,0.0,0.0,0.0,0.0,0.0,0.0,0.0,0.0,0.0,0.0,0.0,0.0,0.0,0.0,0.0,0.0,0.0,0.0,0.0,0.0,0.0,0.0,0.0,0.0,0.0,0.0,0.0,0.0,0.0,0.0,0.0,0.0,0.0,0.0,0.0,0.0,0.0,0.0,0.0,0.0,0.0,0.0,0.0,0.0,0.0,0.0,0.0,0.0,0.0,0.06451612903225806,0.011494252873563218,0.0,0.0,0.0,0.0,0.0,0.0,0.0,0.0,0.0,0.0,0.0,0.0,0.0,0.03333333333333333,0.045454545454545456,0.12195121951219512,0.058823529411764705,0.0,0.031746031746031744,0.0,0.0,0.0,0.0,0.0,0.0,0.0,0.0,0.0,0.0,0.0,0.0,0.0136986301369863,0.0,0.0,0.0,0.0,0.0,0.0,0.0,0.0,0.0,0.0,0.0,0.0,0.0,0.013513513513513514,0.0,0.0,0.0,0.0,0.0,0.0,0.0,0.0,0.0,0.0,0.0,0.0,0.0,0.0,0.0,0.0,0.0
3328619, mreB, C->A, missense,0.986904,9.999e-05,120,-1.0,0.130435,118,0.9,0.705882,PASS,0.0,0.0,0.45454545454545453,0.6521739130434783,0.45454545454545453,0.9636363636363636,1.0,1.0,1.0,1.0,1.0,1.0,1.0,1.0,1.0,1.0,1.0,1.0,1.0,1.0,1.0,1.0,1.0,1.0,1.0,1.0,1.0,1.0,1.0,1.0,1.0,1.0,1.0,1.0,1.0,1.0,1.0,0.967741935483871,1.0,1.0,1.0,1.0,1.0,1.0,1.0,1.0,1.0,1.0,1.0,1.0,1.0,1.0,1.0,1.0,1.0,1.0,0.96,1.0,1.0,1.0,1.0,1.0,1.0,1.0,1.0,1.0,1.0,1.0,1.0,1.0,1.0,1.0,1.0,1.0,1.0,1.0,1.0,1.0,1.0,0.9848484848484849,1.0,1.0,1.0,1.0,1.0,1.0,1.0,1.0,1.0,1.0,1.0,1.0,1.0,1.0,1.0,1.0,1.0,1.0,1.0,1.0,1.0,1.0,1.0,1.0,1.0,1.0,1.0,1.0,1.0,1.0,1.0,1.0,1.0,1.0,1.0,1.0,1.0,1.0,1.0,0.98989898989899,1.0,0.0,0.0,0.0,0.9782608695652174,0.0,1.0,0.0,0.0,1.0,1.0,1.0,1.0,1.0,0.9666666666666667,1.0,1.0,1.0,1.0,1.0,1.0,1.0,0.9908256880733946
3339490, yhdJ, C->A, noncoding,0.99138,9.999e-05,120,-1.0,0.48,119,0.9,0.8,PASS,0.0,0.0,0.0,0.0,0.0,0.0,0.0,0.0,0.007633587786259542,0.0,0.0,0.0,0.0,0.0,0.0,0.0,0.0,0.0,0.04,0.0,0.98,1.0,1.0,1.0,1.0,1.0,0.9821428571428571,1.0,1.0,1.0,1.0,1.0,1.0,1.0,1.0,1.0,1.0,0.9821428571428571,1.0,1.0,1.0,1.0,1.0,1.0,1.0,1.0,1.0,1.0,1.0,1.0,1.0,1.0,1.0,1.0,1.0,1.0,1.0,1.0,1.0,1.0,1.0,1.0,1.0,1.0,1.0,1.0,1.0,1.0,1.0,1.0,1.0,1.0,1.0,1.0,1.0,1.0,1.0,1.0,1.0,1.0,1.0,1.0,1.0,1.0,1.0,1.0,1.0,1.0,1.0,1.0,1.0,1.0,1.0,1.0,1.0,1.0,1.0,1.0,1.0,1.0,1.0,1.0,1.0,1.0,1.0,1.0,1.0,1.0,1.0,1.0,1.0,1.0,1.0,1.0,1.0,1.0,1.0,1.0,1.0,1.0,1.0,0.0,0.0,0.0,0.0,0.0,0.0,0.0196078431372549,0.0,0.0,0.0,1.0,1.0,1.0,1.0,1.0,1.0,1.0,1.0,1.0,1.0,0.9951219512195122,1.0
3369432, rpsD, T->C, missense,1.15643,9.999e-05,120,-1.0,0.230769,119,0.9,0.444444,PASS,0.0,0.0,0.0,0.0,0.0,0.0,0.0,0.0,0.0,0.0,0.0,0.0,0.0,0.0,0.0,0.0,0.0,0.0,0.0,0.0,0.0,0.0,0.0,0.0,0.0,0.0,0.0,0.0,0.0,0.0,0.0,0.0,0.0,0.0,0.0,0.0,0.0,0.0,0.0,0.0,0.0,0.0,0.0,0.0,0.0,0.0,0.0,0.0,0.0,0.0,0.0,0.0,0.0,0.0,0.0,0.0,0.0,0.0,0.0,0.0,0.0,0.0,0.0,0.0,0.0,0.0,0.0,0.0,0.0,0.0,0.0,0.0,0.0,0.0,0.0,0.3142857142857143,0.9130434782608695,1.0,1.0,1.0,1.0,1.0,0.975,0.9411764705882353,1.0,0.9583333333333334,1.0,0.9259259259259259,1.0,0.9444444444444444,1.0,1.0,1.0,1.0,1.0,1.0,1.0,1.0,1.0,1.0,1.0,1.0,1.0,1.0,1.0,1.0,1.0,1.0,1.0,0.9897959183673469,1.0,1.0,1.0,1.0,1.0,1.0,1.0,1.0,1.0,1.0,1.0,0.0,0.0,0.0,0.0,0.0,0.0,0.0,0.0,0.0,0.0,0.0,0.0,0.0,0.0,0.0,0.0,0.0,0.0,1.0,1.0,1.0,0.9787234042553191
3369432, rpsD, T->G, missense,3.35899,9.999e-05,120,-1.0,0.3,119,0.9,0.6,PASS,0.0,0.0,0.0,0.0,0.0,0.0,0.0,0.0,0.0,0.0,0.0,0.0,0.0,0.0,0.0,0.0,0.0,0.0,0.0,0.0,0.0,0.0,0.0,0.0,0.0,0.0,0.0,0.0,0.0,0.0,0.0,0.0,0.0,0.0,0.0,0.0,0.0,0.0,0.0,0.0,0.0,0.0,0.0,0.0,0.0,0.0,0.0,0.0,0.0,0.0,0.0,0.0,0.0,0.0,0.0,0.0,0.0,0.0,0.0,0.0,0.0,0.0,0.0,0.15,0.0,0.11764705882352941,0.30434782608695654,0.4782608695652174,0.39622641509433965,0.6363636363636364,0.7962962962962963,0.12244897959183673,0.0136986301369863,0.061224489795918366,0.1875,0.11428571428571428,0.08695652173913043,0.0,0.0,0.0,0.0,0.0,0.025,0.058823529411764705,0.0,0.041666666666666664,0.0,0.07407407407407407,0.0,0.05555555555555555,0.0,0.0,0.0,0.0,0.0,0.0,0.0,0.0,0.0,0.0,0.0,0.0,0.0,0.0,0.0,0.0,0.0,0.0,0.0,0.01020408163265306,0.0,0.0,0.0,0.0,0.0,0.0,0.0,0.0,0.0,0.0,0.0,0.0,0.0,0.0,0.0,0.0,0.0,0.0,0.0,0.0,0.0,0.0,0.0,0.0,0.0,0.0,0.0,0.0,0.0,0.0,0.0,0.0,0.0
3373108, rpsE, G->A, synonymous,2.86883,0.01711,120,-1.0,0.363636,118,0.9,0.545455,PASS,0.0,0.02702702702702703,0.0,0.0,0.125,0.05,0.0,0.0,0.010101010101010102,0.0,0.0,0.030303030303030304,0.0,0.0,0.0,0.0,0.0,0.0,0.0,0.0,0.0,0.0,0.0,0.0,0.0,0.0,0.0,0.0,0.0,0.0,0.0,0.0,0.0,0.0,0.0,0.0,0.0,0.0,0.0,0.0,0.0,0.0,0.0,0.0,0.0,0.0,0.0,0.0,0.0,0.0,0.0,0.0,0.0,0.0,0.0,0.0,0.0,0.0,0.0,0.0,0.0,0.0,0.0,0.0,0.0,0.0,0.0,0.0,0.0,0.0,0.0,0.0,0.0,0.0,0.0,0.0,0.0,0.0,0.0,0.0,0.0,0.0,0.0,0.0,0.0,0.0,0.0,0.0,0.0,0.0,0.0,0.0,0.0,0.0,0.0,0.0,0.0,0.0,0.0,0.0,0.0,0.0,0.0,0.0,0.0,0.0,0.0,0.0,0.0,0.0,0.0,0.0,0.0,0.0,0.0,0.0,0.0,0.008032128514056224,0.03076923076923077,0.0,0.0,0.0,0.0,0.0,0.0,0.0,0.0,0.011904761904761904,0.0,0.0,0.0,0.010101010101010102,0.0,0.0,0.0,0.0,0.0,0.0,0.0,0.0,0.0,0.008403361344537815,0.0
3373810, rplF, A->G, missense,1.85357,9.999e-05,120,-1.0,0.8,117,0.9,0.179104,PASS,0.0,0.0,0.0,0.0,0.0,0.0,0.0,0.0,0.0,0.0,0.0,0.0,0.0,0.0,0.0,0.0,0.0,0.0,0.0,0.0,0.0,0.0,0.0,0.0,0.0,0.0,0.0,0.0,0.0,0.0,0.0,0.0,0.0,0.0,0.0,0.0,0.0,0.0,0.0,0.0,0.0,0.0,0.0,0.0,0.0,0.0,0.0,0.0,0.0,0.0,0.0,0.0,0.0,0.0,0.0,0.0,0.0,0.0,0.0,0.0,0.0,0.0,0.0,0.0,0.0,0.0,0.0,0.0,0.0,0.0,0.0,0.0,0.0,0.0,0.0,0.0,0.0,0.0,0.0,0.0,0.0,0.0,0.0,0.0,0.0,0.0,0.0,0.0,0.0,0.0,0.0,0.0,0.0,0.0,0.0,0.0,0.0,0.0,0.0,0.0,0.0,0.0,0.0,0.017857142857142856,0.0,0.14893617021276595,0.3333333333333333,0.4507042253521127,0.5,0.7623762376237624,0.9130434782608695,1.0,0.972972972972973,0.972027972027972,0.9534883720930233,1.0,1.0,1.0,1.0,1.0,1.0,0.0,0.0,0.0,0.0,0.0,0.0,0.0,0.0,0.0,0.0,0.0,0.0,0.0,0.0,0.0,0.0,0.0,0.0,0.0,0.0,0.0,0.0
3376803, rplP, T->G, missense,3.76882,0.016363,120,-1.0,0.193548,118,0.9,0.444444,PASS,0.0,0.0,0.0,0.0,0.0,0.0,0.0,0.0,0.0,0.0,0.0,0.0,0.0,0.0,0.0,0.0,0.0,0.0,0.0,0.0,0.0,0.0,0.0,0.0,0.0,0.0,0.0,0.0,0.0,0.0,0.0,0.0,0.07692307692307693,0.1836734693877551,0.0,0.0,0.034482758620689655,0.0,0.0,0.2222222222222222,0.0,0.0,0.0,0.0,0.0,0.0,0.0,0.0,0.0,0.0,0.0,0.0,0.0,0.0,0.0,0.0,0.0,0.0,0.0,0.0,0.0,0.0,0.0,0.0,0.0,0.0,0.0,0.0,0.0,0.0,0.0,0.0,0.0,0.0,0.0,0.0,0.0,0.0,0.0,0.0,0.0,0.0,0.0,0.0,0.0,0.0,0.0,0.0,0.0,0.0,0.0,0.0,0.0,0.0,0.0,0.0,0.0,0.0,0.0,0.0,0.0,0.0,0.0,0.0,0.0,0.0,0.0,0.0,0.0,0.0,0.0,0.0,0.0,0.0,0.0,0.0,0.0,0.0,0.0,0.0,0.0,0.0,0.0,0.0,0.0,0.0,0.0,0.0,0.020833333333333332,0.007751937984496124,0.0,0.0,0.0,0.0,0.0,0.0,0.0,0.0,0.0,0.0,0.0,0.0,0.0
3439190, yhfX, C->T, missense,1.02614,9.999e-05,120,-1.0,1.0,116,0.9,0.705882,PASS,0.0,0.0,0.0,0.0,0.0,0.0,0.0,0.0,0.0,0.0,0.0,0.0,0.0,0.0,0.0,0.0,0.0,0.0,0.0,0.0,0.0,0.0,0.0,0.0,0.0,0.0,0.0,0.0,0.0,0.0,0.0,0.0,0.0,0.0,0.0,0.0,0.0,0.0,0.0,0.0,0.0,0.0,0.0,0.0,0.0,0.0,0.0,0.0,0.0,0.0,0.0,0.0,0.0,0.0,0.0,0.04,0.2,0.13333333333333333,0.2222222222222222,0.21212121212121213,0.08,0.4,0.5454545454545454,0.42857142857142855,0.24242424242424243,0.125,0.3076923076923077,0.13793103448275862,0.25,0.0,0.05555555555555555,0.7,0.7428571428571429,0.65625,0.6875,1.0,1.0,1.0,0.9090909090909091,0.9807692307692307,1.0,0.8571428571428571,0.9333333333333333,1.0,1.0,1.0,1.0,1.0,1.0,1.0,1.0,0.9642857142857143,0.9130434782608695,1.0,1.0,1.0,1.0,1.0,0.9696969696969697,1.0,1.0,1.0,1.0,1.0,1.0,1.0,1.0,1.0,1.0,1.0,1.0,0.9736842105263158,1.0,1.0,1.0,1.0,1.0,1.0,1.0,1.0,1.0,0.025,0.0,0.0,0.0,0.0,0.0,0.0,0.0,0.0,0.0,0.0,0.0,0.0,0.0,0.0,0.0,1.0,0.0,1.0,1.0,1.0,1.0
3464586, ompR, A->C, missense,3.93541,9.999e-05,120,-1.0,0.8,116,0.9,0.705882,PASS,0.0,0.0,0.0,0.0,0.0,0.0,0.0,0.0,0.0,0.0,0.0,0.0,0.0,0.0,0.0,0.0,0.0,0.0,0.0,0.0,0.0,0.0,0.0,0.0,0.0,0.0,0.0,0.0,0.0,0.0,0.0,0.0,0.0,0.0,0.0,0.0,0.0,0.0,0.0,0.0,0.0,0.0,0.0,0.0,0.0,0.0,0.0,0.0,0.0,0.0,0.0,0.0,0.0,0.0,0.0,0.0,0.0,0.0,0.0,0.0,0.0,0.0,0.09090909090909091,0.08695652173913043,0.14814814814814814,0.36363636363636365,0.45,0.07692307692307693,0.06060606060606061,0.36666666666666664,0.06896551724137931,0.08108108108108109,0.0,0.0,0.0,0.0,0.0,0.0,0.0,0.0,0.0,0.0,0.0,0.0,0.0,0.0,0.0,0.0,0.0,0.0,0.0,0.0,0.0,0.0,0.0,0.0,0.0,0.0,0.0,0.0,0.0,0.0,0.0,0.0,0.0,0.0,0.0,0.017543859649122806,0.0,0.0,0.0,0.0,0.0,0.0,0.0,0.0,0.0,0.0,0.0,0.0,0.0,0.0,0.0,0.014492753623188406,0.013157894736842105,0.01694915254237288,0.0,0.0,0.0,0.0,0.0,0.0,0.0,0.0,0.0,0.008771929824561403,0.0,0.0,0.0,0.0,0.0,0.0,0.0
3469030, feoA, T->C, missense,0.979788,9.999e-05,120,-1.0,0.923077,119,0.9,0.857143,PASS,0.0,0.0,0.0,0.0,0.0,0.0,0.0,0.0,0.0,0.0,0.0,0.0,0.0,0.0,0.0,0.0,0.0,0.0,0.0,0.0,0.0,0.0,0.0,0.0,0.0,0.0,0.0,0.0,0.0,0.0,0.0,0.0,0.0,0.0,0.0,0.0,0.0,0.0,0.0,0.0,0.0,0.0,0.0,0.0,0.0,0.0,0.0,0.0,0.0,0.0,0.0,0.0,0.0,0.0,0.0,0.0,0.0,0.0,0.0,0.0,0.058823529411764705,0.07692307692307693,0.5294117647058824,0.2916666666666667,0.0967741935483871,0.4166666666666667,0.15625,0.25301204819277107,0.20588235294117646,0.021739130434782608,0.041666666666666664,0.5813953488372093,0.7636363636363637,0.8292682926829268,0.75,0.8260869565217391,0.9782608695652174,1.0,0.9615384615384616,0.9883720930232558,0.9722222222222222,1.0,1.0,1.0,1.0,0.9393939393939394,0.9523809523809523,1.0,1.0,1.0,0.9523809523809523,1.0,1.0,1.0,1.0,1.0,1.0,1.0,1.0,1.0,0.9615384615384616,1.0,1.0,1.0,1.0,1.0,1.0,1.0,1.0,1.0,1.0,1.0,1.0,1.0,1.0,1.0,1.0,1.0,1.0,1.0,1.0,0.0,0.0,0.0,0.0,0.0,0.0,0.0,0.0,0.0,0.0,0.0,0.0,0.0,0.0,0.0,0.0,1.0,0.0,1.0,1.0,1.0,0.9894736842105263
3475057, intergenic, C->T, noncoding,1.91317,9.999e-05,120,-1.0,0.342857,118,0.9,0.00620155,PASS,0.0,0.0,0.02857142857142857,0.0,0.0,0.0,0.0,0.0,0.0,0.0,0.0,0.0,0.0,0.0,0.0,0.0,0.0,0.0,0.0,0.0,0.0,0.0,0.0,0.0,0.0,0.0,0.0,0.0,0.0,0.0,0.0,0.0,0.0,0.0,0.0,0.0,0.2777777777777778,0.10810810810810811,0.12121212121212122,0.0,0.0,0.0,0.0,0.1574074074074074,0.4166666666666667,0.05555555555555555,0.046511627906976744,0.020833333333333332,0.0,0.07894736842105263,0.0,0.05263157894736842,0.0967741935483871,0.23529411764705882,0.0,0.22448979591836735,0.1724137931034483,0.0,0.05714285714285714,0.08163265306122448,0.03278688524590164,0.09803921568627451,0.0,0.04,0.21428571428571427,0.18181818181818182,0.27586206896551724,0.5142857142857142,0.5106382978723404,0.75,0.9047619047619048,0.09615384615384616,0.05405405405405406,0.09523809523809523,0.0,0.0,0.0,0.0,0.0,0.012345679012345678,0.046511627906976744,0.0,0.10256410256410256,0.0,0.0,0.0,0.0,0.0,0.030303030303030304,0.0,0.11764705882352941,0.0,0.0,0.0,0.05357142857142857,0.13333333333333333,0.024390243902439025,0.0,0.0,0.01818181818181818,0.0,0.0,0.0,0.0,0.05,0.2692307692307692,0.125,0.05454545454545454,0.0,0.028037383177570093,0.0,0.0,0.0,0.0,0.023255813953488372,0.047619047619047616,0.02127659574468085,0.095,0.08,0.08411214953271028,0.0,0.0,0.0,0.0,0.0,0.0,0.0,1.0,0.0,0.0,0.0,0.0,0.0,0.0,0.0,1.0,0.0,0.0,0.0,0.0,0.0,0.0,0.0
3483359, malT, indel;-4, indel,0.980139,9.999e-05,120,-1.0,0.413793,117,0.9,0.705882,PASS,0.0,0.0,0.0,0.0,0.0,0.0,0.0,0.0,0.0,0.0,0.0,0.0,0.0,0.0,0.0,0.0,0.0,0.0,0.0,0.0,0.0,0.0,0.0,0.0,0.0,0.0,0.0,0.0,0.0,0.0,0.0,0.0,0.10344827586206896,0.5454545454545454,0.8823529411764706,0.9583333333333334,1.0,1.0,1.0,0.9523809523809523,1.0,0.9166666666666666,0.9444444444444444,0.8785046728971962,0.9583333333333334,1.0,1.0,1.0,0.975,1.0,1.0,1.0,1.0,1.0,1.0,1.0,1.0,1.0,1.0,1.0,1.0,1.0,1.0,1.0,1.0,1.0,1.0,1.0,1.0,1.0,0.9583333333333334,1.0,1.0,1.0,1.0,1.0,1.0,1.0,1.0,1.0,1.0,1.0,0.95,1.0,1.0,1.0,1.0,1.0,1.0,0.9166666666666666,1.0,1.0,1.0,1.0,1.0,1.0,1.0,1.0,1.0,1.0,1.0,1.0,1.0,1.0,1.0,1.0,1.0,1.0,1.0,1.0,1.0,0.9787234042553191,1.0,0.9886363636363636,1.0,1.0,1.0,0.9897959183673469,1.0,1.0,1.0,0.0,0.0,0.0,0.0,0.0,0.0,0.0,0.0,0.0,0.0,0.0,0.0,0.0,0.0,1.0,1.0,1.0,1.0,1.0,1.0,0.9968454258675079,1.0
3490093, glpG, A->C, noncoding,0.970057,9.999e-05,120,-1.0,0.705882,118,0.9,0.48,PASS,0.0,0.0,0.0,0.0,0.0,0.0,0.0,0.0,0.0,0.0,0.0,0.0,0.0,0.0,0.0,0.0,0.0,0.0,0.0,0.0,0.0,0.0,0.0,0.0,0.0,0.0,0.0,0.0,0.0,0.0,0.0,0.0,0.0,0.0,0.0,0.0,0.0,0.0,0.0,0.0,0.0,0.0,0.0,0.0,0.0,0.0,0.0,0.0,0.0,0.0,0.0,0.0,0.0,0.0,0.0,0.0,0.0,0.0,0.0,0.0,0.031746031746031744,0.25,0.47368421052631576,0.2777777777777778,0.5185185185185185,0.2,0.3157894736842105,0.13793103448275862,0.24444444444444444,0.022222222222222223,0.022222222222222223,0.7,0.6764705882352942,0.47619047619047616,0.71875,1.0,0.92,1.0,0.9411764705882353,0.9745762711864406,0.94,0.8518518518518519,0.9591836734693877,0.9545454545454546,1.0,1.0,1.0,1.0,0.9642857142857143,1.0,1.0,1.0,0.967741935483871,1.0,0.9827586206896551,1.0,1.0,1.0,1.0,1.0,1.0,1.0,1.0,1.0,1.0,1.0,1.0,1.0,1.0,1.0,1.0,1.0,1.0,1.0,1.0,1.0,1.0,0.9956896551724138,1.0,0.9910714285714286,1.0,0.0,0.0,0.0,0.0,0.0,0.0,0.0,0.0,0.0,0.0,0.0,0.0,0.0,0.0,0.0,0.0,1.0,0.0,1.0,1.0,0.9955555555555555,1.0
3553995, rhsB, T->C, synonymous,4.8909,0.00089991,120,-1.0,0.923077,113,0.9,0.0718563,PASS,0.0,0.0,0.0,0.0,0.0,0.0,0.0,0.0,0.0,0.0,0.0,0.0,0.0,0.0,0.0,0.0,0.0,0.0,0.0,0.0,0.0,0.0,0.0,0.0,0.0,0.0,0.0,0.0,0.0,0.0,0.0,0.0,0.0,0.0,0.0,0.0,0.0,0.0,0.0,0.0,0.0,0.0,0.0,0.0,0.0,0.0,0.0,0.0,0.0,0.0,0.0,0.0,0.0,0.0,0.0,0.0,0.0,0.0,0.0,0.0,0.0,0.0,0.0,0.0,0.03333333333333333,0.0,0.11764705882352941,0.15625,0.08108108108108109,0.0,0.0,0.0,0.0,0.0,0.0,0.0,0.0,0.0,0.0,0.0,0.0,0.0,0.0,0.0,0.0,0.0,0.0,0.0,0.0,0.0,0.0,0.0,0.0,0.0,0.0,0.0,0.0,0.0,0.0,0.0,0.0,0.0,0.0,0.0,0.0,0.0,0.0,0.0,0.0,0.0,0.0,0.0,0.0,0.0,0.0,0.0,0.0,0.0,0.0,0.0,0.0,0.0,0.0,0.0,0.0,0.0,0.0,0.0,0.0,0.0,0.0,0.0,0.0,0.0,0.0,0.0,0.0,0.0,0.0,0.0,0.0,0.0,0.0
3557592, yhiH, G->A, synonymous,6.16778,0.00159984,120,-1.0,0.8,118,0.9,0.413793,PASS,0.0,0.0,0.0,0.0,0.0,0.0,0.0,0.0,0.0,0.0,0.0,0.0,0.0,0.0,0.0,0.0,0.0,0.0,0.0,0.0,0.0,0.0,0.0,0.0,0.0,0.0,0.0,0.0,0.0,0.0,0.0,0.0,0.0,0.0,0.0,0.0,0.0,0.0,0.0,0.0,0.0,0.0,0.0,0.0,0.0,0.0,0.0,0.0,0.0,0.0,0.0,0.0,0.0,0.0,0.0,0.0,0.0,0.0,0.0,0.0,0.0,0.0,0.0,0.0,0.0,0.0,0.0,0.0,0.0,0.0,0.0,0.0,0.03125,0.07894736842105263,0.16666666666666666,0.0,0.0,0.0,0.0,0.0,0.0,0.0,0.0,0.0,0.0,0.0,0.0,0.0,0.0,0.0,0.0,0.0,0.0,0.0,0.0,0.0,0.0,0.0,0.0,0.0,0.0,0.0,0.0,0.0,0.0,0.0,0.0,0.0,0.0,0.0,0.0,0.0,0.0,0.0,0.0,0.0,0.0,0.0,0.0,0.0,0.0,0.0,0.0,0.0,0.0,0.0,0.0,0.0,0.0,0.0,0.0,0.0,0.0,0.0,0.0,0.0,0.0,0.0,0.0,0.0,0.0,0.0,0.0
3740817, intergenic, T->G, noncoding,3.16913,0.00019998,120,-1.0,0.545455,118,0.9,1.0,PASS,0.0,0.0,0.0,0.0,0.0,0.0,0.0,0.0,0.0,0.0,0.0,0.0,0.0,0.0,0.0,0.0,0.0,0.0,0.0,0.0,0.0,0.0,0.0,0.0,0.0,0.0,0.0,0.0,0.0,0.0,0.0,0.0,0.0,0.0,0.0,0.0,0.0,0.0,0.0,0.0,0.0,0.0,0.0,0.0,0.0,0.0,0.0,0.0,0.0,0.0,0.0,0.0,0.0,0.0,0.0,0.0,0.0,0.0,0.0,0.0,0.0,0.0,0.0,0.0,0.0,0.0,0.0,0.0,0.0,0.0,0.0,0.0,0.0,0.0,0.0,0.0,0.0,0.0,0.0,0.0,0.0,0.0,0.0,0.0,0.0,0.0,0.0,0.0,0.0,0.0,0.0,0.0,0.0,0.0,0.0,0.0,0.0,0.0,0.0,0.0,0.0,0.0,0.0,0.0,0.0,0.0,0.0,0.0,0.0,0.0058823529411764705,0.0,0.017241379310344827,0.01694915254237288,0.036885245901639344,0.0,0.04878048780487805,0.08333333333333333,0.12121212121212122,0.2483221476510067,0.410958904109589,0.7796610169491526,0.0,0.0,0.0,0.0,0.0,0.0,0.0,0.0,0.0,0.0,0.0,0.0,0.0,0.0,0.0,0.0,0.0,0.0,0.0,0.0,0.0,0.0
3752134, dfp, T->G, missense,2.02937,9.999e-05,120,-1.0,0.0530973,117,0.9,0.857143,PASS,0.0,0.0,0.0,0.0,0.0,0.0,0.0,0.0,0.0,0.0,0.0,0.0,0.0,0.0,0.0,0.0,0.0,0.0,0.0,0.0,0.0,0.0,0.0,0.0,0.0,0.0,0.0,0.0,0.0,0.0,0.0,0.0,0.0,0.0,0.0,0.0,0.0,0.0,0.0,0.0,0.0,0.0,0.0,0.0,0.0,0.0,0.0,0.0,0.0,0.0,0.0,0.0,0.0,0.0,0.0,0.0,0.0,0.0,0.0,0.0,0.0,0.0,0.0,0.0,0.0,0.0,0.0,0.0,0.0,0.0,0.0,0.0,0.0,0.0,0.0,0.0,0.0,0.0,0.0,0.0,0.0,0.0,0.0,0.0,0.0,0.0,0.0,0.0,0.0,0.0,0.0,0.0,0.0,0.0,0.0,0.0,0.0,0.0,0.0,0.0,0.0,0.0,0.0,0.0,0.0,0.2631578947368421,0.2777777777777778,0.45161290322580644,0.75,0.75,0.8636363636363636,0.9787234042553191,0.9836065573770492,0.9878048780487805,1.0,1.0,1.0,1.0,0.9393939393939394,1.0,1.0,0.0,0.0,0.0,0.013157894736842105,0.0,0.0,0.0,0.0,0.0,0.0,0.0,0.0,0.0,0.0,0.0,0.0,0.0,0.0,0.0,0.023255813953488372,0.0,0.0
3762480, spoT, G->T, missense,0.976513,9.999e-05,120,-1.0,0.666667,117,0.9,0.444444,PASS,0.004830917874396135,0.7804878048780488,1.0,1.0,1.0,1.0,1.0,1.0,1.0,1.0,1.0,1.0,1.0,1.0,1.0,1.0,1.0,1.0,1.0,1.0,1.0,1.0,1.0,1.0,1.0,1.0,1.0,0.9642857142857143,1.0,1.0,1.0,1.0,1.0,1.0,1.0,1.0,1.0,1.0,1.0,1.0,1.0,1.0,1.0,1.0,1.0,1.0,1.0,1.0,1.0,1.0,1.0,1.0,1.0,1.0,1.0,1.0,1.0,1.0,1.0,1.0,1.0,1.0,1.0,1.0,1.0,1.0,1.0,1.0,1.0,1.0,1.0,1.0,1.0,1.0,1.0,1.0,1.0,1.0,1.0,0.9875,0.9705882352941176,1.0,1.0,1.0,1.0,1.0,1.0,1.0,1.0,1.0,1.0,1.0,1.0,1.0,1.0,1.0,1.0,1.0,1.0,1.0,1.0,1.0,1.0,1.0,1.0,1.0,1.0,1.0,1.0,1.0,1.0,1.0,1.0,1.0,1.0,1.0,1.0,1.0,1.0,1.0,1.0,1.0,1.0,0.9705882352941176,0.9866666666666667,0.9821428571428571,1.0,1.0,1.0,1.0,1.0,1.0,1.0,1.0,1.0,1.0,1.0,1.0,1.0,1.0,1.0,0.9952380952380953,1.0
3798140, yicL, C->T, noncoding,5.10283,0.00089991,120,-1.0,0.292683,118,0.9,0.631579,PASS,0.0,0.0,0.0,0.0,0.0,0.0,0.0,0.0,0.0,0.0,0.0,0.0,0.0,0.0,0.0,0.0,0.0,0.0,0.0,0.0,0.0,0.0,0.0,0.0,0.0,0.0,0.0,0.0,0.0,0.0,0.0,0.0,0.0,0.0,0.0,0.0,0.0,0.0,0.0,0.0,0.0,0.0,0.0,0.0,0.0,0.0,0.0,0.0,0.0,0.0,0.0,0.0,0.0,0.0,0.0,0.0,0.0,0.0,0.0,0.0,0.03508771929824561,0.0,0.0,0.0,0.0,0.0,0.0,0.0,0.0,0.0,0.0,0.0,0.0,0.0,0.0,0.0,0.0,0.0,0.0,0.010526315789473684,0.0,0.0,0.0,0.0,0.0,0.0,0.0,0.0,0.0,0.10526315789473684,0.1111111111111111,0.0,0.0,0.0,0.0,0.0,0.0,0.0,0.0,0.0,0.0,0.0,0.0,0.0,0.0,0.0,0.0,0.0,0.0,0.0,0.0,0.0,0.0,0.0,0.0,0.0,0.0,0.0,0.0,0.0,0.0,0.0,0.0,0.0,0.0,0.0,0.0,0.0,0.0,0.0,0.0,0.0,0.0,0.0,0.0,0.0,0.0,0.0,0.0,0.0,0.0,0.0,0.0
3856107, yieG, junction_3856107_1_IS186_end, sv,2.63884,0.017399,120,-1.0,1.0,118,0.9,0.521739,PASS,0.0,0.0,0.0,0.0,0.0,0.0,0.0,0.0,0.0,0.0,0.0,0.0,0.0,0.0,0.0,0.0,0.0,0.0,0.0,0.0,0.0,0.0,0.0,0.0,0.0,0.0,0.0,0.0,0.0,0.0,0.0,0.0,0.0,0.0,0.0,0.0,0.0,0.0,0.0,0.0,0.0,0.0,0.0,0.0,0.0,0.0,0.0,0.0,0.0,0.0,0.0,0.0,0.0,0.0,0.0,0.0,0.0,0.0,0.0,0.0,0.017241379310344827,0.0,0.0,0.0,0.0,0.0,0.0,0.0,0.0,0.0,0.023255813953488372,0.0,0.0,0.0,0.0,0.0,0.0,0.0,0.0,0.0,0.0,0.0,0.0,0.0,0.0,0.0,0.0,0.0,0.0,0.0,0.0,0.0,0.0,0.0,0.0,0.0,0.0,0.0,0.013157894736842105,0.03636363636363636,0.058823529411764705,0.0,0.11764705882352941,0.08823529411764706,0.0,0.1111111111111111,0.05128205128205128,0.0,0.058823529411764705,0.011904761904761904,0.0,0.0,0.0,0.0,0.0,0.0,0.0,0.0,0.0,0.0,0.0,0.0,0.0,0.0,0.0,0.0,0.0,0.0,0.0,0.0,0.0,0.0,0.0,0.0,0.0,0.0,0.0,0.0,0.0,0.0,0.0,0.0,0.0
3893550, intergenic, indel;C;+G;G;+GG;+T;+GGG;+GAC, indel,1.06211,9.999e-05,120,-1.0,0.130435,118,0.9,0.375,PASS,0.0,0.0,0.02857142857142857,0.0,0.0,0.0,0.0,0.0,0.008,0.016666666666666666,0.0,0.0,0.043478260869565216,0.03333333333333333,0.0,0.1,0.0,0.017241379310344827,0.0,0.0,0.009433962264150943,0.0,0.0,0.0,0.0,0.0,0.014925373134328358,0.10909090909090909,0.03225806451612903,0.0851063829787234,0.046153846153846156,0.09302325581395349,0.0,0.0,0.06666666666666667,0.022727272727272728,0.11764705882352941,0.3,0.125,0.0,0.07692307692307693,0.13157894736842105,0.09523809523809523,0.3877551020408163,0.05555555555555555,0.1,0.0625,0.16129032258064516,0.2878787878787879,0.24390243902439024,0.23529411764705882,0.15384615384615385,0.17647058823529413,0.14285714285714285,0.05555555555555555,0.02127659574468085,0.11764705882352941,0.09523809523809523,0.0,0.0,0.034482758620689655,0.0,0.0,0.0,0.03571428571428571,0.0,0.0,0.019801980198019802,0.022727272727272728,0.09090909090909091,0.06976744186046512,0.030303030303030304,0.0,0.02564102564102564,0.0,0.0,0.0,0.0,0.0,0.03361344537815126,0.08333333333333333,0.0,0.02857142857142857,0.0625,0.02127659574468085,0.030303030303030304,0.1111111111111111,0.0,0.027777777777777776,0.0,0.0,0.017857142857142856,0.034482758620689655,0.04878048780487805,0.08823529411764706,0.0,0.05555555555555555,0.024390243902439025,0.037037037037037035,0.07042253521126761,0.030303030303030304,0.06172839506172839,0.03333333333333333,0.058823529411764705,0.13636363636363635,0.08571428571428572,0.0,0.031746031746031744,0.0,0.02830188679245283,0.02564102564102564,0.024691358024691357,0.12663755458515283,0.15862068965517243,0.2647058823529412,0.3783783783783784,0.3111111111111111,0.3778801843317972,0.28205128205128205,0.2923076923076923,0.13793103448275862,0.0,0.0,0.0,0.0,0.0,0.0,0.0,0.0,0.017094017094017096,0.0,0.0,0.0,0.0,0.0,0.0,0.9333333333333333,0.0,0.0,0.0,0.0,0.0,0.0
3895833, rbsA, junction_3895833_1_IS150_end, sv,0.977769,9.999e-05,120,-1.0,0.333333,8,1.20397,1.0,PASS,0.0,0.0,0.0,0.0,0.0,0.0,0.0,0.5454545454545454,0.5434782608695652,0.22580645161290322,0.3870967741935484,0.9230769230769231,0.9705882352941176,1.0,1.0,1.0,1.0,1.0,1.0,1.0,1.0,1.0,1.0,1.0,1.0,1.0,1.0,1.0,1.0,1.0,1.0,1.0,1.0,1.0,1.0,1.0,1.0,1.0,1.0,1.0,1.0,1.0,1.0,1.0,1.0,1.0,1.0,1.0,1.0,1.0,1.0,1.0,1.0,1.0,1.0,1.0,1.0,1.0,1.0,1.0,1.0,1.0,1.0,1.0,1.0,1.0,1.0,1.0,1.0,1.0,1.0,1.0,1.0,1.0,1.0,1.0,1.0,1.0,1.0,1.0,1.0,1.0,1.0,1.0,1.0,1.0,1.0,1.0,1.0,1.0,1.0,1.0,1.0,1.0,1.0,1.0,1.0,1.0,1.0,1.0,1.0,1.0,1.0,1.0,1.0,1.0,1.0,1.0,1.0,1.0,1.0,1.0,1.0,1.0,1.0,1.0,1.0,1.0,1.0,1.0,1.0,0.0,0.0,0.0,0.0,,0.0,,,0.0,0.0,1.0,1.0,1.0,1.0,1.0,1.0,1.0,1.0,1.0,1.0,1.0,1.0
3912148, ilvL, indel;-15, indel,0.978985,9.999e-05,120,-1.0,0.705882,117,0.9,0.857143,PASS,0.0,0.030303030303030304,0.0,0.0,0.0,0.0,0.0,0.0,0.0,0.0,0.0,0.0,0.0,0.0,0.0,0.0,0.0,0.0,0.0,0.0,0.0,0.0,0.0,0.0,0.0,0.0,0.0,0.0,0.03289473684210526,0.18518518518518517,0.35714285714285715,0.5681818181818182,0.7931034482758621,0.9583333333333334,1.0,0.9714285714285714,1.0,1.0,1.0,1.0,1.0,1.0,1.0,1.0,1.0,1.0,1.0,1.0,1.0,1.0,1.0,1.0,1.0,1.0,1.0,1.0,1.0,1.0,1.0,1.0,1.0,1.0,1.0,1.0,1.0,1.0,1.0,1.0,1.0,1.0,1.0,1.0,1.0,1.0,1.0,1.0,1.0,1.0,1.0,1.0,1.0,1.0,1.0,1.0,1.0,1.0,1.0,1.0,1.0,1.0,1.0,1.0,1.0,1.0,1.0,0.9743589743589743,1.0,1.0,1.0,1.0,1.0,1.0,1.0,0.9830508474576272,1.0,1.0,1.0,1.0,1.0,0.994413407821229,1.0,1.0,1.0,1.0,1.0,0.9739130434782609,1.0,1.0,1.0,1.0,1.0,0.0,0.0,0.0,0.0,0.0,0.0,0.0,0.0,0.0,0.0,0.0,0.0,0.9782608695652175,0.0,0.9848484848484849,1.0,1.0,1.0,0.989010989010989,1.0,0.9977116704805492,0.9857142857142858
3966678, ECB_03695, MOB_3966678_3966686_IS1_1, sv,4.288,9.999e-05,120,-1.0,1.0,117,0.9,0.8,PASS,0.0,0.0,0.0,0.0,0.0,0.0,0.0,0.0,0.0,0.0,0.0,0.0,0.0,0.0,0.0,0.0,0.0,0.0,0.0,0.0,0.0,0.0,0.0,0.0,0.0,0.0,0.0,0.0,0.0,0.0,0.0,0.0,0.0,0.0,0.0,0.0,0.0,0.0,0.0,0.0,0.0,0.0,0.0,0.0,0.0,0.0,0.0,0.0,0.0,0.0,0.0,0.0,0.0,0.0,0.0,0.0,0.0,0.0,0.0,0.0,0.0,0.0,0.0,0.0,0.0,0.0,0.0,0.0,0.0,0.0,0.0,0.0,0.0,0.0,0.0,0.0,0.0,0.0,0.0,0.0,0.0,0.0,0.0,0.0,0.0,0.0,0.0,0.0,0.0,0.0,0.0,0.0,0.0,0.0,0.0,0.0,0.0,0.0,0.0,0.0,0.0,0.0,0.0,0.011111111111111112,0.03333333333333333,0.14285714285714285,0.29508196721311475,0.3,0.2,0.11170212765957446,0.0,0.0,0.0,0.0,0.0,0.0,0.0,0.0,0.0,0.0,0.0,0.0,0.0,0.0,0.0,0.0,0.0,0.0,0.0,0.0,0.0,0.0,0.0,0.0,0.0,0.0,0.0,0.0,0.0,0.0,0.0,0.0,0.0
3987120, ECB_03715, indel;-11, indel,3.17731,0.00279972,120,-1.0,0.0428571,119,0.9,0.4,PASS,0.0,0.0,0.0,0.0,0.0,0.0,0.0,0.0,0.0,0.0,0.0,0.0,0.0,0.0,0.0,0.0,0.0,0.0,0.0,0.0,0.0,0.0,0.0,0.0,0.0,0.0,0.0,0.0,0.0,0.0,0.0,0.0,0.0,0.0,0.0,0.0,0.0,0.0,0.0,0.0,0.0,0.0,0.0,0.0,0.0,0.0,0.0,0.0,0.0,0.0,0.0,0.0,0.0,0.0,0.0,0.0,0.0,0.0,0.0,0.0,0.0,0.0,0.0,0.0,0.0,0.043478260869565216,0.09554140127388536,0.011862396204033215,0.08130081300813008,0.0,0.0,0.20512820512820512,0.11589403973509935,0.09523809523809523,0.044642857142857144,0.05,0.0,0.0,0.0,0.0,0.0,0.0,0.0,0.0,0.0,0.0,0.0,0.0,0.0,0.0,0.0,0.0,0.0,0.0,0.0,0.0,0.0,0.0,0.0,0.0,0.0,0.0,0.0,0.0,0.0,0.0,0.0,0.0,0.0,0.0,0.0,0.0,0.0,0.0,0.0,0.0,0.0,0.0,0.0,0.0,0.0,0.0,0.0,0.0,0.0,0.0,0.0,0.0,0.0,0.0,0.0,0.0,0.0,0.0,0.0,0.0,0.0,0.0,0.0,0.0,0.0,0.0,0.0
3987577, ECB_03716, C->T, missense,4.48055,0.00569943,120,-1.0,0.705882,117,0.9,0.123711,PASS,0.0,0.0,0.0,0.0,0.0,0.0,0.0625,0.48,0.23880597014925373,0.038461538461538464,0.034482758620689655,0.0,0.0,0.0,0.0,0.0,0.0,0.0,0.0,0.0,0.0,0.0,0.0,0.0,0.0,0.0,0.0,0.0,0.0,0.0,0.0,0.0,0.0,0.0,0.0,0.0,0.0,0.0,0.0,0.0,0.0,0.0,0.0,0.0,0.0,0.0,0.0,0.0,0.0,0.0,0.0,0.0,0.0,0.0,0.0,0.0,0.0,0.0,0.0,0.0,0.0,0.0,0.0,0.0,0.0,0.0,0.0,0.0,0.0,0.0,0.0,0.0,0.0,0.0,0.0,0.0,0.0,0.0,0.0,0.0,0.0,0.0,0.0,0.0,0.0,0.0,0.0,0.0,0.0,0.0,0.0,0.0,0.0,0.0,0.0,0.0,0.0,0.0,0.0,0.0,0.0,0.0,0.0,0.0,0.0,0.0,0.0,0.0,0.0,0.0,0.0,0.0,0.0,0.0,0.0,0.0,0.0,0.0,0.0,0.0,0.0,0.0,0.0,0.0,0.0,0.0,0.0,0.0,0.0,0.0,0.0,0.0,0.0,0.0,0.0,0.0,0.0,0.0,0.0,0.0,0.0,0.0,0.0
4044245, yihP, C->A, missense,0.988768,9.999e-05,120,-1.0,0.193548,118,0.9,0.333333,PASS,0.0,0.0,0.0,0.0,0.0,0.0,0.0,0.0,0.0,0.0,0.0,0.0,0.0,0.85,0.8888888888888888,1.0,1.0,0.9459459459459459,1.0,1.0,1.0,1.0,1.0,1.0,1.0,1.0,1.0,1.0,1.0,1.0,1.0,1.0,1.0,1.0,1.0,1.0,1.0,1.0,1.0,1.0,1.0,1.0,1.0,1.0,1.0,1.0,1.0,1.0,1.0,1.0,1.0,1.0,1.0,1.0,1.0,1.0,1.0,1.0,1.0,1.0,1.0,1.0,0.8333333333333334,1.0,1.0,1.0,1.0,1.0,1.0,1.0,1.0,1.0,1.0,1.0,1.0,1.0,1.0,1.0,1.0,1.0,1.0,1.0,1.0,1.0,1.0,1.0,1.0,1.0,1.0,1.0,1.0,1.0,1.0,1.0,1.0,1.0,1.0,0.967741935483871,1.0,1.0,1.0,1.0,1.0,1.0,1.0,1.0,1.0,1.0,1.0,1.0,1.0,1.0,1.0,1.0,1.0,1.0,1.0,1.0,1.0,1.0,1.0,0.0,0.0,0.0,0.0,0.0,0.0,0.0,0.0,0.0,0.0,1.0,1.0,1.0,1.0,1.0,1.0,1.0,0.9428571428571428,1.0,1.0,1.0,1.0
4049783, yihS, G->T, missense,3.01768,0.014023,120,-1.0,0.75,117,0.9,1.0,PASS,0.0,0.0,0.0,0.0,0.0,0.0,0.0,0.0,0.0,0.0,0.0,0.0,0.0,0.0,0.0,0.0,0.0,0.0,0.0,0.0,0.0,0.0,0.0,0.0,0.0,0.0,0.0,0.0,0.0,0.0,0.0,0.0,0.0,0.0,0.0,0.0,0.0,0.0,0.0,0.0,0.0,0.0,0.0,0.0,0.08571428571428572,0.047619047619047616,0.10526315789473684,0.08823529411764706,0.0196078431372549,0.03125,0.05,0.0,0.0,0.0,0.0,0.0,0.0,0.0,0.0,0.0,0.0,0.0,0.0,0.0,0.0,0.0,0.0,0.0,0.0,0.0,0.0,0.0,0.0,0.0,0.0,0.0,0.0,0.0,0.0,0.0,0.0,0.0,0.0,0.0,0.0,0.0,0.0,0.0,0.0,0.0,0.0,0.0,0.0,0.0,0.0,0.0,0.0,0.0,0.0,0.0,0.0,0.0,0.0,0.0,0.0,0.0,0.0,0.0,0.0,0.0,0.0,0.0,0.0,0.0,0.0,0.0,0.0,0.0,0.0,0.0,0.0,0.0,0.0,0.0,0.0,0.0,0.0,0.0,0.0,0.0,0.0,0.0,0.0,0.0,0.0,0.0,0.0,0.0,0.0,0.0,0.0,0.0,0.0
4067722, frvR, C->T, missense,5.31713,0.00119988,120,-1.0,0.857143,118,0.9,0.413793,PASS,0.0,0.0,0.0,0.0,0.0,0.0,0.0,0.0,0.0,0.0,0.0,0.0,0.0,0.0,0.0,0.0,0.0,0.0,0.0,0.0,0.0,0.0,0.0,0.0,0.0,0.0,0.0,0.0,0.047619047619047616,0.24,0.13157894736842105,0.0,0.034482758620689655,0.0,0.0,0.0,0.0,0.0,0.0,0.0,0.0,0.0,0.0,0.0,0.0,0.0,0.0,0.0,0.0,0.0,0.0,0.0,0.0,0.0,0.0,0.0,0.0,0.0,0.0,0.0,0.0,0.0,0.0,0.0,0.0,0.0,0.0,0.0,0.0,0.0,0.0,0.0,0.0,0.0,0.0,0.0,0.0,0.0,0.0,0.0,0.0,0.0,0.0,0.0,0.0,0.0,0.0,0.0,0.0,0.0,0.0,0.0,0.0,0.0,0.0,0.0,0.0,0.0,0.0,0.0,0.0,0.0,0.0,0.0,0.0,0.0,0.0,0.0,0.0,0.0,0.0,0.0,0.0,0.0,0.0,0.0,0.0,0.0,0.0,0.0,0.0,0.0,0.0,0.0,0.0,0.0,0.0,0.0,0.0,0.0,0.0,0.010638297872340425,0.0,0.0,0.0,0.0,0.0,0.0,0.0,0.0,0.0,0.0,0.0
4084816, cpxR, C->T, missense,0.977735,9.999e-05,120,-1.0,0.121212,117,0.9,0.214286,PASS,0.0,0.0,0.0,0.0,0.0,0.0,0.0,0.0,0.0,0.0,0.0,0.0,0.0,0.0,0.0,0.0,0.0,0.0,0.0,0.0,0.0,0.0,0.0,0.0,0.0,0.0,0.0,0.029411764705882353,0.0,0.0,0.0,0.0,0.0,0.0,0.0,0.0,0.18181818181818182,0.7333333333333333,0.9333333333333333,0.9285714285714286,0.9,0.8636363636363636,0.8823529411764706,0.8548387096774194,0.7142857142857143,1.0,1.0,1.0,1.0,1.0,1.0,1.0,1.0,1.0,1.0,1.0,1.0,1.0,1.0,1.0,1.0,1.0,1.0,1.0,1.0,1.0,1.0,1.0,1.0,1.0,1.0,1.0,1.0,1.0,1.0,0.9375,1.0,1.0,1.0,1.0,1.0,1.0,1.0,1.0,1.0,1.0,1.0,1.0,1.0,1.0,1.0,0.9714285714285714,1.0,1.0,1.0,1.0,0.9696969696969697,1.0,1.0,1.0,1.0,1.0,1.0,1.0,1.0,1.0,1.0,1.0,1.0,1.0,1.0,1.0,1.0,1.0,1.0,1.0,1.0,1.0,1.0,1.0,1.0,0.0,0.0,0.0,0.0,0.0,0.0,0.0,0.0,0.0,0.0,0.0,0.0,0.0,0.0,0.0,1.0,1.0,1.0,0.9900990099009901,1.0,1.0,0.9727272727272728
4101091, hslU, T->G, missense,0.98901,9.999e-05,120,-1.0,0.705882,116,0.9,0.48,PASS,0.0,0.0,0.0,0.0,0.0,0.819672131147541,1.0,1.0,1.0,0.9791666666666666,1.0,1.0,1.0,1.0,1.0,1.0,1.0,1.0,1.0,1.0,0.9876543209876543,1.0,1.0,1.0,1.0,1.0,1.0,1.0,1.0,1.0,1.0,1.0,1.0,1.0,1.0,1.0,1.0,1.0,1.0,1.0,1.0,1.0,1.0,1.0,1.0,1.0,1.0,1.0,1.0,1.0,1.0,1.0,1.0,1.0,1.0,1.0,1.0,1.0,1.0,1.0,1.0,1.0,1.0,1.0,1.0,1.0,1.0,1.0,1.0,1.0,1.0,1.0,1.0,1.0,1.0,1.0,1.0,1.0,1.0,1.0,1.0,1.0,1.0,1.0,1.0,1.0,1.0,1.0,1.0,1.0,1.0,1.0,1.0,1.0,1.0,1.0,1.0,1.0,1.0,1.0,1.0,1.0,1.0,1.0,1.0,1.0,1.0,1.0,1.0,1.0,1.0,1.0,1.0,1.0,1.0,1.0,0.96875,1.0,1.0,1.0,1.0,0.0,0.0,0.0,0.0,0.0,0.0,0.014492753623188406,0.0,1.0,1.0,1.0,1.0,1.0,1.0,1.0,1.0,1.0,0.9761904761904762,1.0,1.0,0.9910714285714286,0.9900990099009901
4103968, cytR, indel;-13, indel,3.00023,9.999e-05,120,-1.0,1.0,117,0.9,0.8,PASS,0.0,0.0,0.0,0.0,0.0,0.0,0.0,0.0,0.0,0.0,0.0,0.0,0.0,0.0,0.0,0.0,0.0,0.0,0.0,0.0,0.0,0.0,0.0,0.0,0.0,0.0,0.0,0.0,0.0,0.0,0.0,0.0,0.0,0.0,0.0,0.0,0.0,0.0,0.0,0.0,0.0,0.0,0.0,0.0,0.0,0.0,0.0,0.0,0.0,0.0,0.0,0.0,0.0,0.0,0.08695652173913043,0.05063291139240506,0.05405405405405406,0.0,0.14285714285714285,0.08163265306122448,0.08695652173913043,0.0,0.0,0.10810810810810811,0.03389830508474576,0.27586206896551724,0.12121212121212122,0.423841059602649,0.4090909090909091,0.6285714285714286,0.8333333333333334,0.23529411764705882,0.1276595744680851,0.02247191011235955,0.16,0.06666666666666667,0.0,0.0,0.0,0.0,0.0,0.10526315789473684,0.09090909090909091,0.0,0.0,0.0,0.0,0.0,0.0,0.0,0.0,0.0,0.0,0.0,0.0,0.0,0.0,0.0,0.0,0.0,0.0,0.0,0.0,0.0,0.0,0.0,0.0,0.0,0.0,0.0,0.0,0.0,0.0,0.0,0.0,0.0,0.0,0.0,0.0,0.0,0.0,0.0,0.0,0.0,0.0,0.0,0.0,0.0,0.0,0.0,0.0,0.0,0.0,0.0,0.0,0.0,0.0,0.0,0.0,0.0,0.0,0.0,0.0
4132098, ppc, T->G, missense,4.5245,0.00179982,120,-1.0,0.266667,117,0.9,0.857143,PASS,0.0,0.0,0.0,0.0,0.0,0.0,0.0,0.0,0.0,0.0,0.0,0.0,0.0,0.0,0.0,0.0,0.0,0.0,0.0,0.0,0.0,0.0,0.0,0.0,0.0,0.0,0.0,0.0,0.0,0.0,0.0,0.0,0.0,0.0,0.0,0.0,0.0,0.0,0.0,0.0,0.0,0.0,0.09523809523809523,0.08536585365853659,0.325,0.1,0.02857142857142857,0.0,0.0,0.0,0.0,0.0,0.0,0.0,0.0,0.0,0.0,0.0,0.0,0.0,0.0,0.0,0.0,0.0,0.0,0.0,0.0,0.0,0.0,0.0,0.0,0.0,0.0,0.0,0.0,0.0,0.0,0.0,0.0,0.0,0.0,0.0,0.0,0.0,0.0,0.0,0.0,0.0,0.0,0.0,0.0,0.0,0.0,0.0,0.0,0.0,0.0,0.0,0.0,0.0,0.0,0.0,0.0,0.0,0.0,0.0,0.0,0.0,0.0,0.0,0.0,0.0,0.0,0.0,0.0,0.0,0.0,0.0,0.0,0.0,0.0,0.0,0.013157894736842105,0.0,0.0,0.0,0.0,0.0,0.0,0.0,0.0,0.0,0.0,0.0,0.0,1.0,0.0,0.0,0.0,0.0,0.0,0.0,0.0
4160448, rplL, C->T, missense,3.67962,9.999e-05,120,-1.0,0.413793,118,0.9,0.48,PASS,0.0,0.0,0.0,0.0,0.0,0.0,0.0,0.0,0.0,0.0,0.0,0.0,0.0,0.0,0.0,0.0,0.0,0.0,0.0,0.0,0.0,0.0,0.0,0.0,0.0,0.0,0.0,0.0,0.0,0.0,0.0,0.0,0.0,0.0,0.0,0.0,0.0,0.0,0.0,0.0,0.0,0.0,0.0,0.0,0.0,0.0,0.0,0.0,0.0,0.0,0.0,0.0,0.0,0.0,0.0,0.0,0.0,0.0,0.0,0.0,0.037037037037037035,0.16,0.4444444444444444,0.07142857142857142,0.5185185185185185,0.8333333333333334,0.125,0.10714285714285714,0.3333333333333333,0.2692307692307692,0.06666666666666667,0.0,0.0,0.0,0.0,0.0,0.0,0.0,0.0,0.0,0.0,0.0,0.0,0.0,0.0,0.0,0.0,0.0,0.045454545454545456,0.0,0.0,0.0,0.0,0.0,0.0,0.0,0.0,0.0,0.0,0.0,0.0,0.0,0.0,0.0,0.0,0.0,0.0,0.0,0.0,0.0,0.0,0.0,0.0,0.0,0.0,0.0,0.0,0.0,0.0,0.0,0.0,0.0,0.0,0.0,0.0,0.0,0.0,0.0,0.0,0.0,0.0,0.0,0.0,0.0,0.0,0.0,0.0,0.0,0.0,0.0,0.0,0.0,0.0
4179771, intergenic, T->G, noncoding,3.46445,0.00019998,120,-1.0,0.413793,119,0.9,0.666667,PASS,0.0,0.0,0.0,0.0,0.0,0.0,0.0,0.0,0.0,0.0,0.0,0.0,0.0,0.0,0.0,0.0,0.0,0.0,0.0,0.0,0.0,0.0,0.0,0.0,0.0,0.0,0.0,0.030303030303030304,0.0,0.0,0.0,0.0,0.0,0.0,0.0,0.0,0.0,0.0,0.0,0.0,0.0,0.0,0.0,0.0,0.0,0.0,0.0,0.0,0.0,0.0,0.0,0.0,0.0,0.0,0.0,0.0,0.0,0.0,0.0,0.0,0.0,0.0,0.0,0.0,0.19444444444444445,0.29411764705882354,0.14285714285714285,0.15151515151515152,0.057692307692307696,0.21052631578947367,0.0,0.041666666666666664,0.0,0.0,0.0,0.0,0.0,0.0,0.0,0.0,0.0,0.0,0.0,0.0,0.0,0.0,0.0,0.0,0.0,0.0,0.0,0.0,0.0,0.0,0.0,0.0,0.0,0.0,0.0,0.0,0.0,0.0,0.0,0.0,0.0,0.0,0.0,0.0,0.0,0.0,0.0,0.0,0.0,0.0,0.0,0.0,0.0,0.0,0.0,0.0,0.0,0.0,0.0,0.0,0.0,0.0,0.0,0.0,0.0,0.0,0.0,0.0,0.0,0.0,0.0,0.0,0.0,0.0,0.0,0.0,0.0,0.0,0.0
4202388, iclR, A->C, missense,0.98961,9.999e-05,120,-1.0,0.196721,118,0.9,0.179104,PASS,0.0,0.0,0.0,0.0,0.0,0.0,0.0,0.0,0.0,0.0,0.0,0.0,0.0,0.0,0.0,0.0,0.0,0.0,0.11764705882352941,0.25,0.9649122807017544,1.0,1.0,1.0,1.0,1.0,1.0,1.0,1.0,1.0,1.0,1.0,1.0,1.0,1.0,1.0,1.0,1.0,1.0,1.0,1.0,1.0,1.0,1.0,1.0,1.0,1.0,1.0,1.0,1.0,1.0,1.0,1.0,1.0,1.0,1.0,1.0,1.0,1.0,1.0,1.0,1.0,1.0,1.0,1.0,1.0,1.0,1.0,1.0,1.0,1.0,1.0,1.0,1.0,1.0,1.0,1.0,1.0,1.0,0.9746835443037974,1.0,1.0,1.0,1.0,1.0,1.0,1.0,1.0,1.0,1.0,1.0,1.0,1.0,1.0,1.0,1.0,1.0,1.0,1.0,0.9459459459459459,1.0,1.0,1.0,1.0,1.0,1.0,1.0,1.0,1.0,1.0,1.0,1.0,1.0,1.0,1.0,1.0,1.0,1.0,1.0,1.0,1.0,0.0,0.0,0.0,0.0,0.0,0.0,0.0,0.0,0.0,0.0,1.0,0.9848484848484849,1.0,1.0,1.0,1.0,1.0,0.9736842105263158,1.0,0.9813084112149533,1.0,1.0
4204025, metH, G->T, nonsense,0.993395,9.999e-05,120,-1.0,0.363636,118,0.9,0.444444,PASS,0.0,0.0,0.0,0.0,0.0,0.0,0.0,0.0,0.0,0.0,0.0,0.0,0.0,0.0,0.05263157894736842,0.0,0.6451612903225806,0.9714285714285714,1.0,1.0,1.0,1.0,1.0,1.0,1.0,1.0,1.0,1.0,1.0,1.0,1.0,1.0,1.0,1.0,1.0,1.0,1.0,1.0,1.0,1.0,1.0,1.0,1.0,1.0,1.0,1.0,1.0,1.0,1.0,1.0,1.0,1.0,1.0,1.0,1.0,1.0,1.0,1.0,1.0,1.0,1.0,1.0,1.0,1.0,1.0,1.0,1.0,1.0,1.0,1.0,1.0,1.0,1.0,1.0,1.0,1.0,1.0,1.0,1.0,1.0,1.0,1.0,1.0,1.0,1.0,1.0,1.0,1.0,1.0,1.0,1.0,1.0,1.0,1.0,1.0,1.0,1.0,1.0,1.0,1.0,1.0,1.0,1.0,1.0,1.0,1.0,1.0,1.0,1.0,0.9805825242718447,1.0,1.0,1.0,1.0,1.0,1.0,1.0,1.0,1.0,1.0,1.0,0.0,0.0,0.0,0.0,0.0,0.0,0.0,0.0,0.0,0.0,0.990990990990991,1.0,1.0,1.0,1.0,1.0,1.0,1.0,1.0,1.0,1.0,1.0
4266339, acs, T->C, noncoding,1.03024,9.999e-05,120,-1.0,1.0,118,0.9,0.75,PASS,0.0,0.0,0.0,0.0,0.0,0.0,0.0,0.0,0.0,0.0,0.0,0.0,0.0,0.0,0.0,0.0,0.0,0.0,0.0,0.0,0.0,0.0,0.030303030303030304,0.0,0.0,0.0,0.0,0.0,0.0,0.0,0.0,0.0,0.0,0.0,0.0,0.018867924528301886,0.0,0.0,0.0,0.0,0.0,0.0,0.0,0.0,0.0,0.0,0.0,0.0,0.0,0.0,0.0,0.0,0.0,0.0,0.0,0.0,0.0,0.0,0.0,0.0,0.0,0.0,0.0,0.0,0.0,0.0,0.0,0.0,0.0,0.0,0.08,0.5897435897435898,0.603448275862069,0.6666666666666666,0.8333333333333334,0.75,1.0,0.9411764705882353,1.0,0.967032967032967,1.0,0.92,1.0,1.0,1.0,0.9,1.0,0.95,1.0,1.0,1.0,0.9833333333333333,0.9534883720930233,0.9473684210526315,1.0,1.0,1.0,1.0,1.0,1.0,1.0,1.0,1.0,1.0,1.0,1.0,1.0,0.9846153846153847,1.0,1.0,1.0,1.0,1.0,0.9884393063583815,1.0,1.0,1.0,1.0,1.0,0.9925373134328358,1.0,0.0,0.0,0.0,0.0,0.0,0.0,0.0,0.0,0.0,0.0,0.0,0.02040816326530612,0.0,0.0,0.0,0.0,0.0,0.0,1.0,1.0,0.9911504424778761,0.9934640522875817
4266390, acs, C->A, noncoding,4.23697,0.00489951,120,-1.0,1.0,118,0.9,0.923077,PASS,0.0,0.0,0.0,0.21739130434782608,0.0,0.17142857142857143,0.3333333333333333,0.043478260869565216,0.015625,0.0,0.0,0.0,0.058823529411764705,0.0,0.0,0.0,0.0,0.0,0.0,0.0,0.0,0.0,0.0,0.0,0.0,0.0,0.0,0.019230769230769232,0.0,0.0,0.0,0.0,0.0,0.0,0.0,0.0,0.0,0.0,0.0,0.0,0.0,0.0,0.0,0.0,0.0,0.0,0.0,0.0,0.0,0.0,0.0,0.0,0.0,0.0,0.0,0.0,0.0,0.0,0.0,0.0,0.0,0.0,0.0,0.0,0.0,0.0,0.0,0.0,0.0,0.0,0.0,0.0,0.0,0.0,0.0,0.0,0.0,0.0,0.0,0.0,0.0,0.0,0.0,0.0,0.0,0.0,0.0,0.0,0.0,0.0,0.0,0.0,0.0,0.0,0.0,0.0,0.0,0.0,0.0,0.0,0.0,0.0,0.0,0.0,0.0,0.0,0.0,0.0,0.0,0.0,0.0,0.0,0.0,0.0,0.0,0.0,0.0,0.0,0.0,0.0,0.0,0.0,0.0,0.0,0.0,0.0,1.0,0.0,0.0,0.0,0.0,0.0,0.0,0.0,0.0,0.0,0.0,0.0,0.0,0.0,0.0,0.0,0.0
4329503, intergenic, indel;-5, indel,0.947468,9.999e-05,120,-1.0,0.444444,119,0.9,0.461538,PASS,0.0,0.0,0.0,0.0,0.0,0.0,0.0,0.0,0.0,0.0,0.0,0.0,0.0,0.0,0.0,0.0,0.0,0.0,0.0,0.0,0.0,0.0,0.0,0.0,0.0,0.0,0.0,0.0,0.0,0.0,0.016835016835016835,0.0,0.0,0.0,0.0,0.0,0.0,0.2535211267605634,0.3686635944700461,0.3474903474903475,0.56,0.49122807017543857,0.36363636363636365,0.4710920770877944,0.4,0.8846153846153846,0.9108910891089109,0.8529411764705882,0.74,1.0,0.6666666666666666,0.5384615384615384,0.75,0.6363636363636364,0.7692307692307693,0.9782608695652174,1.0,1.0,1.0,1.0,1.0,1.0,1.0,1.0,1.0,1.0,1.0,0.9878048780487805,1.0,1.0,1.0,1.0,1.0,1.0,1.0,1.0,1.0,1.0,1.0,1.0,1.0,1.0,1.0,1.0,1.0,1.0,1.0,1.0,1.0,1.0,1.0,0.9827586206896551,1.0,1.0,1.0,1.0,1.0,1.0,1.0,1.0,1.0,1.0,1.0,1.0,1.0,1.0,1.0,1.0,1.0,1.0,1.0,1.0,1.0,1.0,1.0,0.9622641509433962,1.0,0.9941176470588236,1.0,1.0,1.0,0.0,0.0,0.0,0.0,0.0,0.0,0.0,0.0,0.0,0.0,0.0,0.0,0.0,0.0,0.0,0.0,1.0,1.0,0.9912536443148688,1.0,0.9976415094339622,1.0
4330334, intergenic, A->C, noncoding,5.53132,9.999e-05,120,-1.0,0.75,119,0.9,0.6,PASS,0.0,0.0,0.0,0.0,0.0,0.0,0.0,0.0,0.0,0.0,0.0,0.0,0.0,0.0,0.0,0.0,0.0,0.0,0.0,0.0,0.0,0.0,0.0,0.0,0.0,0.0,0.0,0.0,0.0,0.0,0.0,0.0,0.0,0.0,0.0,0.0,0.0,0.0,0.0,0.0,0.0,0.0,0.0,0.0,0.0,0.0,0.0,0.0,0.0,0.0,0.0,0.0,0.0,0.0,0.0,0.031746031746031744,0.21212121212121213,0.10714285714285714,0.08620689655172414,0.02040816326530612,0.0,0.0,0.0,0.0,0.0,0.0,0.0,0.0,0.0,0.0,0.0,0.0,0.0,0.0,0.0,0.0,0.0,0.0,0.0,0.0,0.0,0.0,0.0,0.0,0.0,0.02631578947368421,0.0,0.0,0.0,0.0,0.0,0.0,0.0,0.0,0.0,0.0,0.0,0.0,0.0,0.0,0.0,0.0,0.0,0.0,0.0,0.0,0.0,0.0,0.0,0.0,0.0,0.0,0.0,0.0,0.0,0.0,0.0,0.0,0.0,0.0,0.0,0.0,0.0,0.0,0.0,0.0,0.0,0.0,0.0,0.0,0.0,0.0,0.0,0.0,0.0,0.008130081300813009,0.0,0.01639344262295082,1.0,0.0,0.0,0.0,0.0
4381866, hflC, G->A, missense,2.92496,9.999e-05,120,-1.0,0.155844,117,0.9,0.444444,PASS,0.0,0.0,0.0,0.0,0.0,0.0,0.0,0.0,0.0,0.0,0.0,0.0,0.0,0.0,0.0,0.0,0.0,0.0,0.0,0.0,0.0,0.0,0.0,0.0,0.0,0.0,0.0,0.0,0.0,0.0,0.0,0.0,0.0,0.0,0.0,0.0,0.0,0.0,0.0,0.0,0.0,0.0,0.0,0.0,0.0,0.0,0.0,0.0,0.0,0.0,0.0,0.0,0.0,0.0,0.0,0.0,0.08333333333333333,0.4,0.3333333333333333,0.8148148148148148,0.7547169811320755,0.6129032258064516,0.75,0.17647058823529413,0.7058823529411765,0.5555555555555556,0.2777777777777778,0.2236842105263158,0.2413793103448276,0.36666666666666664,0.20833333333333334,0.2222222222222222,0.125,0.05128205128205128,0.15,0.15,0.0,0.0,0.0,0.0,0.0,0.0,0.0,0.0,0.0,0.0,0.0,0.0,0.0,0.0,0.0,0.0,0.0,0.0,0.0,0.0,0.0,0.0,0.0,0.0,0.0,0.0,0.0,0.0,0.0,0.0,0.0,0.0,0.0,0.0,0.0,0.0,0.0,0.0,0.0,0.0,0.0,0.0,0.0,0.0,0.0,0.0,0.0,0.0,0.0,0.0,0.0,0.0,0.0,0.0,0.0,0.0,0.0,0.0,0.0,0.0,0.0,0.0,0.0,0.0,0.0,0.0,0.0
4397787, yjfR, T->G, noncoding,1.86183,0.014165,120,-1.0,0.324324,118,0.9,0.666667,PASS,0.0,0.0,0.0,0.0,0.0,0.0,0.0,0.0,0.0,0.0,0.0,0.0,0.0,0.0,0.0,0.0,0.0,0.0,0.0,0.0,0.0,0.0,0.0,0.0,0.0,0.0,0.0,0.0,0.0,0.0,0.0,0.0,0.0,0.0,0.0,0.0,0.0,0.0,0.0,0.0,0.0,0.0,0.0,0.0,0.0,0.0,0.0,0.0,0.0,0.0,0.0,0.0,0.0,0.0,0.0,0.0,0.0,0.0,0.0,0.0,0.0,0.0,0.0,0.0,0.0,0.0,0.0,0.0,0.0,0.0,0.0,0.0,0.0,0.0,0.0,0.0,0.0,0.0,0.0,0.0,0.0,0.0,0.0,0.0,0.0,0.0,0.0,0.0,0.0,0.0,0.0,0.0,0.0,0.0,0.0,0.0,0.0,0.0,0.0,0.0,0.0,0.0,0.0,0.0,0.0,0.0,0.0,0.0,0.0,0.0,0.0,0.017857142857142856,0.08522727272727272,0.18627450980392157,0.125,0.06521739130434782,0.038461538461538464,0.05844155844155844,0.09090909090909091,0.06741573033707865,0.0,0.0,0.0,0.0,0.0,0.0,0.0,0.0,0.0,0.0078125,0.0,0.0,0.0,0.0,0.0,0.0,0.0,0.0,0.0,0.0,0.0,0.0,0.0
4414607, intergenic, A->C, noncoding,0.940176,9.999e-05,120,-1.0,0.413793,118,0.9,0.923077,PASS,0.0,0.0,0.0,0.0,0.0,0.0,0.0,0.0,0.0,0.0,0.0,0.0,0.0,0.0,0.0,0.0,0.0,0.0,0.0,0.0,0.0,0.0,0.0,0.0,0.0,0.0,0.0,0.0,0.0,0.0,0.0,0.0,0.0,0.0,0.0,0.0,0.0,0.0,0.0,0.0,0.0,0.0,0.0,0.0,0.0,0.0,0.0,0.0,0.0,0.0,0.0,0.0,0.0,0.125,0.1875,0.375,0.34782608695652173,0.1724137931034483,0.26666666666666666,0.17391304347826086,0.16666666666666666,0.16666666666666666,0.24,0.15625,0.19148936170212766,0.13636363636363635,0.2727272727272727,0.26,0.4857142857142857,0.125,0.06976744186046512,0.5121951219512195,0.6981132075471698,0.6875,0.9166666666666666,0.9354838709677419,1.0,1.0,1.0,0.979381443298969,1.0,1.0,1.0,1.0,1.0,1.0,1.0,1.0,1.0,0.9375,1.0,1.0,1.0,0.9629629629629629,1.0,1.0,1.0,1.0,1.0,1.0,1.0,0.9864864864864865,1.0,1.0,1.0,1.0,1.0,1.0,1.0,1.0,0.9615384615384616,1.0,1.0,1.0,1.0,1.0,1.0,1.0,1.0,1.0,1.0,0.0,0.0,0.0,0.0,0.0,0.0,0.0,0.0,0.0,0.0,0.0,0.0,0.0,0.0,0.0,0.0,1.0,0.0,1.0,1.0,1.0,1.0
4450683, intergenic, G->A, noncoding,4.67175,9.999e-05,120,-1.0,1.0,118,0.9,1.0,PASS,0.0,0.0,0.0,0.0,0.0,0.0,0.0,0.0,0.0,0.0,0.0,0.0,0.0,0.0,0.0,0.0,0.0,0.0,0.0,0.0,0.0,0.0,0.0,0.0,0.0,0.0,0.0,0.0,0.0,0.0,0.0,0.0,0.0,0.0,0.0,0.0,0.0,0.0,0.0,0.0,0.0,0.0,0.0,0.0,0.0,0.0,0.0,0.0,0.0,0.0,0.0,0.0,0.0,0.0,0.0,0.0,0.0,0.0,0.0,0.0,0.0,0.0,0.0,0.0,0.24,0.75,0.19047619047619047,0.2631578947368421,0.22580645161290322,0.13043478260869565,0.07317073170731707,0.029411764705882353,0.0,0.0,0.0,0.0,0.0,0.0,0.0,0.0,0.0,0.0,0.0,0.0,0.0,0.0,0.0,0.0,0.0,0.0,0.0,0.0,0.0,0.0,0.0,0.0,0.0,0.0,0.0,0.0,0.0,0.0,0.0,0.0,0.0,0.0,0.0,0.0,0.0,0.0,0.0,0.0,0.0,0.0,0.0,0.0,0.0,0.0,0.01639344262295082,0.0,0.0,0.0,0.0,0.0,0.0,0.0,0.0,0.0,0.0,0.0,0.0,0.0,0.0,0.0,0.0,0.0,0.0,0.0,0.0,0.0,0.0,0.0,0.0
4452961, mgtA, A->G, missense,3.06,0.00329967,120,-1.0,0.2,119,0.9,0.315789,PASS,0.0,0.0,0.0,0.0,0.0,0.0,0.0,0.0,0.0,0.0,0.0,0.0,0.0,0.0,0.0,0.0,0.0,0.0,0.0,0.0,0.0,0.0,0.0,0.0,0.0,0.0,0.0,0.0,0.0,0.0,0.0,0.0,0.0,0.0,0.0,0.0,0.0,0.0,0.0,0.0,0.0,0.0,0.0,0.0,0.0,0.0,0.0,0.0,0.0,0.0,0.0,0.0,0.0,0.0,0.0,0.0,0.0,0.0,0.0,0.0,0.0,0.0,0.0,0.0,0.0,0.0,0.0,0.0,0.0,0.0,0.0,0.0,0.0,0.0,0.0,0.0,0.0,0.0,0.0,0.0,0.0,0.0,0.0,0.0,0.0,0.0,0.0,0.0,0.0,0.0,0.0,0.0,0.0,0.0,0.0,0.0,0.0,0.0,0.0,0.0,0.0,0.0,0.0,0.0,0.0,0.0,0.0,0.0,0.0,0.0,0.0,0.0,0.0,0.006493506493506494,0.0,0.012987012987012988,0.01818181818181818,0.0625,0.12222222222222222,0.08396946564885496,0.058823529411764705,0.0,0.0,0.0,0.0,0.0,0.0,0.0,0.0,0.0,0.0,0.0,0.0,0.0,0.0,0.0,0.0,0.0,0.0,0.0,0.0,0.0,0.0
4462693, yjgN, MOB_4462693_4462701_IS1_1, sv,0.956061,9.999e-05,120,-1.0,0.521739,117,0.9,0.0606061,PASS,0.0,0.0,0.0,0.0,0.0,0.0,0.04349685589519651,0.0,0.0,0.0,0.0,0.0,0.0,0.0,0.0,0.0,0.0,0.0,0.0,0.0,0.0,0.0,0.0,0.0,0.0,0.0,0.0,0.0,0.0,0.0,0.0,0.0,0.0,0.0,0.0,0.0,0.0,0.0,0.0,0.049040197693574955,0.0,0.04754600638977635,0.09077511882998171,0.0732342492639843,0.41085555555555553,0.8189130434782608,0.79617659137577,0.7775628491620112,0.6960579868708971,0.6614320113314448,0.5684068119891008,0.7675656370656372,0.8579736211031175,0.8307260869565217,0.9063504672897197,0.986558784676354,0.9769045346062052,0.9734610256410255,0.9618503787878788,1.0,1.0,0.9838841567291311,1.0,1.0,0.963689407540395,1.0,0.9768435207823961,0.9934923076923077,1.0,0.9839952305246423,1.0,0.9858792866941014,1.0,1.0,0.971219512195122,1.0,0.9872952261306533,0.9750366748166259,0.9816635160680529,0.9937442284325638,0.9695808383233534,0.9814248608534323,0.9549834834834836,0.9516572864321609,1.0,1.0,0.9524324324324325,0.9670033444816054,0.9870407608695652,1.0,0.9658028673835126,0.9757658889782784,1.0,1.0,0.9835343137254902,1.0,0.9854950634696755,1.0,1.0,0.9568864942528736,0.9867604456824514,1.0,1.0,1.0,1.0,0.9863762376237624,0.9718128491620113,0.9828091143594154,1.0,0.9859215871516298,0.9728260869565217,0.9868460534898891,0.9976203143893592,0.9968244766505636,1.0,1.0,0.9861283124128312,0.9854109014675052,0.9932368596141051,0.9877858880778588,1.0,0.0,0.0,0.0,0.0,0.0,0.0,0.0,0.0,0.0,0.0,0.0,0.0,0.0,0.0,0.0,0.0,0.9161531755915318,0.8702026768642448,0.9164241379310345,0.9077627464309994,0.9268526379624015,0.9510504361016306
4524522, fimA, MOB_4524522_4524527_IS186_-1, sv,0.769137,0.00991099,120,-1.0,0.0524017,118,0.9,0.155844,PASS,0.0,0.0,0.0,0.0,0.0,0.009174311926605505,0.0,0.0,0.010050251256281407,0.022222222222222223,0.017857142857142856,0.0,0.05555555555555555,0.009174311926605505,0.07246376811594203,0.0,0.021739130434782608,0.0,0.0,0.029411764705882353,0.005952380952380952,0.03278688524590164,0.0,0.047058823529411764,0.01694915254237288,0.037037037037037035,0.011627906976744186,0.03333333333333333,0.018691588785046728,0.0379746835443038,0.02,0.016666666666666666,0.029411764705882353,0.020202020202020204,0.02857142857142857,0.05084745762711865,0.10909090909090909,0.015151515151515152,0.04054054054054054,0.034482758620689655,0.0,0.03278688524590164,0.0,0.016304347826086956,0.012345679012345678,0.0,0.0,0.0,0.02654867256637168,0.025,0.025,0.0,0.0,0.0,0.05405405405405406,0.0,0.024390243902439025,0.03225806451612903,0.0,0.025,0.007518796992481203,0.015384615384615385,0.045454545454545456,0.0,0.0958904109589041,0.04878048780487805,0.0,0.02857142857142857,0.0891089108910891,0.14925373134328357,0.10606060606060606,0.07407407407407407,0.021052631578947368,0.025,0.045454545454545456,0.034482758620689655,0.023255813953488372,0.044444444444444446,0.023255813953488372,0.054187192118226604,0.04081632653061224,0.0,0.0,0.0,0.04672897196261682,0.0,0.05128205128205128,0.10344827586206896,0.0,0.0,0.0,0.007518796992481203,0.05263157894736842,0.08333333333333333,0.03614457831325301,0.029850746268656716,0.0,0.012987012987012988,0.03125,0.008130081300813009,0.039473684210526314,0.01020408163265306,0.06382978723404255,0.04597701149425287,0.0,0.0,0.0,0.034782608695652174,0.08695652173913043,0.011627906976744186,0.0,0.013605442176870748,0.026829268292682926,0.07042253521126761,0.014492753623188406,0.01639344262295082,0.031746031746031744,0.024096385542168676,0.09937888198757763,0.12376237623762376,0.1590909090909091,0.0,0.0,0.0,0.0,0.0,0.0,0.0,0.0,0.0,0.0,0.0,0.0,0.0,0.0,0.0,0.0,0.0,0.0,0.0,0.0,0.0061162079510703364,0.0
4558694, hsdS, MOB_4558694_4558701_IS1_-1, sv,1.10215,9.999e-05,120,-1.0,0.75,111,0.9,0.342857,PASS,0.0,0.0,0.0,0.0,0.0,0.0,0.0,0.0,0.0,0.0,0.0,0.0,0.0,0.0,0.0,0.0,0.0,0.0,0.0,0.0,0.0,0.0,0.0,0.0,0.0,0.0,0.0,0.0,0.0,0.0,0.0,0.014492753623188406,0.0,0.0,0.0,0.0,0.0,0.0,0.0,0.0,0.0,0.0,0.0,0.0,0.0,0.0,0.0,0.0,0.0,0.0,0.0,0.0,0.0,0.0,0.0,0.0,0.0,0.0,0.0,0.0,0.0,0.0,0.0,0.0,0.0,0.0,0.0,0.0,0.0,0.0,0.0,0.0,0.0,0.0,0.0,0.0,0.0,0.0,0.0,0.0,0.0,0.0,0.0,0.0,0.0,0.0,0.0,0.0,0.0,0.0,0.1111111111111111,0.9518072289156626,1.0,1.0,0.9595959595959596,1.0,0.9803921568627451,1.0,0.9855072463768116,0.9731543624161074,0.9523809523809523,0.967479674796748,0.9642857142857143,0.9705882352941176,0.9302325581395349,0.9791666666666666,0.9642857142857143,0.97,1.0,0.9835164835164835,0.9655172413793104,0.9571428571428572,0.9522292993630573,0.9543568464730291,0.9672131147540983,0.96,0.9634146341463414,0.9539295392953929,0.9814814814814815,0.9675925925925926,0.9636363636363636,0.0,0.0,0.0,0.0,0.0,0.0,0.0,0.0,0.0,0.0,0.0,0.0,0.0,0.0,0.0,0.0,0.0,0.0,0.0,0.0,0.9166666666666666,0.952
4576626, hpaD, T->G, missense,2.78693,9.999e-05,120,-1.0,0.218182,118,0.9,0.387097,PASS,0.0,0.0,0.0,0.0,0.0,0.0,0.0,0.0,0.0,0.0,0.0,0.0,0.0,0.0,0.0,0.0,0.0,0.0,0.0,0.0,0.0,0.0,0.0,0.0,0.0,0.0,0.0,0.0,0.0,0.0,0.0,0.0,0.0,0.0,0.0,0.0,0.0,0.0,0.0,0.05555555555555555,0.0,0.14634146341463414,0.26666666666666666,0.2358490566037736,0.21212121212121213,0.19230769230769232,0.18181818181818182,0.16129032258064516,0.20454545454545456,0.25,0.21428571428571427,0.35294117647058826,0.10810810810810811,0.15789473684210525,0.38461538461538464,0.05,0.11764705882352941,0.0,0.0,0.0,0.0,0.0,0.0,0.0,0.0,0.0,0.0,0.0,0.0,0.0,0.0,0.0,0.0,0.0,0.0,0.0,0.0,0.0,0.0,0.0,0.0,0.0,0.0,0.0,0.0,0.0,0.0,0.0,0.0,0.0,0.0,0.0,0.0,0.0,0.0,0.0,0.0,0.0,0.0,0.0,0.0,0.0,0.0,0.0,0.0,0.0,0.0,0.0,0.0,0.0,0.0,0.0,0.0,0.0,0.0,0.0,0.0,0.0,0.0,0.0,0.0,0.0,0.0,0.0,0.0,0.0,0.014705882352941176,0.0,0.0,0.0,0.0,0.0,0.0,0.0,0.0,0.0,0.0,0.0,0.0,0.0,0.0,0.0,0.0
4616409, nadR, A->G, missense,0.990323,9.999e-05,120,-1.0,0.126316,119,0.9,0.631579,PASS,0.0044444444444444444,0.0,0.0,0.0,0.0,0.0,0.0,0.0,0.0,0.0,0.0,0.06451612903225806,0.5,0.8095238095238095,0.9615384615384616,1.0,1.0,1.0,1.0,1.0,1.0,1.0,1.0,1.0,1.0,1.0,1.0,1.0,1.0,1.0,1.0,1.0,1.0,1.0,1.0,1.0,1.0,1.0,1.0,1.0,1.0,1.0,1.0,0.9811320754716981,1.0,1.0,1.0,1.0,1.0,1.0,1.0,1.0,1.0,1.0,1.0,1.0,1.0,1.0,1.0,1.0,1.0,1.0,1.0,1.0,1.0,1.0,1.0,1.0,1.0,1.0,1.0,1.0,1.0,1.0,1.0,1.0,1.0,1.0,1.0,1.0,1.0,1.0,1.0,1.0,1.0,1.0,1.0,1.0,1.0,1.0,1.0,1.0,1.0,1.0,1.0,1.0,1.0,1.0,1.0,1.0,1.0,1.0,1.0,1.0,1.0,1.0,1.0,1.0,1.0,1.0,1.0,1.0,1.0,1.0,1.0,1.0,1.0,1.0,1.0,1.0,1.0,0.0,0.0,0.0,0.0,0.0,0.0,0.0,0.0,0.0,0.0,1.0,1.0,1.0,1.0,1.0,0.972972972972973,1.0,1.0,1.0,1.0,0.995475113122172,1.0
4627793, arcA, A->G, missense,0.986861,9.999e-05,120,-1.0,0.133333,118,0.9,0.666667,PASS,0.0,0.0,0.125,0.0,0.0,0.0,0.0,0.0,0.0,0.0,0.0,0.0,0.0,0.6666666666666666,0.7727272727272727,0.9166666666666666,1.0,1.0,1.0,1.0,1.0,1.0,1.0,1.0,1.0,1.0,1.0,1.0,1.0,1.0,1.0,1.0,1.0,1.0,1.0,1.0,1.0,1.0,1.0,1.0,1.0,1.0,1.0,1.0,1.0,1.0,1.0,1.0,1.0,1.0,1.0,1.0,1.0,1.0,1.0,1.0,1.0,1.0,1.0,1.0,1.0,1.0,1.0,1.0,1.0,1.0,1.0,1.0,1.0,1.0,1.0,1.0,1.0,1.0,1.0,1.0,1.0,1.0,1.0,1.0,1.0,1.0,1.0,1.0,1.0,1.0,1.0,1.0,1.0,1.0,1.0,1.0,1.0,1.0,1.0,1.0,1.0,1.0,1.0,1.0,1.0,0.9444444444444444,1.0,1.0,1.0,1.0,1.0,1.0,1.0,1.0,1.0,1.0,1.0,1.0,1.0,1.0,1.0,1.0,1.0,1.0,1.0,0.0,0.0,0.0,0.0,0.0,0.0,0.0,0.0,0.0,0.0,1.0,1.0,1.0,1.0,1.0,1.0,1.0,1.0,0.9861111111111112,1.0,1.0,0.9903846153846154
